,mutation_rate
TP53,0.28543783260764394
PIK3CA,0.11062731817448798
RYR2,0.10369295274955652
SYNE1,0.10353168843734882
PCLO,0.0956297371391711
RYR1,0.07627801967424609
SPTA1,0.07434284792775359
KMT2D,0.0727302048056765
IDH1,0.07111756168359942
BRAF,0.0706337687469763
DMD,0.06547331075632963
ATRX,0.06369940332204484
DST,0.06337687469762941
RELN,0.06079664570230608
PTEN,0.059184002580228996
APC,0.059184002580228996
PKHD1,0.05805515239477504
AHNAK,0.056281244960490244
PLEC,0.055958716336074826
COL6A3,0.055958716336074826
MXRA5,0.053055958716336074
VHL,0.05257216577971295
NF1,0.05079825834542816
FBN2,0.04902435091114336
PEG3,0.048701822286727946
LAMA1,0.0477342364134817
LRP1,0.0477342364134817
MYH2,0.0477342364134817
MYH4,0.0477342364134817
VCAN,0.04741170778906628
LAMA2,0.04725044347685857
HUWE1,0.047089179164650864
COL11A1,0.047089179164650864
TG,0.046605386228027734
PTPRD,0.045476536042573776
RNF213,0.04499274310595065
SCN10A,0.04483147879374295
PDE4DIP,0.04434768585711982
COL12A1,0.04370262860828899
KALRN,0.04370262860828899
MYH1,0.04321883567166586
DCC,0.042735042735042736
MKI67,0.04241251411062732
ALMS1,0.041928721174004195
MYH8,0.04176745686179648
FLNC,0.04160619254958878
MYO15A,0.04160619254958878
DYNC1H1,0.04160619254958878
TENM2,0.04128366392517336
VWF,0.04112239961296565
PRKDC,0.04031607805192711
FBN1,0.03999354942751169
DOCK2,0.03999354942751169
SPEG,0.03902596355426544
COL5A1,0.03902596355426544
CREBBP,0.03854217061764231
MYH7,0.03854217061764231
LAMA3,0.03838090630543461
SCN9A,0.0382196419932269
EGFR,0.0382196419932269
NOTCH1,0.03805837768101919
ANK1,0.037897113368811484
CACNA1A,0.03773584905660377
PCNT,0.037413320432188354
SLIT2,0.03692952749556523
NOS1,0.036284470246734396
CELSR1,0.03612320593452669
LCT,0.03580067731011127
NOTCH2,0.03563941299790356
MTOR,0.03563941299790356
ROS1,0.03531688437348815
F5,0.03531688437348815
F8,0.034671827124657315
TEX15,0.0345105628124496
TCHH,0.0343492985002419
COL7A1,0.0343492985002419
PKD1,0.03402676987582648
MYH11,0.033381712626995644
SPTB,0.03322044831478794
ABCB1,0.03322044831478794
FLNA,0.0325753910659571
ITPR2,0.0325753910659571
ABCA4,0.0325753910659571
CENPF,0.032252862441541685
CACNA1B,0.032252862441541685
C3,0.03209159812933398
FN1,0.03209159812933398
CDH8,0.03193033381712627
ZFPM2,0.03193033381712627
MAP1B,0.03176906950491856
NLRP3,0.03176906950491856
CTNNB1,0.03176906950491856
POLQ,0.03160780519271085
NAV2,0.03160780519271085
EPHA5,0.03160780519271085
COL1A2,0.031446540880503145
TNC,0.031446540880503145
MYOM2,0.031124012256087727
AKAP13,0.031124012256087727
NIPBL,0.030962747943880018
MYLK,0.030962747943880018
MYH9,0.030962747943880018
TRIO,0.03080148363167231
BRCA2,0.03080148363167231
CFH,0.030640219319464604
CDKN2A,0.030640219319464604
FBXW7,0.030640219319464604
FLNB,0.030317690695049186
GRM8,0.030317690695049186
CELSR2,0.030156426382841477
SLIT3,0.02999516207063377
CR1,0.02983389775842606
NOTCH3,0.02983389775842606
SAMD9,0.02967263344621835
TIAM1,0.02967263344621835
NCOR2,0.029511369134010642
LTBP1,0.029511369134010642
ADCY2,0.029188840509595228
PLCB1,0.02902757619738752
MYH3,0.02902757619738752
NOTCH4,0.0287050475729721
DLC1,0.0287050475729721
SPTAN1,0.028543783260764392
COL3A1,0.028543783260764392
NCOA6,0.028382518948556684
PLCB4,0.028382518948556684
STAB1,0.028382518948556684
ZNF292,0.028382518948556684
EPB41L3,0.028221254636348975
IGSF1,0.028221254636348975
SAMD9L,0.028059990324141266
PTPRC,0.028059990324141266
POLE,0.028059990324141266
GNAS,0.02789872601193356
CFTR,0.02789872601193356
GRID2,0.02789872601193356
MAGI2,0.02789872601193356
COL4A1,0.02789872601193356
GREB1,0.02773746169972585
SIPA1L1,0.02773746169972585
ACACA,0.027576197387518143
CACNA1H,0.027414933075310434
HDAC9,0.027414933075310434
COL5A2,0.027414933075310434
IGF2R,0.027253668763102725
SVIL,0.027092404450895016
COL5A3,0.027092404450895016
ABCC8,0.0267698758264796
PREX1,0.0267698758264796
DOCK10,0.0267698758264796
PIK3CG,0.0267698758264796
REV3L,0.026447347202064184
RB1,0.026447347202064184
CIT,0.026286082889856476
SPTBN1,0.026124818577648767
PIKFYVE,0.026124818577648767
CAD,0.026124818577648767
NLRC5,0.026124818577648767
CDH11,0.025963554265441058
DPYD,0.025963554265441058
CDH4,0.025963554265441058
PLXNB2,0.02580228995323335
COL15A1,0.02564102564102564
DOCK4,0.02547976132881793
UTP20,0.02547976132881793
IRS4,0.02547976132881793
CENPE,0.02547976132881793
TNS1,0.025318497016610222
PLCL1,0.025157232704402517
ABCA1,0.025157232704402517
PTCH1,0.025157232704402517
XDH,0.025157232704402517
ABCA8,0.024995968392194808
NRXN2,0.0248347040799871
CR2,0.02467343976777939
SPTBN2,0.02467343976777939
MYH10,0.02467343976777939
CDH1,0.02467343976777939
NFASC,0.024350911143363973
HELZ2,0.024350911143363973
PTPRM,0.024350911143363973
CACNA1F,0.024189646831156264
FLT4,0.024189646831156264
CNTN1,0.024189646831156264
ITIH5,0.024189646831156264
LAMA4,0.024028382518948555
ABCB4,0.024028382518948555
CDH6,0.024028382518948555
NTRK3,0.02386711820674085
A2M,0.02386711820674085
KCNH1,0.02386711820674085
MAP3K1,0.02370585389453314
TP63,0.02370585389453314
MYOM1,0.02370585389453314
ADCY1,0.023544589582325432
MAST4,0.023544589582325432
ENPEP,0.023544589582325432
PCDHB1,0.023222060957910014
RREB1,0.023060796645702306
LTBP2,0.023060796645702306
CDC27,0.023060796645702306
MYOF,0.022899532333494597
L1CAM,0.022899532333494597
SCN8A,0.022738268021286888
MED13L,0.022738268021286888
PRDM2,0.022738268021286888
THBS2,0.022738268021286888
FASN,0.02257700370907918
NPHS1,0.022415739396871474
ACTN2,0.022415739396871474
MET,0.022415739396871474
COL4A2,0.022415739396871474
ARFGEF2,0.022254475084663765
KNTC1,0.022093210772456056
KIF1B,0.022093210772456056
ESPL1,0.022093210772456056
NID2,0.021931946460248347
KEL,0.021931946460248347
ZNFX1,0.021931946460248347
ARFGEF1,0.021931946460248347
ERBB3,0.02177068214804064
NCAN,0.02177068214804064
ARHGAP5,0.02177068214804064
RET,0.02177068214804064
ACE,0.02160941783583293
CROCC,0.02160941783583293
LEPR,0.02144815352362522
TRO,0.02144815352362522
KIT,0.02144815352362522
ABCA9,0.02144815352362522
ITGB4,0.02144815352362522
EPHB2,0.02144815352362522
ADAMTS5,0.02144815352362522
COL9A1,0.02144815352362522
FGA,0.02144815352362522
AOX1,0.02144815352362522
LIFR,0.021286889211417512
ABCA3,0.021286889211417512
BRCA1,0.021125624899209806
ABCA6,0.021125624899209806
DNMT1,0.021125624899209806
TJP1,0.020964360587002098
TUBA3C,0.020964360587002098
EIF4G1,0.020964360587002098
COL2A1,0.020964360587002098
DLG5,0.02080309627479439
PCDH7,0.02080309627479439
CEP250,0.02080309627479439
SHROOM2,0.02080309627479439
KIF20B,0.02080309627479439
NUP205,0.02064183196258668
GATA3,0.02064183196258668
CEP192,0.02064183196258668
ITSN1,0.02064183196258668
LAMB3,0.02048056765037897
ZEB1,0.02048056765037897
NCOA3,0.02048056765037897
ITGAL,0.02048056765037897
MEFV,0.02048056765037897
PLG,0.02048056765037897
ATP1A3,0.02048056765037897
ABCC3,0.02048056765037897
ARPP21,0.020319303338171262
COL6A2,0.020319303338171262
CNTRL,0.020319303338171262
PHF3,0.020319303338171262
PLXNB1,0.020158039025963553
ITGA4,0.020158039025963553
NUP98,0.020158039025963553
NRAP,0.020158039025963553
MADD,0.020158039025963553
COL17A1,0.020158039025963553
COL1A1,0.020158039025963553
IGF1R,0.020158039025963553
GBF1,0.020158039025963553
TNRC6B,0.020158039025963553
SLIT1,0.019996774713755845
ADCY9,0.019996774713755845
MARCO,0.019996774713755845
ADAM2,0.019996774713755845
KCNMA1,0.019996774713755845
MYO9B,0.01983551040154814
CCDC88A,0.01983551040154814
LRIG1,0.01983551040154814
F13B,0.01983551040154814
NIN,0.01967424608934043
ERBB2,0.01967424608934043
WDR33,0.01967424608934043
ABCA2,0.01967424608934043
IQGAP2,0.01967424608934043
CDK5RAP2,0.01967424608934043
TSC2,0.01967424608934043
DOCK9,0.01951298177713272
ABCB11,0.01951298177713272
ITGAM,0.01951298177713272
DDX60,0.01951298177713272
UNC5C,0.01951298177713272
CDH2,0.01951298177713272
TUBGCP6,0.019351717464925013
THBS1,0.019351717464925013
ITGA10,0.019351717464925013
PRKCB,0.019351717464925013
AUTS2,0.019351717464925013
CKAP5,0.019190453152717304
PRKCG,0.019190453152717304
ATAD2,0.019190453152717304
SYNJ2,0.019190453152717304
ITGA7,0.019190453152717304
ARHGEF11,0.019190453152717304
BCAN,0.019190453152717304
ABCC1,0.019029188840509595
AGL,0.019029188840509595
CYFIP2,0.019029188840509595
AKAP12,0.018867924528301886
ANPEP,0.018867924528301886
IGSF3,0.018867924528301886
PARP14,0.018867924528301886
DSC1,0.018706660216094177
SYNJ1,0.018706660216094177
EIF4G3,0.018706660216094177
POLR2A,0.018706660216094177
KCNQ2,0.01854539590388647
AR,0.01854539590388647
SLC4A4,0.018384131591678763
ROCK1,0.018384131591678763
ARID5B,0.018222867279471054
NOD2,0.018222867279471054
ABCA5,0.018222867279471054
IRS1,0.018222867279471054
UNC13B,0.018222867279471054
RICTOR,0.018222867279471054
GLI1,0.018222867279471054
GOLGA4,0.018222867279471054
PDGFRB,0.018061602967263345
HGF,0.018061602967263345
CTCF,0.018061602967263345
PCDH1,0.018061602967263345
ATP7A,0.018061602967263345
AKAP4,0.018061602967263345
MAGEE1,0.018061602967263345
NOS2,0.018061602967263345
PPRC1,0.017900338655055636
C8B,0.017900338655055636
MMP16,0.017900338655055636
PTPRG,0.017900338655055636
RPTOR,0.017900338655055636
PDS5B,0.017900338655055636
OSMR,0.017900338655055636
LAMC1,0.017900338655055636
ARAP3,0.017900338655055636
PDHA2,0.017900338655055636
TYK2,0.017739074342847928
SELP,0.017739074342847928
STAG1,0.017739074342847928
AMPH,0.017739074342847928
RASAL2,0.017739074342847928
CLIP1,0.017739074342847928
IL16,0.017739074342847928
PLPPR4,0.01757781003064022
WRN,0.01757781003064022
PTPRJ,0.01757781003064022
NUMA1,0.01757781003064022
FARP1,0.01757781003064022
HDLBP,0.01757781003064022
LY75,0.01757781003064022
NFE2L2,0.01741654571843251
PTPN14,0.01741654571843251
CSF2RB,0.01741654571843251
ATP4A,0.01741654571843251
BAZ2A,0.01741654571843251
OGDH,0.01741654571843251
POSTN,0.01741654571843251
TLR8,0.0172552814062248
ATP2A1,0.0172552814062248
DNMBP,0.0172552814062248
NRP2,0.0172552814062248
ALDH1L1,0.0172552814062248
MAML2,0.017094017094017096
CDC42BPA,0.017094017094017096
AXL,0.017094017094017096
ABCC5,0.017094017094017096
SORBS2,0.017094017094017096
CIITA,0.017094017094017096
ALS2,0.017094017094017096
SOS1,0.017094017094017096
SCAF4,0.017094017094017096
SLC12A3,0.017094017094017096
TACR3,0.017094017094017096
PKP2,0.016932752781809387
NRCAM,0.016932752781809387
JAG1,0.016932752781809387
PGK2,0.016932752781809387
PGR,0.016932752781809387
ABCC2,0.016932752781809387
TRIM58,0.016932752781809387
F13A1,0.016932752781809387
CBLB,0.016932752781809387
SYCP1,0.016771488469601678
KIF13B,0.016771488469601678
PHKA2,0.016771488469601678
SLC6A3,0.016771488469601678
RASA1,0.016771488469601678
RAPGEF6,0.016771488469601678
CDK13,0.016771488469601678
ARID4A,0.016771488469601678
DIAPH3,0.01661022415739397
PROS1,0.01661022415739397
EPHA2,0.01661022415739397
COL16A1,0.01644895984518626
DSC2,0.01644895984518626
IL7R,0.01644895984518626
ABCC4,0.01644895984518626
ATP2B4,0.01644895984518626
CDH16,0.01644895984518626
SMC4,0.01644895984518626
NDST3,0.01628769553297855
WDR90,0.01628769553297855
KIF4A,0.01628769553297855
ATXN1,0.01628769553297855
ARID4B,0.01628769553297855
ARHGEF12,0.01628769553297855
ITIH1,0.016126431220770843
SSH2,0.016126431220770843
PC,0.016126431220770843
C5,0.016126431220770843
NCAM1,0.016126431220770843
VCAM1,0.016126431220770843
EGF,0.016126431220770843
SORBS1,0.015965166908563134
WWC1,0.015965166908563134
PRKG2,0.015965166908563134
SUPT5H,0.015965166908563134
THSD4,0.015965166908563134
PPARGC1A,0.015803902596355425
MPO,0.015803902596355425
AMOT,0.015803902596355425
PLEKHG2,0.015803902596355425
MERTK,0.015803902596355425
DCTN1,0.015803902596355425
DSC3,0.015803902596355425
ABI3BP,0.015803902596355425
TLR7,0.015803902596355425
CDH13,0.01564263828414772
INHBA,0.01564263828414772
ENPP2,0.01564263828414772
PLCG1,0.01564263828414772
AGRN,0.01564263828414772
WNK4,0.01564263828414772
TIMELESS,0.01564263828414772
SNAP91,0.01564263828414772
SULF2,0.01564263828414772
RTN1,0.01564263828414772
CLASP1,0.01564263828414772
ADD2,0.01564263828414772
DGKG,0.015481373971940009
NEFH,0.015481373971940009
MON2,0.015481373971940009
ADAM12,0.015481373971940009
INPPL1,0.015481373971940009
DDB1,0.015481373971940009
FBLN2,0.015481373971940009
SLC4A1,0.015481373971940009
NUP153,0.015481373971940009
GYS2,0.015481373971940009
TAOK2,0.015481373971940009
GAD2,0.015320109659732302
GABBR1,0.015320109659732302
ATP2B1,0.015320109659732302
UPF1,0.015320109659732302
LPIN1,0.015320109659732302
TGFBR2,0.015320109659732302
COPA,0.015320109659732302
ALB,0.015320109659732302
HDAC6,0.015320109659732302
TYR,0.015320109659732302
DAB2,0.015320109659732302
MDGA1,0.015320109659732302
MSR1,0.015158845347524593
ADAM23,0.015158845347524593
CYFIP1,0.015158845347524593
TF,0.015158845347524593
LAMC2,0.015158845347524593
PYGM,0.015158845347524593
HLA-A,0.015158845347524593
SLC24A3,0.014997581035316884
HRC,0.014997581035316884
CLSTN3,0.014997581035316884
ZBTB16,0.014997581035316884
INPP4B,0.014997581035316884
SEMA4D,0.014997581035316884
DTNA,0.014997581035316884
ARHGAP29,0.014997581035316884
FGD6,0.014997581035316884
JAK2,0.014997581035316884
NFAT5,0.014997581035316884
AFF1,0.014997581035316884
SYMPK,0.014997581035316884
EPB41L2,0.014997581035316884
NR3C2,0.014997581035316884
TSC1,0.014997581035316884
GP2,0.014997581035316884
NPC1,0.014997581035316884
CSF2RA,0.014997581035316884
ABL1,0.014836316723109175
IKZF1,0.014836316723109175
CYP11B2,0.014836316723109175
CUL1,0.014836316723109175
PIGR,0.014836316723109175
SYTL2,0.014836316723109175
CLTC,0.014836316723109175
CTNND1,0.014836316723109175
HTR5A,0.014836316723109175
ARHGEF2,0.014675052410901468
CADM3,0.014675052410901468
ITGB2,0.014675052410901468
CP,0.014675052410901468
ACSM1,0.014675052410901468
PHLDB1,0.014675052410901468
KIF5A,0.014675052410901468
PDE6B,0.01451378809869376
CHST1,0.01451378809869376
NRIP1,0.01451378809869376
PCSK2,0.01451378809869376
TOPBP1,0.01451378809869376
NOD1,0.01451378809869376
ANO1,0.01451378809869376
APLP1,0.01451378809869376
SEC31A,0.01451378809869376
BCL11B,0.01451378809869376
GAPVD1,0.01451378809869376
PLCB2,0.01451378809869376
PER1,0.01451378809869376
TLE4,0.01435252378648605
CENPJ,0.01435252378648605
NPY5R,0.01435252378648605
PCK1,0.01435252378648605
PABPC1,0.01435252378648605
LATS1,0.01435252378648605
HSPA1L,0.01435252378648605
CPT1A,0.01435252378648605
ELN,0.01435252378648605
LLGL2,0.01435252378648605
ITGAE,0.01435252378648605
EXOC4,0.01435252378648605
SCUBE1,0.01435252378648605
BANK1,0.01435252378648605
FAP,0.01435252378648605
KDM6B,0.01435252378648605
MYBPC3,0.014191259474278342
NRP1,0.014191259474278342
BRPF3,0.014191259474278342
SELE,0.014191259474278342
KCNA3,0.014191259474278342
PRDM1,0.014191259474278342
SSTR4,0.014191259474278342
ATRN,0.014191259474278342
EPHB4,0.014191259474278342
PRLR,0.014191259474278342
CDON,0.014029995162070633
RRP12,0.014029995162070633
CDCP1,0.014029995162070633
VCPIP1,0.014029995162070633
AGO2,0.014029995162070633
NLGN3,0.014029995162070633
PPFIA4,0.014029995162070633
PLA2G4A,0.014029995162070633
SREBF2,0.014029995162070633
CADM2,0.014029995162070633
CYP4A11,0.014029995162070633
CASP8,0.014029995162070633
C8A,0.014029995162070633
CRMP1,0.013868730849862926
SCAF8,0.013868730849862926
CYP4F11,0.013868730849862926
LOXL2,0.013868730849862926
HKDC1,0.013868730849862926
KCNH2,0.013868730849862926
ABCG8,0.013868730849862926
CYP4B1,0.013868730849862926
MMP2,0.013868730849862926
ADAM19,0.013707466537655217
MAP1S,0.013707466537655217
EPHB3,0.013707466537655217
SATB1,0.013707466537655217
ADAD1,0.013707466537655217
MATN2,0.013707466537655217
AMPD3,0.013707466537655217
HIPK2,0.013707466537655217
ITK,0.013707466537655217
BRDT,0.013707466537655217
JAK1,0.013707466537655217
TGFBR3,0.013707466537655217
LIPE,0.013707466537655217
PCM1,0.013707466537655217
PTK2,0.013707466537655217
RFC1,0.013707466537655217
EDC4,0.013707466537655217
LRPPRC,0.013707466537655217
PALLD,0.013707466537655217
ATXN2,0.013707466537655217
ADAMDEC1,0.013707466537655217
NTNG1,0.013707466537655217
RAD50,0.013707466537655217
POLA1,0.013546202225447508
MED24,0.013546202225447508
SF3B3,0.013546202225447508
MEP1A,0.013546202225447508
DTX1,0.013546202225447508
PTPRR,0.013546202225447508
ODF2,0.013546202225447508
HK2,0.013546202225447508
CYP4F2,0.013546202225447508
STAG3,0.013546202225447508
ARHGEF6,0.013546202225447508
NCAPD2,0.013546202225447508
STIL,0.013546202225447508
PTK2B,0.013546202225447508
CALCR,0.013546202225447508
MMS22L,0.013546202225447508
ITGA2,0.0133849379132398
NPFFR2,0.0133849379132398
LATS2,0.0133849379132398
LTF,0.0133849379132398
KRT4,0.0133849379132398
PMS2,0.0133849379132398
SIDT1,0.0133849379132398
ATP6V0A4,0.0133849379132398
ZNF112,0.0133849379132398
USP8,0.0133849379132398
ADAR,0.0133849379132398
MYBBP1A,0.013223673601032092
ITGAV,0.013223673601032092
PTPN21,0.013223673601032092
TCOF1,0.013223673601032092
CLVS1,0.013223673601032092
DAAM1,0.013223673601032092
TCF7L2,0.013223673601032092
IL4R,0.013223673601032092
CHEK2,0.013223673601032092
RABGAP1,0.013223673601032092
ANLN,0.013223673601032092
CLIP2,0.013223673601032092
ERCC5,0.013223673601032092
ABCD2,0.013223673601032092
NPR2,0.013223673601032092
NDST1,0.013223673601032092
GLDC,0.013223673601032092
CHAF1A,0.013223673601032092
VAV3,0.013062409288824383
ABCG4,0.013062409288824383
PEX1,0.013062409288824383
VWA5A,0.013062409288824383
NNT,0.013062409288824383
TBCD,0.013062409288824383
OAS3,0.013062409288824383
FMO3,0.013062409288824383
L3MBTL4,0.013062409288824383
KRT5,0.013062409288824383
MAST3,0.013062409288824383
HNF4A,0.013062409288824383
AEBP1,0.013062409288824383
CSF3R,0.013062409288824383
PCSK1,0.013062409288824383
DDC,0.013062409288824383
SERPINA3,0.013062409288824383
MAST2,0.012901144976616674
DCT,0.012901144976616674
GABRA3,0.012901144976616674
TMPRSS6,0.012901144976616674
SNAPC4,0.012901144976616674
FMO1,0.012901144976616674
PIK3R5,0.012901144976616674
POLD1,0.012901144976616674
PIK3CB,0.012901144976616674
SMC1A,0.012901144976616674
BCR,0.012901144976616674
IL12RB1,0.012901144976616674
CAPN3,0.012901144976616674
RNF123,0.012901144976616674
E2F8,0.012901144976616674
COL6A1,0.012901144976616674
HR,0.012901144976616674
IL18RAP,0.012901144976616674
TGM1,0.012901144976616674
CYP2C18,0.012739880664408966
BMPR2,0.012739880664408966
FBLN1,0.012739880664408966
MCM2,0.012739880664408966
HNF1A,0.012739880664408966
AOC3,0.012739880664408966
BCL6,0.012739880664408966
CALD1,0.012739880664408966
CACNA2D2,0.012739880664408966
ATP8B1,0.012739880664408966
C1S,0.012739880664408966
LDLR,0.012739880664408966
APAF1,0.012739880664408966
F9,0.012739880664408966
C9,0.012739880664408966
SCUBE2,0.012739880664408966
ITGB3,0.012739880664408966
SMC3,0.012739880664408966
KIF15,0.012739880664408966
PAN2,0.012739880664408966
ITGA5,0.012739880664408966
AXIN1,0.012739880664408966
RTN3,0.012739880664408966
EIF2AK3,0.012739880664408966
ZAP70,0.012739880664408966
ATP2A2,0.012578616352201259
CLCA2,0.012578616352201259
NPY1R,0.012578616352201259
SMC2,0.012578616352201259
KRT1,0.012578616352201259
TGFBRAP1,0.012578616352201259
EZH2,0.012578616352201259
HYOU1,0.012578616352201259
TUBGCP5,0.012578616352201259
KIF5C,0.012578616352201259
SLCO1A2,0.012578616352201259
ERCC2,0.012578616352201259
NUP107,0.012578616352201259
CADM1,0.012578616352201259
MMP9,0.012578616352201259
CBL,0.012578616352201259
TUBGCP2,0.012578616352201259
LIG1,0.012578616352201259
EVI5,0.012578616352201259
SLCO2A1,0.012578616352201259
ABR,0.012578616352201259
AXIN2,0.012578616352201259
GUCY2D,0.012578616352201259
TOP2A,0.01241735203999355
KDM3A,0.01241735203999355
SPAG5,0.01241735203999355
PHEX,0.01241735203999355
TJP3,0.01241735203999355
ITGB8,0.01241735203999355
CLCN2,0.01241735203999355
TLR2,0.01241735203999355
HLA-B,0.01241735203999355
EXO1,0.01241735203999355
ITGA6,0.01241735203999355
ZMIZ1,0.01241735203999355
RNF31,0.01241735203999355
RNASEL,0.01241735203999355
KLKB1,0.01241735203999355
USP11,0.01225608772778584
NOL8,0.01225608772778584
VEGFC,0.01225608772778584
ERCC4,0.01225608772778584
OAS2,0.01225608772778584
NEUROD1,0.01225608772778584
TLR3,0.01225608772778584
ITGA9,0.01225608772778584
PTGFR,0.01225608772778584
CAMK4,0.01225608772778584
PRKAA2,0.01225608772778584
BMP2K,0.01225608772778584
ADAMTS1,0.01225608772778584
CYLD,0.01225608772778584
EIF3A,0.01225608772778584
KDM4B,0.012094823415578132
CUL3,0.012094823415578132
OPRK1,0.012094823415578132
XPOT,0.012094823415578132
ATP1A1,0.012094823415578132
SERPINA10,0.012094823415578132
IDE,0.012094823415578132
DENND5A,0.012094823415578132
ITIH4,0.012094823415578132
CYP1A2,0.012094823415578132
MYO1E,0.012094823415578132
TGM2,0.012094823415578132
LRRC15,0.012094823415578132
NEDD4,0.012094823415578132
ARHGEF7,0.012094823415578132
POM121,0.012094823415578132
EXT1,0.012094823415578132
TFAP2B,0.011933559103370425
NTM,0.011933559103370425
KAT2B,0.011933559103370425
UBC,0.011933559103370425
ACOX3,0.011933559103370425
FGFR3,0.011933559103370425
ENPP1,0.011933559103370425
FLII,0.011933559103370425
CYP7B1,0.011933559103370425
SLC7A2,0.011933559103370425
ACSL6,0.011933559103370425
STAT4,0.011933559103370425
USP15,0.011933559103370425
SEMA3C,0.011933559103370425
WIZ,0.011933559103370425
SDHA,0.011933559103370425
SEC24D,0.011933559103370425
LDB3,0.011933559103370425
HRAS,0.011772294791162716
STAT1,0.011772294791162716
PDE4B,0.011772294791162716
MAPT,0.011772294791162716
COPB1,0.011772294791162716
LIG3,0.011772294791162716
MAP7,0.011772294791162716
RAB3GAP1,0.011772294791162716
SMTN,0.011611030478955007
BUB1,0.011611030478955007
THBS3,0.011611030478955007
FAM120A,0.011611030478955007
MCM4,0.011611030478955007
LIMA1,0.011611030478955007
TTK,0.011611030478955007
ESYT1,0.011611030478955007
MOCOS,0.011611030478955007
NAP1L2,0.011611030478955007
HSPA8,0.011611030478955007
HK1,0.011611030478955007
NR4A2,0.011611030478955007
HERC3,0.011449766166747298
PLVAP,0.011449766166747298
MAML1,0.011449766166747298
MVP,0.011449766166747298
OCRL,0.011449766166747298
GFPT2,0.011449766166747298
ADCY6,0.011449766166747298
HIRA,0.011449766166747298
RPS6KA2,0.011449766166747298
IFIH1,0.011449766166747298
MYF6,0.011449766166747298
OSBP2,0.011449766166747298
CES1,0.011449766166747298
YTHDC1,0.011449766166747298
WFS1,0.011449766166747298
NEDD9,0.011449766166747298
BMP1,0.011449766166747298
JUP,0.011449766166747298
APP,0.011449766166747298
SLC12A2,0.011449766166747298
PYGB,0.011449766166747298
HRG,0.011449766166747298
GYS1,0.011449766166747298
SLC12A4,0.011449766166747298
DPP4,0.011449766166747298
TLR1,0.01128850185453959
ACLY,0.01128850185453959
SLC23A2,0.01128850185453959
XPO7,0.01128850185453959
CFHR2,0.01128850185453959
HSP90AB1,0.01128850185453959
MAP2K3,0.01128850185453959
RBL1,0.01128850185453959
MAP4K3,0.01128850185453959
KYNU,0.01128850185453959
PAK3,0.01128850185453959
PTPN11,0.01128850185453959
DYRK1A,0.01128850185453959
ATF6,0.01128850185453959
DCX,0.01128850185453959
ZNF365,0.01128850185453959
PENK,0.01128850185453959
PRF1,0.01128850185453959
CEL,0.01128850185453959
SLC5A5,0.01128850185453959
ACVR2A,0.01128850185453959
LPIN2,0.01128850185453959
MYBL2,0.01128850185453959
VAV2,0.01128850185453959
PLOD2,0.011127237542331882
PKLR,0.011127237542331882
PRKCE,0.011127237542331882
HCLS1,0.011127237542331882
ATP6V1B1,0.011127237542331882
AP3B1,0.011127237542331882
NCOA7,0.011127237542331882
TYRO3,0.011127237542331882
EXOC2,0.011127237542331882
SPOP,0.011127237542331882
INCENP,0.011127237542331882
IL6ST,0.011127237542331882
EEF2,0.011127237542331882
CASP5,0.011127237542331882
GFRA1,0.011127237542331882
VCL,0.011127237542331882
SCG2,0.011127237542331882
TACC3,0.011127237542331882
HERC6,0.011127237542331882
APLNR,0.011127237542331882
PARP9,0.010965973230124174
PAX4,0.010965973230124174
TNFAIP3,0.010965973230124174
CSE1L,0.010965973230124174
SYBU,0.010965973230124174
CCNA1,0.010965973230124174
STRN,0.010965973230124174
AP2B1,0.010965973230124174
NCR1,0.010965973230124174
NFKB2,0.010965973230124174
IL1RL1,0.010965973230124174
ITGA3,0.010965973230124174
CDH15,0.010965973230124174
BCAR1,0.010965973230124174
ITGB1,0.010965973230124174
KIF3B,0.010965973230124174
CFI,0.010965973230124174
SDCCAG8,0.010965973230124174
NEGR1,0.010965973230124174
JAG2,0.010965973230124174
TUBGCP3,0.010965973230124174
MX2,0.010965973230124174
SLC6A14,0.010965973230124174
IL18R1,0.010965973230124174
MLLT10,0.010965973230124174
PTGS2,0.010965973230124174
SLC6A9,0.010965973230124174
STAT3,0.010804708917916465
CYP4A22,0.010804708917916465
FGFR1,0.010804708917916465
MFHAS1,0.010804708917916465
ACTN4,0.010804708917916465
CLCN3,0.010804708917916465
ZBP1,0.010804708917916465
MTRR,0.010804708917916465
QSOX1,0.010804708917916465
HSD3B1,0.010804708917916465
SLC16A7,0.010804708917916465
RPS6KA1,0.010804708917916465
KCNK5,0.010804708917916465
FGD4,0.010804708917916465
ATP2C1,0.010804708917916465
CYP7A1,0.010804708917916465
TRIM29,0.010804708917916465
ABLIM1,0.010804708917916465
DPYSL4,0.010804708917916465
KIF5B,0.010804708917916465
PRKCA,0.010804708917916465
GPHN,0.010804708917916465
CTNNA1,0.010804708917916465
NEDD4L,0.010804708917916465
MTHFD1,0.010804708917916465
TNFRSF21,0.010804708917916465
BCAM,0.010804708917916465
IL1RL2,0.010804708917916465
DHX16,0.010804708917916465
LONP2,0.010804708917916465
STAT2,0.010804708917916465
INPP5F,0.010804708917916465
SIDT2,0.010804708917916465
ITIH3,0.010804708917916465
ANGPT1,0.010643444605708756
SLC22A12,0.010643444605708756
ST14,0.010643444605708756
PLOD3,0.010643444605708756
DGKH,0.010643444605708756
F10,0.010643444605708756
ITGB5,0.010643444605708756
EDIL3,0.010643444605708756
ERN1,0.010643444605708756
NOP14,0.010643444605708756
MOV10,0.010643444605708756
PRPF4B,0.010643444605708756
F2,0.010643444605708756
ESR1,0.010643444605708756
RBBP8,0.010643444605708756
ACVR1B,0.010643444605708756
WWP1,0.010643444605708756
RUNX1,0.010643444605708756
DCN,0.010643444605708756
SLC25A13,0.010643444605708756
NFX1,0.010643444605708756
HAS2,0.010643444605708756
CD96,0.010643444605708756
GAD1,0.010643444605708756
SYNPO,0.010643444605708756
ETV1,0.010482180293501049
MSH2,0.010482180293501049
TGFBI,0.010482180293501049
EIF4G2,0.010482180293501049
IPO7,0.010482180293501049
NUP93,0.010482180293501049
SH2B1,0.010482180293501049
MMP13,0.010482180293501049
PAM,0.010482180293501049
STEAP3,0.010482180293501049
MSN,0.010482180293501049
DGCR8,0.010482180293501049
TNFRSF11B,0.010482180293501049
LRRC8C,0.010482180293501049
CALCRL,0.010482180293501049
GBP4,0.010482180293501049
TNPO2,0.010482180293501049
MAP3K6,0.010482180293501049
ME1,0.010482180293501049
IKZF2,0.010482180293501049
SLC2A3,0.010482180293501049
KRT13,0.010482180293501049
SLC38A1,0.010482180293501049
TNFRSF8,0.010482180293501049
ACSS1,0.01032091598129334
IRF6,0.01032091598129334
MSH5,0.01032091598129334
NPY4R,0.01032091598129334
GJA1,0.01032091598129334
CHST8,0.01032091598129334
XYLT2,0.01032091598129334
ABCG2,0.01032091598129334
PSMD1,0.01032091598129334
IKBKB,0.01032091598129334
HAS1,0.01032091598129334
SMC6,0.01032091598129334
CD209,0.01032091598129334
RASA2,0.01032091598129334
PYGL,0.01032091598129334
NFKBIZ,0.01032091598129334
NPHP1,0.01032091598129334
NPTX2,0.01032091598129334
CNOT4,0.01032091598129334
AFAP1L2,0.01032091598129334
LHX9,0.01032091598129334
PRSS36,0.01032091598129334
PARP12,0.01032091598129334
KDM7A,0.01032091598129334
LAS1L,0.01032091598129334
ADAM15,0.01032091598129334
KRT31,0.010159651669085631
CMKLR1,0.010159651669085631
CDC5L,0.010159651669085631
KCNJ2,0.010159651669085631
GPAM,0.010159651669085631
SAMHD1,0.010159651669085631
APBB1,0.010159651669085631
MAP4K1,0.010159651669085631
IL12RB2,0.010159651669085631
ACKR3,0.010159651669085631
TOP1,0.010159651669085631
SLC7A1,0.010159651669085631
BACH1,0.010159651669085631
ILF3,0.010159651669085631
ACKR1,0.010159651669085631
TRIM33,0.010159651669085631
EHHADH,0.010159651669085631
GAL3ST1,0.010159651669085631
SERPINB2,0.010159651669085631
GPRC5B,0.010159651669085631
PTPRE,0.010159651669085631
PIK3CD,0.010159651669085631
TAT,0.010159651669085631
SEC14L1,0.010159651669085631
HSPA2,0.010159651669085631
AGO4,0.010159651669085631
ACSL4,0.010159651669085631
CYP1A1,0.010159651669085631
PLK4,0.010159651669085631
CHST4,0.010159651669085631
SLC5A6,0.010159651669085631
USH1C,0.010159651669085631
KCND1,0.009998387356877922
F11,0.009998387356877922
IDH2,0.009998387356877922
SLC27A5,0.009998387356877922
AKT2,0.009998387356877922
HSP90AA1,0.009998387356877922
RABGAP1L,0.009998387356877922
RXRG,0.009998387356877922
ZNRF4,0.009998387356877922
AP1G1,0.009998387356877922
AVPR1A,0.009998387356877922
EZH1,0.009998387356877922
IRF4,0.009998387356877922
TRIM10,0.009998387356877922
BUB1B,0.009998387356877922
MAN1A1,0.009998387356877922
PAX3,0.009998387356877922
HAO1,0.009998387356877922
GAA,0.009998387356877922
NLGN2,0.009998387356877922
CROT,0.009998387356877922
OPHN1,0.009998387356877922
NCSTN,0.009998387356877922
FZD7,0.009998387356877922
DLG1,0.009998387356877922
MARK4,0.009998387356877922
RAPGEF3,0.009998387356877922
SERPING1,0.009998387356877922
ALAS2,0.009998387356877922
B4GALNT2,0.009998387356877922
AMBN,0.009837123044670215
ACSM3,0.009837123044670215
HTR7,0.009837123044670215
GART,0.009837123044670215
IL17RA,0.009837123044670215
LUM,0.009837123044670215
SMAD2,0.009837123044670215
DLGAP5,0.009837123044670215
TAF1C,0.009837123044670215
NXF1,0.009837123044670215
PML,0.009837123044670215
DRC1,0.009837123044670215
NDST2,0.009837123044670215
ABCB6,0.009837123044670215
ERCC3,0.009837123044670215
CAP2,0.009837123044670215
RAD21,0.009837123044670215
AKAP1,0.009837123044670215
XPO1,0.009837123044670215
AHR,0.009837123044670215
BTRC,0.009837123044670215
SPOCK1,0.009837123044670215
GPNMB,0.009837123044670215
ECT2,0.009837123044670215
PAX6,0.009837123044670215
NR1H4,0.009837123044670215
MTIF2,0.009837123044670215
FZD2,0.009837123044670215
CYBB,0.009675858732462506
OLFM1,0.009675858732462506
ACOX2,0.009675858732462506
ALDH1A2,0.009675858732462506
CXXC1,0.009675858732462506
PHTF2,0.009675858732462506
TATDN2,0.009675858732462506
WNT7A,0.009675858732462506
GPC4,0.009675858732462506
FRK,0.009675858732462506
GPC3,0.009675858732462506
DLL1,0.009675858732462506
KAZN,0.009675858732462506
CYP46A1,0.009675858732462506
MTHFR,0.009675858732462506
SLC27A2,0.009675858732462506
CCNF,0.009675858732462506
PPP2R5B,0.009675858732462506
PKD2,0.009675858732462506
IL27RA,0.009675858732462506
DGKA,0.009675858732462506
ACTN1,0.009675858732462506
TSC22D1,0.009675858732462506
CLGN,0.009675858732462506
CBFA2T3,0.009675858732462506
HGFAC,0.009675858732462506
LPAR1,0.009675858732462506
ITGBL1,0.009675858732462506
ESR2,0.009675858732462506
CHRNA1,0.009514594420254797
CHPF2,0.009514594420254797
ZW10,0.009514594420254797
ACTL7B,0.009514594420254797
NR3C1,0.009514594420254797
WIPF1,0.009514594420254797
THEG,0.009514594420254797
GUSB,0.009514594420254797
TKTL1,0.009514594420254797
GJA5,0.009514594420254797
NFE2L1,0.009514594420254797
KCNJ8,0.009514594420254797
GAB2,0.009514594420254797
PNPLA8,0.009514594420254797
ZC3H12A,0.009514594420254797
PEX6,0.009514594420254797
MARK3,0.009514594420254797
PPARG,0.009514594420254797
SYK,0.009514594420254797
SYNCRIP,0.009514594420254797
STEAP4,0.009514594420254797
DDX4,0.009514594420254797
NAB2,0.009514594420254797
SP1,0.009514594420254797
TRIM28,0.009514594420254797
KIF3C,0.009514594420254797
ANKH,0.009514594420254797
ELF3,0.009514594420254797
ELF1,0.009514594420254797
BDKRB2,0.009514594420254797
BARD1,0.009514594420254797
MEP1B,0.009514594420254797
ALOX12B,0.009514594420254797
EGR2,0.009514594420254797
SLC39A6,0.009353330108047089
RETSAT,0.009353330108047089
GPR83,0.009353330108047089
CUL5,0.009353330108047089
SLC25A12,0.009353330108047089
GRB7,0.009353330108047089
HMGCS2,0.009353330108047089
KIFAP3,0.009353330108047089
PKP1,0.009353330108047089
NEXN,0.009353330108047089
SFMBT1,0.009353330108047089
ADRA2B,0.009353330108047089
HSPA4L,0.009353330108047089
ELF4,0.009353330108047089
PODXL,0.009353330108047089
CEP131,0.009353330108047089
OASL,0.009353330108047089
FGG,0.009353330108047089
TPX2,0.009353330108047089
ATP6V0A1,0.009353330108047089
SMARCC1,0.009353330108047089
CLU,0.009353330108047089
CERCAM,0.009353330108047089
MLH1,0.009353330108047089
TDRD7,0.009353330108047089
ZPBP,0.009353330108047089
PRKCH,0.009353330108047089
APBB2,0.009353330108047089
PAPOLB,0.009353330108047089
ALDH1A1,0.009353330108047089
SERPINA5,0.009353330108047089
MTNR1A,0.009353330108047089
ALDOB,0.009353330108047089
TMCC2,0.009353330108047089
AIFM3,0.009353330108047089
HRH1,0.009353330108047089
MX1,0.009192065795839382
NKD1,0.009192065795839382
NCL,0.009192065795839382
TRAK2,0.009192065795839382
CCSER2,0.009192065795839382
TLE1,0.009192065795839382
PAXIP1,0.009192065795839382
PCSK9,0.009192065795839382
ISL1,0.009192065795839382
UGT2B17,0.009192065795839382
BCAR3,0.009192065795839382
ACVRL1,0.009192065795839382
MCM7,0.009192065795839382
SPRED2,0.009192065795839382
FZD1,0.009192065795839382
MCCC1,0.009192065795839382
PRC1,0.009192065795839382
SMOX,0.009192065795839382
HOOK3,0.009192065795839382
GBP6,0.009192065795839382
CAPN5,0.009192065795839382
SLC6A12,0.009192065795839382
LYN,0.009192065795839382
RASGRP1,0.009192065795839382
VIM,0.009192065795839382
CDKAL1,0.009192065795839382
ABCB7,0.009192065795839382
CDH3,0.009192065795839382
VNN1,0.009192065795839382
HSPH1,0.009192065795839382
SCARF1,0.009192065795839382
SFRP4,0.009192065795839382
PCOLCE2,0.009192065795839382
TROAP,0.009192065795839382
DNTTIP2,0.009192065795839382
MPHOSPH10,0.009192065795839382
EGR1,0.009030801483631673
IPO4,0.009030801483631673
EFHC1,0.009030801483631673
BMP6,0.009030801483631673
NDUFS1,0.009030801483631673
SP110,0.009030801483631673
ECM2,0.009030801483631673
EFEMP1,0.009030801483631673
COPB2,0.009030801483631673
MAP6,0.009030801483631673
DHCR7,0.009030801483631673
CNTROB,0.009030801483631673
CAMK1D,0.009030801483631673
DPYSL3,0.009030801483631673
GC,0.009030801483631673
CAPN9,0.009030801483631673
GDA,0.009030801483631673
CHST2,0.009030801483631673
REG1A,0.009030801483631673
DTX2,0.009030801483631673
ABCB8,0.009030801483631673
ACTC1,0.009030801483631673
DYRK2,0.009030801483631673
LPL,0.009030801483631673
RPS6KA3,0.009030801483631673
GMPS,0.009030801483631673
NPM1,0.009030801483631673
LCP1,0.009030801483631673
WLS,0.009030801483631673
FUT8,0.009030801483631673
MARK2,0.009030801483631673
KLHL24,0.009030801483631673
CYP26B1,0.009030801483631673
IRF8,0.009030801483631673
FBXO34,0.009030801483631673
MEF2C,0.009030801483631673
ALCAM,0.009030801483631673
MFSD6,0.009030801483631673
NCAPH,0.008869537171423964
FMOD,0.008869537171423964
PTGIS,0.008869537171423964
NOLC1,0.008869537171423964
SLC6A6,0.008869537171423964
KRT8,0.008869537171423964
CLPB,0.008869537171423964
ERAP2,0.008869537171423964
STXBP1,0.008869537171423964
GBE1,0.008869537171423964
CHPF,0.008869537171423964
FCN1,0.008869537171423964
ACTA1,0.008869537171423964
ARHGAP10,0.008869537171423964
RNF19A,0.008869537171423964
MYO1C,0.008869537171423964
MIOS,0.008869537171423964
OPA1,0.008869537171423964
LLGL1,0.008869537171423964
SBNO2,0.008869537171423964
TRIP10,0.008869537171423964
ALDH18A1,0.008869537171423964
CD1D,0.008869537171423964
ICA1,0.008869537171423964
NFKB1,0.008869537171423964
COCH,0.008869537171423964
SMAD3,0.008869537171423964
STAU1,0.008869537171423964
ARHGAP4,0.008869537171423964
MASP2,0.008869537171423964
KRT15,0.008869537171423964
MAPK10,0.008869537171423964
PLEK,0.008869537171423964
IMMT,0.008869537171423964
PRKCD,0.008869537171423964
TCP11,0.008869537171423964
PPP2R2C,0.008869537171423964
MCM6,0.008869537171423964
IRAK2,0.008869537171423964
ELL2,0.008869537171423964
HLA-C,0.008869537171423964
OGFR,0.008869537171423964
CPN1,0.008869537171423964
HMMR,0.008708272859216255
PDLIM5,0.008708272859216255
SPARCL1,0.008708272859216255
ACHE,0.008708272859216255
KIF11,0.008708272859216255
DLG4,0.008708272859216255
ARHGEF9,0.008708272859216255
ALOX15B,0.008708272859216255
RPS6KA5,0.008708272859216255
FPR1,0.008708272859216255
CTTN,0.008708272859216255
TLR6,0.008708272859216255
CCP110,0.008708272859216255
EXT2,0.008708272859216255
DHX15,0.008708272859216255
TLE3,0.008708272859216255
EDAR,0.008708272859216255
CEP72,0.008708272859216255
ADAM9,0.008708272859216255
HIF1A,0.008708272859216255
TLK1,0.008708272859216255
STS,0.008708272859216255
HOXB1,0.008708272859216255
IL2RB,0.008708272859216255
EPB41,0.008708272859216255
EIF3B,0.008708272859216255
ILVBL,0.008708272859216255
GCK,0.008708272859216255
CFB,0.008708272859216255
AP4B1,0.008708272859216255
ST8SIA4,0.008708272859216255
CHST6,0.008708272859216255
GEMIN4,0.008708272859216255
RAF1,0.008708272859216255
SLC2A2,0.008708272859216255
NOP2,0.008708272859216255
TGFB2,0.008708272859216255
HS3ST1,0.008708272859216255
LCP2,0.008547008547008548
GATA1,0.008547008547008548
KIF2C,0.008547008547008548
LAD1,0.008547008547008548
ADD1,0.008547008547008548
MEIS2,0.008547008547008548
VLDLR,0.008547008547008548
GPRC5C,0.008547008547008548
ALDH8A1,0.008547008547008548
WNT2,0.008547008547008548
KIF18B,0.008547008547008548
UPF3B,0.008547008547008548
ONECUT1,0.008547008547008548
HDAC5,0.008547008547008548
CCR2,0.008547008547008548
IFI44L,0.008547008547008548
IFT88,0.008547008547008548
HSPA9,0.008547008547008548
EFEMP2,0.008547008547008548
DYRK3,0.008547008547008548
ABCD1,0.008547008547008548
RHBDF2,0.008547008547008548
HSD17B4,0.008547008547008548
SLC29A3,0.008547008547008548
IL1R1,0.008547008547008548
HELLS,0.008547008547008548
P4HA2,0.008547008547008548
CMTR1,0.008547008547008548
C3AR1,0.008547008547008548
SYT12,0.008547008547008548
COMP,0.008547008547008548
C1R,0.008547008547008548
CPE,0.008547008547008548
CYP8B1,0.008547008547008548
CRAT,0.008547008547008548
PITX2,0.008547008547008548
CD86,0.008547008547008548
SSRP1,0.008547008547008548
TPH1,0.008547008547008548
NADSYN1,0.008547008547008548
CD4,0.008547008547008548
EXOSC10,0.008547008547008548
APLP2,0.008547008547008548
EWSR1,0.008547008547008548
SCNN1A,0.008385744234800839
FETUB,0.008385744234800839
SLC27A1,0.008385744234800839
RBM5,0.008385744234800839
SOCS5,0.008385744234800839
FGF13,0.008385744234800839
MFN2,0.008385744234800839
GGA2,0.008385744234800839
RAP1GAP,0.008385744234800839
CPB1,0.008385744234800839
CHFR,0.008385744234800839
IL3RA,0.008385744234800839
F7,0.008385744234800839
RALGDS,0.008385744234800839
CCR1,0.008385744234800839
B3GAT1,0.008385744234800839
SLC46A3,0.008385744234800839
FGR,0.008385744234800839
TRAT1,0.008385744234800839
LBR,0.008385744234800839
IL1R2,0.008385744234800839
CAPN2,0.008385744234800839
IL9R,0.008385744234800839
ZC3H14,0.008385744234800839
ZFP36L1,0.008385744234800839
TFCP2L1,0.008385744234800839
G3BP1,0.008385744234800839
CCNT1,0.008385744234800839
HTR1B,0.008385744234800839
PLAT,0.008385744234800839
MCM5,0.008385744234800839
EIF4A2,0.008385744234800839
EIF2AK1,0.008385744234800839
CUL4A,0.008385744234800839
PLOD1,0.008385744234800839
SIK1,0.008385744234800839
BRS3,0.008385744234800839
HSPA4,0.008385744234800839
SLC1A2,0.008385744234800839
MYB,0.008385744234800839
DVL2,0.008385744234800839
NR4A3,0.008385744234800839
ASNS,0.008385744234800839
RHOA,0.008385744234800839
EPHX1,0.008385744234800839
GBP2,0.008385744234800839
CRP,0.00822447992259313
ETV5,0.00822447992259313
PLK2,0.00822447992259313
KCNN1,0.00822447992259313
SPHK2,0.00822447992259313
CPQ,0.00822447992259313
CYP2E1,0.00822447992259313
DDX18,0.00822447992259313
ABCF2,0.00822447992259313
RBM14,0.00822447992259313
TEAD4,0.00822447992259313
APOH,0.00822447992259313
HTRA1,0.00822447992259313
XPNPEP1,0.00822447992259313
TXNRD1,0.00822447992259313
EIF2AK2,0.00822447992259313
LRP10,0.00822447992259313
TFDP1,0.00822447992259313
MPP2,0.00822447992259313
EPHX2,0.00822447992259313
FES,0.00822447992259313
NBN,0.00822447992259313
PLAG1,0.00822447992259313
UBA7,0.00822447992259313
LAMP3,0.00822447992259313
EPS8L2,0.00822447992259313
MMP3,0.00822447992259313
PTGER4,0.00822447992259313
FGGY,0.00822447992259313
OAS1,0.00822447992259313
AGGF1,0.00822447992259313
RRP9,0.008063215610385421
PSIP1,0.008063215610385421
SF3A1,0.008063215610385421
PSMC4,0.008063215610385421
LCK,0.008063215610385421
BMPR1B,0.008063215610385421
KPNB1,0.008063215610385421
RPL22,0.008063215610385421
PNN,0.008063215610385421
CCT3,0.008063215610385421
PREP,0.008063215610385421
USP16,0.008063215610385421
SNX14,0.008063215610385421
SERPINA6,0.008063215610385421
ACTB,0.008063215610385421
SRPK1,0.008063215610385421
KLF3,0.008063215610385421
PABPC4,0.008063215610385421
P2RY2,0.008063215610385421
P2RY1,0.008063215610385421
TAF6,0.008063215610385421
DCBLD2,0.008063215610385421
DCAF11,0.008063215610385421
ODF1,0.008063215610385421
SUPV3L1,0.008063215610385421
NTF3,0.008063215610385421
GSN,0.008063215610385421
NKX2-2,0.008063215610385421
ACSL1,0.008063215610385421
DEPDC1,0.008063215610385421
NF2,0.008063215610385421
ME2,0.008063215610385421
ETS1,0.008063215610385421
FASLG,0.008063215610385421
NASP,0.008063215610385421
PIGQ,0.008063215610385421
SHC1,0.007901951298177712
GPR65,0.007901951298177712
DMP1,0.007901951298177712
NDC80,0.007901951298177712
IDS,0.007901951298177712
EOMES,0.007901951298177712
GP1BA,0.007901951298177712
XRCC6,0.007901951298177712
CAMK2B,0.007901951298177712
SERPINC1,0.007901951298177712
HS6ST2,0.007901951298177712
MMP8,0.007901951298177712
ALOX15,0.007901951298177712
CASQ1,0.007901951298177712
ABCD3,0.007901951298177712
IL10RA,0.007901951298177712
FERMT2,0.007901951298177712
ITGB7,0.007901951298177712
ACSL5,0.007901951298177712
TACR1,0.007901951298177712
SLAMF1,0.007901951298177712
FBXO7,0.007901951298177712
HSPA5,0.007901951298177712
SGK1,0.007901951298177712
MTMR10,0.007901951298177712
ARHGEF3,0.007901951298177712
PLA2G7,0.007901951298177712
INMT,0.007901951298177712
C5AR1,0.007901951298177712
SMURF2,0.007901951298177712
CTSE,0.007901951298177712
SOAT2,0.007901951298177712
BTBD3,0.007901951298177712
PRDM4,0.007901951298177712
SOX9,0.007901951298177712
PPP1R15A,0.007901951298177712
ADAM17,0.007901951298177712
PIAS3,0.007901951298177712
PMEPA1,0.007901951298177712
HLA-DRB1,0.0077406869859700045
AKT1,0.0077406869859700045
SGMS1,0.0077406869859700045
PRPF3,0.0077406869859700045
TM7SF3,0.0077406869859700045
PNPT1,0.0077406869859700045
SOX3,0.0077406869859700045
CXCR4,0.0077406869859700045
ECM1,0.0077406869859700045
FOXJ2,0.0077406869859700045
HTR1D,0.0077406869859700045
ELL,0.0077406869859700045
TFRC,0.0077406869859700045
ABAT,0.0077406869859700045
SCGN,0.0077406869859700045
PLK3,0.0077406869859700045
TULP2,0.0077406869859700045
SGCA,0.0077406869859700045
CCR8,0.0077406869859700045
KAT2A,0.0077406869859700045
SERPINA1,0.0077406869859700045
MYCN,0.0077406869859700045
CSTF2,0.0077406869859700045
TRIM5,0.0077406869859700045
ESRP2,0.0077406869859700045
CCT5,0.0077406869859700045
HSP90B1,0.0077406869859700045
TH,0.0077406869859700045
CYP2S1,0.0077406869859700045
SULT1B1,0.0077406869859700045
PPP1R15B,0.0077406869859700045
CHST12,0.0077406869859700045
SRPX,0.0077406869859700045
CKAP4,0.0077406869859700045
CASP10,0.0077406869859700045
ALDH1A3,0.0077406869859700045
COX10,0.0077406869859700045
GCKR,0.0077406869859700045
AIFM1,0.0077406869859700045
B3GNT3,0.0077406869859700045
PTCD3,0.0077406869859700045
PSMD3,0.0077406869859700045
C2,0.0077406869859700045
MMP10,0.0077406869859700045
SYT13,0.0077406869859700045
PPM1D,0.0077406869859700045
CHUK,0.0077406869859700045
SNX9,0.0077406869859700045
RAPGEF5,0.0077406869859700045
LSS,0.0077406869859700045
SLC26A2,0.0077406869859700045
NT5E,0.0077406869859700045
MID1,0.0077406869859700045
UBA2,0.0077406869859700045
SLC28A2,0.0077406869859700045
DNTT,0.0077406869859700045
POU2F1,0.0077406869859700045
KIF20A,0.0077406869859700045
BAIAP2,0.0077406869859700045
TCIRG1,0.0077406869859700045
IRF2,0.0075794226737622965
KLK3,0.0075794226737622965
ACTG1,0.0075794226737622965
ADD3,0.0075794226737622965
ADAM10,0.0075794226737622965
HLA-G,0.0075794226737622965
ACO2,0.0075794226737622965
KIF23,0.0075794226737622965
XRCC5,0.0075794226737622965
GPI,0.0075794226737622965
HNRNPU,0.0075794226737622965
GPD2,0.0075794226737622965
TM7SF2,0.0075794226737622965
TSPYL2,0.0075794226737622965
CBS,0.0075794226737622965
RANBP10,0.0075794226737622965
PFKP,0.0075794226737622965
PGD,0.0075794226737622965
ICAM5,0.0075794226737622965
DBF4,0.0075794226737622965
STC2,0.0075794226737622965
PDP1,0.0075794226737622965
GNPAT,0.0075794226737622965
PLK1,0.0075794226737622965
SUN2,0.0075794226737622965
CMPK2,0.0075794226737622965
AKR1D1,0.0075794226737622965
STC1,0.0075794226737622965
PINK1,0.0075794226737622965
TAP1,0.0075794226737622965
MMP1,0.0075794226737622965
SKIL,0.0075794226737622965
SLC23A1,0.0075794226737622965
PFKL,0.0075794226737622965
AFG3L2,0.0075794226737622965
SLC16A6,0.0075794226737622965
PRIM2,0.0075794226737622965
ARAF,0.0075794226737622965
EPB42,0.0075794226737622965
PFKM,0.0075794226737622965
ADSL,0.0075794226737622965
ETS2,0.0075794226737622965
FGL2,0.007418158361554588
IRAK1,0.007418158361554588
MPPED2,0.007418158361554588
RXRA,0.007418158361554588
NOP56,0.007418158361554588
FBXW11,0.007418158361554588
THRB,0.007418158361554588
EHD1,0.007418158361554588
NCOA4,0.007418158361554588
TRIM25,0.007418158361554588
PDGFC,0.007418158361554588
FBLN5,0.007418158361554588
PHGDH,0.007418158361554588
SLC20A1,0.007418158361554588
CASP1,0.007418158361554588
RHAG,0.007418158361554588
TTC39B,0.007418158361554588
NGF,0.007418158361554588
PEX5,0.007418158361554588
TRIM21,0.007418158361554588
HAO2,0.007418158361554588
ASL,0.007418158361554588
PFKFB1,0.007418158361554588
MLPH,0.007418158361554588
GALC,0.007418158361554588
COG2,0.007418158361554588
ADH7,0.007418158361554588
SERPINB8,0.007418158361554588
DDX10,0.007418158361554588
PAPSS2,0.007418158361554588
SNAI2,0.007418158361554588
WAS,0.007418158361554588
LMAN1,0.007418158361554588
RAD54L,0.007418158361554588
LSR,0.007418158361554588
GPR87,0.007418158361554588
FKBP5,0.007418158361554588
NUMB,0.007418158361554588
KRT17,0.007418158361554588
CSF1,0.007418158361554588
SLC2A4,0.007418158361554588
MELK,0.007418158361554588
CNDP2,0.007418158361554588
ALAS1,0.007418158361554588
MCM3,0.007418158361554588
CHRNG,0.007418158361554588
AQP7,0.007418158361554588
DTX4,0.007418158361554588
FOXA2,0.007418158361554588
EED,0.00725689404934688
SYT11,0.00725689404934688
RABEP1,0.00725689404934688
TMPRSS3,0.00725689404934688
ASS1,0.00725689404934688
SLC30A5,0.00725689404934688
CHRM4,0.00725689404934688
RALBP1,0.00725689404934688
DTNB,0.00725689404934688
OPTN,0.00725689404934688
DNAJC1,0.00725689404934688
GTF3C5,0.00725689404934688
B2M,0.00725689404934688
SGCG,0.00725689404934688
FOSL2,0.00725689404934688
IL4I1,0.00725689404934688
MAK,0.00725689404934688
SOWAHC,0.00725689404934688
SOX10,0.00725689404934688
IDO1,0.00725689404934688
SELENBP1,0.00725689404934688
LMNA,0.00725689404934688
G6PD,0.00725689404934688
G3BP2,0.00725689404934688
MBL2,0.00725689404934688
FYN,0.00725689404934688
BIRC3,0.00725689404934688
APPBP2,0.00725689404934688
KLF5,0.00725689404934688
CD2AP,0.00725689404934688
SNTB1,0.00725689404934688
MMP11,0.00725689404934688
C1QC,0.00725689404934688
MMP15,0.00725689404934688
COL8A2,0.00725689404934688
SH3GL2,0.00725689404934688
TXNRD2,0.00725689404934688
MYBL1,0.00725689404934688
CNOT6,0.00725689404934688
F2RL1,0.00725689404934688
SIRPA,0.00725689404934688
GZMK,0.00725689404934688
ACSS2,0.00725689404934688
SLC16A1,0.00725689404934688
ENTPD7,0.00725689404934688
PFKFB3,0.007095629737139171
PTGIR,0.007095629737139171
HMGCR,0.007095629737139171
STAM,0.007095629737139171
CLDN18,0.007095629737139171
CLDN16,0.007095629737139171
DIO2,0.007095629737139171
PRMT3,0.007095629737139171
DCLRE1B,0.007095629737139171
SLC30A3,0.007095629737139171
MEF2D,0.007095629737139171
CD44,0.007095629737139171
FURIN,0.007095629737139171
SGCD,0.007095629737139171
IDUA,0.007095629737139171
MAPK9,0.007095629737139171
MAP4K2,0.007095629737139171
SELL,0.007095629737139171
GCNT1,0.007095629737139171
AGPAT4,0.007095629737139171
WASF1,0.007095629737139171
WNT16,0.007095629737139171
WASL,0.007095629737139171
WDR1,0.007095629737139171
AAAS,0.007095629737139171
MMP14,0.007095629737139171
ALDH2,0.007095629737139171
SLC22A4,0.007095629737139171
RELB,0.007095629737139171
RBPJ,0.007095629737139171
FARSA,0.007095629737139171
MYBPH,0.007095629737139171
CELF2,0.007095629737139171
EZR,0.007095629737139171
EXOSC9,0.007095629737139171
NAA11,0.007095629737139171
PRMT5,0.007095629737139171
SLC25A23,0.007095629737139171
REL,0.006934365424931463
RELA,0.006934365424931463
RACGAP1,0.006934365424931463
CD2,0.006934365424931463
CD207,0.006934365424931463
IFIT2,0.006934365424931463
CCR7,0.006934365424931463
PRRX1,0.006934365424931463
CD8B,0.006934365424931463
RIPK1,0.006934365424931463
RNF19B,0.006934365424931463
SCG3,0.006934365424931463
CDC45,0.006934365424931463
PTH1R,0.006934365424931463
SLC22A1,0.006934365424931463
ICAM1,0.006934365424931463
ACSL3,0.006934365424931463
HADHB,0.006934365424931463
ALDH3A1,0.006934365424931463
MAP3K7,0.006934365424931463
GALNT1,0.006934365424931463
THNSL2,0.006934365424931463
NMUR1,0.006934365424931463
FZD8,0.006934365424931463
NGLY1,0.006934365424931463
NFE2,0.006934365424931463
PPARD,0.006934365424931463
TCN2,0.006934365424931463
TNFRSF1A,0.006934365424931463
NDRG1,0.006934365424931463
TOR1AIP2,0.006934365424931463
NCK2,0.006934365424931463
NCAPH2,0.006934365424931463
NARF,0.006934365424931463
FZD4,0.006934365424931463
ACTG2,0.006934365424931463
TFAP2C,0.006934365424931463
TGFBR1,0.006934365424931463
DNM1L,0.006934365424931463
VTN,0.006934365424931463
INHBB,0.006934365424931463
SPATA6,0.006934365424931463
PKP3,0.006934365424931463
CTSD,0.006934365424931463
GNA15,0.006934365424931463
ACOX1,0.006934365424931463
PGM2,0.006934365424931463
CYP26A1,0.006934365424931463
MTA1,0.006934365424931463
CYP27A1,0.006934365424931463
PES1,0.006934365424931463
SULT1A1,0.006934365424931463
GEM,0.006934365424931463
PAK4,0.006934365424931463
OXSR1,0.006934365424931463
TCF7L1,0.006934365424931463
MAP3K11,0.006773101112723754
LEF1,0.006773101112723754
UQCRFS1,0.006773101112723754
MEF2A,0.006773101112723754
SCARB1,0.006773101112723754
UBQLN1,0.006773101112723754
IFI44,0.006773101112723754
LONP1,0.006773101112723754
SMURF1,0.006773101112723754
MRPS30,0.006773101112723754
IKZF4,0.006773101112723754
PRSS3,0.006773101112723754
PIAS2,0.006773101112723754
PIAS1,0.006773101112723754
PXN,0.006773101112723754
PDIA5,0.006773101112723754
PAIP1,0.006773101112723754
NR4A1,0.006773101112723754
SHMT2,0.006773101112723754
SFPQ,0.006773101112723754
SIRT1,0.006773101112723754
XK,0.006773101112723754
TTC39A,0.006773101112723754
SHROOM1,0.006773101112723754
SHOX2,0.006773101112723754
WDR43,0.006773101112723754
ZYX,0.006773101112723754
FOXO1,0.006773101112723754
CDKN1A,0.006773101112723754
APOA4,0.006773101112723754
CCT6B,0.006773101112723754
GFPT1,0.006773101112723754
GRK5,0.006773101112723754
FHL1,0.006773101112723754
ACTA2,0.006773101112723754
FAH,0.006773101112723754
DPEP3,0.006773101112723754
AVL9,0.006773101112723754
FOXO4,0.006773101112723754
CAT,0.006773101112723754
HEY2,0.006773101112723754
CSTF3,0.006773101112723754
BCAT1,0.006773101112723754
AGXT,0.006773101112723754
GNE,0.006773101112723754
GLS2,0.006611836800516046
P2RY14,0.006611836800516046
SLC2A1,0.006611836800516046
RHCG,0.006611836800516046
SLC35B2,0.006611836800516046
GTF2F1,0.006611836800516046
TRIB2,0.006611836800516046
POLA2,0.006611836800516046
NPTXR,0.006611836800516046
SLC19A1,0.006611836800516046
RAP1GDS1,0.006611836800516046
CSAD,0.006611836800516046
ELP4,0.006611836800516046
ENG,0.006611836800516046
RSAD2,0.006611836800516046
GMPPA,0.006611836800516046
FDXR,0.006611836800516046
NR1I2,0.006611836800516046
ABCE1,0.006611836800516046
BMP2,0.006611836800516046
D2HGDH,0.006611836800516046
PTGER3,0.006611836800516046
XPC,0.006611836800516046
TXNIP,0.006611836800516046
IRF5,0.006611836800516046
CDC7,0.006611836800516046
PRPF31,0.006611836800516046
ABI1,0.006611836800516046
FDPS,0.006611836800516046
ARHGAP27,0.006611836800516046
SLC6A8,0.006611836800516046
FGF6,0.006611836800516046
SERPINE1,0.006611836800516046
PROC,0.006611836800516046
AKT3,0.006611836800516046
ZNF185,0.006611836800516046
ACRBP,0.006611836800516046
MEIS1,0.006611836800516046
IFNGR1,0.006611836800516046
CAMKK2,0.006611836800516046
IFNAR1,0.006611836800516046
HNRNPR,0.006450572488308337
UPB1,0.006450572488308337
HOMER2,0.006450572488308337
PDK4,0.006450572488308337
NR6A1,0.006450572488308337
BIRC2,0.006450572488308337
STRBP,0.006450572488308337
UGP2,0.006450572488308337
CFP,0.006450572488308337
PGM1,0.006450572488308337
RBM4,0.006450572488308337
IRS2,0.006450572488308337
CCR4,0.006450572488308337
PHYH,0.006450572488308337
TUBA4A,0.006450572488308337
CCR5,0.006450572488308337
CBX8,0.006450572488308337
MYC,0.006450572488308337
OXTR,0.006450572488308337
CYP39A1,0.006450572488308337
SORBS3,0.006450572488308337
PDIA6,0.006450572488308337
CA6,0.006450572488308337
EFS,0.006450572488308337
F2R,0.006450572488308337
TPST2,0.006450572488308337
HADHA,0.006450572488308337
MAOB,0.006450572488308337
SLC2A5,0.006450572488308337
CAST,0.006450572488308337
KIF2A,0.006450572488308337
PPM1B,0.006450572488308337
DMC1,0.006450572488308337
KLK8,0.006450572488308337
PROCR,0.006450572488308337
GALNT3,0.006450572488308337
HSPD1,0.006450572488308337
RSL1D1,0.006450572488308337
PTBP2,0.006450572488308337
GSK3B,0.006450572488308337
GSS,0.006450572488308337
ATF4,0.006450572488308337
PRKACA,0.006450572488308337
ACADM,0.006450572488308337
SASS6,0.006450572488308337
KRT19,0.006450572488308337
RAC1,0.006450572488308337
POLG2,0.006450572488308337
ACADL,0.006450572488308337
TKT,0.006450572488308337
PMPCA,0.006450572488308337
PDCD4,0.006450572488308337
SCP2,0.006450572488308337
PSMC2,0.006450572488308337
POLH,0.006450572488308337
NFIL3,0.006450572488308337
OSGIN1,0.006450572488308337
TRIM26,0.006289308176100629
FST,0.006289308176100629
LAYN,0.006289308176100629
FTCD,0.006289308176100629
CNOT2,0.006289308176100629
BBOX1,0.006289308176100629
RBBP7,0.006289308176100629
LDB1,0.006289308176100629
PICALM,0.006289308176100629
PSAT1,0.006289308176100629
RAD17,0.006289308176100629
BDNF,0.006289308176100629
PPOX,0.006289308176100629
RRAD,0.006289308176100629
TMEM176B,0.006289308176100629
GLMN,0.006289308176100629
CCDC28A,0.006289308176100629
SRC,0.006289308176100629
TNIP1,0.006289308176100629
TIPARP,0.006289308176100629
MYL1,0.006289308176100629
GLCE,0.006289308176100629
GLUL,0.006289308176100629
PIK3R3,0.006289308176100629
F12,0.006289308176100629
TFPI2,0.006289308176100629
TFPI,0.006289308176100629
KLF4,0.006289308176100629
TMPRSS2,0.006289308176100629
PVR,0.006289308176100629
SKI,0.006289308176100629
TRAIP,0.006289308176100629
TRIP13,0.006289308176100629
KHNYN,0.006289308176100629
GCLC,0.006289308176100629
RHOT1,0.006289308176100629
SERPINE2,0.006289308176100629
CYTH2,0.006289308176100629
PANX1,0.006289308176100629
USP1,0.006289308176100629
NR1D2,0.006289308176100629
RNMT,0.006289308176100629
WASF2,0.006289308176100629
CCT2,0.006289308176100629
IL13RA1,0.006289308176100629
USO1,0.006289308176100629
ACVR1,0.006289308176100629
DEF6,0.006289308176100629
SLC37A1,0.006289308176100629
PCOLCE,0.006289308176100629
ADH4,0.006289308176100629
SLC38A2,0.006289308176100629
PBX2,0.006289308176100629
SLC29A1,0.006289308176100629
DKC1,0.006289308176100629
PDHX,0.006289308176100629
HOXC10,0.006289308176100629
CDK8,0.006289308176100629
ABCB9,0.006289308176100629
DHX58,0.006289308176100629
TUBG1,0.006289308176100629
PA2G4,0.006289308176100629
HLA-DRA,0.006289308176100629
ABHD2,0.006289308176100629
CD36,0.006289308176100629
FFAR2,0.006289308176100629
MPP1,0.00612804386389292
FBP2,0.00612804386389292
NET1,0.00612804386389292
VEZF1,0.00612804386389292
FECH,0.00612804386389292
KCNN4,0.00612804386389292
NSDHL,0.00612804386389292
NUB1,0.00612804386389292
SIAH2,0.00612804386389292
DONSON,0.00612804386389292
ART3,0.00612804386389292
NELFCD,0.00612804386389292
FBXO4,0.00612804386389292
ENO1,0.00612804386389292
PTAFR,0.00612804386389292
STIP1,0.00612804386389292
LDHC,0.00612804386389292
B4GALT5,0.00612804386389292
P2RY4,0.00612804386389292
P4HA1,0.00612804386389292
ACADSB,0.00612804386389292
ZBTB10,0.00612804386389292
OLFML3,0.00612804386389292
RIOK3,0.00612804386389292
PTGER2,0.00612804386389292
CORO1A,0.00612804386389292
SLC10A3,0.00612804386389292
KPNA2,0.00612804386389292
CRISP2,0.00612804386389292
CDC25B,0.00612804386389292
HSPA13,0.00612804386389292
CPEB2,0.00612804386389292
PTPN6,0.00612804386389292
CCNL1,0.00612804386389292
GCNT2,0.00612804386389292
TRA2B,0.00612804386389292
UMPS,0.00612804386389292
BIN1,0.00612804386389292
RFC4,0.00612804386389292
MICB,0.00612804386389292
CX3CL1,0.00612804386389292
AMACR,0.00612804386389292
SDAD1,0.00612804386389292
RARA,0.00612804386389292
AQP9,0.00612804386389292
ANXA10,0.00612804386389292
CHST3,0.00612804386389292
ARCN1,0.00612804386389292
CRTAM,0.00612804386389292
CDC6,0.00612804386389292
ANKZF1,0.00612804386389292
SCRN1,0.00612804386389292
IL2RA,0.00612804386389292
FOXN3,0.0059667795516852125
LGALS3BP,0.0059667795516852125
COIL,0.0059667795516852125
SPAG4,0.0059667795516852125
CLDN6,0.0059667795516852125
DEPTOR,0.0059667795516852125
PDPN,0.0059667795516852125
MAPK8,0.0059667795516852125
PPP2R1B,0.0059667795516852125
RANBP9,0.0059667795516852125
TRAF2,0.0059667795516852125
HMGCS1,0.0059667795516852125
E2F3,0.0059667795516852125
MTF2,0.0059667795516852125
MAPKAP1,0.0059667795516852125
DKK1,0.0059667795516852125
FSTL1,0.0059667795516852125
LCLAT1,0.0059667795516852125
PHKG2,0.0059667795516852125
SDC1,0.0059667795516852125
EDEM1,0.0059667795516852125
BAG3,0.0059667795516852125
AMFR,0.0059667795516852125
CASQ2,0.0059667795516852125
HTRA2,0.0059667795516852125
PSEN2,0.0059667795516852125
SLAMF7,0.0059667795516852125
CDR2,0.0059667795516852125
HDAC3,0.0059667795516852125
PIPOX,0.0059667795516852125
SDC3,0.0059667795516852125
CAB39L,0.0059667795516852125
NCBP1,0.0059667795516852125
PARP2,0.0059667795516852125
DAPP1,0.0059667795516852125
TSPAN8,0.0059667795516852125
IL13RA2,0.0059667795516852125
PDK3,0.0059667795516852125
FADS2,0.0059667795516852125
GLS,0.0059667795516852125
TNFSF10,0.0059667795516852125
ADRA1B,0.0059667795516852125
POLL,0.0059667795516852125
PCSK4,0.0059667795516852125
MAOA,0.0059667795516852125
DCP2,0.0059667795516852125
KLC1,0.0059667795516852125
ATL2,0.0059667795516852125
KLF10,0.0059667795516852125
TNNT2,0.0059667795516852125
AKR1B10,0.0059667795516852125
VDR,0.0059667795516852125
DNAJB8,0.0059667795516852125
CTSF,0.0059667795516852125
HPN,0.0059667795516852125
MAPK1,0.0059667795516852125
SEC61A1,0.0059667795516852125
NT5C3A,0.0059667795516852125
DPYSL2,0.0059667795516852125
IL32,0.0059667795516852125
NELFB,0.0059667795516852125
CKMT2,0.0059667795516852125
GLA,0.0059667795516852125
GZMA,0.0059667795516852125
SERPINH1,0.0059667795516852125
CASP2,0.005805515239477504
RDH16,0.005805515239477504
CIDEA,0.005805515239477504
FAS,0.005805515239477504
RHOBTB3,0.005805515239477504
GLUD1,0.005805515239477504
GLIPR1,0.005805515239477504
FBL,0.005805515239477504
BGN,0.005805515239477504
SRSF6,0.005805515239477504
RPL3L,0.005805515239477504
SLC7A5,0.005805515239477504
RTN4RL1,0.005805515239477504
CHRNA5,0.005805515239477504
ETF1,0.005805515239477504
SLC11A2,0.005805515239477504
SPRR3,0.005805515239477504
PPARA,0.005805515239477504
STK39,0.005805515239477504
FEZ1,0.005805515239477504
PEX2,0.005805515239477504
CYP17A1,0.005805515239477504
IRAK4,0.005805515239477504
PGS1,0.005805515239477504
ISG20L2,0.005805515239477504
NOC4L,0.005805515239477504
TRIB3,0.005805515239477504
TRAFD1,0.005805515239477504
KIF22,0.005805515239477504
CTSL,0.005805515239477504
HACL1,0.005805515239477504
EGR3,0.005805515239477504
CTSC,0.005805515239477504
SHE,0.005805515239477504
CSK,0.005805515239477504
CS,0.005805515239477504
INHA,0.005805515239477504
MKRN1,0.005805515239477504
FKBP4,0.005805515239477504
HNRNPA2B1,0.005805515239477504
DHRS2,0.005805515239477504
ACADS,0.005805515239477504
ORC2,0.005805515239477504
XIAP,0.005805515239477504
DMRT1,0.005805515239477504
DEK,0.005805515239477504
WNT5B,0.005805515239477504
HSD3B7,0.005805515239477504
DDX25,0.005805515239477504
IL12B,0.005805515239477504
VPS4B,0.005805515239477504
VPS45,0.005805515239477504
VIPR1,0.005805515239477504
CD38,0.005805515239477504
HOMER1,0.005805515239477504
NFIB,0.005805515239477504
TRAF1,0.005805515239477504
TBK1,0.005805515239477504
CDC14B,0.005805515239477504
SUCLG1,0.005805515239477504
SLA,0.005805515239477504
LAP3,0.005805515239477504
GPD1,0.005805515239477504
PRKAR2B,0.005805515239477504
TAL1,0.005805515239477504
CPA2,0.005805515239477504
FOXC2,0.005805515239477504
TES,0.005805515239477504
KLHDC3,0.005805515239477504
TFDP2,0.005805515239477504
SLC2A6,0.005805515239477504
PLIN2,0.005644250927269795
MAP2K6,0.005644250927269795
CCND2,0.005644250927269795
NCF4,0.005644250927269795
GAPDHS,0.005644250927269795
PROP1,0.005644250927269795
GPR182,0.005644250927269795
HSD11B1,0.005644250927269795
CANX,0.005644250927269795
AHCY,0.005644250927269795
TNFSF15,0.005644250927269795
DBT,0.005644250927269795
G6PC2,0.005644250927269795
PDHA1,0.005644250927269795
RABEPK,0.005644250927269795
POLD3,0.005644250927269795
PDLIM4,0.005644250927269795
TANK,0.005644250927269795
WNT5A,0.005644250927269795
PSEN1,0.005644250927269795
CCT7,0.005644250927269795
NDRG2,0.005644250927269795
ZWINT,0.005644250927269795
SLC30A10,0.005644250927269795
ZNF277,0.005644250927269795
POLR3C,0.005644250927269795
FCGR1A,0.005644250927269795
SLC1A5,0.005644250927269795
ZBTB17,0.005644250927269795
FSCN1,0.005644250927269795
PAFAH1B1,0.005644250927269795
SLC34A3,0.005644250927269795
ACP5,0.005644250927269795
PAOX,0.005644250927269795
RXRB,0.005644250927269795
KIFC3,0.005644250927269795
DMTN,0.005644250927269795
CLEC5A,0.005644250927269795
TAS2R4,0.005644250927269795
NMT1,0.005644250927269795
PIF1,0.005644250927269795
POR,0.005644250927269795
CTSV,0.005644250927269795
HDAC11,0.005644250927269795
TNFAIP6,0.005644250927269795
FUS,0.005644250927269795
HBD,0.005644250927269795
STK38L,0.005644250927269795
KLHDC8A,0.005644250927269795
ETV4,0.005644250927269795
CHGA,0.005644250927269795
GJB3,0.005644250927269795
CDC42EP4,0.005644250927269795
CDC20,0.005644250927269795
SLC1A1,0.005644250927269795
PKM,0.005644250927269795
CSRNP2,0.005644250927269795
TNIP2,0.005644250927269795
PTPN1,0.005644250927269795
GSR,0.005644250927269795
SKAP2,0.005644250927269795
HLA-DMB,0.005644250927269795
HMOX1,0.005644250927269795
FANCC,0.005644250927269795
E2F1,0.005644250927269795
CD40LG,0.005644250927269795
PPAT,0.005644250927269795
ECSIT,0.005644250927269795
TMEM8B,0.005644250927269795
SQSTM1,0.005644250927269795
PGK1,0.005644250927269795
CEP57,0.005644250927269795
GNAI1,0.005644250927269795
SGCE,0.005644250927269795
CCNE1,0.005482986615062087
SCAMP3,0.005482986615062087
FOXO3,0.005482986615062087
SLC25A37,0.005482986615062087
SHH,0.005482986615062087
CDC25A,0.005482986615062087
MKNK2,0.005482986615062087
CD34,0.005482986615062087
CASP9,0.005482986615062087
EIF5,0.005482986615062087
NNMT,0.005482986615062087
PIM1,0.005482986615062087
PLAUR,0.005482986615062087
KATNB1,0.005482986615062087
TIMP3,0.005482986615062087
GTF2H1,0.005482986615062087
NEUROG3,0.005482986615062087
PSMC3,0.005482986615062087
KLK11,0.005482986615062087
CPB2,0.005482986615062087
NDUFV1,0.005482986615062087
PRCP,0.005482986615062087
ATP6V1H,0.005482986615062087
COLGALT1,0.005482986615062087
TSG101,0.005482986615062087
AMIGO1,0.005482986615062087
IRF9,0.005482986615062087
HLA-DOA,0.005482986615062087
CYP2J2,0.005482986615062087
IP6K2,0.005482986615062087
PEX19,0.005482986615062087
DAPK2,0.005482986615062087
DUSP5,0.005482986615062087
UGDH,0.005482986615062087
HNRNPA1,0.005482986615062087
IL33,0.005482986615062087
NUDT12,0.005482986615062087
NUFIP1,0.005482986615062087
DDX21,0.005482986615062087
DMPK,0.005482986615062087
YBX2,0.005482986615062087
GPER1,0.005482986615062087
ELOVL2,0.005482986615062087
PSMC6,0.005482986615062087
RGS4,0.005482986615062087
LPCAT3,0.005482986615062087
SUCLG2,0.005482986615062087
SNAP25,0.005482986615062087
GHITM,0.005482986615062087
LMNB1,0.005482986615062087
CA2,0.005482986615062087
MYOT,0.005482986615062087
GNA14,0.005482986615062087
RAE1,0.005482986615062087
GNAI2,0.005482986615062087
GCDH,0.005482986615062087
CASP4,0.005482986615062087
CLN8,0.005482986615062087
ERCC1,0.005482986615062087
MAPK13,0.005482986615062087
BCKDHA,0.005482986615062087
RHOT2,0.005482986615062087
RHCE,0.005321722302854378
RPA1,0.005321722302854378
RGS1,0.005321722302854378
DUSP4,0.005321722302854378
RPLP0,0.005321722302854378
DNAJB4,0.005321722302854378
DES,0.005321722302854378
CFLAR,0.005321722302854378
CHKA,0.005321722302854378
CTSS,0.005321722302854378
CHRNB1,0.005321722302854378
CLDN9,0.005321722302854378
ENDOD1,0.005321722302854378
ENTPD5,0.005321722302854378
CLP1,0.005321722302854378
RMDN3,0.005321722302854378
POMC,0.005321722302854378
NELFE,0.005321722302854378
CPEB3,0.005321722302854378
ELANE,0.005321722302854378
RAD23B,0.005321722302854378
CPM,0.005321722302854378
EIF3D,0.005321722302854378
CRLF2,0.005321722302854378
PWP1,0.005321722302854378
NKX2-5,0.005321722302854378
RAB40C,0.005321722302854378
PIDD1,0.005321722302854378
MATN3,0.005321722302854378
P2RX7,0.005321722302854378
SLC19A2,0.005321722302854378
SIRT2,0.005321722302854378
TGIF1,0.005321722302854378
IPCEF1,0.005321722302854378
ANTXR2,0.005321722302854378
HMGB3,0.005321722302854378
GRWD1,0.005321722302854378
U2AF1,0.005321722302854378
LUC7L3,0.005321722302854378
TCF7,0.005321722302854378
AGPAT3,0.005321722302854378
ADA,0.005321722302854378
SLC25A6,0.005321722302854378
AGFG1,0.005321722302854378
SLC29A2,0.005321722302854378
TAP2,0.005321722302854378
ADAM8,0.005321722302854378
B4GALT2,0.005321722302854378
WEE1,0.005321722302854378
SMS,0.005321722302854378
MAPKAPK3,0.005321722302854378
ATP6AP1,0.005321722302854378
TUBD1,0.005321722302854378
GPR132,0.005321722302854378
IP6K1,0.005321722302854378
CALR,0.005321722302854378
KRT18,0.005321722302854378
SLC7A11,0.005321722302854378
CANT1,0.005321722302854378
MDM2,0.005321722302854378
MAP3K8,0.005321722302854378
BEST1,0.005321722302854378
ARFGAP3,0.005321722302854378
BDKRB1,0.005321722302854378
SFRP1,0.005321722302854378
YWHAE,0.005321722302854378
LGMN,0.005321722302854378
BCL3,0.005321722302854378
ST6GAL1,0.005321722302854378
MGAT1,0.005321722302854378
KCNMB2,0.005321722302854378
CCT6A,0.005321722302854378
IFIT3,0.005321722302854378
SF3A3,0.005321722302854378
IL2RG,0.005321722302854378
UPP1,0.005321722302854378
APOBEC3G,0.005321722302854378
STARD4,0.005321722302854378
AKAP10,0.005321722302854378
SS18,0.005321722302854378
AZGP1,0.00516045799064667
ETFDH,0.00516045799064667
ADIPOR1,0.00516045799064667
JMJD6,0.00516045799064667
GPR183,0.00516045799064667
GNAO1,0.00516045799064667
E2F5,0.00516045799064667
DCP1A,0.00516045799064667
ERMAP,0.00516045799064667
STX16,0.00516045799064667
IL1B,0.00516045799064667
SPDEF,0.00516045799064667
PTCD2,0.00516045799064667
RAD51AP1,0.00516045799064667
BHLHE40,0.00516045799064667
LRPAP1,0.00516045799064667
SPARC,0.00516045799064667
EVL,0.00516045799064667
GOT1,0.00516045799064667
BSG,0.00516045799064667
GOT2,0.00516045799064667
ALDH9A1,0.00516045799064667
ALDOA,0.00516045799064667
ALDH6A1,0.00516045799064667
WDR37,0.00516045799064667
NAGK,0.00516045799064667
ALG1,0.00516045799064667
KLK1,0.00516045799064667
PHF7,0.00516045799064667
ANGPTL4,0.00516045799064667
HEXA,0.00516045799064667
COQ5,0.00516045799064667
TIAL1,0.00516045799064667
TMEM176A,0.00516045799064667
TMPO,0.00516045799064667
CD55,0.00516045799064667
HBB,0.00516045799064667
KATNA1,0.00516045799064667
TNFSF11,0.00516045799064667
IDH3G,0.00516045799064667
TNNT3,0.00516045799064667
MMP7,0.00516045799064667
ZNF639,0.00516045799064667
RRM2,0.00516045799064667
ARRB1,0.00516045799064667
ECI2,0.00516045799064667
SLC22A5,0.00516045799064667
RNASEH2A,0.00516045799064667
KLRK1,0.00516045799064667
CYC1,0.00516045799064667
SLC39A8,0.00516045799064667
CDKN1B,0.00516045799064667
DDB2,0.00516045799064667
PPP1R3C,0.00516045799064667
ALDH3A2,0.004999193678438961
TNFAIP2,0.004999193678438961
CTSO,0.004999193678438961
HLA-E,0.004999193678438961
SUV39H1,0.004999193678438961
CSNK1E,0.004999193678438961
PDLIM3,0.004999193678438961
SERINC1,0.004999193678438961
PLAGL1,0.004999193678438961
CLDN8,0.004999193678438961
PTPN2,0.004999193678438961
ST3GAL6,0.004999193678438961
AP2M1,0.004999193678438961
KPTN,0.004999193678438961
TBRG4,0.004999193678438961
TDO2,0.004999193678438961
PEX14,0.004999193678438961
KLF6,0.004999193678438961
ANGPTL3,0.004999193678438961
LAMP2,0.004999193678438961
ANXA4,0.004999193678438961
STAT5A,0.004999193678438961
KLK7,0.004999193678438961
KHSRP,0.004999193678438961
ANXA9,0.004999193678438961
CPT2,0.004999193678438961
STARD3,0.004999193678438961
ARFIP1,0.004999193678438961
STAM2,0.004999193678438961
LCAT,0.004999193678438961
MYOZ1,0.004999193678438961
CTPS1,0.004999193678438961
CDC42EP1,0.004999193678438961
RAPGEFL1,0.004999193678438961
METTL3,0.004999193678438961
BPHL,0.004999193678438961
RORA,0.004999193678438961
IFNAR2,0.004999193678438961
RBCK1,0.004999193678438961
LYPD3,0.004999193678438961
ODC1,0.004999193678438961
RUVBL2,0.004999193678438961
VIP,0.004999193678438961
IGFBP1,0.004999193678438961
SMAD1,0.004999193678438961
F2RL2,0.004999193678438961
MRPS22,0.004999193678438961
IL10RB,0.004999193678438961
GCG,0.004999193678438961
RHD,0.004999193678438961
WRAP73,0.004999193678438961
NUSAP1,0.004999193678438961
MCCC2,0.004999193678438961
HSDL2,0.004999193678438961
RIPK2,0.004999193678438961
MAPKAPK2,0.004999193678438961
WIPI1,0.004999193678438961
PDCD2L,0.004999193678438961
SAMM50,0.004999193678438961
PAK1,0.004999193678438961
SRD5A1,0.004999193678438961
DHPS,0.004999193678438961
SRSF1,0.004999193678438961
PACRG,0.004999193678438961
RAD23A,0.004999193678438961
ACADVL,0.004999193678438961
SPPL2A,0.004999193678438961
ABHD6,0.004999193678438961
MIOX,0.004999193678438961
LTA4H,0.004999193678438961
LTBR,0.004999193678438961
FOSB,0.004999193678438961
PUS1,0.004999193678438961
DECR1,0.004837929366231253
TPSAB1,0.004837929366231253
TOM1L1,0.004837929366231253
PPAN,0.004837929366231253
SLC25A3,0.004837929366231253
KLK2,0.004837929366231253
CD276,0.004837929366231253
CCDC106,0.004837929366231253
TNFRSF1B,0.004837929366231253
IFIT1,0.004837929366231253
RRP8,0.004837929366231253
DLD,0.004837929366231253
PARN,0.004837929366231253
PICK1,0.004837929366231253
DLAT,0.004837929366231253
IFRD1,0.004837929366231253
SHMT1,0.004837929366231253
TIMM50,0.004837929366231253
EIF4A3,0.004837929366231253
CRLF1,0.004837929366231253
ARFGAP1,0.004837929366231253
FNTA,0.004837929366231253
HCCS,0.004837929366231253
TAPBP,0.004837929366231253
PDLIM1,0.004837929366231253
MSX1,0.004837929366231253
SPP1,0.004837929366231253
CA1,0.004837929366231253
SWAP70,0.004837929366231253
TSSK2,0.004837929366231253
LYAR,0.004837929366231253
ALDH7A1,0.004837929366231253
STX3,0.004837929366231253
ENO3,0.004837929366231253
DRAM1,0.004837929366231253
NCK1,0.004837929366231253
PRSS23,0.004837929366231253
RAD52,0.004837929366231253
RAD51C,0.004837929366231253
INHBE,0.004837929366231253
BCL2L13,0.004837929366231253
SQLE,0.004837929366231253
LHX2,0.004837929366231253
GMPR,0.004837929366231253
IMPA2,0.004837929366231253
GPC1,0.004837929366231253
SNRPB,0.004837929366231253
PCGF5,0.004837929366231253
NDUFA9,0.004837929366231253
SLC3A2,0.004837929366231253
RHOH,0.004837929366231253
MTRF1,0.004837929366231253
COPS5,0.004837929366231253
CNTFR,0.004837929366231253
GPR19,0.004837929366231253
PRODH,0.004837929366231253
SLC35D1,0.004837929366231253
UQCRC2,0.004837929366231253
CALB2,0.004837929366231253
PRPS2,0.004837929366231253
PRKAB1,0.004837929366231253
UCK2,0.004676665054023544
ITPK1,0.004676665054023544
USP18,0.004676665054023544
AK2,0.004676665054023544
OSM,0.004676665054023544
HSD17B2,0.004676665054023544
IFNG,0.004676665054023544
PDLIM7,0.004676665054023544
ANXA13,0.004676665054023544
EEF1B2,0.004676665054023544
HMGB2,0.004676665054023544
PEX12,0.004676665054023544
HEYL,0.004676665054023544
WWTR1,0.004676665054023544
NUDT19,0.004676665054023544
OMD,0.004676665054023544
ELOVL6,0.004676665054023544
RPN1,0.004676665054023544
SULT2B1,0.004676665054023544
MBOAT2,0.004676665054023544
ERRFI1,0.004676665054023544
MTHFD2L,0.004676665054023544
AURKB,0.004676665054023544
SMAD7,0.004676665054023544
CA4,0.004676665054023544
SMPDL3A,0.004676665054023544
PSMA3,0.004676665054023544
STX5,0.004676665054023544
MCL1,0.004676665054023544
PSMD12,0.004676665054023544
BTG2,0.004676665054023544
EPOR,0.004676665054023544
BLVRA,0.004676665054023544
SPOCK2,0.004676665054023544
CKM,0.004676665054023544
LIPA,0.004676665054023544
ESRRA,0.004676665054023544
RRM1,0.004676665054023544
ST3GAL5,0.004676665054023544
FLOT2,0.004676665054023544
THBD,0.004676665054023544
SLC16A3,0.004676665054023544
METAP1,0.004676665054023544
SKP2,0.004676665054023544
MGMT,0.004676665054023544
MLF1,0.004676665054023544
SH3BGR,0.004676665054023544
FH,0.004676665054023544
SRD5A3,0.004515400741815836
ACAA1,0.004515400741815836
FGF18,0.004515400741815836
IL1A,0.004515400741815836
F3,0.004515400741815836
ACAT1,0.004515400741815836
SERPINB5,0.004515400741815836
GNAI3,0.004515400741815836
PCYT2,0.004515400741815836
CCNK,0.004515400741815836
SLC1A4,0.004515400741815836
ADRA2C,0.004515400741815836
CD7,0.004515400741815836
ACOT2,0.004515400741815836
VPS37B,0.004515400741815836
ACOT8,0.004515400741815836
DCPS,0.004515400741815836
MAPK8IP2,0.004515400741815836
IFNGR2,0.004515400741815836
DNAJC3,0.004515400741815836
MAPRE3,0.004515400741815836
GALK1,0.004515400741815836
MRPL3,0.004515400741815836
SLC22A18,0.004515400741815836
IGF1,0.004515400741815836
IGFBP3,0.004515400741815836
WSB1,0.004515400741815836
JAM3,0.004515400741815836
USP14,0.004515400741815836
AKR1C3,0.004515400741815836
THEM4,0.004515400741815836
COX15,0.004515400741815836
PGAM2,0.004515400741815836
TTPA,0.004515400741815836
NAPA,0.004515400741815836
TEKT2,0.004515400741815836
ATG4A,0.004515400741815836
GSPT1,0.004515400741815836
NMU,0.004515400741815836
ALDOC,0.004515400741815836
ITGB1BP2,0.004515400741815836
TRIB1,0.004515400741815836
NFKBIB,0.004515400741815836
TNFRSF9,0.004515400741815836
CTSH,0.004515400741815836
TOB1,0.004515400741815836
TPM2,0.004515400741815836
CYB5R3,0.004515400741815836
CXCR3,0.004515400741815836
UBAC1,0.004515400741815836
B3GAT3,0.004515400741815836
ING3,0.004515400741815836
CLN5,0.004515400741815836
GNL3,0.004515400741815836
LDHA,0.004515400741815836
SDC2,0.0043541364296081275
DHCR24,0.0043541364296081275
CD8A,0.0043541364296081275
CCNB2,0.0043541364296081275
POLB,0.0043541364296081275
CTNS,0.0043541364296081275
CRYZ,0.0043541364296081275
SGCB,0.0043541364296081275
SYNGR1,0.0043541364296081275
CD46,0.0043541364296081275
CDADC1,0.0043541364296081275
USP12,0.0043541364296081275
ZFP36,0.0043541364296081275
CSNK1D,0.0043541364296081275
TPST1,0.0043541364296081275
DHRS3,0.0043541364296081275
ST3GAL4,0.0043541364296081275
PTHLH,0.0043541364296081275
CLEC4A,0.0043541364296081275
ZNF707,0.0043541364296081275
TRAF4,0.0043541364296081275
BCL2L11,0.0043541364296081275
ARFIP2,0.0043541364296081275
PRMT2,0.0043541364296081275
ATP6V0D1,0.0043541364296081275
CALML5,0.0043541364296081275
SLC35B1,0.0043541364296081275
TALDO1,0.0043541364296081275
PSMA1,0.0043541364296081275
PREB,0.0043541364296081275
PCBP1,0.0043541364296081275
SLC30A1,0.0043541364296081275
CDK5R1,0.0043541364296081275
SLC25A11,0.0043541364296081275
BYSL,0.0043541364296081275
ICAM2,0.0043541364296081275
PSPH,0.0043541364296081275
PPM1A,0.0043541364296081275
ATP1B1,0.0043541364296081275
DAP3,0.0043541364296081275
BMPR1A,0.0043541364296081275
ATF1,0.0043541364296081275
TGIF2,0.0043541364296081275
ANXA1,0.0043541364296081275
ASB7,0.0043541364296081275
SERBP1,0.0043541364296081275
ICAM4,0.0043541364296081275
ELK4,0.0043541364296081275
DLST,0.0043541364296081275
ECD,0.0043541364296081275
FBXO5,0.0043541364296081275
NDUFS2,0.0043541364296081275
HLA-F,0.0043541364296081275
DNAJA4,0.0043541364296081275
METTL7B,0.0043541364296081275
DNAJB1,0.0043541364296081275
MADCAM1,0.0043541364296081275
EDN1,0.0043541364296081275
MTCH2,0.0043541364296081275
FOXC1,0.0043541364296081275
GFI1,0.0043541364296081275
IFNB1,0.0043541364296081275
FZD5,0.0043541364296081275
MBP,0.0043541364296081275
EFNA5,0.0043541364296081275
GALK2,0.0043541364296081275
E2F2,0.0043541364296081275
HEXIM1,0.0043541364296081275
GRINA,0.0043541364296081275
KLK10,0.0043541364296081275
MXD1,0.0043541364296081275
HS2ST1,0.0043541364296081275
EIF4A1,0.0043541364296081275
MVK,0.0043541364296081275
OPN3,0.0043541364296081275
GNB4,0.0043541364296081275
DKK4,0.0043541364296081275
NEK2,0.0043541364296081275
DUSP6,0.0043541364296081275
NFKBIE,0.0043541364296081275
NR0B2,0.0041928721174004195
AKAP7,0.0041928721174004195
SLC25A17,0.0041928721174004195
IL6,0.0041928721174004195
PHKG1,0.0041928721174004195
SLC25A19,0.0041928721174004195
IRF7,0.0041928721174004195
MDH1,0.0041928721174004195
NAMPT,0.0041928721174004195
CD247,0.0041928721174004195
IRF1,0.0041928721174004195
MKNK1,0.0041928721174004195
SERPINB6,0.0041928721174004195
CCNA2,0.0041928721174004195
CYB5R1,0.0041928721174004195
UAP1,0.0041928721174004195
EFHD1,0.0041928721174004195
IMP4,0.0041928721174004195
PTGR1,0.0041928721174004195
SGMS2,0.0041928721174004195
ALAD,0.0041928721174004195
APOL6,0.0041928721174004195
SLC25A5,0.0041928721174004195
HDAC1,0.0041928721174004195
NEK7,0.0041928721174004195
BASP1,0.0041928721174004195
ELOVL3,0.0041928721174004195
AURKA,0.0041928721174004195
ATP6V1C1,0.0041928721174004195
LEFTY2,0.0041928721174004195
BCL10,0.0041928721174004195
POLD2,0.0041928721174004195
GMCL1,0.0041928721174004195
GSG1,0.0041928721174004195
TGFB3,0.0041928721174004195
SPSB1,0.0041928721174004195
SPRY4,0.0041928721174004195
LSP1,0.0041928721174004195
ARPC2,0.0041928721174004195
PRG2,0.0041928721174004195
LY96,0.0041928721174004195
KCNMB1,0.0041928721174004195
TMEM164,0.0041928721174004195
GZMB,0.0041928721174004195
CA12,0.0041928721174004195
PRNP,0.0041928721174004195
PROZ,0.0041928721174004195
TNNT1,0.0041928721174004195
VAMP7,0.0041928721174004195
MAGIX,0.0041928721174004195
PITPNC1,0.0041928721174004195
TPM3,0.0041928721174004195
MAPK14,0.0041928721174004195
CD48,0.0041928721174004195
PGLS,0.0041928721174004195
CENPN,0.0041928721174004195
ACAA2,0.0041928721174004195
RAB34,0.0041928721174004195
PDGFB,0.0041928721174004195
ADIPOR2,0.0041928721174004195
NRIP2,0.0041928721174004195
MYL2,0.0041928721174004195
FBP1,0.0041928721174004195
ORM1,0.0041928721174004195
IL12A,0.0041928721174004195
FBXO9,0.0041928721174004195
RGS16,0.0041928721174004195
SAT1,0.0041928721174004195
RNH1,0.0041928721174004195
DHRS7,0.0041928721174004195
OAT,0.0041928721174004195
DCAF10,0.0041928721174004195
CDKN2AIP,0.0041928721174004195
ADIPOQ,0.0041928721174004195
RAD51,0.0041928721174004195
SCN1B,0.0041928721174004195
OXA1L,0.0041928721174004195
ADH5,0.0041928721174004195
CHEK1,0.0041928721174004195
GINS4,0.004031607805192711
SLC25A28,0.004031607805192711
NFYC,0.004031607805192711
CHPT1,0.004031607805192711
SLC25A38,0.004031607805192711
HERPUD1,0.004031607805192711
MSC,0.004031607805192711
DCUN1D1,0.004031607805192711
RHOB,0.004031607805192711
ACTR2,0.004031607805192711
ANKRD2,0.004031607805192711
RRM2B,0.004031607805192711
TSPAN5,0.004031607805192711
DCTN4,0.004031607805192711
NMI,0.004031607805192711
EIF2S3,0.004031607805192711
NUDT9,0.004031607805192711
BTG1,0.004031607805192711
MAFB,0.004031607805192711
DDX39A,0.004031607805192711
TNNI2,0.004031607805192711
CDK6,0.004031607805192711
TNNI3,0.004031607805192711
ARF1,0.004031607805192711
KCNIP3,0.004031607805192711
TNP2,0.004031607805192711
RPL6,0.004031607805192711
JUN,0.004031607805192711
IFITM3,0.004031607805192711
CTSB,0.004031607805192711
PRPS1,0.004031607805192711
TPBG,0.004031607805192711
C1QA,0.004031607805192711
CNN2,0.004031607805192711
COQ3,0.004031607805192711
CAPG,0.004031607805192711
TPM1,0.004031607805192711
TST,0.004031607805192711
EIF1AX,0.004031607805192711
TUBB,0.004031607805192711
BCKDHB,0.004031607805192711
RDH11,0.004031607805192711
UBR7,0.004031607805192711
CLIC2,0.004031607805192711
SH3BP5,0.004031607805192711
SH2B3,0.004031607805192711
CD79A,0.004031607805192711
ORC5,0.004031607805192711
CKB,0.004031607805192711
TARDBP,0.004031607805192711
RAB4A,0.004031607805192711
GRHPR,0.004031607805192711
IL17RB,0.004031607805192711
PELI1,0.004031607805192711
AADAT,0.004031607805192711
BAX,0.004031607805192711
RFC3,0.004031607805192711
P2RX6,0.004031607805192711
P2RX4,0.004031607805192711
CCND1,0.004031607805192711
UBE2J1,0.004031607805192711
LOX,0.004031607805192711
NFYA,0.004031607805192711
MVD,0.004031607805192711
HLA-DOB,0.004031607805192711
TUBB2A,0.004031607805192711
CST8,0.004031607805192711
SUCLA2,0.004031607805192711
MYL9,0.004031607805192711
PDCD1,0.004031607805192711
PPM1G,0.004031607805192711
MPZL2,0.004031607805192711
TUBB2B,0.004031607805192711
ICOSLG,0.0038703434929850023
ELMOD3,0.0038703434929850023
PPP4C,0.0038703434929850023
STX4,0.0038703434929850023
FABP6,0.0038703434929850023
LDLRAP1,0.0038703434929850023
SRF,0.0038703434929850023
MTHFD2,0.0038703434929850023
LAPTM5,0.0038703434929850023
GNB2,0.0038703434929850023
POLR1C,0.0038703434929850023
SOCS2,0.0038703434929850023
IDH3A,0.0038703434929850023
ATG4B,0.0038703434929850023
ST6GALNAC2,0.0038703434929850023
TCP1,0.0038703434929850023
HUS1,0.0038703434929850023
MUC1,0.0038703434929850023
ARG2,0.0038703434929850023
ZMAT3,0.0038703434929850023
TFB2M,0.0038703434929850023
SPINT2,0.0038703434929850023
CASP3,0.0038703434929850023
MFAP5,0.0038703434929850023
PSMB8,0.0038703434929850023
MRPL9,0.0038703434929850023
CCRL2,0.0038703434929850023
MRPS31,0.0038703434929850023
FGF9,0.0038703434929850023
TSKU,0.0038703434929850023
IGFBP4,0.0038703434929850023
FUCA1,0.0038703434929850023
HLA-DMA,0.0038703434929850023
PHB2,0.0038703434929850023
INSL5,0.0038703434929850023
MDH2,0.0038703434929850023
CD28,0.0038703434929850023
ENO2,0.0038703434929850023
CD74,0.0038703434929850023
UPK3B,0.0038703434929850023
EPSTI1,0.0038703434929850023
SC5D,0.0038703434929850023
HDAC2,0.0038703434929850023
RRAGD,0.0038703434929850023
EGLN2,0.0038703434929850023
SEC14L2,0.0038703434929850023
MPI,0.0038703434929850023
CTH,0.0038703434929850023
JUNB,0.0038703434929850023
SFN,0.0038703434929850023
CLDN4,0.0038703434929850023
PYCR1,0.0038703434929850023
CALU,0.0038703434929850023
GDNF,0.0038703434929850023
MLYCD,0.0038703434929850023
RAB27A,0.0038703434929850023
MOCS2,0.0038703434929850023
AKR1A1,0.0038703434929850023
ACRV1,0.0038703434929850023
HADH,0.0038703434929850023
HAX1,0.0038703434929850023
ERGIC3,0.0038703434929850023
AEN,0.0038703434929850023
CLDN19,0.003709079180777294
RIT1,0.003709079180777294
CLDN14,0.003709079180777294
CD40,0.003709079180777294
LDHB,0.003709079180777294
MPZL1,0.003709079180777294
CD63,0.003709079180777294
RFC5,0.003709079180777294
SRSF2,0.003709079180777294
MGLL,0.003709079180777294
FOS,0.003709079180777294
SMAD5,0.003709079180777294
NDUFB5,0.003709079180777294
COPE,0.003709079180777294
CDK4,0.003709079180777294
RIBC2,0.003709079180777294
FABP1,0.003709079180777294
RBP1,0.003709079180777294
SLC2A8,0.003709079180777294
LY86,0.003709079180777294
BPNT1,0.003709079180777294
SPI1,0.003709079180777294
SLC25A20,0.003709079180777294
SRM,0.003709079180777294
CNP,0.003709079180777294
MEST,0.003709079180777294
CD82,0.003709079180777294
ERCC8,0.003709079180777294
LFNG,0.003709079180777294
LEP,0.003709079180777294
MYOG,0.003709079180777294
CDO1,0.003709079180777294
TWSG1,0.003709079180777294
ADRM1,0.003709079180777294
PGRMC1,0.003709079180777294
ALDH3B1,0.003709079180777294
GTF2B,0.003709079180777294
PEX11B,0.003709079180777294
TM4SF1,0.003709079180777294
PHLDA1,0.003709079180777294
ADCYAP1,0.003709079180777294
TMEM100,0.003709079180777294
PEX13,0.003709079180777294
HSD17B11,0.003709079180777294
VPREB1,0.003709079180777294
PDK1,0.003709079180777294
DEGS1,0.003709079180777294
HPCAL4,0.003709079180777294
AIMP2,0.003709079180777294
HES1,0.003709079180777294
UCP2,0.003709079180777294
UQCRC1,0.003709079180777294
TP53INP1,0.003709079180777294
NKX3-1,0.003709079180777294
NKX6-1,0.003709079180777294
PECR,0.003709079180777294
UGCG,0.003709079180777294
HDGF,0.003709079180777294
PGM3,0.003709079180777294
ARG1,0.003709079180777294
TRIM14,0.003709079180777294
ACAT2,0.003709079180777294
GPR3,0.003709079180777294
GPD1L,0.003709079180777294
INSIG1,0.003709079180777294
NFKBIA,0.003709079180777294
AUH,0.003709079180777294
IDI1,0.003709079180777294
HYAL2,0.003709079180777294
ABHD4,0.003709079180777294
DGAT1,0.003709079180777294
SMAD6,0.0035478148685695854
ISOC1,0.0035478148685695854
QDPR,0.0035478148685695854
RGS11,0.0035478148685695854
DLK2,0.0035478148685695854
CPOX,0.0035478148685695854
CACNG1,0.0035478148685695854
TCEA1,0.0035478148685695854
MALL,0.0035478148685695854
CD70,0.0035478148685695854
AMD1,0.0035478148685695854
TNFSF9,0.0035478148685695854
DGUOK,0.0035478148685695854
DIO1,0.0035478148685695854
PPA1,0.0035478148685695854
CLDN11,0.0035478148685695854
CYP51A1,0.0035478148685695854
OVOL2,0.0035478148685695854
HAGH,0.0035478148685695854
SLC35A3,0.0035478148685695854
SERTAD3,0.0035478148685695854
ILF2,0.0035478148685695854
CASP7,0.0035478148685695854
NAP1L1,0.0035478148685695854
COMT,0.0035478148685695854
APOA1,0.0035478148685695854
CD14,0.0035478148685695854
AKR1C2,0.0035478148685695854
MAP2K5,0.0035478148685695854
PEF1,0.0035478148685695854
B4GALT1,0.0035478148685695854
CD3E,0.0035478148685695854
CIR1,0.0035478148685695854
BDH2,0.0035478148685695854
HIBCH,0.0035478148685695854
PPT1,0.0035478148685695854
SPHK1,0.0035478148685695854
YWHAG,0.0035478148685695854
FCGR2B,0.0035478148685695854
HMGCL,0.0035478148685695854
LTA,0.0035478148685695854
SPRY2,0.0035478148685695854
GSTK1,0.0035478148685695854
GSTA3,0.0035478148685695854
B4GALT7,0.0035478148685695854
CDK7,0.0035478148685695854
LOXL1,0.0035478148685695854
ATF5,0.0035478148685695854
PNMT,0.0035478148685695854
NFS1,0.0035478148685695854
FSHB,0.0035478148685695854
CXCR6,0.0035478148685695854
PEX26,0.0035478148685695854
SORD,0.0035478148685695854
PRDX6,0.0035478148685695854
TSPAN7,0.0035478148685695854
SH2B2,0.0035478148685695854
MRAP,0.0035478148685695854
DFFA,0.0035478148685695854
BUB3,0.0035478148685695854
PEX16,0.0035478148685695854
PRKAG1,0.0035478148685695854
MRPL15,0.0035478148685695854
KLF9,0.0035478148685695854
RAD9A,0.0035478148685695854
KDELR3,0.0035478148685695854
ZC2HC1C,0.0035478148685695854
FN3K,0.0035478148685695854
UCK1,0.0035478148685695854
BTC,0.0035478148685695854
EXOSC7,0.0035478148685695854
HMBS,0.0035478148685695854
SIAH1,0.003386550556361877
LAT2,0.003386550556361877
SET,0.003386550556361877
RALB,0.003386550556361877
MVB12A,0.003386550556361877
HTATIP2,0.003386550556361877
PARD6G,0.003386550556361877
PARVA,0.003386550556361877
HSPB8,0.003386550556361877
RND3,0.003386550556361877
CGRRF1,0.003386550556361877
NUP50,0.003386550556361877
ACP1,0.003386550556361877
DDIT3,0.003386550556361877
FDFT1,0.003386550556361877
DDAH1,0.003386550556361877
SESN1,0.003386550556361877
XAF1,0.003386550556361877
ACTR3,0.003386550556361877
CD9,0.003386550556361877
RAC2,0.003386550556361877
HSD17B7,0.003386550556361877
SCD,0.003386550556361877
IL10,0.003386550556361877
VASP,0.003386550556361877
UROS,0.003386550556361877
HNRNPC,0.003386550556361877
HNRNPA3,0.003386550556361877
CD83,0.003386550556361877
HLA-DQA1,0.003386550556361877
PGLYRP1,0.003386550556361877
PRKAR2A,0.003386550556361877
GTF2H3,0.003386550556361877
TIPIN,0.003386550556361877
MAPRE1,0.003386550556361877
PSMA6,0.003386550556361877
LMO2,0.003386550556361877
TPD52,0.003386550556361877
EI24,0.003386550556361877
PNO1,0.003386550556361877
POLR2C,0.003386550556361877
SNRPA,0.003386550556361877
GRB2,0.003386550556361877
TCL1A,0.003386550556361877
KLF7,0.003386550556361877
MAD2L1,0.003386550556361877
PSMB5,0.003386550556361877
TNFRSF4,0.003386550556361877
ELOVL5,0.003386550556361877
PSME2,0.003386550556361877
PMM1,0.003386550556361877
ARRB2,0.003386550556361877
ASCL1,0.003386550556361877
CEBPA,0.003386550556361877
B4GALT4,0.003386550556361877
GPR18,0.003386550556361877
CXCL9,0.003386550556361877
PRDX1,0.003386550556361877
ANP32E,0.003386550556361877
WDR74,0.0032252862441541686
HSD17B6,0.0032252862441541686
FADS1,0.0032252862441541686
PLEK2,0.0032252862441541686
TMED10,0.0032252862441541686
CD79B,0.0032252862441541686
FAM162A,0.0032252862441541686
RHOD,0.0032252862441541686
PPP1CA,0.0032252862441541686
ACP2,0.0032252862441541686
DNAJB9,0.0032252862441541686
CDK9,0.0032252862441541686
RTP4,0.0032252862441541686
WNT6,0.0032252862441541686
IGFBP5,0.0032252862441541686
CDC42,0.0032252862441541686
SRSF7,0.0032252862441541686
SNX2,0.0032252862441541686
COQ9,0.0032252862441541686
PNRC1,0.0032252862441541686
XCL1,0.0032252862441541686
PNP,0.0032252862441541686
DDIT4,0.0032252862441541686
SOCS3,0.0032252862441541686
DDAH2,0.0032252862441541686
EXOSC5,0.0032252862441541686
GGH,0.0032252862441541686
CTBP1,0.0032252862441541686
CAP1,0.0032252862441541686
MMD,0.0032252862441541686
CASP6,0.0032252862441541686
GAPDH,0.0032252862441541686
GALM,0.0032252862441541686
RCHY1,0.0032252862441541686
PSMB10,0.0032252862441541686
APEX1,0.0032252862441541686
CCT4,0.0032252862441541686
PEX11A,0.0032252862441541686
EMP2,0.0032252862441541686
ANXA5,0.0032252862441541686
STK25,0.0032252862441541686
CBX1,0.0032252862441541686
IDH3B,0.0032252862441541686
FUT4,0.0032252862441541686
AMMECR1,0.0032252862441541686
CCNG1,0.0032252862441541686
PDHB,0.0032252862441541686
TPD52L1,0.0032252862441541686
PLAC1,0.0032252862441541686
HOXB9,0.0032252862441541686
BCL2L1,0.0032252862441541686
ATP1B3,0.0032252862441541686
BCL2,0.0032252862441541686
CD69,0.0032252862441541686
TNNI1,0.0032252862441541686
CACYBP,0.0032252862441541686
GCLM,0.0032252862441541686
ASF1B,0.0032252862441541686
APOD,0.0032252862441541686
PDX1,0.0032252862441541686
UQCRB,0.0032252862441541686
POLR2E,0.0032252862441541686
IL7,0.0032252862441541686
GDE1,0.0032252862441541686
GMPR2,0.00306402193194646
LPAR6,0.00306402193194646
YIF1A,0.00306402193194646
RGN,0.00306402193194646
YIPF6,0.00306402193194646
C4BPB,0.00306402193194646
RPE,0.00306402193194646
VDAC1,0.00306402193194646
CCND3,0.00306402193194646
UBE2D3,0.00306402193194646
FTL,0.00306402193194646
UCHL5,0.00306402193194646
CBX5,0.00306402193194646
CCNG2,0.00306402193194646
SLC25A4,0.00306402193194646
APH1A,0.00306402193194646
CD3D,0.00306402193194646
SDC4,0.00306402193194646
MPG,0.00306402193194646
HOXD11,0.00306402193194646
CAB39,0.00306402193194646
TNNC1,0.00306402193194646
RPS2,0.00306402193194646
MAF,0.00306402193194646
AQP3,0.00306402193194646
CD80,0.00306402193194646
GYPB,0.00306402193194646
SIRT6,0.00306402193194646
WNT1,0.00306402193194646
SNRPD2,0.00306402193194646
BTG3,0.00306402193194646
IGFBP2,0.00306402193194646
MRPS18B,0.00306402193194646
GUK1,0.00306402193194646
TK2,0.00306402193194646
RPS5,0.00306402193194646
GP9,0.00306402193194646
DHRS7B,0.00306402193194646
ETFA,0.00306402193194646
MYL6B,0.00306402193194646
PPP4R2,0.00306402193194646
CTSZ,0.00306402193194646
CTHRC1,0.00306402193194646
PTP4A3,0.00306402193194646
PTX3,0.00306402193194646
RCE1,0.00306402193194646
RCL1,0.00306402193194646
EIF5A,0.00306402193194646
EIF4H,0.00306402193194646
PITPNB,0.00306402193194646
MYL3,0.00306402193194646
NDUFB7,0.00306402193194646
PSMA7,0.00306402193194646
PSMA4,0.00306402193194646
ECHS1,0.00306402193194646
PCNA,0.00306402193194646
CD47,0.002902757619738752
HSD17B14,0.002902757619738752
TOR1B,0.002902757619738752
CTLA4,0.002902757619738752
FGF17,0.002902757619738752
BATF2,0.002902757619738752
BATF,0.002902757619738752
RAB1A,0.002902757619738752
CISH,0.002902757619738752
RAB2A,0.002902757619738752
GNMT,0.002902757619738752
RAB31,0.002902757619738752
GOSR2,0.002902757619738752
BCL2A1,0.002902757619738752
BAK1,0.002902757619738752
MRAS,0.002902757619738752
TNNC2,0.002902757619738752
LALBA,0.002902757619738752
MYL4,0.002902757619738752
TMX1,0.002902757619738752
CDCA3,0.002902757619738752
PPIB,0.002902757619738752
CD274,0.002902757619738752
STARD7,0.002902757619738752
IL15RA,0.002902757619738752
INSM1,0.002902757619738752
CAV1,0.002902757619738752
CAV3,0.002902757619738752
E2F4,0.002902757619738752
PRIM1,0.002902757619738752
CMBL,0.002902757619738752
CBX3,0.002902757619738752
TSHB,0.002902757619738752
PSMD7,0.002902757619738752
MCEE,0.002902757619738752
CCK,0.002902757619738752
ISG20,0.002902757619738752
BPGM,0.002902757619738752
GINS3,0.002902757619738752
PDZK1,0.002902757619738752
HEY1,0.002902757619738752
SPCS3,0.002902757619738752
ANXA2,0.002902757619738752
EPCAM,0.002902757619738752
AP3S1,0.002902757619738752
DSCC1,0.002902757619738752
SSB,0.002902757619738752
TMEM45A,0.002902757619738752
HSD11B2,0.002902757619738752
DRAM2,0.002902757619738752
IGF2,0.002902757619738752
CNN3,0.002902757619738752
TCF19,0.002902757619738752
CSNK2A2,0.002902757619738752
ASB13,0.002902757619738752
RPL18,0.002902757619738752
CDKN2C,0.002902757619738752
IER5,0.002902757619738752
RBM38,0.002902757619738752
PLSCR1,0.002902757619738752
IFI35,0.002902757619738752
IFI30,0.002902757619738752
RNPS1,0.002902757619738752
EIF4E,0.002902757619738752
CH25H,0.002902757619738752
PMP22,0.002902757619738752
NDUFV2,0.0027414933075310434
OCEL1,0.0027414933075310434
PPP2CB,0.0027414933075310434
NABP1,0.0027414933075310434
FABP2,0.0027414933075310434
MINPP1,0.0027414933075310434
CLDN15,0.0027414933075310434
GM2A,0.0027414933075310434
SERTAD1,0.0027414933075310434
PTRH2,0.0027414933075310434
VEGFA,0.0027414933075310434
AGER,0.0027414933075310434
LIF,0.0027414933075310434
LHPP,0.0027414933075310434
TPI1,0.0027414933075310434
CETN2,0.0027414933075310434
NAA38,0.0027414933075310434
EIF2S2,0.0027414933075310434
CD37,0.0027414933075310434
VPS28,0.0027414933075310434
YWHAZ,0.0027414933075310434
APOBEC3F,0.0027414933075310434
TOMM40,0.0027414933075310434
BCAP31,0.0027414933075310434
KLRD1,0.0027414933075310434
PDK2,0.0027414933075310434
FBXO6,0.0027414933075310434
MXI1,0.0027414933075310434
UBE2N,0.0027414933075310434
UNG,0.0027414933075310434
NQO1,0.0027414933075310434
NFYB,0.0027414933075310434
TTR,0.0027414933075310434
PEX7,0.0027414933075310434
MARCKS,0.0027414933075310434
UBE2L6,0.0027414933075310434
ERP29,0.0027414933075310434
EEF1E1,0.0027414933075310434
PMVK,0.0027414933075310434
MAPK12,0.0027414933075310434
MAPK11,0.0027414933075310434
GCA,0.0027414933075310434
PGAM1,0.0027414933075310434
RCAN1,0.0027414933075310434
HNRNPD,0.0027414933075310434
DHRS1,0.0027414933075310434
BNIP3,0.0027414933075310434
GINS2,0.0027414933075310434
PSME3,0.0027414933075310434
SPC25,0.0027414933075310434
COX4I1,0.0027414933075310434
RBP4,0.0027414933075310434
HEBP1,0.0027414933075310434
NDUFS7,0.0027414933075310434
BIRC5,0.0027414933075310434
ITGB1BP1,0.0027414933075310434
BID,0.0027414933075310434
CLN6,0.0027414933075310434
MGST1,0.0027414933075310434
RAB22A,0.0027414933075310434
NAT1,0.0027414933075310434
PRDX2,0.0027414933075310434
TMEM97,0.0027414933075310434
IGFBP7,0.0027414933075310434
TNFAIP8,0.0027414933075310434
TMEM50A,0.0027414933075310434
GNPDA1,0.0027414933075310434
TLX1,0.0027414933075310434
MYL7,0.0027414933075310434
CDCA8,0.0027414933075310434
RPS6,0.0027414933075310434
XRCC3,0.0027414933075310434
RPS3,0.0027414933075310434
MRPS15,0.0027414933075310434
POP4,0.0027414933075310434
MRPL23,0.0027414933075310434
DNAJA1,0.0027414933075310434
MRTO4,0.0027414933075310434
YWHAB,0.0027414933075310434
DNAJC12,0.0027414933075310434
HSPB2,0.0027414933075310434
RAN,0.0027414933075310434
RAP2B,0.0027414933075310434
CDC42EP2,0.0027414933075310434
NUDT21,0.002580228995323335
THY1,0.002580228995323335
EIF3J,0.002580228995323335
GSTZ1,0.002580228995323335
SPR,0.002580228995323335
MRPS11,0.002580228995323335
AK3,0.002580228995323335
IL4,0.002580228995323335
RSU1,0.002580228995323335
SIT1,0.002580228995323335
STX12,0.002580228995323335
DUSP2,0.002580228995323335
HDDC2,0.002580228995323335
VAMP5,0.002580228995323335
PTGDS,0.002580228995323335
EREG,0.002580228995323335
DUSP1,0.002580228995323335
TMED2,0.002580228995323335
MGST3,0.002580228995323335
ITPA,0.002580228995323335
TPM4,0.002580228995323335
SRPRB,0.002580228995323335
ATP6V1D,0.002580228995323335
MYD88,0.002580228995323335
HHEX,0.002580228995323335
CXCL14,0.002580228995323335
ECI1,0.002580228995323335
CALM1,0.002580228995323335
CALCB,0.002580228995323335
CAPZB,0.002580228995323335
MAL,0.002580228995323335
PROK2,0.002580228995323335
TGFB1,0.002580228995323335
C1QBP,0.002580228995323335
GPX8,0.002580228995323335
PMM2,0.002580228995323335
TMEM140,0.002580228995323335
RFC2,0.002580228995323335
NDUFS3,0.002580228995323335
ATOH8,0.002580228995323335
CLTB,0.002580228995323335
PSMD13,0.002580228995323335
SOD2,0.002580228995323335
SLC25A10,0.002580228995323335
REEP5,0.002580228995323335
BRMS1L,0.002580228995323335
IL9,0.002580228995323335
GSTM3,0.002580228995323335
TAGLN,0.002580228995323335
RALA,0.002580228995323335
OLR1,0.002580228995323335
ANKRA2,0.002580228995323335
RRAS,0.002580228995323335
MRPL35,0.002580228995323335
IL2,0.002580228995323335
VBP1,0.002580228995323335
VDAC3,0.002580228995323335
KCNE2,0.002580228995323335
VEGFB,0.002580228995323335
GMPPB,0.002580228995323335
NGB,0.002580228995323335
SAR1B,0.002580228995323335
FHL2,0.002580228995323335
EXOSC2,0.002580228995323335
PLAC8,0.002580228995323335
SECTM1,0.002580228995323335
CHAC1,0.002580228995323335
RAB9A,0.002580228995323335
PPBP,0.002580228995323335
SDHB,0.002580228995323335
YWHAQ,0.002580228995323335
APOE,0.002580228995323335
ADM,0.002580228995323335
GNG12,0.002580228995323335
SSBP1,0.002580228995323335
IL15,0.002580228995323335
KCNIP2,0.002580228995323335
NHP2,0.002580228995323335
HPGD,0.002580228995323335
ARF6,0.002580228995323335
MID1IP1,0.002580228995323335
FLT3LG,0.002580228995323335
PIM3,0.0024189646831156266
SNCA,0.0024189646831156266
SNCB,0.0024189646831156266
CITED2,0.0024189646831156266
ETFB,0.0024189646831156266
GSTM2,0.0024189646831156266
SNRPA1,0.0024189646831156266
CSRP3,0.0024189646831156266
STX7,0.0024189646831156266
GHRL,0.0024189646831156266
SNRPB2,0.0024189646831156266
ASF1A,0.0024189646831156266
DHFR,0.0024189646831156266
ISCU,0.0024189646831156266
TSPO2,0.0024189646831156266
SNX24,0.0024189646831156266
PRAF2,0.0024189646831156266
COPZ2,0.0024189646831156266
PF4,0.0024189646831156266
POLR1D,0.0024189646831156266
TIMP2,0.0024189646831156266
NDUFA6,0.0024189646831156266
RER1,0.0024189646831156266
FEN1,0.0024189646831156266
NDUFS8,0.0024189646831156266
DCK,0.0024189646831156266
IL11,0.0024189646831156266
SLPI,0.0024189646831156266
MOSPD1,0.0024189646831156266
UBE2C,0.0024189646831156266
CLCF1,0.0024189646831156266
ECH1,0.0024189646831156266
PGF,0.0024189646831156266
UBE2I,0.0024189646831156266
EDN2,0.0024189646831156266
PSMA2,0.0024189646831156266
GREM1,0.0024189646831156266
CSNK2B,0.0024189646831156266
MNAT1,0.0024189646831156266
PSMC3IP,0.0024189646831156266
CSRP2,0.0024189646831156266
CDA,0.0024189646831156266
PPP1R8,0.0024189646831156266
CD160,0.0024189646831156266
POLR3G,0.0024189646831156266
NUDT4,0.0024189646831156266
GSTO1,0.0024189646831156266
RPA2,0.0024189646831156266
ATP6V1E1,0.0024189646831156266
CDC34,0.0024189646831156266
CSF3,0.0024189646831156266
RAD1,0.0024189646831156266
FKBP14,0.0024189646831156266
SYNGR2,0.0024189646831156266
VAPA,0.0024189646831156266
CDK2,0.0024189646831156266
CTSK,0.0024189646831156266
REEP1,0.0024189646831156266
CD81,0.0024189646831156266
PPIF,0.0024189646831156266
TSN,0.0024189646831156266
VDAC2,0.0024189646831156266
CLPS,0.0024189646831156266
GPX2,0.0024189646831156266
ARL6IP1,0.0024189646831156266
IGSF6,0.0024189646831156266
NCBP2,0.0024189646831156266
PBK,0.0024189646831156266
LSM4,0.0024189646831156266
MSRB2,0.0024189646831156266
BMF,0.0024189646831156266
SSPN,0.002257700370907918
NDUFA8,0.002257700370907918
CYB5B,0.002257700370907918
ALYREF,0.002257700370907918
GLO1,0.002257700370907918
SSR1,0.002257700370907918
NDUFAF4,0.002257700370907918
EIF2S1,0.002257700370907918
TYMS,0.002257700370907918
JAGN1,0.002257700370907918
ARL3,0.002257700370907918
TSPAN13,0.002257700370907918
TFF1,0.002257700370907918
PKIA,0.002257700370907918
SNX10,0.002257700370907918
BST2,0.002257700370907918
NKIRAS1,0.002257700370907918
ANG,0.002257700370907918
TAF9,0.002257700370907918
SRSF3,0.002257700370907918
AREG,0.002257700370907918
ARL2BP,0.002257700370907918
NOG,0.002257700370907918
APOC3,0.002257700370907918
ATP6V0B,0.002257700370907918
TSPAN1,0.002257700370907918
TNF,0.002257700370907918
GYPC,0.002257700370907918
UBE2S,0.002257700370907918
DNAJC15,0.002257700370907918
CD151,0.002257700370907918
PDCD1LG2,0.002257700370907918
PAICS,0.002257700370907918
SAP30,0.002257700370907918
NAPG,0.002257700370907918
FABP3,0.002257700370907918
MTX2,0.002257700370907918
CENPA,0.002257700370907918
PEBP1,0.002257700370907918
NBL1,0.002257700370907918
RHOG,0.002257700370907918
PDAP1,0.002257700370907918
EXOSC4,0.002257700370907918
YWHAH,0.002257700370907918
CFL1,0.002257700370907918
CCL7,0.002257700370907918
NDP,0.002257700370907918
OAZ3,0.002257700370907918
SCAMP1,0.002257700370907918
PTTG1,0.002257700370907918
HSD17B10,0.002257700370907918
DBP,0.002257700370907918
PXMP2,0.002257700370907918
CARTPT,0.002257700370907918
PSMD14,0.002257700370907918
SEC11A,0.002257700370907918
SLC25A1,0.002257700370907918
CD3G,0.002257700370907918
CDK1,0.002257700370907918
HMOX2,0.002257700370907918
DBI,0.002257700370907918
GAMT,0.002257700370907918
UROD,0.002257700370907918
PSMG1,0.002257700370907918
SCG5,0.002257700370907918
SDCBP,0.002257700370907918
PSMD9,0.002257700370907918
PCP4,0.0020964360587002098
EXOSC8,0.0020964360587002098
HSPA1A,0.0020964360587002098
CCL2,0.0020964360587002098
TAF10,0.0020964360587002098
GYPE,0.0020964360587002098
CHMP1A,0.0020964360587002098
VAMP3,0.0020964360587002098
MREG,0.0020964360587002098
ATG10,0.0020964360587002098
LSM1,0.0020964360587002098
DUSP14,0.0020964360587002098
FGF16,0.0020964360587002098
ADORA2B,0.0020964360587002098
SDHC,0.0020964360587002098
SDHD,0.0020964360587002098
TP53INP2,0.0020964360587002098
BCL2L2,0.0020964360587002098
CNIH2,0.0020964360587002098
SST,0.0020964360587002098
IL18BP,0.0020964360587002098
RAB5A,0.0020964360587002098
AGR2,0.0020964360587002098
AHSP,0.0020964360587002098
CD99,0.0020964360587002098
SRP19,0.0020964360587002098
MGP,0.0020964360587002098
APOM,0.0020964360587002098
S100A9,0.0020964360587002098
SH3BGRL2,0.0020964360587002098
PLA2G12A,0.0020964360587002098
RHOF,0.0020964360587002098
UBE2E1,0.0020964360587002098
ARL8A,0.0020964360587002098
EBP,0.0020964360587002098
EBI3,0.0020964360587002098
M6PR,0.0020964360587002098
SNAP23,0.0020964360587002098
SNRPD3,0.0020964360587002098
NDUFB6,0.0020964360587002098
GSTM4,0.0020964360587002098
PSMB9,0.0020964360587002098
PERP,0.0020964360587002098
COX11,0.0020964360587002098
CYB5A,0.0020964360587002098
UNC119,0.0020964360587002098
TIMM17A,0.0020964360587002098
KLF1,0.0020964360587002098
NDUFS4,0.0020964360587002098
GAS1,0.0020964360587002098
UBE2D1,0.0020964360587002098
ID1,0.0020964360587002098
SRXN1,0.0019351717464925011
TGFA,0.0019351717464925011
CLDN7,0.0019351717464925011
GCH1,0.0019351717464925011
ICOS,0.0019351717464925011
CMPK1,0.0019351717464925011
PPP1R2,0.0019351717464925011
CCNO,0.0019351717464925011
TOMM22,0.0019351717464925011
PHF5A,0.0019351717464925011
MAL2,0.0019351717464925011
PDGFA,0.0019351717464925011
GRPEL1,0.0019351717464925011
CLDN3,0.0019351717464925011
LGALS1,0.0019351717464925011
NOP16,0.0019351717464925011
CRABP2,0.0019351717464925011
ATF3,0.0019351717464925011
AMH,0.0019351717464925011
FJX1,0.0019351717464925011
LITAF,0.0019351717464925011
LXN,0.0019351717464925011
CDKN2D,0.0019351717464925011
CDKN3,0.0019351717464925011
CD302,0.0019351717464925011
FIS1,0.0019351717464925011
IL18,0.0019351717464925011
RPL9,0.0019351717464925011
GADD45G,0.0019351717464925011
SOD3,0.0019351717464925011
IL23A,0.0019351717464925011
EFNA1,0.0019351717464925011
CLIC3,0.0019351717464925011
ARHGDIA,0.0019351717464925011
YKT6,0.0019351717464925011
LTB,0.0019351717464925011
MB,0.0019351717464925011
RPS9,0.0019351717464925011
MRPL11,0.0019351717464925011
CCL24,0.0019351717464925011
NXT1,0.0019351717464925011
GPX7,0.0019351717464925011
PEMT,0.0019351717464925011
PDZK1IP1,0.0019351717464925011
PRDX4,0.0019351717464925011
MSRA,0.0019351717464925011
IGFBP6,0.0019351717464925011
ATP6V0C,0.0019351717464925011
POLR2H,0.0019351717464925011
CXCL6,0.0019351717464925011
RNF144B,0.0019351717464925011
NOL3,0.0019351717464925011
NUDT15,0.0019351717464925011
SIGMAR1,0.0019351717464925011
APRT,0.0019351717464925011
NUDT11,0.0019351717464925011
PPP3R1,0.0019351717464925011
DTYMK,0.0019351717464925011
S100A13,0.0019351717464925011
PLA2G2A,0.0017739074342847927
RPL39,0.0017739074342847927
STOM,0.0017739074342847927
GNG2,0.0017739074342847927
ARL4A,0.0017739074342847927
CD59,0.0017739074342847927
MSMB,0.0017739074342847927
CEBPG,0.0017739074342847927
S100A12,0.0017739074342847927
RAB14,0.0017739074342847927
RAB17,0.0017739074342847927
STMN1,0.0017739074342847927
POLR2F,0.0017739074342847927
CRABP1,0.0017739074342847927
ARF4,0.0017739074342847927
MXD4,0.0017739074342847927
GNGT2,0.0017739074342847927
PFN2,0.0017739074342847927
PURA,0.0017739074342847927
C8G,0.0017739074342847927
SRGN,0.0017739074342847927
PSMB3,0.0017739074342847927
CXCL10,0.0017739074342847927
BIK,0.0017739074342847927
SNCG,0.0017739074342847927
GAL,0.0017739074342847927
AK4,0.0017739074342847927
SKP1,0.0017739074342847927
DUSP3,0.0017739074342847927
COX5B,0.0017739074342847927
PHLDA2,0.0017739074342847927
TSPAN4,0.0017739074342847927
BLVRB,0.0017739074342847927
NQO2,0.0017739074342847927
PRDX3,0.0017739074342847927
TNP1,0.0017739074342847927
PSMD8,0.0017739074342847927
CCL13,0.0017739074342847927
CCL11,0.0017739074342847927
SRI,0.0017739074342847927
VAMP4,0.0017739074342847927
HMGN2,0.0017739074342847927
NANP,0.0017739074342847927
NIP7,0.0017739074342847927
NDUFA1,0.0017739074342847927
SLC37A4,0.0017739074342847927
IL13,0.0017739074342847927
GMFB,0.0017739074342847927
PVALB,0.0017739074342847927
COX7A1,0.0017739074342847927
EDF1,0.0017739074342847927
CLDN5,0.0017739074342847927
ID2,0.0016126431220770843
TXNL4A,0.0016126431220770843
CXCL8,0.0016126431220770843
CRIP2,0.0016126431220770843
CBR1,0.0016126431220770843
AKT1S1,0.0016126431220770843
YRDC,0.0016126431220770843
YPEL5,0.0016126431220770843
CBR4,0.0016126431220770843
CNBP,0.0016126431220770843
NHLH2,0.0016126431220770843
RNF11,0.0016126431220770843
TK1,0.0016126431220770843
PEX11G,0.0016126431220770843
IAPP,0.0016126431220770843
PRM2,0.0016126431220770843
CRYAB,0.0016126431220770843
SLC31A1,0.0016126431220770843
PSMB2,0.0016126431220770843
GSTT2,0.0016126431220770843
RBPMS,0.0016126431220770843
PRDX5,0.0016126431220770843
CAV2,0.0016126431220770843
CENPM,0.0016126431220770843
CREG1,0.0016126431220770843
UBE2T,0.0016126431220770843
NDUFB3,0.0016126431220770843
NDUFB2,0.0016126431220770843
IER2,0.0016126431220770843
IFITM1,0.0016126431220770843
NT5C,0.0016126431220770843
PEA15,0.0016126431220770843
BAG1,0.0016126431220770843
HPRT1,0.0016126431220770843
NME1,0.0016126431220770843
POLR3GL,0.0016126431220770843
RABIF,0.0016126431220770843
TNFRSF18,0.0016126431220770843
COX6B1,0.0016126431220770843
EXOSC1,0.0016126431220770843
GLRX,0.0016126431220770843
ETHE1,0.0016126431220770843
POLR2G,0.0016126431220770843
S100A11,0.0016126431220770843
COX6A1,0.0016126431220770843
MRPL40,0.0016126431220770843
MYL12B,0.0016126431220770843
DCTPP1,0.0016126431220770843
PIN1,0.0016126431220770843
CCL25,0.0016126431220770843
APOC1,0.0016126431220770843
RPS14,0.0016126431220770843
RPS3A,0.0016126431220770843
CCL20,0.0016126431220770843
CXCL13,0.0016126431220770843
SLBP,0.0016126431220770843
COX5A,0.0016126431220770843
CSRP1,0.0016126431220770843
GNGT1,0.0016126431220770843
EGLN3,0.0016126431220770843
SUPT4H1,0.0016126431220770843
VPS37D,0.001451378809869376
DR1,0.001451378809869376
CYCS,0.001451378809869376
DIABLO,0.001451378809869376
IFITM2,0.001451378809869376
TPRKB,0.001451378809869376
NINJ1,0.001451378809869376
UBE2L3,0.001451378809869376
EFNA3,0.001451378809869376
PHLDA3,0.001451378809869376
AK1,0.001451378809869376
IFI27,0.001451378809869376
HOPX,0.001451378809869376
IMP3,0.001451378809869376
ARHGDIG,0.001451378809869376
XBP1,0.001451378809869376
UQCR10,0.001451378809869376
TMBIM6,0.001451378809869376
CXCL1,0.001451378809869376
BATF3,0.001451378809869376
RPL14,0.001451378809869376
G0S2,0.001451378809869376
BCL2L10,0.001451378809869376
COX7A2L,0.001451378809869376
PSENEN,0.001451378809869376
RPA3,0.001451378809869376
GADD45B,0.001451378809869376
CBR3,0.001451378809869376
EMP3,0.001451378809869376
CLTA,0.001451378809869376
FABP5,0.001451378809869376
MYL12A,0.001451378809869376
FOSL1,0.001451378809869376
B3GALT6,0.001451378809869376
POLR2D,0.001451378809869376
ATP6V1F,0.001451378809869376
PTGES,0.001451378809869376
FKBP2,0.001451378809869376
RNF4,0.001451378809869376
MLLT11,0.001451378809869376
TFF2,0.001451378809869376
LY6E,0.001451378809869376
NDUFA7,0.001451378809869376
BLCAP,0.001451378809869376
NDUFC2,0.001451378809869376
CDKN2B,0.001451378809869376
REEP6,0.001451378809869376
NDUFS6,0.0012901144976616675
DYNLL2,0.0012901144976616675
MDK,0.0012901144976616675
CCL4,0.0012901144976616675
CST7,0.0012901144976616675
POLR2J,0.0012901144976616675
SSR3,0.0012901144976616675
POLR2I,0.0012901144976616675
UXT,0.0012901144976616675
CXCL12,0.0012901144976616675
CLNS1A,0.0012901144976616675
ATP6V1G1,0.0012901144976616675
BNIP3L,0.0012901144976616675
SOCS1,0.0012901144976616675
TAF13,0.0012901144976616675
PSME1,0.0012901144976616675
BANF1,0.0012901144976616675
SURF1,0.0012901144976616675
BET1,0.0012901144976616675
NDUFV3,0.0012901144976616675
LGALS3,0.0012901144976616675
CALM3,0.0012901144976616675
NDUFA4,0.0012901144976616675
HBEGF,0.0012901144976616675
GLRX2,0.0012901144976616675
EMP1,0.0012901144976616675
EIF4EBP1,0.0012901144976616675
GABARAPL1,0.0012901144976616675
NDUFB4,0.0012901144976616675
COX8A,0.0012901144976616675
SNRPD1,0.0012901144976616675
POP7,0.0012901144976616675
POLR3K,0.0012901144976616675
DAP,0.0012901144976616675
CEBPB,0.0012901144976616675
FSTL3,0.0012901144976616675
TIMP1,0.0012901144976616675
SCGB1A1,0.0012901144976616675
OSTC,0.0012901144976616675
RETN,0.0012901144976616675
ORC6,0.0012901144976616675
ARPP19,0.0012901144976616675
IER3,0.0012901144976616675
FCER1G,0.0012901144976616675
POLE3,0.0012901144976616675
RPS19,0.0012901144976616675
RANBP1,0.0012901144976616675
MRPS12,0.0012901144976616675
CSF2,0.0012901144976616675
S100A10,0.0012901144976616675
GINS1,0.0012901144976616675
PCBD1,0.001128850185453959
RBX1,0.001128850185453959
NCS1,0.001128850185453959
DAD1,0.001128850185453959
PTGES3,0.001128850185453959
ID3,0.001128850185453959
RPL36,0.001128850185453959
RPL34,0.001128850185453959
GABARAPL2,0.001128850185453959
NUPR1,0.001128850185453959
GLIPR2,0.001128850185453959
HBZ,0.001128850185453959
CXCL3,0.001128850185453959
NDUFA2,0.001128850185453959
HBQ1,0.001128850185453959
TXN,0.001128850185453959
CCL5,0.001128850185453959
MSRB1,0.001128850185453959
COX6C,0.001128850185453959
COX7A2,0.001128850185453959
FGF2,0.001128850185453959
SRP9,0.001128850185453959
RPS10,0.001128850185453959
ATP6V0E1,0.001128850185453959
NDUFB8,0.001128850185453959
UQCRH,0.001128850185453959
S100A4,0.001128850185453959
BRF2,0.001128850185453959
CXCL2,0.001128850185453959
GSTM1,0.001128850185453959
SOD1,0.001128850185453959
LAMTOR5,0.001128850185453959
IL5,0.001128850185453959
TCAP,0.001128850185453959
SPC24,0.001128850185453959
FXN,0.001128850185453959
DCXR,0.001128850185453959
PDE6G,0.001128850185453959
ISG15,0.001128850185453959
EIF4E3,0.001128850185453959
MPC2,0.001128850185453959
TFF3,0.0009675858732462506
HMGA1,0.0009675858732462506
NME4,0.0009675858732462506
SPCS1,0.0009675858732462506
CXCL11,0.0009675858732462506
LYSMD2,0.0009675858732462506
CDKN1C,0.0009675858732462506
ARTN,0.0009675858732462506
KCNK15,0.0009675858732462506
SNN,0.0009675858732462506
CRB3,0.0009675858732462506
SMPX,0.0009675858732462506
YPEL1,0.0009675858732462506
PTS,0.0009675858732462506
UFM1,0.0009675858732462506
CHCHD10,0.0009675858732462506
RPS27L,0.0009675858732462506
MPC1,0.0009675858732462506
SDF2L1,0.0009675858732462506
DUT,0.0009675858732462506
HSPB1,0.0009675858732462506
RPL39L,0.0009675858732462506
CKS2,0.0009675858732462506
DYNLT3,0.0009675858732462506
SLC31A2,0.0009675858732462506
APOC2,0.0009675858732462506
MRPL34,0.0009675858732462506
COX7B,0.0009675858732462506
PPIA,0.0009675858732462506
NDUFA3,0.0009675858732462506
TIMM9,0.0009675858732462506
TIMM8B,0.0009675858732462506
TIMM13,0.0009675858732462506
CKS1B,0.0009675858732462506
FABP4,0.0009675858732462506
UQCR11,0.0008063215610385422
COX17,0.0008063215610385422
S100A1,0.0008063215610385422
MXD3,0.0008063215610385422
UQCRQ,0.0008063215610385422
NDUFA5,0.0008063215610385422
FXYD1,0.0008063215610385422
ISCA1,0.0008063215610385422
PFN1,0.0008063215610385422
NRTN,0.0008063215610385422
ERH,0.0008063215610385422
MAFF,0.0008063215610385422
NDUFAB1,0.0008063215610385422
INS,0.0008063215610385422
IKBKG,0.0008063215610385422
KLF2,0.0008063215610385422
TUFM,0.0008063215610385422
POLD4,0.0008063215610385422
ARPC5L,0.0008063215610385422
ARPC3,0.0008063215610385422
TIMM10,0.0008063215610385422
COX7C,0.0008063215610385422
TAF12,0.0008063215610385422
EIF1,0.0008063215610385422
LSM7,0.0008063215610385422
TMEM9B,0.0008063215610385422
EIF1B,0.0008063215610385422
TNFRSF12A,0.0008063215610385422
GNG11,0.0006450572488308337
OXT,0.0006450572488308337
NME3,0.0006450572488308337
FKBP1A,0.0006450572488308337
POLR2K,0.0006450572488308337
FKBP1B,0.0006450572488308337
MT2A,0.0006450572488308337
HSPE1,0.0006450572488308337
GALE,0.0006450572488308337
GADD45A,0.0006450572488308337
LEAP2,0.0006450572488308337
CCL22,0.0006450572488308337
GTF2H5,0.0006450572488308337
NTHL1,0.0006450572488308337
CCL19,0.0006450572488308337
CCL17,0.0006450572488308337
RPS12,0.0006450572488308337
SERP1,0.0006450572488308337
FDX1,0.0006450572488308337
TBC1D30,0.0006450572488308337
FGF22,0.0006450572488308337
HES6,0.0006450572488308337
TSPO,0.0006450572488308337
SNRPG,0.0006450572488308337
ATOX1,0.0006450572488308337
HINT1,0.0006450572488308337
COX6A2,0.0006450572488308337
ADIG,0.0006450572488308337
AP2S1,0.0006450572488308337
MT3,0.0004837929366231253
GLRX5,0.0004837929366231253
SNAPC5,0.0004837929366231253
CFD,0.0004837929366231253
CEBPD,0.0004837929366231253
VAMP8,0.0004837929366231253
SRP14,0.0004837929366231253
PCSK1N,0.0004837929366231253
LSM2,0.0004837929366231253
GPX3,0.0004837929366231253
SLN,0.0004837929366231253
NDUFC1,0.0004837929366231253
CDC42SE2,0.0004837929366231253
GTF2A2,0.0004837929366231253
MIF,0.0004837929366231253
POLE4,0.0003225286244154169
CTF1,0.0003225286244154169
LTC4S,0.0003225286244154169
FRAT1,0.0003225286244154169
SCHIP1,0.0003225286244154169
TRIAP1,0.0003225286244154169
IMPDH2,0.0003225286244154169
TAX1BP3,0.0003225286244154169
NDUFB1,0.0003225286244154169
LGALS7,0.0003225286244154169
DDT,0.00016126431220770844
TMEM158,0.00016126431220770844
MT1E,0.00016126431220770844
PMAIP1,0.00016126431220770844
SRSF10,0.00016126431220770844
KMT5A,0.0
MYL11,0.0
MRE11,0.0
ETFBKMT,0.0
GUCY1B1,0.0
WARS1,0.0
ADGRL4,0.0
ATP5PF,0.0
ADGRG1,0.0
NHERF1,0.0
ATP5PD,0.0
ADH1C,0.0
NHERF4,0.0
KNL1,0.0
ADGRE1,0.0
RACK1,0.0
GYPA,0.0
ATP5PO,0.0
ADGRA2,0.0
SAC3D1,0.0
DOP1A,0.0
ADGRL2,0.0
PLPP1,0.0
ATP5PB,0.0
MTARC2,0.0
ATP5F1C,0.0
TENT4A,0.0
DMAC2L,0.0
PALS1,0.0
MTREX,0.0
RBSN,0.0
CRYBG1,0.0
TENT5A,0.0
TENT5C,0.0
HYCC2,0.0
ATP5F1B,0.0
P3H1,0.0
IARS1,0.0
ATP5F1A,0.0
RETREG1,0.0
AARS1,0.0
CROCCP2,0.0
RIGI,0.0
RARS1,0.0
ATP5MG,0.0
DENND2B,0.0
ATP5MF,0.0
ACTN3,0.0
ATP5ME,0.0
XIST,0.0
GUCY1A1,0.0
TKFC,0.0
FCMR,0.0
ATP5MC3,0.0
ATP5MC2,0.0
TARP,0.0
PLPP3,0.0
NUP58,0.0
ATP5MC1,0.0
GRK2,0.0
ATP5F1E,0.0
ATP5F1D,0.0
MST1,0.0
TARS1,0.0
PRELID3B,0.0
NSD2,0.0
CDSN,0.0
SLC66A3,0.0
SLC66A2,0.0
MAP3K20,0.0
H2BC12,0.0
ELP1,0.0
SLC38A3,0.0
CASP8AP2,0.0
NECTIN3,0.0
STBD1,0.0
MARCHF1,0.0
MARCHF2,0.0
MARCHF6,0.0
MARCHF8,0.0
TOMM70,0.0
CAVIN1,0.0
CAVIN2,0.0
CAVIN3,0.0
JPT1,0.0
TOGARAM1,0.0
NECTIN2,0.0
NECTIN1,0.0
H2BC3,0.0
EEF1AKMT1,0.0
CXCL16,0.0
SPON1,0.0
EEIG1,0.0
NOCT,0.0
COQ8A,0.0
AMIGO2,0.0
MACROH2A2,0.0
PHB1,0.0
PRKN,0.0
PRSS2,0.0
SQOR,0.0
IRAG2,0.0
GSDME,0.0
GFUS,0.0
HBBP1,0.0
CNOT9,0.0
H4C3,0.0
SRPRA,0.0
G6PC1,0.0
NECTIN4,0.0
VPS50,0.0
ELOA,0.0
ERO1A,0.0
PTPA,0.0
MIGA2,0.0
MINDY1,0.0
BOLA2,0.0
GPX4,0.0
DARS1,0.0
TARBP2,0.0
PTTG3P,0.0
MMP12,0.0
NIBAN1,0.0
SEPTIN9,0.0
SEPTIN4,0.0
SEMA3B,0.0
SELENOW,0.0
SELENOS,0.0
SELENOP,0.0
PVT1,0.0
SEC22B,0.0
POLR1H,0.0
GPX1,0.0
CCN5,0.0
H2AX,0.0
H2AZ2,0.0
FYB1,0.0
PLAAT3,0.0
PECAM1,0.0
LARGE1,0.0
H2AZ1,0.0
KARS1,0.0
PLAU,0.0
H2AJ,0.0
CCN2,0.0
H2AC25,0.0
H1-6,0.0
H1-2,0.0
SKIC3,0.0
EPRS1,0.0
GPAT4,0.0
CCN1,0.0
H1-0,0.0
MIX23,0.0
