raw_pattern,count
L26V L24V,19
V600E V600E,11
S8S S6A,9
S43G P45P,7
C19W R5R,6
G73G G81G,5
E726K H1047R,4
H1047R H1047R,4
S372S K373E,4
L279L L279L,3
P11S P11S,3
P534P E556K S557T,3
N345K N345K,3
E545K E545K,3
P80L P80L,3
R876* R1450*,3
E453K E545K,3
E216K E216K,3
E556K S557T,3
E545K E726K,3
E28K E28K,3
P239S P239S,2
C165F T146T,2
V73M Y59Y,2
Q2104H R152*,2
L284L L284L,2
R273H T155N,2
483_484MP>IA,2
L471L L471L,2
A241T V144M,2
C238Y R196*,2
P1109L R1107Q,2
T230P C141W,2
R130* R233*,2
P220L P220L,2
P244L P244L,2
R267Q R156H,2
G724S W880*,2
R1879C A427A H239H,2
V241L R245L,2
L771L L771L,2
N518N Y74F,2
P98S P98S,2
K814K Y2742*,2
R84Q R84Q,2
I301I I301I,2
E90K E90K,2
S185I Q186K,2
R823H P685A,2
E1814* L1813F,2
V236V K229N,2
P939P Y327Y,2
N611N R677C,2
D881N D490D,2
D1627D R2406*,2
A1942A A898V,2
S2369S A2404V,2
S4727P R755Q L515L,2
929_930LL>LL,2
R4335H R1696Q,2
Y2152* Q193*,2
L6L L6L,2
P66S P66S,2
V1519V S2771P,2
L501V C500R,2
L128L L128L,2
R183C R183C,2
P2705R A2713G,2
312_313QY>HH,2
V216L I195N,2
Y185* Y185*,2
A28A A28A,2
D390N D390N,2
R175H T155P,2
L150L L150L,2
V1325L G184V,2
G45R G45R,2
P430L P430L,2
N877I N864Y,2
P58A M56I M56L,2
A2113A A2106A L1321L,2
F80F G79G,2
G136S I174V,2
H214R S127F,2
A1061V I1056I,2
Y220C C141Y,2
F129F F129F,2
R1475R S138S,2
A1543T W1565*,2
E186K E186K,2
E42K E42K,2
F147F F147F,2
Y311F R252T D242V,2
P293S P293S,2
W1672* Q292*,2
R172K S332S,2
P169L P169L,2
V38V V38V,2
P282L P282L,2
L32L L32L,2
Q8* Q8*,2
K414E A373A,2
Y1889* N247K,2
E49K E49K,2
P397A Q392R,2
S9S P26P,2
D28G L89H,2
E45K E45K,2
S70L S70L,2
K950* R654R,2
P78L P78L,2
R506C V505I,2
H283H S277S,2
82_83DA>EI,2
E729K A728E,2
R515Q D506N,2
V2111M P3302Q,2
F218F F218F,2
K373E S372S,2
203_204LL>LL,2
139_140MG>I*,2
P50S P50S,2
L54L L54L,2
V274G R213*,2
I163S V474A,2
H36R P279R,2
G316G A315A,2
P125S P125S,2
K1104E G1102E V1105L P1107P,2
P117S P117S,2
Y280* Y280H,2
L866P R868P,2
P264S P264S,2
R773Q V896I,2
H119Y H119Y,2
A97A A97A,2
L41F L41F,2
K123N S124Y,2
Q461H G559G,2
E48* D47N,2
I1784S N1763K,2
R273C I255F,2
G569E G569E,2
P639H A638A,2
L86L L86L,2
L551L G486S E481K,2
P45L L169P,2
S133S S133S,2
R273C Y220H,2
E365K E365K,2
P27S P27S,2
Y220C C176Y,2
264_265MG>I*,2
L187L L187L,2
T515T G288G,2
A12A A8E,2
435_436EA>DS,2
M237I R196*,2
E362D Y363F,2
S138L S138L,2
V2006L M1998I,2
A392T R539H,2
R282W R213*,2
I1538I M673I,2
Y23H P21P,2
P194S P194S,2
A118T A224A,2
F556L Y570Y,2
N381N I378I,2
V136V V136V,2
L116L W117C,2
S585R P586P,2
S640S S640S,2
468_469LG>F*,2
T328N T328T,2
E3844A A3845A,2
G68R G68R,2
E433D S435L,2
E140K E140K,2
L8L L8L,2
I174I I174I,2
L1232L L95L,2
R273H R273H,2
P45S K159*,2
E317K D321Y,2
F305F F305F,2
A329A I114I,2
E286G I195F,2
G304G G304G,2
F488V F488V,2
292_293DP>ES,2
Q347* I346N,2
A374A L371L,2
D208G R110P,2
127_128KL>KL,2
G823A I824F,2
H22H D77Y V720V T1170A E1350* I1906R A2476T T2747A P2996P C3180Y,1
R1196C R1097* F26C,1
S277L S862L,1
R661L D747N,1
Q374H I491I I783I,1
D572Y E68K,1
S471L Q507Q,1
E441D E32*,1
F186V K693T N1110S T2126T R2316W,1
Q874H E917E,1
E343E V477V,1
R2030W R2030W,1
G68G V184V R1524C,1
R373Q Y597C A646T,1
N1169T R1083*,1
P358H P11P,1
R2434Q A1350A E1015E P574P E251D,1
E498E K851N,1
L684F E1194D F1436F F2487V,1
F1801L R906C I688I D663G R192W,1
D152Y E264E K378N E18K,1
E187* R131Q,1
V338I S440N E563*,1
R1439Q R445I,1
S8Y T5K,1
F986L K327T,1
K31T Q467H,1
V447V I406I D140N,1
F368F E260E,1
R31Q E145*,1
Y160F I219I H294N E570K,1
R145Q R172Q,1
I144I R578I I616M,1
M2054I M2054I,1
R256Q F605S,1
R651Q R163I,1
K542N S488S,1
S11L I322T,1
R292H E216* K120N,1
K76N L482L R487Q,1
E443* R1116C,1
I115I A213V,1
I4361I S3564Y K2568N K1652N D1071D,1
V135A V206I,1
F597L S43F,1
R255Q S216F,1
A476V V460L R148*,1
F126C L448I,1
E161* R292H S762A E1112D E2260D S3397Y P3982P,1
S225Y E317D,1
E210* F392L,1
R395C K138T,1
R168I R2204* S2358S,1
F1409L R1272Q R1186Q,1
Q680R I1742S,1
I133M S920F I1021M,1
R853* E1404E,1
V520I S249A,1
R402C T46T,1
R2221C E1842D R1155* E1016D,1
P184Q W378L,1
E3879Q E3879Q,1
Q623* Q623*,1
E271Q E271Q,1
C100C C100C,1
F515F F515F,1
T263P T263P,1
G192S G141G,1
R1127R E593K,1
L1398L Q708*,1
P84H S317F,1
P260S E926K,1
G129R D685N,1
G687R P1042F,1
H1983H E511K,1
F47L Q32*,1
T743A E321R,1
V2174V G2096G,1
I390T R906Q,1
P914H P749S,1
L1960I R45M,1
752_753MQ>I*,1
L965R L461L E113*,1
K859T R431Q,1
V712A S379S,1
S1122N K176T,1
K1156N T1092A E275* A252T,1
K723N D626G R68I,1
L816L D883N S978L R1210C,1
K1066T I116V,1
R1267* F625F,1
K184N L255M,1
Q369* I368N,1
F364L V917V,1
D152G K249T,1
R2024* K3887N F4664V E5170*,1
R643Q E335K R278I,1
A1350S R1075Q K239N,1
S321Y D360Y S587L,1
S1093L Q779H K498N R285M,1
M2428I E2150D E1889* R1512* R1194Q M625I E380* F314V,1
F2722L F2182L I1946I F1868C S1738Y R1727W A1568V C1347C F558L,1
R880I R817Q,1
E242* V302V C331* K363N,1
E280* R451C,1
R285Q K609Q R928I,1
R1419I R1048C,1
F427L F364C,1
I111T K196N,1
V537I R164Q,1
D21Y S162Y R193W Q479H,1
R1012Q K921N D672Y K96T,1
R2184I V1729L K1552T K1163N,1
R627Q N262K D177D E166K,1
S89Y L803I,1
R599Q D514N F336C,1
R595W E524E D94N,1
G75R E267*,1
E274D K140K,1
Y654Y C183*,1
E853D R110H,1
D1978Y I1580S R922C G579* R477I C330C,1
G822E V1757V,1
A1648T V1275A E946E A913T K592N I514S A493T G237G S87N,1
E270D P168S R112I,1
S22S R74Q T594A,1
L1277I N1140N V932A P426S L402I,1
D1154E I973I S702Y L544I I434S,1
L121L F921L R1461I R1941H R3660I F4235L,1
I448I I1052I L4669M,1
Q102H R196I,1
R624C R531* E496* N419T,1
G543E I880T,1
R152C E309*,1
S636L L445I,1
F65L K440*,1
R306C T127T,1
S31S Q687K I872I,1
R672* R446W F363L,1
R169Q S326L,1
E165* R469Q I649I G756R,1
I761I I807I,1
S292S G122G,1
E3995D A3712T R3482C M2841I E2821G L2679I R2536I M2455V V2076F E1907D K640N D317Y,1
R1078R R1161I E1697K K1801N,1
G414D R383C R306Q,1
D239N S675N F965F,1
F444C D546Y,1
E763* R1348C E1705D,1
N603H E234D S210Y,1
I1973L Q1334Q S1032L E386*,1
A762A E1046K,1
E124K S57L,1
R992C A1208D,1
R437W F681F,1
D112Y E802* K1149N H1239N,1
L1081I R926* K166*,1
L345L I174I,1
R201Q E79*,1
E50K R194W Q421H,1
Q51Q E217* T256T H359N,1
S93Y L137V R470I R486Q K886N R914*,1
D198Y D119G,1
K288N E214*,1
R2521Q E742*,1
A15T C206C,1
E143E R407Q R439C,1
T1469T E1246K Q610Q,1
R3C H96Q A220V,1
R236* R273M K406T S446S I481I R650W V924V R1063Q S1227Y,1
K102T K140N Q504H E571K,1
S143L E183V S244L,1
E128K G198S,1
S1281L D757N Y477Y L98F,1
R982C S726Y E177K,1
A81D D741D,1
R354W S285Y Q228H,1
R131* L172I M406V,1
R159Q K546K D831Y R1093I F2373C E2449*,1
F2088S K1777N R1717* E1636* S1551L F1040L F753L E534* T312A,1
S317Y N53H,1
S930Y F1169F K1637N P2749S,1
V656G V964A,1
A35T K164N,1
D963N Y1206D S1407F,1
E164K K270N,1
R153Q E88K,1
E385K D80N,1
L200M I242M E290K,1
S1565* E640* P156P,1
R718Q F527L L325F L278F,1
D647N S479Y L249I,1
Q280Q R661W,1
E1079D H518N,1
R395W S313Y,1
E186K S315S,1
E48* E277*,1
I571I R388C,1
E1035* L257F,1
S1579S E1467D P1370P D340N,1
R1963R F668F,1
E188* E337*,1
D164Y D125Y,1
N640T L701L,1
L134M L404I,1
E446* R867*,1
E283* N417S E694D,1
K496N K686T,1
E657* R438* N310T,1
A192V K304T,1
S294Y R206W,1
L702I L447I,1
S447Y R66W,1
K136I R214* E989E,1
I91I T548A,1
E692D E744* L1131L,1
A987V L1279I,1
L839I F585F,1
L461L L271F,1
F333F D513D,1
R93Q Q414K T845T,1
S481L E128* E33K,1
S310S F405L,1
S425L F217L,1
A222V F166F,1
K284T R410Q,1
R746Q R731Q R553W,1
E427K Q180K,1
E793* K47N E29K,1
S297L I214I,1
R494* S86Y,1
K252T E67*,1
E168* K400N L502I Q655H R702* R771I,1
D2182N S1829L F1330F R983K S928L Q864H K109T,1
H273H E250*,1
R540H E63*,1
D830N S619Y S256Y,1
R290Q F216L,1
K408N L15W,1
R468C E536* R921Q E1181K,1
R958C V734V R187*,1
E169* N209T V325L,1
S2265S E2047K A122T,1
E57D E1656* V1799M,1
D1618D R1070W V1029V D606Y,1
R3W V36V,1
R1058* E1682*,1
S215* P238P,1
K327N R1536Q,1
S635S L11I,1
A254V E85E,1
M201I I266M P304L,1
E1746* R1726C,1
R530C F212V E145K,1
F350C R1019Q,1
E30D D60N,1
L229I S124P,1
T709A K653N R652Q P449S,1
R214Q Q1228H K1513N,1
L507V S2157P L2735I,1
A736T E632* R541I G317*,1
E1119K A130A,1
R854Q R1339I,1
I86I G510G,1
A1153T R1922H,1
R569W S241L,1
D732N E517D,1
E277D E245K,1
S73L E332*,1
Y4119Y P4118H E3691K E2329K K1232T K1025Q,1
E50E T217A,1
E553* F664F K1384R,1
L89L E226K,1
R399Q R126Q,1
K280N N335N G439E,1
I196I F313F,1
E102E S216A,1
F1026L E214K,1
R428W F467V E640K,1
I30T F186F,1
S1351I E1304* R681Q,1
Y226H R264* R669C K704N,1
L14L S142Y,1
F165C Y537C,1
V733V V669M E128K,1
D389Y N250N E16*,1
R346Q R487Q,1
R360W P734P I1271I E1375K,1
T448T R3830H,1
S348A G600G,1
R306H P954T,1
K390T E635E D849N S2184L,1
G50* R109W D328Y K520T,1
P962P F931F R508C P341S,1
R1705Q K222N,1
A485V I630I,1
R358Q A296T N198H,1
R1103Q E155K,1
R522C S171L,1
E822E C655C R510C E319K,1
S1317Y D1109N,1
E277K R187H P148P,1
D373N S155R,1
R745Q A2452T,1
R84* E648* E772* S971Y C1168C D2085N D2403N L2564I C2683C G3006D,1
A534T A316D,1
I462I S1407L,1
E925D A2566V,1
G486D K806E,1
E1221D T991T L440M,1
A1676T V126V,1
A1703V A1125V D1085Y E873K T450T R250Q,1
K1563N K1332N R1051C A976V,1
F1576F R700W R273H,1
F799L E557A E65K,1
R550Q E573K,1
I195I R408Q E672*,1
A590V R1080*,1
R2964W D1794Y E1374K,1
R140Q R289Q,1
T222T N257T,1
L16F D315N,1
S1239* M540I V140I,1
D508N Q295K L85L,1
K50T E948D,1
S34S E450D,1
S325I D123N,1
D323Y A86A,1
S22S R405Q,1
E1071K R518I,1
D756Y P614P E374K,1
A919A V652V L161S,1
S1463Y K1385N F882L K587N E503D R285Q,1
L130M E712K V791V Q992* R2068* V2966V R3227C F3419F V4042V,1
A140T R2028Q S3751S,1
S63S S227Y I519M,1
N167K E123K,1
I365I N61K,1
D313G E768D,1
E143D R71Q,1
D2249N Y1960H R1324M R245I,1
A237S D295E,1
K113N K154N,1
I1978I D1853Y L1812V T1520A F1451F N1238K,1
R1579Q R461R,1
D533N F1795F,1
E203* K33N,1
S318A G201G,1
E120* H440R,1
S1011Y K1464Q,1
E1365K R637H,1
C264R V306V A531V,1
D362Y F515C V978V,1
R216R C106*,1
F481L F469V D272Y,1
G302G L450I,1
A342T F253F,1
E113* D12A,1
T218I K43T,1
E476* R328Q,1
E61E F405F,1
G30D I226S,1
R453W T174T,1
E829* S889Y,1
R571L E319*,1
H1650H K1473T R1226C,1
K455N R552H D654N,1
E171* Q90H,1
S211F P558P L721F,1
R641I L695I,1
R739Q K908N,1
R61R D633Y,1
I4070V R3240Q Y2650C E2621D I2523L V2330A N2257T E2118E E2001K E1309*,1
R10Q D14Y M116I E158K,1
R88Q Y1021C,1
P366S V358A,1
R341W S80*,1
D103A E183* R393I E1451A,1
A1394A Q960H L72L R50W,1
R25Q F147L,1
R932H D949Y,1
S337Y E46*,1
F506L P846P,1
T671T R628Q,1
K437N Q729P E789K E1017*,1
I2199I R1826W L1235I V411L,1
R2518Q R860Q,1
E67D R170Q,1
S412S L532V,1
E728K P1234P,1
D422N F689C,1
R1898C R1863I A1387A V115I,1
E1145K K84T,1
I225V L315I,1
F140F F63F,1
F240F I463I,1
R53C Y450H,1
K953T D638Y D614N,1
R260Q D18D,1
D348D R56C,1
S78L Q233Q,1
R753* M169I,1
P1167P V1033V,1
R60C E134D L563I,1
I918M K454T R156Q,1
R180Q R91I,1
E251K E210*,1
S179L R83W,1
D2423Y G1752E E1487K E187*,1
P1585T R1651R,1
K1214K E1323*,1
R145* F126V,1
Y2169Y E858* E69*,1
S811S A841T,1
F1345C P903H,1
L36R E13A,1
F490C S431L,1
D1755N E697K S395S,1
Y957Y S1105Y,1
C140C R151Q G287S E431D,1
S205A E1027K,1
E1244* R1178Q E132K,1
T1506T F1770L R1842C,1
D163Y E118D,1
A410T E818K,1
D256Y F598L,1
T1142T E828K K707T E639*,1
R194Q E156D,1
F302F F255F F215L S5S,1
T1134T N554T E506*,1
K1245Q M673I K310T,1
R739H E447K,1
S242S R159C,1
D82Y L658P,1
R121* E415*,1
F343S P266S I243I Y136Y,1
R388Q G51C,1
E413D A874D,1
F424F F1109F,1
V204V I439I,1
K444T R461Q,1
R587Q D712N,1
R127I E169* R234I E759K Q914Q E957K E981K D1505Y E1568D E2253*,1
R2659C R2041I L1285L,1
A41V K66E,1
E453A K515E T784T,1
K472Q F438V,1
S851Y R766Q R539Q I30T,1
A6A E25G K102N,1
V473A L333L Y255*,1
E1128* T788T F767L K486K F375F,1
D137Y D537Y,1
E170K E282*,1
K604* K2316Q,1
E1451D D1377G,1
E1258D K996Q,1
I86M R25C,1
K4T G71G,1
R228I E281K,1
P168S S285L,1
S577P S1160L,1
R324H R376Q R572*,1
S1735Y D1608N F1338L R209W,1
I127I D216D,1
D437N V43I,1
F133L R638R,1
T590M R227C,1
L1487I S369S R328R,1
E421K E298*,1
F128F E37K,1
R277H S317S,1
A123V R203I,1
M110I K129Q,1
A8T E163K,1
F89L E34*,1
R28Q D637N,1
E1625D A29T,1
P445P R272Q,1
K369N K180T,1
S406* T52M,1
E172E R10I,1
T163T D58N,1
R468H N236N,1
G216D F280L,1
Y94C F294L,1
R150Q K443N,1
I4259I R3998H P3699S L2658F G2208D R1780H E1435* I519I,1
E306D D432N,1
D7Y F357L R483C,1
R413W F277F,1
K72N A662T,1
R222* R278Q,1
D482N E554D,1
E530* V607V Q864Q I905L K1493T E1873D,1
D524G D578N,1
C260C S135S,1
S290L D814D,1
A41S R46C,1
W301* F115L,1
N216D D145N,1
F165L D400Y,1
P131S S202A,1
G115E S450L,1
D164Y R1065Q,1
R1264Q S1164F G746D,1
L385L I569V Q925Q,1
K158T R1043Q K1460N S1586S,1
A550V L899R S1083L,1
P1168P P1168S,1
L466I R424C,1
F1135F T1518T L23I,1
A23V G1044G,1
L2304I D1838D D1760D E248D K207Q K130T,1
F269F T26T,1
A276T R461*,1
L210S R261W,1
P1226P E666*,1
L809I E82K,1
I11I D57N,1
Y1127C A987T,1
S319Y I621I G725G,1
F134L R344W,1
Q3577H K2129N D1888Y Q1697P R1577* G1526G E1082D R889Q,1
L493R G596*,1
I784I D568N R541*,1
F288L R533H,1
S442S S359Y A313D,1
N300H L45F,1
Q102Q R385*,1
E71G D56Y,1
A2754S V2950V I3351I F3675C F4624F,1
E372G E181* K34Q,1
F107F R342Q,1
A558A R400I,1
P877Q R43I,1
F1112L L428L F422L,1
R1570R D1234G N647H E606*,1
R1879C T752A,1
R1031* S848S D445N F55C,1
K133N E566*,1
D114Y T118T L945R,1
Q729R S944S,1
E394D R315C,1
M2098I E1904E L1566M R766I S577Y,1
F251F F259L,1
E589* R196W V142V,1
R338Q R477Q R1219C,1
A335A D96G R73H,1
F100V V272I,1
R181I R179Q I100T,1
D920Y S846S,1
D1089N E1211K,1
R527R Y319C,1
G43S R152C,1
S1214S R501I,1
E369* R224Q,1
V1891I N1793D R999H,1
G2668G I2458T R516Q S322Y,1
N231K D305Y,1
K269N K475N,1
F322L S595Y,1
R899I R874I,1
D411Y F414F,1
G1834V V89V,1
I1745N V8V,1
A292V E136Q,1
T9M T9M T9M,1
H1047R H1047R H1047R,1
R115R R115R R115R,1
I196I I196I,1
I89N L101L,1
L3849L L3849L,1
E47D G807C,1
E178K D189H,1
E2252K A3757V S3938N,1
A483A M475K,1
K80K S53C,1
Q646H K645T,1
Y114C L608F,1
I67T R130E,1
I328V V878A,1
Q1215R E902* R286I,1
P920T W352F,1
F1053F W988* R967I F718C K325N,1
R1121C S1028Y R690I F434L F226L,1
L1259I E471* R365I A192T,1
V1074V A427V L256L,1
C1941C V983M R909Q R19I,1
P969S E840*,1
T181T A163D,1
V2285L P1483H,1
P226P S228N,1
G39S P40L E41G S43F P45L Y175*,1
L120L I58I,1
L1872L L585L,1
V382V Q1876H L2652L,1
I315F I315F,1
Y127C Y127C,1
A2106A A1697A R1386Q L1321L,1
T240M T240M,1
P8S P8S,1
R876* E1374*,1
E329* E340K K1951T,1
S55L F333F,1
R1164C R380Q,1
A77A P92P,1
R461* R1362*,1
R544Q R546Q,1
S944L F96F,1
F312L E265*,1
E239D R133Q,1
A157S V159A,1
R658* R13*,1
R71C M169I,1
E6385K R1592I,1
L242L R365Q E446*,1
P1232H G80E,1
H342R Y83C,1
N848T K814T,1
G4560E S1891S,1
N326H E361K,1
D158N C324C,1
Q87* R130Q K144T,1
G162D V505I,1
T126P G229E,1
R5154W S3199N,1
R19Q E439Q,1
Q611Q Q596Q,1
F8784F P7408S,1
K4K S405F,1
G460E D314N,1
G282E G1410E,1
R88Q M1043V,1
S241P R213Q,1
F1190F R1645C,1
K1405N N2610N,1
E137* E545*,1
R789* Q878H,1
S1565* I997L F884L H55N,1
L857V R223C,1
M71V L230L,1
R310C I332I R391C P1154S,1
I150I E287A,1
E281K R538Q,1
D349Y E445D,1
N43T E818K,1
S672L F815L R840Q,1
R1164* I645I,1
E141K R6Q,1
R597Q L63V,1
S7I R172I E368*,1
E993K R217H,1
N429D F923F,1
R106W S631L,1
E1062* R977Q P885P,1
E727* A670T,1
V557L R800I,1
D765Y R647Q,1
L11M F121F,1
G253G P340P E1148K,1
L1102L E616K L173L,1
R956Q T249N,1
A187A K43N,1
S226S K320K,1
K434K F551F,1
S193L E228A I336I,1
E222E R390Q,1
A151T D280N,1
P1861P V1808I L1800M F1713V A1576T F1317L E564K E532K F301F C256C S218L,1
K268T V159M,1
E195K T793A S940Y,1
V6A V346V K429N D514N K630N,1
A307A V332A,1
D830Y F996L,1
R187W R560*,1
R117K S336I,1
E73K I966I,1
E49* E456D E1879D K2017T D2218Y S2243Y S3016Y,1
G206G A268A,1
F530S D969N R1668*,1
D1085Y D864Y E580*,1
E214* E510*,1
R77W P187P,1
E392* E229K,1
V248I I135I,1
L355R R252Q,1
R55I E765*,1
E242K K144Q,1
F249L G566G,1
K216N R28H,1
R1053R A641S,1
D296Y A140D V115V,1
E114K R161H,1
E93D R349*,1
R1731C R1096H,1
E399* C285C,1
A1115T R1342W,1
F460F D179A,1
S1342S R1487Q,1
R29* G757V,1
V5212V P5192S I4965I K3872N E3722K E2699D K1854N K1450N V1413V V787G Q39H,1
R172C D737Y,1
F512F A154T,1
W335* A179A,1
S93S R320G,1
R193C R274Q,1
E136K D774G S1400L R1450* E1536* P2761L,1
F256L Q175P,1
I598N T115T,1
A378A S449S,1
T298T R332Q,1
E363D E277D,1
K1839K G2179V R2598I E3111* R4054W,1
E901K G370A,1
P355L E488*,1
E1774D E2290*,1
G983V E1048K E1282K P1332P,1
R880Q K90T,1
Q604Q Q596Q,1
E184* E159K,1
K184N K288N S470S,1
R392* F292S,1
Y657D F1018L,1
R779C A610V,1
R96C F195F,1
S290L V866V,1
K218N R113*,1
K527K R258I S219S,1
T364T S41L,1
D386N R707W,1
D126Y E1607K,1
F141F V343M,1
R784Q S390S C167W,1
E136* S291R F510L,1
H1117L R1504H,1
R1107* E972*,1
G733E D521N,1
S357Y G431S,1
G387D K90N,1
E315D Y464H,1
I249I E568*,1
K686Q F1159F E1924E K2292N,1
E720* E391K F328V,1
N181S V21A,1
V1057A R744Q F641L,1
R197C R1129Q,1
I1024I T542A L92L,1
C346R L2687I L2861I,1
R24Q R60C,1
S24S E196K,1
E730K E991K,1
R1270I A1198A E244D,1
K1153T N801S,1
K570N T471A,1
E495* E532* E625*,1
F629F D1247G S1201S,1
A2631T E2072*,1
D383N E170D,1
N2456D R1539Q H554N R516Q,1
D1865Y R814* S700L,1
I207I A301S,1
R2025H K496R,1
T1246M R1077*,1
R239K E2041K D2603N,1
I968I R806W,1
R1403Q T1380T,1
V721V D317N,1
S26S F215F,1
E175D L284I,1
D313N F81V,1
S675S A1300A S1745R,1
F1561F G162D,1
A1668V R1478W V410A S147L,1
I332M F2158C T3085A,1
E101K E363* R389I,1
S1140L S1044P R744Q,1
E117K R619W,1
R910C E210E P82P,1
A2915A R935Q D239Y,1
E689* S170S R118Q,1
R150H E204K,1
R71C E210*,1
D410D V549V,1
N81T E325K,1
R456* V793V R904I,1
F96C E388D,1
R309Q S380Y,1
K371T V881F,1
I6624I E6431K R5181* N4081H E472K,1
E489* E365A,1
K85T F549L,1
A1830V R1191*,1
T616T E432K,1
E2577K E2272* N1321H,1
A175T G89S,1
R220Q A470V,1
E619K D661N,1
L38F F124L,1
R541W H872R,1
S781Y C381C,1
N1163H A2026T G2153D,1
F313F F38F,1
R96Q D127N,1
N307H R120Q,1
F1162F A424V,1
S798F T157M,1
S317S P243P,1
H537N K454N,1
A623A D185A,1
I890I I849I,1
F1779V L1708I D1355N,1
D38N R115H E247D,1
A192V N1218H,1
R1011Q A2411A T3135A E4426* F4515L I4831I,1
R531* R328Q,1
K1081Q G978G V946V D725N,1
I284I R175C,1
K199T V478V,1
E2707K Q1334H,1
L132F F879S,1
D460N E975K,1
P2285T A2874V,1
E1524D A1870A F1903C R2433C R2628W,1
R290C S557L R669Q,1
F146F F83F,1
K139N E557*,1
L1857L R197*,1
L1735L R42*,1
R8269W L7810I R5617* E5575* V4636V E4316* D3988N A2848V K2134T Q1761H S1213F E1045D E819K,1
E835* E385K,1
F46C S241L,1
S434A F476C V2504V,1
D43N R132Q,1
L2708F I2278V A1650D S1435Y N1245H F895L R180I,1
L1158I Y2205Y,1
P188P V178V,1
R2499* F1956F R1873Q,1
L1881L Y1247C,1
N830H H937N,1
Q596Q P217S,1
A1122T S1061R M690I E327*,1
K970Q S818L,1
N222T Q167Q,1
E328* R626Q,1
E427E E613*,1
E26D V502V,1
K1379T I2838I,1
R655* G344G,1
I1564I N1090H L1053I,1
R2059* R2019Q,1
I1389S R500* R427C,1
F764L G514D V37V,1
A1778T E1585K E467K,1
K1330Q D962Y E45K,1
L426I D400Y,1
N548S C334C,1
Y83Y F116F,1
D128N L68V,1
D465N N635D,1
F5100L R5085* K1184T E1081A,1
D761Y N166N,1
S1656* N676H,1
I46L R407Q,1
R469Q P32S,1
R709W S866S,1
L503* K180Q,1
L1255V V411L,1
R469* L968L,1
S973L E1166K,1
L409L Y50C,1
E3391* S1064I A394T K186T,1
V344A R357Q V955V Y1021C,1
R329Q R58I,1
S188P R1410I,1
R300C E343*,1
D190Y F288F,1
E143D R149Q R788Q,1
G1457D R1226* I1106I E1056D S855Y E775D,1
I1379I R1398C,1
D103Y Y320C,1
I399I E349* E66G,1
R496I L755I,1
D52Y I154I,1
E864K E1088D R1948Q E2046D,1
S592Y Y362C T12P,1
S379S R658I T909T,1
R1705* T1362T,1
L7I D449D,1
S1393Y L780F,1
E514D D593Y,1
L361L A2396T R2483Q,1
K334T S295L S14S,1
E293D E145K,1
I370I F150V,1
R750W N180S E77D,1
T63T R377C E434E,1
F167F F238L,1
I326I C808C,1
K249N A432V,1
P117S R161Q,1
L306M E271*,1
D42Y E86K,1
L260L I565M L658I,1
I2340L L2243I T2211T S1376Y F1160L,1
D630D L219F I83I,1
R56H E183D,1
R344* P56P Q3Q,1
R227Q E336K I1079I S2017Y,1
F721F L509L,1
E495K S253S,1
K373N E96K,1
F677L Y333Y,1
D515N E676K,1
E410* R138C,1
N399K R43Q,1
S128T I157I,1
G28C G209G,1
R97I S1018Y I1077I,1
R312* R382H E523K S534Y E576* N1207K Q1264K E1703K,1
Q688Q M365I,1
R399* V325V T157T A18T,1
R903W T796T R745* E373* Y44H,1
S527L D332G,1
F385F I582I,1
R682* R754I,1
F1118L N840N,1
R1702* E1440* L1401I D1051N R626W,1
K233N S168Y,1
N3N R59Q L104L Q343*,1
S691I V299M,1
F280L P748H,1
R539* N795S S949Y,1
K331N F457F,1
L160M E570* I608I D720Y,1
E988* A723T,1
A1320S K299N,1
A382A L1173V,1
E54K E991K E1126* E1227*,1
R111Q R144C S642L A673T,1
R1916Q R1212I F805F F157F,1
A561T S33L,1
P383P R513C,1
A147T R369C N1090S,1
I515I R663I E1079K I1229S E1472*,1
T1125M A558V,1
P1139L K1249N E2058* L2716M K3129N I3198I,1
R1712I E2668A I2842I,1
K2984T L1601L L1048L C935* D887D,1
L149I F46F,1
E776* E1957K A2154A,1
R92* R327H,1
T74T E257D V833V R946Q,1
F49F R204I E251K V331V R472C I550I I834M,1
E792* E710K R635C E349* R278Q E178K,1
A144T K577N,1
R1518I E1544K,1
D166Y S993S,1
R171I K289N,1
E1585D R779M P521T,1
I181I D425N,1
V153V F226F,1
F4L P166T V526V D649N K851N,1
D1328N I502I E327K L222I N44S,1
R348Q P394T,1
E510* I284I,1
N29D R240H,1
L18I A95V,1
D1208Y D764N,1
V591V E451K,1
R1474* K637K F611L,1
R507I R221Q,1
R446H F562L S581F,1
F608C R295*,1
A819T R823H,1
F437F R196I,1
F100F E183*,1
A767T I830I,1
R275I D196Y,1
R834* T1337M,1
N184N R376C,1
R217R R48K,1
F284V I36L,1
E457* E505* K1007N G1248R E1442* D1855Y,1
R5085* R3982C S3262Y Q3062H V2909V K2525K S2227Y S2051Y K1824N R1666Q L1455V E1400* E137*,1
E88D S353P,1
V206M P130P,1
M279I A342S,1
E636K R79C,1
I175I T184T,1
D97Y E123* K287Q N415T K612N,1
L50I Q395H,1
E591K F52F,1
K631T R689C,1
E421D R220C S143R,1
Q80H R379Q,1
E22* E233K,1
E115* V850L A873T,1
D1494Y E1187K E776* R250Q,1
S1508L E1012D,1
E608K E591K,1
F1357F E1537D R1923H P2500P,1
R1480Q F52F,1
Q29Q E136E,1
D1618Y E1320D,1
V1571F E1084D R1048Q,1
E1759* R1051H E528K V350V,1
R45Q E665K D767N D2600G,1
G1145D K1023N I283I T116T A2V,1
A1636A T1064T E1020* I283I,1
K1760N E1152D Q1009H K955N E171D E65K,1
D34Y R373Q,1
S2291L L1738I E1364* P207P,1
R20Q E336* K412Q,1
I217L D379Y R406Q,1
D1552N P1523P E1267D F1169L R947C,1
E5K S60F F247V K474K,1
N72H L268L,1
S504Y S1345L,1
D1274N R1003* R809S L629L,1
R46I K338N,1
R56C S371L S903L,1
A511V E380* A124V,1
E26K R104C,1
F96L R424C,1
R440* A1530D Y1607*,1
L294I R469C,1
N510N N626H,1
G1317* S767Y R558I S357L,1
E176* R269Q,1
R1220Q L313L,1
T1836A S1709Y E1542* S1307Y Q1119H,1
E74A D165Y E209K R286K G1124*,1
I73I S250L R322W S618L S710N,1
S818I S932L,1
G836G L98L,1
F1383C L1177I,1
R499* S363Y D230N,1
R352H R801Q,1
S1454S K1245Q K1172T R656Q D152N,1
K98T V673F,1
K78R R309I E547*,1
V360V F323C,1
S171Y R140H,1
S1212Y E628D,1
S47Y W332C,1
R410* D123N,1
R211I S381Y D620Y,1
A668A S310S D244N,1
G47* D893N,1
R192C F1109F,1
F195F Y489C,1
E322K V191I,1
S25L R84C R390H,1
E639D R337Q,1
F609F D257Y K144Q,1
I94I E401D,1
R452W L380I,1
R1030Q R803R,1
R173C S125F D91N,1
E135* F245L R276*,1
G364D K506N,1
R639C V1647V R3007Q,1
R6575* A6331S S5306* F5187F L4967I L4914V K4124K R2518* E2203K L1803R P891P S481P,1
E976* V738V A554V,1
F1112L G845E,1
R193C F177F,1
V1508G E706* D110N,1
P322P S556N R1364R,1
F1887L S1349L E43*,1
S151Y S95Y,1
E485K R230H,1
S36L R195I,1
I2283T R1868K E531* L140I,1
R477C R505C,1
A1824T P107P G79V,1
V1339V D1361N F1673L N2306N,1
S1702S R1602H,1
I161S R340I C659C S938Y K1108N E1175D E1198*,1
K91N K648N,1
E1315* F948F,1
E907D E1302D A1546A E2848* R3044I,1
R2659C E1201* T1179A E1104* K871N D384Y,1
R1384H F1991F,1
I323I E62D,1
C623C I691S A727V,1
K445K S360Y D132N,1
K895N L596I D407N,1
A626D L713M,1
K762R T539M,1
E736* K684T F589L,1
K244N P365P,1
D217G I300I,1
Y10C R61*,1
R419I A554E A1031T I1269I,1
E107K D669G,1
D156N D223N R296W,1
D355N L903F,1
E954K L666M,1
S98S L86I R36H,1
R425C L100I,1
E2926K G1531* Y311Y V130V,1
A3005T A2942A T2880T D2792N D2619N S1846Y R836Q D598N E289* D263N,1
E1708K L1267I G1127C E321* R264S,1
E1090* L93L,1
R133R P281P D828N E857E Q1320H E1379K,1
K2675N D2181N I1222L S1049S D910Y P784T,1
E380K E330* E172D,1
D1530Y R1766Q T1966A,1
R187Q T236T Q640Q,1
F461F D697N,1
F565L E1006*,1
D119N E275*,1
D54D D146Y,1
V854V E711* V274A,1
F502L F900L,1
Y14C E130E,1
K170N E275G R310I,1
P97P E152K,1
L210L D364Y,1
K119N R65*,1
R4327Q E3451D,1
A434T I353I,1
T144M A208V,1
K274N K356T K754E,1
S222Y R396*,1
I275M E334K E487*,1
E299D E722*,1
C12C E76*,1
T36T E509D K529T,1
S19F F116L,1
P669S E782K,1
E33* E441K,1
K42N V256V,1
L361L I1151I,1
M325I F169L,1
S288S T217I,1
F898L E953D,1
E669* R530Q R434C F399F,1
L1226V R843*,1
Q34H R930*,1
R208Q R552Q,1
R250Q S217I,1
L59L P102P,1
E650* E550K,1
G332G R1356Q,1
T210T K58R,1
F424F I491I,1
R160H S249Y,1
K156N V384I R652I S845S R1186*,1
S337S F3F,1
S559S F244L,1
S451Y L217L,1
R533* S467Y D252N,1
P45H Q1043H,1
M376I S355N,1
R323I T577T,1
I269I V156V,1
E1170* E694* L492I R321Q,1
S71S R122R G303G,1
G125G G100E,1
R658* K239Q R179H,1
S2038S R1893C C1378C E1144K P193H,1
L2784I C2611C D2146Y E2097K F1797L L1414I I1248I R627C,1
S2269Y S1572S K891N,1
K397N C251C E110*,1
S2143F V1554A Y399Y R341H E265*,1
E268* S738Y,1
P197P R868W,1
D360N K483N,1
K960N S575L,1
E927G A241V L188I,1
L1003M F886C R328* L96L,1
E219* K681Q,1
G912G R1999R,1
V139V F510L,1
E1968K P1925P E888*,1
I198I Y120H,1
E620K R343* S219S,1
K59K R400W,1
R45C Q166Q F739F,1
I207I I519I F1666L,1
E1225K Q1536H E1561* E1619D K1652T D1972Y,1
A18T F154L L480I,1
R101Q A183T I225I D340Y,1
R80* F276F,1
P46S S119L,1
R405R E1434D,1
L200L R672C,1
E739* Q589Q A476T,1
R482H R326C,1
E318* R264Q,1
A865V R1252*,1
I474I S594Y A905D E1037*,1
A2150T K1382M R1158W K940K S52S,1
G1120E S2005*,1
N276K Q298*,1
S2455R E2528K,1
I251F R249L,1
S396Y I365I V356V F112F,1
R100* L98P,1
T1881P E1052G,1
F138Y F138Y,1
L270L L250V,1
V407V A409A,1
D5696N L4806M,1
V870V E873D,1
G273C E347D,1
R1270C N1636S,1
T546S I261I,1
Q1982Q N1286K R885H,1
A234A P148S,1
R88Q H1047R,1
R554* Q1378*,1
H214R A826T,1
F2812F L268I,1
D125N A1706T,1
E55K E59K,1
E645E P655P,1
E288* E216K D170N,1
S1580L R482S,1
R496Q I111I,1
S357* D224Y,1
A600S R598S,1
H159H P314S,1
R75W V863L,1
D423H I411V,1
F70F E542K,1
A176V P67P R59K,1
G149G R142S V60V V60F G58C,1
G2367C M881T,1
G2663A Y374C,1
V186A S626S,1
R393H Y415H,1
M210I F441V,1
E587* I1921L E3167K,1
R1417Q E488Q,1
E1555K S1641C,1
I533M D49H,1
S932* S896C,1
D852H R893T,1
I121I E4E,1
E6337Q E3905K,1
L153I D910A,1
R1500R D3977H,1
A2148D S1198N S592Y I529S E443*,1
E6535* L6422I S1195Y,1
S1173P G604V,1
Y1096D F577F,1
T245T T18A,1
E558D D81Y N20H,1
I3218I F3714S,1
L541L A315A,1
R94T R46*,1
E337D E222K,1
F99C T636T,1
Y613* K614I,1
281_282KE>N*,1
E193E G192E,1
H45Y D86G,1
M99L Y103S,1
R161* Y185Y,1
R8738R R3805Q,1
Y3577H R2360H,1
S179C F59F,1
S445P F530F,1
R333W A265A,1
R135Q G223S,1
R469R P299L,1
P256T E390Q,1
Q56* D174N,1
L6355V E1060Q,1
M1958I N1733S,1
G1773S A202V,1
L233L A632A,1
K2163K E2681K W1311* R1322S R2675K D2403N,1
R1923* I1395I,1
E952K P528S,1
E66K E544K,1
P1780L E2297K P1261S,1
F880I N962S,1
R1428W S3308F,1
S677S F40L,1
L2158L F1685F I1705I,1
S1416F L300L,1
G299E W541*,1
R903C E679K,1
N2024D K279*,1
G200S P941S,1
P695S P633L,1
P417L P9S,1
L331L R139C,1
E1484K D1435N A142T P671P F492F,1
K221K S335S,1
R298C S2246S,1
P1505L F1873F,1
P919S H2477Y,1
T345P T345T,1
L99L T5066A A2628V,1
I1790I G1845E,1
G841E L200F,1
P246S F237F,1
G819E T106S,1
L422L G524R,1
I313I S368L,1
K68T S335L,1
G1438E F2377F,1
H513Q P404L,1
R146K R162R,1
P135P I265I L119L,1
R1613Q G1660E V3547V P3626L,1
Q639Q P240F,1
G237G R375Q,1
G531E I1121I,1
P925P E1933E,1
E1724K E1416Q,1
V758M N127S,1
G2135V P2969H P3535Q,1
E1424D R705P,1
L6061F D196E,1
L411L P828T,1
Y594* P606P,1
E258Q E111Q,1
Q331* C176F,1
L755M K937K,1
T180A T180A,1
E913K E946K,1
A4624A T4539M A1697A,1
L724L I467M,1
P1467L W697L,1
Y274S Q149H,1
D1132G K49E,1
Q833K W347L,1
R1897W E1968K,1
A937T L747L,1
L606L F214F,1
P337L V869V P970L D86N,1
R498C T731T,1
P766S P68L G676V,1
Q348Q E355E,1
P948P F2566F,1
E2K L250F,1
R954C E1326K,1
F259C W344C,1
W526* R194Q,1
Q367R D368N,1
G664E D1208A,1
P487T P679P,1
G908E I118N,1
F234L G9R,1
I478I E103G,1
R130Q L325F,1
F1849V S297F,1
E322E I301I,1
R986Q R2327H,1
Q384H D392N,1
F217L F432I,1
P4L I561K,1
F48F R683C,1
F4218F F4781F,1
K330Q F10V,1
E524* R2450*,1
V465M D594Y,1
I3092I E2496K,1
I1413I R1589*,1
E563* N113H,1
P538P S504S,1
E508D E535*,1
R192* F269L,1
E1226D R814Q,1
D382N K306N,1
E313K E316K D327H E334Q,1
R4503K R4573H,1
E150E P123P,1
R1482P P1584L,1
E705K E294K,1
I1562M Q1901P,1
E102E E102E,1
E148Q E148Q,1
P67P P67P,1
I1105M I1105M,1
Q76* Q76*,1
R150R G140A,1
T927T H2624R,1
R162Q R235W,1
G1314E D746H,1
R2016H D1959H D1259D,1
L983L K3436M,1
K397N H394Q,1
S284C I293M,1
P117P E152E,1
R499Q R78Q,1
E76* S236L,1
R145Q F373C,1
L136R V670A V3088M A4116A,1
D180D C368Y,1
H236R G954E,1
S361S M1017I Y1758H R2650W E2871E,1
N94D G102R,1
R588Q D100G,1
G309G V407V,1
L1278P N499S,1
A520T V1086M,1
R273H H168R,1
V2068L V3941I S4222S,1
V263A R223M,1
A590V R991*,1
A1332V K1350R,1
Q224R K246R,1
N119D M127V R285Q,1
I340V H429Y,1
V163I D247V,1
C691C R736Q,1
T1506A F341L,1
M237V H179R,1
L1612I T509T,1
R499* R640W R1450* R2311I P2338H S2464Y,1
E833E E844K,1
E1483Q E408K,1
I604M N439Y,1
R112R E157K,1
F739F E871K,1
P941P G1337V,1
Q1617* S2260S,1
G1179F N3864S,1
S2471* P2469S,1
E288Q D78N,1
E40E E22Q,1
P1400P Q1343K,1
F289L L391L,1
S310L S311*,1
S2315C S1767L,1
E818K L1089L,1
G304G W271C,1
R646Q K174N,1
E1446* D402Y,1
E322K E684D,1
E169* E2845*,1
L1620I L1449I N332H,1
R427C A877D,1
K65N E234K,1
K593N V520I,1
E777* Q394Q,1
A1168V A1305V,1
E1058K E1991K,1
D362N L499L,1
E82K R28R,1
L560L G1228A,1
L841L I1208M,1
I101I Q579E,1
S1722F E636K,1
R3391Q K2917Q K2210N,1
E6214* I1853I,1
M1296L Q1035Q E839D,1
R722Q H944N,1
E1112D E1112*,1
K282N A1235D,1
E46K C184C,1
P302L K50N,1
V1394V E2012D,1
F697C N527H,1
L627V F674C S2373L,1
E539K E296K,1
E848D G467E,1
E192* E1012*,1
L688V L468I,1
K853E F95S,1
E481D E151*,1
F362L I223S,1
R59Q E260*,1
T2134M L840I E690*,1
E638K K552K,1
M386I D169H,1
K301R T574M,1
F156F E409D,1
399_400QP>HS,1
S51W F54L,1
A380P I409I,1
G1249R R882G,1
V424V V467V,1
G178W R817Q,1
S252T V245V Q257Q,1
F1014L F760L,1
T907T P883S,1
S536F E845Q,1
M652I E481K,1
H289D E117Q,1
R1744T E1455Q,1
G1547A R1088L,1
846_847DP>ET,1
V699L C251Y,1
R61K E99K,1
R334K S829*,1
C463Y R11*,1
T628M R386C,1
G748S V634V,1
R99W P8P,1
F423F N205K,1
P3321P E4194K,1
E1912* E3687E,1
A33T R98C,1
I2529M V2176V,1
A1775T V252M,1
G518V A731D,1
A307T T209M,1
G394S A187A,1
P359H R246H,1
D841Y Q223*,1
R107C R610R,1
I1287L A1759A,1
G73G N2148N,1
K725K I658I,1
E1091D T500A F277L,1
C275F G245V,1
E2343* S846S,1
R2151W C1838C,1
R161C V186I,1
L5031P T1363M,1
E39Q L587L,1
E148K P4S,1
S1313Y F810F,1
E641* G642R,1
S2281Y G755S,1
K21R M31R,1
N261K C262S,1
R248Q R273C,1
E179Q D176H,1
A71T A71A,1
S1547L G514G,1
S373F D930N,1
T2956T G2651G A531A,1
A532T R892C,1
M152I H308Y,1
E154G N171I,1
R2428W P1066P,1
Q36* Q34*,1
A144A E35E,1
Y59H G63S,1
L523M A333A,1
R5179C P4423S,1
R165R V155I,1
L1011L A2027T,1
G205G T156T,1
Q75H G46G,1
T309T S257S,1
Y886Y V342M,1
R1760Q K4352E,1
S1223L G822W,1
C783Y Q92H,1
T1526T H2248Q,1
R432R G89G,1
L1586L E1945K,1
L65L I90T,1
L904V D532N,1
E185* H1147H,1
V17V I94I,1
I21T C51R,1
D619Y E179K D129Y,1
L1040L S269N,1
F390C F480L,1
S369L I243I,1
V1320A F563F,1
R1666Q E1540D A594S,1
E454* E519K,1
S959P P1076L,1
K313N E40K,1
S514C A513G,1
R666T E2195D,1
I126V D185Y,1
A159A E136K,1
E1364K E192D,1
S1751Y S535L,1
G271G P3077S,1
C555C H421H,1
R1020W G720E,1
E850E I917I,1
1430_1431QG>HC,1
G2233L M2208I,1
P642L I422I,1
S1047S I778I,1
A45S S210F,1
K130T R67H,1
F1028L E683K D59G,1
I7749I R7549C,1
E1814* A1304T D720N,1
T73T R778C,1
R130Q R233*,1
L1220I F160C F44L,1
S1648L R174I,1
T3177T R1815* E1784*,1
G266E G266E,1
Y2287Y P2261A,1
S391S P230S,1
T352S T1082T,1
R470Q A157A,1
G134E G453R,1
R2139Q E898K,1
F83F E501K,1
L1285L K896*,1
T274I P73S,1
C223Y C628F,1
E1033K C1952*,1
S388R F693Y G214E,1
E204Q D148N K132N,1
V1155V S1131L,1
E149K V244I,1
Q774* S664F,1
R335C S346*,1
R223W S154C,1
Q159E Q190E,1
49_50WE>*K,1
P1117P T1059T,1
I328I S749F,1
M350I L184F,1
I9I Q154*,1
G1262E S1280L,1
G139S L32F,1
G710R E619K,1
S491F F906F,1
A1697A D808N,1
G382E T1105T V878M,1
V1068V T347T,1
G685E G679E,1
V1162I S379L,1
G847S G266E E839K,1
S1909L L537S,1
S1092F P1256S,1
447_448TL>TL,1
A465A A150V,1
G226K E760K,1
L227L L227F,1
D1120H E1303K,1
M127I V144V,1
I312I S313L,1
Q891Q P684L S274S,1
V981V R1350R E878K,1
Q751* R194C,1
E297K R61*,1
L406L K312K,1
L153F L2352L,1
F458F R112Q,1
G432G P54L,1
F337L H342Y L354V,1
S65F E215K,1
L966F G1766E,1
P2329L A1349A,1
I663I R57Q,1
A542T P486S,1
P842L E1470K,1
M964I W4822L,1
P252S P3626S,1
L1147L G904S,1
F1187F P1549S,1
F78F V39M,1
L183L S279F,1
D1012H R129W,1
S183* R175H,1
S6L R76L,1
G719A S768I,1
H664N A325V,1
I8156L S3393R E984D N141T,1
T7T K104Q,1
E1412D E1398D,1
Q3918H K1496T,1
L542R R933W,1
D8G Q156Q,1
P514S P608P,1
G1398R F577F,1
V706V E1720K,1
T504I R399R,1
C2325C V762V,1
P917L M1303I,1
P161T P128P,1
R94C E134K,1
R206C L144M,1
A467V T537T,1
P200P L10L,1
Y1298C L836M P760Q,1
D1252D G984C,1
G5G T33T,1
A172V S94S,1
V507M C376C,1
Q216H P114P,1
E866V R1385C,1
S128L L459F,1
T435M E699A,1
P451A G920W,1
V480M V350I,1
G519D P712L,1
T430I P518P,1
Q336R R309W,1
T2283M S761F,1
H105R F551L,1
R1159W H1352H R2020M D2581D,1
A576A A1122V K3988N,1
V1085V D511G R220Q,1
K963R H308R,1
R524R C579C,1
E622G P173H L170R,1
F567V S935G,1
L1264L A1210V R572H,1
V2508M I1113V A141V,1
S830N R731S,1
A170V R474H,1
G435E R445C T678M,1
Y101H R48S,1
H178N V265V,1
H156Y A216T,1
R649* T913A V2071I,1
V63M A704T,1
L1315P C624R,1
D333N T435I,1
G2948G S2232S,1
V704I N130N,1
A431V R486C,1
F623S F931L,1
R110H D869D,1
Q6443* S6323T,1
Y1299C I2065T,1
R593Q E56K,1
T471I R817C,1
T939A V1309A,1
R1397M K991Q,1
Y281C Y817H,1
D21H Q230E,1
Q600H E593K E549K,1
L302F Q331H,1
E417K R538C,1
S914F R941W,1
V560V K718K,1
A1911T R1782W R1614W E981D,1
T115A E116E L141L,1
E702K D714Y,1
Q527H G526E G509S M490I D486N D479H E448K,1
D368N W370C,1
A709V P815L,1
A4624A A2106A A1697A L1321L,1
L4085L L373L,1
E645E P655P V698E E701E A702A,1
R94R Q104Q,1
L1228L V1592V,1
R1937H D412D,1
R1122M C2759Y,1
S1365R L1304L,1
*1574* R534*,1
Q58* P279P,1
P2851P V2381V,1
P1798H P145P,1
R3783C A3199A R1696*,1
S253S D382N,1
R175W T199T,1
K83N R122R D210D,1
A2034A N1246N G707G,1
E1276Q G761V,1
R807S L395L,1
S1913R P1594L,1
D184D R38*,1
P261P G183G,1
G7638G I5501K T273T,1
A2V A231T,1
M704V S336G,1
P602T R615H,1
R1036* R79C,1
E435D R976R,1
P788L G1044G,1
R1032* R707Q,1
F1317F I86K,1
M1949I M374I,1
E1083V T2107T,1
L908M T817S,1
T220T T197T R129Q,1
R1648C R1364C,1
C525* R1450*,1
581_582YI>*F,1
R1623K K2128K,1
I21L K68S,1
P2S D14D,1
R948Q G1155E,1
H641L A2716A,1
G1045R Q1741H,1
T5443A K175M,1
Q5195H C5104Y,1
P633P P633P,1
Q61R Q61R,1
E423K F458F,1
R762C P767S,1
G1655G G432G,1
Q126H M123I,1
F1974F F1530F,1
P346S P19S,1
V740V S2621F,1
M1916I K1917R,1
G3495W A2863V Y2836C,1
P3684P P2665P,1
L1975L Y1865C,1
S1630P A365V,1
T3654T A3530V S3067S R2978C,1
A3011T P2462H,1
H2607H V908M,1
A1161T P3240P,1
L1226P R918C D139D,1
T447I R45C,1
V874A I663T R58H,1
H538H T290T,1
A92A V231V,1
K59T A106A,1
F86F E1937*,1
A526V A404V,1
R1145Q L440M,1
G90R R121Q,1
N1104S R728Q,1
A306T S393S,1
T672T G671D,1
8_9PL>PL,1
G830S G334E,1
P1225L P314F,1
P915S R1009C R1435M E1797*,1
A781T D857D,1
I164I W333*,1
H1397H E677D,1
S131S V48I,1
E203K A133T,1
A158T G653*,1
D2093D E3223K,1
V2111M R2234H,1
M227V D356N R659H,1
V121I T147A,1
S1063R R68C,1
P2458P S545S,1
D165V M375I,1
S474P V367M,1
V1039V R957*,1
R761* F425L,1
S243Y R394Q,1
L195L R487Q,1
E636K R579Q R11*,1
S1703S K413N G113E,1
L138I E1429K,1
T556T L1515Q,1
Q558H E300*,1
K415Q R864*,1
S1434I D506Y,1
E1247* E454*,1
G1347E A1540A,1
Y602F D715N,1
L6188L D3368Y Q329L,1
E421* R425L,1
Q1006K V981L,1
F261C S237L,1
E5432K K5081N G2000C K1568N,1
V357E P589T,1
D334Y E87*,1
G212V E193D,1
N12H F271L,1
F1753L L592I L128V E120*,1
I619I L23W,1
A94V Y327H R469R,1
K126N E452D,1
S1906S E1522* R1131I S1054F G602D D412Y,1
R1119* R597Q D235N,1
E378A E642K E1053D E1337E,1
R595Q E434K,1
R26Q Y464H S1189S,1
D1060Y R758Q R335H,1
F17L F126C,1
E109* L409I A1366V S1400L F1805L S2223*,1
R6Q L595L S686Y E734*,1
R36* L1039L F1159F,1
K2140* V3617L G4134C G4180C,1
V477L L132L,1
V36L V131G,1
G61E R561Q,1
L436L S644S,1
S69F P1575A,1
L2629L E692K P8578S R5518W,1
S524L G462E,1
S159F L303F,1
H1776Y T1847T E1902K,1
P2049L P1282S,1
E728K H461Y S627F,1
P1137P G450V,1
E1244K G634D,1
I407I P135S,1
E704D K618K,1
G26G S324F,1
I290I G456G,1
T377T P345L,1
E486K E779K,1
S1064F G1118G,1
G1569V R592C,1
R1285I L2284M,1
D1048N I4861T,1
K357* M186I,1
P334P I304F,1
P893L G999C,1
W47R W180C C251F,1
1495_1496MV>II,1
R302* E1322*,1
92_93AR>AR,1
R3350G L691L,1
E864* K1744M,1
N873S H844R,1
F346L V378I,1
R1209R L784Q,1
C866* E9K,1
T531T Q992H,1
L157L D442N,1
E79K I529M,1
E736* R130W,1
S1047Y N509K,1
A1546A Q1995P E2428D,1
I163I E239E,1
E742* Q1077P,1
R46Q K150Q,1
I704I T26T,1
T464M E871* I896M,1
Q776Q D465Y,1
P573L S1083L E1214*,1
E697* V590I E138K,1
K23N R368Q,1
F243V E2128*,1
R1327I R918W Y384C,1
A96A E449K,1
E233* M178I,1
C4367C E3884K V3528I A3120T,1
T240T I96I,1
R79I P6H,1
R956* E54K,1
E249* E257D,1
D800Y E652* S179L,1
E1149K S1871Y,1
S1508L F1192F D561G,1
R1001C S771L,1
K750N P959P R1719Q,1
E1263* S1058S F689S L198I,1
I91I L307M,1
T121M S243Y E332* A347T,1
R35W R463W,1
R289S K1298Q,1
R2687H S2291L S825Y S767Y E192G,1
S1394Y I219S Q82K,1
S2827* E1603D R536I,1
E299* E352K,1
R140Q R289*,1
E97K R31W,1
R85Q I284I K740N E862K E865D,1
D330G L46L,1
R514Q E219K,1
K547N E560D,1
S151L S629L,1
I43V E410*,1
R364Q L521L,1
L1324I E229D R65Q,1
K3200T R2790W R2553Q N2089D I1302I,1
D621N A572T E361D,1
E419K K280N,1
E904* S551S,1
E45D I598I,1
R499Q R127W,1
R1392Q R1169C,1
F266F D255N,1
E954* E164*,1
R1224C R1030C,1
K1465N E955K,1
Y234C Q387H P504S,1
S222Y V1661A,1
R552C E505K R253W,1
E826K D1154N I1269I,1
N413K E332*,1
E785K E674K K541T E105*,1
H461N D382E,1
V5011I E3805K E2435D N2181K R1966R E1879* R2610I R2159I R1840C E1243E E1252E R1091Q D1022Y E472K,1
K817Q R702Q,1
R77Q E2174K,1
F69L E570*,1
A183D R319Q,1
R316Q S293Y,1
F241L D280N,1
R830C Y677Y,1
G1623V V528M,1
K227Q F238C,1
R1936H F1857L R1715*,1
T962T S701F,1
D326N E211K,1
L580I L801I,1
K671T R394* R32Q,1
R902I T905T,1
R1610K I88I,1
L417F G193R,1
L3142L E1300E,1
D2766N K985E P675P,1
C1270R E213*,1
H210H G75C,1
R248* A224V,1
E117* F849F,1
E256K R406H,1
G216G R149Q,1
N127H E496*,1
S105S D287D K405E I703I,1
M228I A330A,1
L107L D257N,1
D132N D78N,1
G231G A360T E685* G2189D V2627I,1
D285Y P542P I633M,1
D786Y R821G,1
F370F E206A,1
L357W T320T,1
R454* R1388G R2115Q S2648S,1
K253E E339* R382W,1
R177Q G140D,1
Q2264Q D3044N,1
S889F T1184T,1
S470S I522I,1
F3693F H3885Y,1
G395E G259G,1
R64C E270V,1
L1638L F1870F,1
V658M P2229F,1
S274F P142P,1
L293L M297I R320R,1
K365K G19S,1
R318C V198L,1
R805* E1374*,1
R282W R196*,1
499_500QV>HF,1
E2246* V972A,1
L1766L V2I,1
R39C E282K,1
D169N D197Y S424S,1
P473L G794R,1
D27N D213N,1
E230K E35*,1
N2285S F2253L L1980L S1364Y L764R L27I,1
S323S F2154F F2278F,1
E36K E291D E334D,1
I266I T67T,1
I1056M V862V Q372K,1
R7567C A6109A R4741C L3963L M3428I L3026R A2391A V1626V D1233E A1216V S209S,1
E330* F232F L199I,1
R564Q S285Y,1
S641* E88K R63Q,1
S366Y P243S,1
E638* A630V,1
K71N K130K,1
R32Q K191N T362T,1
D163E V44V,1
R1701C E1576G R797Q,1
K465N D527N F1581F P1969S G2372* L2516L,1
R199R S41S,1
A385T L318L,1
A168T T38T,1
R439Q E713* F1119F,1
A795T T1317T R1502*,1
K904Q A328A,1
S323S S222S,1
G299G R145Q,1
I968M N343H,1
D26Y K177N,1
S196S G57G,1
R1399I A1209A E327K A121T,1
E216* N239K,1
V144V S212S,1
D698N R809I,1
D169Y E481* V655V,1
I641T T332A,1
D216N F191F,1
E1058K R277Q,1
F654F E60D,1
L2469L L736L,1
M49I P46P,1
E960K P284L,1
Q3951Q S3573L G4894E R4133C R2056R,1
R435R R896*,1
G18E A350V,1
Q720* E2006K,1
F3659F H2768Y G1762W T3739T,1
S368S S850F,1
S719L F47F,1
G539E S791L,1
G853E A156T,1
P459Q H283Y,1
E35K S104F,1
S437L S39F,1
Q1839R E623E,1
Q364Q F83F,1
V1247V R501* G122E,1
R1058P F1150F,1
129_130RG>SS,1
A87A S1707N,1
E343K A28D,1
E610K I627I,1
S330L S204F,1
D152N R953K,1
E151K K227K,1
M97I A159A,1
G191E R141K,1
G320R L226L,1
R263R G574G,1
E348Q D310H,1
Q1424Q R1263* M374I,1
S1157S F416F,1
F1718F L499L E1898E,1
S251L Q250H,1
E401K P246L,1
L114L K210R,1
P56S T17I,1
G17R L122L,1
L393Q I1108I,1
P1889S W976*,1
P568P R513R,1
F238F R391R,1
A2113A A2106A A1880A R1386Q,1
C130R R176C,1
K287N Q367H,1
A1014A R1827R,1
D600Y G437R,1
K670* Q1406*,1
R1380L K749K G1167R,1
R88Q N345K,1
E301K H427Y,1
C2396R L2366F,1
G1142R R63S,1
L87L L467L,1
I760L S765L,1
A132A D155Y,1
L1327L S130F F128F,1
Q858* L804V,1
E532* G1031W,1
V272M R174W,1
V843L L861Q,1
S1077R T482T,1
K43K G150E,1
G159G E1569K,1
R657R A1278V,1
P1067L S1198S,1
G670E E680K,1
L337L P926L,1
L1139L F3407F,1
R253* Y860Y,1
E113K S329S G348E,1
Q712* S151F,1
P876S R264R,1
P1570S H1871Y,1
P1115P E995Q,1
Q1367* Y1183*,1
I578M S211F,1
I378I E145K,1
Y1447* K934Q,1
D1252D R1135*,1
G805S R1203Q,1
R118Q S259L,1
R668C L7P,1
L1084L T253T,1
P322H K526R,1
I736I L1785L,1
R3842* G315E,1
E1738K K106K,1
K572K I894I,1
T316T V1059M,1
S64F C159R,1
I88I D25N,1
R273H V272M,1
M111I W110*,1
E915D D500Y,1
S454R S918L,1
T798A M384I,1
D40D S199S,1
R2895Q R2002H,1
H340P H346P H197P,1
R173H R233*,1
D2684D R3389Q,1
A668V A523A,1
R1822C S1886S,1
R429R E1126K,1
I358I R162H,1
M1228I R666H W620*,1
R1023Q R2613R,1
R88Q E542V,1
R1191H V2141I G4500G,1
P2349P N325N,1
R364H R2407Q,1
V1076V Q1520Q,1
A1739T T447A,1
R225C V90A,1
P993P A1193T,1
F219F A538A L749M,1
G217D P165P,1
T358T H490P T670P,1
R422I K793N,1
G516G G520G G707G,1
P1812P P1856P,1
T44P G61G,1
G29G T3194P,1
S3199R S2608S T891T,1
P693P T386P,1
V359G T190P V166G,1
V201G T1186P,1
P147P P1219P,1
V3078G Y255S,1
V874G V914G,1
V133G G164G,1
V266G G255G,1
W203G V86G,1
V3169G V1640G,1
H215P H439P W709G,1
T168P V198G,1
T563P V460G,1
V93G D271A,1
W772G G1210G,1
W111G G175G,1
H726P H904P,1
S190R T164P,1
W7866G H3308P,1
T1080P T591P,1
T1344P T129T,1
H289P V198G,1
V952G S1078S,1
T672P P632P,1
V488G T546P,1
V565G T418T,1
N311T P675P P699P P947P P953P P965P,1
H464P V1443G,1
G198G P496P,1
N516T G879G,1
T263P P287P,1
S1794S S1801S T1819P S1822S S1836S T1840P,1
V600I R553C,1
S40R N711N,1
S1364T L1051L,1
G156D L333M,1
L433L K626E T705T,1
Y885C N897S,1
Y652Y T463A,1
D895G I888N,1
E457K G572G,1
P220L R319R,1
Y876H A733T A73A,1
R455R R578W,1
T488T V560A,1
H469Y M138I,1
M324T Y335C,1
A525A H524H,1
V49V R95R,1
L1153L E1161G T1339A,1
I303I I262V,1
T253A S396S,1
T60M A163V,1
E937E R103W,1
S927C C937S,1
V263V I678V,1
P178P H1047R,1
G594D H655H,1
R760Q T57M,1
R555* E565G,1
N1922S A1705A,1
S850S E2496E,1
K1585K L1231L,1
Q51Q P334S,1
D1452D V1668V C3119C T3162A,1
T238M P107S,1
A729V L868L,1
A1948V T1120S,1
W2112R P1533A S1260S T1023M,1
R39W D492G,1
R225C E120E,1
Q277Q G53D,1
F308I R1018H,1
L2999L Y1455Y D944D,1
K818N S826T Y864C,1
R4206H R4197W,1
F225I R177C,1
E154* V148G,1
E760G L567L,1
G689D R2325R,1
L1623P A460A,1
R951R H1604Q,1
A375T I306V,1
S2291S P2176T H2005H,1
E299E Y155C,1
R88S A5T,1
R1999H D3595N,1
R1099H R458*,1
G448G P257S C123C,1
V790I A624T,1
V387I A49T,1
H197H E122G,1
L504L G399R,1
I921I P445S,1
M551I R554K,1
Q966Q Q123H,1
L543S A541G,1
G103D T192T,1
G1453G N166D,1
N1619D A2351T,1
A1103V A627D,1
C335C T224A,1
M480L Q297R,1
R783Q D284G,1
S305S A534A,1
G103* E168K,1
D5540G A3870T,1
T154A F421L,1
A306T N431D,1
G297G K82R,1
Q331* R213*,1
H108P G123G,1
V588G G1953G,1
T512P S98S,1
S712Y S373Y,1
F248L G409*,1
R276Q R556Q,1
T72T K390N R656Q,1
K475T E481*,1
R430* I154I,1
R619Q E445K,1
G204G R1502Q F2170L,1
E472* Q45H,1
E157D S498Y K1939N R2173* R2181Q P2615P,1
K264T E92K,1
E257K R144*,1
P420P S59G,1
S2553F A1891V S1435Y K999K,1
S930Y L1846I,1
R7690Q E6535* V3921D I3838T A3483V L3326I E2802K S1567Y I1296I R617C,1
E242K H318N,1
R845I R749Q E513K,1
L1013V V1023V S1143C,1
347_348ME>IK,1
A1075G P1076P,1
R2951R H2953Y,1
P519S E3224E S4661S,1
P1681S D1328N G1703R,1
R223Q S865S,1
P2629S S2307S,1
T408T R1790R,1
P308L P511S,1
E60K T62N,1
D251N E225*,1
G1388S L993F,1
L440L W48*,1
E1214D P832S,1
G145G L298L,1
T1471I P448L,1
S134L M701I G960E,1
L573L L633L,1
Q398K K283N,1
C644Y F571V M321V,1
E819D E231*,1
R202Q L661L R815K R1658Q,1
D3569Y D2936N R2521Q F2460F R1151Q,1
R1826W P286R,1
N555H D748Y E822K F1440L,1
I501I L842I E846D,1
E765* K516N,1
L2128V E845K,1
N145N Y1021C,1
L258I R13Q,1
Y299C K250N S43S,1
R1035Q S2818Y,1
I175I A505A,1
E653* M1551I,1
R129C R458W,1
R62C E717*,1
R124I R380Q,1
E381* I369I,1
R64Q D430N,1
E1066K T728T,1
E1145K S1019R R1016Q,1
T588T R90W,1
E447* Q657P,1
E409E F1558S,1
I95I E237K,1
T1846A R185C,1
E415* R87S,1
E1165* R285W,1
V282L I737T E1797K A1873T F4083F V4148V D4745N,1
E1077E L3762L R4136C,1
V680I R558* R114W,1
R1330Q R334L E270K,1
R2499* R1873Q F857C,1
E419K L30I,1
R492I R761I,1
E509* A310S E315*,1
E291D R1069I,1
E145K E409K,1
D238D D235E,1
V5435G P628P,1
T35P H207P,1
T404P K402N,1
G2071G T1823P,1
V789G G371G,1
G2812G T770P D672G,1
W1449G V482G,1
V1017G V768G,1
H606P H609P,1
T355T T625P,1
V390G S441P,1
H1195P S1139P G709G G147G,1
V102G T1148T,1
G53G V38G,1
W681G V603G V459G,1
T134P H149P,1
D1774G T2715P G3617G V3625G,1
T322P T408P H577P,1
P42P H62P,1
T563P H577P,1
Q195Q E4531K,1
V211G V96G,1
P296P G910G V913G,1
T1377P V1130G,1
V865G H940P,1
S596R G554G G503G,1
H1041P V839G,1
H286P H764P,1
G47G V41G V37G,1
V137G W519G,1
V787G V767G,1
T63P P725P,1
S296P T338P,1
D310A H430P,1
G109G G92G,1
G348G V310G V298G,1
H677P P742P,1
R7293R V7177G V6037G G3978G,1
V758G S983S,1
V424G V464G V488G R622R V1163G,1
G5584G G5525G V4783G V4224G V4063G V3914G G3900G V3807G G3118G G3107G G2990G V2860G G2606G G2211G V2209G V1678G V1513G G1350G G1222G V1146G,1
K1600* S814S R3749K R3799Q,1
G54S R560C,1
R392H S669S,1
R386Q E187K,1
R356C F1963F,1
S1096S T329I,1
I571S L572F,1
E755K Q711*,1
S204S L2370L,1
P153P P275P,1
R293Q L329L,1
E1098* S1064F,1
F184L Q432R,1
G12R E446K,1
V398G I399N,1
E456E A1825P,1
I1658I L1744F,1
E542K Q546K,1
A1165V E257K,1
P1246S R2157R,1
V333V V317I,1
P11P T33P,1
H393P T560P,1
T173P H1150P,1
V687G W108G,1
G1465G S1431S,1
G472G G469G,1
T1785P T832P,1
E7640* A7055T S606R,1
R781L R881W,1
T1115T T1029T,1
R465C E113D,1
S1167L R1121Q,1
S327G L249P,1
H1047R H1065L,1
G167G R683S,1
K168T T232T,1
L307M N208S,1
G1831R R1253*,1
E775K L381F,1
C85C K445T,1
N6626H I5955I A4453T K4424T D2001Y T1973A K1365T E1061D,1
G265D D329N,1
R158I D398D K425N D478G,1
F637F D53Y,1
R448Q E212D,1
G686G K353I,1
R1173H L767L,1
R428Q D155N,1
Y650* R440Q G221R,1
R902I G59D,1
K1636N D1442N K976N,1
E1083D D536N E487*,1
D2103N D1623Y A406T,1
S189P R128Q,1
P85S S170S,1
E1157* R476H,1
D1759G L1644I L1420I,1
Y1935C P248H,1
R2776* P2200S V213V,1
I273I R172*,1
A2088T A2187V,1
R155C R231C,1
R1000C T316T F174F,1
E361* K631K,1
K755K L989I,1
K397N H56R,1
L300F R105K,1
A493D R580H,1
K2435N S2193Y,1
R142H R551*,1
M269I R179Q,1
K98N A328V,1
I560I S430F,1
S247Y E95D,1
D520Y R14Q,1
N196N E218K,1
R851* S1442R,1
P1174S R378Q,1
F862L L19L,1
Q3197H L252V,1
A654T E70K,1
F1321F R384Q,1
A478V R628* S990Y,1
W720C I661L,1
R1225I M1159V Q927H K4Q,1
V1698V E1295* S1071L,1
S2192N F1854F K376R,1
R309M R611H,1
R1518H R146Q,1
P1013S V686V P276S,1
S262P T1525T,1
E852K G313R V995V,1
R533R K644T,1
W859* P1447S,1
D377N R37R,1
G1772E G327G V2473V,1
R705C P401S R166C,1
T350A I386I,1
E3K T135A,1
E508* K239N G200S,1
E205K N384S,1
I1123L L661I,1
E176* P682L,1
D78N D332N,1
L363F P746S,1
D503N R538Q,1
K135Q R372H,1
D1632N L126I,1
T300T Q858Q,1
T664T R1114* F2784C,1
R11Q K1119T,1
A364T R204C,1
K1406K A362A,1
R1052C R480Q,1
Q129H F2984F F3164F F3961C,1
K346T N376H,1
A107A C9C,1
T177A A359V,1
K475T R683I K875E,1
F5F R818*,1
Q175Q G336E,1
F668L R165Q,1
R549C R534*,1
D7736G I7514L S1250Y N1198S R1002Q L41L,1
D1689Y L948L H94Q,1
F108V L693V,1
E102K G325D,1
C1011C I322I,1
S167L T269A,1
R312Q D398N E447*,1
V283A T1044T V1167A,1
T1505T D834N,1
E549E K274Q,1
G1342G N338K,1
A328T A2387A D2595G Y2685D P2873S,1
A3077V I4964I,1
D325D N131K,1
E260K R155Q,1
F229C T768M,1
E685K F482L,1
V491I V491I,1
E2002K E2002K,1
H1008Q H1008Q,1
E162* E162*,1
G237S G237S,1
E104* E104*,1
S747C S747C,1
K209N K209N,1
S109* S109*,1
E495K K736T,1
E251Q E251Q,1
Q1385* Q1385*,1
V826V V826V,1
S302L D119Y,1
R341Q R267Q,1
S344Y R541W,1
E70G R1125H S2176Y,1
R380I K298*,1
E82* F151V,1
E1098* K509T,1
E3061K A1819V,1
L2407L L1063F,1
Q1318Q R1268Q F444V,1
F314F D534G,1
K251T S2S,1
S328N P453L,1
A1443V V205V,1
R1400* L1643L,1
W451* R570Q,1
A1551D R1251Q D954Y,1
N564T R1815Q,1
S1190P S504S,1
R306R F612F,1
D319N R588I,1
F1263C E1043* N461H,1
V701V S630L,1
R229H F957F,1
R1592K K1487N,1
K1730N R1048Q,1
L1053I R17H,1
K1882Q L1409V P218P,1
T1096T R1113R,1
A2345A L1638L,1
R386Q R663Q,1
E116A G194G E254K,1
C1819C E1270K E1124D,1
R123H S2Y,1
E197* A684A,1
D81N R376H,1
E1989K D1379N,1
F127L E701D,1
F549F F772F,1
A739G E327K,1
R997K E451K,1
A419T E1005K,1
D72Y R231H,1
L1322R L1911L,1
P132S F99F,1
E148K P316L,1
S420F R855*,1
S2743S I2850V,1
A1143A R909W,1
S940* S1419N R1450*,1
Q2562* S2559L,1
K320K R280T,1
E994* E766K,1
S249C H349Y L377L,1
R1296Q Y615Y,1
Y4216S K4202I E2811K,1
E196G R44H,1
L278L S276F,1
E2188K S376*,1
R188W A138A,1
E1529K E1437E,1
I568I G507E,1
P2282L S164P,1
R1086* I2149I,1
T21M G369*,1
S1281I S1281I,1
A54T A54T,1
R493R R493R,1
P691S I467I,1
M640I S341T,1
G331V G540C,1
T1986M R1924H R1031C,1
G1338D T1915T,1
A1032A Q2582R,1
A672T T244T,1
R1839H A957T,1
M208I Q227H D192Y,1
L274L W10*,1
C5472F M2562K,1
P152Q R248Q,1
L282R S59*,1
E10K R18R,1
S313L S479L,1
G701G L218L,1
V4405V K1051K,1
P427S K356E,1
V956V P2297P,1
G291V L1164L,1
Q932E Q932E,1
S434* S434*,1
T182S T182S,1
R544P R544P,1
S286* S286*,1
Q292H Q292H,1
A860A A860A,1
R174R R174R,1
G2374G A2626A,1
Q340Q Q340Q,1
S1170C E1285Q,1
S236C H232N V220V S219L,1
E415* G410G,1
E934K V1662A,1
E1158* R1093Q,1
F1868C R915I,1
F8404C K7819N E7079D,1
L564L L564L,1
P151A P151A,1
V3088V T3120T,1
E4354Q E4201D,1
S1102S P607S,1
Y193Y T408I,1
S186* Q319* Q269K H233Y L355V,1
P127P Q122Q G104S A47T V111V G71S E97E C72Y C24Y,1
T346I L239L T291T R286* L344L P351S F345F,1
F1365I V55V,1
L1940L G137R,1
Y483N A296T,1
L1063L L1063L,1
L243L R245K E287K,1
E417K E603Q,1
E102K P660T,1
L141V Y138C,1
E1961Q M1544I,1
V311L K307N,1
N387I L386L,1
K810R R2927C T3796T,1
A232T R444Q,1
E580K R160C,1
V2333E L1544I,1
F855L S781F P672T M258I,1
Q28* L144L,1
E43V L28L,1
E48G R118H,1
P1474L N2595Y,1
L237V K2413N,1
D410E S411R,1
Q1016Q V663F,1
S512C Q518K,1
Q1667H P2047S,1
R378T D548V,1
T2308I T1320S,1
S687S S688*,1
R441K D434N,1
Q139* F440F,1
S923* E491D E480Q,1
R10C L498L,1
L394L E396K P409P R421R,1
E452K D1852N,1
G75E G253S,1
P1518L S1179S,1
V734V L59L R1056C,1
R493C L645L,1
Q689Q M82L,1
P156S G615R,1
K300I E149K,1
S379C H331Y T184T,1
N515S A434F,1
L921F F1359F,1
D866N E1017K,1
Q2303L K2302K,1
S1045S G489R,1
F30F L1339L D342N,1
E171K W146S,1
3589_3590QI>HV,1
F254F L256L,1
E1950Q E1652Q E705K L530F,1
R1303C Q3313*,1
T373S R422R,1
I263V I263V,1
G2161G R1711G,1
P1773T H1195R,1
G206V I735S,1
R130* Q149*,1
A197N P196A,1
D413N L235L,1
C176F V173A,1
D333Y D333Y,1
L367I K806T,1
A30T R525C,1
S6062S D52G,1
K344R K343E,1
R1306Q R985Q,1
A2635V I282I,1
R806C R583H,1
S138S Y109C,1
T482A L2439F,1
L4404L D2973N,1
R115P L568F,1
L106L R148Q,1
E2446Q Q2338H E2273Q G1607R,1
R3781* E2282K R2256K D2254N E788K,1
V1676V L64L,1
L22L F19F,1
E1601* E474Q,1
F289F P278S I257I P256S,1
D160H V331V,1
M523I E347K,1
S49N I5N,1
L110L G821E,1
S114C T102T,1
H200H A103A,1
S363C L381L,1
Q1576* F1374L E1306*,1
L321V V239V,1
R473R S451L,1
R696T R696T,1
R10W R10W,1
K53K K53K,1
Q6310H Q6135H,1
R1068G S533F,1
P296S L650F,1
G91S K42*,1
R65C R473Q,1
I225I E609K,1
L1128L I838I,1
P485P A512A,1
I861F E575K,1
Q603* H1021Y,1
Y316H R87C,1
F2361F W2017C D410N,1
Q242* S225S,1
S864S I1148I F843F E39E,1
L27L F199F,1
E2489K E4228K S3224F E4224E,1
L3992L E2799K L3246L,1
E1150E F393F,1
R112Q V670V,1
G346E G333R,1
P39L G776V,1
P830T S818S,1
Q258E A360V,1
I2218M T685S,1
R95Q P142P,1
K684E Y423C,1
S1204S G303G,1
K1057E R542C,1
L952L P1792L,1
V302I Q781Q,1
V2674A S1802G,1
R286I T712T,1
L564V P684T,1
Q2278H G2434G Q3092K,1
T168I V215G,1
Q189Q L179L,1
L3631L Q3580*,1
I789M S811C,1
P90S G888R,1
S148F V465V V348V,1
R293Q P177S,1
S628F P787S,1
S176L P306S,1
R459C A792T S388F,1
F116F F338F,1
K781K P582S,1
E477K D374N,1
P484L T471T,1
A163A D156N A1068A Q1062Q,1
E1395K P1030S,1
W125* S214S G240E,1
S2704F L2357L,1
A3793T C3214G,1
F442L F509L,1
T923K P1179H,1
L1983R A243T,1
L280L F103F,1
Q635E L618V,1
A2544A S2537F,1
M593I P468S,1
K2523K L3253L,1
E510K E347K,1
I633I G369R,1
E3407K P3648S,1
A614A P301P,1
P203S I175N,1
S300F I1061T,1
V73M S658S,1
S1037S F563F R1420Q,1
E1552K R1438R G1524R E1744E,1
S827S S761S,1
I295M P172S,1
I723I D494N,1
S937L I1477I E693K,1
P401T G1083E V380A,1
D594N L414L,1
V553V G43R L508L,1
K256K S35L,1
E2560V R1840C,1
Y273C R210*,1
T625M R600Q,1
S485F I417I,1
Q505E F38L,1
L182L A312T,1
L223V F227F,1
R783R F428F,1
R653S L213*,1
R302* R1450*,1
N3636D 2865_2866IL>IL,1
H338Y S544L,1
V1295M E797K Y569*,1
P637S V284V,1
G128R D179D,1
A580V F343S,1
S905* V949V,1
E197K D153D,1
G3101V R3314L,1
P49T A385A,1
L108Q A1576V,1
S760N E505K,1
E758Q R643Q,1
V1596F W1440C,1
T581R 128_129WT>*S,1
D456Y Q754Q,1
I3283I L3817F,1
L203L C327Y,1
Q327H F571F,1
C1073C C1091C R1499W,1
E2769K R2931C G3863V,1
R1492H L221L,1
G2430S H1714H,1
L330L E355V,1
S893S L384F,1
A197V L521L,1
A1160T I276F,1
S604F V354V,1
Y216C N228K,1
L391F L432F,1
T1081T V4271L,1
R891* Q641H,1
I245V N183N,1
A9V G44S R184H,1
G3737W S2914N,1
D261D T483T,1
R1323Q N1059I,1
V1749I G1158S,1
A205V T543M,1
R1755Q G920G R142Q,1
A361V V496A,1
R1124Q T45M,1
L306L C1545C,1
R251C V262V,1
T94T N449N,1
L813M R440H,1
V25A A26A A28A,1
T3010A A3037T S3613G,1
R83H I111V,1
S1525I G1285G A60V,1
R47C R159Q,1
A440V N3286D,1
F2812F P1182Q,1
G81R H291H,1
L202P Q191E,1
S2025Y L1020P,1
E216D V208L,1
D1116N D1172N,1
V655M A590V,1
A754V A1020A,1
T1977A P1159T,1
P46P K455E,1
R1713R R1480C,1
S353N R971M,1
*608* I2I,1
K1946M T1943I,1
T606T A165A,1
N531N P602L,1
A7572V V5821V,1
S132S S22S,1
A12A L2506L,1
L1779L T1643S,1
G675G L405L,1
E32K E337K L378L E477K,1
T641T N803N,1
E1933K E1402K,1
G512R L384F,1
R881C N722D,1
R183* A155A,1
P1127P A1028A,1
S1376I A572V,1
V125A R228Q,1
N110S R326W,1
G986G T980R T217A,1
N1609K T557T,1
R888W T254M,1
T441S P142L,1
A187T E146K,1
Q1025* P1324P,1
C520C G786D,1
A1296T R554H,1
S188N S2032L,1
Y343Y T11T,1
R948R R150Q,1
R2537W L338P,1
L750M H480H,1
A450A T642T,1
L1922L S3116L A3980A,1
M1062I L828F T347M,1
R433Q W257R,1
C681C P780P,1
R446H E802V,1
V505A T534A D1264D,1
R248* L297S,1
F86L K613K,1
Q523H R190Q,1
Q403H G659*,1
L1468S A860T P791P,1
R374H P845L,1
P4537P D4484G R1605C,1
G17R V60M,1
A307V P306L,1
T3501M R2813R D2458G A518A,1
V300V R273W,1
A498T A575A,1
P464S P1157P,1
G188G P92T,1
E197G R357C,1
V146M T108M,1
R636W Q1021*,1
W130R R58Q,1
T518A R554R,1
L715F P326P,1
R1598Q G636S,1
Y488H L636L,1
A877T Y118H,1
R147R P1106Q,1
Y788Y T265A,1
S1102S S150S,1
A368S H263Q,1
G5075R G1499V,1
N597N N879S,1
V254I Q508*,1
C175R T486T,1
L7212P D471D,1
P770H K726T E550D,1
R216Q R333R,1
K672N N390S,1
R247C G411G,1
Y1874C I1404V,1
S2813N S200S,1
T30T A258V,1
R1575C L202L,1
I101I H2923Y,1
M756L P845P,1
G275D R232H,1
R2072W R1602C,1
P1037P V104I,1
A530A D688G,1
E34E P166P,1
S682S L120L,1
T539A I407M,1
R419H T449T,1
E465K L1051M H1310Y,1
Y825Y H691H,1
M126I R3453H,1
P636P G527S,1
G36* R47M,1
R123R A1350G,1
D163D W680*,1
E165K D410D,1
E1277K N313N,1
P1168P I318T,1
Q7183Q R6817Q,1
A175V R230C,1
V831I G1343G,1
A626T R278*,1
R757R D789N,1
A2181V S770S,1
L1533P D719D,1
G54C A100A,1
G267R R177Q,1
R1617H E1112D,1
A259V R298H,1
G406K S368N,1
D2930Y G2740E,1
E69D D475D,1
Q193Q C179C,1
S402F L355L D107N,1
E200Q L884L,1
S764L H878Y S1239* V1251V F1437L L1688V L1735V,1
E447Q C462F,1
R830Q F1747F,1
A1348T A686V,1
K33K F399F,1
S206L W248*,1
P367S L597Q,1
E1079Q L987L,1
E413Q S416S,1
A1822A D2738G R3073H,1
R150C N235N,1
R38Q R19H,1
P2072H F80S,1
A132T R103Q,1
E645K V670E,1
S501* V331L,1
E245K E245K,1
G460D G460D,1
T286T Y302Y,1
R298H I4145I,1
F275F L243L Q116*,1
W589L P590T,1
N345K H1047L,1
86_87ME>IK,1
A20A A118V,1
D1553G A1111T,1
W721L R42Q,1
R19R R495*,1
R318C A197V,1
P568L A594V,1
Y174C Y92C,1
P864L I867I,1
I317I Y238H,1
179_180QI>HV,1
E726K H1047L,1
L132L L156L,1
V595V G591G,1
V1664I Q4945E,1
I866I P366L,1
D13N R23K,1
S8681* S8665S,1
S182C S225C,1
D116Y G44G,1
H363Y P410S,1
A819S H214D,1
P477S S303F,1
P311S I1208I P1280P,1
P129L P125P,1
F1243F R357K G222E,1
N3472N D1121A,1
P591P E548K,1
I1456I I1332I,1
Y245* E85D,1
S596* Q1328*,1
E2313K R3651C,1
K1395K E1388K,1
D570H R1112*,1
Q1416* S1880C,1
R1386Q L1321L,1
P496P R517K,1
E1136K F1283F,1
R248W L114*,1
L3635L I4639I,1
S498* Q501*,1
S735* L847L,1
I1262I I1263I,1
E1492Q S1288C H1281Y,1
R1646Q R2455C,1
3080_3081LV>FF,1
V1524V E825K,1
R143R L150L,1
V487V G145E,1
P548S S116P,1
F480F F441F,1
P1369P R1450*,1
R320M P335P,1
W562C G234G,1
Q3933R A4234G,1
Y755C V120L,1
I308T Q83H,1
P2987H T1418R,1
E1040V 3740_3741EE>D*,1
L760P G674*,1
C277F R175H,1
G916* L1128L,1
Q629K H4468Q,1
L631Q E2513Q,1
E1929V E906D,1
H441Q M439L,1
S1194T T673T T186T,1
208_209KG>N*,1
R597R T1828T,1
T1648A R3831R,1
D99D E49K,1
L1182L G184G,1
I356I S363C,1
R93R E159Q,1
L829V S738L,1
E80K D143N,1
R3913R A878G I194M,1
G2857G P1894P,1
S2135S T274A,1
E1237Q V1639A,1
S86L L67I,1
E1135K M457V,1
S567L L596V,1
L410L F453L,1
Y161Y Y161Y,1
Q136E Q136E,1
D261H D261H,1
L428V L428V,1
S184L S184L,1
R1320K S383L,1
S1085L S887F,1
S1944L E840K E2006K I2449I,1
Q460E L669P,1
P423S S727F,1
R476W E1409K,1
F136F L292L,1
M315I Q448*,1
R87C S64L,1
E371Q E396K,1
A1064V C401W,1
G3477V L3478F G4321C,1
Q475E S217L,1
P3161T S465Y,1
L5088L D4215Y,1
G787V G475A,1
G33R H51R,1
H52Q L39L,1
L213L L135V A133P R32K Q30Q V54L E67D A71V,1
S259P L476F,1
R1494Q Q106L,1
A2113A A2106A,1
T1096M E1456K,1
E253K E167K E93*,1
P411P H549Q,1
R1683G E623*,1
D706Y D702Y,1
R130P S170N,1
P45P S43G,1
E203E E193E,1
F141F L216V Y335* H373Y I385I F481F,1
300_301MG>IW,1
S768I V769L,1
V8712V E2210Q R1747T,1
H255H H255H,1
V143G F109V,1
S364S Q353E,1
S2336F R3435Q M642I,1
P407L T405A,1
E38E P30L,1
P290L R662Q,1
V491F H1094N,1
Q844K Q809H,1
A266A E115G,1
T1054T T1054T,1
S25C Q66*,1
229_230HM>QV,1
V195I A263S,1
R1652W R901C,1
Q345* E346*,1
L386F L386L,1
D538N E542K,1
V216M V216M,1
P115Q Q392K,1
M218I M218I,1
I912L I912L,1
T250A T250A,1
R395W R395W,1
A107V A107V,1
D482E D482E,1
G354R P555P,1
F366F P364S,1
R225C R225C,1
L144L L144L,1
L604L E596Q M552I,1
R292G L2443V,1
G674A V165M,1
R400R V397V,1
S205S F208L,1
E576Q Q1404H,1
V348V L276L,1
S1231* H417D,1
E1582K S1985L,1
L955L H953Y,1
G21E S352F,1
L232L L198L,1
S6760G A5586V K3734N,1
L2684L E2743K,1
I628M Q448*,1
S229L P230L,1
P181L Q179* S176L,1
T1664T Y718N,1
P3896T S1207S,1
C163C C163C,1
S807L S355F,1
K555E K555E,1
L1645V L1645V,1
R941Q R941Q,1
S94C S68C I59M S53C,1
T84T R1827R,1
C1389* F1302F,1
C238F I195N,1
S205F L86L,1
R274G P275S P275P,1
G1669E L1819L,1
E919Q E911Q,1
E30K K28N,1
R3255T R2506K,1
C1122C R577R,1
E334E E349G,1
G1621S N1253T,1
H215Y H215Y,1
G1304G G1304G,1
R28R R28R,1
E1741K D349N,1
Q1257K G1115C,1
I4075S L680*,1
R1605R R1607G,1
F1888L Q1886Q,1
P589A P589A,1
E249Q E249Q,1
F1011L F1011L,1
R312T R312T,1
E2586K E2586K,1
R37T R37T,1
E131K E131K,1
R190T R190T,1
S534Y S534Y,1
F1413L F1413L,1
E104K E104K,1
E778Q E778Q,1
L640L L640L,1
318_319MG>I*,1
R1412H Q1266*,1
D1689D G365R,1
K1425E A822A,1
C229* Y205C,1
V9L L2R,1
P384P I375N,1
A330S Q310*,1
15_16LL>LL,1
F3764F V4271V,1
L13I D658E,1
L2643L D3821N,1
K3139R R2790W,1
F3441F W3260*,1
P327P A848T,1
R257H C128*,1
G614G H1569R,1
G2668C E2640K C2496Y G1143D P886L,1
E796K L677I,1
A437V V335M,1
L123L L123L,1
A270S A270S,1
E86K E86K,1
L83F L83F,1
Q872K Q872K,1
Q429H Q429H,1
K329N K329N,1
E701Q E701Q,1
D952H D952H,1
I709M I709M,1
Q698Q Q698Q,1
L125L L134V,1
Q146* Q146*,1
L57L S27W,1
D252N D312N,1
F26F L30L,1
E1663* E1971K,1
G52E E101K E125K D136N,1
L315F I343I,1
G438C R119*,1
P614S P614S,1
R16W R16W L164F L164F,1
I107I I107I,1
I935I I935I,1
L29F L29F,1
F690F F690F,1
L240L L240L,1
E77Q E77Q,1
E2388Q E2388Q,1
D1262H D1262H,1
V312V V312V,1
L60V L60V,1
I157M I157M,1
S679L S679L,1
I365I I365I,1
Q718E Q718E,1
E42Q E42Q,1
E2011K E2011K,1
M293K M293K,1
P430P P430P,1
I734T I734T,1
R18* R18*,1
R154P R154P,1
Y1725F H1746R G3278R,1
M3263I V3664N,1
G24R S180F,1
F1388F D2519N,1
1998_1999KR>NW,1
N807N L838F,1
E1066D I1835I,1
G3339C Q543Q,1
L2291F Q1096E D432E,1
A1998A L1905L,1
G889D A3063V,1
L501L P256S,1
L921L T927M,1
P601P L603F,1
Q1532* E1390Q L1370F P1361L Q1345Q F1334L F1289L L1276I,1
D71H P202P,1
Q61R E312D,1
I950I L933L S1014F,1
R526C R536W,1
E88E E287Q,1
L23S L23I,1
E1463K L1398L,1
A1095A A2506V L4101I,1
G323C K326M,1
D596H S604T,1
L2219L S2897N,1
E301Q E295Q,1
I1213I L1194V F1173L S1146* S1206*,1
A683A A683V,1
R3914* R669H V139I,1
Q510L T52I,1
A238A A238V,1
A1979T F311F,1
P461P I432I,1
S880S S880F,1
I1771I P1772S E1712Q,1
P313L P313P,1
Y220C P190L,1
V755V P1340S,1
Y339C Y339C,1
R25* R25*,1
R1506Q R445H,1
E117* D185D,1
S2215S E455E,1
A2015V T447T,1
R330Q R330Q,1
N345T N345T,1
P41S P41S,1
V163V V163V,1
T27T Y126D,1
N3147T N3147T,1
P379S P379S,1
T137R T137R,1
G1081G G1081G,1
E452Q E452Q,1
R83R R83R,1
Y1609C Y1609C,1
L196L Q301E,1
R967* G955V,1
V150L R174T,1
F237F F213F,1
L497L R3364K,1
S80L S48*,1
E1057Q E985*,1
E104K L107L,1
S383C S323*,1
L860F E867K R882Q,1
M290I A251T,1
K80K I81I,1
D2889H K2824N M2487I,1
E754Q E665*,1
S171* E864K,1
Q385Q D388N,1
E948* R969I,1
R2777P W1963S,1
E673* E677Q,1
G1677E K1459N,1
L1429L S1152C H1069Y,1
L745L E641K,1
E400Q D378N P134P,1
G58V E64K,1
R634R Q651Q S604N,1
S765* H818N,1
D120N D120N,1
A166S A166S,1
E115E E115E,1
87_88EV>DL,1
I182T Y207Y,1
V4125V L4578L,1
K111E Q546E,1
Q1331* G3072N,1
H2505Y R783C,1
A869V I868N,1
E2146E E1969K,1
R1580R F801F,1
W87G F44F,1
345_346WV>*I,1
A189D A186A,1
R548W R469W,1
R168H E707K,1
S1396G P451L,1
E24E D1727D,1
A27T L142L,1
W649* A720V,1
I73N I412I,1
T348T P1436P,1
G133R N153N N174D,1
R1741C R1045W,1
A199V I1254N,1
A790V A928A,1
S243L E828G,1
T259I A199V,1
560_561MQ>IK,1
K164* G103E,1
E731Q V712V,1
D2687E Q2736Q,1
L127P G84D,1
A91A D205E,1
297_298KE>N*,1
E2638Q T1356T,1
Q1682H S1754S,1
W1663C G1267W V872L G856V,1
G1338W G875*,1
H2284L A1150T,1
S104Y S1006*,1
I435M R456L,1
Q168H L55Q,1
A544S E1807Q,1
T59T D475V A1243A,1
H131N E288E,1
F529L N348N P323P,1
L350M H1725N,1
R1409H G458*,1
R493S V753L,1
A1387N D988H,1
F1467Y T426T,1
L610L V333I,1
E1183K K5066K,1
L975L A538A,1
R1901S E995*,1
P4199T R2285R,1
L878S L1748L,1
L5134P Q3918Q Q3877H,1
E3956* L2340L,1
E81K G106R E545Q,1
F1605V R104C,1
R242G R320M,1
G1883C S986C,1
N1372Y R1526T,1
A266S R1089S T1529T T2562N Q2897H D4210E D4808Y,1
P870T A663S,1
E2142Q V3129V,1
G702* V221F,1
P4464P G4263R,1
R206G S1633P,1
P612A A435E T230S,1
T2667T L2668Q,1
Q1044L G184E,1
L636I G579R,1
S453P E876K,1
D67Y R927C,1
S152Y I1130I,1
G2303D R1600K R988R,1
D204Y E421K,1
A4363V S3794S L601I,1
E1218* R391C,1
R1967* L853L,1
E360* K165N,1
E2G E631*,1
S2396S F2302L R1930C T879A,1
R111Q V576V,1
N1378H Q602H R150Q,1
R318I F248L,1
E36K L150I,1
F294L R271H,1
F775V F679F,1
E32D R510Q,1
K775T P1161P,1
E54K K925N,1
A292V G510G,1
R94Q E199D,1
E240K S107L,1
R828Q D330Y,1
R710H T335P,1
E395D R245I,1
R1389H K3887N,1
Q2460K L2405L H163R,1
R130Q E201*,1
F1553F D1129G P286R,1
R225H S490S,1
S739S E488D,1
S724Y K140N,1
K1707T A1202V,1
R707C Y195*,1
L2783M E1178D D232G,1
E266* F324L,1
T2750T F1524L,1
E396A K552N,1
S1861Y S2674Y,1
S650L R815Q A985V,1
P196H A75T,1
K285N R294R,1
I1613I P453L,1
H2752D S2957L Q2990*,1
S302* S281F,1
A1166V P577H,1
C525C A2779V,1
R179T L159L,1
A45T C198*,1
L24V E66K C19C,1
L2190L P1681L,1
S26R Y51Y,1
Y73C I74V,1
D531N E271*,1
E667Q E624K W658* D654N,1
G1916G R1285C,1
R281H V249I,1
H1042H S1402L S1568S,1
G1196E Q887Q,1
E601K Q1189P,1
Y885Y L500F,1
G1107V E1005K E58K,1
K1522K S212P,1
T257I N387K,1
C510R R57G,1
I2066K H976L,1
Q1255H P476P,1
G244L W220F,1
P2128K G163L,1
F1589F L1167M,1
E737K F39F M1027I R802*,1
P589S H230Y,1
F375F T509I,1
I187I P346P,1
L504L S938L,1
D849N F47F,1
F1428F G321R G1826E,1
R553R I710I,1
E263K L197L,1
L536H M188I,1
Q98H F113F,1
D3543Y S724F A2194A,1
R2262S L918L,1
D118Y R279R,1
L1788L P1591P D1571H L134L,1
D1188H I1039I,1
D954N P315A,1
P346A L394L,1
D2493H E1076K,1
D2487H E2294K G2120A,1
G466G V737V,1
E2113K L1975F A1844D,1
E1414K E1492Q,1
L594L L483V,1
E54K F10L,1
E248Q E275K,1
A4453T A4102P D3354H R2555T S1983* E1399Q,1
Q340Q G68E,1
L1713L S593L,1
D90Y L404L,1
K1799N P671P,1
R338T K81N,1
W29* S476L,1
E106Q F343S,1
G558G E693D,1
E728K Q113Q,1
S149C L304V,1
R869T S422F,1
I360I S501*,1
L961V E834*,1
R838G G343G,1
L19V E811Q,1
H1765N S1512* D1382H I122M,1
H63Y S27F,1
E666K M765I,1
N361K F568F,1
L1077L L23L,1
V459D V543V,1
D319D L858L,1
D675Y E1776K,1
E2563K E1706K E1186Q,1
E252D S142L,1
I301M F108F,1
Q270* S512*,1
D614H S493L L447L,1
Q960* D342H,1
D1247H E756K L738L,1
G196A D231N E308K,1
L553F L65V,1
P945A E367*,1
L436L E1460*,1
D687H D1033H,1
E1726Q D2817H,1
S1984F Q3234Q,1
K271N G60E,1
K3939K K1854K,1
D569N E731K,1
G1337E Q1048Q S944C,1
S250C I464I,1
L228L L327L,1
S1268C S459L,1
R22T S51*,1
E1391Q E1255K S449* S47*,1
E69K F53F,1
K118N E400K,1
K2427N R1301R E1007K,1
G1288A G763A,1
E163K E464K E561Q,1
L356V S391F,1
R26I F540L,1
I124I F35F,1
E930K E983K V1909V,1
D180N M623I,1
L1649F H1241Y,1
L1003V V1344V L1457L E1476D,1
L580V S841F,1
E284* S497F,1
V1735L M1400I E143K Q85H,1
V475V S285F,1
L581L R992T,1
Q104E E165* E199*,1
V2326V F946F,1
S696F E289Q,1
R240K L469L,1
Q174H R37G,1
H834N L71L,1
E579Q Q307Q L57L,1
L2249L G2372V,1
E596D E116Q,1
E254K L391L,1
Q1107E L925L,1
L710L L538L,1
R791W W1566C,1
L1964L Q1683E D791H,1
P578T D412H,1
G561W S438C E14K,1
R533C V616V,1
L818V E1133Q E1149K D1553N,1
L6L M123I,1
H218Y D575H,1
E1350Q E662Q,1
E538Q R56Q,1
S503C L431F R14C,1
G1314E G993G,1
S364L P379S,1
E71Q E64Q,1
D5729N D5725N,1
V1003V L272L,1
E1302Q E1829K S2271*,1
D627H E365K,1
D798H E432Q,1
E443Q R279Q,1
E121D R90P,1
E1058K E1440K,1
G1048R S844*,1
D28N E428Q,1
E93Q L39L,1
E1053K F754F,1
L240L E645K,1
E176Q S21F,1
Q1401E S1192T D1157N D901N,1
L2261L D1693N D1207N,1
Q1036Q I610I,1
D5075H E3222Q Q1423E Q492E,1
R189T E668Q,1
R80T E41Q,1
I20T F181F D198N,1
D1656N G404E,1
L252F R16T,1
L749L D235Y L95L,1
F100L S9C,1
R965G E702K,1
M264I D369N,1
E474Q I690M,1
V141V S819* S1137C,1
G688E G674V,1
E1825Q E1387K,1
L1696V Q696*,1
E780K L524L,1
S1659* S1621C L1540L E264K E61Q,1
S1069C D374H,1
R453K Q1224*,1
P2122S L1701L D1132N,1
E958Q L550L,1
E1907* L4885L,1
F230L S284F,1
E1498K S1075F,1
F80F E509Q,1
Q312E E394K,1
L149L M729I,1
E523Q V1557V,1
L456L D603H L989V,1
V1178V V1219V,1
M817I L790L,1
I1368I P1037S,1
R21Q E412D P1182S,1
S903L L953L,1
F209L D678H,1
D514N D515N E850K,1
E4259K R648L,1
I427I F286F,1
S1281* E1408* K2192T,1
D184N E399Q,1
I621I N605N,1
R1734C D1742E D1863D,1
F328F W1078* E700K V670V,1
L606L L860F R224W,1
P1324P L1076L,1
D387N D219N,1
P962L S231F,1
I1131I V215V,1
E534K P32S D2585Y D1938N S1945S M1797I,1
P274S P480L,1
L1059F G1375S,1
L11L P27P,1
D1069G D1596N L528L,1
S628F P243S,1
R1043C L1252L,1
R1026K E390K,1
V1511V G1380E,1
R602C E561*,1
856_857IR>IR,1
P1989Q D2077N,1
L1465L E2115D,1
D1069N E67*,1
S156N E221Q D235H,1
E2660Q K1330N,1
S7C S161C,1
E971K F1205V,1
R213* C135R,1
L418L Q414*,1
L4010L K3934N S909*,1
E120K E120K,1
E46K R45Q,1
E3010Q E2997K E2845D E2595D E2405*,1
S1644F L456L,1
K320K W197*,1
I173V I173V,1
T275A T275A,1
L328L L328L,1
G455R R879K,1
A64A I183I,1
P194L P299S,1
G102R L411L R621R,1
E202K I407I R39R,1
H707Y I1531I R50R Q1064P,1
E56K G252E,1
S947F F4425F H4876Y E5018K G4485G S895S S4599F G201E G562R R4233R E2325K E1333K S2979L,1
R801R G15E,1
G220E P240P R207R E159K,1
D366N F8F,1
V1087A H1688Y,1
P105L E93E,1
P461S P404S,1
L808L R827Q,1
F103F G115G G823G,1
S856F E785K L298F,1
P762S P415L,1
R219R G58R,1
D1016D L804L,1
S345F P1824P,1
R162R R690R,1
M71I W208*,1
A472V V685I,1
G94E I397I,1
P1426S E1220K P195L W333* E186K,1
A4051A Q3727Q,1
S463F V465G,1
L523L R513W,1
P762S V1020V R1013C,1
P1154S E2241K,1
G2864R E976K L2921F G2537E E1348K V3059L,1
L4006L F1349F,1
C186S R239R,1
T756R R289R,1
P1137S S468F,1
S629F M1546T,1
M983I Q1003*,1
T492T S680S L618L,1
S3776F E3554K,1
H2341Y I2258M,1
L241L Q55*,1
D899N E508K A747T,1
K140N R186K,1
S6L E598Q,1
E182Q L230L,1
R1094R I161M,1
F51F V741V,1
D243H N244K,1
E2881K E2335Q,1
S3L S385C,1
E264K Q204E,1
D63H S95*,1
F122L Q141E V142V,1
R1023T L1014F,1
E489Q R472R,1
S319L L1280L,1
Q347* R25R,1
Q586Q S40L,1
D757H D359N,1
D478H L244L,1
E486Q K508N L515L,1
L2248L Q2939H,1
S860* S883*,1
P103P W378*,1
S233* L6L,1
R597P E498E R454K R452K,1
K483K E4184E,1
V486V V370V,1
E2489K L770L,1
K2761N L855L S221L E22K,1
E184K E177K,1
R216T S184C,1
L248L I242M,1
L2019L E2635Q,1
E471Q D368H L266F E134Q,1
S1901F R680R,1
E972Q E1141Q,1
E1961K E1608K S641S,1
T1459T L715L,1
P2241S W2239C S2215F L2186V E447Q,1
R3255T L687L E23Q,1
E342K R1696R,1
E459Q E226Q,1
F315L L232I,1
T667T T667T,1
P260H P260H,1
Q11P Q11P,1
H155N H97N,1
G264S G971G,1
Q79K R3454H,1
T1738T A381S,1
T507T P459L,1
G440E R224*,1
L1205L Q284R,1
500_501QD>HY,1
L878L G765E,1
E4499E H2394Q,1
A2106A L1321L,1
Y46H E45K,1
T1761T D809N,1
V2358G T2359T,1
R185G G400G,1
E106Q E1017K,1
Q33H F697F V702V,1
Q355E S825C,1
E1343D D58N,1
D885H L1470V,1
M189I L17L,1
E224K V389V,1
E660K Q875E,1
Q1953E M1620I,1
D240H D268H,1
I6745I E6293G,1
L340L R425Q,1
E230Q E334K,1
E24K P1197S,1
E21* H59Y,1
A355A T374R,1
L1493L S611*,1
F277S L198P,1
D201N D389N,1
G1246E S726S,1
A381V R1208C G489E,1
S1413L E507K,1
R1114* E1306*,1
K684R E713G,1
P438S L599L,1
A610T K552N,1
P1158P P552L,1
W1286C P133L,1
H8050N Q6699R K6197K P222L,1
R408M P241P,1
Y221C T120T,1
E1127K G1444G P2677P D4195G,1
A2049V A1989V,1
K9T M115V,1
G2989E R1822M,1
K599K P1606H,1
A1083T Q2406Q,1
V1242V D932D,1
R9Q L590I,1
S1075C R363P,1
M81I E2698E,1
6455_6456ED>DY,1
A121A R28S,1
R246K P387S,1
W1714R V2471L,1
A553A R603R,1
A2113A R1386Q,1
V173L T155A,1
D1149N C476C,1
E3902K M3755I,1
S2097T L2032L,1
P6410L D4133G,1
G237R P159P,1
E3333* K389T,1
G856A G832R,1
D1976H R2152W,1
C814L Q3094*,1
V2223L Q393*,1
A17V D682D,1
T3247A R2161R,1
R1766K A558V,1
S2424S E245K,1
E2055K K468N,1
H167H A327V,1
A2213V K1008N R762W,1
V458M V680A S910S,1
R1088H G931E,1
V742M R764C G1544G,1
L220L V268L,1
E1693K L2198F Q2372H D2430H,1
E188* E124Q,1
V203I D58D,1
G261A W265C R296R,1
I888T E2967A,1
G216V D211N,1
G351G A350A,1
S416Y S416Y,1
P672R P672R,1
R254R R254R,1
R283P R175H,1
T392T M460R,1
T405M R312W,1
S799S A750T,1
A139D R233W,1
L635L N783Y,1
R181H P403T,1
G2161G R1952H S1739S,1
V1665A H2023R,1
T752T L145V,1
E617G S748N,1
H1740R H1696R,1
I122T T154M,1
I1071M G616G,1
K368K L342F,1
V600E K205Q,1
T634M T748M,1
L678I G1064G,1
R368C C345C,1
A96T A1014V,1
E645K Q497* G1135E P1205S T1269I,1
T367T P712P,1
P523S T365T,1
R54C L88L,1
P265L E630K,1
T705T G929S,1
P119P I432I,1
R498C P1163P,1
K97K C673Y,1
G232E S138S,1
R660Q P521S K210K,1
L93F R343Q,1
E1112K Q1133Q W807* S1504S,1
G191E P241S,1
V91V S321S,1
E38K D336N,1
P149L P298S,1
S550L P360P,1
F220F R1070L,1
G2072G E493K,1
R336* K114K,1
W557R N822I,1
L1566L L2845L,1
V48V S45S,1
K1268K P82L 1069_1070QE>HK G58E,1
E1582K E1125K E858K S535S E1101K,1
G1879E R204Q R712R L613F,1
E514E G255E A26V,1
G410D A438A,1
T2025T G1590G F1554F,1
L582L G706G,1
P1533L F1159F,1
S1031S P1348T P2539S D2098D P3761S,1
P573L P345S,1
P4024S P2133P,1
G1081G D1001N,1
V430V D72N,1
T705I R904R F893F,1
D589N Q741Q,1
G983R T1664I,1
S460L G548D,1
L701F N176N,1
D619N F711F,1
P703P I794I,1
D2095N E2304E,1
P63L D325N,1
S317L E417K,1
C1511C T1031T,1
V478V F7L,1
D94N D229N,1
S128F E524K,1
I1240I S411S,1
T350T G522G,1
R49R L127L,1
S421L T731T,1
R201W F646F,1
S2477S S1426S,1
P200L E302K K549E,1
R23C R284C,1
P4269L S5752F E4893K P4658L,1
R279R F190F T324I S83F A368V,1
L413L P323S A657A,1
L708L P150S,1
P1073S P949L,1
P1114S P572S,1
N96I R831C,1
P70S S790S S484F,1
L213F Q364Q,1
G2282E L2632L R677C,1
F1004F G329R,1
P1178S G1057N,1
T18I P1059L,1
R267Q E302K K339R,1
E131K G179S,1
S340F T763T,1
I354I L358F,1
E721K G286E,1
I831L F1265F,1
A1755D D818E,1
E2923K E276K,1
R131R G104E,1
D412N E398K S76*,1
D557H L686L,1
H34Y G50G,1
E495K Q20*,1
R126* E38K,1
R74R S404S R121K,1
P1179S S857L,1
L594L G586E,1
A19V E401K,1
T3993T H2021Q,1
Q546K T1025A,1
E1158Q K1191N,1
N1231T V1229G,1
V347L V347V,1
T2885R T3020A,1
K1726K V335E,1
L4453F G2046S R823L,1
R1698T G378C,1
K264N E267K,1
A520A E703D,1
S1568S R540C,1
I703I S418L,1
1499_1500HL>HL,1
E220* E240Q,1
E1433E G1154D,1
S1305R Q4489L,1
L428L T310R,1
T810T D894E,1
E91* R130G,1
D21N M11I,1
Q366H D395H,1
R249M G245D,1
E1287K T238I Q1294Q,1
R3903W S2749*,1
G266E E56*,1
L542L L910W,1
C374Y R668Q,1
R122H S1483R,1
P207L P180L,1
S1572S E437K,1
S619C I659I,1
P190L T155N,1
R159S R335*,1
Q187* F133F,1
D295N S5125F,1
Y347Y G106G,1
P2920P A1432T,1
G1380E P323S,1
L1044L E1399K,1
S310L P73S,1
P130L G1010E,1
I3480I P2362S,1
313_314HL>HL,1
P416P S386S,1
L262F T468M,1
R308C G339E,1
G367E V1045V,1
S294S P103L,1
R324R E1497K R61R,1
P210P A143A P291A,1
T566T R594*,1
D1414V P1305A,1
N29N T1173M,1
E1428K F497F,1
R248Q S127Y,1
C634R C515S,1
S217* W40R,1
R1113Q L1670L,1
V2661G P4192S,1
E4551K R4133C E1944E,1
E1115K D684D,1
L73L S184A,1
S757C S742*,1
P904L G237R,1
P79P P781S,1
I255I H862Y,1
V1323D T1332A,1
F2982C Q3563K,1
P220T C1055S,1
G71* S95T,1
S838R P1029S,1
T219T G418G,1
L1807M E641D,1
V610V T564T,1
R2724R R1360R,1
R1553C E109K,1
Q137Q M1036I,1
S1378F P1095L,1
V877V L422F,1
P1243P A880V,1
P395L K336K,1
A4624A A1697A,1
G670E R747S,1
E1251K A125A,1
L82M E412D,1
39_40QM>HL,1
Y1167C Q240*,1
Q480P L923I,1
G391E I259I,1
K183R Q79E,1
K411K S194N,1
57_58WV>*I,1
E312K M307I,1
S737L L382L,1
T775T V99A,1
A532S R292W,1
S788Y E457K,1
I1122M V1324V,1
E549E A661V A747A,1
A612V M12V,1
L1913Q R1731C,1
D67N R208Q,1
P133L K207K,1
E1118K R802Q,1
A1387V E188*,1
R1476Q K1230Q I87L,1
R732Q G280G S191Y,1
A710G E709K,1
I363M D359G,1
V109D E111E,1
R702Q R708R,1
L304F V52L,1
R2576H F1920L,1
E293A E293A,1
E1181E R1180C,1
E204Q E218K,1
P152L R273C,1
E2108Q E1912Q,1
E427Q Q1118K,1
E1954Q V2114F,1
E168Q V162E,1
P151H P151H,1
Q3229Q W3351* E3450E,1
V527I V527I,1
S681T S681T,1
T383T T383T,1
R72G R72G,1
S670N S670N,1
E636Q V383V,1
P1680A F1671L,1
S1448L Q3925*,1
R805* Q1041E,1
L377L L371L,1
E199E V220V,1
D378N R929H,1
V96V S111C,1
D131Y V1574E,1
E89* D86Y,1
A239V G247E,1
Q375K Y234C,1
F156S A184A,1
T1370A N1138S,1
M845T R317Q,1
M1953T Y3624Y,1
T193T L599L,1
D1112G I944M,1
Y117N V78E,1
I4164V N4532S,1
R551H T472P,1
V4854A T3625A,1
Q1870Q R1993G,1
L393L E1906K,1
V403V C415Y E416E,1
L2915L R372G,1
D1124N G419S,1
A1885T L1581L,1
L609L E559K,1
Q514* G327G,1
F327F P278S,1
P176P P1970S,1
Q425Q D1390N,1
D925N P545S,1
L1301L Q1822*,1
S1188N G800E,1
E1374E T383I,1
D1446N G363G Q613Q,1
I789I F367F E1127K,1
E1122E K640K,1
E331K V1895V,1
I971I G1791S,1
P166S A570V,1
F1941F P1058S,1
E108K G1630G G3809G R465R,1
L199L G126E,1
G97G G10E,1
T678T D650N,1
G334V T510M,1
E49K E60K K113K,1
F33S R38W A48A,1
W145* D165H L177L E208K L338L W359C,1
Y1125* F1058L,1
R1056R S1798F,1
V2052I F394F,1
F1187F Q1219Q G4589G,1
S304F L405L,1
P2888S P2186L,1
S544S R614C,1
F290F G1010E,1
L1030L S1747F,1
E1023K L1320F,1
P1749S S4718S,1
S2337L E179K W1294*,1
M88I M300I,1
V600M P206P,1
E27Q F76L,1
S1888S H1210Y,1
R189* G200E,1
G388G S164S,1
K229K A291A,1
L1308L A576V,1
N1296S F1293L,1
L675L I589I,1
R1492R Q66H,1
F579F N110Y,1
Q961E E2454K,1
E486Q G477W,1
K1149N R1130Q E1126Q,1
D1004N T1070T,1
L62L S246*,1
I657M L706L,1
R1210R Q860E,1
S2292F P2197S,1
Q701* R557H,1
G94E S380F,1
S95F F425F,1
E472K N414N,1
D450N P419S,1
T178I E31K,1
D1063N F1143F,1
P339S I383I,1
Q509* F484F,1
L335L A319V,1
P1410L G1749E,1
T895I P54L,1
V1974V G2505K,1
D382N E414K D647N,1
R526K R428Q,1
V1312A G1003S,1
G254R S905S,1
F91F M1141I,1
F200F D1275N,1
E234K S2373T,1
R172L L1985L,1
P1137Q A1962A R3337W,1
D2148N R1557Q S2695S,1
S1021S K1263K,1
2602_2603EE>D*,1
E709K G719D,1
859_860EK>DE,1
A421A R1457K,1
R2126W K309E,1
F73F I210I,1
G2665E A2805A,1
C525R F25F,1
F1064F N865I,1
A292A E273K,1
F58F R313K,1
Y887H E2821E,1
L227L T137T,1
A1998P R2016C N1836S L2038L,1
T2444T S3007S,1
I471I G126E,1
E480K R384C,1
E2658G D170E,1
P331S E1339K,1
G370G P115P,1
P397L A856V,1
E469K P415P,1
229_230SL>SL,1
F863F F118F,1
1221_1222SL>SL,1
V391A I293N,1
W631* L2226L,1
D91N I1479I,1
R1120R E2574K,1
E946K S1650S,1
L128L D441N,1
L306L L255L,1
P92S G3G,1
G503E G1283E,1
D723N P848F,1
V515V S539S,1
T344M E117E,1
T1760T R2850R,1
L15S A1030A,1
R130* Q298*,1
A620T G573V,1
P452P L242L,1
P332P L550L,1
G1184G R1939L,1
S2672S S2704N,1
Q267Q A382A,1
K3761Q A2257S K662N,1
H353Y S1073S,1
R583R G285*,1
E1110Q L1073L,1
M336I R332R,1
I1466I R290H,1
R5697R H1826R,1
R449W G1078G,1
R830R E2115K,1
T42T A90T L321P,1
I1112V F416F,1
P392P L643L,1
R1559W N1645N,1
R518R K1344E,1
T869A S4221S,1
L582P G150V,1
Q1708E L449L,1
Y1539* V694L,1
L113L I105I,1
D92G E150*,1
D1021E T688A,1
L138L A902V,1
E285V R282W,1
L204L R885W,1
A1366V G156G,1
G1234G R1136H,1
S444S T907I,1
G375S V231I,1
S1935I W441C,1
G634G E476K,1
P479L V578V,1
T401I S1825F,1
Q505Q S545R,1
R49C R49C,1
E234* E234*,1
V158V V158V,1
I316M I316M,1
I555I I555I,1
L772L L772L,1
E542G H1047R,1
Q260W G264R,1
Q546K H1047R,1
S404N V1947V I2075S,1
V1941F G1753G,1
K731N A369A,1
K1032N A695V,1
T1319S P247A,1
T2071T N332N,1
F647V A2042T,1
E1365A N260H,1
C176F C176F,1
A745D R1295R E1527G,1
A310T P240P,1
C63R H158Q,1
P3427P A1227T,1
R1013R R687Q T151T,1
G963G E390K,1
G2446V C1146Y Q398*,1
E1106Q G29*,1
R3099H R2905C,1
R976H P918P,1
E1248G E247K,1
G452* D326D,1
G916D R1339H,1
G5G A68T,1
V287G A112T,1
G2286G R344C,1
Y560C C588C,1
D451G L180L,1
L2466L G1681R,1
K39I Y38F,1
L142L Q173*,1
P2222L E1456K,1
L357L Y360H,1
Y2280C Q903Q,1
K977Q T2562T,1
H17R I295F,1
W345L V160F,1
E687A D751V,1
L984I L990L,1
R546S P325S,1
R6149L Q5388H,1
D95E A518A,1
L737P S1299S,1
F170L E35E L23I,1
R723L S131S,1
L612L T932A,1
S4161S L3939P,1
A150A A9A,1
C8763* D8570E,1
E416G A106A,1
V327V L124V,1
H165R E109K,1
Y793C S1434L,1
G56G A433A,1
A327T G982D,1
A120A Y130H,1
P783P V378I,1
K985R L190V,1
P129P F115L,1
L1221P K927E R590H,1
T4083A F428L,1
V197V D366N,1
L1338L D324Y,1
T70T L72L,1
L1049I S871S,1
R564* I2515V,1
H515H N34S,1
R374R P494T,1
I412M I383I L394L,1
G338S A425V,1
E1956G G1442G,1
P940S P613L,1
L564R E280V,1
S1041F L785L,1
A946T Q20H,1
S328L S308L,1
A1547T R669H,1
R381H S159P,1
R710H V708V,1
R423W S236I,1
R345C C516C,1
G207G L275L,1
S520S A893V,1
G420D D708G,1
V2703M E325K,1
T3007T R2503Q,1
S224S R38C,1
F3066F A2847T L1885M D1057N A208A,1
A781T A281T,1
A133T L371P,1
Q6504* L306L,1
S109L R95G,1
S205Y Q196E,1
P4565S P3541L P1186L,1
T1067I G1045E G59E,1
P890R L540L,1
C46C A689T,1
P614L P1012L,1
H1324H P1160S,1
S669F D19N,1
S2307F P3132S,1
H292Y L850L,1
E826Q K635N,1
Q2R L296L,1
Q644R Y640F,1
L2F L25L,1
G241G P140P,1
R787R T116T,1
V47M V47M,1
A524T A524T,1
S426L A824V,1
Y458Y T760I,1
361_362QG>H*,1
P75P R565H,1
Y220C G245S,1
T4823M V4849F,1
R38H R108H,1
R391H G1332G,1
R248W T125P,1
E1339D V1031I,1
A1515A E1016D,1
V190I R91Q,1
S43S V129V,1
L372L V629A,1
A5283T R5194H,1
R1208H G1868D,1
E1893K T534T,1
G323G N205N,1
Q747* F400V,1
A306T V465V,1
P184S D316N,1
S379L T313I,1
R1815* P2699S,1
D1085Y Y174H,1
E120* W110*,1
A580A R534M,1
Q1742K A1133S,1
P1630L V111L,1
I2575I T582T,1
L1550I T356K,1
K1680E P1707P,1
P192L G252E,1
F442F M696I,1
R169C E2427K,1
E315K F888L,1
F242F P27L,1
R4843Q V1606I A1311A,1
E735E P1090P,1
I349I L142L,1
G159S R621R,1
A36A Y37F A569A,1
Y34Y K170N,1
P133S Q373*,1
F1115C E528K,1
G1265S S68F,1
V1656V I467I,1
P1217R H1614Y,1
V1183L K151K,1
P295L E34G,1
K184K V101V,1
G324E H328Y,1
H156Y I175I,1
K2409* T1320K E100K,1
L312L L39L,1
E474Q E464Q,1
E986K I710M,1
E867Q I325I,1
Q183* E225D,1
T23T V96M L177L Y53* A10V M235L L2F V126V,1
F7V F7C,1
G48R W34C,1
P387S S46F,1
I333I L155L,1
D91N E202K L228L,1
R284* T80T,1
S1458S S132F,1
S439S I694L,1
L1203L F907L R843R,1
P673L E81E,1
R1196R R1849Q L1674L,1
G1364R E1224K,1
E1356K D782N R246C S535S,1
Y369Y R67*,1
T212T S715L,1
F2423F G3603S,1
E1935K P646S,1
S612F E689K,1
D686N P163L,1
R2410C R334C,1
Y626C S373L,1
P474S P491S,1
L692L Q328R,1
R66R A45P,1
T158M A127V,1
L119L V152V,1
Y533Y Y533Y,1
D128N D128N,1
E70* S969C,1
G6773E Q6669E E2155K,1
D254H E315K,1
Y373C K650N M725I,1
E957D E555* E532K,1
S70F D404N,1
E1621K Q521H,1
S457L L463F,1
P250H K50*,1
H69Y L341L,1
P217S I166I,1
S376L R1874Q,1
V196I E1239K,1
I102I R424*,1
D453E D453E,1
E2016G A1228T,1
P253L P262P,1
F477L A503T,1
G2308S Q1711*,1
T115A F109L L141L,1
V1146L R1106L T1070K,1
P256S Q254P,1
H287H T282T R263G R258R,1
E110D Q100R,1
P89S P10S,1
N384S P270L,1
G127R G132D,1
D1340H E1300K,1
P227S D223D,1
I1764I P28L,1
T805I T394T,1
504_505PL>PL,1
P1349S F2223F,1
T744T G676G,1
E1897K W431*,1
M2264I L862F,1
E3551K E1887K G287W,1
D1199N K1166N,1
S4474S Q1160Q P73L,1
V69V W607C,1
P264P Q222K,1
V2098V I1051V,1
D167N Y224H,1
R239H T303I,1
K249K D287N,1
V175I R179H,1
M2150I F4851L,1
A65V A65V,1
E61Q E61Q,1
L587L L587L,1
A1233A A678V,1
G1420A P281P,1
19_20QA>HS,1
E542K M1043I,1
F280L E39Q,1
M1004L E236*,1
G1025W S1725C,1
E453Q E542Q,1
R829R T828I,1
A87P T88P,1
G347E G2690D,1
D584N F628F,1
G2331E T1506S,1
R879C K1438K,1
L245Q T246T,1
D2907N E1797*,1
1670_1671QE>H*,1
197_198YQ>**,1
S1198* Q1328*,1
E78Q D190H,1
R4019H Y4896Y,1
L335L D167E,1
E542K E545K,1
E389K M905I E1121Q,1
L313I H785N,1
R558R D492H,1
L53L E1142E,1
G160E N1735Y R2734R S626L,1
G1135R P1127P,1
K170* E1035K,1
P1003S S994F,1
E100E E660E,1
G1606G L1767V P218P R4133C E4603K,1
L115F N116I,1
P1334L G544L,1
P160P P48F,1
T512T S507I,1
G511E L243L,1
D366N G438D,1
T518T F77I,1
S198F G830E,1
E526K F494F,1
T2273S S1235L,1
T411I L412L,1
S1277S E1112D,1
E352D T71T,1
566_567FD>LH,1
V4123V E437K,1
R1707S R1549Q,1
R282W H178Q,1
P690S I2310I,1
R805* R1450*,1
S650* I665I,1
E160K L163L,1
N77T I79F,1
I83N S89R,1
A623T T293T,1
R84R E1801D P2725P,1
R596T N520Y,1
F903L K1674N,1
K1053K G1111E,1
A971T K976K Q1050*,1
L489I R598Q,1
A1152A L783S,1
E429K S1260F,1
R322Q F251F,1
D456Y V461F,1
P289S R527*,1
L737L L737L,1
P1015S P964S,1
274_275TL>TL,1
L1088L G2149E,1
L1891L G2495E,1
E136K I268I,1
A252T V580V,1
E257K G231E,1
R289K C300C,1
K478K G2496R L5124R S4231F,1
S10F E422E,1
E800K G792G,1
Q6496* P1144S,1
P1325S L2231P,1
G226E G1284E G1183R,1
P654S G513G,1
G1796R F857F,1
V250V V250V,1
R454P R454P,1
F211F F211F,1
Q339* Q339*,1
E691K E691K,1
E61K E61K,1
Q365Q Q365Q,1
L323L L323L,1
S147C S147C,1
L69L L69L L219L L219L,1
E61D E61D,1
P353T P353T,1
L1267V L1267V E1489D E1489D,1
E221Q E221Q,1
I215I I215I,1
E62K E62K,1
S89C S89C,1
S20L S20L,1
S989L S989L,1
F186F F186F,1
F496F E494K,1
T835T P140S,1
Q233Q C232G,1
S240L E319K E336E L304L E336K,1
E625K M323I,1
D171N G146R,1
D914N G520G,1
S1606F I1540I E1189K,1
P486P Q911Q,1
R152C R323Q,1
E768E F785F,1
P1575P F371F F1539F,1
R173Q K349N,1
S483F A87A,1
P141T E372K,1
E58K R419K,1
L248F Q440Q,1
F234F K538K,1
G411G L343L,1
H2040Y V1877M,1
E1402K P21S,1
I552I L491L P323L,1
I230I I7I,1
S458S G79R,1
P918L S6N,1
P203S P824P,1
P535S P857P,1
L768L G1197R,1
I1487I S1057F,1
S10S L861F,1
L485L V484V,1
V194V S501S,1
S1968L D4390N P4824L,1
G42S K2802*,1
P225S L118L,1
L1154L G1425E F2173F,1
D140N R108K,1
D256N S34N,1
L117L W165* E1405K,1
L1910L P3285P,1
E455Q E455Q,1
E130* E130*,1
S210C S210C I203I I203I,1
L872L L872L,1
P102P P102P,1
L90L L90L,1
R378T R378T,1
R708Q R708Q,1
Q70* Q70*,1
D407N D407N,1
K52N K52N,1
S55C S55C P10T,1
K782N T339P,1
P634L P634L,1
D1127Y D1127Y,1
L4402L L4402L,1
E2573Q E2573Q,1
V135V V135V,1
E805K E805K,1
D365Y D365Y,1
S308I R190H,1
S298T D141A,1
S150W S150W,1
H1559H R1506*,1
I466I E470K,1
P357S R160*,1
P1194P D653N,1
P118S A2560V,1
S8683P E1958* A727T,1
K106E L818L,1
P165P E2976G,1
G52D R339H,1
E1816E E733D,1
R197C A906T,1
R306Q A857T,1
R191H C195C,1
S48L T2063M,1
R134* P431P,1
A1083T P319P,1
T965T S992S,1
L208L L208L,1
P617T P617T,1
F478L F478L,1
E112D E112D,1
E276Q E276Q,1
E204Q E204Q,1
L231L L231L,1
L195L L195L,1
S205* S205*,1
D136Y D136Y,1
R4327Q R4327Q,1
E92K E92K,1
L1594L L1594L,1
A68V A68V,1
L2154L R137Q R137Q,1
L696L L696L,1
P52A P52A,1
E1639Q E1639Q,1
E1412K E1412K,1
L322L L322L,1
L411L L411L,1
E1474Q E1474Q,1
S1124S S1124S,1
R31R R31R,1
L103L L103L,1
R442K R442K,1
M1134I M1134I,1
H4151Q H4151Q,1
C378F E545R E545R,1
E426Q E426Q,1
S359S S359S,1
P957L P957L,1
E116Q E116Q,1
M644I M644I,1
W271C W271C,1
I1597I I1597I,1
D889N D889N,1
E936Q E936Q,1
L4L L4L,1
E404Q E404Q,1
P60P Q1134Q,1
A1369A S773L,1
E4064E H637Y,1
Q2470* L2463L,1
D328N S89F,1
I446I Q418*,1
T423T I438I,1
G30E I123I,1
R354P P352P,1
D163N A171T,1
E163K D165N,1
E194K R89Q,1
L1949L E1952K,1
G204E R205K,1
D200N E186K L151F,1
D871N L904L,1
L1981I Q432K,1
E272D G384R,1
P1385S T1358M,1
R393C T69M,1
H864Q D747N,1
D622N R865K,1
E271E P670L,1
R562* P2198F,1
A138A W86C G13A,1
S614S S507F,1
Q190* I130I,1
R1289R D391N,1
Y623N I555V,1
G771D C579*,1
Q118Q D91N,1
S446A S446S,1
K2318R K1732T R1387C W173R,1
E2066K P1138L Y4035C R823*,1
L1531R T806T,1
T781T L841L,1
E2300Q L1450I,1
L2273L D1938N,1
D140Y D140D,1
P194L L93L,1
S1156S C1453Y,1
137_138YL>*F,1
H34Y R119R,1
G474G R1999R G2633R G2762G,1
F1085F E2549K,1
D1483E G1327E E970K D746D K733N,1
I834I G165G,1
Q4188H L4145I R3808R P1378L,1
R1272C F768F K22K,1
T1197T N81N,1
S1366F L843L,1
H688H T1314T,1
D439N V162G,1
P119L G55D,1
V839V E581K,1
E195E S166S,1
P792L G868R,1
S821F D422V A408V,1
V154V W210*,1
P1056P P967S,1
A748A P367S,1
R2213W A2205A,1
R1595H V1309V,1
P675L P1176S,1
S321S S278L,1
578_579AL>AL,1
P244P T242T,1
S883F E1892K,1
S1719S R1363K,1
L753L Y992Y,1
E335K F523F,1
R647R T554T,1
Q221Q D225N,1
E452K P47S,1
E1731K Q1466* K1440K,1
R169* P1307P D1808N D2379N G2865R P4131P,1
E2308K D240N,1
Y2566Y T3623T,1
I473T R1016K,1
P17L G115E,1
H2539Y F1417F,1
G706S G1024R,1
G1661E G748G,1
E2728K S1344L,1
E341K M356I E359K,1
L180L L180V,1
N764K R763W,1
I101T H93P,1
D974D S938S,1
D24G Y65*,1
P2252H S2987N R4329H,1
P888A P894A,1
P302L P118R,1
R280S N509S,1
D668H G701V,1
P417A L429L,1
E374K L930L,1
V1343I S223S,1
R167M R170M,1
E928K A2523A,1
L491L D633H,1
A30V P328P,1
V3572E G2143G,1
L1334P S1042F,1
473_474PD>LY,1
V451L V451V,1
Q3403R R325K,1
D184D Y196N,1
D171N S114L,1
R249W R158L,1
P3024L Q2771K L411F,1
R735Q R330L,1
S1502S E3336K,1
G63G S87T,1
Y237* T79S,1
S287C R205R,1
L28V P15S,1
K2316R I2822T,1
Y367C N366K,1
G23G E50K L52L,1
L122L G151E E303Q,1
I1456I S1049F,1
1099_1100KD>NY,1
G724G S344S,1
I117F I307I,1
P2648S S2417S,1
L259S D482N,1
R98Q K175K,1
L121L G43R,1
P1070L A2430V,1
Q309* K419E,1
G302E G336K,1
I158I S183Y,1
P831L S859F P1005S,1
T565P D85N,1
L793R A1446V,1
R1466C T756T,1
T1194I P1363S,1
D215N K218*,1
E345E E269K,1
Q258Q D393N,1
R683H R622* T372T,1
G965S P999L,1
S740C S882C,1
E365K G203E R427Q D1121N G1116G,1
S695F P308L,1
V539V G510R,1
P19P V106V,1
V101V L163L,1
P126S P118S,1
F677F K39N,1
L505L L615L,1
S280F K780K,1
P709S P104P P104S S102S,1
P288S L242L L877V,1
D432H A719A S627S,1
G167R R561K Q1104*,1
L257L L85L S77F,1
F1177F A1465T K356E,1
R2277R E252E S2089S,1
P301P E1834K I1221I K3412E,1
P2371L E1495K,1
T2470A S3409S,1
T770R Q320* D743N,1
N606T S1615S,1
F80L E669D,1
F87F F29F,1
C1507C E1289* R1183I E921K E860* E506* R179C,1
R232R N31T,1
Q82H G148* R376C,1
K1702R K1578R E1147K,1
R208C E730E S1630L E2730K,1
R3846Q E2144E E1783* E789D E596* K246Q P218P,1
K261N F569C,1
R302* N508H K723N,1
K659T T1599T,1
L301I R206C,1
N159K R175W E384D R844*,1
E809D A631T G4E,1
F230C F188L,1
F1456L A1094A K950K,1
D937Y E1590D,1
S702L F686F,1
L60L E121K,1
R178I I201I V347M F501L,1
R561Q G450*,1
A379T R1113Q F1196V,1
K1027K K125N,1
R1045Q A934V,1
R130Q R142W M270T,1
S587S N531S N443D C121R,1
G3860D M3653R E3638* R2521Q K1057N F683L,1
D552A R1211Q,1
R38C F70F T1025S,1
D507G I573I,1
R651C E638K,1
E2549* K167Q,1
S67S P131P,1
G492V R850Q,1
F373C E664*,1
D225Y D426N A1768T K1995E,1
E751K T524M S42Y V41V,1
R363* I624V,1
N197D E497D,1
P219Q M422I,1
L2206P Q1981H G1535G S1199Y K736N,1
Y2088D E1799K L891V,1
F659C T231A,1
G78G L303*,1
R164Q K322N,1
D326Y D518Y,1
D314G S616L,1
L580V I503I,1
Q1658H F1576F K1171K,1
G1463R C498F,1
R4R R67Q,1
F534L E193K F149C,1
D177G I595L,1
S606Y I1132M,1
F437C K740N,1
N251H V229V,1
E1540* S1478S G561G I470I,1
H1934N K1581E C953C E902K I514I R284I E45*,1
E1099D I468I,1
K2289T R1625C Q958H,1
S2162S D355N,1
S228R F210F,1
S1988Y Q2101P F2290C,1
E416K D402Y,1
S620R L1109L E1192* S1391P L2463R,1
K180T R209I,1
E1114* L100I,1
D201G Y249Y,1
V1569V K53N,1
E636* S447Y,1
E460K N1289D,1
R359Q K139Q,1
I821T N496D F366F,1
M542L K296N F167L,1
E474D N437T,1
Q279W I158I,1
A46T E263K V1393A,1
H540N K514N E205*,1
K1120N Q152R,1
R1163C R187C,1
K230R E309*,1
R508C A359V,1
R459R A317T,1
E131D K80K,1
D233N R469N N622N,1
S380S E859D,1
S2752Y I209N,1
L274I R527Q,1
L122I E612*,1
R7576C T5342M S5133L R4741C E3450* R3070* L1937L S1250Y L597R,1
I353M R229C,1
R318* I78L,1
K630N T575T K426T,1
F2276V F1718L N963N,1
D1741G T2743I S2834S,1
R985R E683K,1
K348T R238H,1
S1725L Y1686Y A1619A E308K,1
R873Q E712*,1
R373Q R488I,1
N1122D K2062K,1
E1008* E1251Q,1
F1275F R1461C F1902C H2288N,1
T817N F1140L,1
Q604H E621K,1
A783A D64N,1
K1108K S289L,1
E521* K965E,1
A1070V F789F R204C,1
D353Y E328K V48V,1
D1832N A969S,1
R377K D1274N R3322I,1
L583V A1178V S1608Y,1
R700Q P469S,1
L122V K983N,1
I314V S59L,1
E629* I396M P187S,1
L1018I S1259L,1
R75Q E219* E258* S592S,1
K794N E398*,1
Q888* Q1861H K2489N V3163V,1
R273* K72Q,1
R304I C72R I4I,1
E822* D767G E466*,1
E326* K1493R R4104R,1
V1565A S1479Y,1
K230N R595*,1
S2873Y R183Q,1
E874* R824*,1
S3163Y D3101G D2656G S1661Y F1303L K499N V433V R274C L256R,1
R859I R159Q,1
E137* V291V E440K,1
I227S E409* R871R,1
R877H L338L,1
L234L V734I,1
L564L F114C R65Q,1
E1364* V1947V R3084L R3458W S4300S E4426* R4822C,1
S968Y K759N E524A F434L I327M S117P,1
R99* L124R A545A R967Q,1
E321D R162Q,1
F485L R828*,1
R374H A179V,1
E296E D229G,1
L262V L201I,1
F89F F192F,1
V337V S225L,1
M214I S329N,1
H517N E278K,1
F280V L331L,1
E92* R650W S1639L,1
K121T E945K,1
V347V S273G K103N,1
D523E M42V,1
R1290W D1213Y R835Q,1
R931* R1003C Y1353D F1467L,1
E1814* M1743V V1414V Q629H K416N,1
H780N S432I,1
K305N F112L,1
Y757Y T652A,1
I823I D703G,1
F39L E234*,1
K589T E79*,1
S37F M553V,1
W547R Q75*,1
A210T K330T S726S,1
F1272C L1742S T1858T A2139A,1
F80L S339Y,1
R425C R117*,1
S350I R282H,1
V187M S170S R118Q K6N,1
V3099A V1259I,1
R968Q E456K,1
L1238L T832I A714T,1
E3008K K1154T R178I,1
P1474S T948T I915I,1
I324S E247D,1
F152F L292V R597*,1
A320S Q57H,1
E1127K E1466* D1469Y L1596I,1
D1799N S1313P,1
A130V I558I,1
K539N R310I,1
N1175N D52N,1
N647H E606*,1
E78D R572Q I1534S,1
L2081I R1445* N194S,1
I3276I E2124E L1828L S509Y G47V,1
F1333L T213N,1
F598L R661Q,1
R265I L199R,1
R1089W E711*,1
S673Y A392V,1
T356T E252D,1
R375* R410*,1
A415T E567K F690C,1
L202L E95K,1
R168Q E570K R1074H,1
E592D R782I R1454I K1911N,1
R7223C I6957I E5330* L3655I E3256* S2340Y R79Q,1
D1615G L1484I R1426R E1298* E1024* N867H I803L,1
E592* E888*,1
S1172L S1680Y,1
E508* S580Y,1
W123* R338H,1
R282Q V313V,1
K274K A229V,1
R507W F652L,1
N958H E665*,1
L1607L L805M,1
L65F Q137P,1
R1119* L897L,1
K47E A167T P571P,1
S154I R607Q,1
N673H R198*,1
K279Q V435V,1
E1070* D948E,1
F818V E536*,1
N557N M522I,1
R2659C S1197Y,1
T134T V256V,1
D1118Y Q1018H E621*,1
D623A E752G S1153L K1316N R1365Q,1
L504V R54L,1
V197V Y250C S360A,1
N105N F197V,1
D154N P62H,1
K313T S196Y,1
H181N S349F,1
L1681I D1280E,1
R418* D382Y R233*,1
S1176Y R753C,1
P167T R120Q K100N,1
L19I L12I,1
L328L L1147P M1180V L1818P,1
I364I R1675W,1
A755T R1254H F1442F N1507S A1652T,1
N732D I248L,1
D317N R441*,1
S5L E186G,1
L809I S563* E285* R250Q,1
R1139W F958C Y270*,1
R2033Q R624I E97*,1
S239S R732W,1
R145I L160I,1
K251N A522T E637* E1042*,1
L249I F1080L,1
R272Q R431I L829L D1016Y,1
K114Q F251L P329H,1
F193L Y384C S724L,1
P243T L106I,1
K292R F579C,1
E638E R842I,1
P30L N189K,1
F463L D372N,1
R313C N404N,1
A85A S656Y R705C,1
K167Q V342V,1
E240* R444Q,1
E4040* K3742N G2360G N783S S327Y,1
R264I V960V E1073D E2121* F2772L,1
I691I I1684I,1
A783T P721P D552G,1
E1757K D1584N,1
A463A G408G,1
R737* R233S,1
E201* R349Q Y549D,1
E1516D F1253L,1
R96K V1211A R1712I R2014I,1
D712G L695R E59*,1
V2937L G2255G,1
Q173K E651D R1228I,1
I178I P45T,1
D579D E296K,1
E341* R460R E724K,1
R597C I989I,1
E54K R1043Q K1460N R1480Q,1
R112Q L51I,1
L44I V84V,1
I461I R580C,1
R275I E419D,1
G2161E A1650D I959I,1
R438H E301* L136I,1
E84* L254I,1
E117K D216N,1
E325* R25Q,1
Q457H K421N,1
S249N D49Y,1
K901Q D985N I993L,1
R2414Q E1490A,1
F149S G256G,1
K338T R456*,1
Q16Q E127*,1
P1494P E711*,1
R183* N362D,1
I921I R114I,1
D141N F142F G144G,1
S383L F1017F,1
E2754G F2119V R1832H E1144K,1
D360Y E693A,1
R414* A571T,1
S72S K223Q,1
F500F R411R,1
H292R T490A,1
R448Q E473D R683Q K927T,1
R14Q M159I,1
L80I R202*,1
R240M R167I,1
I465F V144A,1
R497W F204F,1
E548K S397Y,1
Q519Q E1225K I1651T K2057T R2179Q,1
K457N I70I,1
E540K K352T,1
K311T K154T K46N,1
S268L S247Y L12L,1
R658Q L320I E248D,1
T277A R330C,1
Y462C A483T,1
R729R R729R,1
A299V R225Q,1
E14D E899D,1
A811T S710L,1
D251N G766E,1
R480K F1038F,1
I1597I E1906K T1241I,1
S2564R P953S,1
P1081S T513S,1
G990E D1230N,1
S423S F303F,1
P742S P632L E23K,1
R666C M29I,1
S524L Y556Y,1
P783L S524F,1
H475Y K40E,1
P11L E310D,1
L328F V169V,1
G1336E K58*,1
H458Y I527I,1
R5013C E5698Q,1
A1454T L107L,1
A50T G439C,1
A134V A283V,1
A632T R761W,1
R250Q R548C,1
C101C D59D,1
L237L T128M,1
R1368Q R136H,1
R2344W P916P R672C,1
R273C R158H,1
R1260C L947I,1
A1514T R1060Q,1
R274C Y355D Y647Y,1
R448Q T488M,1
G495S H360H,1
W1431L A22T,1
R232* R1450*,1
D282N R147C,1
D529N Q526Q,1
G286G P1257P,1
P252S S464L,1
G2474K S1142F R425R,1
R21S P471S,1
P944S P1042S,1
A6035V R5623C E2129K L1245L,1
P1214S P1458S L2185L,1
G2329G R374Q,1
I27I E95K,1
F728F E342K,1
E117E L2774L,1
K413K K439M G1424G,1
R1173R G1133R,1
K298* S181F,1
R373C S346F,1
A388V A550V,1
S95F G268G,1
D130N S88S,1
E140K G47E,1
S263F A241A,1
L263L A490P,1
N344D H474H,1
S7253L K5803K L4163L,1
S626R G925*,1
G1889V P300A,1
S388S Q192*,1
A1569A K1411T,1
E958E K643N,1
L1741V L1364V,1
M834I H1539Y,1
S529S W325* E113K,1
V106V G32S M97I,1
V811L V811V,1
L55L T52N,1
G240E E411Q,1
Q265H L314L,1
E2322K P2231S F1717F,1
S462N P3059S,1
R1826* P2679P,1
R128W S505S R604C,1
S554L I424I A387A,1
G29G Q292Q,1
R361Q G478E,1
V44V V60V,1
N814S D1251N,1
F4094F R4461Q S131S L3257L S4101F,1
T229I I641I,1
R707K L569L,1
Q33K A24V,1
T239T D100N,1
E1458K E755K S1037F,1
E132K P1740S,1
L996L R1800C,1
R1218* E1514E,1
L776F E1700K,1
P2674S S2773L T2205I,1
L58L L12L,1
S331F P418L,1
F1194F P2672L,1
L615L I288I,1
S15F T149A K47K Q81*,1
S365L L525L,1
G626G G1445R,1
R1143C V160V,1
W452* A280A,1
L62R L858R,1
E252Q E244Q,1
P154S P983S Q1059Q,1
S443F F1702F E2633K,1
L9L R157R E476K,1
F4783L S3810F,1
G277E Q77*,1
R2028K S1675F,1
E1480K M1236I,1
I324I E499E,1
I1441I G830E,1
P381L R606K,1
S637F D891N,1
I790I L512L,1
L53L E100E,1
D263G G404S,1
R93C A430T,1
Q107Q L195L,1
L444L T1374I,1
P3266S P3530S,1
F200F G248G,1
Q387* F778S,1
A394V A599A A2348V,1
E1781K H1288H,1
A619V R1208W,1
S821F R841R,1
P64S A673V,1
S40G R467C,1
V3311M A1440A,1
R977W P524H Y118Y,1
P517L R415Q,1
P1097P Q499Q,1
A2190T P2061L R769*,1
R1175C G415E,1
I206I F163F,1
P545L F2329F,1
R179* D305N,1
S66L E487K,1
S493L I212I P230S,1
Q186Q R2197R V571M,1
E415K P789P,1
R1174* A328T,1
R779Q E253K L808H L1042L T882I,1
L156W E354K E155K,1
G844S R2263Q,1
T63T P513S,1
F730L E1227K,1
R956R Q102*,1
G971G E583K,1
T690I P209T,1
Q1668* Q14*,1
R422W R162C,1
I652I D726N,1
106_107VL>VL,1
R169Q E711K E1853K,1
Y1348D V932M,1
L1369L E464K,1
S1945F E2413K,1
D2501H R1653T,1
M319I R308T,1
F799F Q544E,1
I2809M F4233F,1
V413V E308Q,1
E367E M407I,1
L869L S4*,1
184_185FL>FL,1
Q3116Q Q393*,1
V914V L1640L,1
R785K E513Q,1
E286K R196*,1
T733I S30F,1
G720K E728G,1
S17F P324S,1
N219K R229W,1
E1979K R2101K,1
G101E G52G,1
R891R A429A T384T,1
D206N D206N,1
T264M Y1604Y,1
S1121T C1159S,1
P940L R1164H D1354D,1
Q4623Q I3251T,1
W1453R V1388V,1
S1894S R1260W,1
R1818C R1616H E270K,1
T1385A L3199F,1
A168V V80A,1
R117H G214G,1
D1327D S185F,1
G734S P666L,1
Q1408H A1842T,1
R156H R167C,1
P609P D1586G,1
G1086E M947I,1
T609I R768R,1
K333K K333K,1
V21V K260K A376T,1
S214S V364V,1
V1176A M1016V,1
N232S L1911H,1
I1738F N1568S,1
A1808A K717K,1
L2113P R1614W,1
F1281L E1034D,1
G558E R470H,1
R386H R627W,1
P2P P109L,1
D1013E S639N,1
M314V P265P,1
T7109M R2554*,1
T527T R292Q,1
D632A I127M,1
P1900A I1038M,1
T2209T R2174C,1
D2002G C891S,1
V1024V E811K,1
E228D V654M,1
S4839S P3896S S1774L E2307K,1
F555F L1009S,1
L287P V391A,1
C403C N111D,1
R706C D47G,1
L127V G24G,1
F6362F E5395E N5348D A2105S T559A,1
R177W R257H,1
R1597H T690M,1
G1264G G1244G,1
A329T V468A,1
R398* L680S,1
D274D W570L,1
V1196M R123R,1
P4499P A2547A,1
Y4774C H4506R M3675V P1003P,1
S249S S249S,1
T626T T626T,1
L258L A2379A E4977K,1
D314Y D820E,1
K243K T326I,1
I954I D107N,1
G305D P740F,1
C565W E301K,1
P516L F216F,1
R66* N272N,1
L620L P1013L,1
T789T K681K,1
I1707I E1407E P687L E347K E171G,1
R134C A544T,1
Y497Y P571L,1
T351T G373E S1005L E1769K F2588F,1
D2634N P1416L,1
L994L K1189N F1603F,1
E954K E388K,1
S677S E363K,1
S1600S R1049W,1
E1804* K969K,1
V88V S2082S E3737D,1
S440L H1279Y,1
P1163P P1195L,1
F2075F G1551E,1
V3425V G1349E G923R F401F E331K,1
A507T S276F,1
G39S E80K,1
R565* L567F,1
S339F G227R,1
E877E S699N,1
G508E E57K,1
S75F R214C,1
D5075N L4459L I3766L V3622V K3590K D2971N P2429S P1874L S895F L729S G357G,1
G908R T364T,1
L103L S952F,1
G1341E S579S I407I,1
E32D P173L A335A,1
G548E L953F,1
R373Q P148L,1
P147P P498L,1
L375L L375L,1
I680I S157S E436K E1382K,1
H752Y S57S,1
S8F E379K,1
P3137S S2728S G2169R,1
M199I R141Q,1
E387E I314Y,1
E127* H790H,1
S1944F T1943T,1
R2453R S1944L,1
Q349* F348Y,1
T197T W152R,1
V270V S28F,1
A439E S316C P332P,1
R248Q G245S,1
R6Q R561H,1
I318I L198P,1
M228I M228I,1
F36F Q291Q,1
G515R S427F,1
D965D R458K E375K,1
P182L P248S G987S,1
S1513L I760T V733I,1
R2348K L2333F Q1531Q E1376K,1
P182S I183I,1
A40A A43A,1
F582F G309K,1
G2183E E594K,1
A1200A G1064E G503E,1
G190R P809L P909L,1
29_30ED>DN,1
G1031D P646L P603P,1
F530F H828Y R843P,1
P563P R277Q,1
P264L P869S,1
E794K H361Y,1
N150K E156K,1
Q13Q G21E,1
D15N Q862*,1
E727* L285S,1
F1277F L1559F,1
R480* E481* E489K,1
R337H C176F,1
S140S Y137H,1
H254H Q255K,1
L1728L G1907G,1
S606P G608D,1
N345K E365K,1
E845V M846L,1
T1804S Q1800*,1
A713A A673V,1
S1221P C617R,1
T96I R739R,1
H351H L283L,1
115_116KE>N*,1
T2591I P2592T,1
A2129A T3122T,1
L257Q W53*,1
L415I T2442I A2557T,1
A501V A652T,1
*194* R168T,1
R389H A5A,1
K1101K E444G T267T,1
V794I G256G,1
F495F L726M,1
R795Q E1595D,1
Y806H S868S,1
T1626M W818*,1
A3774V A2076T,1
Y142H Y31H,1
R766K I1232I,1
Q1567K L1810S,1
S12N G21R,1
A1228T D505N,1
R1101R R560W,1
P497P Y39H,1
R509* R1350Q R1866C,1
K540N G933G,1
G49G F222F,1
V1016V D92H,1
R481G H432P,1
R995S E1004K E1056K,1
L91L Q237P,1
P1430A L418F,1
R164T E235K,1
L847L I809I I807I,1
S1850L K2891N,1
G161E P481A,1
K291K E287E E285K,1
D1255H E107Q,1
Q394Q G234V,1
L6493L E1260* Q189K,1
I407I L410L,1
S501* S434*,1
F39F R580R,1
E1017Q E1203Q,1
A209A L274L,1
I184M I132I,1
S586C A594A,1
L120L R126Q,1
G1389R D1329N D1328N,1
M4090I E3812K,1
R228K P273S S535F,1
R43G L22L,1
L375L R214Q,1
E350K D817N,1
E230Q E94Q,1
E258Q E285*,1
R301T L355V,1
D10A W835*,1
L232L V233V,1
S1968L R1937Q,1
K225E R224P,1
L89V P35L,1
E3251K I201T,1
T837P E266E,1
D762H D786N,1
P887Q Q1085K,1
A2010V S1518S,1
V2241V M1870T,1
G197A P251L,1
E415K I168I,1
P301P L306P,1
E285K E221*,1
S224* R293R,1
F1594L R1064W,1
F879F T449I,1
E304K L635H,1
S2033F P1525S,1
Q3744Q R4647H,1
P361R E297V W112R,1
R1047T E1041Q,1
V533V Y531Y,1
S770* Y956C,1
S303S L1020M,1
M390L L360R,1
G1072S S260*,1
38_39WL>*F,1
R7293* Q1006H,1
A256D H34L,1
G1118D L261L,1
E79Q L30F,1
L766L S272C,1
F165F L178F M194I,1
K146K K145N,1
H540L *727*,1
P682S L1139V,1
D1214N E1083K E1061K E585K,1
R436Q L489L,1
V2660I Y2348C,1
Q83L E692*,1
A343A D259E,1
R73S R73W,1
R313C S1020*,1
N21S H396Q,1
V26L A22S,1
L17W I199I,1
N4703D T3065T S2995Y G714V,1
K1687K F4094F R4133C,1
L349L D501H,1
A3012V H43H,1
S790S S790S,1
Q3969* Q3969* E2723K E2723K,1
G994E G994E,1
G189F G189F,1
I223I I223I,1
K478M K478M,1
N294T N294T,1
A883S A883S,1
I253I I253I,1
V260M V260M,1
R430H R430H,1
S326P S326P,1
C6C C6C,1
N533N I852I,1
A511A C350C,1
D1834D E822K,1
S244S N538N,1
I652I I652I,1
H158P H158P,1
R1164Q Q688Q R616S,1
A703G A703G,1
K582R K582R,1
P722P P722P,1
K101T K101T,1
L672V L672V,1
A378A A378A,1
E705K E705K,1
R64C R64C,1
E141K E141K,1
T75M T75M,1
T966T T966T,1
S1156S S1156S,1
D666N D666N,1
L1010V L1010V,1
M3068L M3068L S1959S,1
S235Y S235Y,1
I527I I527I,1
L2085L L631I,1
L1232M Q1126E,1
F1802C S1366S R1345* D1142D E700* E529*,1
S19C N33K,1
Y486Y S1756S V1822D G1678G P1960P A545A,1
M112L F185C,1
P784P E499E P1108P,1
L1087L E1102* E1183K E1247Q D1775N E2366K,1
D612Y R771R,1
485_486QD>HN,1
S1278A T1444T,1
T738S V594V,1
D594N G643G,1
L2654F Q2655* L2753F,1
A141T A141A,1
C1087Y R91*,1
I81* T80I,1
R80R D665H,1
S2117I E1620D S1527Y,1
H202H M349I G2400V K3386N,1
Q387* G454G,1
G226D *338*,1
R1164H A478A,1
M453V L1691L,1
P277P P277P,1
M3211I L4724F,1
R81R R81R,1
V4542V V4542V,1
R696C R696C,1
Y332C Y332C,1
Q281* Q281*,1
P1145P V7V,1
H946H P1179T,1
P232P Q1067Q,1
R112H V624E,1
A1357A D1304D P1382P,1
C2180C T3137T,1
S3890S P506Q,1
H163H L830L,1
S7R S7G P6L,1
P2420L S1153S,1
A1162V A1305V,1
E545A E545A,1
V1836E P1585S,1
R8117W Q7177H,1
E1412E T678T,1
E2793* T1531P,1
T1928P V1269L E494D,1
V679A H4908R,1
E12K D140N,1
H160H R88G,1
P127A P88T,1
G1304V G859V K697R,1
G1042G A2960V,1
R972W R1938R,1
R428Q V347I,1
G1858G T1319I,1
H140R H140R,1
P164R P164R,1
K591R K591R,1
R108G H304Y G598V,1
E1798K E364K,1
Y578C V825D,1
Q394H Q463H,1
604_605WE>C*,1
A1603G P664T,1
V54V V47V,1
G13V A11D,1
E79D L93L L143V K24K S97T,1
C242F Q192*,1
D638N L733L Q1049Q,1
R24W G292G,1
G2245G S920L T778T,1
V370V Y749C,1
P524S A553D,1
D1389D H1681Y,1
Y329D D324N,1
I230M V59M,1
H621Q 3215_3216ME>I* R4144H,1
S37* L69L,1
D107N D107N,1
S890I S890I,1
T681R E2444K,1
Y275Y N280N A289I,1
E383Q E377K,1
Q605* L793L,1
P1073S G312R G347E,1
P951Q P679Q P1144H,1
H500Y V544V,1
L2069F P657K,1
F37L K184N,1
S1873G S1730F,1
L206L E223K,1
S296L Y257Y,1
R4Q R92W,1
G531G S4850S,1
T779T A245A,1
V5071L P1406H,1
L205L L205L,1
R1459* R1459*,1
P454T G825R,1
R78S E87K,1
E43E E43E,1
E1314K E1320Q,1
E258* S340C Q543*,1
E1925K H832Y,1
L1215F E1415Q,1
P251A Q225E,1
E202K V275V E419K,1
L1316L P1683R,1
L1534L S1568L,1
E389K E322Q,1
D140N L137F,1
R4357C F2499L E2436K T332R,1
L46V E607Q,1
S2131Y E1909Q,1
Q483* Q468*,1
Q1309E E689Q,1
S129L S32L,1
L208L E286Q,1
I560V I560V,1
A298V A298V,1
S637Y S637Y,1
R130G Y155C,1
Q269R K266*,1
S33P H36P,1
P58H Y377N,1
L275L S106*,1
E81Q D173N,1
P2993A Q3003K,1
G276L A206T,1
A3736A G4389R,1
R1270R L1267L,1
R887H L822H,1
C101F A165D,1
D1704N L529L,1
E918* Q1922H,1
E1226K E1226K,1
E1396Q E1396Q,1
P113L P113L,1
T2450M K2047N,1
235_236NL>KV,1
E138E E138E,1
G1783E G1783E E1777K E1777K,1
I323I I323I,1
E308K E308K,1
I274I I274I,1
E367K E367K,1
E266* E266*,1
I1828T I1828T,1
F800L F800L,1
Q138L Q138L,1
S178P D53D,1
R444Q R444Q,1
F4F F4F,1
A71T A71T,1
R88Q Q546P,1
E176E A3T,1
D281Y N239S,1
T1407T T1409A,1
E280K E415K,1
K267N L221L,1
L4217L E2136Q Q663*,1
E1827K A1543A,1
S301C M90I,1
P210P F276F,1
P87P R24K,1
L1938F E1161E,1
F1053F P100L E1346K,1
I738I S758L,1
S174S I1690I F852F,1
E934K E373K L996L,1
E4359K F905F Q263Q P834L P2699S T3177T,1
H584H R1650R,1
E1406K E1262K E6K L749L,1
V1544V L1001P I2348I,1
D197D G81E,1
S363N S38F,1
D194N P531S E83K,1
F563F L512R,1
L478F E334K,1
S127F R1489Q L1118L,1
L5L D101N,1
V382V P520P,1
C936C E1239K T440T I917I F1702V P1918S,1
L293F D1311N D1121N M600I E449K,1
M213I S1313L F222L,1
E4120K F3419F G543E,1
R493C E1933K P1440S T1384S,1
L422F F843F,1
Q42* G131G,1
L313L G311E,1
G97G L79F,1
E454K P188L,1
R844C P1753L,1
K169K H460Y,1
L771L R754R,1
A1959A P1786L,1
F689F D247D,1
G154S F107F,1
E445K R302Q,1
F97F D35N,1
L1085F E526K R1367C E1787K P1319S,1
I423I S391F,1
P758S P68S,1
F570F A566T E682E,1
P768L P687P,1
S799L D95N L782L,1
H835H R841R,1
I256N R759Q W419*,1
S1362F P1345S F1092L,1
P221S H108Y Q175*,1
S483F V293V,1
E1166K I1101I P1396S,1
P764L P629L,1
S155F P337L R341R,1
D2409D V111V,1
H405Y G535E,1
P2229S S1183F P1582S,1
F1559F G1736S,1
K431M P792L,1
R558C F2526F,1
G765G E1368K,1
D447D S571F,1
R1255R P611S,1
R745Q C579Y R568R,1
E359K N158N,1
P1014S S4147S,1
H518Y L1277L,1
P338S Q290*,1
T573T V523V,1
S240L F85F,1
W489* I316I,1
G461R L9F,1
S558F L1202L,1
G848G G1022G,1
F797F Q237*,1
S189F R297Q D889N,1
A249A G38G,1
F170F E58K,1
G336E E831K,1
A1216A R42C P1202L,1
E468K E185K,1
L825I C1515C,1
R419I R322L,1
E1704K E1016D,1
R717Q K568E,1
K331N I161S,1
S150S C287C,1
E412* I131I,1
R1352C I899I R486W,1
F385S Y351Y F18F,1
L400S H64N,1
R1174* R957Q E901* N808Y I108F D50N,1
I627I F310F D92E,1
I365I E273*,1
K1337T E1095D E886K R431Q Q293H,1
D1304Y N1132H S930R R445I S354S L268I S124R,1
N1774D N1637D A1407T,1
M1314I F1248L A176T,1
E216D R212C,1
F695L N468H N235T,1
W3941R Q4706L D4833H,1
A1007V S872S R514C,1
F30L I138I,1
F491L S441Y,1
E245* E45*,1
R1920* L2168I,1
E981* R649* K466N,1
D503N E384*,1
M369L H453N,1
S2729S I3217M,1
A731V F832L,1
D219Y S420Y,1
Y54F P177S F248F,1
E87* D745Y E794A,1
S598S D1629D,1
I4567I L1764V D684N,1
I479I F365F,1
S944F F591S,1
R342* D281E,1
G174G W56R,1
V135V L162L,1
D453N L343V,1
L1799L A4A,1
L3072L H1319Y,1
G557L P863T,1
L77L L399F E352K L46L,1
H191Y T213T,1
R94K E330E I645I,1
G452S I199F M469I P22S I199I R1018K,1
F216F W108* Q43Q,1
E1076E S646F I752I P369S Q338*,1
R1377K A225V,1
D2637N V1420V,1
E33K R239Q,1
S409F G1437D P302S G1199R,1
F1504F P1174S,1
L868L T498T Q1218Q,1
K151K G547S,1
S208L W82*,1
K719K G99E,1
T605K L2978L,1
V812F D236G,1
K116N L863F,1
E2147Q A549V,1
G878W G24W,1
V112I N609H,1
G4975R G2595V R82W,1
R1427Q S395P,1
A22T V155I V413L,1
G2603G Q1665K,1
Q19Q E485K,1
T790M L858R,1
M330I E341*,1
E1181Q I1268I,1
Q1435* S1562L S1572C,1
Q250E F57L,1
E43E F219L,1
Q274Q E278K,1
F390Y G1340D,1
G1161S P1154L,1
P749S R956Q,1
S157L D112N,1
V5129V T2579P,1
S37F T339N,1
L897V K59T,1
R1854W A1697A R1386Q,1
E169E E169K,1
L425V F584L,1
E3265E R4558R,1
D509H E450K L260L,1
I793N E1024K,1
D253N E252K D194N,1
E1051K E1047K D1046N T417M,1
E234K E558Q,1
Q1983Q L1906L,1
E181Q E221K,1
V532V L11L,1
I192I L110L,1
L827P K2961T,1
434_435KA>NS,1
W1482* P233P,1
A963V R760C,1
G248S A525T,1
T589T A640A,1
R5159Q T1454A,1
T667M P97L,1
R1268H R553*,1
H1328H A563A,1
R1081H Q239* A42T,1
T318M G130D,1
I1120T P76P,1
N748N R2203C,1
I127I G201C,1
G2774G G2435S R1965H,1
L20F D304D,1
A1393V A2249A,1
D3773G V3640I,1
T80T V73M D70N,1
F93L G1015R,1
S1955P Q1195K,1
P171L G808S,1
I1155V S1811S,1
I514V Q89Q,1
Q557E R740H,1
E228D Q899*,1
R276R E185Q,1
L2933F G4299G,1
G1854A D922D,1
Y499* V489A,1
L964L V1152V,1
P2914P T2763T,1
R581H R56Q,1
R876* Q1429*,1
304_305SA>RP,1
R1158I Q1163*,1
R461* C622F,1
S222R V230I,1
S362C S449F,1
R593S E449Q,1
G220G P463L,1
G682C H133R,1
L17L V482V,1
G169E G1699S,1
R3145* A2113A L1321L,1
A2289A R2377C,1
G2639D Q930R,1
R679H R408*,1
R54S W124C S131N,1
A482S G302V,1
A89A E543K,1
E500V T495A,1
I4420T I479T V568A,1
I1363T R262R,1
P1085P R733R,1
H582R P359P,1
G330R E1354K,1
G2218G A402A,1
P128L D78N,1
T483T A383D,1
S467S P836L,1
R1576H R923H,1
E89K S887L,1
D173N S189F D316N,1
I1018I R1086H Q1064* F465Y E906K,1
P36P P61S,1
F55F *363*,1
F1163F P792S,1
V712V T34T,1
M253I P146L,1
F801F F1983F,1
S5782L K1796* S5720F,1
T396T R554Q,1
D2263V V1388I A378T,1
K3078R C1981Y T931I,1
R381R A246T,1
R789H T291A,1
R18R R272W,1
H1911H L1064L,1
R1521C F908F,1
G56E F292F,1
K793N R641H,1
D141N D199E,1
E361K P702S,1
M417I D83N A786A,1
L408L S609S,1
G576R L881L,1
V370A N46I,1
R526Q G551E,1
V171V E73E,1
G358E G443E F386F A203A,1
E155K D198N,1
E86K A413V I340L,1
L318F P99L,1
R1441R T1528T,1
P612S E755K,1
P171S N188N,1
R298K R124C,1
E302K E201K,1
D1390N E410K,1
T451T E69K,1
S5079L W4768*,1
K50K K50K,1
V286V S232*,1
D395N V568V,1
G498G S697S,1
F4420C R3218H,1
G1535G A1534V,1
R1301H M1461T,1
S694F E415D,1
G417E G417E,1
S1241F H816Y,1
L326R L326R,1
A914P A914P,1
M596L M596L,1
M105I M105I,1
D2243Y I69I,1
K5133* G347G,1
K150N L224L K247N E283*,1
A216S A216A,1
H150Q S414S,1
C429S R353C,1
E569* E940Q,1
527_528FL>LM,1
616_617SL>RV,1
Q7058P A4284S,1
C1023S L1609L,1
P1089L H474R,1
E2914Q D779Y,1
P1520Q E686Q,1
S804* G962G,1
S2372I K2866M,1
R1398C R2378W,1
Q722H T587S,1
D1230V S403C,1
C748C N968N,1
V279V S106F,1
E3618K Y530Y,1
L788I W396R,1
L525S R707H,1
E1079D R326W,1
S7253L R6331R L5363I L4404P S4103L L3521I R3399* F2852L K2554K A2401V L2179L L841I R617C L279M,1
F112L L281I,1
R320Q K5N,1
E183* T67T M63L S46Y,1
K683N E531* G478S,1
D367N R179C,1
F232F F545F,1
L983V R549C S513Y E28G,1
P716S E395G D250N,1
P1645H I1643S T144A,1
R290K R203Q R57Q,1
T86S S174*,1
A645V L630V K269N,1
E2174K P2137T A2064T R292I,1
E254K E407* D755Y,1
T2191N R1743I E1458D E406*,1
D1020N P1376H V1566V,1
A286V L1237M N1737N L1846I,1
E18D E328K,1
F728V S708Y,1
F816F I2194I,1
R377I D765Y E1683D V2103V E2390* E2413K P2585H Q2823H,1
I1162I R1820* P2113P,1
T334T I917I,1
V644A S469L R288K,1
A447V E12*,1
R41Q V141V,1
R411Q F605L F919F,1
E940* R865*,1
P1475H S2511Y,1
T455T S133S,1
Q1385H R1314*,1
E1072* F556C L89I,1
F71F R16Q,1
E44K S28P,1
D186Y L144M,1
F668F E467K S427S,1
S75Y E216D K339T,1
A557D S387Y R100I V87V,1
W848C T689T,1
S3163F E2279D I1101I F715C,1
Y534H S3052S T3433P E3448E I4831I,1
A38D K1393N D1856N E1877D D2014Y L2463S I2512I A2687S E3035G E4115K I4902I R5018I,1
F681L E214K,1
S377Y N201N,1
E2305E Q1889P W1817* R863W R118Q,1
K1035T F1385L G1417G L3522L I4787M,1
R114R N834N S891L,1
A42D V132V F158L,1
E1165K V821I R689Q L370V K281N R223Q,1
M904I R784I,1
E2K E451*,1
S1349Y K1143N R139Q,1
R305Q E268* E203E,1
A333T F354V,1
D172Y Q341H,1
G223D L494L,1
D647Y D145Y S82S,1
K53N P135L V172V,1
R719Q R696K R172I,1
I450M F365L R257*,1
S491L R1252*,1
L420V R818I,1
E840* D284E,1
A773T D158N,1
L34V Y158C R282W H626N F658L,1
I469I F326F,1
S79I K229E,1
A113T I13I,1
F391F F540S L681I L1335F,1
E471* R482* R705H K958I E1119*,1
L327I S283S,1
R173* E220K E953D,1
E463D S269F,1
R247* I147I,1
E177* E231K,1
F811C D320Y P187L,1
K168N E378K S400Y,1
S344Y H908N,1
A673A S850S,1
E52K F131F L112L,1
S15F F377F,1
H284Y P70L,1
S819S P2273L P918S F1442F P1960L,1
A1969A I384I C1922*,1
D894N P146S,1
L18L S274F,1
A76A S280S,1
L318L S91S,1
P392S R490C,1
P294F F197F,1
S113F L238F,1
R825C L875F,1
L1849L I229I T1139I D651N,1
L49L S171F,1
D138N E332K S179S,1
G153D P641S G211E,1
P771S S531F,1
G101E T207I,1
G86S A87A L177L,1
F1673F R1842C,1
D359N F246F,1
G206S E277K R493Q,1
S360F R279W,1
F611F P175S R718C,1
I222I I221I,1
T44M V69V,1
S1778L P131S,1
G2593G P1582S G2623D,1
E86K D269N,1
P626S V306V S425S,1
G279S P907S G981G,1
E189K L93L,1
P925S E77K G569S P1444P P1185L,1
E795K G383G,1
I197F L359L L1460L E1469K,1
F374F R162C,1
K268R P182S E408K,1
R554C P752S,1
R59C L97I L141I,1
I1115I L772F,1
P239L F18F L875F R729L,1
A961A A959A N305S,1
I233I Q61* V283V,1
E585K V442V,1
D277N G1309E I1409I V667V,1
R1245Q L331V,1
E956K G877E I1280I,1
V844V K723K P424Q,1
I209I E169K,1
D342N E506K P1301S,1
476_477MG>I* P185N,1
2099_2100MG>IC P464Q P2150N G943L R1933I 1037_1038EG>D* G598W,1
R273C A161T,1
A210V E975*,1
S139Y A209V T771T,1
S190* P659P,1
E172Q G171E,1
P479S R153Q,1
I604I F190F,1
S474F V194V,1
S456F Q215* F281F F291F,1
H401Y S563L,1
R469W A492A,1
E713K S10S E115K,1
R146W R164*,1
R136R E636K,1
P2138S S1521F L1400P,1
P512S I495I K1978K S4540S,1
E386K E567E V831V,1
A563A S867L,1
Q1376* L1175F,1
M265I Q89Q G129G,1
G6R G35G,1
R580C T662I,1
R976Q G450R T668T,1
L835F M806I,1
E219* D471Y,1
D131N R809*,1
E780D E482* E146D,1
R262Q K276Q,1
E258* I436T R1414*,1
W218* A81V,1
W298G R473I,1
Q251H K423N,1
R1264Q D1210Y P604Q,1
S152Y R217W,1
T1822T R1949Q,1
R99* S74S,1
L508L V527V R1227L,1
I4196I R3297S R2838K M2465T S2327* R2214W V2153V G1904* L1823F M1001V,1
P803P E564* R261*,1
L188I S260Y R483C,1
N197Y K274N,1
P578P L425L T275I,1
S532Y E575*,1
S486Y I426I P263S,1
L837M E271K F177F,1
D212Y V181V,1
R710W F739F L844I Q988K,1
G820S S736S W62*,1
Y1667C D1443Y L589F,1
K267N G690D,1
K872N G654G,1
E687* E275* K18R,1
R32I S60S S256Y G886*,1
E253D S209R R143I,1
L991F N1233N S1552S,1
E1608* G321D,1
E478E E270*,1
P1167P E819G V46V,1
T5464M T4570A,1
S212A E97*,1
P27P L679F E695* D737N,1
E886* E424E N78H,1
R111Q L491M,1
K112Q E211* R328I E768*,1
D598Y F879L,1
K249T R97Q,1
A845A E1612D F1649V,1
S157Y F14F,1
K1982T R1659C D1625N S939L L56I,1
R203Q E144*,1
D720Y E600K G287G,1
K690N D754Y,1
L531L K463N,1
G476V S644S,1
R288C E148G,1
D780Y I711I,1
P216T R109W,1
E621E L169I,1
P181L S121N,1
A738A E1103*,1
E321E R303I,1
A367V K570T,1
Q567H F19L,1
H108N S1783I,1
K1712N K1348N K1282K Q1109H L594M S577F D364Y,1
K2182N D1191N R1075C,1
S131Y K497N,1
E518E Q476H S232*,1
A148A V112I,1
S468Y S41L,1
R113Q R380Q S968S,1
L776L I770I,1
E194* E48K,1
S303Y D20N,1
Q61H K255N,1
R569I E564K,1
V2751V I1404S F202L,1
S13L W195* I302L L331L,1
G400G C286Y S230S,1
K135N F426C,1
E2196K S283Y,1
L114F R269* Q1835H E2282K,1
I47I F148L,1
A855D D196D D80Y,1
A262D L498L,1
V46V E518*,1
E1185* R1088C,1
Q296H P506P R1979Q,1
A302T E1075D,1
E163* R563K,1
R531C N133N,1
E3928K P3892S E3582K E2915*,1
S513* F635L,1
E540* K290N,1
R401Q Q643H F1016C,1
G252R P210P,1
T671T S624Y G228G E77*,1
S45* S87I R116I,1
A2146S D1772E N1350N P1331P E754* R634Q E177*,1
E213* L304L,1
S217Y F500S,1
G4547G F3997C R3799Q D3451Y F3144L V2209V E1920* E1655K E137*,1
A564T S366N,1
Q99H K417T,1
E165* G370W R622H E626*,1
K144N V539A K848R,1
G655D N846T,1
N493K R351Q K70Q,1
V338M Y120*,1
W384R L71L,1
R130Q F215S I300I,1
T426A E208*,1
E55* E253D Q470H,1
M392I R406C,1
S569Y G910D,1
P51T G317R,1
C2109R P286R,1
S225S R286C F854C,1
K270N E152*,1
E79K D254N,1
N1494N E1246K,1
R429M R552Q,1
I343I E298K,1
V1359I I1240I R860Q,1
D432N E46*,1
S210Y K192N,1
*487* R437Q,1
R1517I H1464N,1
K1727N R1530*,1
K1046N S615Y,1
L1868I R1847C R1051C,1
R1583Q A824T,1
R1737W L175I,1
K1534N W1460L K761T E180* L97L,1
F13L F113F L134M,1
R312W F429L E541K,1
F757F I459I,1
S2215Y T1723T,1
D326Y I552I,1
F605L I449I,1
L2963I R2258* T2021M E1324D R596C S357Y,1
S213S N1371N,1
R767H D706N,1
L290F L174L,1
E1607D L843I,1
E1302K K610E,1
L502I D901N,1
I65I R732C,1
E794* K1732T R1878C,1
F648F R790R E823*,1
D632G N481N L57L,1
D53G D557Y K617T K880N,1
D375N R1856I,1
I1357I S1105Y,1
K667M G381C,1
E366K S30Y,1
R14M S269L M1227I L1455L,1
I33I E295D,1
T1013T F1666F,1
R115Q E104D,1
S1268* L1108I S408Y,1
S245Y L335I,1
V34A K542T,1
P1118L R143Q,1
R68R R366K,1
P948S S569S,1
P301S R160Q L353L,1
L244L A408T A454V E762*,1
R651Q Q251H,1
G769G L813M,1
C1517C R116I,1
V930V S728Y S229S,1
F100L N153N,1
E678* K476N,1
D488Y A465A,1
F1374L R271R,1
E294K H355N K466Q,1
H912H E222D G168D,1
S255G L465L,1
S736L R1128Q,1
R506Q E282*,1
F73F V413G,1
D69Y Q396R,1
G353V L327F,1
E72* E123*,1
R396H A160T T141A V79V,1
C1336C Q868H Y48H,1
L1003F L777L,1
E45D E504*,1
A1832T K994N,1
E1042D E746D,1
K979N E186K,1
F1174L K125N,1
F1768L E1374K,1
G1073E L2239M,1
G731E S567Y,1
E650* A595V,1
V652A L2012L D3062G,1
V331V K748K,1
D368N E658K R682Q,1
F193L A725T,1
R1934Q D1760N E1680* R603I,1
D1083Y D158Y,1
S1059Y R929I,1
D2792N A1111T A184T,1
R1005C I1034I,1
S102L D940N,1
D1579N M1494I K1229N I1087K R550I,1
I336F Y788H,1
S87L K189N,1
E287* A103V,1
N331Y D234G,1
R1250Q E1228K F851L,1
T244T Q706Q,1
T1038I I876I L580M,1
R709H E575* D503Y,1
G138G E1282K,1
R790Q E394K,1
R108K S645C,1
L392L G26D,1
D719N E138K I1057I Q525* E603K R825Q F516F P907L,1
I165I G130E,1
W2107* D2598N S1613F,1
E97E S236F,1
V5143V I1855I,1
E526* S2089Y L2797V,1
E2165* V633A D440N,1
G16G L138L,1
D1685Y K184N,1
S40S D99N,1
K1049N E1409D K2708N,1
I2556M H786N I442M,1
C840W Y1277Y,1
F496F E457*,1
D768E D547Y F519L,1
L1351I Q920H,1
R1114* E1309* S2029Y,1
R985C C1573C,1
K1644K V995V,1
G1706G E907K,1
E63D N357S,1
C117R R707H,1
K1583N E585K D514Y K388Q,1
L477I R345W,1
D756Y A289T,1
V374A S732S,1
D511N E391K,1
A73A I218I,1
S1889S F1588F H1571L,1
D173N D173E,1
L1803L P1814S,1
G448G D1570N,1
S1474S W1460R,1
L597L P222P,1
E779* A180P,1
G551G G469V,1
59_60MG>I*,1
L379H G241V,1
P1634P T1620S L916L,1
L34F D47N,1
F91L I103M,1
S1962F D705G,1
E3171G R3627G,1
F1443L E2219E P3088T,1
A388A A245A,1
P2045S Q894Q,1
R587Q D758N,1
E2959Q E2959Q,1
G58G K278K,1
A879D S3023S,1
R1993Q V1634I,1
L70F L70F,1
S606N S606N,1
L562L L562L,1
T381T T381T,1
G2707C G2707C,1
G139S L425F,1
R367* R367*,1
K411* K411*,1
K572Q K572Q,1
P160P F130F,1
P3727S G2891E,1
L235L D302N,1
R1924Q E1539E,1
K448K A2653T,1
R213* K132T,1
D1975G L1740I,1
R1008C E316* H155Y,1
N559S F317S,1
R811C R68I,1
D929Y P834P,1
R130Q E299*,1
K777N F367S,1
F422L F222C,1
R88Q M1043I,1
R86C R376C,1
E738D S524P K307N,1
E622D T886T,1
L1656R D1263G,1
H1034N R910H,1
S625S E519D,1
E284* P228S,1
E280G L748V T863M,1
R1140H Y1009D,1
V1941G S1687Y L364I,1
R122C G197G N1502N T1730M L2130L E3424* L3670M K3914K I4145I F4480L R4497H D4664Y,1
R762C R339Q,1
T339A P188P,1
P656S D383N,1
R131Q D186N,1
R1136W S1642F I2189I,1
I1496I S1014Y,1
R768C F2079L,1
F357L A397V R488C,1
C545C R722H,1
A1132T I707R,1
R1863W R1579Q,1
R6170I D6125N A6038A D5255N L3521I K2257E E2187* S1195Y,1
V455A R225Q,1
E814* R796I,1
L1215M T114A,1
S713P C1540C,1
I563I S387Y F93C,1
R1381Q Q418Q,1
S471F G353E,1
G142E G457E,1
P740S S506L,1
S2642L S1936F,1
F169F V549V,1
P142L P407L,1
E72E V902V,1
L289L S688F,1
S178S F125F,1
E174K P361L,1
R1254Q S458F,1
I403I G33G,1
D1380N D835N E415K,1
E217G E160D,1
S394L R392K,1
S122S F53F,1
S635L E994K,1
I469I R366Q,1
G384E P661S,1
A26A L335L,1
R911R S240F P803P P1606S,1
E1200K E31K E445K,1
R117* G114R,1
P982P I184I V476V L893L,1
S638L T886I K1795K R1131R F549F,1
R781Q E1005E,1
R1904R V2728V V668M P1652S,1
T132I E493K,1
F510F P348L,1
R160Q W104*,1
S471F I363I,1
V132A P432S,1
L191F L974F,1
S738F L13L,1
S947S G736W,1
E392E P281L,1
S54L R501W H744Y,1
P639S A629A E503E,1
S312L W289*,1
L404L H14Y,1
W251* L974L S441S S439S R1663Q S1358L G1128D,1
Q132Q V337V,1
R357R R766Q,1
R727C P1851L,1
G292G G100E,1
D193N G147E,1
P402L E1297K,1
D255N E113K K228*,1
E1528K D101A,1
L744L Q204Q,1
D25A R685W,1
S686L T953T,1
E1320K L1534L R269Q F2062L F1791F,1
P512S F968F,1
I158I D90N,1
F1018F R3561C F4515F L2131L A3577A P1027S R2948C,1
S319S R173C,1
P177P N955N,1
G139R G203R P109S,1
I1414I S1146S S1075F,1
P1389L H906Y E1082K G1644G D1126N,1
F618F I725I,1
R99R V392V,1
E239K S205F G213R,1
P517S W70*,1
V78V G366E,1
D418N T363T,1
G378E R59C,1
P175L S871L,1
V170V A89T P122S,1
F93F L149L,1
F323F G288D,1
G92E D205N E157K,1
Q434Q R424R,1
L2457L T365T A1059A,1
G136E R276*,1
T864T L1622L L740P,1
V73I S192L R389C,1
G318G R86Q,1
D413N R361C Q546Q,1
L1620F G714E F1177F,1
I220I I724I E1265K,1
K1926I Q1373Q,1
S454S I144I,1
I1559I R1984K,1
S176F P211S,1
L2545L E132E K3197K G2770N E1181K,1
L941L L886L,1
W447L G1014G D1124D D158N,1
G1377R A276A,1
R118Q L663F E317K,1
D188D D386N,1
V33M R11C 42_43DP>ES,1
G565N G366G F597F,1
S143F N423S L185L,1
L457L L470L,1
W558* L849L,1
P27S F24F,1
P168L F146F,1
F419F F479F,1
G1446E E2214K G581G G1450R D77N E440K W202*,1
G2125D W2443*,1
R982C I1534I,1
E270K I230I,1
S94F D219D,1
D1162N R1332* Q572Q,1
A808A E506K,1
R231C E68D,1
Q1334* R1646Q,1
E71K Q1336* P1849L D2406N,1
E2396K S871L A1450A,1
P312L P379P,1
E1126V M1125I,1
S407S Q24*,1
S131S S52T,1
R7549C K84* F5257F Q2400*,1
R22* R210R,1
F272F I77I,1
S477F R141K,1
Q80* E638K,1
P67L P184L,1
G180G E225E,1
R184K F82F,1
P733L R404W,1
G58E S728L,1
R3831C P1303L P734S,1
Q676* L178L S198S,1
E136K R438K W437*,1
L324L R544C,1
I759I D242N,1
Q496Q R653R,1
P32L D357A,1
S227F E295K P437S,1
R1694Q R244Q,1
E459G L422L S723N,1
T92N E73K,1
P1074S G924G I220I E34K P828L F761F,1
D540N V399V E1214K G1181K,1
G1598E F1623F,1
D241N F174F,1
Y264Y E61K,1
M112I I342I,1
E149E R395C,1
H562Y M983I,1
G537D T399T P450L,1
E412K A1248A M682I E1943K E1945K,1
G2271S L1686F R1119C I4152I F2535C,1
G3126S S2501F R2593C V10V Q2107* P2793L S2594L,1
G736R E337K A342V,1
T179T S137F,1
L475F F241F,1
I424I G89R,1
F737F E202K F710F,1
G120R E319K,1
S319S A1459A,1
A16V S955F,1
P626S F1585F,1
V162V R8R,1
G568G S564L,1
K6152E S5185Y S4179Y E3338* D1835D K1468T L1588L E719* V111M,1
A154V I433I,1
V537M A15T,1
D380N E396K,1
S124S S124F P121L,1
L1585Q L1585M G1707D G1679R S1082F,1
L353L F408F,1
P4753L P4753S,1
F344F R402W,1
N843S E1010K,1
R202K R202R,1
D224H S253S,1
E102E R335K,1
L345F Q547*,1
E2221Q Q1052H,1
L346V S263*,1
E171G R506C,1
E765K H3647Y S3646P,1
P1670L S783F,1
L1362L G211S,1
P53S I52L,1
R637R R637Q,1
T1531P K1239T,1
I261I G136E G136R,1
L283F C282*,1
T566I T566T,1
S1029N P616S,1
A479T L478L,1
A407T L226F,1
P841L S531S L1335H,1
L966F G2030G,1
R319Q S234S,1
K484K E898K,1
K115I V42V,1
F108F G102S,1
G1477D T1676T,1
P820S V1099V,1
S142F R161W,1
R341Q P109S,1
P43L P43S,1
P2729L R2608C,1
R388W R327C,1
T114T T114I,1
A1573T R1923C,1
R2945H V302V,1
V20I A152T R785W,1
R93Q V344M H1047Q,1
A1064A A846A,1
R1915H S1029S,1
L1920P R1598R,1
R434Q A692T,1
S1279S T1492T,1
R190W P610P,1
S660S L552S R531W,1
A4058V P1430P,1
T1669T A669A,1
R265H A188V,1
D65D R247C,1
A1253V R1173C,1
R483H G505G,1
P1779P P102L R34C,1
P115P T326T G452D,1
D210E K215N,1
Q1364* A1192T,1
R89R L87L,1
A355V G1080C,1
I2763I G3220D W3660R,1
L1044M T780A,1
A1653T A286V,1
Y896C T954T,1
P1129S A1396T,1
T980T D310G,1
A2113A A2106A A1697A L1321L,1
A135V A309A,1
A905V R97H,1
C709C C560C,1
C260C F295L,1
R3H R287M,1
I1417V S1209N,1
P303P F687V,1
S301L L300L G350G,1
L1103L R1104W,1
S51P S51P,1
G288S L287L,1
V1697V P1724P,1
L249L E794K,1
L283L H220Q,1
Q80H E343K,1
F388L L549L S1170*,1
E704Q E43K,1
S52L A57V,1
P808S P808L,1
I567M V550V,1
P75L P75S,1
K154M K154K,1
L133F L133L,1
K1121N N528N,1
K405K E406K,1
S409S G2495E G2495R,1
K318N E319K,1
G469G E481K,1
D185H E179D,1
P78P E959E P1026S,1
62_63ME>I*,1
K717M 313_314LG>FR,1
S622R N787K,1
S4231F T3872T,1
S583F G486R,1
R569Q Q1094Q,1
S401F L101L,1
R561Q P547L,1
T417I G420V,1
E1670D V1589V,1
L201V S194Y A113D,1
P121S P121S,1
R301R R301R,1
E160A E160A,1
M1040V H1047L,1
K197K L166L,1
E141Q E138*,1
S491L L548L P549S,1
K4960T E4569K T2708A L1517L D2836D G2477G,1
P174S G933E,1
G182R G182E,1
P407S P407L,1
F226F R224C F180F,1
P110S P110L,1
T47A W577*,1
G377R G227E P748L D490N,1
G694E G694R,1
P212P P212L,1
L40F F39F,1
A127A A127V,1
G197S G197D,1
S2617S I2160I,1
E804K L7L,1
P1053P I1116I,1
Q1119Q G116E,1
S780S T594T,1
S285F V10M P70L,1
E670K A237A S978F,1
P121L P121S,1
L261L D3986N S3446F W3985* P3293S E262K,1
G267D G267S,1
E81K A80A,1
S621R P134L,1
P1588L V1586L P1588S,1
Q4358* K2636N D4357D,1
E1249K R1209R L117L,1
L4142F R1020K G1967E S1346L E2001K K5126N E4441K G1750E V3773V T3739P,1
G56G G56E,1
A707V A707A,1
E299K R227K,1
R1048W A1047A,1
L222F N221N,1
G376E S423S,1
A390A A390V H301L,1
V248V E249K,1
P383S P383L,1
L89F I88I,1
L127R L127R,1
D239V D239V,1
R623Q E309G,1
D54D I76M Q78R,1
E1452* R1553L,1
V1511V V3740L,1
S283P R913C,1
A1259A K1253N,1
K516N K516E,1
K111E D939G,1
F278F I277I,1
Q1439* H3700Y,1
V424A E421E,1
L1795M I1760M F1676F L1654L,1
F1108I I290I,1
Q1197* G1154G,1
E132K V107V,1
Q282* Q1070*,1
S1495F R445H,1
S814* K220K,1
S25S M560I,1
Q44K P36K,1
A1174T D69E,1
V63V F105F,1
V936V T514T,1
445_446MG>IW,1
T222T A419A,1
P782S P1237S,1
P148Q W247F,1
E322K E2717K,1
V404V E343E,1
I224I W1460* Q1519Q,1
R119M P444P,1
P893L P2146L,1
R168K E190K,1
I126I L322L,1
S148S Q356*,1
G1038G G127R,1
P565P E234K,1
G2506L G429W,1
G437S T1730T,1
P598S S194F,1
208_209MG>IW,1
E851Q E663K,1
S223R P277S,1
P213K R154I,1
A1669A C1037C,1
T622T T214T,1
S29L P231S,1
Q499Q Q496Q,1
S309L V283V L100V L79V,1
E287K L289L S1211L,1
I797I D832N,1
A71A Y67*,1
R233* V275L,1
D32N G34V,1
R1512C N1995N,1
A4559T R4381H A1196E,1
A23A N671D,1
A94T L326M R678C,1
L292M G73L,1
G3016S H2768Y,1
525_526KG>NC,1
R1416* K16I,1
V2311G F513F,1
G152L F139S,1
V473V D475E,1
P1264L F2504F,1
L348L E2060K,1
31_32QG>HW,1
S562F Q403Q,1
G508L Q106K,1
188_189ME>I*,1
K933K D544N,1
353_354KG>N*,1
W440F P185N G671L G1031L,1
R143* P1639P E595K Q559K Q1982E,1
P970P A1038T,1
I411I Y401Y,1
R1647R G703D,1
L2755L S882F,1
P573L F157F,1
L46F L46F,1
S1599F Q684*,1
M368I I80I R58R,1
Y170H L427L,1
3507_3508ME>IK,1
F893F I88I,1
E331K S848S R503K R2524Q,1
E581K I331I,1
D90N E313K,1
P612S E31K,1
G1578D S239L,1
E878K E1379K,1
G1843S I1748I,1
E1269K V1219V,1
P2115L D2063N,1
F120F L2690L,1
S447Y D435N,1
I906I K257K,1
W534* G231E,1
E600E P368S,1
G441E E247E,1
D267N D267N,1
P459L P459L,1
P837S P837S S826* S826*,1
D600N D600N,1
P359S P359S,1
L894L L894L,1
R819H R819H,1
L200L L200L,1
P915P P915P,1
V1891V L6248F,1
N345I E542A,1
P4639Q P653H,1
402_403ED>DY,1
S114S T1418T,1
L646V V334V L646L T112T,1
G2744E D895N,1
I279I G102E,1
E207E P140S,1
F816F F1766F,1
Q2181Q T295I,1
A872V A872V A872V,1
K191K E4E E3K,1
R440H L315M,1
S266L S266L,1
A292E A292E A292E,1
E545K E545K E545K,1
G81D G81D G81D,1
V2795M V2795M V2795M,1
E199K E199K E199K,1
E270K E268K,1
H1332H E412K E412K E412K,1
R1447Q R1447Q R1447Q,1
E1262K G1912G,1
L863L G1793R,1
Q1700H T2834T,1
D2852Y T590T,1
G1379S G8G,1
L5640L D1628H,1
G229A E115Q,1
A3445A G2730G G2730R L3572L,1
I150I D437N,1
S62S E810K G1304R,1
G1463S G61S,1
P704S S526S,1
G964V Y1163Y,1
E179D P5450L,1
V660V E544A,1
D724N S739F,1
E122Q D37H,1
D5462H Q3988*,1
Q8165Q K361K,1
L287L V319V,1
E746* R787*,1
L2679V L2479L L2347L I1006I,1
S1483R D1482H,1
E1393* R428H,1
P1421S S1362C,1
R1046R G771D,1
D182Y M753V,1
R483R Q597*,1
Y847* S687* L371I S348*,1
I334I R628*,1
I606I I752L,1
I372I F241F L50I,1
Q1244H F154V,1
E1252* R1128C F177V,1
V792I R664I A356S V331L K14N,1
R1464W S1241Y L819I A193T,1
E1135* K614N,1
S1316S E521D,1
E2046* I284I,1
E1983A K568T R43W,1
S452S T1470T,1
T165S S149L,1
N252S A154A V145V,1
I851V L4159F,1
A1136V Q1487Q,1
F307F F420L,1
E2125* R1731C,1
P78P S3C,1
S225Y L257R,1
G345G R469W,1
R302* L729F P1634L,1
K192E K680Q E932*,1
E802* D220Y,1
R536* R46Q,1
V79I R650I,1
C1357C P848P,1
P627S H2549R L3720M,1
G252G F42L,1
N632N L362L D3N,1
S165A R769R,1
F1223F F1000C,1
K374E S430S E454D,1
F327V R645*,1
S11L S311Y,1
L154V T278M V334I,1
T331T V540A,1
S1159F G525E,1
V263M F520C,1
Y3460C A1643V V172A,1
R408S E400K,1
S1216F L1231L L1235M,1
L259L H177Y,1
F67L F87L S98*,1
D595N G276A,1
D993E E992Q,1
T808T R1397Q N1804S,1
T834M T874M,1
D462H N280K,1
R1693Q R1638H,1
V164V R271C,1
G69G T932M,1
G1940G A1207V,1
R1498* K1139E,1
R2002C R549Q,1
A132A A125T,1
E561Q V248V,1
P477T H573D A820A,1
A725T P321S,1
D610N D355N L351L,1
T19T S248S,1
R273C M246V,1
G250G E252K,1
D24H E79Q,1
E178K D56Y,1
S1293L L1702L,1
P254S E499K,1
E1278K A60A,1
D1150Y E978Q S107* W33*,1
D451H E454Q,1
F39F F99F,1
E3402Q E2635* E2352Q E1067Q,1
L446F A455V,1
S161C S83L,1
E806Q H423Y S421F,1
Q1368* P1378L,1
E707* R832*,1
D1091N D178Y,1
L819L S68L,1
D561N E727K,1
E118* S459Y,1
E250* R118Q A69V,1
M1387I K1353R G1203C I463L K149R,1
D53Y I473I L575I R830Q,1
S1737A P1508L R64I,1
R1363* R184* R144*,1
A1615T E1512K E563*,1
V458V I396T,1
L10L N77N,1
E351D E321*,1
K145T K441N,1
E330* L660I,1
K85N R1218I,1
T1671I F1337C L1244R,1
F1991F F2397S,1
E2923K F2266F A1861T,1
R1319Q R714C,1
E30D K131N,1
V721V K349I,1
R338C P152S,1
K544T E288* R236I,1
R512* K718N F1023L S1170L F1579L,1
R1325Q R352* S316Y,1
D17N F90L,1
E2529* D2219Y K2059N R1324C,1
F234F F87L,1
I195I D43Y,1
S704L E394K E108E,1
S555I I710S,1
R410* K530Q D616V A707A,1
I219I F258L,1
V58G K113T,1
P420T R496C,1
F295L D244N,1
S286L D213N P155L,1
W279R K331N,1
V222I F424L S509F,1
V573A E329D,1
R232C L317I,1
D1675G R1302I S814Y,1
R155I S1064* K1139N I1607S,1
S1524S K1207N,1
G280D R682H,1
L9L F335L,1
R78R E64K,1
D382G I758M,1
K835N P299P G261E,1
E665* A434T,1
L141I S323Y,1
S297N K485K D1323N,1
S1140L A870D,1
C205* D33N,1
K771N E727* A605T D400N,1
D226N E1184*,1
R1246Q Q957H,1
K193T E216*,1
E123D F369F,1
P70S L26L,1
E197* K715N E783G,1
P1476L L925L E598*,1
S1390* F1150F E823D E812*,1
K701N Q90H,1
A125T N97H F19L,1
L117F R91* K23N,1
N229K S264S,1
G181G L414I,1
R231Q E385*,1
F106F F255F,1
S284Y L339F,1
D192N L118I,1
C50C P133S,1
F1250L D1097N,1
I1410I E1433D,1
S1117Y G270G L126I,1
I413I F104C,1
E536* S437Y R244C,1
D763D A374V,1
L1283L L1273L,1
Q257H T261T,1
D218Y G214E,1
S636P G943L,1
A820D F572L,1
T571T P418S,1
E1199D Q1070H,1
Q1631K K1250N,1
G1743E R1130P,1
Q374L K74N,1
E490D K826N,1
L456M H506Q G553V L1904L S4407T T4580T F4853L,1
Q684K M1022I,1
L394L F644I,1
Y250F Y11C,1
R681H L794L I890V,1
R264L K1703N,1
G1560C E1005K D824Y,1
W501R I1063N,1
Q449R R3Q,1
I792V V746V,1
R129H D10D,1
Q1087R R2017W,1
D4126N F881F,1
T203T G53R,1
P2514T K2182R,1
G4184D S2155S,1
R228L A414A,1
S378P A357V,1
W71* Q69*,1
I1190F N725D,1
A2023P A1318S P993T R248R,1
R34C A210T,1
C847C A1012V,1
R69W L603I,1
H2285R R1082H I1045V,1
W974C L964L,1
N208N R37H,1
R810T P922T,1
V1385V L403H,1
R93W C378R,1
A205A E184E,1
R1659K I826I,1
G513V I399L A366D,1
H4777L K263N,1
R918K R1073L,1
R1666Q G260S,1
P488P I547I,1
L245F K601E,1
T645T G1025E,1
G159R E586K,1
R47P R46G,1
A111S A176A,1
L859L C441F,1
S1177L P2231L,1
G1599E R4233K P3096L,1
P453P H1008Y,1
A116V L114V,1
G495E E1708K,1
E1646* A873A,1
V865F D495N,1
K441* L444P,1
G2487G R249L,1
V686L R548W,1
S249* L312L,1
F149F H283H,1
W286* E379D,1
T221T R223R,1
W433C A402V,1
L1479Q R1335G,1
P735P S387*,1
T120T M442I,1
P349P P107P,1
V590V R142I,1
A4378S R4044Q,1
D183E G322C,1
A167S E492D,1
D1030Y E374K,1
H462N R248M,1
V4513M S4669S T5060A,1
C7341Y A5812T,1
A383D D429D,1
N1532K G792G,1
I645I L105L S590N,1
S590S E690K,1
L115F D838N,1
T1420T E1771K S294S,1
I731I A1441A E876K,1
R1199K M1747I,1
L749L R1578R,1
D703N E512A,1
R287G T2024T,1
R3979* R2175H,1
M1053I S1128F,1
V477V I314I,1
S38N S237S,1
C14S Q206*,1
S71N R366K,1
P472S D3828Y,1
F4094F T4340I S742Y D3117N P516L V1157V,1
N19S E1670K P2115S,1
D723D D1185N,1
V2217V G1600G P759S,1
A2137T E447K,1
I76M G80E,1
G690G D616N,1
R2386C G2375E,1
R1765W K2450K,1
P161S I71I,1
R1095K E8112K,1
P2584S W2547*,1
E682K H707Y G912E,1
S272F P302S,1
R85Q P236P,1
L144L P34S,1
V800V R981K,1
S560F A517V G347E G155G G125E,1
S497L G203E P385S,1
G805E D92N,1
L1831L G723G,1
K1100E D1702N,1
D132N I235I,1
D3657D S3997L,1
346_347SL>SL,1
S174S G454D,1
L981I T320T,1
P4108L I4109M,1
E89Q L107L,1
F193S A180T,1
Q797H R336Q,1
T72T V376I,1
D1009N S116S,1
210_211PR>PR,1
F1873F M584I,1
F859L F677F V148V,1
V2319V R3537K,1
S431L P403S,1
E1201E E1342K P430L G255R,1
G160E P2570S,1
R34W G305E E126* G81E,1
K384M K237K,1
E278E E278*,1
D679D S184F,1
G1068G F1049F,1
E2030K S1085F,1
L1384L D373N,1
R751W G47R M1200I,1
A144S A162A,1
E321K R311K,1
E397K P766S S33T,1
Q1523Q R1278K Q1544*,1
F1764F L1121L,1
K119K P78P,1
R1803C T2073T,1
S913S F1366F,1
F641F Y1556Y L1933L,1
I355N P870L,1
P801L T1211I,1
A146G A146G,1
R1385I R1385I,1
D135N R422Q,1
F439F L1417P,1
1357_1358LL>LL,1
P1042S G1040G,1
P4159S S4509L,1
P686L D478N,1
W119* F236Y,1
R901R S1494F,1
1099_1100PL>PL F1917F,1
R1451K R1617K,1
L187L G239Q,1
K1896R A79V,1
G551S L2673L,1
L1257L S809F E1141K,1
E496K A255T,1
A155A R360Q,1
L349L E115K,1
L1896L A989V,1
D565N T99I,1
S317F Q183*,1
T20I F275F,1
T316T Y710F Y820S,1
L729* Q692H,1
L1023P D649E,1
Q401L G57G,1
P464P P989P P1238P D2779V,1
P1507P A2342A,1
P2592P G1552G,1
Y987C T523T,1
K5462E M4521V H4052R,1
I616I F1655F,1
Q245H L619L,1
I359I G537G,1
P585S E377K,1
I31I T20T,1
I400I V265V,1
V155V R1044*,1
W1771* L592L,1
L759L E620K,1
G90R F38Y,1
L401Q R1595M,1
L703M P637T,1
Q581H I576N,1
T569T K582T,1
R273H E51*,1
R1616W H1349Q,1
G332V E399*,1
D1849D L1034P Q161H,1
R263C A744S,1
T1946T I773I,1
K289N L686V,1
G107V R91Q,1
V1612V E1611* C1288C F439C,1
S1111F K1632N S1747F C2409C,1
S145L R711W,1
K204N R99Q E52*,1
F250L R734C,1
R65C A501V,1
D375Y V294V,1
R1263P R1263P,1
S5403F L5952L,1
T1018I F1249F,1
S120F E1414K F142F M1162I,1
G1003R E3010K,1
E330K G862G,1
E270K G224E,1
L291F E439K,1
I1688I P1075P,1
T1383N S672S,1
V494V Q5*,1
Y163H Y163H,1
R187C E855K,1
G305E L29F,1
S329S H51Y,1
P153S N817S,1
R8117Q R7898S,1
Q102K L235L,1
R646L I27I,1
T3900T Q1307R,1
L6839L K181K,1
R59Q E25V,1
L37M L37M,1
D953E R785Q,1
E286A E286A,1
E119Q E119Q,1
T279N T279N,1
D66N D66N D110H D110H,1
R995G R995G,1
A438V A438V,1
M71T M71T,1
S582L D520N,1
L2171V L2171V,1
E306K E306K,1
E153K E153K,1
A186V A186V,1
K2025R H1991N Y2047*,1
P73S S31F,1
D694N R1775R,1
E682K D1057H,1
M170I H91R,1
T1787T I1664I,1
S934L G990E,1
Q1531* P1063L,1
R741G R740Q,1
I156I P698L,1
A113A Q281*,1
G284G V1295A,1
R877Q P723S,1
G703S G505G,1
D942D P933L,1
I209I H210P,1
R1231W Q1215Q,1
A231T Q248*,1
A780V Y741Y,1
T151T A78A,1
A2547A A2049V,1
D5725H E1639K,1
R489T D409N,1
E176E L47L,1
R455* R579*,1
S418S D855V,1
L198L R478*,1
E368K D419H,1
A878D V132V,1
Q299* S620N,1
L536L F897F,1
E747E E1848E,1
R92Q D672N,1
E110E I64I,1
P37S V52A,1
C1408F E1158*,1
G2395E S977S,1
G2035G P1821L,1
L425L E57D,1
T62I Q181H,1
R629S N429T,1
N806D L384T,1
S900N T859A,1
W1413L G2937C V4456V,1
P910Q R307S,1
F39F E1120K,1
L2227P K1139R,1
P612S S292F,1
D503N G423E,1
R265C L264H,1
S524L E302K,1
E407E E407K,1
G1213G L1404M,1
G2014G E132D,1
M1152V N73S,1
V307V P179R,1
E1239K F1342F,1
R1640C S2507N,1
171_172YP>*S,1
E135K A22V P87S G48D D128N A14V E181E G83D,1
K59K L70V S18R K59R,1
R1482H E3922D,1
F434L F496F,1
R465H D521N,1
R271* R221Q,1
S167F G2719E,1
K191K V434M,1
D507N D313D,1
E62D A454A S543N R948C,1
T335M R168*,1
E185D A93T E9K,1
A411V R333Q A88V,1
V197V F303V L316M R343W,1
L329M D75N,1
E324D F460F,1
P340S L312I,1
E568K I381I,1
Q129* A150T,1
R282H P403L A730S,1
I710I T1201M V1797V,1
S125S R333Q,1
I417I R517C,1
S546S P1612P,1
R554Q H435H V397A,1
G1201G G559V A473T R455H,1
R667M R455Q,1
R204Q A105T,1
P373S R290*,1
T430T N107H,1
K162N E235* V495A,1
F383F R157R,1
S63I E339D R388C F834L,1
S2264S S2114F,1
R371C E1375D A1648V R1925C,1
V153M F205F,1
L376F R1449* D1460Y,1
R1450Q G1553G A2608V,1
R91C G296G,1
D737G A446T T371T K68K,1
E1012D R318Q,1
S390S R218Q,1
P1100H R975Q,1
A323V E150K,1
G614G Q69H,1
S569L F162F,1
F223F G399G,1
R761H P531P V437L T33S,1
V476I E873E D1394G R2024Q P4301P R5069K,1
G219V R937W,1
D485Y A99T,1
T1103I S1101L,1
S53T L182L,1
D53Y A85A,1
E219* A168T,1
G733G F893F R959W,1
K1347N V693L R590Q R334Q K65E,1
Y2364Y T1495M,1
D205N G406G,1
R329* R297Q,1
R219C S540P,1
R451H S758L,1
K310N R195Q,1
F42L I792I,1
G246* S877L,1
A663A S640L,1
R485M E462K,1
R101C A304S,1
S509L F552F,1
E488* A378T,1
F344L H110H,1
P1791P S1747S V1392V R593I G586G D320Y G8G,1
K238R G269R F1873F,1
E1095G R762H D664N D207N G176E,1
I114M A27S,1
G1077V L870S R344Q R71*,1
R712H R110*,1
S1550F K1464E S706F R223*,1
R1090I R1077W,1
A144T R332W S664S G786C R807R R1041* R1051C A1663V T2107M P2239Q I2419I V2966V S3407S R3454C R4632R R4959Q,1
E572D R1016Q L1650M S2812Y E2831K N3419S R3594C D4918N,1
L280L K10T,1
R177Q P157L,1
D202N S87Y,1
R119M A81T,1
V870V R67C,1
V236I D727N,1
A434V R1006C R1276* L2110V,1
G684V D384G A369A,1
Q129R E759D,1
R1136W R527W,1
T1548T V1229I,1
E449* A383T Q233Q,1
Q859H S405S,1
R115H S1221L F1499F,1
E131E M297V,1
H733N I659I,1
R36* A169T A277T,1
R179W R291W,1
E436K D502Y,1
K361K R594*,1
S479F R921* P1061H,1
A28A E5*,1
R171H G213D,1
T135T R451C,1
E45K E137A,1
E348E V210V S48S,1
D492N D435N L409I R274M,1
A507S R305Q G128R R44I,1
D616Y G256*,1
R13Q R993H K1072N,1
R153Q E55K,1
R168Q A138A,1
P186S A765A,1
L555L L390I G354G,1
R2778Q E1447E V490M,1
S281S I134I,1
Y150Y A358T,1
Q220* A45T,1
T1174A V420V T177I,1
R63H D1274N S2386Y I2831I D2964N D3023N C3098Y,1
S54F G240G,1
L793F D259D,1
S151S Q775H V1303A L2613L,1
S252Y I275V,1
S1725L V1378A G411D,1
E47K F135L K282N,1
L512I A352A,1
A1924A Y1780* R937* T765I S532F,1
C633C E1170K V1302M A1450A F1896L E2614K,1
F51F V205V,1
R12Q D496H Y620Y,1
L18L G337D,1
R355I R130H,1
L1470F R1073C,1
E627* A734T,1
N792D R1328H A1502V S2546Y,1
E397E A114T,1
T711A E637E,1
R8738R S6349Y E5037K R4764* S4266F A4000V V3934V P2759S L2710I A1923A N1900N W1780R A1524T V261V,1
V120A K329K,1
T1833M G1282G,1
P34S P87H P250S,1
K258K F485F,1
S266Y A412A,1
G798R V463M,1
T12A R174R,1
S995S D342N,1
R41Q V171I,1
N390N T581M,1
A260V H385H,1
G119R N202H R902C,1
E229* I826I,1
R65Q S226F R242C H429H,1
R32Q L348M,1
R71* R107H,1
N500S Y407Y I298I N125N,1
K1197K R860C G633A,1
D1523Y K704N E390D,1
R285Q R471R,1
S195N P201P,1
D1022N R982C D797D,1
D653N R564Q E366K,1
V624A R240H,1
A2162V G544E,1
582_583AL>AL,1
E146A E146A E146A E146A,1
K2057T K1239N A747A,1
S216L R390Q,1
S15P R363R,1
P139H A151T P1080L,1
G2321G Q2353H,1
T1307T R417I R258H,1
S43I D1841Y E1966* E2360D,1
F2246L L1454I L903M S859L,1
G947V V756V K186M,1
G224G H258Q,1
A61V L146L,1
S1593N S1446N E1411* K227N,1
A1042S S1153S R1251W D1313N,1
R666C I466L,1
A335T G371S,1
A734T L569I,1
A692T G760G,1
P447H F241F,1
R214C R145C,1
G2R R89Q,1
G668G A559T,1
L423I L1518M,1
A422T N26N,1
A153V R231*,1
I739S R385Q,1
H1163Y N523T,1
E3149K S3079Y A3005T D2619N G1787E P1398S R574I,1
G637D A689V N750N P1152H,1
R1260H R584* S61I,1
G194D K171N,1
K273T F1235V,1
P2976H D2728Y K2675N Q2083Q K123N,1
V1271A E441K F338F A44T,1
H1005N I1043I R1058Q,1
T376T E329K R224H,1
T306I V552V L796I V1633V,1
W278* A304A D716G,1
Q300H V54I,1
I38T A430V,1
A381T V870I,1
A167T G801G,1
A145A Y167C,1
L89M Q99K,1
Q43R S259P G424D D540Y,1
S439N P1231P,1
D2004Y P1829L R1426*,1
A422T R191Q,1
E99* P558H G906V,1
S44Y A192A,1
G640G G861R,1
A145S V273V E329*,1
R210C S220L,1
A843T C387Y,1
R424Q R407* A171V,1
R1259W C568* E438* Y181Y,1
E255* L224I,1
K450N R705H,1
I449I E176D,1
E644* E918G,1
R287K H200R,1
N1203D L974M R82*,1
K975T R303C,1
E38E A412V,1
S137S I442M,1
S206F L353L,1
R39W R649*,1
G492V G1339G G1820R,1
E708D F860F,1
R477H R543W E1433K,1
S22S R211Q S301A P744L,1
W1757C F1567F P1352H,1
W1106* S1008L,1
P611P C160Y,1
R561R A1129T,1
E462* Q935H,1
F1192C N1747S D2438D A2711T R2842C,1
T1597T R1443* A942V,1
V27A A23V,1
K354T C439C,1
R1345* N1138H R1067Q R94H,1
R327Q G365R,1
R1574R R50W,1
S456S S316S,1
P859P P1060P,1
L1948L V682V S372S,1
I323V L15L,1
R135C K469N,1
V129I R326H,1
E396* C289C,1
P2802P V2021V E578K,1
S810L A1428T A1792T I2050V,1
G557* S514Y,1
S116N Y202H,1
A731T D773D,1
G959C R326Q D248N,1
R178M E414K,1
Q315* P916P,1
P2233S D1867N E1855*,1
G236D E166K,1
R578C R55*,1
T448T L490I,1
A143T Y680C R61K,1
A309V L54I,1
F27F L10I,1
D493G S350I,1
S634Y P211L,1
R4C D5N,1
K33N Y352C,1
R484H P455P R231H S26P,1
E184* E82D,1
P231H N432D,1
T168T V160V A89T,1
A1186A A1247V R1825R F2304S E2472K,1
H637N Y1020Y V1459V E1973D,1
Q1484H G589S A366T T143T,1
R784Q R189H,1
A403T P349L,1
C73C Q206H,1
E957D P394S,1
F665Y K349N V177V,1
I1097S R1070* A466V,1
G242G R113H,1
V414M G265G,1
V225I S555P,1
K1245T K1061E E614*,1
V450A D588N E618*,1
G1087G S697N,1
N98S P64P,1
Q203R A406T V1100A,1
R1453C R1182H V1084M H998R,1
V273I E164*,1
D169Y D263N L384L,1
A191V R279H,1
E155D K130T,1
R390W R47H,1
R188Q L285R,1
A414A A306T,1
P1083P E972K,1
Q181Q G89G E46D,1
A1123A R1010C,1
A7060A E5182* A5113A K3246N V2851V N2676D E1618* E2145* S1162Y T863I G408G,1
K576N Q820Q D833D,1
P414P P104L,1
*229* N37S,1
E107K R441Q,1
D596D G698G,1
E225G R64M,1
A2711A E3410D E3795*,1
N500T R429H,1
E3532E D2727Y T2532T T1546T,1
A733T R279H,1
R868Q G333S,1
A95V A489V,1
P1885P K1575Q D967G I526I,1
L893S D949G F1543F A1715V,1
T366A L331I,1
R1101W Q629H R372I,1
S547Y A113A,1
A199V A289V P1432P A1892V,1
V847M F1803F,1
L8P D13D,1
V91M M108T,1
E175K A21A,1
L688F P136T,1
E153Q G159E,1
I204I S250C,1
V593V V2938V,1
S872S L1105L,1
P2233S I2200M,1
P105L E136K,1
D355N D366N E377* E390Q D482H E490Q D502N D507H E513K,1
A1414T N328N,1
A1910S P381P,1
M1596I L229L,1
Q978* K1370*,1
E145* S354F,1
R1823G Q1821L,1
A1009G A1057V,1
R822H Y1112Y,1
G207G R89W,1
Q5140R K1233K,1
T105I E46K,1
G2137G G2093E,1
R626H N4008N,1
A1818V R3395Q,1
G2647S T2469I,1
S684L P582P,1
Y1187Y E1328E,1
S201R L438L,1
L96L S310F,1
D1061D S135A,1
R204Q A5A,1
R2193C Q1624*,1
R255H R347Q,1
R5154W P2568P,1
P521P S543L,1
D121N N493N,1
G1489G C225Y,1
A3510V N1956S S1408F,1
D1931N H261Y,1
Q428K Q1474R,1
Y1581H R585C,1
E11Q E54K,1
N7N L184F I66I D128N S97S H244Y E181D Q37Q,1
A141V S101S,1
A8262A G3943G,1
E1096G T129T,1
E1071E R1051T R1031K R1030R R71L,1
M2459I R4927W,1
V987A Q1881H,1
80_81EG>DC,1
H19R R34W,1
I591I S899C,1
R273C R158S,1
Y236C R213*,1
E180K Q689*,1
P292T V258A,1
Y466S A637A,1
L420L S229L,1
S1134S S949N,1
R299W R758H,1
A739T Q4R,1
R439Q C316R,1
D722D N532Y,1
R222C P596L,1
R1925Q A4471A G4550G,1
G33E S400S,1
R846* R47*,1
G1544R R897G,1
G76R P74P,1
Q3568E Q1610H,1
E380Q E166*,1
S723P S723F,1
L1383L G2481G,1
A488A E2111D,1
P113H Q50R,1
V176A L148R,1
G3266E E1073K,1
G1955E A1244V,1
R205Q G1217*,1
D405D R305I D66N,1
R784Q T769T C670C,1
D428D K388N,1
C678C D269D I244T,1
H546N T744M,1
Y242Y K115N,1
V432A I348I,1
D213N S256N A470T,1
A524V E94K,1
F1070L S948L R428C F426F R383H A126T,1
V32A A213A,1
G249G V304V,1
R759I V137V,1
P502P G618R,1
F1559F L1470R S403P E128K,1
R573H V449A,1
D1018Y V950I D566D V447M,1
Y452Y C530C P740P D903N,1
N107N G90G,1
I347I S650L,1
E911E H1430R K2234T G3689G,1
H557N Y772Y T932T T1079I E1111K,1
C386Y R557W,1
V1673V R1436* F1242F E823* T637M,1
E587E A494V,1
P350L R146C R99*,1
L21L A351T,1
V654M V55M,1
S301P L131L,1
R249H E372E,1
L787I D544Y R514R,1
I337I K311N,1
V419A M278I,1
M344V A139A,1
L324F M277I,1
A895T A933T G1136G,1
R792R P415P D403N T183T,1
K238N G676E T809T D1394D,1
T535M V296I,1
F149F D396N,1
R249M I195M,1
V600E R146W,1
K454R L714L G1402R,1
E865K P4820S,1
226_227VL>VL,1
745_746YG>*C,1
M217T P96Q,1
F385F T341T,1
L833F L861Q,1
E542K C901F,1
D7456H D7417N G7388*,1
Q187R R183Q,1
F284V L299L P308P,1
R202Q A165A,1
Q216H Q214H,1
A2640V T1762T,1
R722C L1921S,1
P402T T748T,1
L560L D436H,1
G392G R147M,1
E317E R823H,1
S1405L A317T,1
I455I E115K,1
E1495D T1248T A287S Q34*,1
A628T A628E,1
A873A P232P A1231D Q1067Q,1
Q622L S585C,1
V109M G306R,1
D2185D L1644L D1698D,1
E585Q N334S,1
E59E Q648Q,1
G33V K163K,1
L459L S487N,1
R836R T629T R521K,1
V3091I N1878K,1
T38I Y313Y,1
K27E E210*,1
K1100T R574C,1
A603T E468K,1
G170G S243L,1
R1384C R1386H R1400R L1922I,1
E600K R532I R371Q,1
S257F R183Q,1
E274K L184I,1
D167N P141P,1
D80N L284L,1
G63* G1310D I1795I,1
E74D T368T R1028I S1971T E2122K V2430L,1
R2951W E2810K R2035H K1782N T1199T,1
A746V R771W,1
M919I R357Q,1
T1404A E862K,1
R728M E611K A6A,1
I340I R851R,1
R749W R91I,1
E126D R203H,1
R100I L461L,1
Q1170H K1151N,1
R269H D464N,1
S476S R554W,1
S1396N V1313A,1
G844D L107L,1
R2544Q E1261* A1066V I858T R293W,1
S2492L G2122* R2061Q R1464Q D1063D D800N A596T D228Y G85R,1
C170C S488Y R720C,1
D1414N G687G,1
A81A A893T R1133Q G1156* I1802I,1
G1056S A1217V G1334G,1
D1197N F1113F,1
T376T P270P T170T,1
R701Q V594A G522E G464E,1
F91F Q560H G859G,1
G2969D V1966I A1281T S1049L A14A,1
E1094* G908G E635* I159I,1
R196* R1387C,1
R171C R506Q,1
R151H A99A G15S,1
A137A R354Q D567Y,1
K805N K293N,1
L808I E731D,1
L143F R38H,1
A1523A D822Y D150D,1
E230K E565G,1
M17I A189T,1
H113N A278T F722L A1186A,1
K71N R922K T940I,1
G25G A1725S G1761V A1981S K2206N S2216F,1
A683T R678H E311D R122Q,1
A31V S447S,1
G343S A624T Y1499Y R1777H R2020H,1
D1558N R1458Q L1237R R565C,1
R641Q R406Q,1
S616S I531I,1
R392* A172V,1
F34L Q441H,1
I2026T E1547G E1446* R1427H K1273K D1222N T899M D547N,1
V590G D378Y Y335Y L250H,1
V452V R311R D55N,1
D1937G R1810R D1608D N1607N L1454M R1296C R385C,1
P413P R262C,1
D24N R78C D131Y D180N,1
I19I I75I,1
L268I S18S,1
S117S S9S,1
R123* E167K,1
I282I T699A,1
P94L A203T R285W,1
S1787F H1668Y L1656F T1576M R371C,1
E436K E213K I143I,1
L889L A330A,1
P100S S143S,1
G579G L607F,1
E76D A172V,1
E206K Q495H,1
Y177Y A192T Y423C W596*,1
G54G E66*,1
E105* E144D,1
D399N L23L,1
A422S T285T,1
S1140L E82A,1
A713T G193D,1
L145I H3H,1
R329Q N256I,1
L981L R814*,1
H1011R D953D N16S,1
K358N R297H,1
E335K R360H P493L,1
A365V I158I A16A,1
R189H R39W,1
E229K G127C,1
K642N V515A G295*,1
R1191C F2088F A2474T C2639C T3765T,1
V492I A76T,1
L27M F198L,1
L7118I G7008G R6793H I5955I M5692T M3211I L4967I Q3132H E2990K T2947I R2163R S2644S S2316S S2152* R1928W E1802* T1341A R1156* Q683H A154A,1
D271Y K47E,1
I184I A298A S331S R485C,1
S81S R92* A127T F161F,1
A750A A671V R324C R254R,1
S1780L L1237I R743C E412* R299*,1
M1138I D1081D,1
T276T P47T,1
A244V A218D,1
V2358I C1672C K1621Q,1
R237* R402C,1
R109* A4D,1
N113S V257I,1
R1936R P1368L S1136Y N1092S S984L,1
T179T T593T,1
G637G R568H,1
F116F T273T,1
F673C R78H,1
Y737Y R579* L339I,1
K388K R467Q S638S,1
P449H Y124* E24D,1
T117T S273S G999G T1363M R1821C,1
G894S F772F E331D R135W,1
S577R I327T Y173H R40H,1
A186T P219L E269D R477H C885C,1
S1476S R1905H,1
L45I A386V,1
D190G R415H,1
G121R F168F L357M,1
P433L D413N Q385H A185A,1
G459S R377Q R136H,1
T326T W260C,1
R87H R608* C993C,1
Y746Y A783V,1
K126E F105F,1
P502P A476A R47H,1
E657D A787T R814H,1
Q108Q R535Q,1
K409N A784T A798V,1
R13C R438H,1
K176K L813I,1
F59V I122I,1
S169P T45T,1
V411I R312H,1
R29Q E492D K638N,1
L1852I S1631L R1627W G1432G L734M I511I,1
E166* E560K I602I,1
G1465D R1453M,1
E239K Y356H,1
R284Q D306N,1
G98* K266T P419P,1
Q3058* A2412V L2250I R2218I G1298E E1024D Q453H,1
E524D D91N,1
L1171F R1089W R1042H G861R R472I K94N,1
S64P Q500H,1
A25T P46S R779*,1
E718* D665Y,1
K149N S369S,1
N149H R369R D483N,1
R467I D806Y,1
R453C D339N,1
E1200K A286A,1
E88D V286V,1
G742R I191I,1
D923N S580P V175V,1
V101A E205*,1
R5282H Q423*,1
R125C P1401P,1
R1378W A4273V,1
A2169T C1534Y A1145D,1
A1763T G2220G,1
N267N R1159M,1
A119T N198K,1
H1021Y K785K T278M,1
R574I L333L,1
G2340G 4367_4368KE>N*,1
T412M A114A H48R,1
A25A Q1309Q,1
P1801Q R2626H,1
A4702T D2407G,1
V368M G1319V,1
W1069* S710S,1
G2025G T1595T,1
E1984K P2422S,1
T1363M P848S,1
D209N E386K,1
P197S C447G,1
V2041M E259K,1
R127C L812L,1
R421H Q406*,1
T353T G245G S934L,1
R4044Q P1488S,1
C1442G S951L,1
L746L F2102F,1
P100S S116F,1
P632S R704R,1
E94K F159F L118F,1
Q530* S90S,1
Q263* M550V,1
A1208A I1059T,1
C270C R1091C,1
A1648T I2329I,1
R2043* G1256V,1
P1321L K1184E,1
70_71QH>HD,1
*534* G294E,1
P187P G1060R,1
G2647G R3397R,1
R438W G2307E,1
E1878E S747S,1
E667K L550L,1
I1106I T1078T,1
N4248I D3014E S3129L E999K G874R E3224K,1
R697S E108K E451K,1
P406L G505D,1
P965S P457P,1
H703N S644S,1
P3367L I2401I D4096N,1
Q223* H144Y,1
S858S F522F,1
I221I R333C,1
P752S P359S,1
L975L P785L,1
V3362V L4205F,1
P9S S1273* S1293F,1
V530E Y519H,1
A554G G602G,1
K6E G20G D24V,1
G58A F82L,1
A333T L289P,1
E712K E600K,1
D297N D281H G255E D252N,1
G414G N469N,1
L212P I205S,1
M872I V873V,1
A784T N990I G1313D,1
Q142Q Q142E,1
G1007R M1043V,1
P120P P55S,1
E605E R1878R,1
T615T Y433*,1
S1368F P1872S E296K,1
T250I G1795E,1
A126S N323T,1
G706G T548I R174H,1
G20R D114Y,1
V461V A353V,1
G7* S299L,1
P177P R561W,1
I1635I A729T,1
E640G L25L,1
V1935L S2169S R3677W,1
R99Q E182D,1
K230T R56C,1
C464C R395H,1
L1087M R344H,1
R367Q S210S,1
G138G L147M N283K,1
R248Q E1182G D1816Y V2525I,1
R625Q E1190K D1277D E1311* T1443M V1550V,1
E329D E711K,1
I122I V228G,1
P586S D385Y R41*,1
G235G K423N,1
L696L R373H,1
F908F V1035M T1151T,1
R754W N446N S362S,1
P871P L595I R404*,1
T227M R76H,1
L42L R249W,1
I1164T T869T R663W,1
R408K S693*,1
Y249H L3L,1
G261* A724T,1
R113Q A399A D765Y R993C,1
E138E R1114* H1329H L2253I L2401P R2525C,1
P172P R32C,1
L796R I1274M,1
E117* S600L S682S,1
R402C D713E R1295H,1
E1771K G316R,1
D402N G440G,1
I716I R499C,1
N3995S K1909T V1781V D1549G I1164I P334S,1
T165I F956L,1
R330H C80F,1
V152V A376T,1
A334T R596C,1
S65L A22T,1
A255T S262L V582V,1
F1559F P1467S H1363H F559F L503F,1
P1012L V935V,1
L138I I448L F1049F,1
E875D E1144K,1
V219V N91H K7N,1
S373Y V314A,1
T486A A459A,1
K1609E T1441T V1211I E890K I883I,1
G1094V G342D R140H,1
C1320C S878L,1
R1655C A1316T,1
F1288F Y792Y,1
M1091T V916V R500C,1
T390T D410N,1
M147T E510K,1
G437E K580N,1
R412C E472K V556I,1
I490I E355K,1
A160T G415G,1
E16* R213W,1
E570K A588V,1
R146Q D476N,1
S1063I P931L K370N,1
R301Q S429F L913L,1
G722R S139I,1
S1042F M971T,1
R812C D679Y P527L,1
H253H I417I,1
F9L E214K,1
A277A I597I,1
F792F A519V,1
A222T R198C R179H,1
T378T E65E,1
C1224C L788L,1
C2378* I1570I A1550T I848S S72S,1
T140T E1060K R1436Q,1
K166T R660C,1
R1122C A1092V,1
R1403C A785V,1
R163Q F185L,1
S801Y R445C,1
I107I S83S,1
D60N A77A,1
C1403C L1660I,1
P112L T8A,1
A33T E440K,1
S421S T648A R1789Q A2579V R2646Q,1
S1503N E1087E D35N T22T,1
G384G L631F,1
T379N S177Y,1
D119N R37Q,1
D166Y P398H,1
G23R I278I S830S A972T,1
R2022H R1669H A885T E618K E467K R244Q,1
L889M R1020Q,1
P371P D627G,1
R524W F580F,1
Y289Y S41F,1
I595I T685N,1
R208C I775I R794C F817F,1
D471Y A648V,1
A414V V263A L121L,1
E434G R709I,1
R1561C R998C,1
R1085I R1992Q,1
G20R V37I,1
F1462L E1139E P620P,1
P832S A681T D537Y Y456H,1
E7K V153V,1
D1210N R323H,1
C28C T251M,1
G340R E212D,1
A1426A R828I D102G,1
R156H L216P E1192D I1402I L2413L R2450*,1
T138M E51*,1
E350K N235T D145Y,1
R2317S S2058L E1368* T447M,1
L1587L V409V,1
V892V R820C A162T,1
R1903C R1886I R1682H R783Q K370K E180K,1
A1079T R669H L424F,1
R1753C A794V K147T R109C,1
A430T R223H,1
R307C L141L,1
E663K A845V,1
I1816I S1376R R670C,1
R1784H L660L R624H R604H,1
R82Q R52*,1
D197Y R381H,1
K180N E236K,1
V99M T450A,1
D547Y H208H,1
R120Q G409R,1
I1912I R1863W R1592W R1176W S578S,1
D1691N R1480Q D1070D S438S,1
T154M I261I,1
E1844* N910N,1
L70L S221Y,1
S296L R288*,1
A110T R132Q,1
I257S S733L,1
F352L E500E,1
P1848P A1463A R1257H P1097P E842E L662L R119Q,1
E115K S343S,1
D80N A98T D163N I273I,1
G2199D S2351I A2527T,1
K483N N1763N,1
Y266Y R239Q A173A,1
R456Q V528I E1158*,1
V1334I R1116Q G593D,1
I2019I R1847Q L1357I S1110N K1029T N957N,1
S33L S71L A845V V1410V,1
R557H V36M,1
A377T Y290Y A114T,1
V714V V524M,1
A337D R361Y D820N A854T V1065V G1231G T1500T,1
R157R P183T,1
K45N K62N,1
E83D R479C,1
R344* I935I,1
L647M C325C,1
V61L K168T K257N,1
I72S F137L D171G A265A,1
S367S S544Y K592N,1
L299I S91Y,1
S8L W85G E116K,1
R443Q D322N,1
S103S R100C,1
S203S R379I,1
L244I I33I,1
A3440V A3337V K2417N S1659Y T1335T,1
E1418K E939* E118D,1
R410Q S1058Y,1
I1108I F109V,1
R585H S552Y R231H,1
T612T R609I Q167H A111A,1
A101V H225H,1
A131A T181T,1
E538K D583Y,1
E56D R580*,1
R113* T168T S339S,1
V174M S226L,1
V742A G486S,1
M286L D418Y,1
A230V K36N,1
Y238Y L565M,1
R430* R1369C,1
R495Q D1210N,1
A93A G525V,1
G286S V528M,1
N1669D R1592M,1
D104N D185N,1
T977A R785Q P343P E220D,1
R159W V433V K1186N,1
G892G E1478E,1
E133K S65Y,1
S1238Y C1109Y R674M S403S R364Q P111L,1
E214K E298K,1
I74I I506I,1
G623G I736I,1
A346A E469K,1
R353Q R226C R139R N98S,1
R948W A300V,1
L1197I R832Q,1
R70C R321I,1
V1124V D950N V785A G343G,1
K37N E458K,1
T815M A1161V I1183I Q2596H E3143D,1
Y5038C Q3889K Y3341H R3218C S3180Y V2910I E2711E E2630* G2283W,1
K304M E362K,1
D308N A424A D444D,1
G953C V658M D613G,1
Q1017H P490P P460L E147D,1
S413I E1495* R1595R R1658Q R1979Q,1
A1140A V1364A,1
V411L Q214R,1
G511G R29*,1
E274D C91*,1
R116H E236K V304V K590N R881I,1
P1420P D705Y,1
I414I D246N,1
F230F L505L,1
K279N R850Q,1
R621H E999A R1077*,1
K386T R264M,1
L385P A630T,1
D17D T48T C242*,1
R3637H F3499F E3135K R2955Q R994Q,1
R4150C Y3734H E1537K,1
S457S V750A,1
T604T R441Q,1
N170S L279I D350N D454Y R818C,1
E631D E492K,1
I377I H358H R214C,1
A378T I80I,1
E2321* E1361D V841I Y270Y,1
F242F A88V,1
V311V R48C,1
G1001D T533T,1
T341M A490T,1
I699I F80L,1
S3513F L3212I H3183H S2842Y K2759N E2295K D787Y K2Q,1
D28E R699Q E705D,1
G262S E303K E509K,1
H197H D43N V41I,1
E235G M377L,1
F780F K683E P107P,1
R323H Q213Q,1
L129L Y236*,1
A424T K55N,1
R22C S45L L64F Y213H,1
L940L I559I G531G,1
R553C R337I R117*,1
A192A D249Y,1
R406C T524T Y577Y,1
G369G L107R,1
R408W V559V,1
A1098A I901I S288S,1
R412Q K109N,1
R91C R409Q,1
R67W A322V,1
D1094N R1455I R1460I,1
A262A F108F,1
S84S S448S,1
R390Q V517I P595P,1
D879N A989S P1400P D1685N R2205W,1
G81* K164N,1
F42C S160S R332C F514L,1
T9P H325Y,1
K296T W150R,1
E286* L307L Y402Y,1
T297M C131C,1
I1268I T567M N408S P405L,1
P254S T104A,1
N217N C378C D714Y,1
A398T R361R,1
R899* I1384T,1
T985T A931V Y608C,1
D24G R145H,1
I282I D36N,1
F123F R43R,1
R159M T552T,1
T1075A R1463*,1
D459N R350H,1
G125D R269Q A286V,1
I94I R186H,1
R438C R95I,1
S477R A30V,1
E289* P130P,1
R424M Y124H D39G,1
E249K R321W P394L,1
R131I T149T,1
L2313L R1301C G1240S D441Y,1
R227C S378S,1
E140K A2V,1
E2488G D2388Y C1485C N341D,1
Y178Y G196G,1
Y1106Y R751C T254M K197E,1
E67K R406* S738T,1
E330K Q52R K44N,1
G472D G137S,1
S445S G158S,1
I160I A189A,1
R167Q E109E,1
R338Q S372L,1
R163Q G193G,1
R204C F170F,1
L833R R30I,1
L211L D889N,1
D334D A67A A64V,1
R120W R149C,1
R483C P196P,1
L398I A230T V50A,1
E312D S912C,1
S367I G401V V514A,1
D181N A401S,1
E185K N504H,1
P231S D334N,1
D494D G314G,1
P614P Q571H,1
C419C T651A E1518*,1
G1173R P1008S,1
G56R T241T R260H R1026C S1479L G1762R R2565H G2760E R4458Q R4528*,1
K174T R250C E396D,1
S361I R635*,1
N1067H A912V S454I E309D,1
A708T E194D,1
S1889Y T1725T,1
E277E D144E,1
F52L E183K R234I,1
I880I T168M,1
R844H R1143W A1416V,1
S1777F L1726L T1125A R514W,1
A1098V R1369C,1
T1542T V2085M,1
R540* Q664*,1
G229D R121C,1
L117I S186Y R418*,1
Q103* D55Y,1
R21M R469Q R1040*,1
D468N R463H,1
V85M T9M,1
R1837H A792T,1
R395* S750A,1
A325T N868H,1
P1130P D230Y,1
L195L M1100V A1433V P2180S,1
S92S C686C,1
T456M R94Q,1
S226S E125K,1
K391T D352N,1
R753Q P432S T278A,1
L33I R102Q,1
R2882W S3059S,1
R843C W986* F1329L V1485V P2505S I2634I,1
T2990A E1131K,1
P1190P P1027P,1
R35C R23C,1
D803N H368R R366Q,1
R288H K102N,1
V430L G376R R137W,1
V198M T590M A787T R79C R1229W,1
L197L D224D T260M,1
R643G R174*,1
G833A D476N,1
R187W I157I G108G,1
A563T V334M L150F,1
A314T I624I L871L,1
I150I R366H,1
R128C E330D,1
S99S E38*,1
D956D D1276G G1789G,1
D267D E664K,1
P415P E1577K,1
R248Q D102N,1
I495I H381H D272D D91G,1
K1112R A964T R628H Q508H,1
E268D G57W,1
A377A R202H C26C,1
E230K G47G,1
S917Y S954Y T2114M,1
R4229W T2203K R1756W,1
R92Q G521R,1
D200N R49M,1
R201Q E111K,1
V41I R191C,1
R328H A510T A775V,1
R177* I254I,1
E41K T621T,1
R12Q G152E D876Y R1617Q,1
S1304S E1695*,1
G134* M415V R526K R1374C,1
L29F V520A,1
K173T E2174K,1
R267K R86H,1
R7368T L1861L,1
L211L D460N,1
I4M E145Q,1
E119K E11K,1
E375E F377L V1149V,1
K399N K400N,1
A1017V A527T,1
V510V E540*,1
S37C S646C,1
E164Q E215Q,1
V1520V S692L,1
E325* Q338H R339K Q374Q,1
S1109* Q185*,1
V1947L G3118R,1
R89Q L1065I V2150V R2335Q,1
V25I G110E Q451Q,1
L963I A1114V,1
D4282H L2241L V1293V,1
K2248N R2343T E2630K,1
I96I R42I,1
R1132Q M617I,1
F42L L60V,1
305_306MA>IS,1
K2100E S1604*,1
E259K L731V,1
I14I V2827V,1
S2191S S1844F,1
A2346V P1334P,1
P442L L660F,1
E2232* R2230T,1
Q895* N328S,1
P284N S291F,1
G192S D258N W291* W295* Q371H E400K,1
E271K L194F,1
L105L R37Q,1
E272Q Q217Q,1
K451N V873V,1
Q340* Y721* S1022L,1
S57Y D111G,1
E3767Q E3360*,1
A1376T S649L I23I,1
A499A G540D Y620Y,1
K532R G1100G,1
R410H E519D,1
E212* E273K G1342* K1584E S1945L,1
R142H E103*,1
R213* R158C,1
L891P R769C,1
D380N D84N,1
F436F L65L,1
A895V F239F R197* F100S,1
E564E G132V,1
L528I L928I,1
L684I F527L,1
I607I F209F,1
E1121K E225*,1
D1098N F113F,1
T487T Q201H,1
S1230L R793C,1
E199K D727N,1
R700W A293T,1
F222L L291M,1
A1643V E1046K R844H,1
E367D L39L,1
D1269N E840*,1
D389N E403K,1
E485* S2176Y T3003T,1
E554* L79I,1
P87P K138T R181I,1
E521K S7S,1
T829N G1155V E2551*,1
R483W R640Q E896*,1
I522I R699I,1
P20L E180K I454I F570F L787L,1
F227F K296N,1
R305* L18I,1
E116* R28Q,1
E1289Q E1127K E1125K,1
S101F H74D,1
I837I S138*,1
E695K K601E,1
E842K L468I T781F,1
F16F D695N,1
S1666F G826G,1
G1058S G1213S E389K,1
S449F P272Q,1
P92P I202I,1
L286R I149I,1
I405I E279K,1
P1652S L1665L P1283S,1
G187R L209L,1
F201F V550V,1
S1157F M1304I L183H,1
G1972E R1963C,1
L742L D165E,1
*385* F125Y,1
E761K W758*,1
E244K E351K,1
G1533E Q650*,1
S800F E314K,1
G160E P2662S P199S S436F,1
R823* Q285Q E146K S324L,1
H544Y S47F,1
S171L K224K L20F,1
E85K Q586*,1
I1240I W1745*,1
I524I R1344L E217K,1
K1784K L1545L,1
S688S G1912E,1
P291L Q1244L,1
L3073L S2373L S229F,1
G94D R146C V96G,1
R611K P1129S,1
S203N E173K,1
P249S G32S,1
S431L A590A,1
E139K G819R,1
S787T T481T,1
E1113K G87G,1
P4A L19L,1
V727A E457K,1
P367S P289L,1
A1316T F497F,1
Q222* R793Q E1382K,1
L265F D173N,1
12_13MD>IN,1
E389V L388L,1
P692S S890F,1
S375S G134K,1
D293N R233C,1
S148F E536*,1
S204F D949N,1
S8S V421V,1
L180L P54S P338S,1
P1385L R924Q,1
F650F F1561F,1
T116T T115T,1
V3720G E146K,1
F2782F *3461*,1
E1839K K1621K,1
I553I P526S,1
P287L G298R,1
S165S S166N,1
P745L G1362E,1
I853I R762R,1
F314L I332I,1
F270C T211I,1
D576N D576E,1
H223H S224L,1
F1782F L3230L,1
V49V A48S D54D,1
A173A A173A,1
V131M V131M,1
Q7239* R31Q,1
E1653K G975E,1
G76R V1416V I392I E410K V995V,1
Q112R E1547K,1
S553S R810Q,1
K331N E394K,1
E346* Q708Q,1
E1284K Q984H,1
V446I E171*,1
E347D D1047Y G1079*,1
S81L E6*,1
K1321T E1395E R1658Q E2017*,1
E1258* R183Q,1
P113P S85S,1
R86C M292I,1
I352I V453V,1
Q159Q E150K,1
S3392N H3004H M2752L S2595Y S2357* S2345Y K1824N E1778* R1666Q S1618I,1
R290W L426I,1
I96I D289N K1563N,1
S625L E260*,1
H81N A381T,1
G176S E226K N498K,1
R334* E737K,1
R129Q T800T D846G E1097*,1
N3684N R3237I F2779L R2413H A2266A D1873Y L152L,1
S139Y R533C,1
A263A R308C,1
R108* Q141*,1
Q124H R201W,1
K45R D88Y,1
E1246K E104K,1
R177C R1477Q S1484L,1
E92K D282Y,1
I44I R174Q,1
I5I I195I,1
K117N E710*,1
E1530K S1440L,1
L1561P S1380L P286R,1
V202F D467N E1118*,1
L218R R443*,1
F2310F R2045Q,1
R224Q E1025D,1
F895F R1274Q,1
R398Q K96N,1
K1207K G399E,1
I112I R440H,1
E1743K R790Q,1
F533F E504A,1
R58H I101I,1
Y52C T2433T,1
V20I I181I,1
K19N N139T,1
S1081I T1367T,1
S353L R246* T44M,1
L341V R496R F636F,1
R538W S457L I172I,1
K1036K F1357F N1609N,1
D131N F47F,1
C1343C E1104*,1
R249Q I87I,1
D1494Y E884* E508K,1
E1116* K972N E299*,1
E1554K E520K E472K,1
E369D F738L,1
E1048K R37I K71E,1
E970K M291I,1
E479D E320K,1
R1070H E458K E319D,1
G1142R I879I,1
I785I I360I,1
D1380N L1307I L1168S K861N V722V,1
R417Q I153I,1
Y1176C F509L,1
D887N E403K,1
V504A A488T,1
P167Q T386T,1
R154C R398*,1
R262C E275K A382T,1
I129I R238W K665N,1
M5V R321I D1288N Q1380Q R1673H F1675L K2223N E2386K,1
F742C A173A,1
G57S S2188F,1
R125Q E608*,1
K4042N I3937I R2521Q S657F E159*,1
S226S R131W,1
S2291Y N523K,1
T498A R333R,1
E61* R78K S135* L369L A441V,1
F57F L106I,1
E133* K38N,1
R692C R1252*,1
E672D R572* D394Y R190Q,1
L9L D1015N,1
F252L D165N,1
A104T E166K,1
K2190T R2958* R3021R,1
F393L F113L,1
T111I S204L S500Y,1
F231F F192F,1
S115Y I69I,1
R828Q E1099*,1
R1351C S1639L S1739Y R1752W,1
T148A Q106Q,1
N139H V148V,1
S152Y E120K,1
R525W G771S,1
K350T S754S,1
L1158I L1846I,1
D223N F357L,1
A823V E1078*,1
R364* L210I,1
Y162Y I242I,1
S1231L S1084Y R549C S86Y,1
G8709E R8293W L7352I A7319T K7311N A6109V E5344* S5128Y L4710I F4663L S4403L Q3360K S2365T A1952V R689W S270Y,1
D111N I669T,1
P64S P72S,1
E125K R3*,1
F321V N265S,1
E48D P52L E99*,1
R236K F21S,1
T225M I253S,1
R45Q F2460F,1
R1694H R725* L313F,1
E85K L103M,1
D374N E345E R293W,1
R130Q Y240* I300I,1
Q461* F688F,1
E413* E545*,1
S1229Y S627F,1
F427L F150F L109L,1
S106F K166N,1
R558M Y1124D,1
I241I Q214K,1
S613N E105D,1
R75Q E700* V753M R806I,1
R2499Q R2207I R1873Q E1726D E506*,1
A181V F456F,1
K760T Q481H,1
P64P R384I L532V L1073R,1
E814* R1266*,1
A390V E477*,1
E964K K291E,1
P312P R700Q,1
G1948E L776L V560V,1
E94* L74I,1
F66L F145F,1
R333C E193*,1
I460I R427Q,1
E268* L270I R641I,1
R365C R847R,1
E56K N75N,1
S22L F983C,1
S421Y Y89D,1
R437Q E266K,1
P1242H V1070V,1
A74A D258Y,1
I784I E1189* K1394Q P1438L T1733T D2002Y I2117V H2849N S3153F D4336Y F4738L K4765T,1
R1019W K1908Q E2296* A2576T D2861N R3051H E3692D,1
N1294S E919K K646K E539* F250L,1
R1012Q R415I D75N R70Q,1
R327Q R555Q,1
Q1115H V2756V E3190K R4873Q F4951F,1
L1617I S1042L L666R,1
G1823G E1340K,1
R62R H65Y,1
I353I E371*,1
M70I R1223Q,1
2134_2135MK>IE,1
G1181D A1020T,1
M1698L R1286H,1
A1099T G974G,1
L640L R856R,1
G122* Y80Y,1
L27R K1167E,1
I207I E585K,1
G396G V104L,1
L663F P666S,1
G447D P1783Q,1
Q128K R196M,1
W1378* E1509K,1
E1586K M365I,1
R26W T592T,1
P607N P635Q G439W,1
R1940Q G313C,1
A343T A612T,1
E447D E835K,1
S3857C L3829L S3640T L3818L,1
W27C W27C,1
R428P R428P,1
R575W H25Y,1
R2031H C55C,1
S1510S L1044P,1
E1491K R1474H,1
R107C V753V,1
R158G R158G,1
K84N K84N,1
G1638A G1638A,1
P1588L P1588L,1
L861L L861L,1
P416S P416S,1
M375I M375I,1
R329H R329H,1
I54I I54I,1
P403K P321N,1
I907I I203I,1
E370K E141D,1
E60* E357D V1906V,1
S587S S240Y,1
M2219I S543Y,1
I1560T R1472*,1
D87G A64V,1
R412W K564Q,1
E1767* E1374K,1
G164E S39L,1
E54K I1716M,1
E7* R173C F341V,1
V3883V T785I,1
E958* V165A,1
K694N I360I,1
E613K R290C,1
R857C R367R,1
D347G L243I,1
C1140C S298Y,1
S1425S F101L,1
G106G E290K,1
E620K R138M,1
P320L R525R,1
F1447F L2916P,1
K29N D217D,1
R116R G621*,1
I152I Q154*,1
M200I E205K,1
V230V V232V I233I,1
D719Y Q640K,1
E654* D1445N S1635L,1
L209* F163L,1
I1887I D1251N,1
E7646K L7352I S5133L,1
K356N D285Y,1
Q1261H L408M,1
P658S N221T,1
S1463Y S1117Y,1
F41F A144V,1
R252H R252H,1
D1505H D1284Y E1047Q,1
G1418A H245Y,1
A764D S721C I649I,1
P1029A P1029A,1
P458T P458T,1
R4984G L4641H H1363N,1
G2249W Q1584H,1
D92H R130Q,1
C5035F Q2166*,1
E796Q L868L L875L,1
E1013* E1003K R858T D750H,1
A176P A176P,1
L707V P712R,1
P436I E456K,1
H132D L125V,1
L1223V P547S,1
I1235M I1235M,1
Q138E Q138E,1
R678Q L755R,1
S112Y S112Y,1
L2926* L2926*,1
T257S Y195C,1
L569V L569V,1
G563V G563V,1
I865M I865M,1
F104C F104C,1
E984Q E984Q A544D A544D,1
L520L L520L,1
I93I I93I,1
I674I I674I,1
E269D E269D,1
E2750K E2750K,1
L221V L221V,1
G181R G181R,1
A1106A A1106A,1
V1747F V1747F,1
P394R P394R,1
L240V L240V,1
Y158N Y158N,1
E62* P130P,1
R3286K T2067T K1457K,1
Q180* I186M,1
R1140Q I828T,1
P645P R487H,1
R1037H G662G,1
G2235G D51N,1
I171T S852I,1
V104M P306H,1
R7L Y14C,1
C48C E173D,1
P46H P242P,1
E933D L440L,1
T272M G388G,1
K390T V328V,1
A1226A C1466C,1
P73P A928T,1
A279A N259S,1
R1113C K250N,1
L246V S169Y,1
S36S V791A,1
E1337K E998E R393Y,1
G894A R1434S,1
R3350W R4041Q,1
E124K F198F,1
G1003E P1266S,1
T1344T K271N,1
E2153E T2313T,1
C143C P314P,1
T143T Q73Q,1
R642* P305H,1
R728W N207N,1
H1170N G56G,1
L1791P R1509W,1
F161L T938T,1
R814* W224C,1
T2799I Q972Q V749G,1
A243T Y150H,1
H343H L558S,1
R130C E598K,1
L669L Q1855Q,1
E5508A G2392G I2115L E1836K R1726I R2308Q L76I,1
S1408Y R135*,1
H167Y P417S,1
R461* M587I,1
L963L R173Q,1
T753S Y237Y,1
L306L T142T,1
R31C I239I,1
S11F E280K,1
G82E V253V,1
E440K G436A,1
P505L P868A,1
Q1128* P1341L,1
I821I T638T,1
P351L L365F,1
R270R G390E L39L,1
I172I S129F,1
T318T G261G,1
M938I G106R,1
L343L G262R,1
E240K S24L,1
L222L G225E,1
S2599F R1241*,1
P506L F1823C,1
E1164K D1100N,1
P1136S E1595K G5103*,1
S404S M173I,1
E189K F709F,1
P541L G1121E,1
E1334K S171L,1
R24Q I1150I E1825K E436K G1624E P228L,1
E148K K413K,1
E987E I306I E1174E,1
R1902R G1524E E1628K,1
S1092F E893E,1
H90Y F402S,1
G174E C563C,1
L1113F R45K,1
F2555F G1772R,1
P565P R528C,1
E297K E239E,1
R2556I R2553Q,1
L1233L F3026F,1
V1495M W651*,1
R1451K E1630K,1
E119K R678R,1
G1040E P504S,1
P363L E880K,1
Q531Q W2107*,1
E744K G102G,1
P27S P151F,1
F834F F155I,1
E411G S1184L,1
K8515K E1861V,1
T111A E625K,1
E569K T540I W173*,1
I669I S581F,1
T353T R153R P1255S,1
F2579F T2321T S1602F,1
L432L F391L,1
R943W L2035F G1573R F1890C,1
I22I S114S,1
L103L R6*,1
A234A L230L W496*,1
E643K E165K F1123F M665I S596F,1
A484V M40R,1
S1508L T872I,1
T342P L739F,1
R123C D567N,1
V517V A688V,1
P783S D610N,1
T512P G197E,1
G1415D D695N,1
S290S S290P,1
G513R E83K,1
P80L P1874S,1
G864V S1199S,1
E133K Q79Q,1
W317* V258V,1
S487F G1171E,1
R153R E58K,1
W269* A41A,1
T381I I376I,1
E1587K A747T,1
F900F M612I,1
R271K N272K,1
P876S I204I,1
P260S E471K,1
S2256F L5032F,1
P421L F1203F H1025Y,1
A252V A252V,1
E1495E V3931E Q744Q D2746N E1595K P1745P,1
C420R C420R,1
I216F I216F,1
L241V L241V,1
R666Q R666Q,1
E342* E342*,1
T539I T539I,1
N58N N58N,1
R237Q R1093R,1
L195F E1095K,1
S29S E284K,1
I342M I342M,1
L196* E647*,1
L353V S214F,1
R234I E2064E Q2164Q,1
F1638F E607D,1
K314N K340N,1
L842L A683A,1
H193P H179Y,1
L529L L529L,1
I271I E300K,1
R708P R708P,1
L477L L477L,1
H207Q H207Q,1
A441V A441V,1
D1782Y E1283E,1
Q67L Q68L,1
L191L S1605F,1
A635D A635D,1
D107G D107G,1
H616Y H616Y,1
R230K L47L,1
L90L G343S,1
S65F P414A,1
R1979K S2716S,1
P7380S G124E E465K R4518C,1
E646E A970T E30K Q2107*,1
R76C L247F L232L,1
A173V Q190P,1
C1310G V1024V F182F,1
M387I M387I,1
P361S P634S,1
L3488L E3216K,1
E1924K F1782F,1
L420L F435F,1
K682R S2242C,1
R1420R Q740Q G203R,1
P686S T451T,1
Q555* P638S,1
P731S K601E,1
P4910F P2310L,1
E721E E932K,1
V485V E128Q,1
S333F D4800N L4925V,1
R3451K D2646N,1
L3581L S182F,1
H230D G57A,1
A368P R344Q,1
K41N D32Y,1
E672Q G507E,1
K98K M97I,1
E1506Q E1420Q,1
E1265Q S1389F,1
Q156* S1647*,1
E246K E251*,1
L675L A888T,1
H1976N R113* S104S,1
D2167Y T323T,1
S2215Y S1592Y K384N,1
C160C Y269C,1
A921V K560N,1
M148T A488V I723I,1
A769A A1102V,1
R706* R884C R1069I,1
I1110I P1179S,1
E336D A682T R1180I,1
A1846A P1257L L957I D506G R233H,1
H568N T1096S T1174A,1
V181I I463L,1
R418* A640A R844Q,1
A385A P395P,1
R68W G360G I401I,1
R962S R476C V451V,1
R11K Y68C P246P E299*,1
F1145F G980C R602*,1
S389S L145L,1
A305T K429N,1
F2382L S2286Y,1
K794K A204T,1
A87A A199A R419S,1
V203G R1013W S1079S T1399A S1629Y R1919W A2354A W2741* R2931C R3454C A4247V E4431D,1
E1939D S1368S I1038I E475* E203*,1
Y194* A144V,1
S445L P694L T706T Q989H,1
R988R R879H S656S,1
G187R I163M,1
S1535F K719T,1
A989T I973I,1
T96T K341M,1
L193L R155M,1
P2260S K1887Q,1
S281S R577* A985V,1
V85I Q565Q M2011V E3508A A3661T D4148Y K4606E T4845T D5058G,1
I42I P1023S F1029F,1
N29H R216* R462*,1
I1701T C1576C,1
V418M A458V,1
D179N R286R,1
A221T S139N,1
N130S S45L,1
V716A A655S T39T,1
G511G E112K,1
S454S S279L,1
R202C T272I,1
S389S S2L,1
G2294E D1873Y E769D,1
T800T K1039K,1
D378N E781K,1
R1867H R1932K,1
S4321F A4147T A3221P S3036S R3007C,1
P601H G649G,1
E791* R623H,1
S1009N T949A P654Q,1
G138D S152L,1
I88I A204S,1
Q387K R161Q,1
R1605H E305A,1
R469Q K605T,1
G617E S628N P724P H931H,1
E313* T19T,1
A793A N308S,1
V2854I K1894N T1568T E1050E E343D,1
T53T K268K,1
D130N F702C,1
K481K P619Q,1
L281M L64S,1
R464W T250T G99C,1
V1186M T364T,1
A642V A1080T,1
Y521C G375* D190A,1
D162D E185*,1
C120C M989L,1
G64R S428S,1
R496C S326F,1
R334R R426C,1
C2238C R1879C V1555V R1364C G904G V411L,1
G690G I533I,1
L191L V196V,1
A88T K74N,1
E599E E505E V14I,1
P194S I320V,1
Y1951C A114A,1
E635E N648S,1
L232I E921D,1
R412* A105T,1
R726W R277C,1
I1671I G914E,1
T780T G694G,1
R1361H D1582N P1944S,1
R107C G1332C T1400I,1
P41P E137K,1
T1832I D1281G I1268M S924Y,1
R93Q P191H T1086A,1
A24T G122D,1
R496Q G346G,1
L254L L571L K695N,1
A22T P635P,1
S676S A325T,1
P1329P S1098N E904D,1
E1372G Q932* L926L E197E,1
A97A F540L,1
E368D I114I,1
D317N L367L V1104M,1
S473L C474C,1
T294T E327K,1
R695W V597I,1
R672Q D641N,1
R339C R229C G111G D46D,1
S96P R113H T161I A220T,1
T72A R496*,1
S162S R23C,1
A1072V V620A,1
A50V R409I,1
R400R R1507Q,1
C363R C410Y,1
A955A S679S,1
E131D R374R,1
G5215G S4960P N4607N L4485L D4330G V2849V I1500M R1039S A246A I245I,1
R31Q D78D G95V R711H V997A,1
E388K L210S,1
L91L R30Q,1
P1011S H27H,1
S811P S1105P,1
K229R R281Q,1
L689L A688G G171E,1
G33D R129H,1
D809D G92S,1
T257M A566V,1
L398F M309T,1
E246E R1810Q,1
P464H T458I,1
S114P R671C,1
G562G T189I,1
R312* Y429Y,1
G137S R334W,1
T1413I S1585S,1
R1020K D1354N,1
R433Q H214H,1
S352S D206G,1
R708C S557S,1
Y289Y A267V,1
N608N S501S,1
A481S V230A,1
T157T V139V R5Q,1
E40G V343I,1
P408H S76L,1
R380* P126S,1
K490N L199M,1
R75C S100N,1
Y2179Y E2042D V837F,1
D186Y L270I,1
E179* S159F,1
V44V R91W,1
A104A A208A L394L,1
M2194I F280L,1
E713K E966*,1
A1177T Y474Y,1
D141N D402D,1
K409Q E630E,1
E230* R147C,1
W659L S1246N,1
R358Q Q262*,1
T5466T H4448R Q3726* G1622G,1
S732L R451C,1
D429N R654K L869P,1
A204D Q721Q D1135Y,1
T559T T564M,1
E544K R973I E1385G,1
L1451L S1151S,1
S1959I G435* N331T,1
P529P A1352V G1565G,1
G828E R535Q,1
D659Y A1061V E436K,1
G545C S380S,1
D319G W737L,1
Y999H E668* R128H,1
F48C T760I,1
P783P E529K,1
E509* C1469Y T1735A,1
A201A D34N,1
T135T T264I G825*,1
E62E D66Y,1
R139H R58I,1
R1747H R1600C A1059T Q289H,1
C413F L632L F1142F,1
P424H T176T,1
A276V R113C,1
S1149S D3045D D3678E C3798C A3933V,1
Q351* D226Y,1
V153G G641* C992C A1540V,1
T227T E168D,1
E587E Y1141C,1
E240A V506M,1
Q7Q R315H,1
T1272A E1227K P1080T D945D Q737* L663L,1
L841F A773T L693M R558H,1
E338E T1207M A1349T,1
S2130L I2026I D963Y K144K,1
T86M R678H,1
R1084* F617L,1
D79N A561T,1
C313R A36A,1
N216D E592*,1
G252V E410K,1
R518W P183P,1
T804T S852P,1
S75R E242K,1
A70V A391V,1
G860G P35L,1
S4287Y P4076H L3733I R3178W K2043N V131M,1
R245Q K721N D743N,1
A232A P611H R680C,1
D463Y D443G R344* R163C,1
R33Q A374V K553Q R828H,1
A110T V90I,1
F496C G14E,1
G262G H179N R111Q,1
I65V V79M,1
R119W G7G,1
V257V K261K,1
R91H H1029H,1
L90M I274M,1
Q40Q S158Y G739E E945D,1
M97I P439P,1
R597H T890T A987T,1
R1255I G868E Q290Q,1
I119I A170V,1
D296N W60* R35H,1
Q423Q R499C,1
Y869C D1194D P1257H,1
S850S L75L,1
R310W A252T,1
V253I F142F,1
H69N L243I,1
G94A I127I,1
G251R E398D L612H,1
V1269M E1105G N466N F281F,1
V502M R1426R,1
Q601H Q598H,1
N3429D H3122H S2905P E2013* S1361S G205*,1
S94L P120P H371R N633S A831V,1
L1082L F1053F,1
S295N R398*,1
A198V G89E G22W,1
P173S R235H,1
I81I E233K,1
T544T C786Y,1
T47S A1015V T1508T,1
N674N E2535K D2800N,1
A359D S385F,1
V612A R503C,1
E294D R312C E338D,1
G551V R976C,1
V138L I54V,1
R468W R633Q,1
T458T Y570H D671N V798A,1
T1975T E942A P749L V629M R107W,1
G253G L42L,1
N851S S632S,1
G38* R211S,1
R257Q D168Y,1
V83I R223W,1
K723Q N765D,1
S454I Y410Y F363I,1
K48N Y201C,1
D56Y S764F,1
V151I L253L S268F,1
N107N K243E A381A,1
S457Y L226F,1
S1078Y R448Q,1
R110K R242Q,1
R318C R884H,1
A76T R1252S,1
E1151K Q532Q L88L,1
H482Y L187P,1
S192F C315C,1
V1520V T1390A L328L,1
P236P S955S H2270P,1
V361V S103N,1
P546S G455R,1
L165L P552L,1
H981R T979A A771A,1
R246Q V306A,1
R146Q D315N,1
R859* E838K,1
P409S L56L,1
A341T R39Q,1
R667Q L486L K270N K93N,1
R674C P936P,1
R27* N53S,1
R169Q R907R,1
P306P L246I L71L,1
A466D R597* R640R,1
R424Q E109K,1
G433R R79W,1
V663A G1229G,1
D271N F1159F,1
K3030K S1750R E1324* P155H,1
P122P I795M,1
E31E A42T R1048Q,1
K1263K F511L Y309Y,1
V1663M E1624K A1012T D547A R55H,1
R1644* D1193N T1017S R723*,1
V640V Q1104H G1956G,1
P2489P R2814Q,1
P713S S395Y R284I P135L,1
R1588H E507K R23W,1
K1225N P569S S181S,1
R1181C E952K,1
I377I S162Y,1
T1546T E934D L891L E415*,1
R2687R P2661H A1930T F1581C,1
R360C S488S,1
A2056V R1709H A1430V A480T L88L,1
G6W R349C,1
A332T R135Q S64S,1
T499M G401R P55P,1
S296L I358I,1
R138R Q1022H,1
A102D A147A,1
R281L R636C,1
E51* F442F,1
I44I D25G,1
A751T F864F,1
D382Y E115*,1
R158W L782I,1
F1342L R970W R578C,1
S261S Q497H,1
E837E E248K,1
E125D E39K,1
K74T A156A,1
L2241L R4123* F4412L,1
L27M V597L,1
R7343* E6192K A5608V E4608* L4380I S4179Y T3984T R1078W R114I,1
S388L S317S,1
R183L K122T,1
F609L E271K,1
E534* S607G E669*,1
G182G T224T,1
S506Y K317K R280Q,1
G1966V R1929R R1753* A999V H950H L643I F422F,1
R95Q R234Q E528*,1
V50M E335D E396*,1
E152D F468F,1
R342Q I177I V14V,1
L262P K6N,1
D53N R424Q,1
S360S R498Q,1
K1586N A2041T I2705I,1
H865Y I632I A249A F34L,1
F824F E798K,1
E836D G774W S746Y S299N,1
R380C R252*,1
R24I V269V,1
S2373Y L585I,1
E338D R1085C,1
H561R R689K,1
K760Q S312Y,1
S1869L S1687S R1325* F1147C,1
E496K E158*,1
G126R R94*,1
D130N F66F,1
E3149K E1606* P618S,1
R1391H K1261N,1
G541V C1317C,1
K2532N N2338T A2097T S1049L,1
F1617F Q1562H P707T P576S L153L,1
R180Q I282I,1
D47N N188T E340D,1
R429H F123F,1
E422* R224H,1
R393H R892I,1
A909S I915I,1
R1363* A1280T Q880H,1
I1782I K308Q N135N,1
E445K D343N,1
I1724I E225D,1
D375E V77V,1
L63L R781Q E1022*,1
K752N P672P D308G,1
E717D F1293F,1
V1235F E2984* R2870* F2784L E2686* I1323I E1205* S765Y R472R,1
R1501H K1091N A701T R530Q,1
R511S E224*,1
R1155* S414Y,1
R922H E250K,1
E1002K R947*,1
W90* V115I,1
S245Y S381Y,1
S210I R209W R169Q,1
T88I G165D,1
T505S I93I,1
G310G V14M,1
L186R S615Y,1
I357I K508N,1
E194* L75L,1
C109C M185I,1
N557N R199Q R120C,1
R189* F321Y,1
D488Y N314K,1
K716N L447M R311C,1
E1039K S1015S,1
D871Y R82*,1
V574V E498D,1
E44* F471F,1
R706W R1150C,1
S1483Y S1867Y,1
R3037C S407F V116V,1
K441N D219Y,1
E106K K303T,1
E661K I719I R722Q L1608I I2133I,1
G3015D R2692W E1682K P1093L D12Y,1
I269V R114H,1
R60C E76*,1
F49F I120I L249I,1
D482N G79E,1
G623R E818K,1
N1064T F453F,1
S739S E348*,1
E494E E395D,1
D1078N R842Q,1
E483* N566H K871N,1
T80T N326T R355C,1
R52Q E469* L957F,1
R819C E295*,1
A3179A E3075E E1522* E1117E,1
A326A R205H,1
L184I R255Q,1
R33I L48I Q501H,1
V595M R297H,1
R753* E61K,1
F172F E209K,1
E78* S747Y E862K Y985C E1407K R2077C,1
P718S A612V,1
S749S I1455I R1589*,1
S69L A484V P746P,1
V264F A55T,1
K47R E563* A1215V,1
E132E I278I Q717H,1
A772A S1271P,1
A632A R575Q E472D,1
A112S M602V,1
R121K I729V,1
F159F Q50R,1
D680N V262V D261V,1
N154H V160V,1
S248Y A92D,1
A120A F170F,1
E203K E443E,1
R261W Y684Y,1
R424Q F364F V129I G87G,1
F137V R381C,1
R18Q P332P K547N,1
S151L E330D,1
G300D E1017K,1
E1052K S394L,1
R308Q R167Q P136P,1
N62H F598F E778K,1
R416C I216I,1
R150L L294F,1
A1295V I643I,1
D505Y L1218L R1571H,1
R1082Q S1529L,1
E490D R1051Q,1
G177E F103L,1
H788R P538P,1
F495F K477T D402E,1
D449N F308F,1
E274* D319N L579I E1012*,1
S852Y I288I,1
A1175T Q825R R683H,1
F370C A988A,1
L610L F283L,1
F774F L607P,1
E95E L116I A260A,1
L989I I565I,1
S4084P K3837N R3365W G1904E D1753Y A1545V I1530I,1
V198M F55F,1
K119R D137N L289F,1
F445C K247T E163K A150A,1
E91* E86G,1
T2098A I2090V,1
G1452R V3130I,1
D1698D P284P D2185D N755N,1
C852W L807L S628T H417H,1
F376C L377I,1
R3591C Q482Q R2613W C2591C,1
W171* Y31D,1
L180V G134D,1
S904S G691S,1
L52V L62R,1
V4830I V5039V N1273N,1
N785S T1764S,1
S1218S E141K,1
D77D T30I,1
H653Q A7G,1
T111T N173K,1
E485K L383L,1
G105A P91R L135M A71G,1
D1106H L1097L,1
F782F F2662F,1
E1564* P1243P,1
R1476Q E1298*,1
E1228* L1070L R723I R24C,1
R998C F391F R43R,1
F1897F E1289K,1
I1662I D1411Y,1
K271N N159Y,1
D834N I1290I,1
F195S S269R,1
Q806Q E1500K,1
I728I W398*,1
L149F I150M,1
Q641R L76V,1
D969V Q501Q,1
S93S A101A,1
D1730E T1320T,1
L1227* F1226Y,1
K926M P927S,1
L329L L230I S214F,1
E415K R18Q,1
V812F G410V,1
G746W D963H,1
L112L R445S,1
C1441C M1234I,1
P117H L432L,1
F551V E1507K V2150V K2280T,1
S110L Y436H,1
V193A R528H R545H,1
Q1620K L2652L S2997C,1
E375K A21T,1
A67V L33P,1
E551* Y125Y,1
R87* E117K C172R,1
N128T R217C,1
R993R K731K L629I,1
A125A I381S R3187Q,1
A143E E664*,1
Y307* Y307*,1
S6639F N4127Y,1
A714P R1004L,1
Q37H Q99K,1
H340Q N355K K686N,1
G547R S254F,1
D423N R994Q,1
R256Q H366Y,1
E2242G S768S P491T,1
R7295G G408E,1
W844L C233S,1
K1934E K1934E,1
Q1303* E1379*,1
D1408D D1408D,1
N3940Y N3940Y,1
P18Q P18Q,1
A322A A322A,1
T233M T233M,1
D148H D148H,1
L1552M T1406T,1
N494H E273* T101A,1
L771R S300Y R47*,1
D27N R169C,1
D1263Y S860F,1
E1138K F1037F L981I F821F,1
S93Y F87L,1
D56N K91N K414N,1
G320V M346I K483T,1
H1350N E1441*,1
E171K D253N F282F,1
T700M L1203L,1
C510Y Y286*,1
D771N F219F,1
R566Q T37M,1
P212S K902R,1
F631F L428L,1
D2136N S2046Y E687E,1
P367H E691* Q816K E982K,1
K824N H447H D269Y L29L,1
E278K D311G,1
R151Q I104I,1
L367V R934W I1133M,1
F202S P291P G512R,1
Q693K E897K R1086C T1134M E2071E,1
R958* L75I,1
E45K E1931D,1
E2267* L2104V R1930C T1356M T1312A D954N E170*,1
T212T E237*,1
Q1217H E305D,1
E492K D421G,1
R69I E423K L713L,1
S1468L S465L,1
L362S F128C,1
V932V R468Q D452N,1
R52I T444P,1
A279V E183D,1
L65L E331E,1
R439H I1433I,1
T589T F1407F Q1873H G2261G,1
E598* E690K,1
L369F F645F E726*,1
I1003I T672I,1
C902C E411K,1
V487V S434Y,1
E613K K666R A692T,1
I5051I I4965I I4385I I2574I G1233*,1
S250S A16T,1
S966L L933F D427N,1
F492F I370T,1
V595V R1008W,1
G293D G413*,1
R244Q G141S,1
C723C T520A,1
S441S K27T,1
N234T K113R,1
E84* R50R,1
W2251G L1705I R980Q R532C,1
R425C F596L,1
R1387C L928M R535C,1
I102S E205*,1
Q1215Q P1490S L2160L,1
E362K E348*,1
A704D R120W,1
F820C R792Q S740Y F679F R604* R380C,1
S56F Q93Q V301A L374L,1
D81Y E380* E454* S1089L,1
V1005A R1216I,1
K52N R113Q E316* R563Q,1
V413V R1122* E1453*,1
E525E R334H,1
K1681T R1272Q R782H,1
D358D I425I,1
F764L R488C E145K,1
V1077D S1298Y R2204* S2464Y,1
I1022I R876* R311K,1
E14* S514Y,1
I291I L114I,1
I1550I R1319W F1242F I397I,1
K1492K K1461K,1
E2008K A1005A P103P L97V I79I,1
R494H L243R,1
S101N A282T,1
Q755H T87T,1
R144* G528G,1
P39H I164V S208Y,1
V667A A714T,1
T534M G557G,1
S1046R R147H,1
P371H R159H,1
S103P R244C,1
R126R P92P,1
P1179T A1346V,1
I83V P555P,1
R477R K38E I18V,1
S445S D1122D,1
D760N L296I S50N,1
S675N T720A,1
G623G R274C K49K,1
C511Y A213A M115L R79W,1
S3094Y C3082* A2455T A1901T T1647T,1
P2094L R1682C G1246D R625H,1
R308* T231I,1
V232I D221V,1
L248L A71S,1
G558D V793D,1
R183H A108V,1
I182I G698D R879H E1191D S1581F,1
L265I I464I,1
V148M V441I Y827*,1
A185T R346W,1
Q1196H L1044M E569D,1
A240T G519G,1
S683A G539C,1
S2260I L4001P R4143C R4400C,1
D6847G R5875C Q1496H S13Y T161T,1
A596V S526L,1
E371D Q156Q,1
A358V T161A,1
N180N V79I,1
G99* A395T,1
G197C R290I S388S L462M,1
A86V R268C,1
T611T L1014I R1400C R2153W,1
A1826T R1403H,1
Q1852H T878T R642Q S112N,1
R444H S675S,1
G361D P282H,1
P406P P319H,1
P571L E140E,1
S1641G V1182V Y1103Y,1
S269G R405H Q1107* L1977L T2668I R2898*,1
T241T N735T,1
R231* A523V,1
A1770V Q1082H R994H L479P,1
V150V V349I,1
V244V A151V,1
R318Q S350S,1
T40T G26D,1
C424C L143L,1
S1263I T477M,1
A128V E450*,1
V835I R1387C S1571S,1
G427C L17M,1
R2504C G2487G G2245G,1
S1809S G1673G G313R G121* V102G E60E,1
A592V R356*,1
A173T P1551T P1577P Y1668Y,1
E376D G954* L1261L L1356L V1375I,1
R3035* V2608F T1986T M1490I A288T,1
A1351T L1172L V385M E178D,1
G173C A149V,1
S222N V114A,1
P78S A492T,1
A707T Q379H A124T,1
T512T G459R E324D,1
G1881G A823D,1
A547S A574V,1
A351T V592M R1215*,1
S748I A102D,1
R96* A198D Q362* L410I P644S,1
P377P D221D,1
S278R V116I,1
V176A K521N D877N S1054S,1
P268L G99V,1
P17S T58T,1
D268G G904G,1
E207G E492D,1
I238V T750I,1
R125C C80Y,1
V1269M H659Q,1
M102I S818G,1
S290N R144H,1
G416G E776E R1669H E2418G,1
L86L R1158*,1
A655A E730*,1
V256V D442N,1
R159H D83V,1
T4303I P3981H G3416G A2174T A2025T D1773Y P695H L556I L93F,1
G504S A467T Q148*,1
E349D A446T L1081M,1
H337Y V168I,1
D878N V1254A,1
R958C R367H V331V R172Q,1
V1254M H1048H,1
D1457G R1856H,1
C5227* A1718A,1
E358K M135I,1
V470M G555G,1
G120D R328I Q957H,1
T946M A1098A R1205C,1
C502C K90N,1
R260W A221T,1
G102C R410C A477V P587T C1192C V1195I,1
P688S S433S A260T,1
G276G V911A,1
K547K K254K,1
L2667V A2112V R1055M G875V,1
A67A A440A L472M R546W,1
A239V A13T,1
D107D R47S,1
D1537E I1186V K565T Q534* P411L,1
C2276C G2239V R290C,1
V842I L815M,1
P374P T340S,1
R365C R192C,1
S235S L323M,1
K214K R272H R492C,1
P191L L258I,1
P64P D172D,1
E85K D226D A371T V564A,1
A37T A15A,1
K2184R A877V,1
S60R R154H,1
V418M P247T,1
A2398T T1784A G1389* G990V S918S,1
D249D T48I,1
R275H A545T S790S,1
L2072F L874I A663S P165S,1
Q613H A826V L1328R,1
G82R I32I,1
R114Q L71M,1
R124C V222M,1
G87E R407Q,1
M167I A96V,1
R630* R279C,1
R308R T323T A1039D,1
P285T C572C P1171L,1
L352I K192N,1
R337H R151R,1
F362I V235I,1
L163L E233A Q471*,1
A5V V251M R325H,1
D613N A659V R735W,1
R120Q K315N,1
G184S A89S,1
G59G L245L,1
C359Y A170S,1
R520H A180T,1
R404R R45*,1
S94N P233S,1
T1103M A1306D S1893G,1
L690L L423L,1
S66C L90L L120L,1
P64S D47N,1
R2895W Y805*,1
V378V G523R,1
E36K R39R,1
G107R D135H,1
D1939H G297G,1
F286L T144I,1
F964F K1135N,1
E556K E183Q,1
Q101E R210Q,1
L50L E8K,1
A534S D629V,1
A1043S V1570V,1
Q388K F3170L,1
P269L E313K,1
F505L G29R R26I,1
R26C E10K,1
L698Q A39T,1
S69C L11L,1
E145K L139L,1
Q330E S8*,1
L356F Q616*,1
L132V L90L,1
S4365F E2458K,1
L465M D354N,1
G1024E S1076C,1
L144L D84N,1
F235F F228L,1
E793K D387N E351K L137L,1
P691T L270L,1
Q69* D269H,1
E2259K L734L,1
L184V F178L S104*,1
E484K E485K E485E,1
R46Q I150I,1
V159V R95T,1
S1135L L1143L,1
R1961H A1142A V990V A382V,1
Q1125H A945V V692I E15K,1
P79P R655H,1
Q924* R2977W,1
V244V H794R,1
I2334T P1656S R1224R,1
N1245N L1291I,1
Y474Y S775P,1
R26Q Q129Q,1
R108K A289V E709K K714N,1
E298D K91N,1
L224L S476S,1
D262Y D1114H,1
E1897D D433G,1
G143E L95M,1
I33T E39*,1
G464S L174L,1
E287E E285K,1
V402M A2344D,1
S672N A71T,1
53_54QS>HC,1
V3552M S3259S,1
L3268L D2581H L2377L D2027N,1
K778N E772K,1
E1700K E136Q,1
L389L L179L,1
G756G I65I,1
R199R R306C,1
T142M T201T,1
V3570A P3538P,1
G646D C1506C,1
S841S T300T,1
G4261D G1141S,1
I136I S315S,1
R200H P139S,1
T187T N171N,1
V217M A297T,1
G1247C S1966S,1
Q375* E271K,1
E201K E463K,1
Q769* Q207Q,1
L1520M R1009I R704*,1
R509H V535M,1
A382T E393D,1
A4T A214V R232* R786C Q1935Q,1
K383R A210A,1
I6T R258H R488*,1
A261A K176N,1
Q69* A765D,1
A1514T D2440V,1
A760T W370*,1
N577S S525I,1
S494S A557V,1
V750I P600Q A223A,1
R117H V1087V C1677C A2478D,1
P5058L P4194S M2243V L1139H T127M,1
R773H T303T,1
D300V E822E,1
T714A W150*,1
R196R A270T P553H S569F A1270D,1
R752H F576F,1
A294T R284H,1
S1555Y N1229N A1024T,1
T1067A V1078I T2880I,1
L574I L49M,1
S428T C194* L64I,1
V473M R628H,1
S139I K17N,1
A19V S346I,1
A1822T S706N,1
R271H R308C,1
P80H E436* L1181I S1390Y,1
T388T L444M,1
I485I S1025S L1030M,1
L211F R376* E529*,1
L349I W56L,1
A1187T A923V H571Y,1
G31G H358Y D705Y,1
D877D A297T,1
R392C A122A,1
G141G R413W D445N,1
R1164C P399S,1
S108F F385F,1
I2438I G4181R,1
E11K E39D,1
F204L L17L,1
D112H R82Q W76*,1
Q21Q R22K,1
H2125N D2123N,1
A671T A505T V325M,1
D339D C273Y S151S,1
R208R E78*,1
R273C R273C,1
G1837R G1837R,1
L102L L102L,1
H133L H133L,1
K464K M691L,1
V633V H576Y,1
C62C C62L,1
P102L I101I,1
T1089T G2D,1
I1272I S1132N,1
L24M L448L C550Y,1
D185G G50C,1
F176F Y429Y P566S M604I A732T,1
R493* C41C,1
A172T C12C,1
N83T A593T,1
K697N A339V,1
T146I I54T,1
V262I R272C,1
S1703S T742T R277H,1
T117T I502I S1024N,1
K302N G115D,1
V587A R43C,1
A852A A54S,1
G870C I1480I,1
A292T R326W G612D R1577*,1
A1883T G996E I130I,1
Y32C D482D A619V,1
L1994M R363S,1
S573C E468K,1
P1036S P1035L,1
E1277K T365T,1
R1743C L1920L,1
S936R G769G,1
V75M L585P,1
A1057V A381D,1
I212M C220C,1
V3043L V1181F,1
L731L I791M S858Y,1
V219I R115H,1
A81D S832N T1067I K2017N A2568D,1
V64I V663A,1
R215R C223Y,1
I398I S520S,1
D1182Y A1084T S866S,1
Q424Q D113N L55L I28I M19I,1
T358I G855R,1
L409M G491S D652D,1
P30P A10V,1
F961F D1279N R508C T716T,1
S63F A79A,1
L224L G600V,1
D1672H 413_414QQ>H*,1
2713_2714FH>LD,1
G3380V D2612D,1
R1344* G843V,1
Q1418* R1021L,1
S591A A593P,1
P2319R S128F,1
R490I K785N,1
M90I F41F,1
E653Q V158M,1
G456L D455V,1
L468L D202E,1
A324V G134*,1
S309I P332T,1
K154E R809M,1
G924E L922L,1
R136H A225T,1
L568M V919V,1
N163N R311C R328*,1
T1078I V274I,1
R148I R251W,1
S89Y R121H,1
Q137H A136T,1
R859Q Q702Q,1
G2166G L1626I D464E,1
V517I V809V,1
K118K N608N D693D,1
N251N A815T,1
V781A R36H,1
C1440R P1947S V1982V,1
R250* A310D,1
T1953N P1684T S1596L,1
P250S A1342A V1922M Y2205Y,1
V601I D620N,1
D496Y E237*,1
R1016H D1089Y,1
K628E W580C,1
T1083T G42D,1
P292H S55S,1
A255T F417F,1
V1848M R1274R,1
S452F M657I,1
H252H E135K,1
R130H G33D,1
G111G Y239Y W298* D1710Y S2232N,1
A122V A195V,1
G152G G171D C482R,1
R365R K323E,1
A343T P887L,1
S508S V389I G354S,1
R130C G35G,1
Q713Q I111V,1
S246I R447H,1
E468K S696F,1
E616K G714R,1
A110V A458V,1
S1166L F927F F600C E1153K L1244L,1
N423S E322K,1
T558T N538D,1
I377I L116L,1
G866V A959V,1
L421F L69L,1
W131* R104R,1
E38K F505F,1
S201S I311I N226S,1
L275F R22K,1
E472K F87F,1
G174D P466P,1
F60F G263E,1
S1009S L2122L,1
P445L P363S,1
G121G M495I,1
A332V D86N G347G P54L,1
F414F P396S,1
D368N H604Y R1391Q,1
L202L S1341L E720K,1
E1297K E991K L1042L D1588N E1146K,1
G73D R127K,1
E95K S695F,1
E588K E142K,1
R2047W S1609S S346S L1023L,1
I2153I P57P,1
E886E F534F,1
K1771K R108C E269K,1
E1479K Q896* R813K K1837K,1
R1577* P683S,1
V828V R24Q R1716H E1599K,1
A101V S2155F,1
L12L M159I G76G,1
P2164L P1402L,1
G115E S72F,1
A359A T295A T97T R294Q,1
R862Q P1060L,1
A468A E196K,1
S510L S983S,1
Q1345Q L1557L,1
L798L D733N,1
P615L A945A R608*,1
Q165Q E104K,1
H83Y E795K,1
Q151* K285E,1
F233F F63F,1
M148I I196I E815K,1
D1000N E178K S620F,1
V216V I190I,1
D1768E S2801F G2690E,1
R372W I114I,1
E645K L641L,1
P443L L397L,1
S161S L29F,1
P580L G801D A304T,1
K225K R107R M501I,1
R245K E446K,1
D326N M83I,1
G42E G210R,1
G169D L300L,1
G1095E P962S,1
I31I G1142G,1
F77F Q48Q,1
S1344N L439L G490E E549K,1
E170E V345V,1
G453R S360F,1
P728S S351L,1
G1550E P1007S,1
Q1358H P1385L F524F M822I,1
G330E S912L S945S E395K,1
E71D R1358* P137S,1
P172P P577S D66N,1
G883S L323L D1113N,1
K1253K P789S,1
P963S P1364S E1256K,1
I801N S214F,1
L118F N160N,1
R1896C R1804H,1
Y672C V401A,1
P256L R1143I,1
A198V K695E,1
G1099G S896N P649L,1
L1095L E1554K,1
G1328E D349Y,1
T39A D337N,1
R819H I999I,1
P433H A278A,1
T1132T L566S,1
L45I L139P,1
G444G V322I,1
W117* S333S,1
L1189L G1256G,1
A1213T R811H A577A A556V,1
T594I A616T,1
A215T A605A V828I,1
R461* H2072H F2360C,1
L557I L149M,1
T554T Y220Y,1
A317T L196I,1
S1490L S1404Y A995T G611C,1
A924T P154S,1
D485D G789C D1449Y R1560H,1
G276G Y695H,1
L78M L26M,1
S144I G728V,1
G316G H75Y,1
T214T R99H,1
S28S R492H,1
A1206V A784D,1
P361T P331H,1
V403M R503C,1
A446V Y343Y,1
L1753L A3148V,1
R4461* K3250N V3030V I1863T S1546S P100P,1
R5H L540M,1
A1149T R1038R D609A A78T,1
V668I P647S,1
E114* V441M,1
A539A A61S,1
Q8002H N7982S V7096I A7073T L6110M R6089H S5027S T4875M L4404F H3119Y D375D,1
A724V R128Q,1
E144K A26T,1
W385C T500A,1
A153T A50V,1
G1957W V294I,1
R562W Y637Y,1
T506I R530W L758I,1
A481V D674G,1
L25I G213G,1
A202T R239R S381S,1
G124G A619T,1
V68I A276T L588I R853S,1
E291E A241T L155I,1
Y544* R108Q,1
A222V T467T E1222D,1
A48T Y378C,1
A432T A458V,1
R3224W R1998* R505H G300G,1
R307K L271I,1
P354S T268M,1
R1271* D506D,1
R470H E2283E R2307H,1
M1077I G1207G D1258D A1286D,1
E1989G S742L,1
K1216K D394N S148S,1
E1481G K235N V40M,1
P1972S A1893V L829S C797Y R42C,1
R1564H V809M L718F A151V,1
A303T S362S,1
A57V R419Q,1
V1960I H936Y E82D,1
T37A N55T,1
S176S G113G,1
R180C I227I,1
G420D R190H,1
A453V H367Y,1
A484V P868L,1
S3289S S3013S,1
N356D R445H,1
E364E T132T,1
R191W G472G Y1403*,1
R648* H734H R1658H,1
R142* L34M,1
R681C C609C,1
A91V R79H,1
I836I L658L,1
D157D E131D H55R,1
C257Y E262D,1
T611M P955S,1
S701Y R705H Q868H,1
A559V V285I V161F,1
L489I A465V,1
D1516Y S1267S,1
G369G G397G R694Q D868N R1009W A1090V V1355V Y1725H G1877* A2243T P2624S A3100A V3234I R3397H N4501N,1
A678T G1261D A1900S V3161A,1
P290H V245M C113*,1
R241H R38H,1
S244S S13G,1
C547Y P917P,1
L309M M150T,1
V2633M S2834S L3035I,1
Y31C D136Y,1
A1670T A910T,1
R508R S1302F,1
A1305S D295D H215N,1
R45* G748G A1284T V1529D H2058H,1
G2332G I2206I A1570T A990A N963N A735D T33I,1
R193M P165S,1
Q1015H Q786L A372D,1
G115D A235V A388S,1
S824R S475Y,1
A561T A396V,1
G117G V348V,1
E249D A265T,1
A433T L555I,1
I749I G198*,1
G346G G223V,1
A156T H176H,1
R446Q D983D,1
A281V T2059A Q2729H Q3053H,1
P797H R1395*,1
K674K D245Y P125S,1
A278V T426M,1
V3984V A3944A R3334M A2718V D619Y,1
L183I S518S,1
R53H G192C S377I,1
E1487D Q1099H R330Q,1
C592* A302S Y90C,1
K419N T94M,1
I468I L430L F53L,1
A380V A237D,1
A365T T448I,1
R291W R473Q T705N G1340S,1
E2300D R467Q K109N,1
R24W L190I,1
L2083L G1425G L424I,1
P394T R217C,1
G876G V474I M335I,1
R188H V110V,1
H634H T608T R132* G63D R53M V32I R26H,1
T167T A277V S1002S,1
F1437L P487T,1
G335S V18V,1
T2082T D1412Y,1
R54C R110H,1
V159I R443*,1
R741H R594* C69C,1
S706I A961V,1
F915L R966H,1
V271V T108T,1
D363N Y564*,1
P189L R700C,1
E148D A428S,1
T238T A807V,1
K365E G338G,1
V423V M787I,1
G53G G53G,1
S135L S135L,1
H1196H H1196H,1
I3849I S3416F,1
D247E R614L,1
L377F V265I S39F,1
L580L R86R,1
T2214I S2255F,1
R1134R E484K,1
I30I G273G,1
S459F V32M,1
S252F P207S,1
F751F G262G,1
S749S E786K P1076S,1
A1026D W1658C,1
C1563F G3675G,1
K141N K327R,1
S318F I164I I164I,1
F458F F458F,1
M115I M115I,1
S478L D344N,1
D1080N E1074K,1
D763H D763H,1
S377F F357F,1
E116K S363F R381K,1
F308F F296F,1
E1013K K290N T1312T,1
P644L C911C,1
S90L E1090K,1
I738I S358F,1
P204S W715* S166S,1
S2487S S2418F,1
E556K S27L,1
G582E S700S E1723K,1
G535E R2215C,1
A414V T13P I292I,1
A903V A188P,1
L98F M122I,1
G1793E G1828R,1
Q2165Q R1301R S1344L,1
E1589K E1589K,1
E2240Q E2240Q,1
S4560S A4594V,1
E431Q Q454Q L457L E468K,1
A83A K2N,1
I295I I351I,1
P4341L L4138L,1
E56* E147D,1
D27H W24C,1
62_63KV>NL,1
A102T E119K,1
E1715K E1705K,1
S685C I701M,1
E221Q R197T G128A,1
E1599E E1599K,1
V600E K183E,1
Q526R K931K,1
D17N D18N,1
E61K E34Q,1
E803K L799L,1
G1127A S1456I,1
Q101E Q101E,1
S395C S395C,1
L314L L314L,1
E376Q E376Q,1
T389M T389M,1
G646R G646R,1
F1222F F1222F,1
E545Q E600K,1
L388L L388L,1
T447M T447M,1
A58T A58T,1
D603D D603D,1
R479P R479P,1
P225L P225L,1
E620K E620K,1
A1824P A1824P,1
D849H E835K,1
K194K K194K,1
R1297L R1297L,1
S270F E356K E401K,1
S72S F165F,1
D79N D79N,1
G2964G E2894Q,1
R283* Q1378*,1
C89S D329Y,1
D130H E129E,1
L247F P248H,1
I1458I M690N,1
220_221KA>NS,1
888_889HK>Q*,1
S250I R2109R,1
P414S P414S,1
S82L I80I,1
R368H F133V,1
A2106A R1386Q L1321L,1
L391I L384L,1
315_316AL>AL,1
L158L E175Q,1
P498L M352I,1
E2026K S1152S,1
V639V V639V,1
R111L R112C,1
R1853Q R1853Q,1
1293_1294MD>IY,1
548_549KD>NY,1
W1261C D1192N,1
A5967S L5745L,1
E254K E416K,1
E91V K90N,1
G250E P242S,1
G1007R G1007R,1
A258S A258S,1
N2679S N2679S,1
M717I M717I,1
E2208Q E2208Q,1
S784S S784S,1
R474R R474R,1
S290P S290P,1
E676K E676K,1
91_92TL>TL,1
R267W P250L,1
G475R G71D,1
E1773E K1536K R1453R I1152I,1
D443N D688N P717S,1
F326F P195S G672E E1067K,1
E717K D201N,1
L4079L P2178L V4468L L4236L,1
E102K L63L,1
G1299E E795K G592S G724D P536L,1
K296K A854V,1
R170Q F799F T1421T R791Q,1
H1776Y S312F L120F,1
P346S E423K,1
L273F L1628F G322E,1
P631S A233V,1
E1490K F977F,1
D413V D522N,1
G954E R455W,1
E290E S573S,1
6_7LL>LL,1
S2073F P1728P E1964K,1
R379H E3196K,1
F15F P1214S,1
S669L I705I,1
G467G R374S,1
R312H P700S,1
290_291FK>LQ,1
P454S Q280*,1
M1301I R384*,1
M581I R643Q E33K M216I,1
I1356I Q1263Q D1774N E1761K,1
I1398I F1388F,1
V316V F1631F,1
G970E N1045K,1
P87P G127G,1
E20K L16L,1
140_141NR>KW,1
F320F I193I,1
M397I H277Y,1
T253T S310C,1
L425L D105Y,1
1821_1822FL>FL,1
I6132I R773L,1
P2485P G2346C,1
426_427KD>NY,1
G783C G1070G,1
G535V Q655K,1
831_832CR>*S,1
138_139FH>LN,1
G250G A9A,1
W1613C L1036Q,1
P2674H W1642L,1
P2731T E191*,1
G66V L68L,1
R1652R E492*,1
W357* A191V,1
D3519Y E3682Q,1
P401Q N191N,1
P710P V7L,1
E443* T498T,1
L666F Q649H,1
I63I E157Q,1
W2906* C2543F A909D,1
R1209R S784Y,1
V534V Q119*,1
T643I M766I D1382H H2869D,1
P109R G119W,1
R1567C M963I,1
L445L G261*,1
V1588L V2242L E2329K,1
K1502* L1255M A209A,1
S283S Q216K,1
L1066L K187N,1
P3850S G725V,1
N378N V199V,1
T173T E2695E,1
S4664I S4579I L3307L,1
T373T G141S,1
L432I G811R,1
A3012P A2643A,1
S348S S354*,1
P2647P S2648S,1
T516A P463T,1
L92L L118L,1
I4M E168E,1
S960* D416H,1
L1700L I1659I,1
S708S R884H,1
T114S R1730C,1
S1915N A2982V,1
T4285T D3670G R2968W D2964D,1
L79L E1034D,1
G63G A1683T,1
P490T V257M,1
L1980P R504C,1
R1830H T1539M R1342W,1
S116S A79T,1
A1124T A22A,1
L103R D1687D,1
G265G V433V,1
E2945K Q2096Q,1
F7505C S5769S Q3077*,1
A369T D456Y,1
F128L D186V,1
D2408N I1559M R468H,1
1432_1433LL>LL Q1212* L1038V,1
V214L A266P V2171V R3152L T4435T,1
H110N E2513*,1
K2853K L61L,1
F413L F396L,1
L3847L A2107A,1
M315I E388Q,1
E1372Q K1221N,1
E78E L301L,1
E1391* V1089V,1
R440Q E34K,1
E749Q G683A,1
V527V E358Q,1
D632N E609*,1
T535T E492*,1
I1432I S1515R,1
P290L A289A,1
D217Y R213T,1
165_166WE>*K,1
T35I Q171Q,1
R1617R E1032K,1
T2205I D2019N,1
S74L R131Q,1
R317R F382F,1
I431I Q409Q,1
R151R V102A,1
S2510F R1830C V1986V,1
R302* Q1406*,1
612_613QR>HC,1
V344M H1047R,1
I176I V291M,1
E523Q V545V,1
E907Q D896H,1
R16K H279Y,1
E504K G7546E,1
I255S R196*,1
P1283L F623F,1
V246A V246A,1
A167G S168S,1
Y220C R110L,1
M237I M237I,1
E402K E402K,1
V312M V312M,1
F370Y F370Y,1
N313S N313S,1
E134Q E122D Q110H,1
E545K E726K M1004I,1
M383K G348*,1
E334Q D324H,1
F775L Q779*,1
E202E E193E,1
E2169V H1553Q,1
V338V P414L,1
Q412* R564*,1
L521Q E383E,1
E243Q D313N,1
H76Y P758S,1
S88S T497I,1
S890F P783L,1
P72P L355L,1
P711L P667S,1
L139L S26S,1
I143I F128F,1
Q187Q P239L,1
Q606P R427C,1
T493T V980V 572_573VL>VL,1
Q914H K681E D370H,1
V217V F277F,1
18_19YI>*F,1
D297Y R300R,1
I256I N104D,1
R691Q D1223G,1
E514K S1810N,1
S34N R64W,1
D640N G634G,1
D419N R418C,1
P36L E646K,1
D1717N G150S F1309F,1
C371S L573I,1
L1062M A962A,1
M1407I P1017L,1
F2809F L5059V P258L G1304R R5196* E100K,1
L245V S102N,1
S1056F R597K S1056S,1
S153S E1180K P1402P,1
P412L S1127S,1
G247G P481S,1
L1090L G367E,1
P628S E180K E1131K,1
V1872V R482Q,1
I179I A1803V,1
G792G V2239V S519F R204W,1
R441C D571N,1
T284P L111Q,1
S37C S646F,1
D188N G250G,1
L494L G2013R,1
W328* A1023V,1
P1060L E4910K S2573F L4787L R1613Q,1
E779K E1324K,1
Q238Q G99E,1
I449I I296I,1
L1069L L537F,1
A218V D135G P624S,1
D154N S439S,1
R132* T269I,1
R413C G69R,1
T1243T E1014K,1
Q246H R64I,1
A913D M712I,1
G1142R I533L R221L,1
S510L F481L,1
R31S Q143L,1
S1056F R1329R,1
A613A E317*,1
E19Q R111R F294L W298C,1
L148H H283H,1
R300* G299V,1
G43R S270S,1
G993E F435L,1
S570F P926P,1
L333L M288I,1
G1172E G299E,1
G877E I185I,1
G247E P283S G327E,1
G2900V C756S,1
I1445I G1044R E1138K,1
L1694F P328L,1
R580W R905Q,1
Q305Q E1278K,1
C238F R156P,1
L6028L P5684S,1
D336Y V219V,1
A325T Q391K,1
L608F A491E,1
E1407K G184G,1
F423F P113S,1
R232* C245*,1
P371L I370I Q151E,1
K427K F1199F,1
E2285K G684G,1
A746V P1539S,1
G2315E D2219N E397K,1
390_391NE>KK,1
M21I E261E K275K R123R,1
G761E L188F,1
R276K H707Y,1
V2919V K5067N L4236L R5085* E737E P530S E2337K,1
P716S R355C,1
G225E F696F,1
N158K N158D,1
D355N P219S,1
E1356K F834F,1
S417L R1449Q F485F,1
D1357N I809I E638K I1988I,1
P386R R315S,1
A805A A373S,1
T1211T L1338L A1548S,1
G117V K322E,1
S321I D452Y,1
D2484E W925C,1
N50H V534V,1
D566H D611Y E694Q,1
K1329N E1472Q,1
L620I H426Y L709L L698V S451F P425S S367L,1
P357S P90F,1
N1106K F1103Y,1
R739K P676F,1
E717K P514S,1
F138F E80K,1
V1789V F567F,1
I530I E1204E,1
R1117R E2689K R4650*,1
K182K Q74*,1
G40S R1576*,1
S137S S137T,1
P622T A473T,1
T592I H1365R,1
Q666Q P613T,1
H262R R2C,1
G545D M570V,1
R4437W A4398T D4041D,1
P2359S G1924C,1
K33N T1107T Q1301R,1
R602H P367P,1
K3818T V2301V,1
R102C A489A,1
S466S H134N,1
L121M S181R G1091A,1
A5257T P634H,1
V193I H75D,1
A862V P295P,1
N483S S533F,1
P124L P268L,1
P2493P R2515C,1
E1777K I671I L2570L,1
V1229M Q606R,1
V1827L V1827L,1
W688C W688C,1
E1275K R985R,1
C20Y G10C,1
K1967T L1427R,1
F498I E501D,1
V2441G M485I,1
E1412E E421D G400R,1
D659N T820T,1
L621V K411T,1
L8V S494P,1
R1309R L300R,1
S170R F426L,1
T643P Q357R,1
L496R K575K,1
L99L G105C,1
L86S F85F,1
N297N D1249N R593C,1
142_143GL>GL,1
A100V H86Y,1
H712Y D857N,1
F1214F E1901K I8211I T441T,1
D1076N M732I,1
P266S L1376F,1
F836F P1890S,1
D33N F207F,1
L474L E649K,1
E5018K G3018E L4195L,1
S1324S T100I,1
R349R G174G,1
P32L E589K,1
L844F H647Y L2661L,1
E1088E E500K I1705I,1
S2773L V1136I,1
E468K R1184R,1
D1478N S912F,1
E292E P64L,1
S130S E328K G222E,1
S502F A722V,1
F425F Q204H,1
S2175F I1770N I2273I R4044Q,1
S826F E1479K,1
R727C R2021W,1
K1292K E1807K,1
P557S R560W G1203E,1
Y4668* A1998A R1386Q,1
D98Y P74P,1
D351N S716L,1
E287K R258L,1
59_60HY>QH,1
S870R Y904Y I2569L,1
1436_1437SI>RF,1
L536M S502*,1
R1694R C1261*,1
P1411P A1642V,1
P685L E1909K,1
T1421T Q1519Q,1
D2304N R1439Q,1
L77P S2*,1
F159Y T2243N,1
E1311D H1360H,1
R589C T743T,1
A196A L336P,1
T688I R355G,1
R185C R425W,1
V233I A598A,1
S770* Q568Q,1
P135H P121L,1
R489T E522Q,1
G178W R19C,1
G136G G136G,1
P290H P290H,1
V105M V105M,1
Q4644Q Q4644Q,1
L386F K379T D311H,1
P1268P A53V,1
R108H G359R,1
S230I D231Y,1
W531R E527*,1
R242L L99L,1
I395I S149F,1
R550* V765G,1
S2689C L2504V,1
G239G D228N,1
G1351E E1339K,1
C2739C R558T,1
S1420* S1443*,1
S84S Y455F,1
S305C L377L,1
Q542* R1450*,1
R1451R E871K,1
S184C S185S,1
P110S D109V,1
V600E P318F,1
S2264S G1774W,1
Q11P Q13P,1
H1034Q D1029D,1
L2206L R1149R,1
451_452EA>DS,1
R165R R165R,1
R291T R291T,1
T746T T746T,1
Q1309H Q1309H,1
A940T A940T,1
Q132Q R720*,1
Q1131* R1450*,1
A289T V774M,1
Q844* Q844*,1
R88Q D350G,1
R763W N764K,1
A794A Q1651K,1
D121H E111E,1
F242L R619C,1
L342F P493S,1
G4979E D2742N,1
V442I V442I,1
C527Y A169T,1
I97I I97I,1
E286* K132N,1
N819T Q822P T824A,1
E591E G183G,1
G1039V G1298E,1
T306K E304E,1
S507F G578E,1
E565E G558S,1
V31V V89V E194K,1
L161L R111H,1
R1494Q L23L,1
Q2112* I2087I,1
E248K R352R,1
E3194D S1789*,1
D422N E330K,1
S419* E125K,1
F896F L785L,1
E1046K S883L,1
Y610Y P759S,1
M259I V352M,1
L388L R218*,1
R1598R L786*,1
S387N L1477F,1
G114G R246R,1
P329S K224K,1
I339I I214I,1
E670K T370I,1
P1268L D155N,1
A286S L523M,1
216_217SR>R*,1
E332K R1414*,1
P40P G316V,1
Q196K D973N,1
R1697P M822I,1
E1969K P415P,1
A136G H137Q,1
A109E V452L,1
E452* D1866G,1
I200I R99R,1
R978C G169E,1
L10H A451V,1
S253L Q351Q,1
E128K N697N,1
G1912G V440V,1
P966S E1305K,1
H88Y E13K,1
K373K I442I,1
G551E Q886*,1
E1108K M238I,1
M183I P57S,1
P1346S F259F,1
E634K E983K,1
R420K R246W,1
T1001T G698E,1
K107K E191K,1
S133F R759Q,1
G1117E H389L,1
T2874T G548G G1550E,1
E404V K409R S547G,1
E1113K L311V,1
E293K R240H,1
110_111LL>LL,1
V529A E314K,1
L87L R244H,1
A2028V T1512T,1
G461V Q550P G1213C,1
A836D N232N,1
W438* D380N,1
P397S E825K,1
F354F F334F,1
A39A E3065E,1
R386Q E398K,1
P133L E343K,1
E520Q I488V,1
N2158T D410G,1
S397S G550S,1
P931P P514L,1
G1041R N318K A21T,1
Y499Y S143S,1
E1814* T525M,1
Y209C C885C,1
A491V P313S,1
I145M K73K,1
P1139T M1976I,1
L291L F275F,1
V426V G531E,1
L419L S1005S,1
Q301Q E313*,1
L626L G175E,1
D281Y D281Y,1
C909C C909C,1
P1285P E467*,1
T8414M S1134S,1
R1209R C1021Y,1
A366T P59P,1
V62A Q682Q,1
R552H A607T,1
E810K T171T,1
F392F N19N,1
R638* L130F,1
P429S A455A E1408K K1094K F42F R1329K R443Q E395K R88K S569S P429S A455A E1408K K1094K F42F R1329K R443Q E395K R88K S569S,1
M55I M55I,1
R322R G191E R322R G191E,1
R8R L353L I42I E115K R8R L353L I42I E115K,1
P328L P290L P328L P290L,1
L998L F591F L998L F591F,1
S325L G17R S325L G17R,1
H163Y H163Y,1
P423S P423S,1
R587C R587C,1
P16L P16L,1
R41Q H141Y V66V R41Q H141Y V66V,1
P575S P402F A18V P575S P402F A18V,1
V450V R407C T189T E264K G285R F79F V450V R407C T189T E264K G285R F79F,1
D375N D375N,1
T132T P52S R250K T132T P52S R250K,1
L288F L288F,1
S1544F E597K S1544F E597K,1
P567S P567S,1
E352K I398I L197L T324I F298F E352K I398I L197L T324I F298F,1
W329L W329L,1
A77A A77A,1
P1140S P1179P I1364I P1140S P1179P I1364I,1
I359I I359I,1
G143E P604S S1355F G143E P604S S1355F,1
R75Q R75Q,1
P46P P46P,1
S67S S67S,1
F58F F158F F58F F158F,1
P610L P610L,1
G8A E98E G8A E98E,1
E131E G230R G199S E131E G230R G199S,1
P414L P414L,1
T272T T272T,1
E118K G94E S151F G537R E118K G94E S151F G537R,1
T354T V494V T354T V494V,1
P245P P245P,1
F380F K363K E452E D284N A27A F245F E517E F380F K363K A269D E452E D284N A27A F245F E517E,1
V184V G131E L29L D353N V184V G131E L29L D353N,1
Q378Q G315S G181D E451K R311K S456F E339K Q378Q G315S G181D E451K R311K S456F E339K,1
D372N S136S D372N S136S,1
G102E G102E,1
G71E G71E,1
S630S S630S,1
A518A A518A,1
S113L V118V S113L V118V,1
S170L S4L S198F L5L S170L S4L S198F L5L,1
F260F F260F,1
Q322* Q322*,1
I245I I245I,1
Q312Q N404N E318K Q312Q N404N E318K,1
P127S P127S,1
P47S P301S P47S P301S,1
S283S S283S,1
M133I S582F H588Y L19L S624L M133I S582F H588Y L19L S624L,1
I89I I89I,1
P866L Q54* K689K R137R E366K P866L Q54* K689K R137R E366K,1
G343E G343E,1
Q225Q Q225Q,1
E301K G130G L183L R270R L296F G303R E301K G130G L183L R270R L296F G303R,1
L417F L417F,1
V189V G92E Q273* R270R M198I W78* G303R P182L V189V G92E Q273* R270R M198I W78* P182L,1
R248C E290K F296F F425F R248C E290K F296F F425F,1
D241E D241E,1
V252M P167L V252M P167L,1
P473F V232V E172E M372I A437A P473F V232V E172E M372I A437A,1
L315L H254Y L315L H254Y,1
L71L R261W P481L L71L R261W P481L,1
R373C R373C,1
I357I I357I,1
L91L F226F L91L F226F,1
G88S P383L G88S P383L,1
E330K K88K E330K K88K,1
S494S K173K Q70* K305N S494S K173K Q70* K305N,1
R53C P459L R53C P459L,1
E362K R488* F424F E1119K P930P L132F E362K R488* F424F E1119K P930P L132F,1
A380A A380A,1
F2694F P1779L E1024K W2585* E1205K S291F F2694F P1779L E1024K W2585* E1205K S291F,1
P314S P314S,1
G90R E222K E554K G90R E222K E554K,1
P457S P457S,1
A331D A331D,1
I198I I198I,1
T139T T139T,1
V602V G523E P578S G651R P433S V602V G523E P578S G651R P433S,1
F207F F207F,1
V306V A42V V306V A42V,1
A217V A217V,1
P260S P260S,1
E849K E849K,1
L462F P81L L462F P81L,1
F234F F234F,1
L883F P1166S P998L R354C Q566* L883F P1166S P998L R354C Q566*,1
A157V S181F A157V S181F,1
F178F P350L F178F P350L,1
P141S P141S,1
P153P P153P,1
T539T G47E G254E S62F E162K R783R T847I G254R G732R D183N T539T G47E G254E S62F E162K R783R T847I G254R G732R D183N,1
K399K K693K S932F T927T K399K K693K S932F T927T,1
L153F G147E H365Y L153F G147E H365Y,1
S222S S222S,1
A38A A38A,1
Q316Q Q316Q,1
H1635Y A144V R727C A440V S458F F4F H1635Y A144V R727C A440V S458F F4F,1
P284T S307L P284T S307L,1
P830S P269L P830S P269L,1
L196L L196L,1
S614L S614L,1
I406I I406I,1
P219P F48F P219P F48F,1
L263L A492V T469T L263L A492V T469T,1
G12E G12E,1
E925K E925K,1
R877R S795F L917L L513F T311T R877R S795F L917L L513F T311T,1
T908T R867C R885C G376R S897F A485V R955L T908T R867C R885C G376R S897F A485V R955L,1
S222F P212L S222F P212L,1
G318D R554Q Q154* R143K A25A S101S R259Q G318D R554Q Q154* R143K A25A S101S R259Q,1
S364F D303N R958C S1096S S1045S Q982* P934S G197G S364F D303N R958C S1096S S1045S Q982* P934S G197G,1
D214N D214N,1
G203R K223K S184L G203R K223K S184L,1
R285C R285C,1
E853K V370V E872E F294F A888T R632C P138S E829K F609F E853K V370V E872E F294F A888T R632C P138S E829K F609F,1
594_595ME>IK H556Y 594_595ME>IK H556Y,1
V134V V134V,1
G464R G344G L250L G464R G344G L250L,1
K6K K6K,1
E937K F360F V396I G851R E937K F360F V396I G851R,1
L445F G705R L445F G705R,1
A83A A83A,1
P599L G784E G398E P599L G784E G398E,1
E448K P1069L I274I E448K P1069L I274I,1
F976F G591K D246N D1519N E728K F266F M383I D174N F976F G591K D246N D1519N E728K F266F M383I D174N,1
S185S I1961I P1014S S185S I1961I P1014S,1
R755C R755C,1
R287Q R287Q,1
F628F R1473C P421L F628F R1473C P421L,1
P448P R667C R8* P448P R667C R8*,1
H604Y R875Q E785K *902* E254K G487E D572N E782K E538E G720G G543D H604Y R875Q E785K *902* E254K G487E D572N E782K E538E G720G G543D,1
S5090L S5817L S5090L S5817L,1
H354Y R140Q Q200* H354Y R140Q Q200*,1
S56S F62F G173E S56S F62F G173E,1
P161L R441* P161L R441*,1
G86E G86E,1
G34R G132R G34R G132R,1
P365S P947S P365S P947S,1
E387E E387E,1
M238I A615V M238I A615V,1
D373N D596N R570R D373N D596N R570R,1
S324S S324S,1
P661S P661S,1
L418L L418L,1
L435L E389K L435L E389K,1
R468C R468C,1
H424Y S645F H424Y S645F,1
C272C S338F C272C S338F,1
F499F T504T F499F T504T,1
H370Y H370Y,1
W378* A144A W378* A144A,1
S122N S122N,1
P491S G320R P210L P491S G320R P210L,1
P201S P201S,1
P187S P187S,1
V779V V779V,1
P277T F431F G65E F835F P277T F431F G65E F835F,1
E329E P671L E329E P671L,1
Q359* R648Q Q196Q P372P P802L Q359* R648Q Q196Q P372P P802L,1
D480D A694A D480D A694A,1
F720F R778C D566N E391K I372I F720F R778C D566N E391K I372I,1
G725R P562S F524F E527E G307G G725R P562S F524F E527E G307G,1
E495K G528R E674K E495K G528R E674K,1
N267N N267N,1
F392Y F392Y,1
R554W R554W,1
S336L S336L,1
S113F P231F G59G S113F P231F G59G,1
P1281S P1602S A104V P1281S P1602S A104V,1
P49L P49L,1
R640Q T324T G595G G582E P266S A602A P283P R640Q T324T G595G G582E P266S A602A P283P,1
L925L A1793T L925L A1793T,1
F26F F26F,1
P1443S P1443S,1
P276S 711_712FL>FL Q891* P276S 711_712FL>FL Q891*,1
L23F F250F L23F F250F,1
M238I G523G G372G M238I G523G G372G,1
E49K *271* E49K *271*,1
*1232* P359S E201E P981S *1232* P359S E201E P981S,1
E113K S237S G134D G55S E113K S237S G134D G55S,1
P54S P54S,1
L25L A909V A922V L25L A909V A922V,1
T325T T325T,1
S550S P1378S S809L S550S P1378S S809L,1
S1814L S747L P2145H A1917V P2369L S1814L S747L P2145H A1917V P2369L,1
F2239F P1431L P2056S L979F F2239F P1431L P2056S L979F,1
S405S S405S,1
P577S P577S,1
F87F F87F,1
P196P P196P,1
T9I F50F L10L T9I F50F L10L,1
T280T S436S T280T S436S,1
P535L P535L,1
R572C P345L R572C P345L,1
I341I I341I,1
F112F F112F,1
F247F F247F,1
P34L L266L P34L L266L,1
G109E G109E,1
F303F W195* H317Y F303F W195* H317Y,1
P204F P204F,1
A377V A377V,1
V289V V289V,1
A60A A60A,1
R85K R85K,1
S78S S78S,1
G1776S P1798L G1776S P1798L,1
L124F L124F,1
S159L S159L,1
P674L P674L,1
R396C R396C,1
T183I I141I P27L D140N T183I I141I P27L D140N,1
H67Y H67Y,1
L342L K191K L174L L225L D269D L342L K191K L174L L225L D269D,1
A232A A232A,1
F77V A103V F77V A103V,1
K70K K70K,1
R5K R5K,1
I57I I57I,1
G222R G222R,1
G75E G75E,1
G102E G54E G102E G54E,1
G114E H321Y G114E H321Y,1
R91Q R91Q,1
W125* E72K A132A W125* E72K A132A,1
K127K K127K,1
A312A P359S A312A P359S,1
V130V V130V,1
Q13Q G98E Q13Q G98E,1
L14F L153L A382T L14F L153L A382T,1
R504P R504P,1
T353T G28G T353T G28G,1
A239T A239T,1
E241K V752V G391E F188F E241K V752V G391E F188F,1
E403E E403E,1
R304C R304C,1
E747K G404G V487M E457K E747K G404G V487M E457K,1
G823R G106R P624S P563L P552S G526E D566N L650F P282P G823R G106R P624S P563L P552S G526E D566N L650F P282P,1
P172L G543S P172L G543S,1
P1007S S728S I1959I G521G P2470L P2869L E2325E P1897F P1520S P1007S S728S I1959I G521G P2470L P2869L E2325E P1897F P1520S,1
A2025A G777R R1464* R2776R S128N P1541L L246F G2320E R1984Q A2025A G777R R1464* R2776R S128N P1541L L246F G2320E R1984Q,1
P827L P161S P747F P827L P747F,1
M557I K128K M557I K128K,1
G1226E P409S G1701E G959G P1242S P1588L R1341K G521G V1162V G812E G542R G557E P244F P1381S S1041S P1431L G965E G1615G G539S G1226E P409S G1701E G959G P1242S P1588L R1341K G521G V1162V G812E G542R G557E P244F P1381S S1041S P1431L F1501F G965E G1615G G539S,1
E1492K G1086E G477E R1060Q E1492K G1086E G477E R1060Q,1
L1505L E677K I1587I G715E D531N A436A G898S E1352K F190F E1772K L1505L E677K I1587I G715E D531N A436A G898S E1352K F190F E1772K,1
F1655F P1042S T1384I P1505L P1412P G91S M1508I G460G G130E P1680S R1651C F1655F P1042S T1384I P1505L P1412P G91S M1508I G460G G130E P1680S R1651C,1
G207E P158L P928S G207E P158L P928S,1
G679S R708W R830Q P1091S P1082S E980K G709R G859S G679S R708W R830Q P1091S P1082S E980K G709R G859S,1
P829L P805L E684K E660K P964S G200G P829L P805L E684K E660K P964S G200G,1
P128P P128P,1
P418S A189T P70S P418S A189T P70S,1
P501P F505L P501P F505L,1
P2371L R1360* F1280F P2371L R1360* F1280F,1
H458Y H458Y,1
F296F P53P F296F P53P,1
S159F E80K K75K S71L S159F E80K K75K S71L,1
S163F D15D S163F D15D,1
G24R L146L S98F G24R L146L S98F,1
G247E P315L G247E P315L,1
R38R G186E T69T R38R G186E T69T,1
D72N V313V S123S P964S V96I G201E G511D D72N V313V S123S P964S V96I G201E G511D,1
R42C R380Q R42C R380Q,1
P2169L T1858T T1566T P11L P1775S R1842C P20L A2210V E1533E P2169L T1858T T1566T P11L P1775S R1842C P20L A2210V E1533E,1
S170L S170L,1
A110A P103L P449S A110A P103L P449S,1
I114I E329K I114I E329K,1
R118R R118R,1
I457I P466F I457I P466F,1
E359K M469I E352A E359K M469I E352A,1
A837A R9Q R145* K124K A837A R9Q R145* K124K,1
P909L P636L G1282E P455S P376L P909L P636L G1282E P455S P376L,1
S190F P702S A432A G384E G1099E P1100F W546* R89K S190F P702S A432A G384E G1099E P1100F W546* R89K,1
S395L L1616L R1918C L1037L L1513L P302L P1829L S395L L1616L R1918C L1037L L1513L P302L P1829L,1
M156I D142N L12L M156I D142N L12L,1
P345S P345S,1
L305F L305F,1
E71K E71K,1
F174F G408E F750L F174F G408E F750L,1
F69L F69L,1
S319S E157K S319S E157K,1
S365S S365S,1
G2678E F2347F G2398E R1434Q E69K G2678E F2347F G2398E R1434Q E69K,1
R978Q I487I T940T R978Q I487I T940T,1
*220* D160N *220* D160N,1
P186S P186S,1
F425F F425F,1
L421L P412L L421L P412L,1
I334I R8W I334I R8W,1
I316I G238D P211L I316I G238D P211L,1
E250K F11F E250K F11F,1
L18L L18L,1
A169V A169V,1
M96I D76N M96I D76N,1
V1783V T10T G694G G1198V G1018G G1560S G1021E E336K P861S G607S S548L V1783V T10T G694G G1198V G1021E G1018G G1560S E336K P861S G607S S548L,1
L102F L102F,1
R2084R T627I E1910K R2084R T627I E1910K,1
S865S P137S N97N L168F Q301Q L157L P438L S865S P137S N97N L168F Q301Q L157L P438L,1
E36K R163C A270V E36K R163C A270V,1
F476F F476F,1
E380E E380E,1
G20E G20E,1
R120K E131K R138R L122L S154F R120K E131K R138R L122L S154F,1
E104K D380N E104K D380N,1
R536C A153T T375T V863V P884S R536C A153T T375T V863V P884S,1
P21S P21S,1
R546C T706T R546C T706T,1
P115S P115S,1
S46F R608Q R389Q S46F R608Q R389Q,1
F264F I207I V741V F264F I207I V741V,1
E473K E473K,1
L493F L493F,1
A320A S515L A320A S515L,1
G732R G732R,1
S612S S178N V605V S321S E207K S612S S178N V605V S321S E207K,1
V32V V210I S270F V32V V210I S270F,1
P70L P70L,1
G191R R135Q G191R,1
G478E G478E,1
P44S P44S,1
E300E P19L D22N E513K E300E P19L D22N E513K,1
P89P S71N A140A P89P S71N A140A,1
A182A K67K S90L P1186P G997R E1311K G1021G A182A K67K S90L P1186P G997R E1311K G1021G,1
R163R R163R,1
L1128F P141S L1128F P141S,1
H593Y H593Y,1
G70S S29F I171I G70S S29F I171I,1
H42Y H42Y,1
S60S S60S,1
R141C A74T R141C A74T,1
R66* R66*,1
E374K R276C E374K R276C,1
S212S M170I S212S M170I,1
M126I R51K M126I R51K,1
P458F P458F,1
E89E E89E,1
M341L M341L,1
D191N D191N,1
M155I *235* S133F D140N *235*,1
E490E E490E,1
D360N W176* P430S D360N W176* P430S,1
A40A A40A,1
D67N D67N,1
E88K E88K,1
E489E E414E E440K E489E E414E E440K,1
E435K A100A E269K R371R E435K A100A E269K R371R,1
R31C R31C,1
S269F L189L S269F L189L,1
E598K F411F V561V T367T S89S E598K F411F V561V T367T S89S,1
S406S S406S,1
Q290* Q290*,1
G167S G167S,1
I98I I98I,1
Q234* Q234*,1
R297W R297W,1
D304N D282N S380N D304N D282N S380N,1
P340L P340L,1
S248L S248L,1
L170L P786L L170L P786L,1
L174F L174F,1
G161R G161R,1
F69F F69F,1
V60V R114R V60V R114R,1
Q303* Q303*,1
L31L I119I A489A D184N R44R R69R L31L I119I A489A D184N R44R R69R,1
I781I R444C I781I R444C,1
L36L L36L,1
P365S P365S,1
L122L L122L,1
R45K E23K R45K E23K,1
F327F G241E Q310Q F117F D196N R181C F327F G241E Q310Q F117F D196N R181C,1
P58S P58S,1
R161C A229A R161C A229A,1
E108K E108K,1
R403C R695C R403C R695C,1
L102L I209I L102L I209I,1
Q355* Q355*,1
S304L E282E E243E L375L S304L E282E E243E L375L,1
A180V R302Q A180V R302Q,1
T14T P309S T14T P309S,1
V627I V627I,1
E191K E568K E191K E568K,1
A52V A52V,1
S289L S289L,1
R249K G472R E406E F430F R249K G472R E406E F430F,1
D639D D639D,1
Q292Q E227K W347* Q292Q E227K W347*,1
S139S S139S,1
A136A A136A,1
I60I I60I,1
P14P P14P,1
G23G G342R L404F L404L G23G G342R L404F L404L,1
S400L S400L,1
Q58Q R310Q Q58Q R310Q,1
A84V A84V,1
S13S S13S,1
H143Y R541C L732L M756I H143Y R541C L732L M756I,1
S690F E982E S545S L607L E201E G323S R363Q E848K S858S R723Q S690F E982E S545S L607L E201E G323S R363Q E848K S858S R723Q,1
S552S I410I S552S I410I,1
T33T T33T,1
D1455N R63C D670N G194E E54K P493S E756K T75T E185K S1181S G1359R R43C P1541L D1338N E1224K E780K G88E S1406S D1455N R63C D670N G194E E54K P493S E756K T75T E185K S1181S G1359R R43C P1541L D1338N E1224K E780K G88E S1406S,1
I232I P219L I232I P219L,1
K56K K56K,1
L191L L191L,1
R487C F560S R487C F560S,1
A1090A A1090A,1
P825S E1422K P825S E1422K,1
R2335C L1970L P337S L264F R2335C L1970L P337S L264F,1
L312F P52F L312F P52F,1
L362L D303N E228K G445G L362L D303N E228K G445G,1
A226V S137S A226V S137S,1
P257L P257L,1
R275C R380R R564C R275C R380R R564C,1
P118S R704* P118S R704*,1
D695N L555L D695N L555L,1
L474P L474P,1
Y425F Y425F,1
Q852H Q852H,1
I237I A299A I237I A299A,1
L365F L243F L365F L243F,1
R146C R146C,1
R622R F305F R622R F305F,1
P565S L131L P565S L131L,1
R488C R488C,1
S1803L S1803L,1
P118S P118S,1
P326P L422L R453C F104F R406Q P326P L422L R453C F104F R406Q,1
P522L D284D P522L D284D,1
R132R R132R,1
I140I I140I,1
F313F V66V F313F V66V,1
A389A L446L Q86Q P682S I433I K136K F614F A389A L446L Q86Q P682S I433I K136K F614F,1
P240L E1224K K1447K L541L Q295* L1051L S1389F H106Y P240L E1224K K1447K L541L Q295* L1051L S1389F H106Y,1
G5R G5R,1
P103L P103L,1
S517L S48L S517L S48L,1
E248E E248E,1
M401I P466L M401I P466L,1
P312L P312L,1
L154F L510L I315I E251K L154F L510L I315I E251K,1
P517L L392L P517L L392L,1
P679S P395S T723I P679S P395S T723I,1
R212C R212C,1
S64S S64S,1
R245C R245C,1
R158C F264F E270K S271L R158C F264F E270K S271L,1
E421K S21F P342L E421K S21F P342L,1
L208L S291L L208L S291L,1
S442L P793L S442L P793L,1
A147A A147A,1
S959L Q375* S753F A640A E919K S959L Q375* S753F A640A E919K,1
A998A A998A,1
F414F E803E M297I S426L P530L M805I F414F E803E M297I S426L P530L M805I,1
F868F V81V F868F V81V,1
H68Y R141K F643F E460K H68Y R141K F643F E460K,1
G292R G292R,1
F73F P359L F73F P359L,1
I543I F536F I543I F536F,1
E1309E K1142K E1309E K1142K,1
D749N D135N D749N D135N,1
P57S Q95Q G495R P57S Q95Q G495R,1
E1042K G649E G590S L1064F G157G L321L T257T 1105_1106PL>PL E1042K G649E G590S L1064F G157G L321L T257T 1105_1106PL>PL,1
G287E F1108F E266K G571E R681Q S1145F F1108F G287E E266K G571E R681Q S1145F,1
G620R G585E L858L E555K G620R G585E L858L E555K,1
K611K T115I E592K R108W G709E L664L S678F K611K T115I E592K R108W G709E L664L S678F,1
W1104* K678N A618A E393K R129W W1104* K678N A618A E393K R129W,1
P781L T683S P781L T683S,1
T989T S903F F502F R969Q G430E G79E T989T S903F F502F R969Q G430E G79E,1
F175F F175F,1
R181Q G182G R181Q G182G,1
A108V V49V A108V V49V,1
A315A L110L A315A L110L,1
P1631S P1631S,1
P310P P310P,1
R356R G345E S124S Q286Q R356R G345E S124S Q286Q,1
L70S L70S,1
D382D E116K V79V E172K A429T R91Q D382D E116K V79V E172K A429T R91Q,1
E225K E33K E87K G47G E225K E33K E87K G47G,1
K178K K178K A546A,1
E135K P696L E135K P696L,1
S284F A1244V G211E V389M G1024E W1080* S284F A1244V G211E V389M G1024E W1080*,1
F140F F140F,1
G145E G145E,1
V375V D724Y P29S P300S Q1068* V375V D724Y P29S P300S Q1068*,1
P348L P348L,1
F529F T283T G272E P214S G301E F570F R857C D133N F529F T283T G272E P214S G301E F570F R857C D133N,1
E343K E343K,1
E266G M556I G580S E266G M556I G580S,1
S1494L S2509F M1492I P438S S1329F L234L E2019K I1313I P2506S G975G S1494L S2509F M1492I P438S S1329F L234L E2019K I1313I P2506S G975G,1
T316P R494Q R4Q G193E T316P R494Q R4Q G193E,1
G5E G5E,1
F430F F430F,1
E217K D94D E217K D94D,1
G226K G226K,1
S201S S201S,1
E521K A486A E521K,1
P312P P312P,1
P102S P102S,1
G369E G369E,1
F490F F490F,1
L235L S493L E287K L235L S493L E287K,1
R559* R559*,1
A204V A204V,1
S268L T223I S268L T223I,1
S112N S255F K85K S76S S181L M82I P239S R84R S112N S255F K85K S76S S181L M82I P239S R84R,1
S448R S448R,1
A183A A183A,1
P462L T153T P462L T153T,1
F157F P87S F157F P87S,1
P77L P77L,1
R148C R148C L26L,1
V340V V340V,1
L123F L123F,1
G327E G327E,1
S446F E564K P24L N5N E17K S446F E564K P24L N5N E17K,1
G359R A503V V525V D68N F574F G115E T559T R172Q G359R A503V V525V D68N F574F G115E T559T R172Q,1
R230R R230R,1
Q464* L256L P386P T609I P70S Q464* L256L P386P T609I P70S,1
E65K E65K,1
F577F F577F,1
R2135Q V1169V R2135Q V1169V,1
D21N D21N,1
T158T T158T,1
R227C R227C,1
T566T T566T,1
P126L A891T P126L A891T,1
S510L S510L,1
P618S P618S,1
S1073S G2140S L311L T149I S1067L R1555R G478E E690K R1030Q S1073S G2140S L311L T149I S1067L R1555R G478E E690K R1030Q,1
V181V E231K V181V E231K,1
H125Y H125Y,1
F1054F G613E E658K F78F R431K F1054F G613E E658K F78F R431K,1
E77K E77K,1
V243D V243D,1
P184L P184L,1
L14L L14L,1
H979Y G1584R E919K E1939K R2330R N2458N G2520R S1394N R2286R E1265K H979Y G1584R E919K E1939K R2330R N2458N G2520R S1394N R2286R E1265K,1
E694K H562Y S2148F G1987S R332C R1850C F640F F1435F E1477K E2130K S2711F P2379L R1982K E694K H562Y S2148F G1987S R332C R1850C F640F F1435F E1477K E2130K S2711F P2379L R1982K,1
T220T R295R T220T R295R,1
F516F H1093Y P1179P P1213S F516F H1093Y P1179P P1213S,1
E102K E102K,1
L181F R44K L181F R44K,1
S20S G175G S20S G175G,1
G637E S757F G637E S757F,1
A738V P597L A738V P597L,1
P188L P188L,1
V59V V59V,1
G100E G100E,1
F255F F255F,1
F464F T381T F464F T381T,1
P515H P515H,1
G63R G63R,1
F176F P132S P449S F176F P132S P449S,1
L380F L380F,1
G248G G248G,1
S157S R389Q S894S L749L H674Y S157S R389Q S894S L749L H674Y,1
R190* R190*,1
V233V F47F V233V F47F,1
A571V A230A S599L R224Q K374K D887N D901N R280G L443L I26I A571V A230A S599L R224Q K374K D887N D901N R280G L443L I26I,1
P1409S A1935V C88C L141L E422K R217W V1233V T246T G315R P1409S A1935V C88C L141L E422K R217W V1233V T246T G315R,1
E30D E30D,1
E73K S63S E73K S63S,1
D149D D149D,1
L223F Q53P P126P L252F A164T L223F Q53P P126P L252F A164T,1
D161N E295K E220K K44K D161N E295K E220K K44K,1
R321K R87Q R321K R87Q,1
G10S T264T S133L G10S T264T S133L,1
Q43* F401S M166I Q43* F401S M166I,1
R204R M105I R113R R204R M105I R113R,1
D110E D110E,1
R330R S243F A102T P421P R330R S243F A102T P421P,1
Q21Q Q21Q,1
P429S F344F P429S F344F,1
P68L P68L,1
P176S P176S,1
P82P P1591P L2385F P82P P1591P L2385F,1
P35L P35P D807N L642L R667Q D512D S292L P35L P35P D807N L642L R667Q D512D S292L,1
P213T P213T,1
E446K G162R P279S E446K G162R P279S,1
P52S L79L P101S P52S L79L P101S,1
P332S P332S,1
S238L E256K S238L E256K,1
G270K L124L I241I R14Q G270K L124L I241I R14Q,1
R61C R61C,1
I132I R223Q I132I R223Q,1
D544N S640F P197S D669N D544N S640F P197S D669N,1
D145D D145D,1
G439G G439G,1
S222S F547Y S222S F547Y,1
R519C P434S L113H R519C P434S L113H,1
P2L G69R P2L G69R,1
P532S P532S,1
L302F L302F,1
T176T G151E T176T G151E,1
P672P I507I I282I P672P I507I I282I,1
S516S S516S,1
R28C S254F R28C S254F,1
R116Q R116Q,1
P449S T137T G384D P449S T137T G384D,1
E252K *626* S537N E252K *626* S537N,1
G349E S41L A17A A50V S340F R399R F448F Q425* G349E S41L A17A A50V S340F R399R F448F Q425*,1
E216K E9E E216K E9E,1
M79I M79I,1
L150F L150F,1
L185L G293E L185L G293E,1
G115D E201K M70I G115D E201K M70I,1
R1419W A1107V R1419W A1107V,1
R166C S208S S207F R166C S208S S207F,1
F30F E141K F30F E141K,1
N295N L220L N295N L220L,1
F595F F595F,1
S1094F L881L R638G P210S G472E G1069S S1094F L881L R638G P210S G472E G1069S,1
I265I R81C I265I R81C,1
P48S P48S,1
R556W R68W R2189C R556W R68W R2189C,1
D47N D47N,1
P49P P49P,1
R348Q L194L P143S R117K R348Q L194L P143S R117K,1
R179C R179C,1
C196C I206I E283E C196C I206I E283E,1
D91N D91N,1
P513S R552C P513S R552C,1
F416F F416F,1
S176N S176N,1
T455I T455I,1
P479S P479S,1
E29K E29K,1
S558S S558S,1
P71S P71S,1
Q1686Q S2205N K3814K G1750E P1129S Q4983Q S1857F H3304Y S4594L P2487S D4833N,1
E8398Q Q3244E,1
I245I K2329N,1
P340P P663S,1
A967V R375H,1
E1209* E1397*,1
P278S R213L,1
Y654* P512T,1
R2000W E1596Q,1
G1162E R328H,1
S838L S1850F,1
Q1005H E1052Q,1
G185G T380K,1
T199S C277S,1
L2764L F2259L,1
L417L K601K L662L,1
E941K N586S,1
L604L Q503*,1
L227R E128K,1
R2133C L1690L,1
S1632* Q56*,1
L793F T554I,1
E237K G1116M,1
E218K L517L G247S,1
D122N S560L,1
Q811H S626L,1
L207L G112E,1
D335N G406E,1
R55C S694F,1
K404K L56L,1
I402I E773K,1
Y163* D339N D507N,1
S779F I1446I D27N,1
G1032R R144*,1
R571Q D64N,1
P848L E4017V,1
333_334DR>E*,1
R2075W Q1740Q,1
D1344N E1115Q E902Q,1
Q1170Q E759K,1
E1515K F146F,1
R751* Y699Y,1
F2777V T2634M,1
P432L A41A,1
L405P S355S I325I,1
S321S R36W,1
L367P G373D,1
A1749A P461P,1
S236P G513C,1
A2953T L2171S E716G,1
E1183D T777T,1
S721S L381L,1
T768I T696M,1
R1550W N568N,1
A1996A S1686S,1
I48I I102M,1
S194C F216F,1
K466Q N470I,1
D702D T349T,1
E103K L308S,1
2126_2127WE>*K,1
F562F N103K,1
G3444R S1851L,1
S22L H265Y,1
M410I G369S,1
A1464G A1963V K2475N,1
P309S Q908Q,1
A557T L387I,1
G424S R538C,1
Y259Y R325G,1
R134W G404D,1
G2145R T1919I,1
S4221L A2007A,1
I694I G331G G234V,1
R500Q C831Y,1
K807K R456W,1
R1782W S1777N,1
A2143T V1206V,1
E352K W185*,1
L2300L G1383D R198K V1116V,1
E341K E341K,1
E348K M235I,1
I1531I F1291F,1
L274R E154K,1
D3650N S4332L S1052L G5104G K3508E R1937Q R1529Q D3681N I3390I R4133C D4833N,1
D232N N552Y,1
W65* G18E,1
L975L R189R,1
Q88* I710I W265*,1
E65E I290I,1
E133E E316K,1
R1276Q P1851S,1
E300K R460C,1
E161D R80Q,1
D1062N G1040E E1120K S244F,1
E1791K R1130R,1
I91I V1544V S1292F V1991M K894K,1
L166F L377F,1
N886N S871S,1
P159S A719A E651K,1
V75V K39R,1
T1365T G436G L1586L G519E A795V,1
P159S G645E,1
E30K H49Y,1
E858E 1052_1053EE>DK R557K,1
V1444V D52N I2386I G954G T8680I P166L W2735* P408S,1
E2077K A990A P1234P E2205K,1
G237S T947T,1
K189K T802T,1
R1077Q F1366F,1
R358Q N256S,1
E1430K E1587K,1
S532F V445V,1
N2008S G1843R R466Q,1
S814L F110F D3416N,1
H407Y P145P,1
G519G K320K,1
F1688L S129F,1
P2106S I1976I,1
G211G R39T S301L,1
D140N V222V,1
S338Y C401C,1
S1026S Q894Q,1
R1007K E221K,1
S1394S D785G,1
E995K L1136P,1
D626N P139S,1
S283Y D138N,1
P404L E321K,1
D270N L328F,1
W863* A854A S170F A797V,1
K22* E230K,1
G1714R T498I,1
N718K V968A,1
K1285Q P1050L,1
F17F R709Q S511F,1
R425R P500S,1
P915L P855S,1
N843S E909K N734K,1
L40L L305L P521S,1
N286N R10Q,1
F634F N700S,1
Y147F Q1301*,1
T253I G553R P2993S E251K,1
I928I E383E,1
E118K F129F,1
N576N S671S G298D,1
Q69L Q1514Q,1
L352P G613S,1
R841Q F786F,1
A218A G1570D F1562F I414I G1089R,1
G104E F76F,1
R721R S179L,1
I757I R377K S411F I635I H496Y,1
P229S G142R,1
D47N E14E,1
E182K S215F,1
D118N M260I,1
F93V F120V,1
E191Q E2321D,1
Q269E Q863*,1
R1707R G1426G,1
171_172CQ>*K,1
G591V R1189L,1
G3256S Q2822K G1940V,1
A49A R1133P,1
P15L V19V,1
A772S G509W,1
P228P M389V,1
G2533V D1607Y M827K R349*,1
Y895C G300V,1
P636T A100D,1
V1020V E390G,1
T347T E364Q,1
S651F H14Y,1
E387Q S311L,1
I507I H351Y P616S,1
S637F E155K,1
G4498C V3297F Q2519* L1195L,1
G1509G S1250I Q645Q,1
F652F L327L L50L E609K,1
E718Q V569L P106P,1
Q1374Q L843L,1
P2374P V696V P218P,1
D233E Q219H,1
Q862R G826C,1
D1381Y R2108L,1
G720C V534L,1
S862A P456L,1
L224L Q462K G450V,1
V2803F G1906C G290V R270R,1
R4286H D1966Y,1
V491V V491L,1
A24V P97L,1
300_301LE>F*,1
D647Y G772G,1
W305C G149V,1
L495R E289* D116D,1
P1753S S3370F,1
D32N G148R,1
F363L H469D,1
K572K S272L,1
E130K I249I,1
I464I I647I,1
R649K P2345L F2638F F772F I350I S882F,1
E309E A350V,1
P426L E507K G145E,1
E1810E H1394Y S795F,1
K503K V236V,1
E773K A484A,1
H1076Y R1416* L1347F,1
K396K E5K,1
R797* R685Q,1
S3776S F106F,1
A3194A P2471L,1
P39P T182I,1
F25F H324Y I407I K138I,1
G308E G308R S340S,1
E2296K P363P,1
V249V G215G,1
F386F F445F,1
A59V T67T,1
D228N E667E,1
E217K R196R,1
F57F K194E,1
I1131I G550E,1
E511K P1535L F241F,1
F1487F Q1249Q,1
Q466Q A436A,1
L131L V122I H2447Y I7904I R102* S2797S,1
F109F T19N A73A,1
I341I E255K,1
P1049P E74K,1
D1438N A750V I2351I Q1749Q F2342F,1
S282L E1072E I148I S170R R1369R,1
F597F F451F,1
G264R K1757E,1
S548S A206V,1
Q1374H T1023T E928G V427V,1
Q1903K R1215L E1128*,1
D197N V3V,1
A1701V L682I,1
L1012R E779K,1
R489H T323M,1
D756N R211*,1
V140M G239R,1
S4903S D4685N T3152T,1
R349Q A571V,1
R1123Q A823V,1
R1777C R1733C R910Q,1
V1518I G745G,1
R894W T712M,1
V569I A1327V,1
Y1549Y V597M,1
Y2344Y A2177V V61I,1
Q3741* R185H,1
Q255R A102A,1
R1137H D1083D,1
I66I T132T,1
A630T R252Q,1
T252T V977V,1
Q181E H170D,1
M5619I E1766Q,1
H49D I113I,1
R1320P R1531T K1624N,1
S241F Q269E,1
E141Q S623F,1
Y145C F128L,1
E234* L32F,1
*334* E321D D266N D265N D253N,1
A421T F565C,1
V533L D502N,1
V290V D225H,1
A911V D263E,1
A1759G C403F,1
T117T P218P,1
S2091S L893L,1
S703S R1298C,1
A282T R215W,1
T1255T R2332R T4064M R4638W,1
R672M G1462S,1
Q1571E P153Q,1
R267W V86V,1
H1161Q L265I,1
N219Y T422I G489W G587C E662*,1
G4445R S4382S A2113A A2106A A1697A L1321L,1
L2222L L1015I M997L V933F,1
M1212I G575G,1
Y107* D140H,1
L2340M Q1899E,1
Q2082R Q2156H,1
A387A P720H Q1022K,1
W225L L140F,1
M731I P304T,1
P1529L T1137T,1
T1014N D35Y,1
K666N S612S,1
W982L Q919K,1
C2491W M1996T,1
R750I P821P G2273V A2458A E3271V P3579R L4259L L4318I A4506E,1
G9D N334K,1
S497I A663P R819G,1
Y101C T560T,1
C917C R972*,1
G4012G E1165K,1
D600N R548W,1
Q1641Q R126H,1
R957C R516M,1
T147I L142P,1
V462A L449L,1
A1390V R877H,1
G10C R187Q,1
S2573R S1783*,1
P30Q L283L,1
V173L K132N,1
D317Y V56V,1
R2151I D2098E Q2039E E1759D Q95K,1
M316I G349E,1
I668I P2677L,1
L336L E641K,1
R129Q R129Q,1
A230V A216A I434I W894* G591E A230V A216A I434I W894* G591E,1
E830K Q739* D605N E645K D696N F765F F755F E830K Q739* D605N D696N F765F F755F,1
F34F F34F,1
P77S R56C G108E P77S R56C G108E,1
R321R R321R,1
I140I G93E E245K R21Q I140I G93E E245K R21Q,1
R78R R78R,1
I709I I709I,1
L188F L188F,1
E633K V598V E259K E633K V598V E259K,1
E3K P280P G171G F223F E3K P280P G171G F223F,1
L508F L508F,1
S334L S334L,1
L77L L77L,1
P978L P583L P978L P583L,1
E596K M55I E938K E596K M55I E938K,1
V116V V116V,1
P654L P654L,1
F41F F41F,1
S188L S188L,1
R443C R443C,1
P316S P316S,1
Q91* P463S Q91* P463S,1
P343S R404* P343S R404*,1
S115S R127W S115S R127W,1
P418L P418L,1
H19Y H19Y,1
P622P G688R R510Q P622P G688R R510Q,1
D127N T622T S620S P568S L806F E185K E206K R348C D127N T622T S620S P568S L806F E185K E206K R348C,1
R1029W Q876* D159N R1029W Q876* D159N,1
T455T T455T,1
P1242L P1242L,1
P28T S1252S L753L P252L P28T S1252S L753L P252L,1
W215* W215*,1
S862L S862L,1
P848S P848S,1
G116G G116G,1
E182K L313R G28R G9E M156I E182K L313R G28R G9E M156I,1
R63Q G58G R63Q G58G,1
F126F F425F F126F F425F,1
P106S P106S,1
G71G G71G,1
P52S F723F L632L G370G R268W W136* G676G G591G I183I P52S F723F L632L G370G R268W W136* G676G G591G I183I,1
P226S F182F P226S F182F,1
G142N W186* V113V G142N W186* V113V,1
G272E G272E,1
E279E L180F E279E L180F,1
R17W R17W,1
L357F L357F,1
S266S S266S,1
H304Y E126E H304Y E126E,1
S209F A586T G504R S209F A586T G504R,1
A1208A T2356T S1063F H1167Y A1208A T2356T S1063F H1167Y,1
K808K E952K K808K E952K,1
Q377* F511F Q377* F511F,1
A182A A182A,1
S150S S150S,1
L63F G130S G341R L63F G130S G341R,1
P419L P419L,1
Q168Q R84K Q168Q R84K,1
F327L E157K F327L E157K,1
L755L F746F F611F V616V A396A S880S L755L F746F F611F V616V A396A S880S,1
R650K R650K,1
R164* V418V R164* V418V,1
A325T R59* A325T,1
E460K T294T K214K E479D E460K T294T K214K E479D,1
S893R E217K F1793F E1759K A263T D91N R1488* H215H S817S D800N D196N E1274E S893R E217K F1793F E1759K A263T D91N R1488* H215H S817S D800N D196N E1274E,1
E37K E529K R134C F690F E37K E529K R134C F690F,1
F143F F143F,1
M333I M333I,1
F154F F154F,1
P349S E264K R286K L80L P349S E264K R286K L80L,1
S906F P550S S906F P550S,1
T396T T396T,1
F648F P78S I676I R600Q F195F Q59Q F648F P78S I676I R600Q F195F Q59Q,1
P998L S1755F P1481P S2140F A1125V S2527S P998L S1755F P1481P S2140F A1125V S2527S,1
Q946* P594L Q946* P594L,1
I414I P808L S509F E164K A527A I318I G178K I414I P808L S509F E164K A527A I318I G178K,1
F855F D628D F855F D628D,1
S573L E218K E385K E187K G71E D307N E162K G396E S573L E218K E385K E187K G71E D307N E162K G396E,1
A750A P1121L E1930K P1843L L1503L A1524A F1407F P1892L I1523I S344F F1729F A750A P1121L E1930K P1843L L1503L A1524A F1407F P1892L I1523I S344F F1729F,1
F1536F G676E D651N S1035S I152I L1324L P647S D1192E G1999E M1068I P1105P F641F F523F L2096L F1536F G676E D651N S1035S I152I L1324L P647S D1192E G1999E M1068I P1105P F641F F523F L2096L,1
G28R S218L G28R S218L,1
K124K K124K,1
G232G P194L H122Y G232G P194L H122Y,1
E218K G164E G179E E218K G164E G179E,1
P573S G97G L448L G512R G39E S482F V216V E33K L318F K81K R284Q P573S G97G L448L G512R G39E S482F V216V E33K L318F K81K R284Q,1
S169A R1478W P529S S913L S169A R1478W P529S S913L,1
V1326V L1053L E1574E F261F A706A P2280S S2207S V1326V L1053L E1574E F261F A706A P2280S S2207S,1
R14Q R14Q,1
K427K F1584F R1320Q I1562I E865K E843K E394K E822K E469K L476L H868Y R764Q D371N T788T S1321L K427K F1584F R1320Q I1562I E865K E843K E394K E822K E469K L476L H868Y R764Q D371N T788T S1321L,1
E267K G135S H169L S58S I395I S186F E267K G135S H169L S58S I395I S186F,1
R286C P26L R286R S408N R286C P26L R286R S408N,1
P527S E458K L207L P156S G178S G574E L446L P527S E458K L207L P156S G178S G574E L446L,1
P163S P163S,1
F406F F406F,1
A1901T E1383K A1901T E1383K,1
I592I G764S I592I G764S,1
I377I N977K L109L F719F P1121L F645F I377I N977K L109L F719F P1121L F645F,1
E63K E63K,1
G284G P200L E121K G284G P200L E121K,1
E368D P114S E368D P114S,1
R617Q L432L E430K R617Q L432L E430K,1
E157K V391I E157K V391I,1
L225F N131I L381L S223F L225F N131I L381L S223F,1
S495S S495S,1
L149L K331K L213F E374K L149L K331K L213F E374K,1
L169F P32S L169F P32S,1
K67K K67K,1
Q157* Q157*,1
G150R I174F G150R I174F,1
E332K S91S A152A L167L R214R E332K S91S A152A L167L R214R,1
S249S E96K M68I S249S E96K M68I,1
A205A G390E *399* T313T A205A A5A G390E *399* T313T,1
L311L E125K L382L F285F L311L E125K L382L F285F,1
S932F F1205F P1248S F2055F G115G L815F L2046L A1239A S932F F1205F P1248S F2055F G115G L815F L2046L A1239A,1
L330F L330F,1
S821F K265K L32I S821F K265K L32I,1
P606L H1752Y P606L H1752Y,1
S1169S S582F G485G S1169S S582F G485G,1
F267F G2E D160N R332C K559K F267F G2E D160N R332C K559K,1
A42T Y337Y A42T Y337Y,1
S279S R120K S279S R120K,1
R308C M569I P595S R475Q R610Q R308C M569I P595S R475Q R610Q,1
S475L S475L,1
R382C R382C,1
R384K R384K,1
L82L L82L,1
H513Y H513Y,1
R303W I148I E788K R303W I148I E788K,1
R173C R173C,1
K659K G308S K659K G308S,1
P34S P34S,1
S544L A805A S544L A805A,1
P211L D54N A321V P211L D54N A321V,1
D680N A319V D680N A319V,1
P83P P83P,1
Q636* M539I E287K Q636* M539I E287K,1
F123L P125L F123L P125L,1
S69N S69N,1
G469E S363S H725Y G469E S363S H725Y,1
T652T L685F T652T L685F,1
R231C A343V R231C A343V,1
G62G R31R K379K Q252* S370S G62G R31R K379K Q252* S370S,1
F733F F427F F733F F427F,1
R61* R61*,1
P172L P172L,1
L156H P61S L156H P61S,1
R176Q L18L S340L I218I R176Q L18L S340L I218I,1
A313V A313V,1
E33K E33K,1
M63I F737F K803K S97N M63I F737F K803K S97N,1
F416F N526S F416F N526S,1
L20F L20F,1
R553C R553C,1
C134C C134C,1
P878L V4405V P4383S P5276F V2937V P1004S P878L V4405V P4383S P5276F V2937V P1004S,1
E77K E284K,1
Q2772Q E1376K G447R R3857K T3177T,1
F1160F R1863W R486R,1
P1239L G1559S,1
L2258L P2748S,1
G149E W517* P210L,1
S114F M434I,1
R19W S277S,1
4_5PL>PL,1
P160L R218K,1
R395R E311K T1295T,1
F468F L399L L1505L,1
L1761R R537R P1455L,1
P47S S49F,1
G782G G558E,1
E38K I452I,1
F411F V326V,1
Q982K A989A,1
F441Y P373S,1
S1313L W385*,1
G1024G G811S,1
S3370F D295N,1
E939K L1104L A893T Q110* G274E F1746F P1511P Q2198Q L1246F F3F L1274L E939K L1104L A893T Q110* G274E F1746F P1511P Q2198Q L1246F F3F L1274L,1
G495G P72L L310L D1089D G495G P72L L310L D1089D,1
P91S P91S,1
P307S T163T P307S T163T,1
E1311K E342K R147C E1311K E342K R147C,1
G359W Q943*,1
171_172WG>*R,1
S423L S47L,1
L408L E1680K,1
G16E E283K P279L,1
D66N A2747T R2408Q,1
S1903F I980I,1
E1892K R5623C,1
G1233G L303F,1
S194F R59C,1
873_874LL>LL,1
V136V A221V G443E,1
P1012P L877L,1
G47R G190R L180L V266V G47R G190R L180L V266V,1
R5179L S1385I,1
I117I S118F,1
P584L S161F V617V,1
E564G R741R,1
P315S R91Q,1
D432Y G81D,1
L91I D65H,1
Q1639H S1242I,1
A382D R20R,1
T1357T S283S,1
H191D I173I,1
R455K I491I L526F P547P F517F L509L Q505*,1
P1093P E650E,1
G57L G240L,1
F843F E726K P276S D534N,1
A1812T D2458N,1
E352K K543K,1
M21I V9I,1
P102S A205A,1
P1801S P839L,1
L99L R167Q,1
M696I H744H,1
P1045P E886K,1
S1986S L1803L H1985Q,1
P38S R826W,1
F413F D291N,1
D866N P1359P R1337*,1
H166P T231T,1
I625I F1109F,1
P305S R147K,1
G366E M678I,1
D821N P89P,1
361_362AL>AL,1
G222E G339E,1
G186D G288S G981G,1
A76A G352L,1
K224K I289I,1
V191D F1078F P647P V191D F1078F P647P,1
F1041F E602K K1186K G1311G W173* R248K F1041F E602K K1186K G1311G W173* R248K,1
R853C E457K R853C E457K,1
V24V E236K V24V E236K,1
W293* T116T G4E A229A E73K G299G W293* T116T G4E A229A E73K G299G,1
G175S G175S,1
S169N S597L S226F Q647* E181K E229K S169N S597L S226F Q647* E181K E229K,1
P749S A469V R813R R389R E44K P749S A469V R813R R389R E44K,1
R74R R74R,1
S11L E354K M49I E85K S11L E354K M49I E85K,1
I36I I36I,1
Q180* Q180*,1
R767C R767C,1
A406A P159P A406A P159P,1
I31I I31I,1
R214C R214C,1
T300T F447F D241N R299C S885F D893N S870L T300T F447F D241N R299C S885F D893N S870L,1
V164V A439A A96A V164V A439A A96A,1
P153S D223N P153S D223N,1
S266F R178R S266F R178R,1
Q578* P654S Q578* P654S,1
L735L E909K L735L E909K,1
P223L F771F P1016S G722E R489C E468K E614K G346R P223L F771F P1016S G722E R489C E468K E614K G346R,1
T178T Q678* T178T Q678*,1
P851P P851P,1
K88K K88K,1
R773C R773C,1
F185L F185L,1
H325Y H325Y,1
P356S P356S,1
R233R V218V E355K P407L R233R V218V E355K P407L,1
A431V L108F P471L A431V L108F P471L,1
S876F L228L L925L R600C S876F L228L L925L R600C,1
E410K E410K,1
R362Q R362Q,1
P201L P201L,1
L189F L189F,1
P178L S189F P178L S189F,1
P476L A269V G174R Q16Q K704K V195M S106F E660K P476L A269V G174R Q16Q K704K V195M S106F E660K,1
G159G G159G,1
S273F E169E S273F E169E,1
P258S P258S,1
W358* W358*,1
G1262G G1262G,1
I297I M131I I297I M131I,1
I391I I391I,1
P66P P66P,1
R464* R464*,1
S566L S566L,1
A294A A294A,1
T524T F221F A380T P336P L666L L40L F83F G1327R P662L E1479K T524T F221F A380T P336P L666L L40L F83F G1327R P662L E1479K,1
L1012L S1009F I156I A268T F1376F W699* G62D F1201F L1012L S1009F I156I A268T F1376F W699* G62D F1201F,1
T68I R149K T68I R149K,1
L1410L P597S S926S L1410L P597S S926S,1
I301I P207L S1381L S961F I301I P207L S1381L S961F,1
F120F F120F,1
S265S A588T S265S A588T,1
H588Y H588Y,1
E470K G90E L962L S136L L71L G1074E E470K G90E L962L S136L L71L G1074E,1
Q869* M1304I E666K E942K K1136N F328F G323R T550T G1267S M1202I Q869* M1304I E666K E942K K1136N F328F G323R T550T G1267S M1202I,1
C193C Q174Q T581T G250S C193C Q174Q T581T G250S,1
R219R V539V R219R V539V,1
F386F F386F,1
I272I I272I,1
I304I I304I,1
K572K R570W P505P M5I K572K R570W P505P M5I,1
R372R R372R,1
E490K P37L P13P E490K P37L P13P,1
G532G R681C G532G R681C,1
H321Y G67S L316L G470G H321Y G67S L316L G470G,1
A432A M393I A432A M393I,1
E193K F49F P111L F55F T194I E193K F49F P111L F55F T194I,1
L80F V171V L80F V171V,1
D545N E70K G45E D545N E70K G45E,1
A96V P899S G345R E1016K F1264F E241K G267R A96V P899S G345R E1016K F1264F E241K G267R,1
R239C S33L R239C S33L,1
R585K M701I E168K R585K M701I E168K,1
S348L P982L S348L P982L,1
G69E V664V R333Q G275E P295S E270K G69E V664V R333Q G275E P295S E270K,1
R1526C R1567W,1
G667G V56I,1
V194I L338L V194I L338L,1
L630L V757V,1
V635I R27H,1
L191L N127S,1
G45D D44N,1
K467K V233I,1
Y243Y R439H P126L,1
I171I E2046E,1
N427N P1250P R360C D504N,1
P4145P R2087R,1
F45F I768I,1
C813C G926S,1
Q544H P639S L245L,1
R938S P754P Y100H,1
V185I V263V,1
L2482L L349S T434A,1
N280N A39G,1
L862L T84T,1
L28L A769A,1
E1284D A909A,1
E1143D N461N,1
G1022G N567S S992S,1
H237Q Q178P,1
D287D S1489C G648R,1
A584T T631A A864A A1513V,1
A433V H521Q,1
H302Y S645R,1
S222N F243L,1
R1762H N979N,1
V1110V F319F,1
S1349S P28P,1
P901P L941L,1
G470E G692R K165R L117L,1
E79G F148L,1
Q427H A924A,1
K823K L1005L,1
R866Q C907C,1
P1903P S1051S A995G,1
Y247Y A1195A,1
A248A A114T,1
G108G D72D,1
T279T A1235A,1
W452C L33L,1
S444S L427L,1
T283A L715S,1
H122H E264E,1
A17A P484P,1
S849S T710T,1
L1276L I270I,1
A1738T L1739P L302L A168A,1
V145I R819R H480H Q658Q,1
L287M S883S T535T,1
Q486L P1086P,1
A2443A R3043R T538M,1
E278K R720R,1
R41H Y1112Y,1
L88L N304K,1
P318P D28D N317H,1
E628E S662P,1
T132T N381S,1
N404S Q181Q E383K,1
A542A D500D,1
S906L A658A,1
T1184S A827A,1
D71D T359M,1
M728V Y733Y,1
D247D D323D,1
D557H Q547R,1
G75G P36P,1
R707C S304S T789T,1
L749L D907D,1
R532Q L484L,1
S521S C135C,1
D1049D H39H,1
A103A C434C,1
I201I N294N,1
H462H A709A,1
S469F P352S,1
P2341L P1658P,1
V421V I567T,1
298_299KP>NT,1
R1668W E1408K,1
T307T N1119K,1
R273L G154V,1
Q21E K52E,1
T468N S494T,1
1181_1182ML>IV,1
V231V P324S,1
A120D W112L,1
569_570HG>QW,1
T335T F142F,1
A508S Q1051H,1
D811H M292K,1
D409Y P4P,1
E1732G R3458L,1
A508A E963K,1
E2590E E2711K L2794L,1
E243Q E154Q,1
E350D L729H,1
T884T I861T R46Q,1
D28H K29R,1
R100Q Q1095R,1
R1301W A1185A,1
G1086C A989T,1
E2649E R3570H,1
G595S T954M,1
R88Q C378R,1
V2146V P481T,1
N958K R319C,1
K802E H188R,1
V212V C34Y,1
I73I R166H,1
P2823P G547V,1
P347P R825Q,1
K1623K T1136N,1
P1472P G655C,1
A2417T Y2505Y,1
R58Q G637C,1
E145* E141K,1
N318K T2115T R2313H G967D R2185Q,1
A2971A E2548Q P572S S1047L,1
R959R V372I,1
S374S G217R,1
V385V S490N,1
G1382G L983S S1135I,1
D1063D P642P,1
T1662T M3339T T978A,1
P607P H583R,1
E116E A295T,1
S319W T373T,1
H641H V10M T631M,1
R761K L685L,1
P527P I639V,1
P291P Q1565H,1
K1384K A1716A A1066A,1
C282R Y526H,1
A255A A1302T,1
P721P T595T D4324D,1
T76T A456S,1
Y836Y V1168V,1
A325E V136L,1
L12L S24A,1
P2344S R2697H,1
E753E P564P,1
T1580T V548M,1
E15E T102T,1
T45T S156L,1
Y807Y G814D,1
M870V K427K,1
A101A S93S,1
T413T V109V A81A,1
D1729A I444I R2379C I1708V T607T V2472L,1
S922L E698E,1
R1125G K1130T,1
L7L S2F,1
D1182D T2458T,1
I809V D1231D K2187E A957V T1054S P1050L T853R,1
L527L L249L R652Q,1
R109S G130R,1
S1302S L1059L Q1809Q,1
Q513P P17P G975G P563R,1
R134C V247I,1
Q269Q P432L,1
R1660C V1205M,1
R765L Q1617H,1
N501N D1035D,1
Q5894* S5427I,1
T2136T S810S,1
S840N T625T,1
S4408L T3071M Y3001C,1
E382G S596C,1
T304I R1926C,1
Q1396Q A1154A,1
S870S T1152M,1
G15G G2151S,1
P1162S A846A,1
V134I S177N,1
R654H D264E,1
R2194* M2208T,1
N744T T676T,1
L28L L28L,1
K1622T L1557R,1
E1786D K54T,1
L744P I228L,1
L2343P L1173L,1
S243T E300D,1
L288P K459T,1
Q483R I73M,1
K1852R S2553A,1
I377L K369N,1
G190G L107P,1
A547A L549P,1
P1188P K864T,1
E358A I709L,1
K13R K17R,1
S72S F414V E464D,1
E287A S914S,1
S1480S E1258G,1
G728E G728E,1
K785K K785K,1
S851A T1268I,1
V121I R2563R,1
Q4983Q E1440K,1
V1561L G1387V,1
P1604T H532Q,1
H2392Y D801D,1
E809K P352A,1
I704M A323P,1
L802L S940F,1
L1666L G571G,1
G525G H646Y L698L,1
P184T P184T,1
V203V V203V,1
Y77C Y77C,1
E303K E303K E78Q E78Q,1
V1830V V1830V,1
G490R G490R,1
P2320T P2320T,1
N268N L267F,1
C948C S1493N,1
A730A A730A,1
E13Q E43Q,1
K36R K36R,1
A128A A128A,1
N3517Y N3517Y,1
E73Q E73Q,1
D498E D498E,1
I71M I71M,1
I440M S325C,1
P3856R T1617T,1
W1801C A43T,1
R232* Q1152*,1
E364K R457C,1
E1449K D802H,1
E511Q W529C,1
164_165KA>NS,1
D161N V159V,1
P6555P N5949H T825T,1
N1371I E1731K T2444S,1
L661R N969T,1
Q683R S529G,1
S1244T R81C,1
P26L V249V,1
P1108P E623E S972L,1
L855L A1406A,1
K252K A253G T256A,1
R1228R P2150P,1
46_47MQ>I*,1
S1387* G630*,1
L2245L R994L,1
R263R N414N,1
H40Q S160Y,1
Q1360K H1187N,1
V3818F R2558R,1
G2120C R143L,1
T1387T V637L,1
R510L F230F,1
D1207Y E147K,1
I255I E441E P439S I81T S296S,1
S3326N K2247T,1
K2152M V1732M Q1402R,1
V618A A3A K1033K,1
R2312P T1362T T330M S2964L T2849T T2942T,1
A603V F590F A274S,1
V904I L864L,1
E284D D47N,1
A135A F49F,1
G848G S130S,1
A154A T2042T,1
M384I N770D,1
E429A A482A,1
Q461Q G643G,1
S356S S356L,1
A630T F616F,1
D430D S172S,1
E1317Q A1755A,1
V886V D844D K3434E,1
N5S S243S,1
E114* V735V,1
E150* E147*,1
P244Q L1514L,1
G348A T1519T,1
L3623F R3116R,1
P1273S A1193V,1
Q1145Q M2018I,1
P1400H A1675A T1798M,1
D232Y G322V,1
E42D S39S,1
S788R S782T,1
T92T P66T,1
L1890V V2761M,1
K1199E K1199E,1
P569P P569P,1
Q136* E108*,1
N192D N182T S171R,1
K2908N A4244A,1
H1784Y A34D,1
A923T S737T,1
R220R A304T,1
P1611P P1128Q,1
A2554T S998L,1
Q428H V161M,1
A1909V A43V,1
H2220Y S3394L,1
R783R L578L,1
A416A D761G,1
R1181H A975V S200F,1
S750S G275C,1
A375A K539N V907A,1
L547F R447W,1
G616S D447G,1
H1848H Q890Q,1
G463* S42N,1
G2544R D2380D K839N,1
S225G R455W,1
R767W T1284A L1727L,1
N63S A4V,1
K352K R448*,1
S166* R158H,1
R31Q Q344*,1
V1654A R1610* I1232I,1
R144I K1011N,1
F223F Y344Y,1
F161F I41I,1
E143* D602Y,1
P140H P128L,1
R979Q R1016C,1
A497G P437P,1
F148V E431A,1
R112I R617Q D1038N I1451I,1
S1765S R1263Q D522Y,1
E593D R1082I,1
H819R K510T,1
R177Q S12L,1
I413I D99Y,1
K654N K580N K43Q,1
E1840* K682Q R245I,1
R282W S394L,1
F1718L D1378N K830Q,1
D33Y E82*,1
N65N Q432H S530Y P1345T C1734C S2511Y,1
G333D R234*,1
F417F E343D E209D I104I,1
E236D K456N,1
F67F E108D,1
Y291Y L448L,1
L216R S97I,1
K268N E169K,1
K37E F113L,1
R129H L251L,1
P771Q S507F L73L,1
P73S D1394Y L1839I V2032V,1
R526Q S374S R228I,1
Q1866* F1517F,1
S7023F K6957N L5386L S1686Y L344V,1
E563* R952W,1
E751* F128L,1
M739I G389D,1
E1593* K1057I D855Y,1
V1137M E1119D S747F L170V,1
V55L D79Y,1
E671D R587W,1
D3230N V2397F V1240V,1
L1611L T1908T,1
P583L Q309H,1
V1124V D950N,1
R154Q E139*,1
I1052I A1029V S837N,1
V1371V R510R E177*,1
F129S K217N,1
E561E I254M,1
K4202T K2946R E1163* D1121Y E137*,1
R255I E150K,1
R1006Q K1104N,1
R518C M72I,1
R396L R362*,1
V182A E364*,1
M613I T570M L463I K95T,1
E93D E471* Y1146Y,1
S3090S L2337I L2312I,1
P30Q Y336*,1
S314Y E123K,1
R194H P345P E560* V625L R1010*,1
V19V S281Y,1
E431* D288Y,1
E208D P282S,1
F304F L647V,1
F186F F611S,1
D121Y F77C N38H,1
E714E P286R,1
E230K G170C,1
E497D Q423P,1
A3729V N2269D Y1557S R1136H,1
D94N E171D,1
S457F E122*,1
R426H F1041V R1149Q P1746P,1
S396I L614P,1
P755H S868S,1
I180I R215H,1
L583I P617S,1
D1414H G705V,1
M486I G91R,1
V412A R1426P V2658L,1
K88N A9D,1
Q432H K754I,1
Q729* A1739E,1
G504R Q80Q,1
G2214G P1224Q E90*,1
G481V P1780P,1
E244D K189Q,1
T46K G76S,1
R572Q R572Q,1
S440N S440N,1
G460S G460S,1
G554D G554D,1
G1234G G1234G,1
V827L V827L,1
R770I Q702K G214V,1
N182Y L368V,1
K857T S823R,1
A394S E728V M1098I,1
M1833I G2509W,1
N59I D36Y,1
A154T N303K,1
E1072K N1017N D578Y,1
V640V S594R,1
Y1584N K282M,1
L366L Y2553S,1
A203S V375V,1
Q322Q G1283W,1
R1346R Q399L,1
L1234I W511C A202S,1
L1607M Q1104*,1
D1765N E1353* G988C D464E,1
F1846L P509T,1
P305L R166L,1
P42Q Q198H,1
K1732T Q1699Q,1
I466K C299R,1
S4G E142*,1
G461D K568Q,1
Q2261E F2394L,1
I1219I P1289P,1
G499G E1507K S2056Y I2571S,1
R695Q E300D,1
L111V I189I,1
K983T R749Q K492R,1
S381Y F435L,1
C362R E156K,1
R273C V197L,1
F1051L R828Q,1
F271L T540T,1
E420K R158C,1
R1216K K1517T E1863K,1
L915F H1566N,1
N340H K373Q,1
K162E D155N,1
Q326* R239W,1
K1954R K1363T,1
Q668P D372D,1
E79* E79*,1
Q1051H D152D,1
P3258T A3696T S4028W,1
E547K F1134L,1
R175H R175H,1
H456H H456H,1
R8110H R8110H,1
R5W R5W,1
K1680N K1680N F1374I F1374I,1
K6736Q Q2308H,1
R166C I160I,1
R1488* L1424M,1
P789S D965N,1
E2012K E2009Q,1
T5796T H649Y,1
R1076C E974G,1
C238Y Y205C,1
S633Y E737E,1
R1496Q E1148*,1
L745I R1054* K1219N,1
R1497I E1926E D2679N,1
E176K D4Y,1
R840S E950K,1
E1436K E655*,1
F354F D523G,1
R1310C S758S,1
A1864A D681N,1
D84N N464D,1
L2503I R2041R,1
D1212Y D987N E970*,1
E465K S310Y Q246*,1
T393T I652I,1
R1325W E616* K474T,1
E399A D396N M221V,1
R52I R68Q C409C,1
R86Q D386Y,1
V233I V440V L1691M,1
P1111P A712V D65D,1
I214I E165D,1
D185Y R425I I754I,1
D710N R652*,1
Y732Y R272R,1
D629N E51K,1
R3391Q R2777I L2648I E1706D R1324C,1
I123T D304N,1
E1051* A500S,1
E150K D86N,1
K356E E13*,1
E897* S710Y,1
N299T S503L,1
E445* E466* E750D,1
P330T R661*,1
L241M E495G,1
R96Q L3I,1
E155E T308T T427T,1
V113V K131N,1
P184L G275E K567N,1
V869V F1843F,1
Y1442Y S268Y R198*,1
R211H Y238C,1
K455N R322Q,1
L201L E93D,1
V2509A S3642Y,1
E270* S392Y,1
S770S Q803H,1
R318* E494*,1
F1223F D1127D,1
I296I C331G,1
E1037* I616L R551I,1
E225* R67Q,1
L592I K486N,1
E1285* G1008* G585V K493R R246I,1
R2107H S709L,1
R2014K S264I,1
R342* Y220C,1
D79D S1704N,1
P744S Q478K,1
K82T E651K,1
V323A S626Y S1020S,1
R309I N234H N123D,1
L2364I R1739Q R1171I I528M E28*,1
I1313I R1246C S1103Y,1
P288S E1382D D1420N S1597Y T1785I R2268I R2418I,1
E962A R610R S561Y,1
R597* N676S,1
G196E S137Y,1
I165I F429L,1
A1103A E648* R632Q P537P D391D,1
S921L I245T,1
L699S L392I,1
E141K R1067I,1
R1119* R763*,1
H413R V294V,1
F992L L938I,1
R143Q S35L,1
R828Q I1460I,1
E1223D Q330H K18N,1
C953Y S168F L95I,1
C5034* T6891I V5956M V3177G E4013* H2311N R1073* R919C F176V,1
L301M E2688K,1
P457L L450M L195I,1
N424H G316*,1
R892* P1739S,1
E120K K654N,1
S699G R1005I,1
F224F Q855Q,1
R486Q K689K E1515*,1
R206W E475*,1
E270K D1350N,1
E1491E R973W P188P T120T,1
S250Y S138Y,1
E204* F316L,1
K101N E298D,1
S114S S305R,1
A131T T225T E445K,1
F805F D499Y,1
G336G R2610*,1
R290Q K560N,1
F188C R690*,1
K96K D335N E339* F361F R450H,1
P416L F2943L,1
E723K G190R,1
E483D K584N S693Y,1
S395L F345S,1
E73* D1837N L1876I,1
E1505K R1254C R680Q R301H E77A,1
R74Q V1435M,1
R500* E292D,1
R1800H K1541N,1
R471H S184L,1
Q1742Q K552N,1
K1107N P308L,1
Y2023D S1848Y R1721I D222N,1
E1799K I194V,1
R377I R76Q,1
F379F F486S,1
A3179A A3062A D2833Y T2606A E2564K T1849P T1635A N941N E465E,1
D396Y R49Q,1
R409Q T195M,1
A1601V R1847Q R2088I,1
E194K R566Q,1
F223L S462S,1
T235I K1003T,1
W573R T277M,1
E2114K Y1868Y D1552N S1220Y L803M E176*,1
Q294K F533F V747I,1
W237* T144T,1
L159F F433F,1
V2242V R2182C I1901I E576*,1
R5106C K4810T L1626W,1
S1690F D1441Y N1338S T340A,1
K181N E127D,1
G328V E681*,1
T953M P470P,1
R392I S142S,1
R1165I R956Q R790Q R562Q,1
E511* K79N E51*,1
K123N V38V,1
L573I I1349I H1570R,1
F576F F623L,1
K19Q E705*,1
I266I V331V,1
E768* V1156A,1
A785V E19D,1
S324L F115F,1
P923P P1460S,1
E1176K E988*,1
D1090N R1411C,1
R140Q T279T,1
Y92C F99L K157N K395N,1
R145I S21S,1
L124R L49I,1
S4148I L466S E117*,1
R483C F781L S832F,1
E130K E247* R265Q R346Q,1
K325Q R503Q,1
I935M I935M,1
A276A A276A,1
S18L S18L,1
T123A E179*,1
D1145D R347* R338C,1
F34F K353K,1
F43L E327*,1
I207I F8F,1
R346I L404I,1
E750K R798C,1
R371I E284*,1
S129Y D367Y,1
D1354N S324Y R190Q,1
F323L R1939*,1
D365N D1367Y S1666S,1
R1668I G85E,1
F259L R326* P1040T S1254Y,1
P857L L1166V E1230*,1
E2671* E2493K E1342K R1235K D910Y E283*,1
R642I G445*,1
L3412R T2443N F2216I R1967* Q884Q G618G L553I,1
I1371I R1191* S1000L L597R,1
D134Y I170L D291N,1
E156* Q84*,1
K1211T F555F,1
V1181V E793A F34L,1
D197N R6K,1
E341K E465*,1
F312F A245V,1
L478F F892L,1
F313L S142S E110*,1
R826Q E228K,1
E536* E470A,1
R446I E425*,1
D492Y E1103*,1
R27K F440L,1
E97* I437I F3599L,1
E288E M162I,1
A380A L408I S501Y,1
A7152V K2906N R1726I Q1688H K1765T S1339S L406I R53Q,1
S574Y F523L N319T,1
K65N R18I,1
F350L Q182H,1
E1841G R1231I L817I,1
E692* R1246C R1318*,1
E1091* S886*,1
Q78Q V409V,1
I420V P783P,1
R1059R R924*,1
E251E R317I D482Y E654*,1
K132N F204V,1
N571K S206L,1
S404L I296I F133F,1
E136* E761* E1544* P2170T,1
R793Q R46Q,1
S656S R33I,1
I512T F39F,1
F29L E93*,1
Y847Y N687H,1
F2710C F2816V V3760V,1
D1383A D846Y Q42H,1
Y313F K710N,1
E206* P295L,1
S1865Y S1769Y S1574Y E1222* R994C E383D R316*,1
E790D D500Y,1
K37T T79T,1
E794A L573I A376A,1
L671I S620*,1
L36L K550R,1
K1254T F1035L E495K,1
P111L E244E,1
R68Q I128I K353T,1
E510* L759I E897* E2476*,1
G32E E369K,1
E335D R388H,1
E92K L123L,1
E411* F1162F F2066F,1
K1260N W1535C S2322L,1
F563F I346I,1
V192L E282* E370K V439V E743*,1
A440T E417K,1
S383L F959L,1
H742Y H742Y,1
E74* K925N R1815Q,1
K897N S1023Y,1
E1034D F893F,1
R345I K67T K37K,1
S659* S733S L1583L T1702A E2198* A3014T,1
R88* N704N,1
K215N E52E,1
I789I R956W,1
K432N T826T,1
V890I E535*,1
K122N E169* T319I,1
I532I Y485H,1
R207* R113I,1
S24Y R1231* I1059I,1
T514T E987D,1
I521T K596Q K681Q,1
L2065I R1813*,1
E348* E319K E129*,1
N794H A338A F179L,1
D468D P1132P,1
S498R E561*,1
E1087* R1048* K954N,1
R1588C N1486N I1207I S578Y R403W,1
D548A S401Y,1
D1456N E209*,1
N682D T545T,1
E372* R59I,1
G439* G540G,1
V530V F336F,1
P1270T L450M I357I E161*,1
E2611* R2179R S1672I H1419P E940*,1
F221L R580Q,1
S717* E1012*,1
K54T K106N T169I,1
R289I E1283D,1
I328F T948I D1568N,1
Q658H S401L,1
E84K R457I,1
A96A V67V,1
E2841* K2387N R1523* I1239I E1018* G819* R743C,1
F309L I99I,1
L512V F137L,1
I413S T76I,1
R89Q S403Y,1
I121L G42E E32D,1
I228I E53K,1
K382N E365D T31A,1
K547N S566L,1
V513I R835I I924M K948T,1
F705C V866I,1
E694D G953*,1
D742Y F434L,1
E249* S892Y,1
I214V R516Q,1
R1112I V977V R784Q R290C,1
W268* D243G R222I,1
N2013N R999C T952M R590Q P215P,1
E468D N773H L981I,1
K328N E633K,1
A84P I36I,1
R471C V721V,1
K855T R1405R,1
P383P S267R,1
S290Y L238*,1
E120* K101N,1
E204K G44*,1
C318Y R1186*,1
T342T L564L,1
F428C F781L,1
D142Y I334I,1
S581S D12N,1
S501S E799A,1
T65N F147L,1
E588* R616H,1
V242L E101*,1
K635T R347R H298H,1
K42T K257E R300I,1
G159G L133M,1
R321* R156K,1
E1151* E1723D L2259V,1
R432C D299E A22V,1
A22A A329T,1
T1049M R824H,1
E998Q Q1758Q,1
E1003K G763G,1
I118I R910Q,1
G94D S25S,1
G614G S1384G,1
V702I L210L,1
T1610I R1725Q,1
Q338* R1868*,1
R69Q P964P,1
A337T L277F,1
H2593H N3975N,1
D1276D A929A,1
G458G E135K,1
A2956P E2966Q,1
T498T G82R,1
I1882I P1410L,1
R590C I1194I,1
G15D V159V,1
C6798Y A368A,1
A2113A A2106A K2047*,1
A184V H368H,1
L706F T734A,1
L724V Y931F,1
R166R E140G,1
R93Q Y1021C,1
R1180R R913L,1
D800N F710F,1
A243A S267*,1
D11N D31Y,1
A2113A L1321L,1
P1003S G174G,1
G3296R L675L,1
D793N E1369K,1
G1486R E539K,1
S180S D100N,1
S8232F K5495K N8070N,1
L81I D541Y,1
L99L N825N,1
L1177L S2073F,1
Y674H V814F,1
S372S T480T,1
Y2576F F1486F,1
S269S T286T,1
G179G A408A,1
H22H G49W,1
Q924* P44P,1
F157L S1042F,1
R107H E468E,1
F336L I71T,1
G273R V155A,1
C521Y R258R,1
A368V E646K,1
D3546V G3739G,1
E412K R1800C,1
E1815K S4028S,1
R31R P211P,1
R882K E379K,1
M867I G820E,1
F513F H641Y P913L,1
G449E A562E,1
R48C F1192F,1
R1733R F1168F,1
S1340S 1529_1530AL>AL,1
G1797K S1983F,1
E227K D449N,1
D1229N G1402K,1
L52L P431L,1
L905L P904L,1
E1488E S2284F,1
P297L L111F,1
L446L S1178F,1
F2059F A1365V,1
G69S L213L,1
V1499G F1676F,1
R3070L V3008L R1676R,1
I225I R228W,1
V216V F182F,1
S2901N A2041V,1
C401R Y241H N64N,1
R478Q R1011Q,1
N1138N N232D,1
P49T T54N,1
R492Q A504T,1
A938T R246Q,1
A1729V P686T,1
S2856I A2515T R256C,1
R1509C R484M,1
P1127P A563V,1
E91G R89Q,1
E3092D R2545H,1
T146M S23R,1
N312N A20T,1
E2617G C1959C G28S,1
A241V V777L,1
R1793Q H1288H P256H,1
V218V P38P,1
F295F E418D,1
E110* F265F I428I,1
E488K F700C,1
I3721I I1855I P1053P A619V E473E,1
R383C E705D,1
L41F K134N E169*,1
V545M I378I,1
Q585H E571D,1
R579Q G342R R11*,1
F252F L409R,1
D939D R1329C,1
F672F M324L,1
L405M L140V,1
T679I E472K,1
G872V G763V S644S V345V E273*,1
T1537M D462Y F135L,1
S824L R130I,1
V2281V Q4201H,1
G155C P309S,1
E361K I289I,1
C6F R149H,1
A196A G560K,1
K247K R309H,1
R480L A1542V,1
F328F R842Q,1
G2217N V551V,1
R1263* D1796N R1782Q,1
V1614V S4800S,1
P130L S509N,1
A206V E230K,1
P1203S A498D,1
F218F M147I,1
R83Q P422P,1
R2554R V427V,1
G2287G R546R,1
K381K L383F,1
S2199S H186Y,1
R1881C R97C,1
E477* I2661I,1
G625D Y334Y,1
E273D K329T,1
V937I A94T,1
A189P C607F Y742H,1
M9I L246L,1
R1198C P675T,1
V411V A454A,1
R1831Q P1299T,1
P652Q A609T,1
T284T D308D,1
G1010R P745P,1
S385S R517Q,1
G1432R C1201Y,1
H44H A539T,1
R693R R121C,1
I1610I R1268W,1
V344A C604R,1
A227T T787A,1
L761L A616T,1
L686I R434R,1
V874V T1141T M1260I F1306F,1
A730V L840L,1
E1680K W1586F G466G L1737L,1
F152F R375Q,1
V423I V427L,1
L227L S158*,1
V421V L102L,1
I265I S912F,1
P555L S2307L,1
P347L R117M,1
91_92NH>KY,1
Q386R R854G,1
T701T V745V,1
C136* R233*,1
H3262H Y423C,1
H3049R F2516L,1
L866W M1043I,1
L332L D2112G,1
F299F Y100N,1
116_117LG>F* W908F,1
K1760N E1477E,1
S1424Y L1705M C2622* L4133L V4148V,1
L139L L188L,1
E522* E460K,1
D2889H L2716L D2680H L2193F,1
R211R G1303V A3192E,1
E1395G R557S,1
E1161* A1127V,1
P1885T R1960P,1
S277I L276L,1
R791Q G574S,1
Y233* W298*,1
G573D G1107E,1
S370F D371H,1
R1428Q P2210L,1
R124* A242A,1
I3001I L3393L E2669K,1
E1258K T3026T,1
T466A K599N,1
A539A G2139G,1
G2339W L3109M,1
I408I E328*,1
R1529C S504S,1
G1383G Q261*,1
R304G A121A,1
Q37K I62I,1
348_349LE>F*,1
G481V I480L,1
355_356QG>H*,1
P299H P1076P,1
G358R R247*,1
P1284T G935W,1
P403T P518H,1
G29W G379V,1
P1042T P610P,1
L3362L G2073V,1
G1445V P1882T,1
L290I P275H,1
R1140C C490C,1
R161W Y1859Y,1
S472S I307I,1
T577M G573G,1
P830S R606C,1
S564S F519L,1
R616G L629L,1
E316D M1116V,1
S244C I249I,1
Y2004C S268F,1
V144V E129D,1
T1099M A1386V,1
S2832S A1728A,1
L2923L P2194P,1
T998T R540H,1
D1076D S523S,1
E1959K P1151L,1
R276W R230Q,1
G540R V528M,1
S36* S36Y,1
E1126Q D1386Y R1570T E1895K D1911N,1
V52V K75K,1
P587T R147G,1
P4823P P519P,1
E1038K D1836N,1
E1496K E1159K,1
K6901E E4708D,1
R2360Q G3970R,1
M1150I M1150L,1
1762_1763QG>HC,1
T198T P610L,1
L38L Q40H,1
A790A S4389F,1
2213_2214LE>F*,1
L524L A1058V,1
312_313EQ>D*,1
V225V F240L,1
R266T D84N,1
H254Y H338Y,1
L935L S1326C E1478K,1
K24K E1044K E1136E,1
S3083L K826K,1
M107I V76V E2K,1
E1744K V1352L,1
E625Q E625Q,1
E629* E629*,1
E286K E286K,1
R637H R637H,1
R252C I981F,1
I48I I47I,1
G23V R28Q V29A G30G,1
R1171R D104N,1
Q1718H A1101S,1
F4061F E4085K,1
I665I D582H,1
S387F I288M,1
S1192I S1192I,1
M1053T L134P,1
T1234M G782G,1
R3458S V4276L,1
R553P F1111L,1
E2470* W2521C E2554Q,1
D128H Q248*,1
R884W M915V,1
123_124MP>IA,1
D54V Y86D,1
W362C G2132C,1
V4055V K2755* K1401T,1
L2252V P1704S L1333P,1
Q4519E G3821*,1
A35T R480L,1
E18A E19A,1
A2521S R1804H,1
I133I S223Y,1
Q1914* E1266K L1191F,1
E1107K L778L,1
I2143I M1748I L1119L,1
Q138E S200C,1
I373M L280V,1
K81I F82L,1
E177K S3848C,1
P2024L S1236Y,1
R261W E1619K P562S,1
I196I F315F,1
E47K G46*,1
V281V L391L,1
G329* P587L,1
S144S E209D,1
F67F D390V,1
P806L V956V,1
G1550G P549P K458T,1
P155L V1263I,1
S635S S536F,1
K1964K A332T,1
N1669D K3570R,1
D319G Q227L,1
F1027F T398T,1
P1388S G188K,1
A2419V Q1006*,1
P215H G376V,1
G252V P475T P676H,1
E1765* P1069S,1
R74Q D1161N,1
R232Q R172C,1
E215* E206K,1
R143Q E316*,1
N754D S178S,1
E1967D E498D I413M R277Q E203*,1
F106C S158L R931* F1474F F1873F,1
T1365T K414N,1
S1263Y D1218A P1183P F1017L I973I,1
F129L P683P,1
A1311T L1875L I2062I P2533S E2570*,1
R1016Q H1200H E3758D F3898L E4540K F4576L,1
K1804N G1546E R466Q,1
D2261Y D2717N,1
L1673F R1584Q R273I,1
I657S E1006D,1
F2722L L2595I F2182L F2043C E1967*,1
H178N D252A,1
F342F V73L L6V,1
L129L S615S,1
N135D R22Q,1
E1317* V862V R709Q F685F,1
R7999Q I7747V N7486D Q7399H E6719K R6053* A5199V K4559N F3821L V2560V I1285I L123I,1
I2156M E817K,1
D118Y F840F,1
F230L L502L,1
E410K I347L R156Q,1
R766G R35I,1
E352K K639N,1
R168Q F140C,1
A343T D1411Y C2262C,1
F2014L I1608I R677C,1
T2235A R1158W E868K R425L E149D D78N,1
A1135E R3196Q,1
R731Q F570L S84N,1
F142C R429Q,1
S190L N93K,1
R19C R95*,1
S557H R1093* D1294N,1
G243V P231T,1
S64Y R101C S263F,1
F182F F450F,1
R1912Q R1504R R460* E190*,1
R439K Q567P K1651T K1779T,1
K3225E R2978* K2442T S2161S S1396Y E1163* K172T,1
S399Y I27I,1
E774* K138N,1
E558K K37T,1
R84Q A143A K1219N E1382D,1
S519L E59*,1
P517P R379Q,1
E1249* R455Q,1
D380Y I227T,1
R154R D1044Y T1747I,1
R1509C E1583* R2450*,1
R20R R124Q,1
R333L E369D,1
K1706N Q1740Q E1936*,1
S576Y T1025A,1
G164D K752E,1
F288C E525*,1
V1284L S431L,1
R130Q E201* I300I,1
S1425S F1152L,1
S10Y F213L L386I,1
R84L P183P,1
E580* R187I E34D,1
E3519* F2460F K999N,1
K1581N K236N,1
V369I R321Q K290N,1
S1930* F1907L P286R,1
R749Q F620C,1
K91K K1019Q E1050*,1
K215N E513K R739Q,1
S3911S V2935L E2915K N2509H N226H,1
K703N R782Q K1249N,1
T818T P864L,1
L634L R46W,1
N239H T453T R830C R1013Q,1
P215S D1382Y,1
S1444L Q1129*,1
R541R R527R E519Q,1
R282W Y220C,1
Q1278R L1630I,1
D596N A551T,1
T371A L464L,1
P95S P95P,1
V794V N214S,1
P406L G377E,1
G186R T670T,1
P3475P D4808N,1
L1980L M3398I,1
E390K E1832E,1
P451L H244Y,1
4510_4511AL>AL,1
G960G S961*,1
V1399M E1352K,1
F1917F G1050E,1
G1632E F1684L,1
R460M K167E,1
P366R D939G,1
P1848H G3505V,1
G778W P693T,1
P1165H G685W,1
P1922H P1687H,1
G188V P283T,1
P4767T P3089T R2490S P2335T P2035T,1
P700H P320T,1
G258S E234Q E193D,1
E359K F1126F,1
V323M R484L,1
P768L M1326I,1
G2289W E2169K S1398R,1
M467I R561Q,1
P2592L G564R,1
D186N L552L,1
E243K E253K,1
G1893S S1595F E1036K,1
P124S A668T G83G,1
A438V P474L,1
E713E V937V F1377L,1
F431L F1574F L2359L,1
L581V S687Y,1
Y14D K159Q,1
T626A D922G,1
R803Q R619Q Q479P,1
R134Q L95L,1
D22Y S677R,1
E211K R1276* L1950I E2074K,1
G418E T115T,1
R234* N71S,1
K182N R496*,1
G393V R1115*,1
R417W E455*,1
I744I F553V,1
L232I K647N H782Y,1
T115M F172F,1
K533N F721L G3102D,1
V1537I C265Y,1
D541Y R116H,1
E553K R594*,1
E878K I1579I,1
M1016I F492F M1745I,1
P286S E122E,1
142_143RL>RL,1
R1331C A2244V,1
G170R G93R,1
E1012K D96N,1
R2348R D1832N,1
R843Q E1768K,1
*261* K45E,1
G961E N797D,1
S1015F F1276F,1
E1936* K2344N,1
K862T L318L,1
V312V F584C,1
L751L C196S,1
A2403D S2891C,1
R273H R248Q,1
L1405L D1333G R493Q R321Q,1
L230F T308A,1
E59D G550G,1
A318T I48I,1
N260S R225C,1
A1785T S650Y,1
E1851* E1973K,1
L309L A333T,1
R497W R414H,1
R75I S192L,1
S2373Y S1840R G289*,1
S2832R R2776* C1254C,1
E526* V343A,1
L1451F Y396C,1
A587A E273K,1
L452V I434L K5T,1
R525* Y920C,1
L776L A389V,1
F10C G352G,1
G321G R213C R187C L39M,1
L19L I341M I357L,1
L2126F E1287K,1
L237L R164W,1
I184I F550F,1
S29S C404G,1
C596C V221V,1
E83E D165A,1
R1044* F293L,1
R618* T49A,1
S215L R92I,1
V3527A T1596A,1
I90I N256T,1
T36T K391T K582T,1
K221E E263A L360F,1
N537H Y732Y,1
E403* R448Q T937T,1
D380D T225T,1
E337* R5Q,1
K115R M169I V250A L918I,1
R313W F115F C83C,1
E208* A161V,1
R91* L458L,1
S315S S164L,1
Q226R D266N,1
V468A E1076D,1
R1169H A259T,1
R220Q L739I V744V,1
R236Q E134*,1
N1684K E741K K505Q E201D,1
R429H V491A,1
P548S S1155Y,1
A410T L821L,1
R1965H A1690T E674* L481I,1
N1709H L1457V G1084S,1
F27F T236T,1
M1245I M1819I R1863*,1
D83N R274Q,1
R263I K489N A900T,1
E735D P395P,1
G641G S49P,1
R7343* I6624I,1
A705S K476K S182R,1
S176* S219F,1
F437L F622F,1
R87I R709R,1
V480V N664T,1
R162Q E270E,1
R158C K225T,1
V924A R759* L669V,1
N167D F117L,1
R1290C F961L,1
S853P E428K,1
F89V R284Q,1
S3617Y E2122D L2018I,1
I616M V173A,1
R19W D208N,1
E430* Q248Q,1
I35I Y254H,1
S978P E534E E476D,1
Q76* S116C F172L S187F,1
E313A D316N C573Y H606N D635Y,1
F42L V276I,1
T121T E117*,1
P92S S122L,1
S95N P76P,1
F2313L D64G K93T,1
A122T F205S,1
S5059Y K3683K R3313W S2223F A942T R882Q,1
F172F R288C,1
K293T S192S,1
R67H V222V,1
S216L A221V,1
V203V L680I,1
R1649Q A657T,1
R791W I663I N288N,1
C932C R883* F432F,1
L161* S109L,1
R530Q I697L,1
E3391* D3266Y L3127F D2424Y E1197D,1
K469Q F2708V,1
K804T V1544A,1
R2637C V2322G W1725G R755C,1
E106K L112I,1
I331I S932Y,1
E49K R231Q,1
R531* R77H,1
R138C P573S R699I R1341W,1
R2157C L1622M L1063R,1
R520Q R120Q,1
R467C S2S,1
M1279T D1449G,1
R745C R460Q K167K,1
Y2003C V411L,1
C592C E600*,1
K376Q M99T,1
E394K R760W,1
F570F F1164F,1
P92P E569K,1
F1074V G728G N205H,1
A1074V V96A,1
R96I R2869I,1
F205V I276I,1
I1054L E391K,1
S672* T713M F899V,1
N1038H F1015L,1
R490Q L715F R1587H,1
A450V S182S,1
S840* E1713D,1
V2953A D2684N L2570I L1728L,1
E4D M254I,1
N67H S169P,1
R1410H K1908T,1
V64A E386K,1
E612K N160K,1
K90T E552*,1
E629E E1228* K1732Q,1
R32* R34C,1
F931F R925H F684V,1
E364K F655F,1
S245Y D302G,1
D1139N A336T E297E,1
R359Q L115R,1
E5K N258H,1
Y893C S1358S,1
R1208H R1456C,1
M1236L K989N F686L,1
F79C F29C,1
R1679C A636A,1
E1468D E1421K R246H,1
D867G A2006V,1
T886A K205N,1
A1364T E1074*,1
I2500M R604C,1
R124I D103Y,1
E205* R188*,1
I254I A198V,1
L3182F K2967N I1976S H1539R N897D,1
E200K R184*,1
I1564I K727N,1
F93V I234I,1
V20A R103C,1
R962S L808P,1
S1458N A616T,1
N1117N P465S,1
R1423H A2388A,1
H1493R G1075D,1
M556L R554Q,1
A718A R404H,1
R2603Q G2361R,1
Q115* P143L,1
I994V R453Q,1
V673I N693S,1
R709C K1299K,1
L11P G136G,1
Y704C C1088Y,1
R36H S160I,1
I620T R1580R,1
R419Q E1554E,1
T325T R685C,1
N489N D113D,1
T280I E382K,1
Q3048Q Q3037H,1
D340E H323D,1
273_274KY>NN,1
R1459T D1466H E1516K,1
E159E K156E,1
E555K P561H,1
S4313F G1988E,1
P305S P1631T,1
S788G G815G,1
I313I E354K,1
P250L G473E,1
V4055V S113S,1
G706G E291K,1
I772I P748S,1
F1933F E322K,1
E1104* R1559T,1
S410S Y490C,1
R910H R922R,1
S145A K1222K,1
V395L I133I,1
E119K D108N,1
L830V F369F,1
E163Q E914K,1
E1217K F516F,1
L183F L225L L254L,1
V783V L736L Q715E L100L,1
R4834* L4762L,1
S234L S264*,1
P593R L894V,1
Q448E Q506E,1
G3977S D2057N,1
A3072E E2061K E689Q D677N,1
W1250C E234E,1
F161L K117K,1
I6I S4F,1
E1326Q V1578V,1
K2981K E1382K,1
M764I E971Q,1
Y168* P170A,1
E2069Q E1887Q,1
S604L R267H,1
R552S E458K,1
S1603Y L1508V,1
L3553V Q3905P,1
E59K Q83H V141V,1
Q3378Q G1386V,1
M392I E387*,1
G889G Q573*,1
L167F L167L,1
F601F E103K,1
L720L L665L P600A,1
V55V L30L,1
I64M F122L,1
S133F Q174*,1
F92F Q83*,1
E3022Q R3620K,1
E165Q E131Q,1
D1177H E1165Q,1
E1715K G1628A,1
V70V F133F N226H,1
I301I Q60H,1
L1482L R1206C,1
F1361F R679* G450C A384V,1
K113T E813*,1
A337V E36D,1
K286N K801K,1
R468I V2010V N2452T,1
D119N D148N S776S,1
F171F D1533N C1695C A2272T,1
P309P G776S,1
A171A G108R,1
Q55H E105*,1
E262* S421S,1
K586N E425*,1
I451I R1017*,1
R113Q M1365I,1
L1385L I1356T D846G,1
K77T L265F,1
L3199V Q1043E,1
A679A P543P R123I,1
F417L A222V,1
R188Q A2404V,1
R256Q Q362H D765N E1409D E1534D K2731E,1
S859L I722S R128C R51C,1
G1671G F1991F,1
D2853G V1831V,1
S1153L E1318*,1
S443S R707C,1
F4C R42C E189D,1
I760I I442T R164*,1
A1154V R352W K110T,1
R474I R375C,1
S637S K100T,1
R28Q D548N,1
A1064V N866S T686A,1
E214K R198C,1
E980G R647Q F601F,1
R1498Q K186T,1
R302* D777G E1034E E1209* R1450* R2204*,1
N553N I318I L276F,1
D633Y R166H,1
L780I T124A,1
R1085W A897T A572V,1
V646L S304S,1
Q1237H R1227Q N889N E795K R445R,1
E1549* K113N,1
I2231I I696V D555G,1
E2204D S1024N,1
D754E A772A,1
I822I F229L,1
G413A E414E D423N,1
R112Q N1130N,1
P7R L906L,1
A259A I256T,1
L762L Q827*,1
N1306N I236I,1
F610F L193L,1
V585M N612H,1
A584A T279T,1
R133Q A73V,1
E705K E655A,1
F164F V447V,1
P380P I879I I895I,1
N18H K148Q H921P,1
Q129H E719K V1919V S2367N R2668* T3318P,1
L325I R62R,1
L445L T245M,1
R284C F442V,1
I18I D115E,1
R398Q E580*,1
F475F R944Q,1
R1323R S1129S,1
F332F R345C V845V,1
T826T E411K,1
E421D I461I,1
D2319Y R1584Q E1350G,1
A2980S A4594V F4951F,1
E1974K N1800T E1737*,1
F321L T340M,1
Q345* H317Y,1
P614P S444P,1
G2516E H3027R,1
S498S R1408C S2560F,1
V854V G1981E,1
A770A D868Y,1
S39S G1098G,1
Y107H I95T,1
M1032V E271D,1
T1099T A1337T,1
S163S N158N Y137C,1
E267K N404S,1
M298V D296D L294L,1
P1060L S258P,1
G603G V1584M,1
R346Q E528E,1
N596S D435V,1
R526C R73R,1
D94N R120Q,1
S850S R1894H,1
V395V K295N,1
A1169V R756*,1
V1206M R827K,1
I90N R130Q,1
S973L S328S,1
V744A D573D A321T D266D T206I,1
T2246T R163Q,1
R260C T608A,1
Q172R R564Q,1
S592G V1157V Q2824*,1
A89T P421A,1
S240S V172V,1
A692T K442R,1
L2816H T1506A,1
R300R S499P,1
Y481* I252N,1
C271H D54E,1
T534T N411S L388L,1
H1525H V1810I S2022L,1
N686S V637A R431Q,1
P719P F623L,1
T164A Y385C,1
E139G T37A,1
L128V H269N,1
P642P T586A,1
W290C S257P,1
F782F K38*,1
G2746G L310I,1
Y222H D312G,1
G2297R D757V G35G,1
V1655M T969A,1
L276L E61E,1
R1275H I244N,1
R157R A441A,1
Y136Y V230A,1
P2L R461H,1
N3258D T2901A,1
S1030P E211E,1
F114S Y93C,1
R2016Q K1290K,1
H46R A37A,1
N857K H1019R L1131L,1
L463V E566A,1
V2485A A1095A Y635C P389P,1
R579C D742D,1
C2658Y C1677C,1
H110Y S896S,1
C274C Y290C,1
R749W Y1149H,1
R549C K506M,1
R750W Y410C,1
S744P C996C,1
T189A I217T,1
A182V Y104Y,1
D241N R463H,1
E95K I3059T,1
A510V D117D,1
R1070H R707Q,1
A741A R260R,1
V802V G701G,1
D899D H1112H V1342V F2206F,1
P656P Y214C,1
A359T G899D,1
T636A L1580H,1
S590N Q875R,1
K243E S384S,1
R273C R175C E171K,1
D1179G V49A,1
D859G M914V,1
L186L P825S,1
Y1122H D899D D886D G94S,1
A19A T114T L568I A744V,1
T7356A I612V V155M,1
D1239G D1131G,1
R146C R1157Q,1
R985I H650R,1
N253N I9M,1
E1078A T135A,1
D4862G T2008A N1580D,1
M4550T S2506R,1
A565A R512C,1
I332M S353C,1
F2121F Q2176E,1
W1487C E1408D E1408K E1182Q,1
E310K E312K,1
G15A L14Q,1
R666R G667A,1
L2696R L2481L,1
C334C R104Q,1
P534P S557T,1
M1999I R1986Q,1
D2328N S735R,1
D4241G L4045L,1
V230M V233I,1
D87N L89L,1
C167S L165*,1
E959E T335A,1
D1317G I706S,1
R395Q N254N,1
G230G E1105D,1
R515H C288Y,1
N3572S D3117G K1969K T980T,1
V575A T332S,1
A370V V440A,1
R108W K650R,1
R967M Y1874H,1
R793C R665W,1
T3427A R869W,1
L281L T157M,1
V909M A1011S,1
C213C A1403T,1
P849P T184A,1
K111E K948E,1
G920G E226G S181P,1
A204V V56M,1
E873D D1657G,1
V180A P185L,1
N274S T388T,1
T122T N135S D536N,1
I641T A420T R232H,1
Q393Q S600S,1
S189S G140G,1
P1457S V145A,1
R410Q S21S,1
D618D Y2613C,1
I48I V30A,1
H999L R679C K286R,1
V573V V763A,1
D1192V L639L,1
P3812Q V4146V,1
R3058Q R2715Q F1241S,1
K479N R422C,1
D439D I580M,1
V317A R180R,1
L276S A478A,1
Q224H I63V,1
A712T L131L,1
R85C K175T,1
K51T K174T,1
Q27* P2409S,1
A1325D V2815L,1
E397K A394A,1
S219N L588L,1
70_71SL>SL,1
K138E G465I,1
H335Y E275D,1
R1397* R2115*,1
G224D R31K,1
E159K E509K,1
S334P R51*,1
A911T R305Q,1
K55Q E172E A327T,1
R1262Q G968D,1
D2746D A1098T G360D,1
A147T D55Y,1
P1359P P1351L,1
I869F G707R,1
Q556Q N690H,1
N1627I F497F E999K,1
T1999I T1535K,1
H1469H G1011R,1
A289V R427L,1
G960S V1803V,1
W517* D695N,1
E811K G4647E S2695F,1
E886E E1136K,1
L521L P1005S,1
S314F G733K,1
E371K W207*,1
G20E Q427*,1
S524L G548E D574N,1
P745S P517L,1
E417Q R316C,1
P311S P3626S P4824L,1
A287A P376S,1
D355N S1634Y E1940K F2033C,1
R647Q E718D,1
S64P L102P,1
V166A G163G,1
R2009C Q1749P T1129A N1052H R1045W E589D,1
V504V E9K,1
G124G F68L,1
R939R T415A K392N,1
E1154K L1330V,1
F939L S1059S,1
I749I R142Q,1
S138F E90D,1
I476I L27F,1
D52Y S344L,1
R783C R391*,1
I554I G425G,1
N1514Y R598H F557L D186G K95T,1
R123Q K205N,1
R828* S820S,1
K483N E3448K N3869S H4088H E4137K K4185N,1
G134G S956G A2026T,1
D817N R687R S76L,1
E262D K343T,1
S479Y I322I,1
L139I T153M,1
N234N V433A,1
S644N N335K R185H,1
A278T Q48P,1
A555V D729E,1
E1255D I830I,1
L131P A959A,1
R1356Q R374I,1
R229C K107R,1
V1152F Y874C,1
I353I R158Q,1
M190T E366*,1
P2295S E1826D S958*,1
D674N R1853*,1
V769V K343Q,1
R6451G R5617Q R2250R S493F A219V,1
C1122F A651V,1
G729R L3137I,1
L54L R41T,1
W126* N285D,1
E48* G65A,1
S1111C S1226C,1
L1081L I751M,1
S466C R721Q,1
Q117Q G626G,1
G1203G G713S,1
G172S G204D,1
G2047G A1470A,1
F565L A373A,1
R314Q R50C,1
R490H L1217I,1
R191C R451*,1
A1318A Q196Q,1
A469V R1425R,1
A244A A244T,1
Q6583H D1092D,1
D902D I726T,1
V545A I1040T,1
I7747I R944Q,1
K90K I1779M,1
T540A N532S,1
P9S R179S,1
K616R S386S,1
R830Q H656R,1
R80H D194G,1
Q1027Q D275E,1
A179V Q304R,1
G350G V268A,1
I629T A1481T,1
Q591Q N179D,1
R42H V2538A,1
S5377S D1538G P646S,1
E63E R213W,1
D435G D147D,1
R107* D161A,1
N198D H633Y,1
S956C E708* M106I R98R,1
K2413N E4053D,1
W561R Q1447K,1
H23Y F13F,1
N1094I R940C,1
G639E A314D W117C,1
A353E N177N,1
G742A S398R,1
A1947A Y574C,1
T659N L976R,1
V297L V1709F,1
P793P P48S,1
D281E V272M,1
T822T A833S,1
D1426Y A979A,1
T21T E436A,1
S847N S472S,1
F316V L160P,1
E277E I109M,1
G125S E107D R70R E104E,1
V1342E S1197Y,1
G747A E755K D770N R772K G795E D837N,1
L288L E206Q,1
S222F G413A,1
R448* H517Y,1
R436R R1017R,1
106_107LV>FF,1
P161T P161Q,1
C27S C27S C27S C27S,1
R248W R248W R248W R248W,1
N384S N384S N384S N384S,1
H1047L H1047L H1047L H1047L,1
D773N D773N D773N D773N,1
R466* R466* R466* R466*,1
S382S S382S S382S S382S,1
C179Y C179Y C179Y C179Y,1
G141D G141D G141D G141D,1
304_305HL>HL,1
S575L P485S,1
L906L G960A,1
L1173L F1217F,1
S219L I236I,1
252_253CP>*S,1
P686S S685F,1
R957C T663T,1
P2081S P1176P,1
S143F K341I,1
V262V S317L,1
L193L D215N,1
I95I A110A,1
P883P G693V,1
E522K L280L,1
L127L N109N,1
V560V V560V,1
V66V V66V,1
G24G G24G,1
G1112G G1112G,1
R1275H R1275H,1
D1620G D1620G,1
L578F A538A,1
R83C E416K,1
V104M V104M,1
D154N S432N,1
D2299N S1718L P1257L Q4577L S3619F G4393E,1
P1125T E948K,1
L77L G1020E,1
K33Q R1088Q,1
L472L E427K,1
E1482K A196A S269L,1
S658L G540E,1
F296V S3888L,1
F873F E686E,1
F342Y S218F,1
E773K P368L,1
P4911S S2858F,1
D387N L754F,1
R743C M2632T,1
E332E E321K,1
T249T R635Q,1
L39L L39L,1
R496C R496C,1
Q1804* V728G,1
138_139FL>FL,1
L297L R27K,1
I165I L2208L,1
S2125F E1597A,1
I745I N312Y G2332S,1
K181K E257K,1
E770K A303V S922F,1
S537R L378F,1
F783F L1563H,1
I918S F108F,1
R316R S231S,1
M32I L133F F397F,1
N327I M328I,1
P64P L248F,1
H506Y K778K K715N,1
P731L N230T G385R,1
D4073N V3333M A763V F4792F V4190V,1
Q3163H F3593F K2641T,1
I911S S962S,1
R165H R165H,1
P15L P278S,1
T1053A T1053A,1
G266K L265L,1
Y113H N638S,1
I184S E181A,1
K250T T374I,1
R2575C P2406S,1
S901F E2305K L144M,1
L422F P585L L419L,1
S741G L530R,1
R605* K414N,1
R2182C P2490P,1
Q284Q E609K,1
I48I F165V,1
A2125V G512R,1
S2332S L1822F G1347E E511K V399G,1
S328F P1436L,1
Q516* P204S,1
L578L S172F,1
E339Q E379Q V454V,1
P385P P385P,1
S335R S335R,1
R69K R69K,1
K276Q K276Q,1
P444S P444S,1
I627F I627F,1
G462D G462D,1
S414T S414T,1
R322C R322C,1
S1123S S1123S,1
F257F F257F,1
I4207V I4207V I45V I45V,1
F2032V F2032V,1
S1321S S1321S,1
F419L F419L,1
T373T T373T,1
E287V E287V,1
A1009V L1225I L1225I,1
R364R R364R,1
P374T P374T,1
E441G E441G,1
Y92* Y92*,1
A1310V A1310V,1
H352L H352L,1
S395S S395S,1
L912R L912R,1
K1587T K1587T,1
E1568A E1568A,1
P1171P P1171P P1170Q P1170Q,1
P360S P360S,1
L1223L L1223L,1
L432R L432R,1
Q400K Q400K,1
L212V L212V,1
D654D D654D,1
K273N K273N,1
L1867V L1867V P540T P540T,1
Q302E Q302E,1
R50Q R50Q,1
R34R R35S,1
V199V L158L,1
W267C V22V,1
R629K S553L,1
G2073S Y2645H,1
L1214L F572L,1
V301V Q14Q,1
P363P P676L,1
G189G T187P,1
L25L G630E,1
E1545Q E500Q,1
E29Q L564L,1
A1574V W543*,1
48_49SL>SL,1
194_195SL>SL,1
G965E S820F,1
E1933K N924N,1
G823E R912Q,1
K982N M387I T263A,1
A4614A S3920L,1
K838* K838*,1
S218S S218S,1
E752K E752K,1
D121A D121A,1
E2381K E2381K,1
E474G E474G,1
S905R S905R,1
C469Y C469Y,1
L232H L232H,1
K254R K254R,1
L309F Q66H,1
H436Y H436Y,1
I286M I286M,1
15_16WE>*K,1
V162L L73L,1
D644N R643R,1
Q1063K L995L Q207H,1
E3354Q G3344A,1
L3129P G714D P809S A1913A F1777S,1
I1181I A1100A S161P A839A,1
K4759N R2295W,1
T491T N236K,1
R682R P448L S636L,1
G262R S861L,1
G851R K189Q,1
S1823F F1824F,1
E138E E485K,1
S306F L60F,1
M821V K290T,1
F137L S143G,1
R221C R170*,1
V549V E12K R125G,1
G140E P31P,1
H445R I63I,1
F85F V18V,1
L674I P390S S61R,1
V2778A F2622F I986I P2260S,1
G277R D1012A,1
Q244* P2547S F361S F98F L3692H,1
N989H S92F,1
G690E G468R P1190S,1
E1346V S1918F,1
F335C F120F,1
S109R K1508T,1
L726L I629I,1
F104F Q221*,1
K627N I267I,1
F109V F874C,1
R169R G241E I290I,1
P955L P1938S,1
V337D K122T,1
K392I G404K M247I,1
N334T F338F,1
K262N S589P,1
E204K F724F,1
S363R Y372C,1
G561* P94L,1
G351E A549A S575S,1
P244S G926R E1401K,1
E435K K934K,1
S466G N1405T R829W,1
Y705H F634F,1
G221N G233G,1
R1133* K794T,1
G887S Q1368*,1
L116L E304K,1
E331K K607T,1
S1664S S1201L,1
M55I G510E S1288C,1
E59K L101L,1
E272D R68R A591D S366S,1
S117F F627F,1
G942A K939T,1
S1154S P395P,1
R713R L230F,1
F559F R909R L590L,1
D1301D L1246V I1299M,1
P643T L555L,1
P315L K266Q R453R I78I,1
Q1299L L269V,1
G1402E G1003E E1577K I1770I G1632R,1
R526Q F210F,1
K1149T K1269T,1
V1340V Q237* S489L D1425N L100R S321F A120A F315F,1
T2364P R1045Q,1
P1268L L783P,1
P114L R58*,1
Q1099* P1707L L1359L,1
V624V S439S K52Q R53K G192G,1
R147K P795L R726Q,1
P119P F912L,1
T303T N103Y,1
S360L T156T,1
R504R K457R,1
I592I F191V,1
R1182C F738F,1
I381I S2322L P1738P D325A,1
P295P K38N,1
280_281MD>IN,1
L694L N540D,1
Y439H T465T,1
T793S P567S,1
E1129K I436I K1020T,1
P566L R5085* H2342Y P4383L R1557Q,1
G497R N465T,1
G542R P259S,1
K148T K42T,1
K572T Q614H,1
L612V V1520V,1
M528I K739Q,1
S270F M361L,1
R171G V117A,1
E817K K646T,1
E1165K S48S,1
L201R R346*,1
C352W D1337N,1
P795S S67F,1
K952T A430T E1720G,1
E570K E1249K L117L,1
L355F G16E,1
Y292* S359F,1
T972P V787V V939A,1
E827K W145* E418E,1
K65K E229K,1
K887N D1706N,1
E529E H282Q,1
495_496MF>II,1
S302L F670F,1
F438F E440K E80K,1
K297R E282E,1
F249F F42F H225P,1
Q1237* S1327S,1
F798C S749S,1
V3162V T3389A,1
I862V P192P D92N,1
H985Y E279K,1
L3495F Y605Y G2310K V1287V,1
R741Q I718I,1
L60F F738S,1
E1125K S563F,1
E1079K S1367G I674K S1038F,1
Q173L P200L,1
R144C M96I L527L,1
L230F I236I,1
D378H F504F,1
D724D P363L,1
V1220V K1377N D1441N R1582R L23L,1
E856D F1639F,1
I373I R714R,1
S648F K368M N873K,1
L390V E1192K P455P,1
S397G T854T,1
D29N W217* W264*,1
N273Y E270K,1
F149I E98E,1
L274F E137G,1
F183L G119E,1
Q614H L457P I466I,1
N555H K401T,1
P5260L L5401P E1076K,1
D1119N I136I K2321K,1
R332C C1757R F3145L,1
R2627K E751K,1
A30T G101R,1
S528C A510A,1
K464T D350N,1
L861V D983N S781R,1
S19S K170T,1
Q133Q V421V,1
K1482T C202R,1
H1566Y G1495E 586_587WN>*Y N1591H,1
S553C 373_374DL>DL,1
L10M Q28Q,1
K603T D193N,1
R1160K P1080S,1
H72Y K354N E252K G272G G371R,1
Q117H F157F,1
G548V G548V,1
N665S N665S,1
R242P R242P,1
P82P R601H,1
R821W R102*,1
P688P C278C,1
V22V A137T,1
A1456T L402L,1
R564C R1534* A2128A G2384G,1
V1070G E208E,1
S824S R1047* R256H,1
S43L R550I,1
V206I T330T,1
N81N G375D,1
R1120H S1680P,1
Y239Y P213S,1
P231P R137H,1
S354I R344H,1
R223H S269L,1
N258N A185T,1
S7583P G3781G C2216C L1415L,1
R1073H R186C,1
R1848C R1631C,1
R665C R1298R A1520V,1
E284D V127I,1
P314P E1114E,1
T431M V595V,1
R236W A224V,1
P215P G95G,1
G2324R T2618T,1
A178V G188G G255D,1
A1712A V359I,1
T95M S296S,1
T1023T V1703M,1
A28T V46I R50*,1
A278T A270V,1
R2200W A1493T R1309C,1
R32H R315Q T513T,1
V186V T243T,1
T1421I G1496D,1
G63G T248T,1
R1057Q P883P,1
P1408S R1621H,1
R195W R785C,1
C3024C P2356P A1987T T1137T,1
R273R C329R,1
V473I I423I R86*,1
C171Y A79V,1
A62T L851I T2439M R2691W,1
R3677C T142T,1
M365I R220P,1
R274H R317Q,1
T114M R795H,1
T51I T409I S701S,1
T1589M S2435S,1
R308H A1852V T2282T,1
N623D A686V,1
D1079D A699V R627H,1
A1383T A1066T A731V,1
S2702S D1870N S169N,1
R125W S441S,1
G1256G A465V,1
L624L R442*,1
R94G P820H R857C,1
V423I T2914T A3139T P4411S L4720I D4808N A4954T,1
T219M R205W,1
R585C T412T,1
V388I A129T,1
V1950I A3302V A4715T,1
A314T A597T R647H,1
A147V R857H,1
C535C A591S,1
R371H P508L,1
R111* R277H,1
A3440A T2074T T965T,1
V233I R78H,1
G933D G1204G,1
R311W V218V,1
T71T C385Y,1
A416T R604H R743C,1
R713H A862S,1
M1004I H1047R,1
T296I I971T,1
E221* E221*,1
P248P L14L,1
D3377H K3282N D3041H S3031T E2571Q,1
P1798S E1135E,1
M142V I893F,1
R248Q R196*,1
Q317* C141W,1
V119M V119M,1
Q4* Q4*,1
V3622I A3545T,1
R811S R811S,1
F156L F156L,1
S3152C S3152C,1
W53C W53C,1
E2845D E2845D,1
T50R T50R,1
V4M V4M,1
R2239G G1313R,1
F3212S T1958S D1957G,1
V510I G306G,1
G1340G P20S,1
E3647D E1464Q,1
G334A D326H,1
P735S E379K,1
P664L E237K,1
P501S V324V,1
I564T I291I,1
I649I I636I H605Y P593S I574I,1
I8355I S6556F E428K,1
L252F D484N,1
R350C P406L,1
A3695V S2432L R2330* Q452*,1
K149K R1375K,1
S2034L L1158L,1
L30L E312K,1
G2437E K673K,1
S1323S N1524N,1
K495I K495I,1
R539S R539S,1
A278P A278P,1
Q546R G1007R,1
R2400W A903S,1
Q621Q W303*,1
354_355PL>PL,1
S1279F R1101R,1
C114Y G47D,1
Q1053* P1184S,1
S1043I R879H,1
G257G A326V,1
V1242V V1242V,1
R342* R337C,1
L191Q A187D,1
R700C R634W,1
G3496G A2540V V1241V,1
S94S D739D,1
V2398V A2537A,1
N492N R365H,1
89_90FH>LY,1
51_52NL>KI,1
7406_7407MA>IS,1
L85L Q92H,1
F326L F326L,1
I839M I839M,1
V378L V378L,1
R211R R211R,1
T111T T111T,1
K938Q K938Q,1
A109D A109D,1
P1196P P1196Q,1
S28C L218F,1
F790F E908*,1
S106L L161L,1
I5251I Q5107E H4837N,1
G5242G D2614D,1
I186I I211I,1
Q553E S207*,1
Y170C R68C,1
V2733I T1047M A662T G334G,1
E216* E216*,1
D247D P1109P,1
H239Y V554I,1
N1348N E657V,1
R462H R27C G6D,1
A158T A769V,1
A846V R1072Q,1
G941E E348E,1
T117T S143S K404K,1
Q533Q V776M,1
A300V L109M,1
A582T C289C,1
A679V A614V,1
S1292F D262Y,1
A1090A S89L,1
S262L P494L,1
T844A T844A,1
D2746D D2746D,1
G86G G111G,1
A392V R163C,1
P300L P300L,1
E2020K N2119N T2542M,1
A107T A237T P563P,1
S287S T373T,1
T162T G227G G354D,1
R941* P225P A155V,1
V158I S191S,1
L166I R367W,1
E601K S885S A1469A,1
V213A R280W S419Y,1
V2117A R2510R,1
R1888R R1741C,1
G348D V248I,1
A1035V R1356Q,1
T421T A296T,1
A1232A V139I,1
A270T R853W,1
L1033I V285M,1
V311I V311I,1
R15G R15G,1
S13S R152C,1
P148L P148L,1
A176T A176T,1
S69S S69S,1
T820I T820I S363C S363C,1
E452D E452D,1
L97F L97F,1
R2346R R2346R,1
V103I V103I,1
S482G S482G,1
M506I M506I Q593*,1
S196S S196S,1
K111N K111N E545K E545K,1
A754D A754D,1
Y174N Y174N,1
S4019G S4019G S2782* S2782* A1569A A1569A,1
A253T A253T,1
L331H L331H,1
S367R S367R,1
C315* C315*,1
R280K R280K,1
L1054L L1054L K1050T,1
L69V L69V,1
V754M V754M,1
K452T K452T,1
L598L L598L,1
A1173V A1173V,1
R2990* R2990*,1
H318N H318N,1
E162K E162K,1
I154T I154T,1
K44N K44N,1
C124R C124R,1
L158L L158L,1
G94E G94E,1
L2161I L2161I,1
I33M I33M,1
S30A S30A,1
A1601T R51H,1
A132A N488N R2309H,1
T402A P233P,1
A1138T D1247N,1
R720H T412I,1
R528H R1494W,1
T976T N960N,1
T12A M595I V877V V1114V,1
T89A S259S,1
R208H S88S,1
R236W P260P S463S,1
P551L Y171Y,1
R926R R1221C,1
G124G A154V P409S,1
Q110* V339M A458V A560T,1
G212G T419T,1
T250T D170D,1
R193Q R44Q,1
R316Q R352H,1
R53R L283L,1
A1101T N1007N,1
C526Y A614V,1
A756T A1842T,1
A488T G330G,1
R412C D1048G,1
R2080C A1503V T219M,1
R1368* P1497L N1851N R2077C,1
S346S G521G R927*,1
L451F P1224S,1
Q9* C325C,1
E735D R723*,1
V76M S14S,1
R5030H L4222P G3646G,1
G115G C270C R445H,1
A113V A359V,1
A179T R270H,1
R266H D692N,1
A957A A330T R183H,1
V1935A G2450S,1
P579P A1444D V2051A A2293V,1
R103W A144T,1
R265H A366T,1
G293S T237T,1
A2453T R605W,1
A38T T580M,1
V448V R710H,1
A236T C324C,1
L168M G268D,1
I591I L602P,1
A2147A T244T,1
Y589Y I480I R341H,1
A809V A592A,1
T751T A1039V,1
T1635I A1611A G1335G,1
P615S E379K,1
V1823I C317Y,1
P166P A391A,1
D63G L4L,1
G1368R Q815H,1
R396W T301M,1
V241I R270* L297L,1
D299Y E719E,1
G1018E R261H,1
V2847A R1324H R488H D360D,1
H457Y G85S,1
G123G Y111Y,1
R417C G503R,1
A320T R87H,1
R1171K S177S S70S,1
C2474C A2398T N625N,1
R762C Y996Y,1
R480H R109R,1
E1639E A369V L86I G15D,1
W150C G970E,1
Q349* R819W S1012N,1
G140S A78T,1
T5061A G2962E,1
T1804M G1623S T1441M R466K,1
T1521T R1638C,1
Q320* P282L Q320* P282L,1
P337S P337S,1
H108P K104N,1
S36F A794T E1642D,1
E251D S56S,1
R130W R320Q,1
P454P G535V,1
T80M R110C R158R V177D,1
P94P E85A S27S,1
S276Y S277I,1
R2187W R2054W L1675L E1452K R1236H E1148D S859S P256L,1
R1646Q D1362D S1123F Q1047Q A705A R416W,1
T1054I I924T D842D,1
L40L V1202M,1
A1487T S1284N D947N R891* A827T E685* K554N K517K E194K T114A,1
C403C A329V,1
S1260S G1427G P1933P Q1940Q L3051I R3196*,1
R617* S365N I157I,1
L554F I110N,1
R269W S464L,1
E348D A514T G726E Q779* D1433N R1772Q V2236I R2301H,1
G210D E1219K,1
A330T G313S,1
A269V V285I,1
P2025P A1806A I1749I R1356C,1
A6T L119I,1
Q211* A915V,1
R472R S267S R256K,1
A135S E109A,1
A150V P187L R275W,1
S205S R121*,1
K100K E193E I208T,1
A110V M394V P432P,1
V223I K49K,1
A81T A437A,1
S556Y L355L S272I S76L,1
S97F R290C,1
V481A K155T,1
G695G A415D,1
L205S A185A,1
L831I R349C H242Y,1
P866H A420V S2L,1
A75A A86T L561S,1
V293V P157H,1
P4S R617Q,1
L289L S229S,1
V352V L391I,1
V308V D388Y V439V,1
K707T G487G,1
N649S Y842Y,1
A262T Q252Q,1
L76P R219R E235D,1
G340S R249Q G111C,1
R145S A340T,1
S531F A589T R1063* E1173K D1732Y,1
R272W Y163Y,1
R645W P1283S,1
E374* S308S,1
A149T R214Q,1
R173W L621R,1
G488W V376M,1
S496F F459V,1
R186* D210Y,1
R1502Q K484T S411P I236I,1
R29H A73D R108C R764C,1
R15I R57H,1
G119E E449* A1054V,1
R953Q V377A,1
R314W C262C,1
C1154C G832G R234W F153L,1
V737F T791T P910H N1087S L1210L,1
A593V R137C,1
S269I S206N,1
F439C L251I,1
G124G M172I R423M R428Q F434F,1
A576V V363I,1
A264A I301I,1
T245T G195G,1
G92G Q155*,1
S269I F368F L460M,1
E148K Q399H,1
T1096I S636L P404H L194M,1
R742Q G821G D903D,1
A1489V I1144I A1047T L168I,1
T637A R666* S1025S R1276* D1652N I2194I F2276L,1
E258D T215T,1
S871L Q513Q,1
S418P P356H F92Y,1
G3G C113C E406E,1
E429K S729N,1
A73T I281S,1
A381V G277R S131I,1
L448L A607V V789V S1045F V1144M V1187V E1343D D1590N,1
K153N S244N,1
K193N R192C E182D A2A,1
A70T I165I,1
R147C T127I,1
Q85H C200C I384I,1
R377C V124M,1
V1171V L1156F I1106M P715H I702M L653F C536* C516C F274C,1
K622T D684N G1427D,1
K90K P85H,1
R373M E3K,1
I91T T282I,1
Y89C A343A P403S,1
F365L G316G,1
L177V G470D L921I,1
S463S V259V,1
V28I A102D,1
G806R R742C L522L T363T A342A R336C,1
I785I L1528L,1
P538T S260I E250D,1
A180T A183T,1
R844Q G684V R616Q R152W,1
F320V R341I R405H E519E,1
I227I I307S,1
Y392Y A348V I320I,1
R564* V364M T223I,1
L771L E413K,1
Q301Q Q85Q,1
S717I R446W A68V,1
G173G A348A,1
A8497T T8410I I7994I L7947I V7885I S7847I S6327I L5388I G5067S S4563Y S4438G V4123V H3840H A3571V R3417M A3140V R3070* E2851K I1939I A1856T W1657C R1642M P1407P Q900H,1
E349E R343H,1
S248N E95A,1
E2783D G2396V S2119L P1535L S355I,1
N115K S245I M258K L310M,1
R1838W P1757L R1657R Q1087Q R373C R113H,1
L324M A527V,1
R271W W174R R8*,1
S50I S490N,1
V15A L569I D882N P1191P,1
H360P V491M R528H,1
L717I R389C S385S,1
A118T A77V,1
S402Y C24*,1
P319P V414V,1
S235N S244I R554H,1
V738V A1274V,1
I109I A168S,1
R1270R I1909T V2152M S2652S,1
A262A A172T,1
A69T S206S E446*,1
M383I Q464Q V551V,1
S124S A385V,1
A751V I10I,1
D194G V207L A563V I627I,1
F590L S324S,1
I278I S256Y,1
R162H S331N D641G G813G,1
Q1423H S1139P Q1109H S992S,1
R1130Q V132F,1
G511D G296G E280K N113K,1
R1549H K1043N E975E A378V,1
K133K E445E,1
E225K R192H,1
V947G G891S H714H G512S,1
E1017K I1138I,1
S424R C404* A282T,1
S426S R180H A149A,1
T416M W100*,1
T282M A197S,1
T538T V554V A557T G1113C Y1215Y,1
E488D I409I,1
I377V N431N,1
R19C K481N,1
R777W Q631Q K459T N236D Q126H,1
A789V Q358*,1
N141T R311W N439N K1163R S1604A,1
N555S P665L,1
E784A A918A S1472S R1556Q,1
A460A P514S R614K,1
A3861I D3586D Y2771C L1760V,1
P256P G362D,1
S327F R137C,1
S577L S530T P141P,1
Y155H A316A,1
R508H A262T,1
G12E V17A,1
T909T A975T F1047V,1
R370C G475G,1
A547D K536K D128D,1
A877V E961D T1953T,1
R180H S352S,1
D547N K1014T,1
Y98C R226Q Q396H,1
S513N S109Y V105A,1
V1008A T657T Q217H,1
R385Q S379N,1
A60V A129T,1
A1380T S1235N P1182H A507D,1
I412T R94Q,1
A169T L530I,1
E46E A64T I701L Y900Y,1
K192R D276N D297N C379C,1
G20G C201C,1
R36H D208N Q328H,1
A69V S307S E409D,1
G336G K280N,1
G204D R69R,1
I173I P53L,1
V213M R200H,1
I488I P298P,1
A218A R437R A545V N765N,1
L431F R212H,1
E13K L338M R445H,1
R3913R E2980* V2236M G1034V Y105Y,1
P360S I514I,1
H3697H V3393I G3361R A2883D R2732Q R1547C G1136D S1128S V873L R832H S322S A295T,1
E417E E217K,1
A314T A678T A704A,1
V31M A330V R627M V735I,1
K182T L120F,1
A460T Q429H,1
Q133H S47S,1
D573Y Q587Q,1
A283T T169M,1
L416L Q777H C1259*,1
N161N V75A R36*,1
I177I A373T,1
R160K A362V,1
K451E R284H,1
S497S R364H E36*,1
R360H H544Y,1
A2243T H1440R L1327M A724V P441L P286R,1
V540I T502T A57T,1
F620L R528C,1
V569L A127V,1
Q477Q S606S,1
V783V T558T R427H A38V,1
T149A D397G,1
P229P R224C Y219N S151L,1
S830Y P76L,1
R1180R H320H R267W E223K,1
D1863G L1603M L534M,1
G368E P418L,1
L246L P560P K568K,1
Y128* E167K L234L F338L,1
R469Q H838H A890V E1025K E1090E,1
N641S R797*,1
A1716T R1496Q N58N P24S,1
G141G P337S P1142S,1
K400K N761S,1
R396H R245Q,1
S1469F N1140K E824* T786T S706Y,1
R1533* Y978C R824* Y271C P183S N171I D81N R75W,1
R1086R A1325D S1638F A1950V N2195K G2284G R3550I Q4911H,1
E49D R1043H G1145G R1707C A2598V D2861N A3479D L3890I V4048M P4531H G4661G F4672C,1
G66V R130H I138I G219C,1
S424Y P603S Q904H,1
D652D R273K,1
R167* G421G R516L T692M L1232L D1490D,1
D100N A111T,1
R139H I315I P896S A1111V I1181I,1
T755T R543M K29K,1
V688M S360S P279P I223I,1
R348I R249H,1
R109Q W162L,1
K2307N V785M Q617H Y228Y W21*,1
R494I D304N,1
S247Y R164Q R145*,1
E482* H186H V140F N36S,1
F154L R211M S470R T636M C802C H1262Y,1
V364I A591V,1
D172Y P16H,1
R294H N352N,1
A325T R161Q,1
L152M T160T R238R,1
R415C A28V,1
A591V F588C,1
R1149R G494* V240V R237R,1
K87T L228L S321S,1
A1059A F1039L N816N R812H E800D L481I,1
E142D S95Y,1
R591W C377C G262G E140A D119D,1
A396V G172E A126D,1
R1381* R669C F382S V124V,1
T164T A584V,1
A1636V R1582H G1368G S1340N W1135* G1028* V763A R759H M712I D583N Y387C,1
R216C E199D,1
V149I S423L S450I,1
R2438H K3737N L3851L F4204V A4336V T5031I,1
G526C A365D,1
D74D L349I L1007M,1
S1341S A1061S T387I S81F,1
A322V T108T R52H,1
R43H P635S,1
S19A S304Y L518L I731I,1
P509L L413L T390A V41M,1
R33C E119K,1
E60K H222R P528P,1
E572E R678W Q826Q,1
R125H R566C S723I E850K S1028I R1131C S1142S L1176M,1
A64T A109V,1
I164I S220N,1
D662Y A626S,1
T586T F549F I463I,1
E208E D832D,1
L589L A154T,1
G49D E82K,1
P110H T598T N806N R1109W L1126R,1
G618* S304N,1
Q121H P515T K913R,1
E9* R210W R480R,1
R326H H434H,1
R1670Q K1382Q D1316N T1222I P950S,1
E39D G108G P340S R347R,1
T18T A133S,1
A132V H279P,1
D1092Y R616Q P267L,1
L3117L Q2362Q A1875D R1494W K299Q,1
A605T E115K,1
R57W F329L A756D R770* R844W P1070S,1
L2976L Y2928C R2895R Y2877* P2444S S2067Y I1890I R754W P638S L609L,1
S45S S120S,1
E269E R52Q,1
E143D I85L,1
G106* S281A,1
L143L T131M,1
V510I F617L,1
C430* V1235V L2053L,1
I1385I V1365F Q1242Q G1044R E1040D V944V T358I,1
G386R E1494E E933K K889K,1
L93F A335A,1
I1926I G1228E,1
W1177* L576L G86S Y671Y,1
G292R P265S,1
R954C G1359G F448F,1
I160I R1647R E857K E1089K,1
G610R I1128I K1246R T308T,1
S475N R1348Q F492F,1
A109A D534N,1
T1173I S915F P1766S R1938R,1
G315E K230N K123K G312D T348T,1
S525Y L1158F,1
R441Q G764G,1
G388E F282F,1
F90L F1624F,1
T706T F1088F,1
W673* R506Q I494I,1
Q773* N186N,1
R495R E226K,1
E447K G395E R731C,1
I59I G94G,1
D500N E793K G1812R P666L S1683S,1
P340S P340L E332*,1
D523N E157K L373L,1
R724C V1376V I639I,1
S170F I318I,1
E499K S166L,1
K839K F39F,1
E1197K S662F,1
R741R R693*,1
K465K E89K,1
R161Q R124*,1
A537A G890E,1
D321N A168A,1
E540K P490S,1
I496I R1073R,1
P443S F112F,1
P4254L S3925S F2835F L3881L,1
G1627D I678I,1
A246T E433K,1
S424S E311K,1
G455E Q185Q,1
T347T E121K,1
G123S F606L,1
E343K S170F,1
E607K D496D,1
E922K H47Y L828L,1
L2284L S4535S P3173S,1
H106Q S315S A114V,1
V1398V S1354F F1174F,1
R56Q V142V,1
L1364F P1432L E1688K G1434E,1
Y115Y R386Q P1403S E403K,1
E647E P462P T151S,1
I426I F277F,1
R391K V3V,1
F342F H1867Y P2036L,1
D267N G125G P698S,1
P2802H E2109K,1
L91L L480L G231G,1
N1830S G1457E,1
T317I L1601F T2375I,1
P331F R683K,1
S804F R702R,1
E41K I256I D973N E1326V G84G F45F,1
S182F E193K,1
G360E G966E H779Y,1
E463K V167V,1
R96C D106N,1
K172K E89K K173K,1
R498C W541*,1
P276S F344F,1
A181V S79S,1
122_123GL>GL,1
P212L L34M,1
D164N R182Q,1
S773S V164A,1
E3564K R829Q,1
A280A R322R,1
E330E E330E,1
D196N D196N,1
E372Q E372Q,1
Q1491* Q1491* S1703* S1703*,1
G293V G293V,1
H35Y H35Y,1
Q416H Q416H S365* S365*,1
L118L L118L,1
P142P P142P,1
L393L L393L,1
L1392L L1392L,1
E501D E501D,1
E420E E420E,1
F541F F541F,1
K354K K354K,1
G2348S G2348S,1
F654L F654L,1
F275L F275L,1
I171M I171M,1
H1092Y H1092Y L1081V L1081V,1
V246V V246V,1
D3808H D3808H S1353C S1353C,1
S762* S762*,1
L404L L404L,1
D324N D324N,1
D197H D197H,1
E768Q E768Q,1
R683S R683S,1
Q921Q Q921Q,1
D59N D59N,1
D57N D57N,1
L134L L134L,1
L133V L133V,1
L732F L732F,1
E307K E307K,1
L639P L639P,1
F309F F309F,1
D1120N D1120N,1
E1001Q D982H,1
L809F E1368K,1
E648K S181F,1
I273I D700D,1
S93F P86H,1
L270L R290Q R237C,1
A1696V G1945S,1
G212E R1224R,1
P1045S P1090L,1
I73I R940R P768P G1014E L503F,1
I101I S339F,1
P524L G486G,1
M401I G471E,1
Q501* G205S T132P,1
E1512K R1705C,1
E26E M27I D192N,1
D77N E302E,1
V1226V S1820F,1
H586Y Q643Q,1
E1819K E268K D52N T441T P166L L850F,1
S2484F R2220R E176K R2767Q P1734P G2224E S156F,1
S43I W41C,1
W3225* E1350K D1648Y,1
G488G V489V G490G,1
S201I L204L,1
F913F D780H,1
R426Q V558V A587A,1
P1315S 1576_1577SL>SL,1
R436* P517L,1
R634C Q600*,1
P114S T242T,1
R412Q E1017K P182S,1
V158M Q140Q,1
Q94Q E76K,1
A159V R290C,1
E240K G1605E G493G P1451S V2152V,1
S1411S A163A,1
L341L L29L,1
P13P L32L,1
V681A W900*,1
P315L F314L,1
S156L Q764Q,1
W939C L139I,1
N3674K M2499L L1254P,1
R1512Q R665C A350V,1
P2075P A611T,1
F690F A515V,1
Q310Q R489K,1
E682Q R706R E748Q,1
M916I E930K E1064Q,1
P847P L791P,1
Q5140Q R3857G,1
E837* Q4318K Q4617Q,1
Q1742* S2644S,1
S460F A1218V T1297I,1
D1343A I1344F,1
I547M A105A,1
H291Y S304L,1
L947L L991V,1
R127C L214F,1
A466V I155M,1
D207N L189L,1
S478L L615F,1
L808H G592E,1
A690G F691F,1
I792I Q560Q,1
Q370* D410N,1
I2288I L3692L,1
D145N L1716L,1
T1791T G829G,1
D1574N M368R,1
R1482C A3261V,1
Q777R H4Y,1
389_390MG>IR,1
A938A D939D,1
E582E T167T,1
V1354A C1546Y,1
D8090G P6275L,1
S385S V77V,1
R306* R267P,1
D256D N156N,1
G871R P1561F P1387P W448* F1238F,1
E187Q R478W,1
C208C R52Q,1
P374P C499C L668I P1011S,1
E1400D R45W,1
F104S A67V,1
R228C S368I R517C I597I D796D L804M,1
P292P R596S R941H A946D,1
R188Q T459M,1
R1035* A2T,1
S290F A136T,1
V460A T164T Y96C,1
A1815T R1379H,1
R310R V271A E203E,1
P188S R153R,1
R321R G406G,1
R785* R547* L238V,1
S7I R129H R233H D1215N A1962T P2197T I2782V,1
A106T I198I A512T S914S A997V,1
N1290N T1059T V1012I R881Q R822H E625D V83A,1
E110* E112E Y437Y,1
S121S S240N N425S,1
A228D E161E,1
A66V R346H,1
R387C T17I,1
K1660K N1799S S2418S,1
R154R F327C,1
R99Q Q32H S18S,1
Q678H Y983Y,1
R200W S448L,1
P768H R753L A215S,1
E109E Q129H R283* A387T E509K,1
A197T A133T,1
K565N E224K Q168H,1
P612S S762S,1
K36R E428K,1
R442R P962H,1
P399P R558C,1
S121T S217F,1
S148N E1313K,1
F52F P316P,1
I391I R334W V183V G411R,1
I608I E1012K G239D,1
R415R E461K,1
I527I E25K,1
A156T R99C,1
T116T E133K P465L,1
S364L S368F,1
P132L E278K,1
F214F L557F,1
G710E P428L,1
D298N F609F,1
S901N G1292R T227I,1
S943F R41C G390E,1
G1078E S231T,1
R5880P E4060D,1
Q803E P2189R,1
I755M L794V S919F L894L I774I T860S,1
E408K S47L,1
L235F P381S,1
I708I K490K,1
S50F R95Q,1
T229T P3086S,1
P383L D1241N,1
Q222* P1082S E584K G1162G P923S,1
E816K P764S R794Q P863L,1
G236E L2415S E1470K,1
A2V D259N,1
P210S L907L,1
I203I V568M,1
F234F G308R,1
G408R G179E,1
G298G D795N,1
G219R G301R P46S P315L,1
M456I L463F,1
G168G P32S,1
E275K E201K,1
E123K I29I,1
L131L E102K,1
V538V S1447S,1
E1792Q E1751Q,1
S121F I883I,1
E1421K L1026L,1
106_107KG>NR,1
T599T V600E,1
E1113* E1113E,1
K2559K D2426N,1
G154A Y152C,1
L3663L L4047L,1
P3780P F582L,1
E247K E246K,1
S319F H342H,1
G260G G31R F163F,1
K284R V233F,1
A259T E257*,1
386_387IL>IL,1
R1569W I529I L368I,1
A1992T K1186K,1
G700G P709P,1
C236* R233W,1
Q321H E39D K356K C171C R10G Q35Q D17E,1
N17Y C106W,1
D1499H D1471H,1
270_271MM>IL,1
L130V L130V,1
E123K E123K,1
R1120P R1120P,1
T1915T T1915T,1
E574Q E574Q,1
A164V A164V,1
E722V E722V,1
R14L R14L,1
I252M V241V Q223*,1
T136T T136T,1
T49M G64V,1
E56Q E56Q,1
E1017D E1017D,1
A161S R1028Q G1757*,1
Q556H P383P R319C A218V,1
D98Y G137E,1
R669* L683M D800G,1
S1567F A423T N345D S273F L54M,1
R235W S260S K602N D854G R1193W L1338I V1554M,1
Y272Y K15K,1
A1075D Q876H A713S G327E,1
R41R E236*,1
I268I L181L G176G,1
L40M Q186H,1
S150F A661V,1
T376I N52I,1
T30M F438I,1
V488M L455L G133G A120V,1
R716H I293V,1
C150C K335Q I363V,1
G264G D52Y,1
S622N A725T,1
E183* V95A,1
A425A Q270Q,1
G38D G417E G501R,1
Q180H T293S S323I,1
K288K S390P L546I,1
D847N Q1248*,1
V803I P751S N405S,1
Y514* V578M F767F,1
E216E E62K,1
R683W D922Y,1
A87T A339T V842I E930D R1146Q,1
S205N Q124H,1
T114M R92C,1
S808R P797S R654W,1
P789L A220T C197C R56H,1
Y135Y A217T S681S R897C T993M,1
S350S N566S C1053Y,1
V774A T516M V460I Y414Y T334S,1
R560C L535L S386L C369* N84K,1
E687D R324R,1
A833T S649S,1
A135A S165Y P238H T250A,1
A284V A821V R1378* P1848H T2428T S3002P L3005M T3796N S4172S L4451L,1
A192T D256D,1
R494H I392S Q153H,1
E424D G341S G207V V147F,1
N2783T D214D S162R V100I,1
A627A H497H,1
A155T Q67H,1
R1384C R918W K675R P643S L499L,1
S202L A337T R435* S516N,1
Q420Q F331F C322Y,1
P597P R51Q,1
T5A R187H,1
G175G R66*,1
C451C D310E G147G,1
V367M G268G,1
Y70Y P283L A656V,1
R250H S99N,1
S1157S G1014G R849M S539I,1
D853A R70H,1
L126M G237G,1
E482K D470G,1
P669L P409S R165H,1
L191M A267V,1
K164N L452M A456T,1
H6H A42V D75N R549Q,1
L513M R42Q,1
A7319V D6887N R3242W Y5100Y S3382R R2213M L2132F R1831H K1757T N1477N L1337L D1256A R988K D845D A708V R488H D199Y A153T S166S,1
T817P V603A T519I G263G R176C,1
N413S G193V G77D D68Y,1
K894Q P308S,1
F879S A721T,1
Q147P R498G,1
F1169C R14H,1
R1625M L1546L I1179I R905W S747S A355V,1
V279V R512Q L880M T972I R1357W R1596*,1
L2043R I1947I R1872W,1
A24T K31E,1
N1156K F1040L D874G,1
C470Y E702*,1
C726W A674T,1
A189T F516V S521Y,1
T619N A681T,1
G524D V336M,1
S139L S368Y,1
S481L A341V D265D,1
A486V T35T,1
G382G E516G P1408H L1413F,1
A491V V165I R30G A23V,1
R921H R927* D1475N,1
P107Q V172M,1
N338N P179L F115F,1
P1044S D350N A251V C237C,1
A334V S389Y,1
L24M Q71* F268L,1
A604V R399*,1
R13W G171G G404C,1
A444A G224G,1
H371H G423G,1
D231N W538C,1
G256G T306T T417R,1
V388V F132V,1
P579P D624N,1
D666Y D281N I83T,1
P761S S1115S A1793V,1
R125H Y188Y R334H,1
L62M V290M H141Q,1
T310M A273V A249T R80W,1
L56I G176C L311L,1
T344T S233S,1
A337T G387D,1
D90N Q110H,1
R259H R190H,1
N68H R26M,1
P182L A145V G139G,1
A636V Q354Q,1
I119I P278S V184M,1
R79W S185I,1
R132C V156I S322R,1
C242Y R280M A575V G661G,1
G372S S424P G502D A590V L611M,1
D534V D161N,1
L36L A151T F311F M329V,1
Q1013Q E358A T333N,1
S129S R309C G488D,1
R2329* G1252G G1094R T700A I111T,1
G2802D R2726W A2324T R1539Q G1169G C811C R344H P69P,1
P674P E985K,1
A235D G51G,1
R2413C R2233W A2197T G2052G R2049W S1549F L1084M S941S,1
P428H S487L F1002S,1
M225I T39S,1
S90P D92Y I461T,1
R346H K428N P472H,1
R653I V577A A237S,1
L35M S332I R557W,1
R701* D202D E129K,1
L407M P140H,1
A322T S355N A827V,1
A97A P139L,1
L79L D50G,1
D299D G127D,1
A63A R238C,1
R89C C618C G1674S I1725I A2273T S2428P A2430V,1
P90P C116C,1
S209F R298C L423M,1
P67H G97D L148M,1
R115Q F242F R357K,1
G1932D Y1482Y E1435E G266*,1
A1206T G857R F366F L234M A118V,1
L398L A332V,1
K2289N A1160S G881S S757N S748S,1
G411S F280L,1
G1043D D932G,1
T400P D320A,1
Q115* D318N V356V Q547Q V700A,1
L452M P487T R558*,1
G646D P395S V140I,1
F13L V121M S278S,1
A309V R124W,1
M82L G180D K527Q V659L,1
A454V V494V,1
Q462P Y551* K665R,1
A351D H365Y G391C,1
K41N W94* D103D,1
A1015T K471T,1
R122C L91M,1
R645Q D488G N188N,1
T184M P466S,1
R317W V525M A683V,1
P645S D451N R430W,1
E256* I413I,1
R208* E521D,1
P704H A475T R27W,1
A234T P563P,1
R22W A72T,1
T1492N R1275C D887G R319Q,1
R76Q A220A,1
K175N A399V,1
S226I E708D,1
V17M L179L,1
F209S T379I,1
S7S S264L,1
H7R V32V P197H Y305Y,1
R173C R258C A393T,1
A332D S27T,1
E293D H364R,1
R346H V18I,1
R49* A670V,1
A18A R392Q,1
A228V G547S C696C A708T R774W,1
D519N A431T,1
A2058T R1381R R926H V445M,1
P25H A361V D533V,1
L59L A421A M631V,1
A881V V888I V1036I,1
A871V T93T,1
E759K E1257* Q1854H S2238N,1
R2384* G1014D,1
Q146Q T703T P1944S R2122W R2253H A2735V,1
T253T I458V,1
A115A L201V,1
T1078T S1075S T703I G686D,1
E208K W261*,1
P171H A376T,1
D37N R224Q,1
S90N C106C K491K H519Y H718R,1
K77N N258N,1
D95Y R241W,1
R351M R611*,1
G137G Q153Q G369C,1
V376M G255G L231L,1
A247T R193H S44Y,1
R468H S698S S735S T918T L1030M L1472R S1910T G1941G,1
V1115M S658S L28L,1
F254L A1377V E1935* S2171I A2272T,1
A1958D D1722D R1626R S1456P H810R Y595C R481C,1
A164V T258I,1
I73I R498Q C562G,1
S1014S R956*,1
F235L P90S,1
E396E R432*,1
R187Q A55T E6D,1
R319C I91I,1
F3C T28M,1
V108V L167M A286V,1
Y12Y S152S Y280Y I374I,1
G530G G207G K78R,1
Q302Q A332A S363A A398V,1
A97D S235N,1
P93L Y222*,1
L335M S330F,1
R514C R363W,1
H19H Y428C,1
Y253C V286V C322C,1
V76I L100L,1
R293K A98V P79H,1
L191I V357M,1
R78H E228A,1
R85C L39F,1
R24* T82I,1
A1854T S1735N A1102T R831Q,1
M114I H21H,1
P441S V785A,1
R522H D301V,1
S339Y I185S,1
T273I C180C,1
S106Y L359L,1
I140N E396D N415H A421V R542H,1
R300H A363T R540H D639N,1
Q267* L538I,1
N410K N536D,1
L389M R450R F460F R488*,1
G234V W353*,1
L176L R1164H R1216R Q1844*,1
D120D A118T,1
I2062I L1218M,1
L283F K386R S773S,1
P15P D176N,1
M965T Y24H,1
I198I V116V,1
R183R Y355C,1
R1885W V1295V D843D,1
T27T K489N R712W R1041L,1
E517* D208Y L9L,1
P235P A282T,1
L57F L289M,1
A63T L415I,1
P753S D746D Y264* G179V,1
V304M R273H,1
A450A W364* S324L,1
R152H A328T G433D,1
G135G T86T,1
P455H C384* A320S A224T,1
K176K A188A,1
V87I Q351Q,1
A340D G70E,1
R166C M222I,1
R146S A144T N55N,1
G137W A350D,1
V401I R316* F219S,1
R721C I59I,1
V555M A535T G267E,1
L260I F239F,1
T452A P695S R766* S839S,1
G60R A329T,1
L423P R342R L269L,1
G310G R33H,1
T133I R11*,1
N486D A1032T,1
T155S R869H,1
S202S G233G A265V Y567Y,1
K2137E G2046D R1594W G1462G P1423L G1353* R51C,1
K642K T571P G243D G116S,1
R608* L376L A312V,1
E188K R80H I21I,1
R836Q A510V,1
G412G P536H,1
S170S K419N,1
R316H V84F T71N,1
A291V R472R,1
N85N G374V I437I,1
V224V G248G R427R,1
R1733H Y235* V129G,1
S2679N L2507I Q1199E R925K,1
T166T G379* I775I A924T V980M,1
I327T R928R,1
D1279Y E829K G677R K266N,1
G1038S G867E G774V E38*,1
T144M T264M L412I E497* G652D P657L G799D R1203Q G1456C K1554E R1783H,1
A480T A676V G833C T1653P,1
Q988H G359C,1
P607L P1123S,1
V285A R938C,1
V1289V R1257H G1124G,1
G857S R584* R106R,1
T1095T G977G,1
G39G E148D G559G,1
S2042S T1986T D1816Y Q1805H V257L,1
I97V E511K T764N,1
A209T D110N,1
A202A L241L A354T T433M,1
A1143V K580T,1
G90G Q291H,1
Q194H Q246H G730E P1105L N1717H,1
R145Q P184P A596V,1
P540H A383D D100N,1
V436I T380T,1
R114S P958L D1037G Q1070H A1183S Q1266H R1659W G1805C D2225G T2474T V2512M S3065I S3196G R3294W,1
E1798E L1767I N1698T S1461F A1179V S700N V600I T341N,1
E1890D A1472T K1109M A185A P33P,1
L54L N111N R233H Q455H R997C,1
A1487A R783R A728V R703H,1
E1908D A1781T L611L,1
E1909E S590I T450T,1
E691D K297T,1
R1564W A1182A E729A T635M V440M,1
A1893V R1863R I1633I E505K R439H,1
R1845H A1643T R445H,1
T907A G1037D I1145V,1
A86A K215T T491I,1
T249I P539P,1
S236N R144H,1
A111T P20S,1
I91I R191W,1
R92M E190D S278I,1
Q710* T716I,1
P650L P682P G1198G,1
R1958C T1972A,1
V18A R279H,1
A394V P1007P,1
R103H A111T R344C,1
T1036T R939S,1
P197L T551I,1
G737S R782C,1
P1662L T1588T S915S A572V N558N,1
A1202A Q355Q,1
D295V S517I T535T,1
E3K A298T A326A,1
E1053D G758S V438V V178M,1
R989H L655L A255T,1
G57G D257D K272T R657Q A684A,1
S407N A380T,1
M118L P295H H542H C818C L982M P1078S,1
T255M D643Y G743S,1
I178S C308Y R708C,1
A79T S647Y,1
E202K Q49Q,1
S1913N P1586P R433C D16N,1
Y269C T283I,1
Q954* R388H,1
A2718T S2177S F1920S R1598Q A1526T P1250P P1194L K1026K N487N S213S,1
H778Y Y752* R551C I548T F530F,1
E683D R441Q K93N V36A,1
R361* A503V,1
K501N A77V,1
C590C N713S,1
A182V R197C P825L R1123* S1612S L1790L P2083P R2210W P2310S R2609W,1
R359Q S500S S672L E681K A723D,1
I650S N467I,1
S506P T736I S927P,1
R2090H T1050N L874I S304I S66N E38D,1
W180C V176M G88G,1
S209S Y15Y,1
R84C F482F,1
A253T A121V,1
I1711I N1703S L1199M Y144Y,1
I182I N8S,1
Y258* E97E,1
G168G T88I,1
A161T A226T,1
L11I L18F R149R,1
H337H T118A,1
E161K A177S I247T,1
R314H D171G,1
R586H D645N R882* D979E,1
A274T S473S,1
R115H R368H,1
M557T A645V,1
G885G A158S,1
T1558M R1272C S1173F R1131* R278*,1
P137S S1140N P1190H R1673H R2152Q A2333V R2335W R2499R,1
V476V W481*,1
V296A R702W,1
A905V I115I,1
I83S R144W S356I,1
K110K D179A P891P R1087H K1321T A1669V,1
V116I G312E,1
L634I R293R,1
T328T I734V G932G,1
L372I V377A,1
P117P Q151*,1
A248T A248A,1
R233H I37T,1
L266M A294S,1
A610A P694L N916K,1
I112I V237G D462N,1
G170G W644*,1
Q131Q R140* A986D A991V,1
R12R N169H D316N,1
S392I P398L,1
S199S A52A,1
R313R G283D G19W,1
E461D D222D,1
V231I T320N,1
G299G G352G,1
L1177L L1047L K614E D545N,1
R426H L205P,1
A1556D A812V A543T T440I G374S A201V,1
A239S A532A,1
Y19Y A259V K399N,1
T1821A R1899H Q1982H,1
L1078L G837C L319L,1
T266T S27G,1
C44C A349T R560C V830M,1
A2328V A2239P T2140T Q1996Q S1931I R1444I T1086I R510H T207I L188I Q35Q,1
C479C S324I G160V,1
D739D S325I N119H,1
R195C S286S Q387* L447M S973S R1492C I1877I A1989D C2779Y S2799S S2845L P3114L,1
L297L G541E P828H,1
A214T E63*,1
P1034L A1086D,1
E225D I264I A323V,1
V936V A419T E309D W247*,1
S70S F199L,1
G1073G C799* I481V Y146C,1
P2222P R1851H E1576K T993T S750I E721D E434K,1
Q2389Q T2111A A1599D G1000G S613I,1
V2536I L2139F A2101T P1884P A1707T C833Y A585T D469Y,1
H877R D655G R121W,1
K902T A313V L288S,1
D1782D G249D N106N,1
G96G R459H G557D V733V,1
A690T S439I L40M,1
L394L S454S A459V,1
S18N T821S A1016S,1
L17M A464T V576A S796N P1026H,1
R574H A859V L1052S G1256G G1670G A1841T,1
P166L G381S,1
V187V S709R,1
N377I A371T,1
D55Y L144F,1
A318T H457H,1
A39D E354D,1
R214H E767E T1044M,1
S1191T A435S E92D,1
E1639D K525K D62N,1
S103S V303A H362H,1
R791W R645C A435S P48P,1
R32C L84M R162R E200K,1
A1694V D1034N,1
R287W T340T R466C D867N S842Y C878Y,1
D1252D H689N V643V,1
A1503T G1300V V730A,1
V76M L374L,1
N543S Q321H D72N,1
R316* R345W P377S,1
L671I S404Y,1
Y591H R1499H,1
T609N A685V M715I,1
A435T G646G,1
R101W R284H,1
G611V V237I,1
R12C E178D P593S,1
R811R F777F K521R D171G,1
W17* R67R,1
D391N L251F,1
V341A L753F,1
L317L L942L,1
G75V I127I L283I G485V,1
R953* V752M,1
Q351R N528N A694T,1
F1128S Y31H,1
D1093Y L647R I437T,1
A128A A75A,1
S421R P1004S Y1542C Q1589Q R1768K,1
Y577Y D802N V942I T1366A,1
G33S S52C I417M,1
L505I S828S G904D,1
K631T V968V L1241L F1572F,1
S418I K547T,1
P321H E361D Q1094H S1595Y,1
G807S C683C C394Y G254R,1
V57A R992* L1116L D1214Y Q1322H E1428D M1515I,1
L1951I R744C S563S,1
D921A R487H K116N A77T,1
T93I Y167C,1
K144E E164K R243S,1
Q389H P353S S91I,1
L24M R278M G299G H732Y,1
C317R Q82H,1
A953S S788N,1
A510T Y400H G363S R157Q,1
S808S A607D A211A,1
V767A V948V,1
N492I S157S F96F,1
T1102A A618T,1
S104S A257T R404Q,1
S114R L449L,1
D64Y K125M,1
L12L S91I,1
Q781H Q643H K128Q,1
V231V T67T,1
C662C G508G K400K R58C,1
K556K A533S D299N G78G V53I,1
R254* A155T,1
R84C G803*,1
Y137C Q139K,1
N117N R274Q T503T,1
E179D R284I,1
A46V T339T,1
G1069R E496D H449R,1
E116K N166N S377G R715M,1
R540W G477G S180I,1
V561A Y383H,1
S155S R543C,1
L411L G269G,1
A487V I27I,1
Q254* S188N,1
R543C V642A,1
A182A S284F,1
K3409M D2916G L852F D59D,1
T904A I787I R598H Q47*,1
K169N V322D,1
D139N P304T,1
G201D L143M K133R,1
L153F N649S F765F,1
L252L F27F,1
V109V A216V P311L,1
N405N Q223H,1
F218L A334V,1
A101V S194F,1
G127G A38A L2F,1
A393T D277Y D231N,1
A71T R156R,1
M242T F121C,1
T708A A469T,1
N146S R266M R340H,1
L508P L765M L903L S1607I A32V Q414Q E775* D818A,1
V460M L377L,1
S781N R573L S64I,1
L183L Q649Q R759Q A789V,1
N1315N N1103N,1
S226I H1930H G1985G G2139D C2544C R2577C R2613W R2686R A2981V R3707R E4526K,1
A957V Q496Q C158Y,1
N869N E318K,1
E349D M729L,1
T113I A89T N27N,1
L367M R198H D169D,1
A341T R563R S660I,1
Q37H Y125Y,1
D43N L71L V323A R628H T864T E931*,1
L730I I681I,1
E401E A386V R127G,1
R914Q R862Q D650N Q591H R19K,1
G510G G152G,1
T202P S736I A987V,1
G229R P18P,1
P217H Y339*,1
E272* L220L,1
V549M A547T,1
S250S I627I S900I S964I V1370A,1
A91V S227S,1
R17Q D94N R222R,1
I337I C177Y,1
S268L N186S,1
C676Y Q59H,1
H549Y V197I,1
L662L D603N G521S,1
Y213Y C342C,1
R72Q F97L,1
E330E L453L E890K S1242N S1965I Q2053H R2213H,1
T1074M L848I P699S,1
R190C P354P G386S S878S L1009L,1
K1289T R1138S S875N P513S D416G P379S D297D,1
P204L F756C,1
S33P R57H,1
R260H S121N S65N,1
T56T E301D,1
G804G G760E Q719Q G509* T144T,1
E578E A463T T150M A2V,1
N853N L899M N1020K,1
R773C R650* I512I,1
R606Q E667K,1
K308T K566T,1
Q109* R202W,1
K112Q Q391Q T1134N R1280M,1
A943T A1332V,1
V689I G56D G5V,1
E1206D A1128A Q665H,1
R1043* T365T,1
A277V A390D,1
D315D Q150Q,1
S444I G659R D1037N A1281T,1
H202Y D236N,1
R489H L356M,1
L152L L5L,1
S1196S A1093T L215L,1
R829W S746S A526V R401M,1
P212S S261R S715S P871H,1
F350C F4F,1
A330T E28E,1
E224D S147I A20T,1
Q330H G599G K1171K,1
C849Y E1308D,1
A1584V V1223A R650* V587V N578N S296S,1
P577H D2466D Q2624H C2974* Q3132Q,1
T53M D510N C937G A1000V C1062Y A1604V,1
V2953A V2945M Y2886C S2216G C1074C C1041C L663P,1
L529F W56*,1
P108H S274S,1
G517G G59G,1
E332D G246C,1
R356H G87W R19Q,1
V503A R179*,1
T165T S1278S T1468T,1
A122V G27G,1
E534Q E534Q,1
S448Y S448Y,1
E318D E318D,1
D318Y D380Y,1
S412Y E187* K112R,1
S265Y K149N,1
L196L K264N,1
Q143Q P506P E763* R866Q D1528Y N1612H,1
E217E R369I,1
A1268V R1030W E1022D L684L E122D,1
K303N R834* K1389Q,1
L135L E306*,1
K457T E781K E880K,1
M2121I D1776N E563*,1
F69F Q88H R109*,1
L745M R577R,1
E164* D652Y,1
R5076* F4203L K3590T L2670I I1956M R1759W,1
A281T I356I,1
A956D R1200C,1
G12D P449L E522A,1
I446I E546D,1
E142D V1378A,1
L585I L65I,1
F305F F435C,1
E845K D1284Y S1414L,1
S254S E129*,1
R391C P526S,1
D917N S1219L,1
R356Q S582S,1
F815L P286R,1
I700I F493F R235W,1
E172D S213Y,1
F201F L637I,1
R452Q R556*,1
F35L E312D,1
E2042K R112H,1
V474I E1013*,1
S67N E344* R797Q E1148G,1
A33T C4C,1
D586N V452V,1
R138I R888W,1
A1748E L870I F63F,1
S421S K751N,1
E454* E202K R52I,1
L365L P272L,1
D147N R117I,1
E359* N1059H P1164P,1
R440* R2450*,1
K300K D478N,1
K88N M46I,1
F278L L434L S803Y,1
V1727V V1383G,1
S1490L M1451T,1
M608I Q612Q,1
A550V T706A R782Q,1
F685V R43Q,1
P324P K558Q R1214Q E2089*,1
S1020L T1141T A1286D,1
F1623F E1253* C1210C Y822* R500*,1
M1092T R741I,1
K38Q R1147Q L1638L K1639K L2174L,1
T79T K174E P184H T299A F423L,1
I369I E132*,1
Q225Q F350L,1
G618R E898* P940P,1
F567L L756F,1
K572N A611V,1
P260H F849L S898S,1
S895S S73N,1
A1049A K363N E306*,1
R861* S263R R244*,1
A891V K1805N,1
R163I I300M,1
R201Q A131V,1
S148Y V234I,1
Q121Q R243M,1
R1214I A916T E629E,1
S2486S D622N,1
K220K L326I E441K,1
A456T F498F,1
F141F K204N I244I,1
N1713N A1583V D567G S312L E128E,1
F136F N694N,1
V218V R514Q,1
M185L L196F,1
F286F R152C,1
K88E I103L,1
H18H E142*,1
F217L E77*,1
L344L F458F,1
R828Q K1097K,1
E491* T461T,1
S438F E655D,1
A343V D1428N,1
L295L S14F,1
E29* M285I P944S,1
T128T A339T,1
K707Q A267D,1
Q256P S107Y,1
V161I L71L,1
S131Y R967*,1
F816L R580Q,1
D372Y E2327* F2371F,1
R79W F71F,1
D476N K186R,1
P675S L95F,1
R1016* L613R F571C R534C A524D,1
K775Q E1804K,1
R37R R88I,1
R1057* R159Q,1
N2199H E2077D E1711* K1686N A1372V F1291L R785Q D698Y,1
C110S I508I I1052S R1252*,1
E207K K28N,1
L620M S282L,1
F677V A378S P319T Q231R R56R,1
S129F D2Y,1
L228M V41A K8N,1
D297Y S312F,1
A221T R466Q D549Y,1
F196L D181Y,1
Y1280* F1009C F721L,1
L123V L206L,1
F72L R231Q,1
S1438Y L32I,1
E174* R176*,1
P614P V537I D19Y,1
D550Y K29T,1
L200I A364D L404R D466Y,1
R244W A40V,1
E38* K42N E148* D648Y,1
R134Q L109I R3K,1
R154C R447C,1
L62I F304F T552M,1
S431L R232C,1
S99S L431I A558A,1
F293L D84N D49Y,1
F32L L166F,1
E7* R47M K128Q,1
I1087I R530I K269N,1
N322H M802I,1
K94N T620T,1
L323F A806V P809S,1
G1149G Q1901H E2880* E3610D G3800G L4650L D4918N,1
E1827D I1798I E1754* N1724N L1252I,1
R77C D254N,1
L303L E270D,1
R405Q R1129Q,1
T815T F88L,1
Q1501H F1428L L1314I,1
N487T E2715D L2860S R3018R L3322F E3545D E4350*,1
L506I R273*,1
V3388G F2722L T2564A P2241S L1881M S780Y,1
Q1797H A1180T A122A,1
R1330Q E1156K E1084* D1026Y D1014Y,1
T607T R1739M E2162K P2712P,1
I42I R532C S1311F,1
S1256I S1101L R280Q R241*,1
E249* R130I,1
S3101Y K2794N R1072I D498Y R183Q,1
R1966Q D3022Y,1
E1522K E583K,1
D1658D R1434C K802N S260Y L175R,1
F216L D337N,1
E365D K146N,1
R439C R530C,1
S165Y L289M,1
S250F R387C A592V R675W,1
R306C S632N,1
R420Q E307*,1
R199C F340L,1
C456F R677Q,1
P433L E871*,1
R387* L557I,1
S146S L931M,1
I297M K235K,1
A163V R56Q,1
T414A K19E,1
E263* S402Y,1
E473K R244* N39H,1
S981L L1028I,1
I615I R520C,1
I115I F65L,1
R176Q K442K,1
S838L K773Q,1
P266S F731L,1
S246Y L7L,1
S237Y S318S,1
E249K E119K,1
R3957C T3538T L2658I E1709* F1537C A1499D D1327Y E85D,1
E103* E224K R503*,1
D161Y E100K,1
S179L N764T E818D,1
F277F D718Y E916D,1
F1000C K279I,1
S955S P35P,1
R137M G262G,1
P443T R393C C84F,1
R218Q L98I,1
E114* N594H,1
I630I L193F,1
L269M S324Y,1
L1696R E1518K E382G,1
L262L F108C,1
F252V F232F R59I,1
L79L S438A,1
R328Q E97*,1
S967Y R759* R145W,1
P23P E115D I152T E624*,1
K327N K514N,1
P551P E418*,1
K96Q L323S,1
K747T R782Q,1
I1739T W1741R L2837L F3957V,1
E6942D N6219I D3173N K4151Q K4124N I3226S T2364T F2049C V1962V Q1938Q E1694D K1315N G121E N180T,1
N184T S120S,1
R557Q N238N R135*,1
E169K R262H,1
E899* K655N F50V,1
S1184I F238L,1
R855Q R891Q,1
G787V S142S G21E,1
F419F R123I,1
S316L A128T,1
A14T L324L,1
D505Y R691H,1
E311K S95Y,1
W234C E138* L12I,1
R830M F659C F237L S131P D49Y,1
A588V F772L,1
L2753I E2133* G1952G E1477K E1410D F1346L S1235* Q907P S722N,1
R1671C F1162L R1130M S984L I780L R717W,1
Y821Y I610I A120V,1
L1901I H1806N S1250Y L1026I Y455H K348N,1
K212K K190N T75M,1
D575N L499L,1
T179T E249*,1
L45I F364F,1
E91K D245Y,1
P517P T971T,1
E138* N528N T583N,1
W305G L358I,1
E619D E982K,1
R95* L52L,1
L155I S404S V427V,1
K288N F139L,1
S377I E654* E822* E1080* D1241Y V1288V D1506Y,1
I1197I S686Y L450M R115Q,1
R1362C R1500I,1
Y1416H E1195K N298H,1
A401T A67S,1
R46Q E791D P1539S,1
R1719I S1589L K152N,1
D886N E543E,1
N615N I470I,1
E280D K224T,1
E340K V192A H103N,1
K743Q R88H,1
R1619I L683M,1
E100* R82*,1
E298K F576F,1
S430L L380I,1
G19E L62L R455I,1
I2500M E270K E124D,1
K1785N K1616N A1395D E1050V R799C,1
K1865N D1616Y S717N E598D,1
F1576F K54N,1
R1666L E1068* G701C L560I F165L E26K,1
K199Q F71F,1
R1923* K1061T,1
I372R K717K,1
R605I Q566H,1
L643M D272D,1
R225R E83D,1
A21S S307L V541L,1
R52Q A1338D F1701V,1
S365S S655F,1
L557I V440L I335T,1
P409P V592M,1
S213S K306N D1198Y,1
H181Q E38D,1
E44* I329L E436K F471F,1
F187L A100A,1
F236F R554Q,1
S378L I184I F149F,1
T7T G295E R426* E818*,1
D670N E38D,1
H677H E1115E,1
R2063I S1654S R137I,1
Q17H S24S E108* E196K,1
R692G R670I Y361Y E232*,1
I80I S123S L343L S411Y,1
C65C S324I,1
Q642H D380Y D174N,1
S798T S777S G457V,1
V633I S831Y,1
S893Y H732N,1
I407I I334M,1
K207K E171*,1
R335Q K568N,1
R485H F545L,1
I495I D91N,1
E538* E607*,1
E1178D A1557T S1814S,1
F1489V F1273L F1052F F71L,1
T804P Q2683K D2912Y,1
R37I R362K R434Q R553* E648* A708T F792L E2118K R2576I R2578* L2861I,1
N2238T S1701Y,1
D234N E60*,1
K343N F219F,1
D5511A A5166T R3707*,1
G102S G565* S821Y,1
V614V E596* I512I E240*,1
I266I L488I,1
L515M R798C,1
Q347H E1147K,1
W230R R479Q,1
K90N R678Q,1
E714* E991K,1
N1088H K936N D573N S76L,1
E572D R256K,1
S163Y D498N,1
S4839S P3096A Q242E,1
E5953E Q3063H E162E,1
L220L I371M,1
P495T L22L,1
L1979L E4223K,1
E2296K E738G,1
S19F G24V,1
H743Y S750I V950L,1
V1380V S754L,1
D29H H168D,1
E1886D L537L A431S,1
Q123Q Q413*,1
G220G Y661*,1
R2069T I539M,1
E178K L318L,1
I305I T234T,1
M879I L777V,1
V611V H1047R,1
S417Y L119L,1
A925A P298S,1
E5K E5Q,1
E362K S308L,1
L1046L D552N,1
E479K S710*,1
D84N R48Q G43S D12H,1
V97V E2Q,1
K596N E327K,1
E375K G351K,1
R1921R E1750K V1533V L1329L,1
E1758Q E623Q,1
S68L L112L,1
I1382I I435I,1
K199N E301E,1
E1063* E1058*,1
Q595* E331Q,1
Q2616Q E4022Q,1
M465I K359N,1
R458R T213T,1
D854H L1256L,1
S456* L829F,1
E699* F1504F,1
F2045F R468L,1
R248C S249C,1
Q1964Q G1864D,1
T698T S938Y E1043E D2581E,1
R361* E299*,1
T1469A I809I,1
Y1753* D790G,1
T487A L294L L212V,1
D345N I210I,1
E320* R619I,1
K235T R370I,1
K1426N S295S,1
R1529C E895* R713R,1
L3101L E4912D,1
I175I T322I,1
R37Q I322T,1
V368V D107Y,1
258_259WE>*K,1
E6816Q D1018N,1
E292K E283K,1
L210L L48L,1
Q971E D351Y,1
947_948KG>NC,1
L1130L L246L,1
Q250* T1350M,1
G1030R R539T M453I,1
Q918E S1387F,1
I239I E1319D,1
R348Q G784R,1
S667T E255Q F193L,1
L377L S141S,1
R475Q I454T,1
R266* V201I,1
K5108N S3747F,1
F3420F G508G,1
S2130F L2529F,1
F244F L215L,1
S622S G827R,1
Q129* H3599Y,1
V429M L1486P,1
K111N N1044K,1
D442H D547H,1
D4809N L3623F Q2637Q,1
R1448R V1273M,1
S1431Y P609L R603S,1
F138L P1319H,1
D788V P596P,1
G382E R83R,1
Q238K F265V F265L,1
R37H R59H,1
L3630L E2805E A588V,1
L533L P736H,1
R239Q P363P,1
G1355R G277G,1
A1367V A458A,1
G1581G E798D L347L,1
D481Y S118C,1
Q4906E Q1686R,1
S783L I577I,1
R271R L329L,1
L281L A594A,1
D1204D I1263I,1
E1526K I4152I D1785N I2438I,1
I2430I L3735L,1
305_306DL>DL,1
S127S R522K D1985N,1
K1992M R3831C G4647K T3375T,1
V1952V T272T,1
N247N R248W,1
497_498CL>CL,1
1113_1114RL>RL,1
F320F T438T,1
G333R W1183*,1
L1016L Y22F,1
S1461S L308L,1
A47P K2257N,1
E5274K V3011V G931D,1
R481S T712T,1
L617R R108C,1
F584F F608F,1
R579Q E897*,1
E5182K S4993Y S4179Y E3292D,1
A459A E316K,1
R123I R795*,1
R765* D683Y F377L,1
Q542* E1058*,1
V835L A1502S,1
L484L V175V S138C,1
M2700V G1522G,1
S373F P374S,1
L174L L174L,1
299_300MH>IY,1
V8712I S1896S,1
E622* D513Y,1
E252Q E398D,1
D1927N E1812K,1
P81P T127I A144V K1731T,1
Y1650* R1498C,1
R1705* Y1667Y S1322Y,1
E484* E839*,1
T1698M R700C,1
A220S G215S,1
D329D A138V,1
R307Q K743T,1
F1743L I822M,1
E6535* S1244Y,1
R894H S485Y,1
E938K T752T R484Q,1
R1993C R2100W,1
R130G L146*,1
R38C R108H,1
R1275* R135*,1
R340* I393I,1
T1019T E255*,1
R753Q K686N,1
E110D E291D,1
R533Q V319V,1
S1688L P1477H F1311V E807*,1
D398Y R113C,1
S159L S471L,1
S51S K72T,1
R29I L235I L449F,1
Y1025Y K95E,1
E200* A289T,1
E654* D1265Y E1914* D2042N E2413* D2733N,1
E1887* R1957* S2536Y,1
K32R I166I E207K,1
L335I R526W,1
P165P E223K D261Y,1
P908P E671*,1
L432L G30G,1
G11G R294H,1
K406N S561N,1
K255N E477*,1
K1568N I2194I,1
C270Y L316R P740S,1
R14Q R384W R578H,1
E133D P484P,1
L620M G449E,1
R565Q R565Q,1
V28M V28M,1
T238T S845R,1
A1410V C608C A106T,1
R4523R R1130W,1
Q441* L465P,1
A205D G281C,1
G550G R467G,1
D193N D1372Y,1
K2068R K441M,1
D373G L312P,1
W16* Q450*,1
79_80LV>FL,1
A289N P596R,1
R258I V60V,1
P802L R310*,1
K269N T40T,1
K420N R496* R744Q,1
E100* E214K,1
L1518L S1314F,1
D1582D D1959Y R1967C S2258I L2284I,1
E125D E408K,1
C256C E364*,1
G107E S244L,1
P1535L L1360I L818I D7Y,1
A128D S572* R1856W F2154F L2540L T2662N,1
T206A I603I,1
L440I L131F,1
I591I E176K,1
G179G K1080N,1
K140N K308T,1
R881H R829C E698K N178H,1
T372A E736D,1
D8725N S7919L R7690Q L7364W L6317M G5466V L5322P L4459F G1940R F908L L841I,1
A384D E67*,1
E449* E617*,1
R131Q D202N,1
F602L S362S,1
K391N R594*,1
T983A R164W V66L,1
K1290K F398C R162*,1
T1350T E883A P824L,1
E5D R93R,1
K174N A163D,1
E95D H225N,1
A198A C78C,1
R333Q S156Y,1
I94I S131F L414L,1
D558G R552R,1
N791I A779T T759N V589I E539*,1
M159T L389L,1
K785Q I322I L50V,1
K612N E108*,1
R361S E741*,1
E569D E303*,1
R909I D699Y,1
R2247Q R2247Q,1
A139V A139V,1
Q1582Q Q1582Q,1
S1950R K1732T,1
Y30H F76L,1
K158N I594I,1
R1114* N1161K,1
S144L E444D,1
A315V F260F,1
M509I K452N,1
I936I P375H,1
N858N K1039R,1
K1042Q E2754* E2859G Q2891Q,1
R268C F200L,1
F231F A645S,1
Q92H D235Y,1
E1160K G157A,1
P5292L E1402K R170W,1
R2730W G2691R,1
E1493Q E1470Q,1
G138* K116T,1
M96V E7*,1
K129R K129R,1
E509* R373I,1
R302Q L568F,1
G396G G16W,1
L4972I K2946T K1593K,1
T339A R51I,1
F651C R697K,1
L461I K740N S1187Y D1370Y E1652* E1707D,1
K770N E826E,1
I402S S831Y,1
R324I F560V,1
C104C K309Q,1
K816N A249V L56I,1
F280L L236R,1
I293M S1647Y,1
R2982* S1876Y L400I,1
S785S F299F D89Y,1
R31M L135I,1
S421Y D188H,1
G598V G614D,1
M304I E412D,1
S3692R S6R,1
S915C P906S,1
D281A G266R,1
P620T S804L,1
V572V I551I,1
P552P S898P,1
A1923S E1812D,1
V116I G90S,1
R853W T75T,1
S489Y T188T,1
G3368D A2167D L221I,1
E365K P471L,1
S59Y S53F,1
D696H R691T R677T Q502E,1
F1134L R1142W,1
E423K F221F,1
I814I I832I E865*,1
D86N Q113Q,1
E6702K R1015H,1
N39S A159V,1
E891Q E864Q,1
L620L S1072S,1
R530S R2248C S4186*,1
L1532V A100D,1
E1417K G1195G R301R,1
F535L G1142W,1
E1494* L560I E208E,1
N109N G186V,1
Y460* G473E,1
L211M G182G,1
E803E E802Q,1
R236I A240S,1
T596T D60N,1
L265R R248Q,1
R1417R R1330C,1
M666V F780F,1
I31I R394C L790I E1500* A1710V,1
E141* E431G,1
E423K E423K,1
R3453* S3347G,1
P458H R359Q,1
L252M T176T,1
N718H P895P,1
A2147T P1342P,1
S852L R695W R611W,1
S2240L D2835N,1
R349C K85K,1
A701A S108I,1
P150H G718E,1
P219H R39H,1
P300T E301G,1
S1606L R1043*,1
A109T A441T,1
L576M V300I,1
Y1318C M879T,1
R564* R1450*,1
T657M P489S,1
A511A A137V,1
L1022L V1034V,1
V416I V969M,1
L300L G1814C,1
Q210H R233C,1
G1213D R642H,1
A269V N168N,1
S1013S R1110C,1
A594V R782H,1
D1538D D1263D A541A,1
S682S L1042F,1
G1283E D1046V,1
E358K P291L A54T,1
G2062G W1958G,1
H199Q S89S,1
L1308L H763H,1
R73C P507P,1
R505Q A752T,1
R348* R564* R1399H R1450*,1
L138R M61K,1
K319N E287D R280K,1
N2002N T1114M,1
R1474R K602E,1
V12V K20K D23N,1
D843H V856V,1
G348S D509N,1
157_158DF>EI,1
I1079I N1087S,1
Q503H Q616H,1
K184K G50V,1
W209R D210Y,1
W354S W395* E440K E503K E507K E513K,1
H1603H Q265H,1
V927V L682I,1
G805V T675A,1
M250I G306C,1
I256I S448Y,1
A1996S D139V,1
V287F G288V,1
A3083T C1582Y,1
D711N E721Q,1
R3788R T1699A,1
A234T V459A,1
E869* G916E,1
E378D E381Q,1
G275E Q269*,1
L119V P117S,1
E850E E465Q,1
E59K L50L,1
E257G G1002V,1
R518H K287K,1
R554* I1254M L1482P,1
T1520T S1412S T1184T,1
E350K H838H,1
N1010I E173K,1
E596A A275V,1
R1075R E778E,1
P2655P S2253S S1966S S1755S,1
R64R A273T,1
C1847Y Q1253L R658W,1
R1241Q R210C,1
A151V L325M,1
N439S N440S,1
P636S Y885N,1
L1309L G1381E G752E,1
R273C D207N,1
N341I S290L,1
D7298Y V4666I,1
S126G S3893Y,1
D1043N S373F,1
E193D E192E,1
Q36R G195R,1
T440I T440I,1
R123H R123H,1
L780L L780L,1
I86T I86T,1
T153T V308A,1
A896T G2162S,1
K1011R D277N,1
F102F D435N,1
G706G L1110L,1
A2000A C1811C G1729R T1342T A335V,1
I1230I S577S,1
M115I S606F,1
P422L V185V,1
E491K G526E,1
D902N S2029F,1
G183E F494F,1
K61N I423I,1
S278F P39S,1
S456L R465Q A466T,1
I18I L194L,1
F709F D999N,1
G400E E1521K,1
P459S V527V,1
H360Y L289F,1
V115V T109T,1
P82P R7223C,1
M244T T1061T,1
R255Q A326A,1
A1903A R86C,1
R470Q R999Q,1
D431D G317R,1
G229S L105P,1
F914L A530V,1
G1414G S253S,1
R144* E91K,1
R514C R1360Q,1
A104V R660C,1
A47V D254D,1
R174Q T103T,1
P121P A413T,1
G629S T392T,1
R4022C D3735D,1
V224V T3M,1
E554G T312T,1
R553Q W443* K318T,1
Y71C W147*,1
A253T R387H,1
R1600G K426N,1
G630D A820T,1
G1359G L578P,1
Q1307Q R1560H,1
A593V P658P,1
K1097N R4790Q,1
R2140Q P4491S,1
T3367M T3967M R4874Q,1
R1021* A1006V,1
T1226T R1261H,1
P3517H S3417S,1
R394* S738P,1
V1268I D1236D,1
R1199H G4E,1
A2V V400F,1
H551Y N194N,1
S442S V872I,1
R39R R309W,1
P746L Y347Y,1
D1415D V600I,1
H608D R557M,1
W5482L R5481S Y251C,1
T3080K S1777F E250*,1
Q1800H P3127S T3850A,1
R421M P365L,1
S965S D1115N R1198W,1
R2329C V741E,1
A559V R2C,1
R645Q Y581Y A468A,1
R650Q R937C,1
T272M L618L,1
C411R L548L,1
T885M R458H,1
L409L A300T,1
A1541V H136H,1
T897T T573T,1
S240S C213C,1
R68W A132T R320Q,1
A208A P315P V364I,1
D122D V68I,1
L201F Q317H T1215M,1
A1240T S225S,1
R290Q P189P,1
D597D S2304S,1
H75Y E168K,1
R1273H R523Q,1
K331K P323L K261N,1
R585H L843L,1
R8095C T94M,1
P84P A328T,1
G1678S V590I,1
S3453S V4723A,1
A441A Q2958*,1
P1202P P428S,1
G369G T159T,1
P4575P Q1518H,1
L3995H R2266H,1
R93W Y1021H,1
S1419L A1827T,1
N850N N417N,1
S386L A326A,1
R235R R235R,1
D116E E66D,1
P2064L C416S,1
S196L L607L,1
E1282K R1243T,1
E718Q Q741E,1
E210K E204K,1
C176Y R110L,1
L922L F487F,1
L1418V E671Q E600Q,1
I912I I912I,1
E276* D486N,1
L376L L376L S437C S437C,1
E258Q E258Q,1
K91N K91N,1
E5379Q E5379Q,1
D1069N D1069N,1
D1374H D1374H,1
L595L L595L,1
E302* R143Q,1
E235L E177Q,1
E542K E542K,1
E508K K230K,1
D278G D278G,1
A217A A217A,1
V1215V V1215L,1
Y2357Y E1957K,1
R2628W E2106D,1
D27V V26E,1
P769S E700K,1
K644K R246C S263F,1
S682F M298I,1
S104N Q202* D5N,1
R2372K G741R,1
L2623L R1010C,1
L717L S848Y,1
F358F M421K,1
G1283E A1166A,1
G1201R G82E G8E G1134E,1
A808A Y725C,1
S2233L 713_714MA>IS,1
D82N E71D,1
T51T E1835Q,1
I109T V187V,1
E470V T1004T,1
K2055N K873E,1
142_143KE>NK,1
G474C N1261K,1
P609T P608R,1
R102Q E87K E60K,1
E122K E147Q,1
M1052T V265I,1
I1946I S262S,1
E81D G11S,1
P170S L113L L113F V89V L75L,1
*586* Q578H,1
Q649Q Q647Q,1
L1563L F1449F R1447R,1
D346H L261L,1
W584L Q435E,1
G640G T351T,1
R278R R176W,1
F663L Y2648C,1
R147R E142Q,1
S256F G261V,1
Q1281R A679A,1
N56K A38A,1
H179R V157F,1
Q139K S1190A,1
S392* F372L,1
A954T T860T,1
T352M G1473V,1
P1286S G587G,1
Q2866* N1482S,1
R496L K2296N,1
K4956N E315D,1
T302T A210T,1
D1315N V196I,1
R1599W D1066N,1
S319L L1193F,1
D1024Y Q933*,1
R562R Q616H E900Q,1
G1046G R185R,1
S68S D1149N,1
A1780T D1553G R431H,1
R117C R1999R,1
P1089P A500A,1
G792G E91K,1
G223G R282C,1
V452I R283*,1
A146T S446S,1
D1162H S511C S391L S110C,1
C5790Y R1386H A806T,1
R136H R512C,1
S145S V520M,1
S2027S G666G F301F,1
V1057A N2422H,1
C322Y G241D,1
A1107V S120S,1
S88I M164T,1
R574H A581V,1
E863K R586S,1
D1719G E1608E,1
F739F Q741*,1
R123T E119K,1
S1399L Q1425*,1
L12L L37L,1
L328F D125H,1
F299L L332L,1
G2867S I2154R,1
R1442G T1183A,1
A456T A482T,1
R727C Q3151R,1
R406Q A1016T,1
M1517V S1829S,1
R39C R3Q,1
G536S T862T,1
E1464A A910T,1
G762D T394I,1
P865P Q179Q,1
L176M G179A,1
F723F K437N,1
A489D L274L,1
A966T G305S,1
F82F T359T,1
L255P E189*,1
P256L P8S,1
D425N K313N R308Q,1
K1405N I2167I R2668* A2934V S3734L N4106S,1
K370N R173K R148Q,1
R677W R449I,1
V212V D132Y,1
E668* K816N K1776T,1
R513* F393L,1
S73S P534P,1
I4965I L3458I S3220* N3066D K2545R I1087I,1
R447Q R655Q,1
E22D E570K,1
S287Y R951Q,1
D67Y A725V S1252Y S1400L R2204* R2237* N2624D I2661I,1
F648L G415V,1
A1167A P130S,1
D885N E870D S465S,1
T163T R42C,1
K330K E456*,1
A1236A R632Q,1
K2272R E1809E E1547* S1046I E853D,1
D1025Y D684D,1
E822K F582F,1
K36N I953I,1
Q370Q P543P,1
Q537H F289F A64T,1
R311R L279P,1
V212V R926W,1
R852R V265V,1
S492Y R802W I931I,1
E438K T335P,1
P583P E184*,1
K853N R629C,1
A430T Q573*,1
G202V H279L,1
T347T T347T,1
L1542I P801H,1
R175H R175H R175H,1
R1549W R1549W,1
R685C R685C R685C,1
W327L W327L,1
G11W G11W G11W,1
T1144T T1144T,1
R55W R55W R55W,1
W2456F P2526H,1
R836R R836R,1
S318N S318N,1
R20R R20R R20R,1
K168N K168N,1
G503E G503E,1
R129C R129C,1
K5065E K3595K R1015H,1
254_255LV>FL,1
L3611L R3660I,1
I377I R305I,1
L834M K857N S1098S,1
R508Q S944L,1
R27I H192N,1
E1603* A1437T Y1006C R976Q,1
Q838H P645T E402G,1
A453T K445N,1
F294L E138* S65S,1
L392L T483T,1
E163* K259K R501Q I1358I,1
F1389F T1239T V129V L13I,1
I1164I E1106D,1
S1198Y K717T,1
E1601K D884N K882N,1
R1476Q I1162L,1
R2040Q L1609I V1192V F441L R219I I156I,1
S947S R661Q P440P,1
R1901I Q902R,1
C138C F64L,1
R170H K240* D319N,1
L24L R131I,1
E1533D V1558G,1
L533L P514P,1
E329D S743I,1
S80L G196*,1
R89* L500I,1
K87N E32*,1
K226N Q270H,1
L189I R643C,1
R717C D565G,1
A39A R354H K448Q,1
V2606A L2103L P1536H,1
G3143V E2312* E1967D E1909* P744P R363H,1
G534S D740N,1
E927* D223N D144Y,1
A929A R111I,1
F61F I376I E462K E497*,1
G44* I1621I,1
D32N R453Q,1
R312* K123N,1
L482I Y1569C E2020K R2842C,1
L109M C347*,1
E829D K637N,1
R957C K586T K382N,1
R395I E494*,1
R424Q E566D E629* K660N,1
P234T D434N R1123*,1
Y401Y F212F,1
S462L R188I,1
V162A L86L,1
R220C S90Y,1
R327* I395I R418*,1
G294E Y400H,1
I302I E638E,1
R263I R488* R701Q,1
L280P F51F,1
T597M R711Q,1
K223T E196K R90Q,1
S815S K496N R145*,1
G673S F1235V,1
D141D K65N T10M,1
V247V F361S G365G F860F,1
L607S K395Q A373T,1
S125N D74N,1
P8Q R168I,1
R312C L325L,1
L74I R197H,1
V192V S361L,1
E21K R309I E507D,1
L1435I R82*,1
S26Y V129L R395I,1
K469K S1428P A1819A,1
F1402L L737L I396I,1
K298E S240Y,1
D371Y F402C,1
E843E I33I,1
S302Y S339S K669N,1
K246Q E282* P509H I758I,1
S374S K519N,1
E1168* E444D,1
K41N V90V,1
A969V K721K,1
E150* D380Y G703S,1
R13I S45N,1
Y294C R1481Q,1
D149Y S197* R727S,1
V1880V S1653A E1603D,1
E1559* P1408T E1246*,1
F20F F311F R366Q,1
L155M V204A,1
F325F F506L,1
R55I A180V,1
E292* S557Y,1
V408I E305D,1
L33I C178R,1
E682* R305W,1
E578D E865* E1138K,1
Q264* S1315* D2519G,1
E262K M293K,1
R225K G582E,1
G466E A468E,1
F590F N565I,1
A18A G25R,1
P784P P901P E499E P810L,1
A335V R1024C,1
Y1298C Q943*,1
A1292V Q1293*,1
N225S N219S P226P,1
R188* S346P,1
I238I M123V,1
R1056R P1049S,1
Q1376* D902E,1
R614Q S373G,1
N4219N E4290D,1
A281A G849G,1
I936I P712P,1
A79V C510Y,1
K134K T135N T135A,1
D2406D D2599D,1
V4473I L820L,1
R181W L180L,1
W680C P1338T,1
R422T H160Q,1
E1260G E1071V,1
A171P A706S,1
H677N I1303I,1
A731E N733D,1
V14V F10C Y34N,1
R844P S368S,1
Y1272Y S1234L,1
Q2060K S2089S I2090V R2069*,1
R1681C V1255V,1
D1698D N755N,1
T1820M R1361W,1
F35L T961T,1
I219V K618T K618E,1
Q648Q A48A,1
R195H R291W,1
Q70* A20V,1
F1429F E99Q,1
S362F A2191A,1
Q399* S534F,1
F2782F R1622Q,1
S1896F G1206G,1
P450S G1364R S3631L A4428V,1
Q8* G83G,1
I466T G198S,1
R550C R378R,1
I836I D1731N,1
G384E E25K P481S,1
I1763I E779K,1
E1855K S1342F,1
I146I G202E,1
M1129I S488S,1
G624E C846W P832P,1
D467N T865T,1
F11F G230R,1
E187K Q4108*,1
E308K G334S,1
R1277C T1262M,1
H228R R667H,1
A1204V P419P,1
C1109C V600I,1
P162H A82V,1
P533P P630T,1
L23L P601A,1
S156S A115V,1
R81Q R309Q,1
R151C T418T,1
236_237LL>LL,1
R450C F197F,1
A674V V753M,1
R1072W A1201T,1
S704F H1746R I2075T,1
Q160* D268N,1
L1398L Q1099*,1
P56L W219*,1
N201K R149L,1
S216S A21P,1
P1456T T950P,1
R456G S250S,1
S1687G Y81*,1
K960K D3521G L4261P,1
N827D Q518R,1
M1588T M282T,1
L3815P K3680N S480S,1
E2518G C950C,1
N771D A127A,1
I175V I236V,1
A1967S Q1336H,1
S4864S E3294V Q3248R,1
L1659P L1329S,1
P771P L2313L,1
W1888R M251T,1
N84K Y82H,1
K865R D469Y,1
D354G K33R,1
R692H R726G P1180P,1
L990L S478C,1
A197S L725V F1930L,1
Q282* W696*,1
L3563V S3286R,1
R512* I1610I,1
L1131V L1074L,1
P39S G999E,1
I936I E431K,1
G358K G573E,1
R1820K E1621K V2486A D1738N,1
V1020M S174*,1
L447L T1031P V1866V,1
G415E P433S,1
R128R R550Q,1
S1451S F623F,1
D341G A347A,1
L751L F1361F,1
R296R P191L,1
R246* E58E,1
C1097C D3635G,1
C305R D398G,1
R663G T1141T,1
S2676N I2020V G1753G Y815D G153C,1
V45L T239A,1
338_339QR>HW,1
V111L F382L,1
95_96DL>EF,1
V272M G245G R243W,1
K233K P11P,1
G2237V I543I R156Q,1
P516P R179R,1
S351S E2137G,1
G3809C L1468L,1
W5131L D3208Y,1
S1282I N1673S,1
S1916F L205M,1
G1377V S1597I,1
A216S Q130H,1
L21L T505A,1
M1381T A1144A,1
M744R S975S,1
G307V T128T,1
P367L E302D S209S,1
I754I V825A,1
K3621E S1218S,1
Y590D N438N,1
N677N N611D,1
R290H V100A,1
I193I I251S,1
K367K M239I G97E,1
K1579E S1136S,1
V246A T196T,1
I857V I964L,1
L7281L E3858A E3713D I1397I,1
M1427T E246G,1
E1014D V788V,1
P278T T1674A,1
W31R K694M,1
D441Y V258A,1
P15T A341V,1
E255K E255K,1
P171L P247L P171L P247L,1
F212F L4I F212F L4I,1
S463F R31Q G139R S463F R31Q G139R,1
F115F P148L F115F P148L,1
P345S G806R D709N G329E P345S G806R D709N G329E,1
P391L A717V S1408L P391L A717V S1408L,1
E119K W5* D402N P395S E119K W5* D402N P395S,1
P17L P17L,1
G365D W386* G365D W386*,1
P943S P943S,1
R501C R501C,1
V877V I900I P276P V877V I900I P276P,1
F436F F436F,1
L165F L165F,1
P79S P79S,1
P303P P303P,1
L331F L1321L R774W R736C L331F L1321L R774W R736C,1
S391S S391S,1
R780C R780C,1
F40F P353P F40F P353P,1
L456L G109S G427S L456L G109S G427S,1
I444I P119L I444I P119L,1
E37E E37E,1
D1742N P385S V2554V P1247S G260R D533N F1514L I1380I H2748Y R1726C S362S D1742N P385S V2554V P1247S G260R D533N F1514L I1380I H2748Y R1726C S362S,1
R636C C199C S584F R636C C199C S584F,1
L474L L474L,1
A150A A150A,1
V502A V502A,1
E160K E160K,1
S1034L S241F T1565I S135L Q1555* S77L S1034L S241F T1565I S135L Q1555* S77L,1
R210Q R300W R210Q R300W,1
P132P P132P,1
P2828L P2344L F2206F E1727E S2499S E350E F263F D2964N P2000S E807K E2867K P50P P2828L P2344L F2206F E1727E S2499S E350E F263F D2964N P2000S E807K E2867K P50P,1
E305K G581R E362K G581R E305K E362K,1
R193Q R193Q,1
P332F P332F,1
P99L R10R P99L R10R,1
L367F L367F,1
G81E G57E F395F G81E G57E F395F,1
G963S V496V G963S V496V,1
R160C R160C,1
P768S P768S,1
F417F P325L P353S F417F P325L P353S,1
R373K L307L R373K L307L,1
R217R R217R,1
P291L E507K P423H R337Q P291L E507K P423H R337Q,1
Q23* E239E Q23* E239E,1
K49K K49K,1
R133C R133C,1
R289C R289C,1
L335L R406R F22F R379C R337* L616L L116L H615Y L335L R406R F22F R379C R337* L616L L116L H615Y,1
P152L P191L P152L P191L,1
P393S P393S,1
P1178L S920F F1195F P1178L S920F F1195F,1
H1033Y N1797N H1033Y N1797N,1
S190S P701L S190S P701L,1
S137S T25T S137S T25T,1
D68N E35K D68N E35K,1
F189F F189F,1
E241K I510I E241K I510I,1
F1710F L1051L F1710F L1051L,1
G221R L108L G252E E558E G221R L108L G252E E558E,1
R281C S290S R281C S290S,1
G132G G132G,1
F131F F131F,1
L278L F31F L278L F31F,1
E32K E32K,1
P254L P254L,1
Q516* Q516*,1
A408A A408A,1
P695S P695S,1
F919F T1115I F482F F919F T1115I F482F,1
P13S P13S,1
A932A V2762V S2554S P1904S R1006C R3080* A932A V2762V S2554S P1904S R1006C R3080*,1
R287R S471F G359S W319* R287R S471F G359S W319*,1
P269L P269L,1
E64K S562F P390L R77Q F70F E64K S562F P390L R77Q F70F,1
P813S R1305Q P701S P813S R1305Q P701S,1
E330K E330K,1
V1680M A3298T,1
L854R R1019C,1
G626D P522P,1
H571H V593A,1
R742H Y361N,1
D2524D E2436E,1
T153M R426H,1
A3167T R1456Q,1
S3051R P2733P,1
T1027T R719H,1
P1094P R304C,1
R43H G229D,1
F314V G261V,1
M1474L G69V,1
558_559LV>FF,1
V1328D G112V,1
P2747H S1226S E1114*,1
Y1579C P4542L,1
R386W G556D,1
R123C G897G,1
E298D A299A,1
T2622S R2573L,1
T222T P861S,1
G676S G682S,1
G653E D375V,1
F126I R118Q,1
S257L S302C,1
R226L G219W,1
Y433* F430S,1
T454T T1828T,1
N775D S851S P1068H,1
W668C D527H,1
H1571Q L789M,1
T386T P428S,1
K564T G568R,1
D1540E E1774*,1
P465L R150Q,1
R1687R A16T,1
G63C K28R,1
L1581M T624S,1
F837F P1568L F837F P1568L,1
L71L L71L,1
E274K G258G E274K G258G,1
T163T T163T,1
D321N M414I D321N M414I,1
G723E F635F G300R H67H E716K D873N R613Q L844L F988F G1157R G723E F635F G300R H67H E716K D873N R613Q L844L F988F G1157R,1
L168L L168L,1
F36F F36F,1
R920* R920*,1
P597P P597P,1
F277F F277F,1
R102W R102W,1
K260K V222V K260K V222V,1
D345N S317L D345N S317L,1
D42N F97L T124T D42N F97L T124T,1
L249L L249L,1
E1024K L266L G108S E1024K L266L G108S,1
T231T T231T,1
E1052K E1111K V860V G77G S1104N G744E E1052K E1111K V860V G77G S1104N G744E,1
P837S S341S P437S F223F P837S S341S P437S F223F,1
Q601Q D556D,1
Q60* Q297H,1
P652P R651R,1
K1761N D161E,1
G1755C D560Y,1
R1799L R1790C,1
219_220DR>DR,1
L409L I291V,1
F471F I425I,1
S764L Q768* P922S,1
P259L P259L,1
D5044N D4973H G4477R,1
L76L F40F,1
L489L L489L,1
E143K E143K,1
G378S L264L P349P G121I I207I G378S L264L P349P G121I I207I,1
E54K E54K,1
P873S L2423V R2173* S1473F P873S L2423V R2173* S1473F,1
V101V V101V,1
Q189* Q189*,1
E121K E123K E121K E123K,1
W268* L128L W268* L128L,1
K195E K195E,1
G96E G96E,1
P489S P817S Q516* P489S P817S Q516*,1
A194V A194V,1
M180I P159L M180I P159L,1
P1128R P1128R,1
R1938K R624K E117E G557S P1139S L1173L R1817Q R1938K R624K E117E G557S P1139S L1173L R1817Q,1
G191R G191R,1
P210P P210P,1
H164H L265F H164H L265F,1
P341L P377P P341L P377P,1
R107C R107C,1
A134T A134T,1
S757S P135L S757S P135L,1
F89F F89F,1
G355G G355G,1
R208Q R208Q,1
G26E R237C G26E R237C,1
P354F I660I V767V P354F I660I V767V,1
P934S L433L T762I F499F L433L P934S T762I F499F,1
L1036L H619Y L1036L H619Y,1
S1041S S471F P714S S1041S S471F P714S,1
L793L I588I T435T P1244L L793L I588I T435T P1244L,1
E362K R217C A286A E362K R217C A286A,1
K443K S374L E509K E675K F73F E556K K443K S374L E509K E675K F73F E556K,1
R72* G629D V1288M R72* G629D V1288M,1
P745S P745S,1
D19N D19N,1
T1119I S76L T1119I S76L,1
T85I T85I,1
S183S D120N D134N S214S G17R P254L S183S D120N D134N S214S G17R P254L,1
H77H H77H,1
L53L L53L,1
F353F F353F,1
P73P P73P,1
A34V A34V,1
G170S G170S,1
G386G K729K E2088K R995R D1505D L1782L L444L T368T E1237K R429Q I696I E401K V1607V A466T S1707L G386G K729K E2088K R995R D1505D L1782L L444L T368T E1237K R429Q I696I E401K V1607V A466T S1707L,1
E124K E124K,1
P825S P825S V253D,1
F440F D400N W382* F440F D400N W382*,1
P150S P150S,1
P151S P456S P151S P456S,1
G124G D420N G124G D420N,1
T143T P232T T143T P232T,1
A19A A19A,1
A838V A838V,1
G158E G158E,1
P380S P380S,1
R520W R520W,1
I235I I235I,1
P997L D707D P997L D707D,1
T391T S344S T391T S344S,1
V426V P474L V426V P474L,1
P456S P456S,1
P129L P129L,1
L166L L166L,1
P90S P292S R503C A75A P90S P292S R503C A75A,1
L1680L D319D L1680L D319D,1
P71L P71L,1
A524A M2209I G2329E R2129K P1911L A1606A W2172* L2186L F1679F E674E F2412F E2077K L1232L L1657L F1039F L1432L D424N E1726K E1893K A524A M2209I G2329E R2129K P1911L A1606A W2172* L2186L F1679F E674E F2412F E2077K L1232L L1657L F1039F L1432L D424N E1726K E1893K,1
K68R K68R,1
P144S P144S,1
T99T T99T,1
P267L P267L,1
E253K E253K,1
E405K E405K,1
S131L S131L,1
R346R E675K G859E S472F E680K R431C R346R E675K G859E S472F E680K R431C,1
G1078S M850I W1332* D2730N E293K G1966G I2248I E1985K K2227K D3143N V3067M G1078S M850I W1332* D2730N E293K G1966G I2248I E1985K K2227K D3143N V3067M,1
S282T D139N S282T D139N,1
P462S P462S,1
E251E E251E,1
R638Q P142S R638Q P142S,1
S494N S494N,1
P193L P193L,1
S234N G379S P224L S38N S234N G379S P224L S38N,1
W407* S113S W407* S113S,1
S144S S144S,1
K200K K200K,1
H447Y H447Y,1
R142K F352F R142K F352F,1
F210F W187* S254L F210F W187* S254L,1
A10A I62I A10A I62I,1
P35F P35F,1
P261L P261L,1
G306G G306G,1
P368S A491A P368S A491A,1
K120N E735E T535T K120N E735E T535T,1
S543S S188N P47L S543S S188N P47L,1
D442N D442N,1
S419L S206L P293L S419L S206L P293L,1
P262S P262S,1
R438W R438W,1
Y604Y G166D R581C S71S G223D Y604Y G166D R581C S71S G223D,1
P646L I478I R608C P646L I478I R608C,1
W268* W268*,1
D2049N G1260E E177K G2G S1548F R2098R E1787K D2049N G1260E E177K G2G S1548F R2098R E1787K,1
A479V A479V,1
N17N G168R N17N G168R,1
I165I R138R I165I R138R,1
D96N D96N,1
N192N N192N,1
S119S S119S,1
R89K E122K E241K F218F R89K E122K E241K F218F,1
R314* R314*,1
I19I I19I,1
E94K R23Q E94K R23Q,1
K541K V526V S649S K541K V526V S649S,1
D249N D249N,1
P215S P215S,1
F258F F258F,1
T164I P333P E200E T164I P333P E200E,1
G123S G123S,1
P46S P46S,1
R706* R706*,1
S154S I33I S154S I33I,1
A430V A430V,1
H847Y E1047K E330K R653C E952K R620C G1086E A1003V H847Y E1047K E330K R653C E952K R620C G1086E A1003V,1
P48L P48L,1
S319L S319L,1
E501K E501K,1
P319L P319L,1
L108F L108F,1
I516I I516I,1
F74F R442K L37F R1756C E637E E1521K L1393F E1405K E523K F74F R442K L37F R1756C E637E E1521K L1393F E1405K E523K,1
P231S P231S,1
S98S P34S A134A S98S P34S A134A,1
F237F P202L F237F P202L,1
E304K R333C P423L R37K V422V *455* E304K R333C P423L R37K V422V *455*,1
F88F F88F,1
P461S P461S,1
Q735* P927S Q735* P927S,1
K221K A206V K221K A206V,1
P547S P547S,1
L138F L138F,1
L667L P40S L667L P40S,1
E2729K S1635F P2245L S977S T2420T T1660T E516E M2051I S572L S1065S R497K T532T S2439F G2023G G325R E2729K S1635F P2245L S977S T2420T T1660T E516E M2051I S572L S1065S R497K T532T S2439F G2023G G325R,1
E185K E185K,1
S401L G728G E984K E430K D1671N E428K D1272N A1262A S401L G728G E984K E430K D1671N E428K D1272N A1262A,1
S749L R232C E809K R541R V218V R699C G479E S749L R232C E809K R541R V218V R699C G479E,1
A187V A433A P141S R189R A187V A433A P141S R189R,1
V282V R83G P412L V282V R83G P412L,1
G10R P215L D311N G10R P215L D311N,1
L967L L967L,1
S1046F T955T D487H L409L G471G L845L D407N K919K S1046F T955T D487H L409L G471G L845L D407N K919K,1
P4L P63S P4L P63S,1
R76C R19Q R76C R19Q,1
R73W R73W,1
T139T L404F T139T L404F,1
S2546F P677S P335L P656L Q2544Q G1650E L862F P2475S L154L F271F G852E A2002A S2546F P677S P335L P656L Q2544Q G1650E L862F P2475S L154L F271F G852E A2002A,1
R222C R222C,1
R140R G252E R140R G252E,1
K84K K84K,1
A222A A222A,1
R1921Q S128N,1
G412E Q539Q,1
E43* W283R S489S L564M,1
K100N A41V,1
E386* E890*,1
R2647W Q1788H,1
S156I L343I A754T N770S,1
P793P K770N,1
A959V G477G F317L,1
T673M F900L,1
C728Y I223I,1
K114T D531N,1
L1236F E824D,1
Q70H N186Y E583*,1
R306H E264*,1
E128E D51D,1
I337I P421S,1
F376L S337S,1
P521P S836Y,1
H266H T147V,1
I532I F308F,1
G1019G T498T D77Y,1
V166A R177Q,1
R544H M420I,1
S423* R1487C,1
E149* A516T E847* D1569N R2033Q,1
S230S E347A V657A T1208I,1
E1646A V986I,1
R186R E1138D L1231I E2228K,1
T1025N E319K I100I,1
E1879A E1065D,1
V469V C724C A1286T I1432I,1
S39I A268T,1
T337T R499C R1802C S1823S E2754*,1
K2849N V2786V S2260Y S2021S E1935*,1
L6I F305L R358W,1
T165A G1347D R1785I,1
E260D K187Q P20P,1
V50M G487D,1
I116I S751Y,1
D300D S44P,1
A536T K854T R2205W,1
L1388L R1499C P1546H,1
E509* D133Y,1
R217Q F52F,1
C2495C S1280L,1
L1941I E1709*,1
V723L G987*,1
S2269Y T1131A R814* K207N,1
H390N L8L,1
L909S D439N G12D,1
A9T E247K,1
E219* D308G S2298S,1
A285T R392H,1
E701* H638N,1
D700N A572D A547D,1
F600V F429L,1
S230Y R628C,1
E717D A63T,1
M627T E1133* R1184Q,1
Y375Y L17I,1
S1194L G1596D,1
P200S G350V,1
R13H T169T V1374V E1623K,1
S271Y Q328Q,1
E114* C196C,1
E73D D247Y Y702H,1
I484I R291*,1
S34L R178*,1
W301R G34S,1
I750M E365D R30I,1
E311D D289Y,1
A2109S R842S G353D,1
R387Q E179K,1
E1561* Q1866H,1
F484L A262T,1
R259Q A574T,1
V235I R523H,1
T364I R78C,1
F91F A433A,1
L536I G201G,1
F498L A232V,1
G483R T278S,1
K275N R123C,1
G157G H744R,1
R192* A37S,1
D782D K301Q,1
A3385T K3334T K3320K E2118D,1
D269A K1039N R2039Q,1
I435T M800I R1410I Q1729H D1958Y,1
V208A N408H A494S,1
S1130N S954Y A201V,1
R33C D329N,1
K198N D48Y,1
R189H E427K,1
N29T F205F,1
D253Y V30V,1
T3447T F2648C E1953D S1356G T254P,1
R75Q K12R,1
F466V W396C,1
P436R A189T,1
S126S R763H,1
K141N S246T,1
C1541C E559K,1
K65N E125* E280*,1
L137L L146S G518*,1
E836K S932Y,1
R76* I123I,1
A181A K298N,1
D634D I463I,1
E91* T562A D916N V1268A,1
E273* R415K,1
F897F K642T A283V,1
K231N F43L,1
R14M R130Q,1
A244T F456L,1
G41G Q157K,1
A320T Q220Q,1
S2052* L1414L,1
I214N A239V,1
L435I E813E,1
R446R S633Y,1
E179D V426A,1
L195M F179F,1
A1781T R675Q,1
D959Y Q726Q E659D,1
I1671I T545T,1
E1484* E1088* M1071V K87T,1
E272D I149T,1
P2761S E2274K E1178D S951L,1
D681Y G237G,1
E62D H616N K844N,1
E1615* R3Q,1
S222Y R68*,1
F224F I55L,1
V297V G470*,1
T2455N A1433A,1
R153H H98N,1
S203Y F634L,1
D400Y R189Q,1
R1835H A686T A388S E211K K138K,1
K1643R R500*,1
L201I E476K,1
R126K K594N K880N D960N,1
Q81R E161* E962* E1291*,1
E412K L209L,1
S490Y L108V,1
M1300L E214K,1
E243D H508N,1
S1841S C1060G,1
F1266F P272S G50G,1
G671V E746*,1
P262P E1259K,1
H207H R470H,1
R834* P2439S,1
S454R L860V S936F I1268M,1
A516S A598T,1
E926D N630K,1
S1756Y P1209L,1
S470S L489L,1
S445F R475W,1
K4566K E3891D E3762* D3452Y E2966* V2333A E1791* E1532* F1019C D739Y W341L S187S L81I,1
A342T T102A,1
R716K R1886R,1
W151L L709F,1
D1772N P946L,1
G356E W249*,1
R427C P59L,1
N245S P258S S244S,1
S104F V23I,1
S489F F477V,1
E1946K P1307P,1
S138S G629G,1
I2223I P2789P,1
I402F H4449Y I402I,1
L1133F P748P,1
N982T S1352S F1350F,1
K706* R405Q,1
R1937Q P3192S,1
F516F E1805K,1
T1063T T891T,1
I221T S91S,1
E896E R1771K,1
E595D S472Y,1
R19Q S119N D136D,1
R1424C A1012T Q385H,1
G87D A550T,1
K653E L352L R147W,1
N527H E943K,1
R501Q E573K,1
S1093S S759Y F548C E353*,1
D1536A L706R,1
176_177CE>F*,1
S1405I Q1381H K556Q R498I,1
V1774V T311T,1
V1448I V2074V,1
V1402M A2713V R3092S,1
D1640Y M2192I,1
D3189Y R2556L,1
D359E S355R,1
E1669* I1597I R144Q E502K E1628K,1
T509I L252L,1
R36Q D192N H513N R572Q A812A,1
A347E A347E,1
L169L S206C G1130R,1
D375H E385K,1
L178L Q34H,1
L235* Q1338*,1
1362_1363SH>RN T1292K,1
A706A A706A,1
G284R G284R,1
R10L R10L,1
I195I S262*,1
H187N H187N,1
R714W R714W,1
L414L S415L,1
178_179MR>I*,1
F326F Y1150H,1
E680K D1071N,1
R1647R I514I,1
S1376F R1127C,1
A659A S154S,1
L605L D846N S489S,1
V265I P73L,1
I54N A63A,1
I163N A164V,1
R119W E232K,1
D839N E532D,1
N1367S P437S,1
E794K G693A S761S,1
V410I P642S,1
S193L R82Q,1
S4272Y L1259V,1
E33K P115S,1
M292I V46V,1
I13I R39K,1
G2003C Y2948H,1
R724Q R724Q,1
D547N D547N,1
H419Q H419Q,1
K122Q K363Q,1
R354H T179M I119I,1
K208N K302T,1
K14N L851I,1
S1614P F1389S S90S,1
S632N R78H,1
G1166V G823C D660N A596T,1
S1105Y K586N G333G,1
D781G N814T,1
E2493K A1500V D918A S469I R56I,1
K1794K F1675C V440G G327E,1
G38* P762S,1
R233W A208V,1
A462T S556S K714N,1
D147Y Y381H,1
R563C E213D,1
R487I D1202G,1
S83N S266S,1
R121Q R1078* A1374D E1777D,1
K92N R45Q,1
D38N V173A,1
A129V G76G,1
I296I S743N P861P,1
F410L R326Q,1
S1236Y S875Y,1
L482M E282K,1
R1277W R107Q,1
R2927I D2825N R1574C I228I,1
S1514F R1294C D1262Y H656H E222D A173S,1
R337* P117P,1
K571E A385D,1
E147* R597Q F918L,1
A77T R32H,1
E321G V276A,1
A476V R75I,1
E197K T305M,1
C594* L673I,1
E173D A384S K460K,1
E745* K757N D925N,1
P219P Y619Y D904G,1
E1197A E1270E E1568D Q1611H Q1962Q S2501Y,1
Y1242Y I1144N,1
R650I D547Y G336V,1
A2D A531V S587S R1450* I1662I S2429F,1
R226K R585*,1
R516Q K583N E725* A1107T,1
A959V E398*,1
D1632N E529*,1
R51* P247H,1
N102S D503A,1
Q251Q V281V,1
D266Y R434H,1
A209T D302N,1
A1375A K1206N,1
A858A D2065Y T2339T S2858L H3524R E3776K,1
L307F A390V,1
E157* I283V,1
R857M D1091N,1
S73S P502L,1
I4965I E4109* E3663E E3523K H2235N G1543G,1
F689F M723L,1
E51D P789L,1
T516A G123D,1
L54I F409L,1
R782C E736*,1
R324I S359Y,1
G337G K374N,1
N55N G404G,1
R21Q R84Q,1
R264C I169I,1
D1631D T152A,1
P433P R559Q,1
A144V G380G,1
Y1466* C1158C E586D,1
T552T T378A,1
D479Y F1192C Y2997*,1
N1687D R1642H E166*,1
A202V R302Q,1
P397P I341V E234D,1
S380F D638N G1199E E715K I569I P264L V1176I Q691Q F81F E1072K G855E R75R K85K E1512E G147G R573Q V1169V K481K S380F D638N G1199E E715K I569I P264L V1176I Q691Q F81F E1072K G855E R75R K85K E1512E G147G R573Q V1169V K481K,1
A1253A S1233F P325S F453F I538I A1253A S1233F P325S F453F I538I,1
E301K V247V S67N E301K V247V S67N,1
H69Y H69Y,1
E142K R187Q E142K R187Q,1
S276F P388S S276F P388S,1
R1145C L2076L R1145C L2076L,1
L932L S176F L932L S176F,1
I262I P759P L589L S431L R830W I262I P759P L589L S431L R830W,1
G25S G25S,1
R411* R411*,1
P170P P170P,1
P107L P107L P767L,1
I511I I511I,1
E227K E171K E227K E171K,1
Q1151* Q1151*,1
G536S A614T S815S E1156K W825* P907S E810K E771K L690F G536S A614T S815S E1156K W825* P907S E810K E771K L690F,1
A1240V Q347* E1238* A1240V Q347* E1238*,1
D356N D191N R125Q D356N D191N R125Q,1
F21F G67E S20S F21F G67E S20S,1
S56S S56S,1
V424V I231I V424V I231I,1
F299F F299F,1
R740W S888F G91S F286F R633W P82L Q1109Q R740W S888F G91S F286F R633W P82L Q1109Q,1
S555S P517S S555S P517S,1
F425F P354L E507K F425F P354L E507K,1
L58I L883L A412V L58I L883L A412V,1
P627L P427L S217F G1000R F377F M730I R157Q P627L P427L S217F G1000R F377F M730I R157Q,1
E1804E E429K R735* E1804E E429K R735*,1
T2440T P152S R1718C F360F A835V T2440T P152S R1718C F360F A835V,1
S2470S S2470S,1
L1285L W1177* V916V M793I L564L G237E G115R I950I E1226K V1166V P40L G7S R1439Q R1001C F884F G158R L1285L W1177* V916V M793I L564L G237E G115R I950I E1226K V1166V P40L G7S R1439Q R1001C F884F G158R,1
P673P P673P,1
A379V A379V,1
G211G G211G,1
K953K G915G G73S S30L I170F R183R L257L R830Q E383K K953K G915G G73S S30L I170F R183R L257L R830Q E383K,1
D19N G63D D19N G63D,1
H177Y H177Y,1
L130L L130L,1
M505I E485E R920Q S791F L961F A618V V162V E356E R7R Q425Q L999L A354A M505I E485E R920Q S791F L961F A618V V162V E356E R7R Q425Q L999L A354A,1
P86L P86L,1
P124S P124S,1
L87F R601C Q575* P210L S518L T455T L87F R601C Q575* P210L S518L T455T,1
A840A A840A,1
A17V A17V,1
K8R E9K E29K K8R E9K E29K,1
S4L S4L,1
T1159I G450E L655F F276F E282E E1060K D434N T1159I G450E L655F F276F E282E E1060K D434N,1
S74L R1067Q S74L R1067Q,1
T38T G157R T38T G157R,1
F1850F P2043L F1850F P2043L,1
G62G P3432S L1297L E3037K A1526T R1826R G62G P3432S L1297L E3037K A1526T R1826R,1
D250N D367N A886A R1119C A508A T998T F969F D250N D367N A886A R1119C A508A T998T F969F,1
S181F Q1712Q L632F R373K D481N G240G V951V E1903E S181F Q1712Q L632F R373K D481N G240G V951V E1903E,1
T129I T129I,1
E128K M106I E128K M106I,1
D48N D48N,1
E36K G174D G96E S68F E36K G174D G96E S68F,1
L377F L377F,1
A401A E1889E E1123K L402L Q30* L1013L I536I A401A E1889E E1123K L402L Q30* L1013L I536I,1
F45F A455A V207V E204E G263K T824T F45F A455A V207V E204E G263K T824T,1
P836P P287L P836P P287L,1
E700K E477E D858N K841K E459K D340N E700K E477E D858N K841K E459K D340N,1
P379S E495E P379S E495E,1
F399F F399F,1
P238L D234D P238L D234D,1
Q313* Q313*,1
A66V A66V,1
P19P P19P,1
A64A A64A,1
H331Y H331Y,1
P85P P85P,1
H634Y H634Y,1
L138L L138L,1
P912L P984P H1082Y T946T F337F P912L P984P H1082Y T946T F337F,1
S535L S442F P374S S535L S442F P374S,1
P868F R849C P868F R849C,1
S571S S571S,1
S323S S323S,1
S107S S107S,1
I128I T953T V204V G984E T905T Q1126Q I128I T953T V204V G984E T905T Q1126Q,1
R264K K234K R264K K234K,1
G136R G274R P605P G136R G274R P605P,1
P251P V228A P251P V228A,1
F371F R228K S506F F371F R228K S506F,1
E191K A372A E191K A372A,1
L422L L422L,1
G593S D683N K82K D325N F27F G808R R341C E8E A213A G593S D683N K82K D325N F27F G808R R341C E8E A213A,1
G411E G411E,1
H626Y A368V H626Y A368V,1
R518C R518C,1
L103F L103F,1
F847F F847F,1
G155E L308L A154A G155E L308L A154A,1
P51S P26S P51S P26S,1
N100I N100I,1
T360T T360T,1
S269L S269L,1
L57F F40F L57F F40F,1
G183R G283G T729T K677K H49H G183R G283G T729T K677K H49H,1
L1598F R884C L1598F R884C,1
F313S F313S,1
T151T T176T T151T T176T,1
Q580Q S348F L441L G496R Q580Q S348F L441L G496R,1
F98F P79L P394L F98F P79L P394L,1
R378C R378C,1
S1041F V810M F897F Q487Q F264F G687R P529P S1041F V810M F897F R332W Q487Q F264F G687R P529P,1
E97K E243K E97K E243K,1
G50R G50R,1
G407E E206K E503K V138V F209F G407E E206K E503K V138V F209F,1
L377L L377L,1
S253L I86I S253L I86I,1
R213K P147L R213K P147L,1
V294V F399F V294V F399F,1
H1033Y H1033Y,1
P199L S340L D478N G289G G259E E62K I511I P402S E89K P199L S340L D478N G289G G259E E62K I511I P402S E89K,1
L698F M789I P391S V267V V121I E203E R682R Q486* G785G S219S G379R L698F M789I P391S V267V V121I E203E R682R Q486* G785G S219S G379R,1
Q1171* Q1171*,1
F127F F127F,1
F1051F R184C F1051F R184C,1
E546E P118S G604G E546E P118S G604G,1
R263Q D128N V236V V164V R263Q D128N V236V V164V,1
L82F P223L L82F P223L,1
S126L S126L,1
R91W E550K L702L G591S R91W E550K L702L G591S,1
R262Q R262Q,1
R281* P219S R281* P219S,1
P374S P374S,1
G295D E1166K G558* P164P K323K E996K G295D E1166K G558* P164P K323K E996K,1
Y223Y E165E Y223Y E165E,1
V479V I531I V479V I531I,1
A488A S492F A488A S492F,1
F226F F226F,1
T822T R947Q S419L I711I T822T R947Q S419L I711I,1
P247L P247L,1
R440C R440C,1
F203F F203F,1
P239S D234N P239S D234N,1
W277* P146P H388Y W277* P146P H388Y,1
V337M E348K V337M E348K,1
L1033L G672S S1345S R1232* M893I L783L L1033L G672S S1345S R1232* M893I L783L,1
G235S G235S,1
S86S E609K S86S E609K,1
V117V S63F V117V S63F,1
S84S S84S,1
P149L P149L,1
E30K R20K E30K R20K,1
C253R C253R,1
R202W G490G R202W G490G,1
A548A S534S R932R P520S Q851* A548A S534S R932R P520S Q851*,1
L411L D671N L411L D671N,1
S53L S53L,1
P114P L10L R138Q A130A P114P L10L R138Q A130A,1
L1219F P1088R P1451S L1219F P1088R P1451S,1
S203L P914L A235A S203L P914L A235A,1
P325L P325L,1
P107L L42F P107L L42F,1
G339R L152F E588E K346K R587K L815L R582R R735C F450F V693V G339R L152F E588E K346K R587K L815L R582R R735C F450F V693V,1
H429Y H429Y,1
G50G P86S E184K G50G P86S E184K,1
V586V 1441_1442AL>AL D1580N A1002A I673I K503K A1403V S158S S1718F E931K A1543T G716G G354S V586V 1441_1442AL>AL D1580N A1002A I673I K503K A1403V S158S S1718F E931K A1543T G716G G354S,1
E1751K E934K E412E P83L E783K E779K E861E D1345D G1061S E1751K E934K E412E P83L E783K E779K E861E D1345D G1061S,1
K566R R148R E75K S548S E1389E R250Q K566R R148R E75K S548S E1389E R250Q,1
S203S S203S,1
L181L L22L L193F L40L L181L L22L L193F L40L,1
A250V A250V,1
C477C C477C,1
D313N D313N,1
S96S S96S,1
A652V S1207S E3644K H3740Y S3581F I2598I P65L A652V S1207S E3644K H3740Y S3581F I2598I P65L,1
G718G G718G,1
P644S P862S P644S P862S,1
Q1231Q E1385K G410S S227L G1432R G454E G473R Q1341* D1569N E1027K Q1231Q E1385K G410S S227L G1432R G454E G473R Q1341* D1569N E1027K,1
R124C P246P L299F E193K R124C P246P L299F E193K,1
I470I P4L I470I P4L,1
F422F F422F,1
E145K E145K,1
Q297* Q297*,1
D858D S877L F580F G687G S96S V713V D858D S877L F580F G687G S96S V713V,1
187_188PL>PL 187_188PL>PL,1
L116L L116L,1
G149E R139C G149E R139C,1
E144K L109L E144K L109L,1
D460N P277S D460N P277S,1
E343E E343E,1
A490V A490V,1
D603N D603N,1
G193G C962C R846C G193G C962C R846C,1
P292P P292P,1
P74L P74L,1
R103Q L735L P2122L I128I V409V T2320T E2043K R103Q L735L P2122L I128I V409V T2320T E2043K,1
A111A P143S A111A P143S,1
E239K E239K,1
A571T G238R R302Q A571T G238R R302Q,1
P333S P333S,1
Q577* V452V L1000F Q577* V452V L1000F,1
P329S P329S,1
W480* K361K W480* K361K,1
E634K D869N S937L E61K E634K D869N S937L E61K,1
I297I A85A L101F I297I A85A L101F,1
G189G G189G,1
H155Y P360L P397F H155Y P360L P397F,1
M858I G319E K599K E878K E993K F165F R813K E1702E M858I G319E K599K E878K E993K F165F R813K E1702E,1
P229L K438K I412I G514R D248N P229L K438K I412I G514R D248N,1
I578I I578I,1
A126T A126T,1
L379L R417Q R49Q G13E L379L R417Q R49Q G13E,1
F62F F62F,1
A260A A260A,1
P28L P28L,1
S17F T306T S17F T306T,1
L139L L139L,1
A333V E159E R35C D489N R283R A333V E159E R35C D489N R283R,1
P4216S P786L P997P F3700F P616L S2521S R3491C P4216S P786L P997P F3700F P616L S2521S R3491C,1
R86W L31L E51K R86W L31L E51K,1
R327C F30L P337S R327C F30L P337S,1
E38K E38K,1
P8P T77T P8P T77T,1
F96F F96F,1
R77W V26V E163E R77W V26V E163E,1
P152S P95P R203R D220N P152S P95P R203R D220N,1
T2375T R131Q T1190T R2921* D1473N A2732V S404S G1813R T2979I D892N T2375T R131Q T1190T R2921* D1473N A2732V S404S G1813R T2979I D892N,1
L198L H57H L198L H57H,1
F498F V240V P466L V372M F498F V240V P466L V372M,1
F125F F125F,1
P362S Q610* L663F L913L P362S Q610* L663F L913L,1
S260L S260L,1
R115C E288K L680L P196L R115C E288K L680L P196L,1
P216S P216S,1
S1387F D506N G1275R P416L D1478N P1458S Q1488* T1342T S722S D244N E1507E S1150F A424A E1078K R374K T351T S1387F D506N G1275R P416L D1478N P1458S Q1488* T1342T S722S D244N E1507E S1150F A424A E1078K R374K T351T,1
V36V V36V,1
S73S S73S,1
R1730R S201L R306C H443Y K1683K G2987E R1730R S201L R306C H443Y K1683K G2987E,1
P166S T673I P166S T673I,1
Q42Q Q42Q,1
G253S G253S,1
I404I I404I,1
S233L D452N E507K S233L D452N E507K,1
M1129I L15L R172W F157F C313S P711L S971N Q169Q P641L L1046L M1129I L15L R172W F157F C313S P711L S971N Q169Q P641L L1046L,1
I2366I P1777S F449F G1105G G778G M1222I G1890N I3057I E2030K I2366I P1777S F449F G1105G G778G M1222I G1890N I3057I E2030K,1
F331F F331F,1
Q75Q Q75Q,1
F65F F65F,1
R656C L547L R656C L547L,1
D708N D708N,1
P36S L67F G330R R351* Q272* S440L P298S E105K E423K V386V P36S L67F G330R R351* Q272* S440L P298S E105K E423K V386V,1
L4F K101K G43R E99E L4F K101K G43R E99E,1
F610F F610F,1
R219C R219C,1
G134E R98R G134E R98R,1
G99G R8C G99G R8C,1
P297L F87F P369S P526S P297L F87F P369S P526S,1
R233* R233*,1
S920S D1181D S920S D1181D,1
E181D E181D,1
Q386* L360L Q386* L360L,1
D382N S377S P219S A140V D382N S377S P219S A140V,1
R145R R145R,1
E201K S261S H218Y K349K M31I E345K P95S E201K S261S H218Y K349K M31I E345K P95S,1
S655F P352P S434S S655F P352P S434S,1
W359* W359*,1
I345I I345I,1
L135L L135L,1
S855S G575S S855S G575S,1
L1060L R1471R I138I E1853K P39L E1206E K1136K L1060L R1471R I138I E1853K P39L E1206E K1136K,1
I751I A805A I751I A805A,1
E1389K R811K T765T E348K A1445A S37L L271L E1127K T168I A687V R22R E1389K R811K T765T E348K A1445A S37L L271L E1127K T168I A687V R22R,1
F12F F12F,1
R398W R398W,1
P59L P59L,1
P10L P10L,1
L688L R695Q P603L P331S L688L R695Q P603L P331S,1
R1890C R1616C S1641S R2152C V2326V R1890C R1616C S1641S R2152C V2326V,1
P1014S P1014S,1
R1762K M1103I D1039N G2793E S952L G216E A1894T V2238V E1761K T2660T T2715T R1762K M1103I D1039N G2793E S952L G216E A1894T V2238V E1761K T2660T T2715T,1
M567I R674C M567I R674C,1
P321S A653T P321S A653T,1
P629P P614S P629P P614S,1
F118F F118F,1
P286S P286S,1
Q420P R318R Q420P R318R,1
P462S P292P F528F P462S P292P F528F,1
G168E D204N A8V G168E D204N A8V,1
I133I I133I,1
G43E G43E,1
R565C T384T R565C T384T,1
T538I T538I,1
L901L E145K L901L E145K,1
W358* R500W W358* R500W,1
P82S P82S,1
K63K K63K,1
F707F F707F,1
P470P A62V P470P A62V,1
L1843L T2429T L1843L T2429T,1
P1721S F324F P1721S F324F,1
H292Y H292Y,1
P706P P706P,1
R269* R269*,1
A179T R75Q G151S R469R G259R H22Y A179T R75Q G151S R469R G259R H22Y,1
S307L S307L,1
E230E E230E,1
T1059I A1135V T1059I A1135V,1
T552T T552T,1
R205K S730F R205K S730F,1
A22A Q186* A22A Q186*,1
L49L L49L,1
S368L S368L,1
T376I P330L T376I P330L,1
S437F R88W S437F R88W,1
F95F P1463L H2571Y P1132L S2990F D429N F95F P1463L H2571Y P1132L S2990F D429N,1
P224F P224F,1
P55L S228S P55L S228S,1
P160S E133K I16I P160S E133K I16I,1
G64R G64R,1
R508C R508C,1
G446R G89R G219R D485N P452L G446R G89R G219R D485N P452L,1
E166K A324A G468R R372C G451E P80S I697I E166K A324A G468R R372C G451E P80S I697I,1
R331C R331C,1
Q363* Q363*,1
D216N D216N,1
I222I I222I,1
Q207* Q207*,1
E1740K E1118K G2778R R3629W L772L S2061S R1437R E3689E D4091D A4598V E3746E F4712F E916E S233S H821Y P3289L A1794T F194F F1187F L4487L Q379* G159E E1319E F4781F R2985Q I3272I R1726C S1174S E2409K L2550L E1740K E1118K G2778R R3629W L772L S2061S R1437R E3689E D4091D A4598V E3746E F4712F E916E S233S H821Y P3289L A1794T F194F F1187F L4487L Q379* G159E E1319E F4781F R2985Q I3272I R1726C S1174S E2409K L2550L,1
P1136S P1136S,1
S434S S434S,1
R648Q P629P L307L L100L D22N P180L R648Q P629P L307L L100L D22N P180L,1
D713N E1574K R359R A1386A R1076K S1117F E345K A1529T G1510E S231L D713N E1574K R359R A1386A R1076K S1117F E345K A1529T G1510E S231L,1
R285* D1269N A370S E1535K R285* D1269N A370S E1535K,1
E6K E6K,1
M4012I K1219K 2069_2070WA>*T D4896N F4297F R2198C E3066E Q3925* L488L S139L E4151K E4219K M4012I K1219K 2069_2070WA>*T D4896N F4297F R2198C E3066E Q3925* L488L S139L E4151K E4219K,1
A338A R206K A338A R206K,1
P64L E273K E35K K384K S30F P64L E273K E35K K384K S30F,1
Q765* P575S P148P A625A Q765* P575S P148P A625A,1
P107S S445L P107S S445L,1
F320F F320F,1
P24L P24L,1
S160S S160S,1
Y678S S903L Y678S S903L,1
A79V A79V,1
I254I F234F I254I F234F,1
V255V V255V,1
F123F F123F,1
P166L R907C P166L R907C,1
S675S S675S,1
L791L G543E K144K L791L G543E K144K,1
R67K R67K,1
F214F F214F,1
E509K P437P S320F K438K G479R S66L G353E E462E E509K P437P S320F K438K G479R S66L G353E E462E,1
R124K S25F R124K S25F,1
A221A A221A,1
L687L L687L,1
G1737G R1309Q E913K E1607K G1737G R1309Q E913K E1607K,1
L164L H88Y L164L H88Y,1
T893T T893T,1
S811F V598V G277G G671R S811F V598V G277G G671R,1
F294F E217E F294F E217E,1
Q59Q Q59Q,1
F102F K517K F278F F581F R201C F102F K517K F278F F581F R201C,1
R523Q W188* P983S L1524F R1613C M1532I R1367C G616G V1552V L1595L R523Q W188* P983S L1524F R1218K R1613C M1532I R1367C G616G V1552V L1595L,1
A96T A96T,1
P1539S H989Y E1990E A1180T E2308K P1539S H989Y E1990E A1180T E2308K,1
G37G G37G,1
A339A A339A,1
F558F F445F F558F F445F,1
D323D D323D,1
W149* W149*,1
S116F V309V S116F V309V,1
P26S P26S,1
G162D G162D,1
V803V P300S V803V P300S,1
S314L S314L,1
G58E G58E,1
S578F R1115C S578F R1115C,1
T153T A865A T153T A865A,1
Q178* P163S E164K Q178* P163S E164K,1
E705K A110A E788E P375S E705K A110A E788E P375S,1
P326L P326L,1
T486T T486T,1
P366F P366F,1
W85* W85*,1
H207Y H207Y,1
S335L E397Q P319L S335L E397Q P319L,1
A83V F362F A83V F362F,1
L2638F P3239P L2638F P3239P,1
P451L P451L,1
A246A A246A,1
G18S G18S,1
I325I S112F I325I S112F,1
R401C D495D F1045F R401C D495D F1045F,1
L22F L22F,1
E135K E135K,1
R771C R771C,1
R82Q R82Q,1
I349I I349I,1
D197N L364F F79F E369K D197N L364F F79F E369K,1
R119C R119C,1
A350T E161K L126L A350T E161K L126L,1
E25K S68S M65I E25K S68S M65I,1
R275C R275C,1
I712I P518S I712I P518S,1
M244I Q42Q G319E F276F M244I Q42Q G319E F276F,1
D319N G163R P24S D319N G163R,1
P284S P284S,1
L365F P114P S420A L365F P114P S420A,1
S128S S128S,1
F231F F231F,1
S477S A715T S477S A715T,1
L261F L261F,1
P75S P75S,1
I561I I561I,1
E134K E134K,1
V355V P431S G489E V355V P431S G489E,1
I504I I504I,1
R393Q R393Q,1
V486V V486V,1
M86I R17Q M86I R17Q,1
N43S E345K N43S E345K,1
P87L P87L,1
T320M T320M,1
G312G G312G,1
S41S F213F P91P P409L P373L S41S F213F P91P P409L P373L,1
E257K S319L E388K R300K E257K S319L E388K R300K,1
G201G P595P G201G P595P,1
K654K S423F Q379* K654K S423F Q379*,1
P25L P25L,1
L58F A365A S38F L58F A365A S38F,1
S132S S132S,1
I248I F98F F534F I248I F98F F534F,1
G210E S158L G210E S158L,1
P63S G97D P63S G97D,1
R554C F769F R554C F769F,1
A335V A335V,1
E906K E906K,1
P415S S366F R377C D173D P415S S366F R377C D173D,1
S575L S575L,1
L408L L408L,1
Q242* E20K Q242* E20K,1
P351P Y129F P351P Y129F,1
L253F L253F,1
G84D F258F G84D F258F,1
P206P V6V G370G P206P V6V G370G,1
P155S P155S,1
E263K R192R E263K R192R,1
R32Q R32Q,1
E137K E137K,1
T652T T652T,1
Q244Q Q244Q,1
F1141F F1141F,1
L402L L402L,1
P79S I71I P79S I71I,1
E85K M383I E85K M383I,1
Q563* E68K Q563* E68K,1
L281L L281L,1
G411S K61K G411S K61K,1
P232L P232L,1
E61K T108T E61K T108T,1
G119G F81F F355F G119G F81F F355F,1
I277I I277I,1
A17A E210E V403V F327F A17A E210E V403V F327F,1
H229Y H229Y,1
S53F D35N E131K S53F D35N E131K,1
P191L P191L,1
P473L P473L,1
R482* R653C R482* R653C,1
G156E R212R G156E R212R,1
E109K E109K,1
L153L L153L,1
L144F L177L L144F L177L,1
D111N D111N,1
T63I T63I,1
L316L L316L,1
F315F P140L F315F P140L,1
P809L L774L P809L L774L,1
F847F A209A F847F A209A,1
G209E G209E,1
V222V R302K V222V R302K,1
P112S M207I P112S M207I,1
A169A A169A,1
L838L L838L,1
S140L S140L,1
H404H H404H,1
V693V P271S L470F L721L E5K V693V P271S L470F L721L E5K,1
H552R H552R,1
R402* R402*,1
I58I I58I,1
I1206I I1206I,1
R1859W P888S P478S L253L S760S R1859W P888S P478S L253L S760S,1
D273N F31F R13W A67A D273N F31F R13W A67A,1
H295Y H295Y,1
E143K S1197L P611L P1328L E143K S1197L P611L P1328L,1
P160S P160S,1
P47P P47P,1
A91A A91A,1
F779F A2907A L1339L I2835I S3252F F779F A2907A L1339L I2835I S3252F,1
R567K P827P R224* I649I R567K P827P R224* I649I,1
R270C I410I R270C I410I,1
E758K V7V G163E E758K V7V G163E,1
F497F P221S S410L R1032Q L312L F497F P221S S410L R1032Q L312L,1
R176R R141Q R176R R141Q,1
S657F T460T S657F T460T,1
F19F F19F,1
P1764S I419I P1764S I419I,1
D695N S626L D218N G735R G752R R585K D695N S626L D218N G735R G752R R585K,1
F338F A65V F338F A65V,1
R753Q *837* T417I R753Q *837* T417I,1
D16D G190G D16D G190G,1
G188E D234N G188E D234N,1
V1063V A974V V1063V A974V,1
T152I T152I,1
V7M V7M,1
L380V L380V,1
F456F R57W F456F R57W,1
R81C R81C,1
P294S P294S,1
P2088S P2088S,1
L247L L247L,1
F401F L469L F401F L469L,1
W538* K436K K174K W538* K436K K174K,1
L45L L45L,1
P386S S369S S340L P466S P386S S369S S340L P466S,1
F336F R320R F336F R320R,1
A92V A92V,1
R246W P712L R246W P712L,1
S735L R94R S735L R94R,1
F95F P71S S175F R18Q P207L P135S F95F P71S S175F R18Q P207L P135S,1
E68K E68K,1
G471G I332I G471G I332I,1
Q249Q Q249Q,1
R80R R80R,1
R125Q R125Q,1
R145C P317S R145C P317S,1
H281Y H281Y,1
A652A A652A,1
G212S L46L G188S R167Q F139F G212S L46L G188S R167Q F139F,1
D214D G1588S E766K Q47* S460L V231* E786K H1300Y A17A Q618Q R963C E758K G329E D214D G1588S E766K Q47* S460L V231* E786K H1300Y A17A Q618Q R963C E758K G329E,1
S85L N51N S85L N51N,1
V921M V921M,1
L28F R74C L28F R74C,1
R1273C S968S R1273C S968S,1
P1080L S987F P1080L S987F,1
G366R G366R,1
G199E R3853K G1467R R564Q G1041D V1061V M1134I L478L E563K G199E R3853K G1467R R564Q G1041D V1061V M1134I L478L E563K,1
P69L P69L,1
G228R G228R,1
I199I E303K S757F R653R M576I L394F T483I I199I E303K S757F R653R M576I L394F T483I,1
E365E L337L E365E L337L,1
H81Y Q462* H81Y Q462*,1
E318K E318K,1
R58Q R58Q,1
R936C A2907S P3173S R936C A2907S P3173S,1
R560C R560C,1
T114T T114T,1
Q1007R E581K L98L Q1007R E581K L98L,1
E737K P301L E511K E459K E737K P301L E511K E459K,1
V758V P364L V758V P364L,1
R602C P605S R602C P605S,1
L294F L294F,1
F233F F233F,1
L442L I753I A851A L442L I753I A851A,1
F113F F113F,1
S400F P203S S400F P203S,1
H212Y H212Y,1
R1113Q Q899* P47L P512P S1304L R1113Q Q899* P47L P512P S1304L,1
E129K E129K,1
A742A A742A,1
P296P S571F P296P S571F,1
L974L L974L,1
L157L R144C L157L R144C,1
E574K R58K E574K R58K,1
E161K G484N E161K G484N,1
R98R F592F R98R F592F,1
K297K R296C T100I K297K R296C T100I,1
W196* L51F W196* L51F,1
P63P P63P,1
S137S T123T S137S T123T,1
S104S R108Q R156R S104S R108Q R156R,1
P1412L P1302P P1306P P1302P P1306P P1412L,1
P12L P12L,1
R705Q F893F G949S P714S E1832K S788F E708K R232C A1387A Q425* D154N R1323R G1152G R705Q F893F G949S P714S E1832K S788F E708K R232C A1387A Q425* D154N R1323R G1152G,1
G687E K892R G687E K892R,1
D220N D220N,1
R18C R18C,1
D202V D202V,1
Q298* R352C Q298* R352C,1
S189Y S189Y,1
T145T T145T,1
F98F F98F,1
P189L P189L,1
R185W R185W,1
L712I L712I,1
P598L P598L,1
R823R G705R R823R G705R,1
L345L L532L F373F I463I P737S F710F V416V L345L L532L F373F I463I P737S F710F V416V,1
L550L L550L,1
P103P P103P,1
A110V A110V,1
D220N K545M G351G P305L M402I G175R G513R D220N K545M G351G P305L M402I G175R G513R,1
R399C R399C,1
R122C R122C,1
V140V V140V,1
Q143* Q143*,1
R357C R357C,1
Q477* Q477*,1
F360F L481L F360F L481L,1
T494T T494T,1
R108Q R108Q,1
E298K E235K E301K M453I G229S E298K E235K E301K M453I G229S,1
S273F R195K T93I E46K P18P S273F R195K T93I E46K P18P,1
P630P Q631Q F113F P630P Q631Q F113F,1
P977P T697I T764I P977P T697I T764I,1
Q200* Q200*,1
L280L G114E R651Q L280L G114E R651Q,1
P150F P150F,1
L167F L167F,1
R206R P384P R206R P384P,1
R272C R272C,1
R167Q R167Q,1
I596I I596I,1
G257G E504E I201I G257G E504E I201I,1
R373K R373K,1
R2064C L224L F2460F R2064C L224L,1
P649P P649P,1
I42I I42I,1
I100I I100I,1
P304S P304S,1
D242D E791E R269R R120C D242D E791E R269R R120C,1
K90K R95Q K90K R95Q,1
A517A A517A,1
P290S P290S,1
R112Q P176P R112Q P176P,1
R117R R117R,1
T305T T305T,1
T199T T199T,1
E327K E68K G15R A454T E327K E68K G15R A454T,1
R100C S148F R100C S148F,1
P409L P409L,1
D563N D435N E545K H513Y D563N D435N E545K H513Y,1
E313K E274K,1
Y3390C L2944I P2875L S625P,1
D1943G F1647V L309I,1
E188* P210S,1
T3845T D2148N Q919Q,1
V1185M R850H,1
L972L S332I,1
S363S C94Y,1
P329L D1775Y,1
L868M E844D,1
E61K P101H,1
D459N G338*,1
G1188R A1402S R2607* P3256P S3277I,1
E298* K330N,1
R387W H676Q,1
D330D D330N,1
T423T T610M,1
E418E R770H,1
A1167T M1075I,1
Q189* T294N,1
L739I W999* E1256*,1
G364R E196E,1
P5P P320L Y828*,1
H309H K132N,1
T98T P8S,1
H288Y L387M,1
R255* L141L,1
F287F R491C,1
P144S D268Y,1
T202I R310* G461G R673M,1
P264H S66A,1
A1183D R148*,1
E151D R147Q,1
A238A S82I,1
Q905Q M1116I G1216C,1
Q149Q Y205Y,1
F238F K291N,1
R849* Y775Y A403V,1
G1828C H1190H A795T K446N,1
R69Q E337*,1
L85I T362T,1
A719T F660L,1
D425Y I644I L687I,1
R994Q G1433G,1
L347M P379H,1
R313H N376N,1
E16D L756M,1
V409M C1017C,1
H240Y D509D,1
P1978P R2307C,1
R1051R P785P S2Y,1
E2145E P2237P E2611E,1
S313N Q552H,1
A1394V E1387D,1
L726L K235N,1
E1602D K1226N A588V E98G,1
T1970T K1364K A795V Q726H,1
L1897F R1824C,1
S1310N P1309T,1
E1421K D706Y R472W,1
H328Y L441M T594N,1
A370A P222L,1
G892V A294S,1
S654Y T505T,1
K916M R721M,1
S57G A426T,1
Q919* P497S L71I,1
A2A R1032*,1
I1216I E1099* D251N,1
R2031H R2009Q T1878I M1722V,1
A2356V T767I H576H Y219Y,1
S283I A859A E1665D,1
L201M T834N,1
R52M R162Q L242I A713T,1
L236L D407Y,1
R2039* I1939M L1678F,1
S1205I K1134N Q948H N216S,1
V159M A680T,1
E352* Q284H,1
E111E A118A,1
L765L M1328I,1
I300I R171H,1
V392V I421I,1
D804Y A1074T,1
V1015L R432H A204V,1
K2701K L2246M S1724R K1676N,1
W189* R345Q,1
T785T D571N R159Q,1
D318D H679Y,1
D326Y A941S,1
A1588T R20W,1
P156S E223E A352S,1
Q515H S507N,1
D30Y A352V,1
R328G Q637Q E861D,1
R530H A672T,1
R247H R204Q,1
A577D V386D,1
D403G S1327N,1
R1883Q T543I T142M R112K,1
S125S R302H V403I,1
R57W L80M,1
Q734Q A448D,1
V855V A1806T E3463D R3539C A4504A,1
L1951M K1236N A394D,1
R325M R102R,1
P352L S76I,1
S956L Q1010H,1
P845T S642S R223Q,1
E1202* R685* V101M,1
S386Y E689D T858T P1683H A1883V F1999F L2302I C2521Y,1
G82W V429I,1
L685I C1187*,1
D328N E272E Q124*,1
E1096D T856N,1
L258I A1002V,1
A532T I121I,1
D2247Y D1403D E1244* G1137G Y718*,1
S485S E1145E R1198I A4478V,1
V449I K238T,1
A175T G905S,1
K299N Q66H,1
G426E T886T,1
L281I H545H T596M,1
S276S V50M,1
S481F C266*,1
A2007A R1984K R1268C,1
G720* E499*,1
R275H A544T P553P,1
E90A A848V,1
E361K T813M,1
P14L I501I,1
L2112M S554S S297F L35M A25T,1
N121N V116V S63N,1
R131R C117C K84N,1
R172* K154N,1
R2769I R2634K Q1611H R793H,1
L3749M I3170I D2290D Y2185C A1516V V908M,1
S241I S49N,1
D469D R1959Q,1
I598V R823H,1
A531V G79C,1
I1255I R893R Y676H N258N,1
L570L D35N,1
K66N L143L,1
L159I E322K,1
K127K L216L,1
S3274R E3194D Y2298C G1795S S1553S Q399Q,1
R6H D434D R444H,1
P244L T154T,1
A1436V E632D,1
T182T P13L,1
A2134T D1053N,1
E766* L357L,1
A258V S747I S1562S,1
A216V R206C,1
G89S R193K,1
A505V A183V,1
P567S P781H P936S,1
P478Q S1875L,1
Q256Q T273A,1
A120T V462M R512C L680M,1
N237Y M683I A711V,1
R374M V128I,1
L252L L314I S649S,1
S274F Q243Q,1
S134S M565V,1
G1022C R209R,1
G394G S398S V943V,1
A834V I714I K196N R60W,1
E332* G257S,1
S136Y E111*,1
R1066H P996P A414T,1
S55R P484P,1
G228G Q208H,1
V72M R86W A1717V,1
T612M R374C,1
E125K T251N,1
R186C T99N,1
A38T G95D,1
L270I R46W,1
E545D A331D,1
R268H R197W,1
W9L S228F,1
A344T G418V,1
T217I S295S,1
S917N S124I,1
P1333L Y658Y S385N R59*,1
V1038I E1544G A1931A V2135L,1
L785M C600Y,1
R170M K210K,1
Y907* N788K,1
H171Y E200* A662T,1
R82H A266S,1
G388D D46N,1
R472W A114D,1
V3572V R3111H V2308A V933I,1
F392V R261* L125L,1
S637S V59I,1
R347H D98N Q23*,1
K694T V120I,1
S507N I346I L141F,1
T304A E132*,1
A238S D552G,1
E593* A1137A,1
A2346A L1578L A1133T R942H L793L F661F,1
A190V P635L A771S,1
Y498C Y471C,1
S1743I R612R C17Y,1
L1460I S1286F I487I A439V V212V L178M L56I,1
T562N V277I,1
G71* Y165F,1
G256* T502I,1
T202M C96W,1
S77F A7T,1
L449L D547Y,1
E186D L472I S841S,1
S645S N1062D,1
D474Y Y410Y T72T,1
Q179H R117H,1
L2821I L2546I R1989H L1546I N1529N,1
L43L R372C,1
F115L K611T,1
H1706Y E1455K E1395D,1
A1287V R1561W,1
P643H G384D G231E,1
T562T Q1225H A1305V,1
V344I R73H,1
T87I S110N,1
A327T E374D,1
R128H S250N,1
C1125C S872R,1
A45V G46* R254H Q803Q,1
D55Y R211W,1
P1234L D1699D,1
E540D V579M Y1107* A1178A S2251Y,1
L458I Q541Q,1
S520S T755T,1
C603C T382I,1
A855D S102Y,1
L147L N396N,1
A292D E210D,1
D17Y P343S,1
A242V C41Y,1
F577C P488H,1
G763G A737V,1
R786K L568I,1
A714T G1252E,1
G780V E1470* G1650D P2131P S2211S E2315E,1
Q1085H I954I A734A P231H,1
D627D S1279S,1
T1607M F1492F N1235S G385G,1
V130V P548S,1
T561T A155A,1
T1143T Q474H,1
F1335F E2042D L2239M P2419S K3022E A3589V G4297S,1
R396S S120N,1
E2K I30I R150Q,1
V1424M L443I L297F,1
T1069M T1086I,1
R797* A656T,1
S924Y V983I R1059S,1
R486R L513M A985A,1
L67L A422E,1
D1332N A835S R103Q,1
G291G N187H,1
Q160H S207N,1
Q94* L177I,1
R481Q R388C S309I A279T,1
F399L R295C,1
A353V F1540V,1
R119* R116C,1
R1512C S1667S T1853I S2110Y,1
S245I R381R,1
Q164H R646I,1
A2739S Q2027H R1738I F1524L H1419H Q1341H N488K S296Y,1
A103V G133R,1
L253M P673S,1
R837R Q315H,1
R1159H K478E G303V,1
S1137I E857E G691G K68K,1
L904L N315N,1
C3063Y L3253L,1
S219S L145M,1
A320V A491T,1
S1221F A853T,1
L360L E691D S713S,1
T590A E137*,1
V310I A283V,1
E723D T370I,1
R368* E1249K S1306S,1
A18T W558C,1
T661I T2269T,1
L433M T465T,1
A157T S201I,1
L313L C1553C I1671I,1
A710V R543C Q516*,1
N241S G822E,1
S241Y L311M,1
G598S L1526I,1
R480* H983P,1
G326G D1333E,1
H635Y D530N,1
S159N G684G,1
Q1697H T1465P T1443I R1290K G1061S I611V,1
G434S K393N,1
A137S T59I,1
E424* R379Q E218E,1
A184S V1212M,1
T5393T R5106H P3381T C255C,1
Y721H F772V,1
M543I T357N,1
A520V R722W A896D V1158V,1
A782V V426M,1
E437* E533D,1
R150Q T579N,1
R149Q L315I L584I,1
K56N E1361D R1815Q,1
Q619H C320F R270Q,1
R1902H S288N S226Y,1
P159P A236T V364I D479N,1
A66V P146S,1
S86R A401T,1
A159T C514Y F1035C,1
A672T I197I P32S,1
P914T C721C,1
M375I V230M,1
Q890H V217M,1
V373I D133N G25S,1
P97L A532V,1
L32M A35T R353W S600N,1
R965C A457V,1
A222V P34P,1
S267S L266M,1
D474N E14E,1
E46K R232Q G310W,1
I253S Q212H,1
P493P A362T,1
L272I G218G,1
R538H K543K,1
R854H Y538H S271S,1
S572S F352L G151V,1
A411A E319D R130M,1
F5668F F5613C G5378G N5357N F4982F M4652I L3654M L3517I P3332T P2663P P2028L S1943S P949H L929P A789V S115S R45H,1
V184I L32M,1
I115I D255N,1
I656I R1898C A1916V,1
S332G R152C R47Q,1
Q10H R353C,1
L166R T786M R977Q,1
P154P P507H L519M S717S P880S,1
T545A R507* D255G R53C R33C,1
P57P E335* R1016* R1017C T1048I,1
L131F G197R,1
A180T R192H,1
R82C W78* A14T,1
Q233H P116S,1
Y276H S205S R60H,1
G175D G126D,1
I740I R703H R576H V286V,1
A355V A421T,1
S705S E62K,1
I506I I519I,1
M4R D89D,1
V1255V V814V V551M,1
R1065H E986K E939*,1
H641N S561* F559L T527I,1
E102K G744E,1
K658K D952N,1
V331V P441L,1
R836Q N837Y G1608G,1
G2339D R2311W R2192R L1528L A850T R696H R444W,1
V23V L10L T1568I,1
G195N F326F K27K,1
L86L P574S,1
L73L L286L D100N,1
I395I E199K,1
A1579V S151P,1
S489F E34K,1
D2232D T2212A R672W,1
I1530I H1247Y I733I A427V,1
L216F D224G,1
A389D D569D,1
I2205V H1907Y A1397T,1
R750W S632F V21F,1
P131S A487D L599F R1009* A1038V,1
L901M S516Y T425T L51F,1
R43W E190*,1
L565L P392P,1
A235T R531R,1
E560V V293I,1
E2046D T952A A893T A781T L634P,1
D888V V789I Y135H,1
V888A C107R,1
S646I I190M,1
Q1566H S1422S P1254S V1202I M1088I S827S L715L L694M A401T,1
K1532T A883T P694T Q614Q R351I G206E,1
T747A Q652H E552D A448T,1
S988S A848S S616R N63T,1
L363L T601T,1
S497F V50A,1
S640N A831T Q1067Q,1
D751N C367C A331D E5E,1
R55Q Q59H L455I E798E,1
A509A R349C,1
R495Q T558T D616N R1259Q,1
V299V P283H,1
R1194Q V310A R201H,1
A211D D1139Y,1
I79S G413D D708D,1
V119I R764H,1
Y367Y P186H Y136C,1
S1140L R997I A293D A277V G54E,1
V263A L599L S1008L I1027I,1
G322D G723S R836C,1
E122* D933N,1
R340H G58E R49Q,1
A83T P183S,1
Y80Y Q112H,1
V158V L58F,1
P97H A157T,1
Q71H K547R E1200E G1267E P1704P,1
R161W G283R,1
A122V D359D,1
R514W G1009R,1
S278N I1017F T1346N N1642T V2079M T3013T,1
V1590A A314T,1
T134A L8S,1
S375S S522F A821V S992F,1
G331S G577R H740H G756D Y900Y,1
P334L P555H,1
L116M E189* P327P,1
A266A P408H,1
G847R S718S G207E P178P Q80H,1
A832A R690W V405V P94S,1
V158I R347H,1
R671W A456T,1
L585I A198V,1
V142I L100L,1
D926D Y615Y,1
P303P A1253T,1
Y297H P626S,1
R570* I501T,1
L747L Y912C,1
R240I A437A,1
V352I D531N,1
S703C E637D A445T T277T,1
A285T V871I L1080I,1
P908L I749I D583D,1
P361L A287T A65S,1
L484I D298Y T31P,1
N1006T Q1108H K1539T,1
L630L P531P R168R,1
P627S A3107S P3279S A4017T V4062I,1
R294W E348A,1
S878Y Q693H A467T A219T,1
N128S S2S,1
Q106H K233K G288R,1
N754T I620I,1
G1033C A643A N346T,1
T416I Q302H L239M L187L T89M,1
R228H V324I D678N,1
A492T A83A,1
L995M R392W S319A,1
G64* V185A S641S K740T,1
R1142Q E938E K924M G358G K200N,1
D374D A3E,1
L320P Q684* Y1300Y,1
R1743C L1617L A1616V A1594D K520N G316R,1
V117V R160C,1
R1012H G825S S75P A35T,1
P365H A273T,1
A179A E91K,1
R244R R246H,1
C335C E657K,1
M164I E306D,1
R115C S110L,1
Y158H R230C C344C R374W P1613H,1
G848E W850* K26T G810E,1
R376Q D385N,1
S257R S546S D653D,1
C501G S330N,1
T1183M A982V,1
K53N Q57H K91K,1
M77I Y14Y,1
E134D R34I,1
P199H L218I,1
L129P R30*,1
L364S E359K,1
G719S R1171H C1557C H1715Y G1965G,1
S8683F L8149I Y6742Y R5942H E3769E P2218S L1602M,1
L18I S100I,1
G583G R692C,1
K530N R324H G61V A45D,1
M1254T I301I,1
I21T R354R,1
R1377H A1246V R800Q,1
S712S E1455K Q1625* L1801I R1915H D2348D,1
L734M L649M D351N P312L G26G,1
A262A A310V S319S K403N A428S G791G,1
S618N Q161H,1
K116K D179D I454I,1
N771K H638Y,1
G444* A727T,1
E1491V P1327L K1299T Q1160* R1145H,1
S114I Q109H,1
P560L S72S,1
D470D E304D,1
Y608Y P128H,1
D752D T143I,1
V17M I397I,1
L357M G404D,1
V2592M N727N,1
S26Y A1538T V1595V T2036T P2508L F2670F,1
C235C S217Y V80V Q37H,1
A233D L122L,1
T268A R115H,1
I69S S210F A793A,1
R627Q A2216V,1
A464T V81I,1
D850N E53K,1
D272N R424H A762V,1
L616I C641Y,1
R456R V62M,1
A33A R399H T548T,1
T542A F195S,1
V508I D351N T256S,1
L341M A186V,1
A1602E A1763A,1
S276N S411Y Y1263H,1
E359K V265I R257I V236I,1
L287L L113F,1
I43M F173L,1
P688P K561N,1
R692W L1129I,1
A231T R366H S422Y,1
W280* F207V,1
C717* S530F R429W L327M,1
L318M A262T,1
R80H Y174Y,1
R910H D1493Y L2835F,1
R696W A794T,1
E135D Q121K,1
G684S C537C,1
P478S D430A,1
P742S S708F,1
R810Q A680V E62*,1
G574G S695S A752E R857H,1
G761G A872D A1159A,1
R493Q Q802H,1
R367H S561N,1
Y593Y S422S T400M,1
S576S T500I,1
P910L N880I,1
V527V A184V R110C,1
Q97H C335R A458T,1
S284F N109N,1
Y181Y T393I,1
R186M G97E,1
S1307T V1290I,1
A39T L139L,1
R924* R1450*,1
G718R S170L,1
R2135K S295S,1
R257Q E203K,1
E499K T208T,1
S839S R296R,1
G315S F302F,1
G1098S F651F,1
S1596P P1535P K748T,1
Q737Q P726S,1
G2771G R2487W,1
D50N N266N,1
D1079D R817*,1
H394Y D2373G,1
S90S N178N,1
P27S P115P,1
S942S P358P,1
V411V R144Q,1
P1652S I1467I,1
D224Y R417W,1
E1367K G1087S E2006K,1
F1523F T2706I,1
G1716E G4541E M642I R1475R E2225K G1599E,1
G569S L21L,1
366_367LL>LL,1
P767S D1194N S1105L,1
P1485L P1072P P20L,1
D1051N K851K,1
Q359Q G468E,1
V1145V E3062K,1
E1530K E513K E185K W1309* R26W,1
M135I Q228L,1
S238L R272W,1
A1282T T1406I G1379S,1
68_69TL>TL,1
P1416L G1298S G994R,1
S746F G439S,1
P185L R1090*,1
Q5618K L3445F,1
Q2198L S437C S433C,1
V375M V118L T73T,1
D42D L445M A490V,1
C965C L99M,1
N456N R40C,1
H1785R L1751H K746N V447I,1
D195N R405Q,1
V812V E597D A382V A331D K103T,1
F225L R311C,1
T112T R242C P518H,1
V471M R489Q,1
S404* R434R,1
N720N G1001S G1228G,1
S416S R877W G1247R T1441M P1604L F2958F,1
G135G E222*,1
R273C S240G P64T,1
I923I G488*,1
K4K R478R S1783S,1
S207Y Q481H V546G,1
R213Q Q349H,1
G31D A87V,1
R272M A187V,1
R1456C P274S,1
R384W P1027S,1
A361D V498V,1
I175I T313T,1
S170Y G9G,1
E259* E178K,1
R305G G725W,1
K65R E116E S554F P744H,1
A1692T C1698Y,1
E305D R217H,1
R1216L G1114G R1099C Q741*,1
K1913K R1763R Q1652H,1
D72N K511E A953S R1431H E1475D G1868D A3084E A3357T,1
V1252I L2277L,1
R144R P236P,1
L1139L T1255T,1
E247D D629D,1
F1087L A393T,1
S31A R23C,1
I354I V372V,1
T2297T Q708E,1
D562H L2739L,1
V162V Q749*,1
R437I M469I,1
E124K V113V L96L,1
160_161MA>IS,1
R93Q C420R,1
Q301* L310L,1
G264E R159W,1
P2P R1627W,1
S144R C145S,1
625_626MG>IC,1
V2592V V2592V,1
H471Q H471Q,1
V61L V61L,1
L1230L I35I,1
L178L L326V,1
M235T M235T,1
H139N H139L,1
I240I S1124*,1
L77F P163L,1
S193L L170L,1
P18H G768V,1
L1054L S223*,1
A389A R220C,1
R763K G277R,1
L186L D202E,1
H370Y P361T,1
P539R P539R H1047R H1047R,1
R212Q R212Q,1
A83P A83P,1
G242D G242D,1
G288E R293T,1
T739T S763*,1
Q352* S446C,1
L891L L891L,1
G437G G437G,1
L622Q M75I L1046F,1
P2020S V4609D,1
D959G R2206C,1
A47V F33L,1
T5429A Q1755Q,1
P42P T54N G59G L67L R91W L159L,1
E719E E747K,1
R2612W G20G,1
D1432G D801V,1
W947* L233L,1
R91H A1066V,1
C107R I143I,1
I1466I T688T,1
S956R E1142E,1
L509L V67D,1
D842Y I1292M,1
A751T A751T,1
R6Q R6Q,1
V6V N7K,1
Y460H L156L,1
A2505A M3754L,1
A396V R470R,1
L1050M G606V,1
D811H E1094E,1
Q62H E375K,1
E240E E239E,1
A135T S173F,1
T1074T A174T,1
Y40C K912*,1
S1376* A432T,1
L356Q Q2002*,1
Y601F R344Q,1
P11A P17P,1
Q124Q K1200Q,1
A2328V G1730G,1
A2306A N3052N,1
A67V R95C R95R,1
Q383Q C415Y C1225Y,1
L2597F T512P,1
S535P Y195*,1
S608Y G547C,1
549_550KV>NL,1
D386N A126T,1
R411* C818F,1
E545K R992P,1
94_95KT>NP,1
I860S I947S,1
V4163G P1099P,1
R4* K111R,1
R267H F147V,1
V104M R453H,1
G449V I536I,1
E121Q K128K,1
T3320M A902S,1
Q167H G938R,1
V777L V842I,1
A185V F472F,1
R130Q D252Y,1
G101V Q588R,1
S1256R T1456T,1
T1240A Q161R,1
E41K L59L,1
Q561* S548L,1
E647K Q651Q,1
L209L L211L,1
L119L I611M,1
V36V E969K,1
D181N R138K,1
I595F I595I,1
D270N H137P,1
Q1083* Q980*,1
S654S A927A,1
P2736S Q196Q,1
I115I E1630K,1
A8116V F6654L,1
R757S V2346M,1
T3486T R3368C,1
L2085I R524H,1
M4198T T127M,1
G64E S417A,1
L362L L426F,1
S240G D234N L45L,1
G18R R57R,1
L121L S149N,1
N345K G914R,1
W674C P881S,1
1018_1019YG>*C P1899S,1
L236Q V1248L,1
S1763R A1124G,1
Q83* D419G,1
L1262L D1263H,1
V93G A94P,1
Q348E S212L,1
Q175H D135H,1
D429H P4722S,1
R881W N473I,1
Q1828H E871*,1
A287S L448L,1
P1248P P1249S,1
F506L C505C,1
H559H Q743P,1
R995H A899T,1
G28S L72R,1
A106V R620C,1
A2054V P2003S,1
H857H V888M,1
G170R G1349S,1
R2830R T637A,1
E1395* Q1309R D49H,1
V1343I A284V,1
P818L P818S,1
A1375A G882G,1
S545S F338F,1
E4348K E3073K,1
N1563N L1564F,1
L31L S157S,1
P59L P59S,1
G623R T622T,1
E572D E572D,1
E59* E59*,1
A927S A927S,1
T211A N437N,1
T294T K371N,1
R135R K7T,1
A653D G1260G,1
N171T R661W L2044I V2853V F3026F,1
K313N R341I,1
E218* R90H D2D,1
Y1686Y R384C,1
R20C L88M,1
L426S K343N,1
S417S T262A I138I,1
P1014P R678C D602G E191* E16*,1
D943Y D168N I115I D93D,1
V634V P646P,1
N34N R497*,1
A202V S241L,1
D661Y T1499N,1
G573* N136T,1
A677V A197D,1
Y625D I1060I,1
S308Y R102I,1
Q978* S1346*,1
F489F E920E,1
G1117E D1109H G1048A E979*,1
W779* W779G,1
Q1572Q H730Q I688I,1
K162T S664S A779V T1526M L1806V R2115*,1
T445T P896P K918I,1
V1201A R881Q,1
G399D I882I,1
R148I D113Y,1
W2444L G2215D,1
V190A S132P,1
R415I E309*,1
E685K S652R L70I,1
S135L G617D A1114T L2692I,1
F188C A879V,1
N1673N E1130E,1
F56C S632L,1
P229P P229P,1
R1250Q D193Y,1
G647D R611Q,1
R557W A327T,1
G411V L23F,1
S171F K401K,1
R798C Y51*,1
R907C R157Q,1
R1290Q F514F,1
R1524C L548I L339I L136F,1
P391P E402*,1
L1319I T663A S623Y,1
K671N E839K S1424P I1830T E1867* R2258C Q2654R F2962L R3615W I3872I Q3955H K4436T I4831I,1
G1855G E1944E S3116L V4583V,1
E457D V343V,1
G2284D A1964T N1211T,1
E1156K E1069K K701T,1
D2007N D2364N,1
L262L F215L,1
A128V P338H,1
E523K T1170I,1
Q617H N63S,1
S8017Y R7690Q A7165A E6446D A6206V V5548V E5157E S4403L N4247H A3774V A3299V G2675G F2563L T986T V756V E137* S111P L99L,1
D701Y F270L N115S,1
D326Y E582* Q665H,1
I309I S25N,1
F291L R203Q D180A,1
R801* E2327*,1
F2276C I2206T R1070R D801Y R575H I393S,1
F570L L459M,1
K86N A191V N296D V721I,1
R214* R943C,1
R420W L613L F905C G1455W,1
S525Y L462L I139S,1
A11T F769F,1
R100Q F15S,1
E359* D317Y,1
V121V E52D,1
G192R E384K,1
Y4058F V4276L,1
T4341S V2101V,1
R371* R371*,1
V84M V84M,1
R226H R226H,1
R150C R150C,1
D1704D D1704D,1
Y194Y Y194Y,1
T293A T293A,1
H241Y H241Y,1
L289R L289R,1
E834D E834D,1
W1126* D1067N R1044Q,1
K36N M74V,1
R7555L L2264F P164L,1
P54H D939D,1
R414R Q4060P,1
V356V M487I,1
R1308R R1111Q,1
G712G G712G R455Q,1
S361N S361N,1
P916L S1040F,1
R454R R454R,1
R1994* R1994* P1745L P1745L,1
M260T M260T,1
*459* *459*,1
D51N D51N,1
T787P T787P,1
P29T P29T,1
A42T A42T,1
R948Q R948Q,1
D46H D46H,1
L943L L943L,1
R693W R693W,1
R209W R209W,1
S873L S873L,1
S301S S301S,1
A409T L794R,1
Q130Q Q130Q,1
G2403C V88M,1
S1008S S1167I,1
R1800C S1306S,1
T1357T T1357T,1
T198T D197E,1
H1114Y R391H,1
T174T I96F,1
R499* E1306*,1
S496L S496L,1
R896H R896H,1
A520V A520V,1
M130I S139N,1
A1900T R1506Q T985K,1
Q3360* S1684T,1
G256S P130S,1
P155L E309K,1
F1172F G698D,1
C823W I522I,1
D75D M1768I R791Q,1
R2224* K1526K P1261L Q777Q,1
C7064S S848T,1
D419D T318T,1
G377R L661V,1
P600L P497P,1
A1716S A262T,1
S762* N449K,1
K891R V129V,1
I790F R699M,1
P284T S1251T,1
I4037M K1066N,1
D1421N E1431Q D1475N G1520R E1528K E1542K E1564K G1624D E1626K L1714L K1750N A1754V,1
P246L M270I,1
E545K H1047R,1
R461* Q2673*,1
L1531P S1659R,1
H8241L T5813T L4045M V3804L E3222Q,1
L351L L382F,1
A1033G R491Q,1
L5052L R5048L,1
L495L L410L,1
R527T E468Q,1
E3214Q D2968H E2964K,1
D272Y T330I,1
G243G I652S,1
T101M I340I,1
R484H P141H,1
I311S V340M,1
T255T R137Q,1
Q829H T79A,1
R216* R185H,1
T356A P189S,1
K1161E G949*,1
R130H P323S,1
L78L E540K,1
D315D F175L,1
L338M A207T,1
C403C V343M,1
C236Y C312*,1
L125F L232R G281G R417W,1
P584H R338M L89L R58H,1
A610T G265*,1
A133T V557M S699I D780D,1
E841* D1116D,1
A320T A566V,1
R644H A543T,1
K597N L185I,1
V294M L299L,1
R408H Q19H,1
V418I E317D A200T,1
R160H Y314Y,1
R300C W555*,1
V555M P718S,1
V106A V139M M321L,1
Q1347H R1695*,1
N1799K R1868* A1917V,1
R169R F256Y,1
N1278D D693D,1
Q1617H S1631S E1981D R2368W,1
L2511L L2418M Y1941Y,1
A185T G267D L623L,1
T124T S61S A29V,1
A437V A401V,1
F832L K107K,1
G423G R764H,1
T22T A219T,1
D729D G975D,1
K403N R312H,1
V143I K130N,1
F452L Q136H,1
K553N R853*,1
A46T A769V,1
T124N Q216Q L342L L752M F1043S S1162Y K1272N,1
Q356* I519I R544C,1
A701V V515V,1
E218D D482N,1
E22E G130G P173P,1
R2204* S2512R,1
K536N S517Y Q344H,1
A471T Y71Y,1
Q957Q R330W,1
G2120E R2079* D1349D P449L R418*,1
T408T T336N,1
K27N F215L,1
R1148C T576N,1
K1390N S1975S,1
P1328P M1076V A757T E257K,1
L324I P277P,1
R309I Y280Y,1
P1377S P174P,1
H402H S442S,1
S196I T868I I1772S T1887M L2289L,1
L239R D190Y,1
A372T R597Q,1
T279I L351M,1
V542F N680N Q797H,1
V311V S519N,1
P55T G300D R315W,1
S688I D548N P486H,1
V126M P527S,1
L673M Y766Y Q770Q,1
V498I P542H,1
L371I P231H,1
G35G E73*,1
L5008L E6771* E5292* S5288I R5181Q S5074Y V5046I T4471N L2758L A2277D C834C H55H,1
R678H V603V R232S,1
R875* Q434*,1
I717S G400C,1
P1235S R1012*,1
I1472I T1049A C631C V598V R352*,1
S1407Y S1365Y L1178I,1
T3610M E2622E R2553*,1
I557I H1009Y R1191C S2226L,1
E357A C119C,1
Q1027Q I909I,1
L1170R A1068A,1
A73S V271M G386G,1
T737T A226D,1
F148F Y13Y,1
A127V L318M,1
S371S G325G,1
V677G K264N,1
G65G R308*,1
S192I G63G,1
T103T R30H,1
V1002M L225P,1
D368G R245*,1
R745H P916T,1
T341M A172V,1
P481P R55Q,1
A476S D55D,1
F250C R386H,1
R164S L131L,1
F269C S422R,1
Q15Q I131I,1
S198R L541I Q557Q L1167M,1
A34T F173C G646E,1
N291N L2V,1
M271I L377I,1
V203M Q792H A1237T,1
E525D E160V,1
A1183T V454V A368T T103I,1
R211* C1270Y,1
D41Y E497* T927I,1
Q2317K L2142M N1708N Y1417* G1145G P858L T244T,1
G111G S270N,1
P579H A524T T474T,1
G2186G D1608E P457Q,1
I2434S D1483N G152G,1
C602Y P809H,1
G1337V A468T,1
V727M P623H,1
L99L P119S L163L,1
S1396N A737V,1
G1291C L556I A395A,1
E353D Q1004H,1
R2807H F2345F H2172R S2040N,1
G958C G469D,1
E298D K2173N,1
S56S A978A,1
A382T S226S,1
G399* A547T,1
S184L P357P,1
F206F E306E,1
Q542Q H144Y,1
S241Y E166K,1
G334G K207T,1
V477I V144V R103C,1
N93D Y803Y,1
Y223Y A461A A524D,1
R236H R50Q,1
A270T I83N,1
H281H A157V,1
F350V L370M,1
V180I A340V,1
R68Q D181Y S352S Q596H V644V,1
V199I L259L,1
G174* L776M,1
K365T S488S,1
K26K N350T R390C,1
G279G G877S,1
E54Q R142P,1
E663K E663K,1
Q890* F1033F,1
E480K G544S,1
S355A S355S,1
Q251E H1049H,1
P316P K249*,1
Q1987* S2332*,1
S402P Y403F,1
M442T M442T,1
I290I V593V,1
S315N S315N,1
D779Y D779Y,1
D1997Y E1283*,1
S341L L335V,1
L7173R D6959H L5487V,1
R1367L L1070V,1
R108K A289D G598V,1
D293N G298*,1
R54Q P14S K1262K,1
D1067N E711K,1
I35S Q623E,1
E481* E489K,1
L7643W E1661D,1
S528S C736S R2424T G2626W,1
R2222I P1078P,1
L147L G149G,1
E1265* N1264K,1
R88Q C901F,1
I3757M E3690Q,1
M1740I R982C,1
G638D E590D,1
M256I R482T,1
D171N A108A,1
R413K L412L,1
F2782F F761F,1
N1238S Q1148Q,1
478_479AL>AL,1
I483I S448Y S440*,1
E1552E G4135E K736K,1
K706K R595K W429* P323P,1
I606M F632L,1
D304N D305N D372N E408K,1
L4106L S2965C,1
Q48E V920V,1
D35H D54H,1
K914N K890K,1
E1393Q F827F,1
P291T F328F,1
D1463N G431E,1
*194* E172Q,1
V706V R682T,1
V925V E1011Q,1
E248K P825S,1
D232Y L73L,1
E288* E277*,1
V252V L394V,1
R658Q Q277E,1
E438L M313I E307K D294N F34F,1
L4454L E4683Q,1
L436L E481K,1
G53D Q105K,1
W1299* E1351K,1
41_42YI>*V,1
T2433M T1513I,1
Q667* S1282*,1
L1205L V989V,1
R2207T S2154*,1
E3478D A1576V,1
R801C A741D,1
F522L W51*,1
E783K D661N E653K E649K E611Q L489L K433N E265E E253E E241Q D2Y,1
S426C S92S,1
E1873K E1860Q R963Q,1
H7Y E580K,1
D734N R372Q E361E,1
D583H E2196K,1
D72Y L69L E55K,1
R21Q S228S,1
S1073N R341C,1
T2202M K1939T,1
H532Q E17D,1
R493* E113K,1
R212C S62N,1
C355Y T565N,1
T673S R97H,1
R706Q M276I,1
G250S R461Q,1
S247R F42L,1
S113S G169E I435I R633H,1
D90N R258K,1
H1072H S1016S H900H,1
L455L T697N N710D,1
L84F A213V,1
D304Y A241S,1
E285K V6V,1
L1328I I250I A90V,1
D1409N T1390T L227L D48Y,1
T359M E460K Q595Q P663S,1
Q584H G811G P838T,1
C476C M1815V,1
R201M L316M,1
I484I H424H,1
T809I G155G,1
V14I Q192H,1
A253T D440D,1
S780S T1137I Q1440H L3086L E3588D,1
L494F R436Q V13V,1
R50R R78W E282*,1
R2229Q S2524I,1
F1221I A332D,1
G962G E1219*,1
E5677K P3966L K3660N V3181I K2301N V610L D398Y L347L,1
L151L R292R,1
R82W R1464C,1
R323* A1276S,1
K254R L634M E1108K,1
K927T L728L M471I H349H,1
L556M R911* K925K,1
R503Q I231I,1
D972Y Q823H W708*,1
R100Q D629D,1
K1731N P2102L,1
R47R Q134R,1
D1702N R32Q,1
Q1250* E3396G,1
C69Y R484H,1
G1344G D1768H,1
C282C E556K S557T,1
R50Q R123L,1
Q535* I306I G269E,1
G450G R1637H,1
A566V Y795Y,1
P700P Q206H,1
A361A A604A,1
T4304M L2943L A2745V T2460T,1
G175G R369I,1
R2117W A2080T V1371A A72V,1
R470C H352R,1
A765V L54L,1
I432I T1495T,1
E143D D342G,1
A1246T S874R A401D,1
Q1523Q V1398V A1250T S1198Y L788F L706F A656A,1
A1508T A1006T L161L P134P,1
P1267S W590* R443M,1
C1321Y I848I P529H,1
P1264S S1083S,1
G719R S829N,1
E1728D R781H,1
E6524Q Q1272P,1
T330T S1683S,1
A3031T S3600S,1
L275M P879L,1
R205G M1009V,1
V572I Y366H,1
I408T L112M,1
A1806S E4194*,1
