true_class,predicted_class,correct,margin,entropy
KIPAN,LIHC,False,0.07232940798062729,2.853380171302386
SARC,GBMLGG,False,0.2188969674261781,2.2667835703303463
SKCM,SKCM,True,0.9397092362115047,0.29153402757875524
KIRC,PRAD,False,0.016972841011917456,2.696139298012509
GBMLGG,UCEC,False,0.0018686205889135166,2.466649322664742
STES,STES,True,0.7183594816981329,0.5900516341860438
BRCA,BRCA,True,0.6248994120939738,1.3634934361757423
THCA,THYM,False,0.01923246622690289,1.9547313986232784
LIHC,SARC,False,0.06403245142158152,2.8972566289608066
STES,COAD,False,0.06423387463091465,2.5963536188911083
STES,PRAD,False,0.10005512679431613,2.800173674762376
HNSC,LUSC,False,0.025727899684588856,2.6793324350431376
KIRC,KIPAN,False,0.09115974460754947,2.701577730025651
PAAD,PAAD,True,0.06763026118278503,2.6308109784572586
SKCM,SKCM,True,0.979100764606961,0.09203738104164885
OV,GBMLGG,False,0.05940340978269058,2.7458446114379473
KIPAN,STES,False,0.0187703370020951,2.6821924180140755
KIPAN,KIRC,False,0.027886119375532703,0.976218131897529
BRCA,THYM,False,0.012623816832428747,1.9750431684985106
PRAD,PRAD,True,0.00752715766780411,2.9341893865136845
GBMLGG,THYM,False,0.20572013230478292,2.0906590351495544
UCEC,OV,False,0.09237454795037225,2.2062087675034836
GBMLGG,GBMLGG,True,0.1980582842228071,1.9985170190149764
LAML,BRCA,False,0.029108434729165883,2.76455070300026
COAD,COAD,True,0.3609159951933339,1.119374423890318
STES,STES,True,0.2476935566667301,2.167554767452454
BRCA,BRCA,True,0.40361457018123725,1.9402191872198136
THCA,THCA,True,0.9618555920946585,0.20459523128784662
BRCA,PCPG,False,0.033708825413118815,2.455189917172124
SKCM,SKCM,True,0.9777674437074262,0.10763597304572833
ACC,ACC,True,0.8978884828151306,0.47592879035655156
GBMLGG,LGG,False,0.035153809009433934,1.0798407349777397
HNSC,HNSC,True,0.3799955213823026,2.0087873401764136
KIRC,KIRC,True,0.01425221498009524,2.7082796453683944
KIRC,KIRC,True,0.4115383990905394,1.071439131362543
PRAD,PCPG,False,0.0703108759207646,2.5456830560230097
LGG,LGG,True,0.2517820423052339,0.9242795800284301
LUSC,STES,False,0.0543586284465597,1.8639729103301013
LUSC,LUSC,True,0.40364967743886354,1.85820629952428
BRCA,OV,False,0.3043710883275627,2.2190662709065183
BRCA,OV,False,0.07508218730701913,2.6093883467352956
UCEC,UCEC,True,0.904605781118554,0.35882400506206635
KIRC,KIRC,True,0.30370787589029563,0.792820276968978
GBMLGG,GBMLGG,True,0.11312937763180464,1.1060588758849295
ACC,LUAD,False,0.04506111325356338,1.7904358763471435
LUAD,LIHC,False,0.16898366993196046,2.3135582414966698
BRCA,BRCA,True,0.5017118880242917,1.8169285688370973
SKCM,SKCM,True,0.7730556163787987,0.5459490660462619
STES,STES,True,0.04155850579067358,2.937392473044645
LUSC,LUSC,True,0.20310896201456205,1.9338708900936123
ACC,ACC,True,0.9516132407100735,0.28908141940031673
BRCA,BRCA,True,0.04037060667554172,3.013052532945651
KIRC,KIRC,True,0.12092050412176147,1.3581635220030983
GBMLGG,GBMLGG,True,0.09736586207045839,1.8965549662698347
UCEC,COAD,False,0.46604508092712493,0.9688767989007097
PRAD,PCPG,False,0.02036561947802802,2.844288447166145
BRCA,BRCA,True,0.14400828342080318,2.734222236746806
BRCA,SARC,False,0.006024285654398359,2.744928913691292
STES,STES,True,0.9735820184693121,0.10420740757480651
KIPAN,KIPAN,True,0.5915382603765638,0.7165574650788327
UCEC,UCEC,True,0.920850120223593,0.41562801459177146
KIRC,PRAD,False,0.05594239533398995,2.700061536235324
KIRC,KIRC,True,0.3694787943984972,1.046564330168304
BRCA,HNSC,False,0.0028896629480660296,2.5456130366358174
OV,OV,True,0.062263423997218514,2.463022082445306
BRCA,BRCA,True,0.12722318219600023,2.7166662828551997
KIPAN,THYM,False,0.26730954490983344,1.5672819392438864
BRCA,HNSC,False,0.04965382568891086,1.981799429188828
OV,LUAD,False,0.12333094001749254,2.2956308099042304
LGG,LGG,True,0.15428062423555383,0.9054715347376375
BRCA,BRCA,True,0.12423899701082236,2.2588347207228643
UCEC,UCEC,True,0.4669673134624714,1.08706376329644
GBMLGG,GBMLGG,True,0.06987102194684024,2.8991514826076794
SKCM,SKCM,True,0.9965488318482704,0.018903352488470804
STES,STES,True,0.7975460651128556,0.43901672103476164
BRCA,SARC,False,0.08433547177266647,2.880168990286845
LUSC,LUSC,True,0.3637544728785151,1.982600039323201
PRAD,PRAD,True,0.5000348658055684,1.9306117765715354
SKCM,SKCM,True,0.9790800587393411,0.11100442072603584
KIPAN,STES,False,0.025098169606701984,2.8473185499344864
UCEC,STES,False,0.17261252218166012,1.975757826593517
LAML,LAML,True,0.19097907383807236,2.2886580315929557
BRCA,SARC,False,0.12607682426405828,2.868681316182504
GBMLGG,UCEC,False,0.2323575624707897,2.1834271857616105
OV,OV,True,0.1686736290702516,2.4394462916565507
STES,HNSC,False,0.0063960698114758074,2.49353897173171
BRCA,BRCA,True,0.568408184271878,1.6406742251952475
PRAD,LUSC,False,0.41064180296326747,0.7235511446972591
BRCA,KIRC,False,0.040401559591392716,2.8265879440518717
BRCA,LUAD,False,0.07827743192639783,2.656030579966901
LUSC,LUSC,True,0.723099125005166,0.7849141112084649
KIPAN,KIPAN,True,0.009787194340247427,2.9985059235353533
KIPAN,STES,False,0.7010269781270874,0.7175025184064074
CESC,CESC,True,0.211501308654564,2.3036850892856418
UCEC,LIHC,False,0.5328975489256134,0.7218902372985663
KIPAN,KIRC,False,0.005917809603250945,2.8738845940503026
STES,STES,True,0.11817035606053719,2.284253332002844
KIPAN,SARC,False,0.1753632153357902,2.8567455409733142
KIPAN,PCPG,False,0.1421266735136483,2.2893829994613513
PCPG,PCPG,True,0.17422642090739632,1.973212755644217
SKCM,THCA,False,0.18893725046108767,2.1802708084948472
BRCA,PRAD,False,0.10687328530430094,2.815191689716233
THYM,THYM,True,0.26730954490983344,1.5672819392438864
BRCA,BRCA,True,0.930601348316894,0.3282735529429252
BRCA,OV,False,0.25525097228635146,2.5537142400151946
SKCM,SKCM,True,0.9873959094938254,0.07851741045960822
LGG,LGG,True,0.35333538110484386,0.7933952905289858
THCA,THCA,True,0.9894515794921566,0.06818902138118572
KIPAN,KIPAN,True,0.025015195981956173,2.7971030834760504
BRCA,BRCA,True,0.30890562198979826,2.2998781292170123
BRCA,CESC,False,0.8296524832529653,0.6615164747496822
SKCM,SKCM,True,0.9308982580919247,0.2022691089929624
GBMLGG,GBMLGG,True,0.051859737093270186,1.019497497005759
LUSC,LUAD,False,0.8121842730124923,0.3809953745742517
PRAD,LAML,False,0.014656915482651273,2.821784844658474
BRCA,THYM,False,0.0762688317194675,2.2547713798223934
BLCA,BLCA,True,0.41524475442976344,1.2576477583547376
GBMLGG,GBMLGG,True,0.4852983433901634,1.9206898854405807
BRCA,BRCA,True,0.035187291101395235,2.6199137776206554
TGCT,TGCT,True,0.37217153132679426,2.118320120980454
KIPAN,KIPAN,True,0.5319414095575535,0.7463215116311955
LGG,LGG,True,0.13288498369518348,1.0740839294908424
THCA,THYM,False,0.36993326410251937,1.4812800756806102
KIPAN,LIHC,False,0.22436643954067834,2.434636612905368
OV,SARC,False,0.012431337902670855,3.0359425918189484
STES,COAD,False,0.03002576532066059,2.2846368626780404
THYM,PRAD,False,0.08550327065168195,2.231971984900708
LUSC,HNSC,False,0.10233914220031348,1.3652268430638086
HNSC,PAAD,False,0.26900387046241375,2.27851029587247
LUSC,THYM,False,0.36993326410251937,1.4812800756806102
PCPG,BRCA,False,0.006857133884515754,2.8859687987384492
KIRC,TGCT,False,0.03521152110242233,2.9457269699398356
SKCM,SKCM,True,0.734904407118863,0.9944023346868582
SARC,THYM,False,0.3405417435522259,1.4528012223984064
DLBC,DLBC,True,0.0010080859109651424,2.913078354302359
LUAD,LUAD,True,0.010743155868335713,2.3896328474769186
BRCA,PRAD,False,0.04506145480902696,2.5754522112941434
BRCA,UCEC,False,0.26624543601416706,2.092248413732457
KIRC,KIRC,True,0.2049684689296315,2.5334422707087794
LUSC,LUSC,True,0.09573855390635827,1.3218673311272042
THCA,THYM,False,0.11182894105005389,2.027026659777427
LUSC,STES,False,0.10758773884127149,1.7000381067096133
SKCM,SKCM,True,0.9823309137541646,0.09477827249399898
KIRC,KIPAN,False,0.025252551410695892,2.8818967556523827
BRCA,SARC,False,0.03748347315252433,3.007179991225123
STES,STES,True,0.10689434235370804,1.7516910781796498
LUAD,LUAD,True,0.014108755058680728,2.821332059692406
STES,STES,True,0.19530150710541283,2.3492457969453286
LGG,LGG,True,0.36750198144317925,0.8249646051598721
KIRC,TGCT,False,0.0005683004670864744,2.9532924181582674
BLCA,BLCA,True,0.1802084694982882,1.8705180791133778
GBMLGG,GBMLGG,True,0.39929135062625376,1.033949373674399
LIHC,LIHC,True,0.7205775667903975,1.2070749911607312
BRCA,BRCA,True,0.06871938981093989,2.0185303601257396
SARC,PRAD,False,0.05143290421631046,2.797157073679098
BRCA,PRAD,False,0.08331584482799956,2.497890716669246
KIPAN,KIPAN,True,0.025379017692693517,2.703220422294717
GBMLGG,GBMLGG,True,0.32987791935618554,0.9163453428690025
OV,LUSC,False,0.3343339206770654,1.7779111039527322
BRCA,OV,False,0.24919443572226227,2.2791498236034915
LGG,LGG,True,0.26160387860743367,1.037855546065026
KIPAN,KIRC,False,0.0238216370344162,2.7033086849304215
GBMLGG,PAAD,False,0.027567062388320546,2.875019312379846
PRAD,PRAD,True,0.020070180523536096,2.322174142810697
BRCA,UCEC,False,0.13003525414928463,1.3769470725952506
SARC,SARC,True,0.11201212173578409,2.8449099436432035
THCA,THCA,True,0.6928808738227791,1.4142386632620372
BRCA,CESC,False,0.11988672710759335,1.6583567819786427
PRAD,PRAD,True,0.051480410738471594,2.2263745896472145
KIRC,KIRC,True,0.4940702916444121,0.7813046014433488
THYM,PCPG,False,0.027141228007778323,1.931152309192451
BRCA,BRCA,True,0.30335590767992104,1.967570490714429
BRCA,KIPAN,False,0.06119618774164315,2.629786077023593
SKCM,SKCM,True,0.2451456374736292,2.089201895672776
CESC,CESC,True,0.029931137399048055,2.7674027659611093
PAAD,PAAD,True,0.030851737655608835,2.237172487852017
THCA,THYM,False,0.023843425297412596,2.1553238181388665
BRCA,BRCA,True,0.531452179886945,1.8730501582914425
CESC,BRCA,False,0.19834951540151471,1.8557692537137616
GBMLGG,GBMLGG,True,0.6166658722232554,1.5693766498308235
BRCA,BRCA,True,0.060183805461035605,2.291895388305079
KIPAN,PRAD,False,0.061934041823044475,2.9245662819642644
SKCM,SKCM,True,0.7385932878647692,0.9720591521141834
ACC,ACC,True,0.5482912264257286,1.2870550968737788
PAAD,PAAD,True,0.055622192956661015,2.576537778054638
OV,TGCT,False,0.060457782375421765,2.585588203720737
KIPAN,LIHC,False,0.012583271014696445,2.8078304516266064
CESC,CESC,True,0.02159909269330111,2.8788070758107867
LUAD,HNSC,False,0.10581718460883593,2.2095081770475167
BRCA,BRCA,True,0.647840292504152,1.4598002090002289
BRCA,PAAD,False,0.2313067111449305,2.0444480720362685
LUSC,LUSC,True,0.06478524123221407,2.3568753427634297
KIRC,KIRC,True,0.6012364357635801,1.1361838999226523
KIPAN,KIPAN,True,0.027792931049529512,2.7311918097483465
UCEC,UCEC,True,0.8984834737251803,0.3827657211019715
OV,OV,True,0.012731044629377686,2.5493318223922086
LAML,BRCA,False,0.007012858794999549,2.638456542569489
BRCA,PRAD,False,0.03289131143300951,2.7509934032742716
LIHC,LIHC,True,0.004157855804778829,2.863745226946705
THCA,THCA,True,0.7357407566124226,1.03377826907733
PRAD,PRAD,True,0.0780219157313419,2.695153071400672
BRCA,BRCA,True,0.11774893381927215,2.353179512441664
KIRC,KIRC,True,0.45193170822100315,0.7698197575430158
LIHC,LUAD,False,0.07847504258035845,2.494748315621513
BRCA,PRAD,False,0.04167021856123235,2.6626756430474803
SARC,SARC,True,0.559503396012813,1.7022472431340478
KIPAN,KIPAN,True,0.33183150636177405,0.8366151294392916
SARC,TGCT,False,0.13766951772832514,2.7612938403512475
BRCA,LIHC,False,0.059939442162316225,2.576444540966832
LUSC,LUSC,True,0.2548462338844833,1.593512071071414
SKCM,PRAD,False,0.045507860221013385,2.68888741668426
UCEC,UCEC,True,0.8371130342732293,0.6482898995405117
OV,LUSC,False,0.0420171171732488,2.606961034959169
THYM,SARC,False,0.16336045376174047,2.7960292378621836
THCA,THYM,False,0.09979740968161024,2.150808891644635
SKCM,SKCM,True,0.9859943178314255,0.07084906270261687
STES,STES,True,0.1864671260445195,2.27403568839689
LUAD,LUAD,True,0.4684723063766117,1.3235636345009676
KIPAN,KIPAN,True,0.04839311224639617,2.5859371463142735
CESC,CESC,True,0.030351764987405286,2.950900083728247
KIPAN,KIRC,False,0.00427921906045875,2.8789726127931057
COAD,COAD,True,0.8732562612621871,0.5084751085647011
SKCM,SKCM,True,0.8317256297380882,0.5370723535381963
BRCA,BRCA,True,0.379666341107866,2.0195372306653505
KIPAN,KIPAN,True,0.09510990890923737,2.6439915137727983
KIPAN,KIPAN,True,0.01755598191329788,2.4450740582587627
THCA,THYM,False,0.13465851552290226,1.9480316104370348
KIPAN,PRAD,False,0.04264177405820288,2.931684856487913
GBMLGG,LGG,False,0.2892430788016738,0.9339511954381876
BLCA,CESC,False,0.5805568830512795,1.0332880883625035
LUSC,LUSC,True,0.7671953145863708,0.8770076676620115
KIPAN,KIPAN,True,0.25366518675421734,2.1329330308981103
PRAD,PRAD,True,0.025432152937473418,2.820513400765655
TGCT,TGCT,True,0.6465766171083563,1.4052020885914622
HNSC,KIPAN,False,0.02936476419813397,2.875499702227066
THYM,PCPG,False,0.11837404106440122,2.0811390240717342
OV,OV,True,0.18790627134555488,1.9427793116850933
UCEC,OV,False,0.03983628676574055,2.5801459534427145
STES,STES,True,0.2337013247571916,1.7486765230586963
GBMLGG,GBMLGG,True,0.33570876506783454,2.1513494667420967
CESC,CESC,True,0.07129367733249664,2.5976446548057774
BRCA,BRCA,True,0.16071109233833705,2.1696376535871424
BRCA,BRCA,True,0.04690688616689609,2.2786300337118
PRAD,PCPG,False,0.05297913460602613,2.594014392050038
LUSC,LUSC,True,0.8950905172321209,0.3355239406109505
UCEC,UCEC,True,0.039505902944496324,2.3758676688121163
OV,OV,True,0.342102275326744,1.941436666887141
KIPAN,TGCT,False,0.009542390535301148,2.8025631789802667
LUAD,LUAD,True,0.06732544964443421,2.4071026498705854
SKCM,SKCM,True,0.9491287425616566,0.2170195338925399
KIPAN,OV,False,0.3489131793448062,2.2245119099709925
BRCA,PRAD,False,0.048794431429589724,2.722048682509801
GBMLGG,GBMLGG,True,0.44355017855128864,1.3865624602303068
SARC,SARC,True,0.17214591696956338,2.764153993939568
THYM,THYM,True,0.03548576030413381,2.0735968242581913
LGG,GBMLGG,False,0.051859737093270186,1.019497497005759
LAML,THYM,False,0.3405417435522259,1.4528012223984064
BLCA,LUSC,False,0.14117240376720683,2.1683050701524613
COAD,COAD,True,0.7900734308597765,0.9519625339445025
STES,LIHC,False,0.18692621300693613,2.004450951414395
PRAD,LGG,False,0.027368933487338043,2.0903174895375107
GBMLGG,SARC,False,0.018390908032308625,2.950819412301611
BLCA,CESC,False,0.10649870107418907,1.4140614498747135
BRCA,HNSC,False,0.08153616589937238,2.559229698365619
KIPAN,LIHC,False,0.026381240118082183,2.891093283540815
BRCA,KIRC,False,0.01585794291188851,2.9323507914059386
PRAD,PCPG,False,0.03059144403397232,2.594526386715983
GBMLGG,GBMLGG,True,0.24879089004063354,0.9850017655305113
PAAD,PAAD,True,0.7118850156282911,1.1908399118789037
BRCA,CESC,False,0.15954554519039957,2.6857062386585593
GBMLGG,UCEC,False,0.1438226310725592,2.180659082993359
KIPAN,PRAD,False,0.02495248937889824,2.300855460053288
KIPAN,OV,False,0.13890396621294554,2.58111692728221
STES,STES,True,0.3805079836755584,0.911131323360733
UCEC,UCEC,True,0.07371306425379492,2.028988724546942
CESC,CESC,True,0.11453712229551638,2.5973839812560544
SARC,OV,False,0.03255081415680336,2.3885223904954227
PAAD,PAAD,True,0.08477270768029109,2.6592047422693406
GBMLGG,GBMLGG,True,0.33763196816206764,0.7359027461774925
LAML,LAML,True,0.9690671938882441,0.16937446385888721
GBMLGG,PRAD,False,0.0689564679247078,2.983113114711827
BRCA,OV,False,0.17319181786278354,2.4592594438593847
BRCA,BRCA,True,0.372415124562542,1.9882662077734807
SKCM,SKCM,True,0.8071132536016054,0.758359795232205
OV,OV,True,0.08984198296568077,2.1430307802774613
KIPAN,OV,False,0.002608351441926046,2.838399637215942
STES,STES,True,0.7132047200455156,0.8680346095163999
THCA,THCA,True,0.9502036368884198,0.27558967705038057
SARC,SARC,True,0.06209710426873678,2.8005195286479285
PRAD,SARC,False,0.055996491136115156,2.831409406863139
GBMLGG,LGG,False,0.1617200657988741,1.1324826783825392
SARC,PCPG,False,0.06801445977361456,2.438021993546031
PRAD,PRAD,True,0.15603343827881908,2.66641227490964
LAML,THYM,False,0.09763559518831966,1.9321021540254923
LUAD,LUSC,False,0.2162477756003742,1.8805211371752015
LUAD,HNSC,False,0.2077860096290045,2.506196282933997
THCA,THCA,True,0.8439730937461799,0.6864892169905367
THCA,THCA,True,0.7157660159813162,1.219313532552727
THCA,THCA,True,0.9225998058443626,0.37112232136892814
TGCT,PCPG,False,0.007998876487806159,2.8912990671866634
GBMLGG,LGG,False,0.20777591486682778,0.9835102698193333
UCEC,UCEC,True,0.25899673296970094,1.840270004233979
GBMLGG,SARC,False,0.1358822512019861,2.3835983885317233
GBMLGG,LGG,False,0.4538078496879398,1.250649032406276
TGCT,TGCT,True,0.34074617236750115,2.379876510252879
HNSC,HNSC,True,0.22905445510414077,1.961282341475701
PCPG,PCPG,True,0.04892720385173149,2.8256699910411682
TGCT,KIPAN,False,0.038766517386759486,2.769387234709002
COAD,PAAD,False,0.3544248887129926,1.8410969677789706
PRAD,PRAD,True,0.00033146146092874473,2.704899102481143
LUSC,BLCA,False,0.06881850543273885,2.5111722351688837
SARC,SARC,True,0.27552284107876823,2.6124148811102765
PAAD,BRCA,False,0.011133947681205278,2.9407119042428422
KIRC,KIRC,True,0.5873165134196847,1.1414035190381144
SARC,SARC,True,0.2579397492953909,1.8451454054774266
PAAD,STES,False,0.06647005005698414,2.101552318351841
GBMLGG,PCPG,False,0.09824860434246074,2.4918461895723887
OV,LIHC,False,0.008507162124558348,2.7697664187646027
BLCA,STES,False,0.1001845860832202,2.3245715441517287
SKCM,SKCM,True,0.9490716999955959,0.24289819417478833
BRCA,PRAD,False,0.042313755504349376,2.84452412601932
OV,OV,True,0.2041874078177611,2.4617656234566025
STES,UCEC,False,0.9346462850630651,0.18605204967071443
UCEC,UCEC,True,0.4368460809939343,0.9285518316356749
PRAD,PRAD,True,0.3067741343465013,2.468371577939887
TGCT,TGCT,True,0.30489443405824057,2.41087449730571
GBMLGG,LGG,False,0.484052960931613,0.757050377851766
COAD,COAD,True,0.8348371354980526,0.6527068542367221
LIHC,OV,False,0.25049521106273437,2.252461776201799
BRCA,LUAD,False,0.06125510587736707,2.6637198775928077
KIPAN,KIPAN,True,0.26178174816230615,2.521254723449321
LAML,OV,False,0.03977427749322096,2.3558792725265274
OV,OV,True,0.3009835778870682,2.226436566053814
LGG,LGG,True,0.5086746930688446,1.3150582874570496
OV,OV,True,0.24762215568244256,2.368884571150284
LIHC,KIPAN,False,0.058501107555635756,2.2867913249127616
THCA,THYM,False,0.002233847951155804,2.271210578640713
LUSC,LUSC,True,0.8663907833183562,0.2904992797356766
STES,LUSC,False,0.26871877223462715,1.837206131882761
LAML,LAML,True,0.20863831801050747,1.4032902835470165
BRCA,PRAD,False,0.008198976152825665,2.414411833259179
GBMLGG,LGG,False,0.3071036043564434,0.8775133919018367
UCEC,UCEC,True,0.8917020506338933,0.41414212183929755
KIRC,KIRC,True,0.09899858966728212,2.55222290652335
SARC,SARC,True,0.1584195423740528,2.295304107900206
BRCA,BRCA,True,0.8170125995158178,0.864869584928927
KIPAN,BRCA,False,0.05018202296260743,2.6552729997456166
KIPAN,KIPAN,True,0.5963290816626874,0.9182711604157314
PRAD,COAD,False,0.27434533924369686,2.3959441542092232
STES,PAAD,False,0.020447713317522917,2.9874970754955625
LAML,LAML,True,0.5734414058422427,1.6575203402408374
LUAD,SARC,False,0.06084601956517324,2.7437115258549825
KIPAN,LIHC,False,0.059822246320876765,2.884145816407637
KIPAN,KIPAN,True,0.01587569660180288,2.327515150069953
DLBC,LUSC,False,0.7520793193025963,0.4588268586142532
BLCA,BLCA,True,0.2547046541440313,1.9074484348836704
LUAD,LUSC,False,0.16738559085663074,1.2717324571098174
KIRC,KIRC,True,0.18675770384046625,2.254400147878316
SARC,LIHC,False,0.004995122498419213,2.8361635699087637
KIRC,PRAD,False,0.015416383133087047,2.748060514660258
COAD,COAD,True,0.5887324307364785,1.1818971219535561
COAD,COAD,True,0.6125222154517808,1.3104056997447437
LUSC,LUSC,True,0.45425472884108775,1.5746435028007348
HNSC,LUSC,False,0.7312087695823413,0.6810584566475032
COAD,COAD,True,0.7621224976373271,0.92838610494319
KIPAN,THYM,False,0.4497869672966425,1.5807020117443211
PCPG,SARC,False,0.07178420049033932,2.724381117565279
STES,STES,True,0.4951601767501958,1.368225614883432
BRCA,PRAD,False,0.028541492085719766,2.633915455840292
TGCT,TGCT,True,0.21195053319177398,2.651471447101133
THCA,THCA,True,0.8494143686340091,0.7318321041623214
GBMLGG,PCPG,False,0.07261915677393647,2.6830440388109147
BRCA,UCEC,False,0.23016220485259858,1.6158616153675478
KIPAN,KIPAN,True,0.45738876486665314,1.9562924946749574
SKCM,SKCM,True,0.785042669134735,0.8462593586155789
BRCA,UCEC,False,0.0273554492840781,2.3516762614356996
KIRC,KIRC,True,0.12231288640992782,2.6180810515975805
COAD,COAD,True,0.4371387071524703,1.639319325681639
THCA,LAML,False,0.017578199394406607,2.1325594045320337
LUSC,LUSC,True,0.9367396285034815,0.30339539930038234
BRCA,BRCA,True,0.5993779498176869,1.5147181464355368
GBMLGG,GBMLGG,True,0.04532053835371147,1.0135550527154524
LAML,THYM,False,0.09775651408266345,1.9598411710808517
OV,BRCA,False,0.03377452890619441,3.0109840872858338
HNSC,HNSC,True,0.21926702312405544,2.241746498270304
LGG,LGG,True,0.4566709581595277,0.6336794321411755
GBMLGG,UCEC,False,0.0368841866811456,2.7392975691415096
LUAD,LIHC,False,0.029402641729625256,2.1338292725226
LIHC,LIHC,True,0.07778845731066003,2.8139214062947557
LAML,THYM,False,0.03279675757047196,1.949404638777463
KIRC,KIRC,True,0.5234481472482534,1.0897446686588974
LUSC,LUSC,True,0.8598854328199074,0.5300341619248338
THCA,THCA,True,0.897268672120521,0.5203150140503153
STES,ACC,False,0.04968963425767925,2.877722464261238
LUAD,LUAD,True,0.11188305127867777,2.506484624812393
STES,UCEC,False,0.3128499858625357,0.9490959553041742
PRAD,PRAD,True,0.36136269369728474,2.342953366785449
PRAD,SARC,False,0.017595426117682195,2.6959499666820506
STES,STES,True,0.27651766472261485,2.1041327724026164
PAAD,PAAD,True,0.1969396787654091,2.5062348837479465
BRCA,SARC,False,0.07035838991148967,2.7519497565897613
HNSC,STES,False,0.04689148160167195,1.8910586633763535
KIPAN,LIHC,False,0.10973274881049339,2.5423896193933473
BRCA,BRCA,True,0.9641796250545713,0.17475264531336226
SKCM,SKCM,True,0.9253542533622776,0.412061992030457
STES,STES,True,0.5311055238975142,1.5282948800200813
UCEC,STES,False,0.2684847462008063,0.9237498578305247
STES,BRCA,False,0.02195644266450797,2.5806519841039304
LIHC,PRAD,False,0.03550952744887417,2.9646646490930304
HNSC,BLCA,False,0.008444234359651581,2.1586620139638355
CESC,BRCA,False,0.02631499012621591,2.854890320274908
SARC,THYM,False,0.0053575487940590305,2.259595604880447
THYM,THYM,True,0.32428152138042404,1.586172391660965
THYM,THYM,True,0.32428152138042404,1.586172391660965
PCPG,PRAD,False,0.03711984754325179,2.69747428217861
BRCA,BRCA,True,0.7883102204119814,0.8187223729298276
STES,HNSC,False,0.006533399048613775,2.254595980988371
STES,STES,True,0.3956610306675491,1.4812506468665438
PCPG,PCPG,True,0.047488665815916944,2.7232891147530185
LGG,LGG,True,0.2098583208375127,1.6262901004554673
GBMLGG,SARC,False,0.0038746894299039325,2.738073921615124
TGCT,SARC,False,0.03157743168009576,2.991396498115926
KIPAN,PCPG,False,0.07860730938007965,2.6131724082470966
KIPAN,PRAD,False,0.15198510547460936,2.716523304781888
COAD,COAD,True,0.9306337644695262,0.289947005044202
LAML,LAML,True,0.894456034623591,0.542244867045154
BRCA,PRAD,False,0.04031575179660399,2.5226803201653505
PRAD,TGCT,False,0.006690979674567166,2.7477861415014666
THYM,PCPG,False,0.30425787909104396,1.672480914464279
PCPG,THYM,False,0.08151867962563816,1.9780850284793654
THCA,THCA,True,0.7174869037498114,1.0490605253455683
LIHC,LUAD,False,0.08870259630065334,2.6804324880060664
PRAD,PCPG,False,0.13523573548433057,2.3396386425312365
UCEC,PCPG,False,0.06952362742296558,2.7861216282612533
STES,STES,True,0.7958952414599032,0.7294966564391372
PRAD,PRAD,True,0.0672490901996983,2.3655603986897287
TGCT,TGCT,True,0.39621612026407144,2.2507887348365396
OV,OV,True,0.23675461897097583,2.5161405472768763
HNSC,HNSC,True,0.18015968993161008,1.9931442740522347
LUAD,LIHC,False,0.5567352580968989,1.3472262103182997
OV,PRAD,False,0.0510109578467845,2.7758316657481408
BRCA,BRCA,True,0.4384394290537265,2.177317652930243
SKCM,SKCM,True,0.5667590921725546,1.112274487409561
BRCA,BRCA,True,0.0847290660923328,2.5582040362495206
LUSC,LUSC,True,0.5760499630128064,1.119235970151847
OV,LUSC,False,0.021534443946965798,2.518106353688243
OV,OV,True,0.1656721336407488,2.641078365333292
STES,STES,True,0.9443568691959626,0.22025754924149712
SARC,SARC,True,0.06638247409909889,2.605444262874279
COAD,COAD,True,0.5007698816223785,1.8594513621577604
KIPAN,KIPAN,True,0.046529293596558274,2.459842008730936
LIHC,PAAD,False,0.028023533594854835,2.929191824392774
KIPAN,TGCT,False,0.007672376657064953,2.794671484358619
KIPAN,KIPAN,True,0.19823761360866377,2.6116288181927176
GBMLGG,LGG,False,0.1187329500354467,0.9749016068119521
GBMLGG,GBMLGG,True,0.1869128453635418,2.6568935191796994
PRAD,PRAD,True,0.015107037281277574,2.8252586513465574
SARC,PCPG,False,0.047595318840860934,2.758774844833312
PRAD,PAAD,False,0.04550771375500147,2.9400298191669143
BRCA,SARC,False,0.024599999000364914,3.008746343356052
BRCA,BRCA,True,0.5644405629207551,1.6013368450755132
LIHC,LIHC,True,0.09633906000976752,2.9861420057628005
COAD,COAD,True,0.7924434247064541,0.7774188527604663
THCA,THCA,True,0.9552446599333457,0.24051036338843804
PRAD,PRAD,True,0.04932390475850623,2.8101682700323227
BRCA,PCPG,False,0.08438548721994954,2.2202542748030565
BRCA,SARC,False,0.08259689150481811,2.6652299450322654
GBMLGG,GBMLGG,True,0.21008686147693914,2.5784951479391953
OV,OV,True,0.0471146836989447,2.149636234143036
LUAD,LUAD,True,0.04237667115379584,0.6944025108563003
KIPAN,KIPAN,True,0.05207072632418017,2.5739570622609986
KIRC,KIRC,True,0.14931592836508928,2.764148267346757
TGCT,SARC,False,0.1317168740906003,2.83082710685893
KIPAN,LUAD,False,0.06698985001254606,2.4834347439091955
GBMLGG,GBMLGG,True,0.24022691956073122,0.851730010133674
BRCA,PCPG,False,0.04949064262405922,2.683132351708819
GBMLGG,GBMLGG,True,0.23433328555327237,1.3515993495475076
OV,BRCA,False,0.01992705424114316,2.5512988284526883
THYM,PCPG,False,0.36427609484095647,1.742293745936378
BLCA,STES,False,0.1336344124573247,2.5456072484019447
OV,OV,True,0.1706305584940824,2.1756547356876452
LAML,SARC,False,0.05494879222695598,2.5913395285656433
OV,SARC,False,0.05491438636530557,2.707816514490316
HNSC,HNSC,True,0.02029766070002706,2.3013161152966495
PCPG,PCPG,True,0.14889233880140204,2.1032480120837627
THCA,THCA,True,0.9651506182430755,0.19402024943593493
SKCM,SKCM,True,0.750074686026671,0.43424085937119694
LIHC,LIHC,True,0.4359629485469748,2.1559842462031695
LGG,LGG,True,0.22928218807575618,1.0394222132959507
CESC,PAAD,False,0.0931838331575344,2.686361545838196
LUSC,LUSC,True,0.9810313737558661,0.0946168691892421
PRAD,PRAD,True,0.04704422882104861,2.6684586707439424
KIPAN,KIRC,False,0.26358875528982023,1.4264384471490301
COAD,STES,False,0.11331145297601757,2.7775403073751135
CESC,KIRC,False,0.03835088986463986,3.0047491158872304
SKCM,SKCM,True,0.9989302609065531,0.006494337205707072
UCEC,UCEC,True,0.3529461767431921,1.6419891621763987
HNSC,HNSC,True,0.6692838727542403,0.6967594261459832
LAML,GBMLGG,False,0.03605742125027789,2.995381745607137
SARC,CESC,False,0.005792305358971919,2.9240523138383057
LGG,LGG,True,0.3525815844890477,0.7627896382058279
STES,PAAD,False,0.006873592875170559,2.9996737850670856
HNSC,KIPAN,False,0.0387894060756086,2.8005399606279586
BLCA,UCEC,False,0.01446981763788513,2.8940746278772744
UCEC,UCEC,True,0.9242450905488024,0.29625891090020473
PAAD,CESC,False,0.0032122804981648267,2.9365455630779103
KIPAN,KIPAN,True,0.04478183662538182,1.1810093841716345
LGG,LGG,True,0.6240645569363024,0.6764024654054672
COAD,COAD,True,0.615012691149894,1.6525467974074275
THCA,COAD,False,0.32688648264603254,2.0272558449453304
GBMLGG,OV,False,0.27689551545521085,2.274686201347728
KIRC,KIRC,True,0.06955608648622547,2.8400319402552103
STES,STES,True,0.5277198678808881,1.0450660657771045
KIRC,KIRC,True,0.3898801465125329,1.0638900723216085
SKCM,SKCM,True,0.9643212009963837,0.18669789691296415
COAD,STES,False,0.11423220562730874,2.12376137533966
SARC,OV,False,0.35317843647680736,2.0369711588977197
HNSC,HNSC,True,0.07947649493678272,2.0409054747949815
BRCA,BRCA,True,0.4865493140722275,1.9870417734908745
STES,PCPG,False,0.021027566339011677,2.9043035627958846
UCEC,COAD,False,0.5158029753554977,0.8954326769253746
BRCA,BRCA,True,0.0696310564160155,2.607585159404214
BRCA,KIPAN,False,0.05373909774805477,2.7564338962682857
STES,STES,True,0.3927826548862075,1.9736285819470565
BRCA,CESC,False,0.015677049040631025,2.8974120041234226
STES,STES,True,0.3161366445618836,1.506791399916217
UCEC,BRCA,False,0.22575199024554632,2.3193690531849067
BRCA,BRCA,True,0.03329646379025078,2.4250864739614806
THCA,THCA,True,0.8338717744487618,0.7826058553654671
LUSC,HNSC,False,0.2421191592546826,2.0078526788306545
HNSC,HNSC,True,0.0706268040183082,2.1911733554050774
SKCM,SKCM,True,0.815132088112987,0.6497072604450684
LUSC,LUSC,True,0.6753415619554216,1.081740841628234
PAAD,PRAD,False,0.004940286411003442,2.693811308681244
BRCA,BRCA,True,0.6645882402005443,1.094952241891519
KIRC,KIRC,True,0.37340351907871294,1.8002438240004546
CESC,CESC,True,0.024886277793833123,1.933785838749566
KIRC,KIPAN,False,0.052918970286081335,1.6146628365666567
PAAD,PAAD,True,0.07001322468735338,2.2511185912217724
STES,STES,True,0.1621008194517178,2.1564394589791056
CESC,BLCA,False,0.13120803387248986,1.2128125892092567
PCPG,KIRC,False,0.10758543122237862,1.9067571535476313
BRCA,OV,False,0.010868803298520913,2.4191129251855052
COAD,COAD,True,0.6884804112658944,1.2749238344295755
LAML,SARC,False,0.1304202907094708,1.7779231032551475
COAD,COAD,True,0.6027640762962744,1.7164814744565986
KIRC,TGCT,False,0.03522991510844846,2.9213065260109907
SARC,SARC,True,0.0054752082480353514,2.756242683804645
LGG,LGG,True,0.050338510142215964,1.24953866250941
BRCA,PRAD,False,0.08525388034099676,2.7651307809509995
UCEC,UCEC,True,0.42438178161220147,1.9088525930287346
KIPAN,PCPG,False,0.03755746597753684,2.7364323506567265
BRCA,BRCA,True,0.560064504911447,1.8169473978304007
PRAD,PCPG,False,0.038616773933107945,2.4092592099903456
LUSC,LUSC,True,0.8174205630456552,0.5352716095914106
BRCA,HNSC,False,0.01713132810661283,2.1252015436979748
BLCA,BLCA,True,0.14940549924215843,1.9903370593704528
SKCM,SKCM,True,0.9904492753652351,0.045597688109543066
LAML,THYM,False,0.09450016776769668,2.070839183740685
STES,STES,True,0.012820907482649399,2.8155822083265356
SKCM,SKCM,True,0.842941547181822,0.5132061447206282
BLCA,BLCA,True,0.2860397866188011,0.8873146021193165
BLCA,BLCA,True,0.4714812645420995,0.9250648590789683
STES,KIPAN,False,0.022875858914010144,2.9295509034101275
DLBC,DLBC,True,0.041810420468436735,3.0288564601701267
SARC,PAAD,False,0.32911918257861916,1.5780587069621024
SARC,PCPG,False,0.021104753250832622,2.6970935572964616
PAAD,PAAD,True,0.37821909344971727,2.1221990741856978
KIPAN,PCPG,False,0.03220313662058333,2.6586106048357268
BRCA,THYM,False,0.07919831575576647,2.218412461765946
STES,STES,True,0.8610916082058896,0.5018515455967243
BRCA,OV,False,0.4474915737240203,2.0958151184123857
BLCA,BLCA,True,0.020509213724647146,1.9804711336836314
HNSC,PAAD,False,0.10162209975291764,2.424544763925922
LGG,LGG,True,0.30337469593744293,0.7160648234359627
SARC,THYM,False,0.15443561384071594,2.0735577222960635
THYM,THYM,True,0.32428152138042404,1.586172391660965
SKCM,SKCM,True,0.9287749476358705,0.27598413934821536
PAAD,CESC,False,0.040611084712365964,2.8236152194954656
PCPG,PCPG,True,0.0656894619666881,2.5474989654601674
KIPAN,KIPAN,True,0.7036217032082194,0.6247909992459163
GBMLGG,LGG,False,0.03501492803434608,1.0847721630657892
COAD,COAD,True,0.6571517230798203,0.898708042881782
LIHC,UCEC,False,0.026553822602634225,2.48177227247509
LAML,CESC,False,0.012817247779916607,2.8925842021417605
HNSC,DLBC,False,0.018897219981980157,2.973396246286699
BLCA,LUAD,False,0.3883565552300966,1.1368909095653155
KIRC,KIRC,True,0.1625492944223122,1.1368272343288188
TGCT,SARC,False,0.09999486359324795,2.8628985534775544
PRAD,BRCA,False,0.08640325210034654,2.6431794301418026
BRCA,BRCA,True,0.5404539699768646,1.3191432865791153
LUAD,LIHC,False,0.03581159697990938,2.924435119718973
SKCM,SKCM,True,0.9097671477870043,0.4107177096496665
KIRC,KIRC,True,0.6295902812306359,0.9138076793165508
CESC,KIPAN,False,0.023555474023329387,2.7345002654012434
THYM,THYM,True,0.056703687682482656,2.008020855810086
STES,LUAD,False,0.1296596548204605,1.7252506426944942
PRAD,PRAD,True,0.37169352016430396,2.2339463175650542
PRAD,UCEC,False,0.0015863029786046257,2.7445530153540467
GBMLGG,UCEC,False,0.11259621114357993,2.664449215196483
STES,STES,True,0.00346648692418855,2.5246852428983577
STES,COAD,False,0.5270183094660522,0.6573584630383149
STES,BRCA,False,0.007744982932400668,2.621494164708483
BRCA,OV,False,0.0047000352704462955,2.658902651312375
SKCM,SKCM,True,0.7465046595061757,0.9220362059365443
STES,STES,True,0.2556226308248084,2.219383839246139
OV,BRCA,False,0.006001464850692972,2.7850125438584707
LGG,LGG,True,0.48847139464793876,1.1202153595663467
LUAD,TGCT,False,0.002514205815352208,2.8724828307346653
OV,OV,True,0.14852892828589942,2.477342530488258
KIPAN,BRCA,False,0.03788090927445223,2.8377673126882565
SKCM,SKCM,True,0.973317412316273,0.14979689112292782
SKCM,SKCM,True,0.9917408684674448,0.04759138478094331
GBMLGG,GBMLGG,True,0.35915158706620426,2.0766799589486307
DLBC,SARC,False,0.06944930325440322,2.9564514622683213
THCA,THCA,True,0.5862693074831542,1.485446585500592
STES,LUAD,False,0.007611297397940503,2.976461850600331
BRCA,BRCA,True,0.17806676751552558,2.663580306351592
STES,LAML,False,0.009111493375107582,2.8079777187073645
HNSC,LUSC,False,0.49514753215881213,1.4856701588161956
HNSC,HNSC,True,0.7708705738199851,0.64863406079846
STES,LUAD,False,0.515400101194917,1.7047307764148818
THYM,THYM,True,0.04642613438190471,2.360939130809775
PCPG,KIRC,False,0.0027866213735205647,2.8351650012874403
GBMLGG,LIHC,False,0.011229761525291732,2.936589877076315
STES,STES,True,0.2900764653248309,1.9922693776156546
LUAD,LUAD,True,0.3658126969972995,0.693387985652927
OV,OV,True,0.16098326192560505,2.490723080428769
KIPAN,KIRC,False,0.29334557129148986,0.9419152629197535
LUSC,LUSC,True,0.21494010742586522,1.3466999088524352
KIRC,KIRC,True,0.4133088568923134,1.2092372520198478
KIRC,KIRC,True,0.0010448842850271645,2.504237527819201
LAML,PCPG,False,0.007189646767522151,2.7034329908568977
BRCA,OV,False,0.14161110944589994,2.3571912463723517
PRAD,KIRC,False,0.07410799360289762,2.784849709605543
LUAD,OV,False,0.013381421759371764,2.657884398544266
THYM,THYM,True,0.3405417435522259,1.4528012223984064
OV,PAAD,False,0.0488074973212205,2.4042703718003597
LGG,LGG,True,0.19084678236415242,0.9406257956334316
STES,COAD,False,0.6397173290495174,0.7853232051730696
KIPAN,KIPAN,True,0.31809220135679894,2.252925574834909
KIPAN,KIPAN,True,0.3320179789372916,2.2299678943828116
KIPAN,HNSC,False,0.14884705200500964,2.8083377288832465
BRCA,PAAD,False,0.12654979415030868,2.5472077478554676
HNSC,HNSC,True,0.335846746469217,1.9346793312819364
SARC,CESC,False,0.06222430402198875,2.9714412041084857
SKCM,SKCM,True,0.9045102968858411,0.30931473730567804
BRCA,UCEC,False,0.11065149448947798,2.4809141158296124
SARC,SARC,True,0.31874977332660703,2.226719605358428
STES,KIPAN,False,0.004993318900177859,2.8764558821768706
LUAD,LIHC,False,0.15312201969366276,2.401743556182077
UCEC,BRCA,False,0.2895716215210423,2.007180304607934
LAML,LAML,True,0.7916915142726166,0.9177678294124283
HNSC,PAAD,False,0.028276041584605976,2.550891081551688
UCEC,UCEC,True,0.056399811422836094,2.874053041941565
PRAD,PRAD,True,0.4440781449489314,1.7183344365174098
ACC,ACC,True,0.044282017065983864,2.632829012557367
SARC,SARC,True,0.045101481788416026,2.5218359450051127
BRCA,KIPAN,False,0.02191866080030022,2.8597237498464114
LAML,PCPG,False,0.16332901020493915,2.090778408598737
THYM,SARC,False,0.024121537544852786,2.8013505501175855
GBMLGG,GBMLGG,True,0.3186841645177262,1.7300357531972153
LGG,LGG,True,0.43430964550595663,0.9574076346178153
THYM,THYM,True,0.07210690312464904,2.217759070970195
LUAD,LUSC,False,0.15234930377360695,1.6845463745195661
BRCA,KIRC,False,0.014897601674634525,2.7269231227683774
KIPAN,OV,False,0.24556569214771548,2.2629162639625133
KIPAN,KIRC,False,0.034418895472011254,2.907028024465968
LGG,LGG,True,0.2576714338457244,0.717425158975075
BLCA,LUSC,False,0.32816522545287463,1.5025384419840142
BRCA,CESC,False,0.06112078005181676,1.3182935853962583
LGG,THYM,False,0.26730954490983344,1.5672819392438864
TGCT,TGCT,True,0.16476978497972294,2.666295843142614
KIRC,KIRC,True,0.5593815232762527,1.1779898294910722
THCA,LAML,False,0.042644606137701546,2.621573918034739
COAD,COAD,True,0.7596758560170201,0.9858240459377711
PAAD,TGCT,False,0.008347481137399068,2.9668084356918913
THYM,TGCT,False,0.06197044727149324,2.8749025416708744
ACC,ACC,True,0.1181235142348274,2.6774822949992143
STES,STES,True,0.41557594202209247,0.8554605018875783
KIRC,KIRC,True,0.5174236499158862,0.8294964567664385
LUSC,LUSC,True,0.15693257591978468,2.1493464520465544
STES,UCEC,False,0.7260759319535923,0.7094472839088706
KIPAN,KIPAN,True,0.1785166855885996,2.465836606282976
LUAD,LUAD,True,0.10590698507992433,2.5990178025143744
SARC,PAAD,False,0.019321588763568903,2.6221826562251693
UCEC,UCEC,True,0.6474585023618736,1.1128487956060265
THCA,THCA,True,0.9460319757624279,0.26427719172912684
BRCA,BRCA,True,0.30075883229555966,2.2488146771603668
KIPAN,KIRC,False,0.12729958787535986,2.6264412265394355
ACC,ACC,True,0.0704691148322269,2.464224630315108
LUSC,LUSC,True,0.23462524744039184,1.5673090937421779
KIRC,PRAD,False,0.042034770991348586,2.523483763246211
LGG,LGG,True,0.3876274447858724,0.8085033978969501
SKCM,SKCM,True,0.1642086270089824,2.6546639363145257
KIRC,KIPAN,False,0.04946855633011034,2.830232466765422
BRCA,BRCA,True,0.7008570663774416,1.3123451428242725
BRCA,PRAD,False,0.15746432686593625,2.6702334840260797
SKCM,KIPAN,False,0.006427750123115722,2.946063339085919
LIHC,LIHC,True,0.26467342114304393,2.060356968503407
STES,SARC,False,0.056979382073653134,2.948278036450373
LGG,LGG,True,0.33262459245865,0.7917922588013653
GBMLGG,TGCT,False,0.013913632799807396,2.876857394313131
COAD,PAAD,False,0.005331828825278745,2.9492925273345443
ACC,ACC,True,0.7459727208960026,1.0061228262704383
LIHC,COAD,False,0.09263754267320115,2.393510497102212
CESC,CESC,True,0.028850108536222815,2.832954887761228
KIPAN,PCPG,False,0.156490843694987,1.862218777642788
KIPAN,ACC,False,0.07003902313064594,2.7854679021903364
KIRC,KIRC,True,0.11050088149050322,2.5137363665894683
KIRC,PRAD,False,0.10225392288938909,2.7440946150525174
KIPAN,KIPAN,True,0.030569808138520282,2.637375590553059
GBMLGG,LGG,False,0.17063251126522078,0.7879929348815667
GBMLGG,LGG,False,0.24369812475471708,0.8047193922332552
CESC,CESC,True,0.6454864642946547,1.0639002927566301
OV,OV,True,0.2063958529033597,2.573693544191634
KIPAN,KIPAN,True,0.27474311768968124,2.2279023555914423
STES,STES,True,0.9635623639097105,0.16799519448466776
TGCT,TGCT,True,0.6286352927003768,1.6233761041424286
PRAD,KIRC,False,0.026281051423385438,2.8315317914186013
LUSC,LUSC,True,0.8507904174162089,0.4507788017271804
STES,COAD,False,0.6062251681834008,1.0034063582264234
KIPAN,KIPAN,True,0.1764847717634508,1.1581487378210689
ACC,ACC,True,0.6171556715351736,1.5616567185419565
GBMLGG,GBMLGG,True,0.415375802045234,1.9214889131302118
OV,SARC,False,0.0906085604555805,2.368269792820479
BRCA,PRAD,False,0.029045476845065588,2.437843625098002
LGG,LGG,True,0.10897517016291475,1.151370980977724
KIRC,KIRC,True,0.5254091372431489,1.1193463214341353
PCPG,THCA,False,0.00760259508845243,2.77483659233922
THCA,THCA,True,0.9556686288472488,0.2245673528523071
BRCA,BRCA,True,0.41733414459320284,2.062112103216801
STES,STES,True,0.6899571716713576,1.1301952831396487
GBMLGG,COAD,False,0.06996834404767462,2.809670946159179
ACC,ACC,True,0.8556526147960961,0.7016632300307925
STES,OV,False,0.006305411950744216,2.443307861003788
LUAD,LUAD,True,0.9409343896604182,0.13732778303563806
STES,PAAD,False,0.04968843314085378,2.809959564089636
HNSC,HNSC,True,0.17213144040896372,2.198333783920597
LUSC,LUSC,True,0.7398623190903334,0.67172587884
KIPAN,KIRC,False,0.052934561342917796,1.298115737113271
THCA,THCA,True,0.8478111973449278,0.6766318598783635
LUSC,STES,False,0.13700509558392676,2.232694197066679
STES,STES,True,0.5163169102162942,1.2706432213026682
PRAD,PRAD,True,0.3520697458109478,2.323316797550448
BRCA,BRCA,True,0.0893218087945957,2.6983736679189874
LUSC,LUSC,True,0.7803249199703264,0.6063176328751052
UCEC,UCEC,True,0.8957127676909239,0.35918273035693726
OV,SARC,False,0.04554401223974433,2.4629123254227308
BRCA,OV,False,0.0689146392881324,2.462397602691182
CESC,THYM,False,0.08651276545886022,2.105928836683903
BRCA,STES,False,0.013777047169562018,2.732152616552155
LAML,LAML,True,0.5950816977395927,0.8421596724474008
STES,UCEC,False,0.06618109160528263,2.449728058756744
KIPAN,KIPAN,True,0.2875329661306703,1.7734479019894696
SKCM,SKCM,True,0.9986034031190338,0.010114256756612122
LIHC,GBMLGG,False,0.11367277200247178,2.7043549206075346
UCEC,UCEC,True,0.7237283841566488,1.0745074708507971
BRCA,PRAD,False,0.022952726845856447,2.946235964534186
SARC,THYM,False,0.04230312819186008,2.0591142728447207
LIHC,LUSC,False,0.047035715405634976,2.423016192233084
THCA,THCA,True,0.49974518106781773,1.4740884487526413
LAML,LAML,True,0.46845407594416116,1.9598660776916612
LGG,LGG,True,0.31140785576888497,1.4053027106026768
BRCA,PRAD,False,0.0052993897991217565,2.8279667138302944
SARC,SARC,True,0.4440354206060943,2.1566085473694514
STES,STES,True,0.06402479060672783,2.52504760598114
ACC,TGCT,False,0.0344893927685021,2.277866349494813
OV,KIPAN,False,0.03647919005140529,2.8376655192906353
BRCA,BRCA,True,0.7718703000312195,0.9874952111497496
HNSC,HNSC,True,0.18277473074022574,1.945808498048963
PCPG,PCPG,True,0.6227139604497557,1.167680531724959
BRCA,BRCA,True,0.7028766432091385,1.252149680283409
BLCA,BLCA,True,0.1510547335723979,1.6325115329121194
BRCA,OV,False,0.19106656481989875,2.490882188037018
LUAD,LUAD,True,0.35747650615061677,1.4456390700398765
GBMLGG,LGG,False,0.20902112127081118,0.8291570003158671
GBMLGG,PRAD,False,0.0689740360292721,2.648162825192044
BLCA,BLCA,True,0.05489651728395059,2.0608405296660655
KIRC,KIRC,True,0.03820249641474399,1.1376186528433976
PAAD,PAAD,True,0.08101893640746846,2.7415089152718584
CESC,THYM,False,0.26730954490983344,1.5672819392438864
BRCA,BRCA,True,0.3567053226714745,2.127931033987901
BRCA,LIHC,False,0.027772979630261263,2.719006112733594
COAD,COAD,True,0.5113003736865707,1.668412911755321
GBMLGG,LGG,False,0.051459791735566196,0.7987023708368057
TGCT,TGCT,True,0.044690072983892895,2.886982746253635
KIRC,PRAD,False,0.013719664356595024,2.514348384659328
KIPAN,PRAD,False,0.05894719083450284,2.7988739700732235
OV,OV,True,0.19190647695877414,2.221032645590526
GBMLGG,LGG,False,0.06348932247394184,0.8362367983360943
BRCA,BRCA,True,0.8322537596004533,0.790886727372567
LGG,GBMLGG,False,0.10705207921160768,2.824392992033154
OV,PAAD,False,0.0861795972195871,2.3467564339957523
COAD,COAD,True,0.6814554557956304,1.267756798890245
UCEC,OV,False,0.19068229480982196,2.396076990775092
KIRC,STES,False,0.0035329758841262243,2.911872408358594
TGCT,TGCT,True,0.009196788108720405,2.8420653226084993
SKCM,SKCM,True,0.9975850760653202,0.016925146813850267
KIPAN,KIPAN,True,0.5033308693741964,0.8493364695283335
STES,BRCA,False,0.06471428522214823,2.079514300621793
LAML,LAML,True,0.9222066778701794,0.3755052688339866
LGG,LGG,True,0.5502433720928033,0.7685962134481341
UCEC,UCEC,True,0.3709581912540063,1.6490537206075868
THCA,PRAD,False,0.0002122372435382769,2.410667880111303
GBMLGG,GBMLGG,True,0.4763310452139138,1.7821047417631781
KIPAN,KIPAN,True,0.5251779603269007,1.1216604084480715
SKCM,SKCM,True,0.44130457713263166,1.7314413339441024
GBMLGG,LGG,False,0.40534814763442883,1.0266681023892117
BRCA,BRCA,True,0.1878401369824974,2.5345948892307466
PCPG,THYM,False,0.10182353922857451,2.205345112718536
THCA,THCA,True,0.9874120879233921,0.07121001234802117
GBMLGG,GBMLGG,True,0.1401673715573315,1.0665969215329825
LAML,THYM,False,0.26730954490983344,1.5672819392438864
UCEC,LIHC,False,0.12068416782789668,2.816319442662993
THYM,THCA,False,0.004652783194485616,2.5095713989782937
COAD,COAD,True,0.689104976356085,1.1789398661498713
STES,KIPAN,False,0.03292052447029378,2.7333286467396727
THCA,SARC,False,0.01617606874647609,3.115762634647951
PCPG,LAML,False,0.009708910839438423,1.811735379479132
ACC,ACC,True,0.8391457654207931,0.7222899421263164
BLCA,BLCA,True,0.26048673051458016,1.9142512617127942
PRAD,PRAD,True,0.1327937979914739,2.5494205295979837
KIRC,PRAD,False,0.036377259056170466,2.8927034752989766
TGCT,TGCT,True,0.5339033020514967,1.7776231481136309
BRCA,THYM,False,0.3405417435522259,1.4528012223984064
LUSC,LUSC,True,0.5873717857990106,1.270645938688132
UCEC,UCEC,True,0.5375204185564277,1.5689388344838617
GBMLGG,BRCA,False,0.2980069954452672,2.213250867419928
KIRC,KIPAN,False,0.02587068228402256,1.6430080835745808
TGCT,TGCT,True,0.21885296205904511,2.4260897834580675
KIPAN,BRCA,False,0.04962623171349531,2.759701207450507
GBMLGG,LUAD,False,0.019950597987096808,2.7437522815063553
KIPAN,KIRC,False,0.29484080802937335,0.9398347580628865
OV,SARC,False,0.19769964749204708,2.571704016377104
KIPAN,KIPAN,True,0.35711788412454143,0.8990327231109656
BRCA,OV,False,0.0598715382468199,2.5795649497488022
GBMLGG,GBMLGG,True,0.4924453183938599,1.5717075920179613
PRAD,PRAD,True,0.2032895900186539,2.7237014745164716
HNSC,HNSC,True,0.4296347957646065,1.954062954439638
DLBC,PAAD,False,0.3572786099179027,2.1087195639390584
KIRC,KIRC,True,0.6154691113036467,0.8030981062171175
COAD,COAD,True,0.4443926622888722,2.1375357426028576
SKCM,SKCM,True,0.30334181747356737,1.7973155751252194
THCA,LAML,False,0.08503583493106243,1.8064319254992744
UCEC,UCEC,True,0.4404635179664784,1.8792943838261573
BLCA,HNSC,False,0.07778579434447283,2.0147192947909884
LIHC,LIHC,True,0.1481644248774872,2.707649157634626
SARC,OV,False,0.10595441672337952,2.2507382194225456
COAD,COAD,True,0.8168097048861174,0.8271019364738446
KIPAN,KIPAN,True,0.526753883341165,1.6025660873861785
STES,HNSC,False,0.04904976242765571,2.5898237822146872
LGG,LGG,True,0.03782251625055644,1.0304621382012895
PRAD,PCPG,False,0.04054372398939893,2.54845082760382
LGG,GBMLGG,False,0.16868504616149824,1.7682146243044479
THCA,LAML,False,0.205145799455597,2.0215990071152548
KIRC,PCPG,False,0.03377550902699797,2.6188698215907156
SKCM,SKCM,True,0.8428023558311416,0.61122963296528
CESC,CESC,True,0.16045853998085338,2.391880237238987
BLCA,BLCA,True,0.44169582582226075,1.4976000617807956
UCEC,OV,False,0.3085959492521418,2.299599080938697
LUSC,LUSC,True,0.20994031375522182,2.0514331747014896
LUAD,CESC,False,0.045016080141067505,3.0089917332932914
BLCA,STES,False,0.0831902661539782,2.564470442403655
STES,STES,True,0.1028934971308294,2.2945061492628325
SARC,GBMLGG,False,0.05180653958508771,2.489847042471176
OV,OV,True,0.05202351706749986,2.4616837819934756
KIPAN,KIPAN,True,0.13095599966321936,1.2294575968610046
STES,LUSC,False,0.12230005552663029,2.2121850760886215
GBMLGG,LUAD,False,0.056355133062233,2.845614145175103
KIRC,KIRC,True,0.5023206783577585,0.9668406696741954
BRCA,BRCA,True,0.8941090829340018,0.5124846531084479
SKCM,LIHC,False,0.04752332439060389,2.7137517741523838
LUSC,LUSC,True,0.08758972679967647,2.423778211932758
CESC,CESC,True,0.5127699322089746,1.5629337495714277
BLCA,LIHC,False,0.052951587311338505,2.2524904505618957
LAML,LAML,True,0.7014550282012528,0.5524759379556208
SKCM,SKCM,True,0.9988839804125229,0.0064214461099883725
KIPAN,KIPAN,True,0.050605714945612223,2.4937934412284
GBMLGG,THYM,False,0.06211367246596436,1.9874416986825727
TGCT,TGCT,True,0.6345526789304439,1.528100048643236
SARC,PRAD,False,0.1052592787403534,2.9102565726562526
BRCA,PAAD,False,0.08361430897798768,2.958297663523133
COAD,CESC,False,0.0037844105021824503,3.121222909606678
PAAD,PAAD,True,0.11856086397823526,2.903959970243059
TGCT,TGCT,True,0.012199268413213532,2.4207186534825844
KIRC,LAML,False,0.05660313478546761,2.5446099748041373
LUAD,CESC,False,0.4953399316532907,1.6416314779494101
KIPAN,OV,False,0.04749004164673523,2.8277052469182298
SKCM,SKCM,True,0.5638269002749703,1.2993479509936314
ACC,ACC,True,0.9990504825874769,0.00911068320155678
THCA,THYM,False,0.2060976400499334,2.1392789641641383
LGG,OV,False,0.23378235747420043,2.2987747377442638
LGG,LGG,True,0.3584859695522148,0.7955407075472936
THYM,THYM,True,0.36993326410251937,1.4812800756806102
LAML,THYM,False,0.17634438018812817,1.9775156551047837
OV,HNSC,False,0.030748174688029956,2.404903609641858
PRAD,STES,False,0.28370897191063477,2.217145057538442
SARC,CESC,False,0.3197140944791054,2.4507233888634565
SKCM,SKCM,True,0.5907706516600829,1.43170180300411
KIPAN,KIRC,False,0.009626626710065478,2.308504670485936
LUSC,LUAD,False,0.04225058230549848,2.941496673780743
BRCA,STES,False,0.031037923638274012,2.522876503029591
OV,OV,True,0.14264914793736497,2.4199286354411678
LGG,GBMLGG,False,0.057141837794963235,1.0415660873816122
KIPAN,KIPAN,True,0.3850874970849645,1.9116656670376526
CESC,CESC,True,0.04926493936552977,2.852553863057913
COAD,COAD,True,0.039849234390080215,2.9244887633613676
PRAD,THYM,False,0.030872030860305502,2.7066037142046024
THYM,LAML,False,0.052842747134450946,1.9312687250902654
THYM,KIRC,False,0.07114603661605762,2.916634731474764
COAD,COAD,True,0.6107378710409068,1.0717893130205163
BRCA,LIHC,False,0.03685118000543275,2.5128697658957804
PRAD,THYM,False,0.021915406227637435,1.9115165478402167
BRCA,THYM,False,0.1099725633870774,2.27418832314654
THCA,THCA,True,0.7165888615646197,1.2578630441361922
PCPG,THYM,False,0.013511194748590638,2.6877064969703155
HNSC,LUSC,False,0.2780800603368369,1.6697036802744478
BRCA,BRCA,True,0.7667500968732563,1.0227209513918798
BRCA,PCPG,False,0.09266354977557384,2.113030785819949
OV,OV,True,0.0881319025859797,2.4727219437657215
STES,STES,True,0.43237079407278306,1.4693830218214532
GBMLGG,GBMLGG,True,0.09306651045733721,1.9649098422875533
LUSC,LUSC,True,0.28802213303511776,1.697030263059669
KIPAN,KIPAN,True,0.023969076453862898,2.7901029546302447
PCPG,KIPAN,False,0.009704276910327103,2.763635974849987
THYM,SARC,False,0.06549527878986469,2.6452762618258467
COAD,COAD,True,0.6670678283079519,1.11285380746401
SKCM,SKCM,True,0.2966589610209247,2.199976551009688
KIRC,PRAD,False,0.07677163197988948,2.741971607588939
BRCA,BRCA,True,0.42337875798246716,1.5943665227460235
HNSC,COAD,False,0.13550835371460596,1.8947219168723157
STES,STES,True,0.007303819476110834,2.609420768882587
COAD,COAD,True,0.4360488949867418,2.1069773816503488
BLCA,LIHC,False,0.06054986038676993,2.6284131770474484
BLCA,HNSC,False,0.2539685143953754,1.2630996406367703
BRCA,BRCA,True,0.23074124075300567,2.381278591099177
THYM,THYM,True,0.13853045378821557,2.728270495474914
KIPAN,KIPAN,True,0.057983666739403736,2.8599202227434617
TGCT,KIRC,False,0.04959497375045499,2.8562037587867595
PCPG,PCPG,True,0.012218505107136318,2.685226670061732
SKCM,SKCM,True,0.21544427124779936,2.325448349821869
PRAD,PRAD,True,0.37576717486362077,1.936305133355012
OV,PRAD,False,0.0746515966897868,2.7052416603384364
SKCM,SKCM,True,0.8875541427480118,0.475003672041825
KIRC,KIRC,True,0.04986779755182115,2.9446126543671247
LUSC,LUSC,True,0.288489768605864,1.0492529362759453
UCEC,UCEC,True,0.7468989459753123,1.0214380229272098
SKCM,SKCM,True,0.9918133419365869,0.0535146437658344
LIHC,LIHC,True,0.5020566007045164,1.5691678054271778
BRCA,BRCA,True,0.001650124857632329,2.824064835941809
CESC,PAAD,False,0.11560222945249718,2.885498361124841
BRCA,OV,False,0.07367810447526657,2.233935092555539
COAD,UCEC,False,0.10097685330421266,2.018748486316943
KIPAN,LIHC,False,0.1282523007307118,2.770084662520634
THCA,PCPG,False,0.06818410412486908,1.761031757865783
GBMLGG,LGG,False,0.4457335609607684,0.8984095082943759
PRAD,OV,False,0.166826114033908,2.3408832043138825
GBMLGG,UCEC,False,0.08046841781470465,1.1871595096199348
STES,COAD,False,0.15114684569149447,2.164464380686707
GBMLGG,TGCT,False,0.08998929055804189,2.556134575807808
STES,COAD,False,0.7432309307751327,1.0856817828636833
PCPG,PCPG,True,0.09024337292334414,2.5552445419914878
SKCM,SARC,False,0.06758415533387283,2.635784566416681
THCA,THCA,True,0.2736880432654374,1.932017704700154
UCEC,UCEC,True,0.7606883419334127,0.6973702978353878
LGG,LGG,True,0.4193247445780337,0.9087101927521108
HNSC,BLCA,False,0.2809912793502865,1.0641833080479146
THCA,PCPG,False,0.016294927382490082,2.16602684501581
BLCA,HNSC,False,0.4873313843949168,1.4901461329551329
SKCM,SKCM,True,0.9881430537277069,0.058602050076906345
LIHC,STES,False,0.17979957453656736,2.496592713762944
KIPAN,KIPAN,True,0.02976062972730298,2.517914119986234
CESC,CESC,True,0.014243662171614102,2.880943937102242
THCA,PRAD,False,0.010880469541219934,2.682303670758845
CESC,SARC,False,0.044806658825219364,2.879030953261066
THCA,THCA,True,0.9339157203493066,0.3573021556690573
KIRC,KIRC,True,0.5775006111451968,0.5485253842516676
STES,LUAD,False,0.13257823722271947,2.0053546557846813
OV,LUSC,False,0.03875401722343769,2.610750643589085
TGCT,TGCT,True,0.3248836670429342,2.421650661436044
LGG,LGG,True,0.44175474523008723,1.0324503674089172
UCEC,UCEC,True,0.6029286200864938,1.4822589949381035
KIPAN,LIHC,False,0.004370018572749129,2.6508550476169024
COAD,COAD,True,0.7629471025625117,0.957792150225214
KIPAN,KIPAN,True,0.10069948384420974,1.7442949346553125
GBMLGG,LAML,False,0.12598313235731917,2.654616750778665
KIPAN,GBMLGG,False,0.08279061503459101,1.769158951639493
UCEC,BRCA,False,0.00420239624164101,2.699142795733533
STES,STES,True,0.7167275765718574,1.1117323441355376
LUSC,LUSC,True,0.31900198019237047,1.75901370150929
OV,OV,True,0.2713814775221403,2.346089984679755
PRAD,PRAD,True,0.02700878513107821,2.6555053041848273
UCEC,STES,False,0.4000698436659924,1.1039081380032552
BRCA,OV,False,0.037650436813837146,2.4773017204161416
GBMLGG,PRAD,False,0.008711517956490333,2.931438170841527
SKCM,SKCM,True,0.9165098955324607,0.3180285518970669
PCPG,SARC,False,0.017936258441919706,2.481567816925291
LIHC,LIHC,True,0.6900773429506369,1.271808116984555
COAD,COAD,True,0.5179763801619006,1.5257201983915842
BRCA,BRCA,True,0.49091206438425283,1.688519408681956
PRAD,LGG,False,0.2508428138384014,1.5987055565036237
CESC,CESC,True,0.2072319858866029,2.530554760844098
KIPAN,KIPAN,True,0.2868719694994819,2.419653288695838
BRCA,BLCA,False,0.15573924581816972,2.362395970553843
CESC,CESC,True,0.2813108783263507,1.9027376736161343
PCPG,SARC,False,0.00891374083531929,2.9764193597629545
LAML,THYM,False,0.3435385030404202,1.4990457161393547
BRCA,BRCA,True,0.4173567786995692,1.959245471360804
OV,BRCA,False,0.10516009055449904,2.364158106803513
LIHC,LIHC,True,0.14335355975181502,2.881555141219413
PAAD,STES,False,0.04132101467378686,2.8318153101546155
LUSC,LUSC,True,0.550221706457213,1.1834323119981118
BRCA,STES,False,0.31733857620813855,1.1104925279371451
SKCM,SKCM,True,0.9675800649842486,0.17055971056034205
BRCA,COAD,False,0.2012462360591405,2.4081691574586617
LUSC,LUSC,True,0.7480597570591545,0.7339189027548982
KIRC,KIRC,True,0.3969650699002351,1.2030581350524079
KIPAN,PRAD,False,0.018686592078544645,2.9367521107749597
COAD,COAD,True,0.3244266859638948,0.9809561604438659
CESC,HNSC,False,0.021132751514051307,2.488017676031245
GBMLGG,LGG,False,0.3107078608318348,0.9492561359115738
KIRC,KIRC,True,0.13900133250777574,2.4164574762934508
LAML,OV,False,0.07313054372655076,2.2540524787629255
SARC,BRCA,False,0.03661815938928348,2.8078712316170806
STES,STES,True,0.10676758286511767,2.5035398828921664
PCPG,SARC,False,0.0458165011029856,2.528613137867477
LGG,LGG,True,0.1681895547310659,1.3809252840441126
BRCA,PRAD,False,0.012638285083731576,2.3962923663133897
BRCA,BRCA,True,0.07166576168163089,2.1252841344728126
LUSC,LUSC,True,0.21650445696028592,2.155170821091992
KIRC,KIRC,True,0.0747076024188637,0.8854238073588893
KIPAN,KIPAN,True,0.32254522650229855,2.2200323683647114
GBMLGG,KIPAN,False,0.05161459843721514,2.6951630230887114
BLCA,BLCA,True,0.5924631389131931,1.188064515603263
LUAD,LUSC,False,0.4312537801891699,0.8181861371705978
OV,OV,True,0.26566598332132557,2.201739373749354
STES,PAAD,False,0.05443074163994929,2.7157612889770153
UCEC,UCEC,True,0.7951561438029272,0.8589416495293584
HNSC,HNSC,True,0.17542371691530828,2.4314809986751205
BRCA,PRAD,False,0.08597204111683776,2.6018266721072827
LIHC,KIPAN,False,0.1450112459680348,2.3801207875351458
CESC,CESC,True,0.10423980573269703,2.7556985787028667
LIHC,STES,False,0.05903743110751372,2.268010851483788
SKCM,SKCM,True,0.9996708708437568,0.0022570562045426913
COAD,THCA,False,0.18475700123883,2.279876607926467
SARC,SARC,True,0.01596763727632594,2.877708397114018
DLBC,STES,False,0.07532738468887569,2.632216306449343
LIHC,HNSC,False,0.04998213181342595,2.7580311115027327
BRCA,PCPG,False,0.0009183138288549053,2.1924839449513356
PRAD,KIPAN,False,0.05774436872256428,2.743849877883657
PAAD,PAAD,True,0.06328074959689883,2.4342709236482416
KIPAN,KIRC,False,0.13373583444682363,2.032018691277877
LUAD,LUAD,True,0.15354878570726632,1.9591026593134746
SARC,STES,False,0.1530467570924892,2.433660653109317
OV,KIRC,False,0.25425267533291873,2.2821843552534578
LGG,LGG,True,0.4660916992732159,0.6619005994665063
LAML,PCPG,False,0.23106348951564215,2.351367598424051
GBMLGG,LGG,False,0.3540847770918969,1.26811318104473
LIHC,GBMLGG,False,0.15212306426316496,2.6878058612437434
PAAD,TGCT,False,0.04596635662215176,2.6169654520420758
GBMLGG,GBMLGG,True,0.1766954764243031,2.0105595539119006
GBMLGG,LGG,False,0.37813138990026884,0.9000398954162944
KIPAN,KIRC,False,0.08289674316254417,2.5652310928843143
PRAD,PRAD,True,0.049738661242236595,2.872904463816763
LGG,GBMLGG,False,0.2865112283098028,2.5332915867308095
KIRC,KIRC,True,0.03188120316183718,2.796243762375637
PRAD,PRAD,True,0.05594987557707054,2.885011445248447
STES,TGCT,False,0.06245392403914038,2.8532836786731597
LGG,PRAD,False,0.003530166975810739,3.063599876797551
BRCA,BRCA,True,0.10201597493674158,2.4366924129193444
PRAD,PRAD,True,0.050207710891177273,2.99811652572215
PAAD,PAAD,True,0.10434174858338915,2.422955738531776
KIRC,THYM,False,0.24044692715068017,2.161297523576083
HNSC,HNSC,True,0.7295930461722235,0.807078218430247
PAAD,LIHC,False,0.10421617732046148,2.807968053179272
BRCA,HNSC,False,0.13663453762336053,2.449526293431399
SARC,PRAD,False,0.12705614417051803,2.6424648638570716
HNSC,LUSC,False,0.553666342903252,1.1624471056151109
OV,PRAD,False,0.07888897021851098,2.849983050770278
BRCA,THYM,False,0.009063557228629365,2.458241195298414
LUAD,LUSC,False,0.7559432685972701,0.3799023605302243
SKCM,SKCM,True,0.9135243050523789,0.44779430899418343
KIPAN,PCPG,False,0.05772942261599434,2.878042706405146
CESC,PRAD,False,0.12817536604829088,2.8317414986694
SKCM,SKCM,True,0.9597480098188709,0.17155661967337685
LUAD,LUAD,True,0.15968110361612547,1.9480738424806276
PRAD,SARC,False,0.0006169303924170866,3.021234309362094
HNSC,LUSC,False,0.19567745834160005,1.170462948586237
PRAD,THYM,False,0.05331410916360338,2.3731831460441666
THCA,THCA,True,0.8720888059142472,0.5940107110834677
SKCM,SKCM,True,0.9996277078943642,0.0025097915174646414
THYM,LAML,False,0.45583935416547827,1.5742118340174343
LGG,LGG,True,0.550420035271534,0.7945627193171327
GBMLGG,LGG,False,0.3945478187685664,1.015131599198742
BRCA,LUSC,False,0.06744216158348867,2.1591102459809965
THCA,THCA,True,0.8286633975866387,0.8096747247073686
STES,STES,True,0.49390167607910473,0.9916979054350302
HNSC,SARC,False,0.020688400504024484,2.544607738853684
STES,STES,True,0.16325609637723462,2.12556573204191
SARC,PRAD,False,0.05390439370778832,2.8638161931855763
LUAD,LIHC,False,0.03234499599157088,2.8642151043432276
OV,OV,True,0.44202840006266064,1.8964517449313996
PRAD,PRAD,True,0.20239217821535685,2.433298355252168
OV,LAML,False,0.0055454367179118,2.344180913800676
GBMLGG,GBMLGG,True,0.6302852516776194,0.8132479903434688
BRCA,BRCA,True,0.0575525930432258,2.693989952320941
LAML,LGG,False,0.008673518352867948,1.5444829190287719
LUSC,LUSC,True,0.8081813183327377,0.6866398705057113
STES,STES,True,0.5611079525287244,1.5443084157065818
LUSC,HNSC,False,0.050790441400048986,2.3040246736880396
LAML,LAML,True,0.9270470205032937,0.3521108855565874
HNSC,CESC,False,0.002409920283437672,2.390951456111738
ACC,ACC,True,0.9650220600488101,0.21677166625456204
SKCM,SKCM,True,0.9487505425497403,0.2354077457263857
HNSC,HNSC,True,0.1142220628349704,2.651364359431439
DLBC,LUAD,False,0.03958937573219948,2.7750296422369622
BRCA,BRCA,True,0.15483462848254737,2.1635965510581396
LGG,LGG,True,0.494798907441967,0.6816688039623424
BRCA,BRCA,True,0.09599507092416201,2.2403093283449813
STES,STES,True,0.8839429698847954,0.4134573546150663
THCA,THYM,False,0.26730954490983344,1.5672819392438864
SKCM,SKCM,True,0.9852007377804037,0.08682186187654876
PRAD,PRAD,True,0.06878939545652393,2.781992213072147
GBMLGG,CESC,False,0.01643870864320661,3.0180054079098313
CESC,PAAD,False,0.034395798143854045,2.841946460692531
KIRC,KIRC,True,0.6125178309981822,1.2595469071592544
GBMLGG,SARC,False,0.03238779752851283,3.0907832445057557
SKCM,SKCM,True,0.48020291663776615,1.8205848954016082
GBMLGG,GBMLGG,True,0.4265586319754643,1.104954215597697
STES,STES,True,0.8974323603827191,0.3358329380914788
COAD,COAD,True,0.8713172354599873,0.6119607603885622
BRCA,OV,False,0.021905884204388215,2.060371422350681
OV,GBMLGG,False,0.07550444813137261,2.62241952926862
SKCM,LIHC,False,0.06165126047891609,2.69153031985274
PCPG,SARC,False,0.005183226853386666,2.9407832727161884
STES,PAAD,False,0.04420444451653294,2.510899363322723
KIPAN,PRAD,False,0.014239802883640948,2.964597505690732
BRCA,PRAD,False,0.05684852159469388,2.956376153784367
BRCA,BRCA,True,0.11082509273899652,2.307387590825199
LAML,LAML,True,0.9660293607758614,0.18284912422653385
BRCA,OV,False,0.006076611264374185,3.022207350452527
BRCA,LAML,False,0.04771399809878901,2.6017263797659482
KIRC,KIPAN,False,0.1395581185955136,2.5945706601067227
BRCA,PRAD,False,0.0743224454849028,2.8970609996708565
LGG,LGG,True,0.06745475068685397,1.1020193382371393
KIPAN,LIHC,False,0.0681527841864775,2.685566449963391
LUSC,LUSC,True,0.10533672836387054,1.7965478758774687
COAD,PAAD,False,0.289687639326926,2.1581547469747098
OV,LUAD,False,0.14129513093365356,2.516111485405826
STES,CESC,False,0.06263614428424422,2.8469024399545244
LUSC,LUSC,True,0.13180092545905747,1.8827179128409384
KIPAN,TGCT,False,0.007349864059120276,2.78639028750958
GBMLGG,GBMLGG,True,0.43713945897344175,1.8740978324972897
PCPG,THYM,False,0.037572977382584305,2.197747505406562
BRCA,PCPG,False,0.02286471503413079,2.5506418426960535
KIRC,KIRC,True,0.0893805778855554,2.379456760401291
DLBC,STES,False,0.037436035622292585,2.691391988342706
THCA,PCPG,False,0.053135966171709514,1.7516794990669804
STES,STES,True,0.9313180606047078,0.2107390361763704
CESC,CESC,True,0.3987697129325075,1.7271791686807438
OV,PAAD,False,0.03316046402745723,2.5555362188811306
LIHC,LUSC,False,0.11204569194464128,2.09949326935194
BRCA,THYM,False,0.07027451986636932,2.1524112978589067
SARC,PAAD,False,0.022503077900025703,2.5402560138437478
OV,PAAD,False,0.04448187285720406,2.4072021621131565
OV,OV,True,0.27947570170747094,2.1462846815798873
COAD,PAAD,False,0.1579510040033063,2.4212614186884185
DLBC,HNSC,False,0.028796241051097404,2.7610513247332578
LIHC,LIHC,True,0.8900859327430997,0.4757443622016526
LUSC,LUSC,True,0.6524547991475844,0.8466517981198153
BRCA,BRCA,True,0.2987952889094622,2.2889379846897135
BRCA,BRCA,True,0.1813562748851227,2.377249607457901
STES,STES,True,0.6325566763728433,1.0320936660850664
BLCA,BLCA,True,0.8184442339055166,0.4469747804396224
UCEC,UCEC,True,0.08137096203183923,2.7681330305783285
BRCA,PRAD,False,0.029280750878360767,2.466303614850731
PRAD,PRAD,True,0.019714265405400666,2.804789711872102
LUAD,LUSC,False,0.3382618622201733,1.8009458215096668
BRCA,BRCA,True,0.8465793684468798,0.5918509740849369
GBMLGG,OV,False,0.09126859590717575,2.639203498448904
BRCA,OV,False,0.37530529115057154,2.029072671303167
BLCA,STES,False,0.07752842392250314,2.4890190132003607
BRCA,BRCA,True,0.763837756304848,1.0502401932311412
ACC,ACC,True,0.5063855155251634,1.8143214201752642
UCEC,UCEC,True,0.11259591846640443,1.7721672809914168
UCEC,UCEC,True,0.8440518696664456,0.623082596769837
PCPG,PRAD,False,0.05578696760387336,2.3551350209445725
OV,LUAD,False,0.0040814875435047915,2.6400107438943974
BLCA,BLCA,True,0.6457271704054788,0.9139546772231507
LAML,LAML,True,0.697712087539101,1.2154982810245087
GBMLGG,GBMLGG,True,0.5312261992539269,1.6309971233983267
LIHC,LIHC,True,0.023042807259327794,2.997946608740344
LAML,PCPG,False,0.021675556103256527,2.696344620266974
THCA,PCPG,False,0.060664258025209,2.5937131603424604
GBMLGG,GBMLGG,True,0.09676820828036944,2.303784190568294
STES,HNSC,False,0.00021360815073701023,2.774702212286361
KIPAN,KIPAN,True,0.17955471155373526,2.4370988520975403
KIPAN,KIPAN,True,0.6270915825789122,1.4217600906244656
BRCA,BRCA,True,0.07466889404986897,2.9735306392167455
PRAD,PRAD,True,0.015461549962047516,2.7982518973699384
BRCA,OV,False,0.09109082668509727,2.427542752579071
UCEC,UCEC,True,0.9629298286424012,0.12240972266225593
PCPG,THCA,False,0.6525677771168992,1.3014429370599687
CESC,HNSC,False,0.02725771095626367,2.164791163937889
BRCA,OV,False,2.6822090828937384e-07,2.8057311120027038
KIPAN,PRAD,False,0.022189058802572548,2.9500700779735833
STES,PRAD,False,0.023370565752366984,2.890637302882865
TGCT,STES,False,0.14405287053027066,1.1295033762110371
UCEC,UCEC,True,0.4585478889433575,2.028243105584007
BRCA,BRCA,True,0.09329861588784408,2.2354424185566555
GBMLGG,UCEC,False,0.2731124040635414,2.1859478914890373
BRCA,BRCA,True,0.34367456243589545,2.391998755035159
GBMLGG,KIPAN,False,0.05414775363775008,2.826682842355749
UCEC,CESC,False,0.13240292220194538,2.6907346756473713
CESC,BLCA,False,0.1138476803790694,1.6682749492788786
GBMLGG,LGG,False,0.2971308090202579,0.9950499249515457
SARC,PRAD,False,0.11721929419307991,2.8174695429850605
THCA,PCPG,False,0.038014724379339226,2.3293874809325534
SARC,SKCM,False,0.014822207225610992,2.922960419683769
KIPAN,TGCT,False,0.04739427952195999,2.5969114877501194
HNSC,HNSC,True,0.09316194312248594,2.0811983580239968
BRCA,BRCA,True,0.7742568837122814,1.0015563333747952
GBMLGG,GBMLGG,True,0.37321328256697467,1.630124857084381
SKCM,SKCM,True,0.6279922934500254,1.221686378984649
OV,CESC,False,0.03610480428802651,2.889381946455028
THCA,THCA,True,0.9136359763237478,0.4371075455817751
KIPAN,KIPAN,True,0.061262844429365526,1.0735547417927553
LUAD,LUAD,True,0.642291704670674,0.8508761087809062
BRCA,BRCA,True,0.7773090289359709,0.7540355753724597
LUAD,LUSC,False,0.2911988282110065,0.6968819754817208
UCEC,UCEC,True,0.5271509627404249,1.5915007399599534
SKCM,SKCM,True,0.9997875470287304,0.0014531342200763935
TGCT,TGCT,True,0.33646626034103605,2.356915031815811
COAD,COAD,True,0.3430448052599584,1.8802588573062569
ACC,LUAD,False,0.41066512982050607,0.6073639875954315
GBMLGG,BRCA,False,0.15340697050993468,2.5798119625228915
PCPG,LAML,False,0.0005021989484840228,2.3009769513384417
UCEC,UCEC,True,0.6779816209349547,1.0675289097093428
LUAD,CESC,False,0.0073756354283350395,2.7634050759844997
LUSC,LIHC,False,0.0491943784647314,2.9665976577809716
KIPAN,KIPAN,True,0.22001731687131054,2.229597705787898
GBMLGG,GBMLGG,True,0.0007384120840116526,2.007041183772826
KIPAN,KIRC,False,0.27303373847760415,1.5348423401490325
OV,OV,True,0.26130514342639144,2.169392629140848
LGG,GBMLGG,False,0.0168046505655432,2.2172997288755907
PRAD,PRAD,True,0.08868452877700714,2.407541622822147
OV,OV,True,0.2552846309851446,2.3351157831107767
STES,COAD,False,0.6102984407678704,0.6989726679972018
KIRC,KIRC,True,0.3814267344700579,1.2239954816069119
OV,OV,True,0.5080374301848998,1.8158144196128205
THCA,THYM,False,0.054634410005712564,2.3374986584858295
KIPAN,KIPAN,True,0.5054919335489707,0.6987699501907932
COAD,COAD,True,0.3530134733586661,0.8188769943188354
UCEC,SARC,False,0.1470893745798536,2.7441715477204207
PAAD,PAAD,True,0.2134105137273492,2.58462748247357
KIRC,KIRC,True,0.2081022686452056,1.1191595805423775
BRCA,BRCA,True,0.310115515572044,2.187965201328531
GBMLGG,GBMLGG,True,0.4680716694555802,1.790138308235272
SARC,SARC,True,0.050009612808375806,2.848303355759571
BRCA,GBMLGG,False,0.11157638109919996,2.715295156262631
BLCA,BLCA,True,0.03700137497413958,1.3173494380938968
PCPG,THYM,False,0.0913322428098654,2.170277978842151
DLBC,OV,False,0.020257734052336468,2.9035313944203742
COAD,COAD,True,0.4818338464109184,1.8369947923134606
LAML,LAML,True,0.7706288289048215,0.9949879701482311
SARC,SARC,True,0.17571186161308608,2.1529518957710967
CESC,CESC,True,0.007774159317395585,2.0482517756921217
LAML,LAML,True,0.8463294933759351,0.7591032351683165
COAD,COAD,True,0.5857982956445882,1.6857041504348038
BRCA,PRAD,False,0.04348944945522591,2.915026374163769
LGG,LGG,True,0.6272589899439694,0.5779228668059999
KIPAN,KIRC,False,0.27922152666759925,1.3878720470648402
THCA,KIPAN,False,0.02042089420743147,2.975232651913958
STES,STES,True,0.15740647337706706,1.37870486939172
THCA,THCA,True,0.5426033262941841,1.6873775275051874
BRCA,BRCA,True,0.3142641242250703,2.2159624178725377
SARC,OV,False,0.05971610495711005,2.753377469744861
HNSC,HNSC,True,0.32108085301229805,2.025033808086748
SKCM,SKCM,True,0.8477758900520189,0.560183648098089
KIPAN,KIRC,False,0.20197515290753584,1.9156022809758464
KIRC,BRCA,False,0.1696360991482475,2.517179973142381
THCA,PCPG,False,0.09056062991643293,1.9489616259240268
OV,BRCA,False,0.01937480314394191,2.462412504651122
KIPAN,KIPAN,True,0.1877748335813987,2.5049738732776223
OV,OV,True,0.03655804643053476,2.4987861430774347
PCPG,THYM,False,0.10979631932051037,1.8665240581659759
KIPAN,BRCA,False,0.14164249222500935,2.7816599318352875
HNSC,STES,False,0.0036383420646693143,2.5139852112391634
BRCA,PRAD,False,0.05115386586421283,2.3784575352385295
PAAD,PAAD,True,0.26420296545531446,2.0386541190069325
BRCA,BRCA,True,0.7114687446518985,1.1521733062567967
THCA,PAAD,False,0.008371830464130842,2.906006708208436
KIRC,KIRC,True,0.16478957923916826,0.7838279942867769
GBMLGG,LGG,False,0.06177145436717085,1.1163669367873135
BRCA,BRCA,True,0.757410160666657,0.9374000584932122
LAML,THYM,False,0.08748537060529907,1.93651857835038
LUSC,LUSC,True,0.17855254508787186,1.805123234852956
OV,THYM,False,0.00960356011064084,1.8714784978997738
PRAD,PRAD,True,0.12913675565284485,2.3368781831996928
KIRC,KIRC,True,0.0504089576751674,2.6686973288258273
PRAD,PRAD,True,0.026943848721920377,2.3826207002684665
LUSC,LUSC,True,0.22421876326351137,1.2538717181267525
PCPG,PCPG,True,0.0015742479727642866,2.5749826312561317
THCA,THCA,True,0.8420316704725747,0.7270527571624242
BLCA,BLCA,True,0.009798646141924106,1.7610808991449478
UCEC,UCEC,True,0.16440322255320652,2.4873952142717073
LUAD,SARC,False,0.0022886692084169435,2.8333607793822018
PRAD,PCPG,False,0.062212359323989636,2.422104878164086
COAD,STES,False,0.3225188702274872,1.8940097316036297
KIPAN,KIPAN,True,0.30701829747121423,2.164387774828414
LGG,LGG,True,0.484052960931613,0.757050377851766
STES,PAAD,False,0.01345148708550073,2.5310472785989284
KIPAN,KIRC,False,0.17558477386575178,1.1443584565452853
BRCA,BRCA,True,0.46415526349756625,1.6666781850918018
SARC,OV,False,0.23971200033896414,2.3146040428530363
OV,OV,True,0.12537924205111173,2.47013307648129
HNSC,LUSC,False,0.29032979749149546,1.260477310522314
PAAD,PAAD,True,0.006914228443998943,2.5868065021575046
PAAD,COAD,False,0.047961086741075576,2.1178677459262283
GBMLGG,LGG,False,0.0715345158043807,1.2753354378906074
LGG,LGG,True,0.48244853930986975,0.8329267237584116
STES,BRCA,False,0.24279260769914796,2.5210263401490827
BRCA,LGG,False,0.04847317632152298,1.329076782519636
COAD,COAD,True,0.7327459260338258,1.1457227590871981
UCEC,UCEC,True,0.37436566281343525,1.4464118494921434
COAD,COAD,True,0.13345481527180938,1.931221850832046
OV,OV,True,0.17939797048502037,2.432746349754287
STES,KIRC,False,0.008697486684868291,2.993253654836709
TGCT,TGCT,True,0.058360504338695246,2.619643020315209
SKCM,SKCM,True,0.9516199323282211,0.21677156463492375
KIPAN,BRCA,False,0.027756691544482126,2.7553307019719937
LGG,LGG,True,0.18978208463905893,1.3522066683222098
KIPAN,KIPAN,True,0.06516105039765857,2.868923069859659
SKCM,SKCM,True,0.9997440916975259,0.0021061480714447173
PCPG,PCPG,True,0.3148757158778729,1.948911352174504
GBMLGG,GBMLGG,True,0.3132242676089362,1.9354095758160135
LGG,LGG,True,0.3645256827884694,0.6626080708805054
BRCA,BRCA,True,0.7429845517715619,1.1907399841750423
SKCM,SARC,False,0.03097209697099515,2.6760380373073103
SKCM,GBMLGG,False,0.06851655156090086,2.02146737585888
KIPAN,PRAD,False,0.044976918009725225,2.561999100248621
KIPAN,PCPG,False,0.02912259128990205,2.755031532941065
LUSC,LUAD,False,0.20812399757566732,1.8703897429793375
KIPAN,KIPAN,True,0.1306986900628138,2.714384380096998
BRCA,LIHC,False,0.014988899293774782,3.057448711763458
PRAD,OV,False,0.01273474050404294,2.518151039270995
BRCA,OV,False,0.045430826857886464,2.616968649819903
OV,OV,True,0.1681318060218605,2.392931929508192
BLCA,BRCA,False,0.023749053146470536,2.9574903562760464
TGCT,KIPAN,False,0.08413453095831662,2.707598085172924
KIPAN,KIRC,False,0.043881362695499276,2.8975242237288614
THCA,THCA,True,0.9321130283503284,0.32035009526311203
THCA,PCPG,False,0.39247028279856516,1.4147956006885833
TGCT,TGCT,True,0.048897618614503036,2.9207551300649186
COAD,OV,False,0.02619098017123145,2.683877658933831
LAML,LAML,True,0.6386003925131393,0.6489106959167965
KIRC,KIRC,True,0.31901596234087704,1.023750055190276
SKCM,SKCM,True,0.6979537794680087,1.2145959150038728
GBMLGG,BRCA,False,0.2793778086594244,2.3954670513442466
LGG,LGG,True,0.44988086745864764,0.6504788612865072
BRCA,BRCA,True,0.9108250429243092,0.47899285053749785
SKCM,SKCM,True,0.9957852659090343,0.02241764847895875
BRCA,SARC,False,0.0730279709263445,2.910901640419151
STES,LIHC,False,0.4048696775845581,1.5032039346801147
BRCA,BRCA,True,0.12747952659621586,2.601603639328476
GBMLGG,LGG,False,0.10506081710950932,0.7707004374080942
LGG,LGG,True,0.11072221117034525,1.3824120657741938
SARC,SARC,True,0.073828583503461,2.8366728050442687
SKCM,SKCM,True,0.9999985397339795,1.5459380825776108e-05
COAD,COAD,True,0.7499380869884152,0.9573802568396568
GBMLGG,LGG,False,0.24072150077328397,0.9652339990950142
OV,OV,True,0.30311761286078504,2.337848681349121
LUAD,LIHC,False,0.06209183569611476,2.795429195859136
KIPAN,PRAD,False,0.01516045650980602,2.635388807426653
PCPG,PCPG,True,0.24595995184628244,2.5621724835441424
KIPAN,KIPAN,True,0.20131507187801062,1.1159911291853315
KIPAN,KIPAN,True,0.22231635662263033,1.9854846311307701
BRCA,PCPG,False,0.04224378618568447,2.8076069321102395
CESC,CESC,True,0.4993696894998022,1.213096186740388
GBMLGG,LGG,False,0.39069655759193095,0.9535503794767567
SKCM,PRAD,False,0.0004741102730807245,2.983318024234622
OV,STES,False,0.15393490879010543,2.0459318057335794
BRCA,BRCA,True,0.586409122748754,1.3656658963067156
LIHC,LIHC,True,0.09730459300011543,2.7800339414108186
HNSC,OV,False,0.33557786008392243,2.261858712266223
THCA,THYM,False,0.3405417435522259,1.4528012223984064
KIPAN,KIPAN,True,0.008164241660964758,2.925456733881724
PCPG,PCPG,True,0.093943274885287,2.4644771377444914
KIRC,KIRC,True,0.4225087795794593,1.261896836011301
BRCA,BRCA,True,0.056005376850567196,2.8083427419559204
PAAD,LIHC,False,0.07550966048722703,2.9019110716579792
COAD,COAD,True,0.5303205079867176,1.5198360851662989
LGG,LGG,True,0.07329502073222016,0.987828895717624
LUAD,LUSC,False,0.8445667899227425,0.3309224292924023
KIPAN,KIRC,False,0.027886119375532703,0.976218131897529
KIRC,KIRC,True,0.2581731976913279,2.4182804108669793
OV,SARC,False,0.0018940345912532436,2.8938741373684413
KIRC,KIPAN,False,0.01653260020699346,2.662107133447111
STES,STES,True,0.23442471251924968,1.3951074352996946
THCA,GBMLGG,False,0.0704641338471689,2.7334721590856934
OV,OV,True,0.10300192384389656,2.154598311635948
LAML,LAML,True,0.8579624459748318,0.6834958792444997
CESC,HNSC,False,0.02494668706891462,2.4843208624561384
PCPG,TGCT,False,0.008953659736321229,2.6801367285608872
STES,STES,True,0.9486278220890751,0.159874343953011
DLBC,DLBC,True,0.18131157941666826,2.7145964883784286
LGG,LGG,True,0.26924960707071555,1.056037160784448
GBMLGG,GBMLGG,True,0.280939399770902,2.046981451592097
OV,OV,True,0.16726660065423993,2.417908334891574
PRAD,PRAD,True,0.2611961484878917,2.5779040663595123
LAML,GBMLGG,False,0.03379297381013924,1.0664709225725866
KIPAN,KIRC,False,0.09068155701464148,2.101971228021442
THCA,THCA,True,0.9526827971774325,0.22602470571500152
UCEC,UCEC,True,0.17725484188719084,2.3968420484986535
LUAD,LIHC,False,0.003425538476080847,2.8206581879535326
THYM,PCPG,False,0.04196255070124183,2.460127038025074
HNSC,LUAD,False,0.21260263691976208,2.0905901124635107
LUAD,LUAD,True,0.12446979189400642,2.45174441353512
BRCA,THYM,False,0.05449953654967421,2.270281368492289
BRCA,PCPG,False,0.09302596104637503,2.541226518243352
LIHC,KIPAN,False,0.21593548906442156,2.0237579119400673
STES,STES,True,0.11993252051019382,2.2443109154514853
COAD,LUSC,False,0.575641196494711,1.1014028155568851
PAAD,COAD,False,0.024374462474010775,2.873814806174042
THYM,THYM,True,0.32428152138042404,1.586172391660965
PCPG,THCA,False,0.11025977148824109,2.2245186867986724
KIRC,GBMLGG,False,0.05568298938615156,2.8089783017589265
GBMLGG,GBMLGG,True,0.5595549923390357,1.7783134981718205
STES,HNSC,False,0.09293567121746661,2.618863879238451
SARC,PCPG,False,0.08392368569998644,2.4832181374203537
PRAD,PRAD,True,0.07690934089882684,2.8031225788700636
LGG,LGG,True,0.435263699234843,0.6332444437664114
LGG,LGG,True,0.43319226290499124,1.4570087200449235
BRCA,OV,False,0.3084782061289145,2.2020369264268123
SKCM,SKCM,True,0.9551446812408618,0.21603048405655645
OV,OV,True,0.3021389619684809,2.238255472201813
LGG,LGG,True,0.529065964904887,0.7564521089977175
COAD,COAD,True,0.5533938245743958,1.6686051545945173
GBMLGG,LGG,False,0.3450890342489935,0.6685315968364267
PAAD,STES,False,0.04315127469520019,2.802552172458897
LGG,LGG,True,0.5906400568452126,0.7285698773273598
SKCM,SKCM,True,0.9853670148241196,0.06457295614022789
LGG,GBMLGG,False,0.0052012207740047,1.4055057788040133
GBMLGG,PRAD,False,0.08553500091128047,2.984687119568193
STES,STES,True,0.08891479009149217,2.5795883131975326
BRCA,OV,False,0.18573713037419184,2.1271770270293353
STES,STES,True,0.24613236801903626,1.7735701320699215
BRCA,PRAD,False,0.046409484477082596,2.804356184896691
LIHC,LIHC,True,0.4691334014809135,1.993461862264092
KIPAN,KIPAN,True,0.11501813304435982,1.1405922719818344
GBMLGG,GBMLGG,True,0.010706872318841931,2.7277253669018067
UCEC,UCEC,True,0.10218844092812818,1.719059775472739
STES,HNSC,False,0.10859983479609234,2.510093667546164
HNSC,LUAD,False,0.01632653078124016,2.008078522241855
LUSC,LUAD,False,0.07296934755231549,2.478114710949883
BRCA,BRCA,True,0.5535597578397571,1.7168344165281701
GBMLGG,BRCA,False,0.0021102651661353278,2.9016063045503433
BRCA,CESC,False,0.016630888000718214,2.7808347868478474
PRAD,PRAD,True,0.018328913268849376,2.8796331221060614
THYM,THYM,True,0.32428152138042404,1.586172391660965
HNSC,HNSC,True,0.362230219727063,1.9537469366442946
THCA,PRAD,False,0.09850020363648965,2.302992056346703
SARC,LAML,False,0.09222964969211774,2.7989151571041004
BRCA,BRCA,True,0.1686471672985644,2.617252043722986
OV,PAAD,False,0.31529193298124725,2.0895322219518753
PRAD,SARC,False,0.02958071265934159,2.7865396086073733
LIHC,LGG,False,0.18197185361426735,1.8468233005561168
BRCA,HNSC,False,0.08089560545741542,2.4861890179933814
COAD,COAD,True,0.6496463241912186,1.2270991699010065
PRAD,PRAD,True,0.349212394925291,2.269433162754896
BRCA,BLCA,False,0.4497587900905444,1.4023094226750041
STES,STES,True,0.15525691190392057,1.9486235178154032
THCA,THCA,True,0.4239509633353674,2.154936559124046
BLCA,HNSC,False,0.13598613456969882,1.62446726168585
BRCA,LIHC,False,0.019847066835781024,2.7268215075388933
UCEC,OV,False,0.18347803074339736,2.5881957552439854
PRAD,PRAD,True,0.32579235989189337,2.40675425838022
STES,KIPAN,False,0.12341064980731259,2.6950015327130257
STES,TGCT,False,0.5820055773378933,1.725366403134324
THYM,THYM,True,0.26730954490983344,1.5672819392438864
CESC,SARC,False,0.013690381627007475,2.7799597758563044
GBMLGG,GBMLGG,True,0.2939202255227327,1.2176880440413675
COAD,COAD,True,0.3065880491705114,1.9879299951903726
BRCA,BRCA,True,0.28686451250851563,2.012657134415059
PRAD,OV,False,0.06675938496130365,2.629733525601184
THCA,SARC,False,0.008600770913507388,2.742001726899136
BRCA,OV,False,0.1520759359266711,2.61164464894636
GBMLGG,GBMLGG,True,0.5467981494529651,1.863203673128704
LIHC,LIHC,True,0.5438598491533789,1.5553248180581318
SKCM,SKCM,True,0.9942038860945184,0.024635514603886795
SARC,LAML,False,0.022365941513257714,2.203985003574255
STES,STES,True,0.06568118860786454,2.099785670301481
KIPAN,PCPG,False,0.18917685651896768,2.4111995485086744
SKCM,SKCM,True,0.982776179337063,0.08135718640897883
HNSC,PAAD,False,0.04016743697865291,2.589750916781251
LUSC,LUSC,True,0.631686575465618,0.576494111033472
BRCA,SARC,False,0.12690591642235172,2.387454463418994
KIRC,KIRC,True,0.14758462770429276,2.4266374483778717
BLCA,CESC,False,0.08269492022772096,2.892474232778513
COAD,COAD,True,0.04564100238255908,2.7495994161866113
PCPG,LAML,False,0.03660942320327218,2.24652910632711
COAD,COAD,True,0.14259359112672643,0.9484079989817114
BRCA,BRCA,True,0.4668567793480981,1.9695755839891922
OV,OV,True,0.19212008063833455,2.2079940210854345
GBMLGG,GBMLGG,True,0.47187734976857665,1.8068827919950254
GBMLGG,GBMLGG,True,0.33806623169174044,2.317304149155552
LIHC,LIHC,True,0.4176072706669455,1.8965393505343762
KIPAN,KIRC,False,0.0816597413361698,2.483993351452527
STES,STES,True,0.4790677818399013,1.643906641623127
PAAD,PAAD,True,0.13941543296109798,2.904692171273025
COAD,COAD,True,0.5648512679324458,1.495111917703862
BRCA,BRCA,True,0.12508159509650185,2.5643383175400434
LUSC,LUSC,True,0.6803917626280213,0.9051493209830817
GBMLGG,PAAD,False,0.23860246197982762,2.6200220545042545
SKCM,SKCM,True,0.9943888030658716,0.037664668744263684
BRCA,HNSC,False,0.1752346597550368,2.1915800849289733
OV,OV,True,0.45124015261046535,2.019462201357456
CESC,CESC,True,0.022143213904745412,2.753681196439917
THCA,THCA,True,0.8255794308399786,0.8449714740714576
OV,OV,True,0.16593742587204505,2.290358283870339
LUSC,DLBC,False,0.10769152435063667,2.8111527349834797
GBMLGG,PAAD,False,0.17613313231534228,2.350812886393635
OV,LIHC,False,0.02972036655860652,2.4708114636358007
SARC,SARC,True,0.06941848217489396,2.6158169357768704
OV,OV,True,0.15353402034242436,2.44665595209554
BRCA,BRCA,True,0.12093677379199139,2.4506960862528766
KIPAN,KIPAN,True,0.43664806243581217,0.8483369297222482
CESC,PRAD,False,0.0035003719350537726,2.9059279295211358
COAD,COAD,True,0.6482455178466644,1.123542169786149
BRCA,OV,False,0.4086913454077092,2.1468945293142587
THCA,THCA,True,0.7922667614036437,0.9112842757593821
KIRC,KIRC,True,0.43384656789083154,1.3010689829037112
LUSC,HNSC,False,0.06513643388134469,2.3608674191912113
BRCA,ACC,False,0.1548477212139521,2.3208280695748305
GBMLGG,GBMLGG,True,0.05999157325815613,0.840464746590425
HNSC,LUSC,False,0.08376964894243316,1.4258299504860428
KIRC,KIPAN,False,0.0018754006159152903,1.898730090421071
UCEC,UCEC,True,0.48635378282826536,1.6421997646187596
BRCA,BRCA,True,0.10999348931237213,2.9200636201307004
STES,STES,True,0.09183194700742076,2.251009409176328
LAML,LAML,True,0.7465867489161847,0.8913010962575596
GBMLGG,UCEC,False,0.005820572092504639,1.8826622496063337
THCA,PCPG,False,0.02666494197526012,2.6576727823886417
THCA,UCEC,False,0.3049704627196299,2.1177831337442834
BLCA,HNSC,False,0.3330994432354179,2.1317910103026043
LIHC,LUSC,False,0.05162188564904657,2.4197498479714468
BRCA,OV,False,0.3858023186707936,1.9571662056258354
GBMLGG,GBMLGG,True,0.558880318953168,0.9373549528583449
LIHC,LIHC,True,0.07726463046183943,2.7409473742697283
STES,STES,True,0.25125116404947906,1.8809005903210243
BLCA,CESC,False,0.14109317594919124,1.7536575425854228
TGCT,TGCT,True,0.7081945639469426,1.3294636651228293
BRCA,OV,False,0.04185603670601645,2.602303676664764
TGCT,TGCT,True,0.6295653114042654,1.5414987310178088
THCA,THYM,False,0.3405417435522259,1.4528012223984064
HNSC,LUSC,False,0.954436330792003,0.15433185615909328
PAAD,PAAD,True,0.15523073942433624,2.481338527395005
GBMLGG,GBMLGG,True,0.37132274508914764,2.175335573697014
LIHC,OV,False,0.1585801657771401,2.4513471409901126
COAD,COAD,True,0.7275894344242869,0.9224111619257895
STES,STES,True,0.3289808378941438,2.09946676571039
GBMLGG,LGG,False,0.12830411867419,0.7620745030430023
PRAD,SARC,False,0.027476326056564138,2.7234757776710286
STES,STES,True,0.46766449657510806,1.2151682050361445
BRCA,BRCA,True,0.39474323062035854,2.0114165068531924
ACC,STES,False,0.13005506537282374,1.5470367590175542
KIPAN,KIPAN,True,0.3647271294763261,0.8621451515513763
KIPAN,LIHC,False,0.013372257795544962,2.5524015780324167
LUSC,LUSC,True,0.09368540957082788,1.42228278122196
LUAD,LUAD,True,0.25266229935848117,1.3031312800629697
LGG,LGG,True,0.11032307289035254,0.7456989211186011
COAD,STES,False,0.14311453325708673,2.7123740322226286
BRCA,OV,False,0.1435466924922664,2.6480158494679737
LGG,LGG,True,0.5877251753648278,0.9614466653580316
THCA,THCA,True,0.7086301143230832,1.227199273784985
KIRC,KIRC,True,0.248497542982597,2.198704023665867
COAD,STES,False,0.17216226513665894,2.1179517723434698
THCA,THCA,True,0.9823451436447672,0.08834717381768954
OV,KIRC,False,0.06022653434249289,2.852210933458627
SKCM,PRAD,False,0.17834142066392905,2.4909002665358795
THYM,PRAD,False,0.05610404362634516,2.6993597451963556
SKCM,THCA,False,0.5849206586057922,1.3413386770445945
PCPG,PCPG,True,0.11326195030479763,2.4534807267793877
PCPG,THYM,False,0.054560694456456116,2.0318190476015623
TGCT,GBMLGG,False,0.19186024334694404,2.571786184461546
COAD,COAD,True,0.8484097448913551,0.6212067576028414
THYM,THYM,True,0.26730954490983344,1.5672819392438864
UCEC,UCEC,True,0.38257430563757877,1.8736136242302932
THCA,PRAD,False,0.02519078316942444,2.939705758648801
THCA,THCA,True,0.051722211159450165,2.1265322863292
PRAD,THYM,False,0.004573345282954638,2.3155671009386465
BRCA,OV,False,0.0034384730236031724,2.0808845654138293
KIRC,KIRC,True,0.5841633459547092,1.0095160363228577
LGG,LGG,True,0.3321640660148705,1.0622789660893062
PRAD,PRAD,True,0.03710089997747318,2.651919935635784
PAAD,GBMLGG,False,0.08417948050940828,2.9208579486747417
STES,LIHC,False,0.07849113011531433,2.63415726862282
LGG,LGG,True,0.3936386884133767,0.9172418686849214
KIPAN,KIPAN,True,0.6973867312972196,0.9946833037965696
HNSC,LUSC,False,0.10897789557434046,2.275184506996778
THCA,THCA,True,0.890646657602165,0.5355767816401009
PCPG,PCPG,True,0.19954965483650774,2.4057245147358555
BLCA,BLCA,True,0.26633302648685775,1.2225661715353051
GBMLGG,PRAD,False,0.04433051533901565,2.7100770559671075
COAD,COAD,True,0.08979858922719408,2.5428070124529745
BRCA,OV,False,0.034055722376130915,2.456435724968905
KIPAN,KIPAN,True,0.16322895998196238,2.1862330729738195
GBMLGG,LGG,False,0.1878129684419726,1.0326879163399605
PRAD,PRAD,True,0.08353588780532081,2.7611367781030567
PRAD,PCPG,False,0.1325071469474019,2.635783377157564
GBMLGG,GBMLGG,True,0.1696725257924473,0.8329485114767013
HNSC,HNSC,True,0.04929719901190546,2.581868426127169
BRCA,BRCA,True,0.6040939510098748,1.614208083041201
KIPAN,TGCT,False,0.12052358571937255,2.0639697406708546
OV,KIPAN,False,0.00821159050645083,2.968224481598985
CESC,CESC,True,0.12797974667227943,2.426784297689681
OV,OV,True,0.07646540266649657,2.5615485842426753
SKCM,SKCM,True,0.5378803201960719,1.517658952512214
LGG,GBMLGG,False,0.007303118298698841,1.1169886705280927
LUAD,LUSC,False,0.2755202216828965,0.7634705129503886
DLBC,UCEC,False,0.047279135642149916,2.438275986078766
HNSC,LUSC,False,0.12284657301777102,1.527036146139911
KIPAN,OV,False,0.05040880100982023,2.6334763987209087
BRCA,BRCA,True,0.2583896812806867,2.1846031634435783
SARC,SARC,True,0.00315168483885353,1.7962267775302339
HNSC,STES,False,0.0925820785208148,2.656127716808845
SARC,PAAD,False,0.04846973376166183,3.0089639090018814
KIRC,KIRC,True,0.40709500994978864,0.7734884911758022
LIHC,TGCT,False,0.2045333319705602,2.102307003575
THCA,THCA,True,0.9000147950501247,0.496403509890879
BRCA,BRCA,True,0.2339008886753206,1.9318549494666435
OV,OV,True,0.44421860502519384,1.9703777659741384
STES,HNSC,False,0.008736774157550198,2.584841488961461
PRAD,KIRC,False,0.12331122130036026,1.6840982942643485
SARC,LUSC,False,0.21547345500157478,1.3628568536787005
KIRC,KIRC,True,0.24036068644824743,1.488653983451217
LAML,LAML,True,0.08970872300774203,2.6078511849325117
KIRC,KIPAN,False,0.03851530053834351,2.547731344846747
GBMLGG,GBMLGG,True,0.2537020375321377,0.7981758056830424
COAD,STES,False,0.48339990832704327,1.1041772692694614
STES,STES,True,0.7283798318876094,0.9784672569152746
LUAD,OV,False,0.03622922188892405,2.277491837637617
UCEC,UCEC,True,0.8945905218580917,0.39419420471190375
COAD,COAD,True,0.2827924273378777,0.8152073221614062
LIHC,OV,False,0.0001099109722431657,2.582294801137863
CESC,KIPAN,False,0.034602579997436406,2.798011688239791
STES,STES,True,0.5647283725150205,1.6094973257037484
KIPAN,SARC,False,0.0057831929386213815,2.8392045931675653
BRCA,BRCA,True,0.5860914599118747,1.3874665840032157
KIPAN,SARC,False,0.0038730279553522012,2.846403263077835
HNSC,HNSC,True,0.04306244760204364,2.4359010122166342
LAML,THYM,False,0.07983083726506077,2.021899526634304
GBMLGG,UCEC,False,0.01361647099658829,2.722428820422648
PRAD,PCPG,False,0.08124136763016299,2.683854870371161
COAD,COAD,True,0.8452358132682314,0.7188696361931348
OV,OV,True,0.1651729786203318,2.3837307577505773
GBMLGG,LGG,False,0.36479001826217416,1.0061356025221964
CESC,BRCA,False,0.04477258009399576,2.9898822491700723
STES,STES,True,0.6749473825536891,1.147243356417477
KIRC,KIRC,True,0.10014863317082456,0.9893512660395882
STES,STES,True,0.11267680699965135,2.401374659769847
OV,LIHC,False,0.018489614341085203,2.5361742843898605
UCEC,HNSC,False,0.08471297905750116,1.84943248249703
STES,STES,True,0.7709905567787132,0.6080020154070783
STES,STES,True,0.11560410164408785,2.7164369635759504
SKCM,SKCM,True,0.9467294760049897,0.25830210257291625
SKCM,SKCM,True,0.7695277240299199,0.7204872916354441
GBMLGG,PCPG,False,0.027295267845507093,2.917013676129352
LAML,LAML,True,0.9934202417125705,0.04241943440213091
LIHC,LIHC,True,0.3527162446694485,1.70189214269661
LGG,GBMLGG,False,0.18117124711193072,2.6446384188519754
BRCA,HNSC,False,0.08247265125279044,2.1273565677080315
KIRC,PRAD,False,0.027381342633340744,2.6008498083053415
CESC,BLCA,False,0.7095894876121507,0.46496373315747014
THCA,THCA,True,0.973839825967924,0.13845916582409373
STES,STES,True,0.29340516419620166,1.6434117923234497
SARC,GBMLGG,False,0.0347376925287779,2.7684842803942837
SARC,SARC,True,0.27766878542458584,2.5851266897268372
BRCA,PAAD,False,0.06952278320877076,2.5918794425654474
THCA,THCA,True,0.9380907746644236,0.3389420866390964
LIHC,LIHC,True,0.13781576899839962,2.697936920787316
COAD,COAD,True,0.7452805803755475,0.7986212821966868
COAD,COAD,True,0.8638149899795663,0.4226338095901933
LGG,LGG,True,0.1767170924611992,0.9325687503229994
BRCA,BRCA,True,0.7530797619285766,1.049158495435458
SKCM,SKCM,True,0.9014958016011051,0.42768070873979736
BRCA,BRCA,True,0.15844973630329381,2.357471340048372
KIRC,PRAD,False,0.02221041921162227,2.774053652045952
LIHC,LIHC,True,0.10477286743106204,2.772391406993533
KIPAN,KIPAN,True,0.027485209137386446,2.764134179831892
KIPAN,KIRC,False,0.28927118643523336,1.2619841264815204
BRCA,PRAD,False,0.1628979959429105,2.425968881915553
KIRC,KIRC,True,0.043881362695499276,2.8975242237288614
LGG,LGG,True,0.11906398449963784,1.0243253185479226
TGCT,TGCT,True,0.09676402895101277,2.6804879496785583
PRAD,SARC,False,0.016195103993684262,2.8763254204875186
KIPAN,LIHC,False,0.06039110672384494,2.907935033605275
GBMLGG,GBMLGG,True,0.09758347156217756,1.4261858507194076
LIHC,COAD,False,0.38339355415865506,1.8644725646726095
KIPAN,PCPG,False,0.019511035888882727,2.780657156335047
PRAD,PRAD,True,0.050338788179813354,2.7097143370412766
KIPAN,PRAD,False,0.09062796562093645,2.6291615595682845
LUAD,PRAD,False,0.048035718125943885,2.810733693979881
THYM,GBMLGG,False,0.14533680256605838,2.604990375531994
STES,STES,True,0.0901999859624028,2.494330626560822
STES,STES,True,0.6258814316492952,0.9790508232801759
BRCA,LUAD,False,0.013260185683803383,2.4211004793505633
KIRC,KIRC,True,0.27922152666759925,1.3878720470648402
GBMLGG,LGG,False,0.10611817206703522,1.542487235984624
LUAD,LUSC,False,0.4859354313522226,0.9407444008934049
KIRC,KIRC,True,0.05914911840714804,2.668545667084759
BRCA,SARC,False,0.017205685597451573,2.9494904365247048
COAD,COAD,True,0.49451986609737913,1.8747849998842003
LAML,LAML,True,0.9852052016586094,0.08078604436572362
COAD,COAD,True,0.48590864986305704,1.7106878890855015
THYM,THYM,True,0.0023433266935376507,2.556737062076176
GBMLGG,GBMLGG,True,0.7044896864404459,1.0653793491179713
PRAD,PCPG,False,0.11544882095058356,2.4568342914751935
PRAD,THYM,False,0.011450187216244356,2.5161110967466143
LUAD,LUAD,True,0.16360041856664997,1.7083759080334553
STES,HNSC,False,0.011418997932850034,2.2250776001575674
KIRC,KIRC,True,0.7654013167432139,0.7343993998491546
KIRC,KIPAN,False,0.1604031867803265,1.015244374909436
GBMLGG,GBMLGG,True,0.2282332075376245,1.1589882008686323
SKCM,SKCM,True,0.9874081701967795,0.05692886753691718
BRCA,BRCA,True,0.27702751417164173,2.5499885845210555
BRCA,LUSC,False,0.20330909539793393,1.5490075101965277
KIRC,KIRC,True,0.02687603230864455,2.4680249182711127
STES,STES,True,0.7454994552959278,0.8410579890527556
GBMLGG,LGG,False,0.2916443406634564,0.7053791374644292
KIRC,KIRC,True,0.08879962534569327,2.6330839798823544
PCPG,KIRC,False,0.06473868851678057,2.840398857041687
UCEC,UCEC,True,0.9547733317725093,0.21884533334677306
SARC,SARC,True,0.010111212739824516,2.873840646155048
BRCA,BRCA,True,0.679883486935669,1.2956581972909818
OV,OV,True,0.13564565513062155,2.6054098493881814
KIPAN,LIHC,False,0.040131789235163945,2.68777653509544
PRAD,PCPG,False,0.13969325411240066,2.6230557014149865
BRCA,BRCA,True,0.23456342829712215,2.089549967182346
LIHC,LIHC,True,0.20097283018915463,2.606826372760959
PRAD,PRAD,True,0.44733651412047704,1.651865706588323
PAAD,OV,False,0.04360420882620511,2.542909510856598
HNSC,LUSC,False,0.29845538968041063,1.2438201121560015
HNSC,COAD,False,0.24026594235555823,1.8456182141531703
LUAD,LUSC,False,0.5182904304658515,0.9238647042828071
OV,TGCT,False,0.01743984822915262,3.0537899397066766
STES,HNSC,False,0.03093981795693801,2.542610863350864
THCA,THYM,False,0.0694274126870554,2.046512118366432
HNSC,OV,False,0.032458633139088755,2.3458525781482695
CESC,CESC,True,0.26650373338149014,1.6566348781550206
COAD,COAD,True,0.698594279748422,1.3471679705530264
BRCA,OV,False,0.09842814254731067,2.3429314238025003
LAML,THYM,False,0.36993326410251937,1.4812800756806102
STES,STES,True,0.9252290323199176,0.29491713656945434
PRAD,PCPG,False,0.06086624891033468,2.4519871428416704
ACC,STES,False,0.22924357895142594,1.2120183182001478
OV,OV,True,0.11119145372418734,2.642295852013742
STES,STES,True,0.08162769297791,0.800066336595734
LAML,THYM,False,0.3435385030404202,1.4990457161393547
PRAD,PRAD,True,0.06394185043201486,2.766857159228941
UCEC,LUSC,False,0.6286571915730375,0.6896559148145134
BRCA,LUSC,False,0.05395216121037458,2.2869251979397816
OV,STES,False,0.018756851234567662,2.4970955481815404
STES,STES,True,0.2643222508843264,1.0050596506477008
UCEC,UCEC,True,0.25523951797863365,1.387206046375792
GBMLGG,GBMLGG,True,0.04592649410622546,2.7500871379029164
BRCA,BRCA,True,0.86725125259767,0.618162528157211
STES,STES,True,0.5191277244388839,1.4093074123092793
STES,STES,True,0.17939524233574947,2.2977205012072908
COAD,COAD,True,0.840916338370956,0.6711292439482563
BRCA,SARC,False,0.017070219922274213,2.9956510068789703
KIPAN,KIPAN,True,0.4359475812820279,0.6279290843728345
BRCA,BRCA,True,0.12481722823806798,2.6141432172023027
SKCM,SKCM,True,0.9963242660768609,0.024650405717891444
GBMLGG,GBMLGG,True,0.07365744630316412,1.3869675260390575
BRCA,THYM,False,0.029871252575182056,1.9584053819346643
LIHC,SARC,False,0.2052093780769947,2.6107443726159016
HNSC,STES,False,0.4950196682070675,1.6492720490594717
GBMLGG,GBMLGG,True,0.08830627351234888,0.7859262035838847
BRCA,BRCA,True,0.5545239828564698,1.5873423196604357
OV,PRAD,False,0.0003657936716007365,2.940172091609333
PRAD,PCPG,False,0.02723640026231905,2.6525524949180164
BRCA,OV,False,0.40021750410535584,2.103890881848219
TGCT,TGCT,True,0.15021654799110773,2.570734920130116
OV,OV,True,0.04579873111129823,2.724980042959002
THCA,THYM,False,0.36993326410251937,1.4812800756806102
LIHC,LIHC,True,0.4864553906929956,1.9162010462422334
OV,OV,True,0.06726546906570882,2.2371914222563576
PAAD,LUSC,False,0.3148822267566961,0.9849368040369094
KIRC,KIRC,True,0.4431266806850265,1.2758562896843075
GBMLGG,GBMLGG,True,0.009094686406288965,0.7802874195542492
ACC,ACC,True,0.14334497718399958,2.4637103014925636
PCPG,PRAD,False,0.009309113779936831,2.9807855770720724
BRCA,BRCA,True,0.23617246081659854,1.998287500781858
BRCA,HNSC,False,0.05896395497853871,2.4953131330725795
LUSC,HNSC,False,0.15500837384240454,2.1290661689563164
PCPG,PCPG,True,0.6892593074248841,1.0761629676028683
BRCA,BRCA,True,0.008030429495080704,2.538419414397166
KIRC,KIRC,True,0.3115793139526684,1.3783801785783683
LUSC,LUSC,True,0.06251737693157855,1.798719646210512
THCA,PCPG,False,0.04208113288909113,2.2235487254592887
LUAD,PRAD,False,0.12289473655878713,2.844081985719413
GBMLGG,GBMLGG,True,0.07722170623989644,2.645534749403545
STES,STES,True,0.29148483912550593,1.9182243880570893
KIRC,KIRC,True,0.18483271815349922,2.4155979261437883
OV,OV,True,0.277160033390047,2.174976040836708
OV,KIPAN,False,0.1284431938440272,2.501961549989128
BRCA,THYM,False,0.26730954490983344,1.5672819392438864
LUSC,LUSC,True,0.5339253808198406,1.255541532156823
ACC,ACC,True,0.9012517028501037,0.45544726389738716
COAD,UCEC,False,0.3129295085531807,1.806010186598729
PRAD,PRAD,True,0.007406681484605854,2.853524423853951
BRCA,HNSC,False,0.007580354293516445,2.366999331162584
HNSC,CESC,False,0.005604564771480719,2.615508759500258
HNSC,GBMLGG,False,0.030847728029759713,2.8850792668448766
HNSC,CESC,False,0.010789514239829656,1.9375239779263038
CESC,BRCA,False,0.12767068928771505,2.532492551917315
COAD,STES,False,0.7434038145215722,0.705043703041514
KIPAN,KIPAN,True,0.5585895166457326,1.5804118074190754
HNSC,HNSC,True,0.11436257808016338,2.5244289909035893
BRCA,BRCA,True,0.7168835618593874,1.1864641117294115
BRCA,BRCA,True,0.38704822912737685,2.2118590764761166
BRCA,GBMLGG,False,0.004983291497516085,2.5835941637553503
KIPAN,PCPG,False,0.1773718349722999,2.5489043318751583
KIRC,KIRC,True,0.37135901087204787,0.9432129483283805
THCA,THCA,True,0.9068838430968978,0.428661780555137
BRCA,KIPAN,False,0.39136868366789257,1.849451550278685
SKCM,SKCM,True,0.7180179152610211,0.6812657397109894
KIPAN,OV,False,0.20371565099031436,2.5323804783586374
KIPAN,PRAD,False,0.005670279781974319,2.6455975679027284
BRCA,BRCA,True,0.11665360585083187,2.296741477381325
BRCA,BRCA,True,0.4631163281464683,1.6928738168518447
CESC,CESC,True,0.214412611795484,2.472165068088923
LIHC,LIHC,True,0.6052268472144609,1.4534356753075253
THCA,PCPG,False,0.025050038641770023,2.815236692285062
KIPAN,KIPAN,True,0.06457718966429166,2.0055692304594412
BLCA,STES,False,0.04851032113125918,2.653461095580742
THYM,PCPG,False,0.07725722158434187,2.262531499062527
SKCM,SKCM,True,0.9719806924026504,0.1365372650418897
COAD,COAD,True,0.6305464239545168,1.2706862064548676
ACC,LUAD,False,0.5754829654432774,1.1958865428950014
BRCA,BRCA,True,0.1715704470615191,2.1174786036323336
OV,STES,False,0.018284276615257777,2.5195339304341386
BRCA,BRCA,True,0.2190511963764393,1.6602717338368498
STES,LIHC,False,0.028881972669031822,2.865616712237522
OV,OV,True,0.1478962186942411,2.3473482786632536
ACC,ACC,True,0.9501674669021518,0.2586383237573307
TGCT,TGCT,True,0.3040078831317684,2.439031632716098
SARC,TGCT,False,0.00048130006113551727,2.9334796612237595
SKCM,SKCM,True,0.862814794121342,0.5697112007053481
KIRC,KIRC,True,0.2169379304383977,1.8487851917442288
PAAD,PAAD,True,0.47052836511767393,1.6934719399883018
PRAD,SARC,False,0.0005473122013437415,3.0049083712899876
KIRC,KIRC,True,0.26645728633257,1.0298854540745281
TGCT,TGCT,True,0.5327826332220122,1.8798933163612848
KIPAN,LIHC,False,0.1453064192635666,2.4177008917645852
PCPG,PCPG,True,0.058670298381777675,2.676963622205495
TGCT,TGCT,True,0.2035214545136277,2.6773330707914527
DLBC,DLBC,True,0.020078315400615165,2.8443228928016278
BRCA,OV,False,0.041328772889257626,2.4264915516651597
LAML,LAML,True,0.17016296201550873,2.343597986974233
CESC,CESC,True,0.056935245257215814,2.849957288243335
SKCM,KIRC,False,0.018684745282989162,2.6968132810868073
KIPAN,KIRC,False,0.08789567198476778,0.8046850690598185
BRCA,HNSC,False,0.03549493931094161,2.634130747734201
BLCA,LUSC,False,0.050181217273416345,1.9460880083685042
BLCA,LUAD,False,0.09134556189328241,2.477642915879399
GBMLGG,LGG,False,0.08079204505186904,0.9081454453490794
PRAD,PRAD,True,0.28939862841912284,2.3399212620266496
PRAD,PRAD,True,0.042520697093564694,2.999028005820159
UCEC,UCEC,True,0.9651605272667114,0.1962080812275573
GBMLGG,LIHC,False,0.046665760712003124,2.7424071537457264
KIPAN,KIPAN,True,0.5356481825559983,0.7795351027743112
CESC,CESC,True,0.257845345493528,2.520589510574741
PCPG,PCPG,True,0.06704091873859999,2.4787388121485576
SKCM,PCPG,False,0.14475477254081645,2.536155677762483
BLCA,HNSC,False,0.20368976498410946,2.2151536878188445
BRCA,OV,False,0.03289999063474536,2.387450640661389
ACC,ACC,True,0.8279676797124038,0.7673208317703163
PRAD,PCPG,False,0.0024500637935641056,2.713009094752649
LUAD,PRAD,False,0.07072464996597883,2.8145049489970377
KIRC,TGCT,False,0.03583317806518213,2.812602194629759
SKCM,SKCM,True,0.9992372998797137,0.004305538825933427
PCPG,PCPG,True,0.09473273505190485,2.2518183755351107
STES,BRCA,False,0.1648622651434995,2.744717132162846
LAML,THYM,False,0.03448115202505969,2.551547000879816
PRAD,KIPAN,False,0.10322290441427089,2.7777162287433628
GBMLGG,LGG,False,0.33362247998486366,0.8561854409757245
HNSC,CESC,False,0.11159210506613415,2.7851761313632672
LIHC,PAAD,False,0.05936873299870468,2.5259057420249116
OV,OV,True,0.4172755875174631,2.1226337756129707
HNSC,HNSC,True,0.5977057794002323,1.3073448612500815
KIRC,BRCA,False,0.052427503403782216,2.949571149144676
SKCM,THCA,False,0.8067289712572814,0.8998124692949772
KIPAN,PRAD,False,0.0071318894608104755,2.69503713510148
BRCA,STES,False,0.011934638249652907,2.060220426352389
KIPAN,KIPAN,True,0.033490389061107156,2.5268838577076846
THCA,THCA,True,0.7932968302499932,0.8960061254528802
HNSC,CESC,False,0.06175816095796344,2.0484235368222565
LGG,LGG,True,0.3620612801417425,0.8220972722608657
KIPAN,KIPAN,True,0.38314102635406944,2.1211937224013497
HNSC,PAAD,False,0.14488193011571232,2.4218576710788007
BRCA,BRCA,True,0.8269092035865703,0.7097328254481242
LGG,LGG,True,0.1968701639895043,1.1495999962498533
HNSC,HNSC,True,0.16453972572313572,2.2962612855506555
BRCA,BLCA,False,0.7970386654532065,0.6246217654729134
KIRC,KIPAN,False,0.1764847717634508,1.1581487378210689
SKCM,SKCM,True,0.9794322758419175,0.11468452770406544
CESC,LUSC,False,0.8184632833936931,0.6078585489667235
KIRC,KIRC,True,0.1867782835731741,2.3324562228118784
THCA,PRAD,False,0.11332092989256909,2.5847287288678165
PRAD,PAAD,False,0.040788815118741134,2.5529261968844095
KIPAN,KIPAN,True,0.6423995826151724,0.7609003137844333
HNSC,KIPAN,False,0.0041136891348984295,2.6520842022313302
STES,STES,True,0.03763283623992707,2.785928518411063
HNSC,BRCA,False,0.024731831528825993,2.517258914011673
BRCA,BRCA,True,0.5732343024618365,1.6014235770026422
BRCA,BRCA,True,0.7083172599764473,1.0732178211160737
LGG,LGG,True,0.4340051193677924,0.9394709634194347
THCA,THCA,True,0.8633617310845474,0.7085932424295355
HNSC,PAAD,False,0.13030713805338204,2.3229191292441085
GBMLGG,GBMLGG,True,0.5145126460617716,1.770635176976436
PRAD,PRAD,True,0.07678073686648798,2.5922790176915824
STES,STES,True,0.9166513747001275,0.23924987024216282
PRAD,PRAD,True,0.013784975747444653,2.8264141329406303
OV,OV,True,0.3418427418176223,2.2483039458215788
GBMLGG,GBMLGG,True,0.0435072753950943,0.8692782053447504
KIRC,KIRC,True,0.4329062347642276,1.4460088171763574
KIPAN,KIRC,False,0.23624917307035878,2.0817634951279893
KIPAN,KIPAN,True,0.023619053931174583,1.2865675074650804
BRCA,BRCA,True,0.02899645122752252,2.9491459250569494
KIPAN,KIPAN,True,0.1604031867803265,1.015244374909436
LGG,LGG,True,0.30057469044196433,0.7040080702427222
PCPG,PCPG,True,0.08578073697900204,2.7126355974063387
STES,COAD,False,0.6516586648844191,1.0493311837942254
LAML,LAML,True,0.052010891952560645,1.9304943202676246
KIRC,KIRC,True,0.29696376047942724,1.148504139801301
HNSC,KIPAN,False,0.07081210858910443,2.790953577644058
BRCA,BRCA,True,0.11909669258307751,2.3604210754529795
BRCA,BRCA,True,0.11420166424326189,2.3171161212663063
GBMLGG,PAAD,False,0.04112089688800946,2.5433265433882815
LUSC,LUAD,False,0.15132182836478397,1.4549635240850427
KIRC,LIHC,False,0.008317529794494627,2.601996859506612
PAAD,STES,False,0.05744689612996323,1.7260944558599387
HNSC,HNSC,True,0.6692584592352784,1.1786038913223476
PRAD,PRAD,True,0.10590404052934105,2.618404099085296
PRAD,PCPG,False,0.008882074922725441,2.3040857465730387
THCA,THCA,True,0.7327322558861349,1.1368140993905844
GBMLGG,GBMLGG,True,0.22925038212233528,2.4774310656511354
BRCA,BRCA,True,0.5278769246114132,1.7495177677809943
PRAD,PRAD,True,0.13320474294821066,2.3499893288419647
OV,TGCT,False,0.02057698404299571,2.6892200613643262
KIRC,KIRC,True,0.6389637077443431,0.9176537938372296
GBMLGG,GBMLGG,True,0.05549734358939562,1.1340878735298103
OV,OV,True,0.149805941057716,2.3900119986355346
COAD,COAD,True,0.6151937837621494,1.3933445718385373
OV,LAML,False,0.26864880575986483,1.886125160101655
TGCT,TGCT,True,0.02467946012561059,2.913162661030901
PRAD,PRAD,True,0.08049458356201353,2.717521410606705
THCA,THCA,True,0.9597489405398101,0.20968648938996523
PRAD,PRAD,True,0.03127796889696327,2.8286524844273364
THCA,LAML,False,0.08875197886226706,2.814707662843167
OV,PAAD,False,0.0954031332457386,2.4791521393081837
STES,COAD,False,0.3687545439047201,0.6632255240960295
PRAD,PRAD,True,0.07385574576984819,2.7333926511261457
BRCA,OV,False,0.14157280886357715,2.486377377060505
PAAD,PAAD,True,0.10026717470786424,3.0547636862365617
THCA,PCPG,False,0.06832929298198351,2.427770992055023
STES,OV,False,0.25731496544458615,2.1301291782120972
GBMLGG,GBMLGG,True,0.4043907660186151,1.8849403253217623
PCPG,SARC,False,0.03942914370002604,2.75312773113729
KIPAN,KIPAN,True,0.07080580834865222,2.3837781532337377
LIHC,STES,False,0.0061838924913592275,2.537069788923055
STES,LUSC,False,0.022229105892783846,2.2399512520551497
KIPAN,KIPAN,True,0.20656157187981805,0.8682081500499246
KIPAN,LIHC,False,0.024182409031189234,2.7034658586177867
STES,LUSC,False,0.0026565120066377734,2.9207585132184426
THCA,PRAD,False,0.003847434845340253,2.5501862468002887
HNSC,HNSC,True,0.028252453180788506,1.9890029267366474
HNSC,UCEC,False,0.006364792862862234,2.720591783820161
KIPAN,PRAD,False,0.06613689421045159,2.639318698294526
PCPG,PCPG,True,0.0002810210167845384,2.7410943158105097
BRCA,OV,False,0.450648620195458,1.9162606113288068
THCA,PCPG,False,0.09962023914828286,2.18525394745571
CESC,CESC,True,0.5475922534258331,1.176122481464532
KIPAN,PCPG,False,0.009448028854518384,3.0219910241992967
UCEC,CESC,False,0.13499344045784617,1.5569879774276225
KIPAN,KIPAN,True,0.04231739538368268,1.0772148793285174
KIPAN,COAD,False,0.23931206673639988,1.7843705574828905
KIRC,KIRC,True,0.2780580999268519,0.8973432398981651
GBMLGG,GBMLGG,True,0.6853422338983434,1.3368545647533505
OV,OV,True,0.38647668281407216,2.1225808199603575
KIPAN,TGCT,False,0.021768912581764083,2.580529987540195
LUAD,LUAD,True,0.8429205322973451,0.34782327224867593
LIHC,LIHC,True,0.6717299017523862,1.025377896299788
LUAD,LUAD,True,0.14697338882235877,1.4239656754550232
GBMLGG,GBMLGG,True,0.32703659396427265,2.286262977849418
TGCT,TGCT,True,0.4594369627699492,1.8603198712048132
LGG,LGG,True,0.486474527487909,0.620615160257853
PCPG,PRAD,False,0.047456277239639744,2.449150364975727
SARC,THYM,False,0.053301185101122084,2.483471437318372
THYM,PCPG,False,0.1423584040470841,2.3951021326342214
SARC,LIHC,False,0.03625569965822266,2.969743854155138
KIRC,KIRC,True,0.09834698943444801,2.7267832504719385
BRCA,SARC,False,0.3044178112194043,2.2899736520135274
KIPAN,KIPAN,True,0.1899929706935152,2.253611805610903
THCA,THCA,True,0.8300342235917666,0.7409851547101869
GBMLGG,GBMLGG,True,0.28599124208397914,1.3338532924073396
LUSC,LUAD,False,0.06313896799769728,2.3920506306793
COAD,STES,False,0.4189815376604507,0.8387783431809666
THYM,PRAD,False,0.03565076020514818,2.5868466184784964
UCEC,UCEC,True,0.003352120518099022,2.4589178520271613
KIPAN,KIRC,False,0.3567702279234809,0.8394451195277371
OV,BRCA,False,0.052712300058810876,2.7589086312454776
TGCT,TGCT,True,0.21636822658502886,2.5042518168444987
PAAD,HNSC,False,0.07329297220225081,2.273536276482438
STES,STES,True,0.4058440418451107,1.471400916241247
HNSC,GBMLGG,False,0.13500439077901966,1.927268676172986
LUSC,LUSC,True,0.8441574535811285,0.5562187293621089
KIPAN,TGCT,False,0.05213227729707033,2.9743534005416445
GBMLGG,LGG,False,0.486474527487909,0.620615160257853
PRAD,PRAD,True,0.07195994271330525,2.28291924167368
BRCA,BRCA,True,0.0725504042630406,2.544481821095542
PRAD,PRAD,True,0.045894667356618374,2.9853596816125165
PAAD,PAAD,True,0.4937759724095889,1.6815573174660572
HNSC,HNSC,True,0.14577997247238328,2.611121973697655
TGCT,ACC,False,0.04760788099551533,2.6987327167353503
PAAD,SARC,False,0.05990365412591357,2.9762108175151143
LUAD,LUSC,False,0.8804235106635184,0.26685922718486554
BRCA,BRCA,True,0.7603314169682917,1.0486221494185275
BRCA,KIPAN,False,0.0003439038863413679,2.855406865225055
PCPG,LAML,False,0.0018480868579508758,2.1239783758466846
UCEC,GBMLGG,False,0.34667861110518694,1.9888632675733948
KIPAN,PCPG,False,0.06885560334034938,2.528480231296876
KIPAN,KIRC,False,0.15943853678809694,1.2732729830413962
COAD,SARC,False,0.0066948977131325305,3.0498534658333822
GBMLGG,PRAD,False,0.0049117952196390535,2.683721743745996
COAD,COAD,True,0.6909423079851134,1.0384695707503957
PCPG,PCPG,True,0.1022073599464029,2.350041946498832
KIRC,KIPAN,False,0.003254055724193461,1.634220851121925
LUAD,CESC,False,0.06047226480681353,1.9438914383314976
COAD,STES,False,0.7196775406464072,0.8070083202849297
THCA,THCA,True,0.9803538461830582,0.09948095131122593
OV,PRAD,False,0.015318885578008756,2.170884992472434
BRCA,BRCA,True,0.444668830114032,1.988255489009925
OV,OV,True,0.04491113409523467,2.467420346292779
STES,STES,True,0.25565626535946384,1.7538324718974894
GBMLGG,GBMLGG,True,0.08252350660256227,2.677887584241924
STES,HNSC,False,0.13647479602842547,1.974688641255449
OV,OV,True,0.09428653779578425,2.517893724244964
OV,OV,True,0.1435474280301428,2.6361428375560365
TGCT,PAAD,False,0.00766758662513814,2.5768693892445036
OV,OV,True,0.33918803885379134,2.2774352429524907
COAD,COAD,True,0.9899846452132673,0.05439068412279394
CESC,BLCA,False,0.08508360389061997,1.4420482352998811
LGG,LGG,True,0.41508418156895033,0.6816195230495138
LUAD,CESC,False,0.02279171247323189,2.8697051931351676
BRCA,BRCA,True,0.8429036248418706,0.6959538330403036
THYM,THYM,True,0.03340351664985697,2.5095372648758736
HNSC,HNSC,True,0.06719866660879303,1.8862193630047603
OV,OV,True,0.18312745951686388,2.282790556908254
SARC,LIHC,False,0.06000383490249549,2.859097628296615
STES,STES,True,0.05920288267052455,2.7196074580407443
PRAD,UCEC,False,0.009319558765158248,2.675446624124742
COAD,COAD,True,0.8378294439298923,0.7005146933619515
PAAD,OV,False,0.1358945570543254,2.2897613946789104
CESC,GBMLGG,False,0.10906486265653716,2.6535649185856585
STES,STES,True,0.6831773881651646,0.46849599445871515
BRCA,PCPG,False,0.09516992936783872,2.5944199543041893
COAD,COAD,True,0.18156403948612126,0.9972823998561864
LAML,LAML,True,0.9863730840271928,0.07682486809312046
LIHC,LIHC,True,0.054203517671903234,2.8624848380154164
BRCA,PAAD,False,0.09237334169832373,2.452943238788386
KIRC,KIRC,True,0.4029690631426215,1.1608494130624674
THCA,THCA,True,0.9507933843164369,0.2542659709681733
KIRC,KIPAN,False,0.15995100242985705,2.2879253489317612
PCPG,PRAD,False,0.02194731152612206,2.6857887293550373
KIRC,KIRC,True,0.4322440393453708,0.7588473996896299
KIPAN,KIRC,False,0.30151059735886865,1.3468236158595417
SKCM,SKCM,True,0.7635810104221261,0.7398382910639909
LUSC,LUSC,True,0.5589285023175944,1.1854758035132102
THYM,THYM,True,0.26730954490983344,1.5672819392438864
COAD,COAD,True,0.04683387391825414,2.627169377442831
STES,STES,True,0.3037653814971738,1.8309432923952957
COAD,PAAD,False,0.24442635055953935,1.938321260679388
GBMLGG,UCEC,False,0.02397439006584834,2.3952041270320876
LAML,LAML,True,0.8240185947479375,0.47566801349764376
KIPAN,PRAD,False,0.049254348695625616,2.783564738962075
OV,OV,True,0.13053690082077726,2.6074807230732295
SKCM,SKCM,True,0.9920254079592274,0.05191379756689339
KIPAN,KIPAN,True,0.04178690323868421,2.8151835809455807
SKCM,SKCM,True,0.9985095123430422,0.011081278861193044
HNSC,GBMLGG,False,0.01365842659389914,2.9861958853090758
TGCT,TGCT,True,0.1710466478409988,2.4625057584738013
KIRC,KIRC,True,0.07502885210870144,2.5122444153640258
SARC,OV,False,0.22697652461527446,2.4258649047308416
KIPAN,KIPAN,True,0.1307573880382678,0.8888326571233365
KIRC,UCEC,False,0.016782970254301033,2.308112169530764
BLCA,BLCA,True,0.16722241258579681,1.7869545345321565
PRAD,BRCA,False,0.08524279640745958,2.7067684655433086
GBMLGG,LGG,False,0.5320404879399278,0.8576002123503875
PRAD,PCPG,False,0.07985165681287348,1.8999110096203473
BRCA,BRCA,True,0.6625303438559904,1.4264830957407928
LIHC,STES,False,0.0989638746979089,2.100215084496631
TGCT,KIRC,False,0.05703871692735102,1.694013756414856
BRCA,THYM,False,0.0039246083160282275,2.286109187154545
OV,OV,True,0.044065538305481294,2.5611465491543584
COAD,COAD,True,0.8456910109809586,0.6938541716444817
BRCA,LUAD,False,0.38608676761787514,1.572635129154602
STES,BRCA,False,0.02257117668005834,2.5770636227878625
CESC,SARC,False,0.06498567399881072,2.6662237085459366
ACC,ACC,True,0.28658021558028945,1.7777422515016632
STES,STES,True,0.5434602479822417,0.8919317938611411
STES,STES,True,0.03747826639038948,2.5382427966052323
GBMLGG,LAML,False,0.15850028427418086,2.7036906372998932
HNSC,LUSC,False,0.46321648733151455,1.397452579931933
BRCA,PCPG,False,0.08000794046208512,2.157646578893538
BRCA,BRCA,True,0.016195359113034713,2.4656789163682222
KIPAN,LIHC,False,0.04747986747640778,2.3496492841429557
KIPAN,UCEC,False,0.21274859324465226,2.5404936315077
SARC,SARC,True,0.0696077550592416,2.98360225724799
LGG,LGG,True,0.28369982067207067,0.7724524604817111
STES,LUSC,False,0.11357241988834571,2.1715300149308305
BRCA,KIRC,False,0.10840922262515713,2.731321105127084
KIPAN,SARC,False,0.046096927601991564,2.894362161095189
BRCA,BRCA,True,0.180914134840214,2.5178847495799013
KIPAN,TGCT,False,0.15249910863092145,2.6933476312620637
LUSC,LUSC,True,0.08371278988871161,2.3984104388620064
THCA,THCA,True,0.7708890991357736,0.9995532181267369
LGG,LGG,True,0.30411858987451773,1.1919014808383286
GBMLGG,COAD,False,0.06894278260244377,2.416716321609408
STES,HNSC,False,0.08357789666082432,2.446300196466628
GBMLGG,GBMLGG,True,0.024811095934858265,3.049437917368326
UCEC,UCEC,True,0.6072094618383908,1.5421938385000837
DLBC,LUSC,False,0.3355660536960094,1.5361794359044367
LUAD,LUAD,True,0.5963683529182484,0.5177481559442646
KIPAN,KIPAN,True,0.13938189827440264,2.6187628231981934
LUAD,LIHC,False,0.15495576049949739,2.5595138496448295
KIPAN,KIPAN,True,0.022233574591174365,2.694180558566015
LGG,GBMLGG,False,0.01685663862009651,1.3491863835093234
LGG,LGG,True,0.4145089864065331,0.8754564121373233
KIPAN,KIPAN,True,0.36126512611000927,2.1506285750026475
KIPAN,KIRC,False,0.26913100493369896,0.9498079386681901
KIRC,KIRC,True,0.1236963780387227,2.6360800304119207
BRCA,LIHC,False,0.04434627369914157,2.964757604793851
LUAD,LIHC,False,0.06078553112286475,2.2744165282109488
SARC,SARC,True,0.038030014584276794,2.82301144546041
BRCA,BRCA,True,0.04012134735900985,2.3426084573386494
UCEC,LIHC,False,0.5649186673248571,0.5899517335698792
KIRC,OV,False,0.2397062742476661,2.5223732311309615
OV,OV,True,0.4189957476983201,2.0524783702019116
LGG,LGG,True,0.23275710782414477,1.114236667365715
BRCA,UCEC,False,0.023972435125196492,2.745715881889378
PAAD,STES,False,0.06699639931603787,2.836718373168341
OV,OV,True,0.2441826042403708,2.407987665919033
LAML,PCPG,False,0.01317708200794565,2.522283667522029
ACC,KIPAN,False,0.04351194753444429,3.035779168477497
HNSC,KIPAN,False,0.016860946472129906,2.750254850079838
PAAD,PAAD,True,0.05046863794076578,2.184573097627394
GBMLGG,LGG,False,0.07942923734581497,0.9608031903502362
SKCM,SKCM,True,0.9856827959035998,0.07447549765299051
THCA,THCA,True,0.983392737585124,0.09962944569901462
STES,STES,True,0.3729234074291132,1.8660873347066094
BRCA,BRCA,True,0.03152556791936825,1.8459203184372095
COAD,OV,False,0.036756275657306214,2.585383911720334
SARC,BRCA,False,0.08384614994001693,2.3293243624955178
GBMLGG,GBMLGG,True,0.3093992745225375,2.4550152218271246
KIPAN,KIPAN,True,0.6415326259419315,1.179904958603906
COAD,OV,False,0.33032396053125096,2.1934603748795913
LAML,LAML,True,0.9086873405122358,0.29988156995028686
COAD,COAD,True,0.603480850021481,0.8363822068034095
BRCA,PRAD,False,0.03220729547761128,2.587145679958241
OV,STES,False,0.25675738371799944,2.2035778759002085
UCEC,KIRC,False,0.037024522443487334,2.400069800851724
BRCA,STES,False,0.0959163719600353,2.453360261968294
KIRC,KIRC,True,0.29484080802937335,0.9398347580628865
PRAD,LIHC,False,0.13135573282463936,2.4472433858532248
SARC,SARC,True,0.08842301712397424,2.509179221507763
THCA,THCA,True,0.8889396562337049,0.5197939591776973
SARC,LIHC,False,0.005265898625537793,2.9779640812650694
TGCT,TGCT,True,0.42986214467906037,2.082718231612381
LIHC,LIHC,True,0.00416351857897182,2.74238365067469
BRCA,PCPG,False,0.18400097823764955,2.138044034660453
SKCM,PRAD,False,0.06423935270220282,2.727732529165968
BRCA,UCEC,False,0.19719160341732186,2.1702822740047014
SARC,LIHC,False,0.03731360935098245,2.8982360939688108
UCEC,UCEC,True,0.04885922233697079,2.45829622980376
KIRC,KIRC,True,0.5529806288109458,0.7906433761355244
UCEC,UCEC,True,0.611225936728971,0.7532744507803444
SARC,OV,False,0.23027418615967632,2.21202781285601
PRAD,THCA,False,0.9432094725772368,0.2988171452864375
KIPAN,BRCA,False,0.01225531061974558,2.4771086834426366
LUAD,LUAD,True,0.25049643820383144,2.179707150203358
PAAD,PAAD,True,0.5316536493378023,1.6235294980385662
KIPAN,KIPAN,True,0.4244635726652545,2.1050464881733815
THCA,THCA,True,0.8854623025297674,0.5808576233352086
THYM,CESC,False,0.02043852825427918,3.0357360983706654
KIPAN,KIPAN,True,0.0698690231255035,2.7307971903915487
SKCM,SARC,False,0.05296718620543782,2.658236946583917
GBMLGG,GBMLGG,True,0.211986071697456,2.0182395871411387
LGG,LGG,True,0.21990710842997413,1.1437666089309135
LAML,LAML,True,0.031506833591446404,2.0666046098047945
KIRC,KIRC,True,0.10118890470098357,2.310873138182141
LGG,LGG,True,0.4461413841360661,0.9698362793526538
THYM,PCPG,False,0.05426354745453457,2.257953975070711
KIPAN,KIPAN,True,0.1866223948948488,2.495002713740237
STES,STES,True,0.8105766468454468,0.6467479049975804
BRCA,BRCA,True,0.385647443788673,2.2758044240181405
PRAD,PRAD,True,0.15949193019662655,2.593313937629319
THCA,THCA,True,0.7051833916780863,1.3049618687003288
BRCA,STES,False,0.07559297805954468,2.6397871230542513
CESC,CESC,True,0.4301790811338794,1.2626249815798647
THCA,THCA,True,0.9450270854841732,0.26815693197344
KIPAN,KIRC,False,0.08136752607762579,2.4086901618230248
LUSC,LUSC,True,0.22710342895223568,1.690465761567326
THYM,THYM,True,0.07015650176869473,1.939721361958718
LIHC,LIHC,True,0.25117930602887384,2.1001634121199646
OV,OV,True,0.01989096306792454,2.6207549869974494
GBMLGG,LIHC,False,0.1599198371983828,2.7264955418348853
KIPAN,LIHC,False,0.07159125176523524,2.829207539732532
BRCA,LAML,False,0.0037361534903494753,2.086489163950817
LAML,THYM,False,0.04598881326883883,2.0833213594317734
GBMLGG,GBMLGG,True,0.13018693297500294,0.876174643690225
SARC,SARC,True,0.07220259539457173,2.8832424738810656
GBMLGG,LGG,False,0.39273871006532673,0.7101184295848066
BLCA,OV,False,0.12306204393797981,2.3373309808543206
THCA,THCA,True,0.9823451436447672,0.08834717381768954
BRCA,BRCA,True,0.00665628928119727,2.5615332366229504
UCEC,UCEC,True,0.8769412665294376,0.5081749325544371
STES,STES,True,0.7363397922204973,0.6286242282786086
LGG,LGG,True,0.19137272355694646,1.2459468009582235
SARC,PRAD,False,0.10994644291869635,2.330141376080341
OV,OV,True,0.27293672253849066,2.2189493122046136
THCA,PCPG,False,0.027188467236962888,2.7287020605902765
KIPAN,KIPAN,True,0.40594190588004053,1.3476737307287139
LGG,LGG,True,0.37813138990026884,0.9000398954162944
BRCA,OV,False,0.1937793565582273,2.264300636157027
STES,STES,True,0.26082488359871403,1.8399604022064673
THCA,PCPG,False,0.09532078832066262,2.214003625062249
GBMLGG,GBMLGG,True,0.12839251200458227,2.1856956611426956
KIPAN,KIPAN,True,0.38294252080094066,0.9424170695470796
BRCA,OV,False,0.08977489812802908,2.589532481881162
LUSC,LUAD,False,0.035432691284527765,2.582446801344245
PAAD,HNSC,False,0.07841636187877239,2.6396765533811117
SARC,SARC,True,0.10183237941725008,2.9338736778776093
THYM,PCPG,False,0.12385134601512857,2.453452350554755
UCEC,OV,False,0.11126860267669827,2.5350014829335996
BRCA,THYM,False,0.0061930570566084975,2.6032840668641954
GBMLGG,SARC,False,0.024153126539893016,2.9036683191395567
BRCA,BRCA,True,0.6884999583815374,1.2141259812785052
BRCA,PRAD,False,0.006672680598572067,2.715802082203571
HNSC,CESC,False,0.1751876642943589,1.481133150205324
STES,STES,True,0.1982262433500034,2.0473973042691815
GBMLGG,GBMLGG,True,0.18117124711193072,2.6446384188519754
OV,PRAD,False,0.048403326559402104,2.3264683936045993
GBMLGG,LGG,False,0.3366671670800513,0.6993178586196868
THCA,THCA,True,0.8887789464223681,0.5317510475584053
HNSC,GBMLGG,False,0.04766030817672326,2.621377921922099
SARC,OV,False,0.07265612710975414,2.4351698577633325
UCEC,UCEC,True,0.4526794886608987,1.3540485657107828
PCPG,PCPG,True,0.16400961225255467,2.256751195004618
PCPG,PCPG,True,0.048997922034831526,2.2919327929583844
KIPAN,KIPAN,True,0.29747183947468436,2.2035880101246392
LGG,LGG,True,0.4790206288290966,0.8376909844814653
CESC,CESC,True,0.12936535155351908,2.639845347954275
OV,BRCA,False,0.646605604212632,0.9872691430148026
PCPG,THYM,False,0.03996364813878639,1.9666903481838434
BLCA,STES,False,0.1672994239557334,1.9553289694479783
GBMLGG,GBMLGG,True,0.2845706539514387,1.063614097771746
THCA,PRAD,False,0.010088286934535048,2.784523200230234
LGG,LGG,True,0.07410195849548123,0.814764936155025
LUAD,LUSC,False,0.8369650397469018,0.3525431806448408
STES,PAAD,False,0.02304444711017968,3.0671038290579733
BRCA,THYM,False,0.024083033899379935,2.83262374615648
CESC,SARC,False,0.008132890275843505,3.0384924079193913
BRCA,BRCA,True,0.03717894804551217,2.9231948581205485
COAD,COAD,True,0.8625592563014014,0.4491070880945886
LGG,LGG,True,0.35349205434746794,0.7533819196214182
PRAD,PRAD,True,0.13157206694109513,2.678734809777852
KIRC,KIRC,True,0.5684035004483261,0.7556693141371028
THCA,THCA,True,0.6348297714387845,1.5050315102420415
HNSC,OV,False,0.16563805985009905,2.009847569758642
OV,KIPAN,False,0.011452437280418032,2.7606392748748143
BRCA,THYM,False,0.3435385030404202,1.4990457161393547
HNSC,PAAD,False,0.00146697472944754,2.897078482544052
ACC,ACC,True,0.7501209911135459,1.124690511911808
SKCM,SKCM,True,0.8587741925210481,0.5611021125147878
STES,STES,True,0.6550866847537343,1.1360097147634345
BRCA,STES,False,0.05686859966791591,2.4832164306009874
LGG,LGG,True,0.5689539857780789,0.5768600269204756
GBMLGG,GBMLGG,True,0.2717793371505362,2.21637333311232
GBMLGG,GBMLGG,True,0.2976861312301697,2.36037955623466
KIPAN,KIPAN,True,0.24727932867378505,2.2691310304365913
TGCT,LIHC,False,0.0061635523503526385,2.957105406007224
PRAD,THYM,False,0.3435385030404202,1.4990457161393547
LIHC,LIHC,True,0.3936394086612516,1.9151525608155278
LIHC,KIRC,False,0.04751909939556112,2.892300831963117
BLCA,HNSC,False,0.17835200238648577,1.6230700484290792
COAD,STES,False,0.0284054408731578,2.2905170842644984
THCA,THCA,True,0.2035829739826944,2.4347858113088274
BRCA,OV,False,0.11520197432329676,2.5754239280566766
BLCA,LUSC,False,0.056300567127240714,1.9388198438040924
SARC,PRAD,False,0.006151668701616569,2.9363579810050724
PCPG,KIPAN,False,0.07168033564268816,2.607058079456585
STES,HNSC,False,0.3795147119816641,1.727837108880093
BRCA,OV,False,0.11580338489046915,2.3306083117685983
LUSC,LUSC,True,0.4028114198882592,1.5565809519322338
STES,STES,True,0.6294410645260831,1.384574646559091
BRCA,BRCA,True,0.09704790131089261,2.2743183555869386
COAD,STES,False,0.7209401880021626,0.6066122912662181
BLCA,LUSC,False,0.2339936284838164,1.3716722767008112
SKCM,SKCM,True,0.993885630334497,0.03637745096912839
KIPAN,KIPAN,True,0.32947933179874733,2.03660567646773
SKCM,TGCT,False,0.01734591307762849,2.942516965107946
THCA,THCA,True,0.2159138221836531,2.3169893362782337
STES,STES,True,0.2276233061935307,1.8921015906114143
LAML,THYM,False,0.32428152138042404,1.586172391660965
UCEC,OV,False,0.05616623051086106,2.1172856509448676
BRCA,KIRC,False,0.0547881359233367,2.8339790372983122
KIPAN,KIPAN,True,0.25866742017030125,2.2427457541469056
GBMLGG,LGG,False,0.5817056716480608,0.6173414683842888
LUSC,LUSC,True,0.74596986805383,0.6343158220082474
BLCA,TGCT,False,0.030058786133030493,3.0229258089693207
BRCA,BRCA,True,0.6993297463047146,1.107414503124033
THCA,THYM,False,0.07924194625312306,1.9383372610349434
CESC,BLCA,False,0.6628944529331253,0.651055813812375
GBMLGG,LGG,False,0.3604123393474704,1.0141131513365802
LUSC,LUAD,False,0.16235485326327959,1.8588956814306978
SARC,CESC,False,0.08644976462868519,2.8392016868968692
PCPG,THYM,False,0.012671143108247601,2.467327829725478
KIPAN,KIRC,False,0.0188688644810307,2.665701535049463
PRAD,KIPAN,False,0.09485741706141433,2.9085454239923907
CESC,CESC,True,0.6960902741995402,0.8091192197094663
GBMLGG,GBMLGG,True,0.5058636333478315,1.6940538101324654
GBMLGG,OV,False,0.03341886282808973,2.504184696614325
KIRC,KIRC,True,0.042653694945017445,2.8008993970131564
HNSC,HNSC,True,0.7306754211912071,1.0596207666681805
UCEC,UCEC,True,0.8954227890340343,0.4201603058654224
THYM,SARC,False,0.0028740017860913736,2.4851312324296733
GBMLGG,GBMLGG,True,0.14712399278563448,2.2742411940419958
GBMLGG,LGG,False,0.18552157990233553,0.7686549575833472
STES,TGCT,False,0.27306466332421797,1.6700207301375845
BRCA,HNSC,False,0.0023984613275753186,2.051143870401354
UCEC,UCEC,True,0.7306161773336549,0.4810595477138767
ACC,ACC,True,0.6530069932755704,1.312725716468193
BRCA,LUAD,False,0.31620402440968154,1.8475773586185997
UCEC,STES,False,0.04343679459942568,1.5187714849212215
PRAD,PCPG,False,0.01559917619866788,2.600255504051232
TGCT,KIPAN,False,0.07274791599166902,2.4720505424804684
LUAD,STES,False,0.054567708740526494,2.373592318869859
KIPAN,STES,False,0.0035329758841262243,2.911872408358594
CESC,SARC,False,0.08110552335904449,2.9218179205005947
LGG,LGG,True,0.2971308090202579,0.9950499249515457
BLCA,BLCA,True,0.27590138459220875,2.1640262453300942
PCPG,PCPG,True,0.29480489574523727,2.158639845666897
THCA,THCA,True,0.984988776354125,0.08802603240296862
STES,STES,True,0.3250250124399772,2.039211268641855
PAAD,STES,False,0.1025696479453165,2.6841262755072943
KIRC,KIRC,True,0.1812552140198376,2.3250758200870734
KIRC,LIHC,False,0.030645338949012557,2.721801224055154
COAD,COAD,True,0.09169050246277455,1.0185248656468027
SKCM,SKCM,True,0.6545575762035956,0.8568727435811592
BRCA,CESC,False,0.018960296180643543,2.9521438220632144
UCEC,GBMLGG,False,0.09603530093057544,1.445585612498551
LIHC,LIHC,True,0.04998326030272349,2.7660136190544744
PCPG,PCPG,True,0.24475272271910778,2.4186564840260467
BRCA,LIHC,False,0.17681558863320335,2.412203452317778
TGCT,TGCT,True,0.27101808255416077,2.6499477703592396
LUAD,LUSC,False,0.24254713239982412,1.0525521202592578
BRCA,BRCA,True,0.36063222933184796,1.8874270002606084
LGG,LAML,False,0.14022913601292136,2.491279389629604
SARC,OV,False,0.006342291291505431,2.553297723704655
CESC,BRCA,False,0.0064787710163809464,2.6195146853090536
HNSC,THYM,False,0.10054344956607368,2.7096863857336415
BRCA,BRCA,True,0.16065178942006889,2.446088285248409
LUAD,LUAD,True,0.3660253501443353,1.4843814612515616
KIPAN,KIPAN,True,0.2410293451491517,0.9114824913417481
TGCT,TGCT,True,0.3474140393812767,2.32081717136891
SKCM,SKCM,True,0.9349752269148371,0.18765319756203028
PRAD,PRAD,True,0.11284624350349108,2.679493794366897
PCPG,TGCT,False,0.00801162432895447,2.8275312846282836
PCPG,THYM,False,0.015089125034001172,2.276946637500821
LUAD,LUSC,False,0.4029827161696711,1.2050403813829227
LUSC,LUAD,False,0.026949450318648288,2.4302374500811412
LAML,LAML,True,0.5980197744730442,1.5358258884129348
PAAD,STES,False,0.27715939824702074,2.119155150500409
SARC,PAAD,False,0.0737033436686923,2.800560781885882
STES,STES,True,0.2233371514408642,2.325064283501837
COAD,COAD,True,0.7468176888138992,0.71703640896042
OV,OV,True,0.3310277629452129,2.231553568346359
OV,LAML,False,0.3032750539788087,2.0071517571857473
STES,STES,True,0.016718790184271803,2.145533623690538
GBMLGG,GBMLGG,True,0.006291203411746132,2.944771418838385
KIPAN,KIPAN,True,0.47725114824382614,0.8770312250988239
THCA,PCPG,False,0.13953611653749912,2.5937374510571827
PRAD,GBMLGG,False,0.17818020853306954,2.3338236575804974
CESC,CESC,True,0.7930973671046073,0.5027308888130706
LIHC,LIHC,True,0.639875471169392,1.175965575362342
LUAD,LUSC,False,0.034210681032224466,2.196759726335217
SKCM,SKCM,True,0.4656302821363684,1.3439381669614594
LUAD,LUSC,False,0.06327075693467751,2.302357051197631
PCPG,PRAD,False,0.0832814101805294,2.857987288330851
STES,THYM,False,0.08759385334747216,2.08920772142018
THYM,THYM,True,0.09697912550015228,2.0438764023423226
BRCA,PRAD,False,0.028065159318977462,2.666018753893337
BRCA,CESC,False,0.17559881562784785,1.5313148214530383
PRAD,LAML,False,0.1330409938636661,2.326518380578814
KIRC,SARC,False,0.1504766607924166,2.5121633117167947
KIPAN,STES,False,0.010090931361039113,2.632669153396224
KIRC,BRCA,False,0.009434506313037161,2.8179373182507725
COAD,COAD,True,0.7322263726240646,0.763234546445333
STES,STES,True,0.14649837764792953,2.3246823674241406
KIRC,KIPAN,False,0.03944394941017154,2.7047006623685035
LAML,THYM,False,0.10529933228874716,2.141909729263193
BRCA,OV,False,0.005615070689707596,2.7521870075672554
LUSC,LUSC,True,0.2775267623801459,1.5023772923943455
LUAD,TGCT,False,0.017351449115651868,2.8785434350429626
LGG,LGG,True,0.10231078249903397,1.274937027372667
KIPAN,KIPAN,True,0.1475532417422865,2.6532692054468243
LIHC,LUSC,False,0.22500123645199765,1.598869078810839
PRAD,PCPG,False,0.02745011533064598,2.4950623406285484
COAD,COAD,True,0.17663116039887275,1.662425198288455
KIPAN,SARC,False,0.06913469221761102,2.793147560637875
OV,OV,True,0.2385975699966318,2.372036103321176
OV,OV,True,0.19285997129826318,2.2924714273999083
KIPAN,THYM,False,0.3435385030404202,1.4990457161393547
BRCA,KIRC,False,0.003740042648327002,2.7763974315628315
THCA,THCA,True,0.8694435073327567,0.64159560168539
PRAD,PRAD,True,0.009335056555880211,2.9367348204993062
BRCA,OV,False,0.14051084373353093,2.436660594498023
LGG,GBMLGG,False,0.20411290664520607,2.5581378927378196
LUSC,STES,False,0.10007395714787135,2.1087549459853783
THCA,THCA,True,0.8496357584539677,0.7037728197216019
PCPG,SARC,False,0.06534413719504498,2.7876369643214964
CESC,HNSC,False,0.13123523573150903,2.6220397079149236
SKCM,PRAD,False,0.00923351221868135,2.8711679821141143
KIRC,KIRC,True,0.43731939396190367,1.033491724943824
LAML,LAML,True,0.9838889663600663,0.0545297603482518
LIHC,SARC,False,0.02023133626099985,2.8216715034696906
HNSC,LUSC,False,0.137295755264343,2.269041562142764
THCA,THCA,True,0.7780897848129865,1.0254342777984176
KIPAN,HNSC,False,0.01110103631368406,2.6859932627942307
LUAD,HNSC,False,0.15507663729487148,1.97688939103136
KIPAN,KIRC,False,0.24839173357210953,1.0162492629608988
GBMLGG,GBMLGG,True,0.06013636679571166,2.6730108097802674
BRCA,OV,False,0.13792301990589584,2.241757826525163
THCA,THCA,True,0.051247806166867915,1.598982953721594
BRCA,BRCA,True,0.2691067427852092,2.4011337566514084
PRAD,BRCA,False,0.0005332827319725064,3.0178032874074296
BRCA,PCPG,False,0.12664190629458655,2.640495273755156
GBMLGG,GBMLGG,True,0.13910777769229615,0.9199330976967457
UCEC,UCEC,True,0.526086466232255,1.5843750517235926
BRCA,SARC,False,0.09447590746556184,2.8016655801152535
KIRC,KIRC,True,0.15760253712592354,1.919293828386937
STES,STES,True,0.5211626658737425,1.2243004523596615
BRCA,UCEC,False,0.18004232722730107,2.0630870469151663
GBMLGG,GBMLGG,True,0.4530249475759277,1.8000806039967714
KIRC,KIRC,True,0.274309334732024,0.8392826243244043
BRCA,BRCA,True,0.388537777991819,1.6577941692999332
PRAD,SARC,False,0.12516761694567974,2.7374169439561546
KIPAN,KIPAN,True,0.147383017766772,2.5701990167983095
HNSC,HNSC,True,0.009980440021840092,2.4541343745509208
BLCA,BLCA,True,0.10472303279750522,1.4709875184778751
PRAD,GBMLGG,False,0.16754471073741845,2.6198823745095274
COAD,COAD,True,0.8237664654670754,0.7741830622907581
HNSC,HNSC,True,0.0625059910774648,1.879609510428305
KIPAN,KIRC,False,0.10466163943442525,1.9607695447607825
THYM,PCPG,False,0.00032459199043125,2.790759404891756
BRCA,HNSC,False,0.08738162455211868,2.4696090467027747
PCPG,PRAD,False,0.08922019598971238,2.6029720970743546
LGG,GBMLGG,False,0.018163531802981137,2.832446451181232
KIPAN,KIPAN,True,0.41590241561512314,0.7935556661817268
BRCA,PRAD,False,0.0021042750329269555,2.9364334770386304
KIPAN,LUSC,False,0.08054419945507421,2.496036578617381
HNSC,COAD,False,0.18780052505080938,1.7867406656200644
KIRC,KIRC,True,0.4225087795794593,1.261896836011301
BRCA,STES,False,0.7413107906007786,0.8313881838126658
GBMLGG,GBMLGG,True,0.3800780475924087,1.9822583909041989
OV,OV,True,0.1500158160467057,2.6732147572680662
BRCA,OV,False,0.21044208677442033,1.9927144899752849
UCEC,STES,False,0.01577567987045142,1.705496211623934
PCPG,BRCA,False,0.037261552536100515,2.9631830267292534
BRCA,BRCA,True,0.8128601494465592,0.8657420185761566
KIPAN,KIPAN,True,0.021494505747117754,2.4698551714083417
PRAD,PCPG,False,0.05786349871143198,2.3188968485443406
LUSC,LIHC,False,0.13896666793388315,2.056905106800841
TGCT,TGCT,True,0.33678960623621157,2.3495679356399473
GBMLGG,SARC,False,0.12066903935128898,2.851648151978039
BLCA,BLCA,True,0.20976511089545413,2.077647205703959
SKCM,SKCM,True,0.5527321282391132,1.1209222850646456
SKCM,SKCM,True,0.9733809573548432,0.1336705260389049
PAAD,HNSC,False,0.17761517419136225,2.437289443006582
SARC,SARC,True,0.03222304684629998,2.8040663317229932
KIPAN,KIPAN,True,0.11374542666318777,1.170510602122417
ACC,ACC,True,0.27675468519760305,2.06454992158224
GBMLGG,LGG,False,0.10085440109676685,0.7468868893331775
CESC,SARC,False,0.005745873058534398,3.0007381336488432
KIRC,KIRC,True,0.3273772094510651,1.0005162821172568
OV,OV,True,0.2544645074737676,2.108684356383665
GBMLGG,GBMLGG,True,0.0032952723247991755,2.530603413533706
SARC,SKCM,False,0.8819878555544591,0.3822791410341209
SARC,KIPAN,False,0.08510081908943212,2.878574179865999
PCPG,PRAD,False,0.013985008266702806,2.9027515550589538
SARC,OV,False,0.16968375373298591,2.2841215678926123
LUAD,CESC,False,0.24114016941509311,2.224542146151558
KIPAN,KIPAN,True,0.44477373562800404,1.2076602533768166
OV,OV,True,0.002641946381795768,2.489907126723792
PAAD,PAAD,True,0.013506605873310873,2.4081138504398933
PAAD,LIHC,False,0.03363159293806986,2.737968268112341
LUAD,LUSC,False,0.3592767198327963,0.7949003881366711
CESC,SARC,False,0.0716530681824245,2.860039811474175
GBMLGG,LAML,False,0.016779572701439788,2.5640554956340846
UCEC,HNSC,False,0.24384018995062387,2.169213194855967
LAML,LAML,True,0.06292510247838787,2.019381928620441
THYM,THYM,True,0.3435385030404202,1.4990457161393547
KIPAN,KIPAN,True,0.30555982152325845,2.4468918407582185
KIPAN,KIRC,False,0.008925273820692275,2.4897850918094577
BRCA,BRCA,True,0.6910062203818619,1.1692260137784751
BRCA,PAAD,False,0.2653923790586612,2.330822235889154
COAD,COAD,True,0.8276213179060012,0.6891813098359526
LUSC,LUSC,True,0.17683439292035782,1.9099680201767602
PRAD,TGCT,False,0.03261551785783372,2.9202730195327637
BLCA,LUSC,False,0.12465607478285518,1.7292227589696965
TGCT,KIPAN,False,0.06900610107621084,2.9082348305061574
LAML,LAML,True,0.9590701050103894,0.20471130516680505
STES,COAD,False,0.05260636001260033,1.9493989395421023
PCPG,PCPG,True,0.21982972503379344,2.6525213106120433
BRCA,THCA,False,0.18852241433317024,1.909169905909793
KIPAN,KIPAN,True,0.014343142088680538,2.9019614539665155
UCEC,UCEC,True,0.20595235103028392,2.051913681546382
CESC,THYM,False,0.3435385030404202,1.4990457161393547
PAAD,PAAD,True,0.09091381913997262,2.3889433799354713
BRCA,BRCA,True,0.10344765597952368,2.432714144730346
BRCA,BRCA,True,0.29183997477829365,2.3139419668232954
LGG,LGG,True,0.17811504301570497,0.7736916026644913
KIRC,KIRC,True,0.4863804795363853,1.067683572817303
PRAD,PCPG,False,0.013668388793406372,2.6804823900037493
LUSC,LUSC,True,0.597725793683319,1.1708130317984786
GBMLGG,LIHC,False,0.039316118166295155,2.9151137001026974
BLCA,BLCA,True,0.41720083404363056,1.2965714360167366
DLBC,LUAD,False,0.04915542766835901,2.5049137452536496
LUAD,KIPAN,False,0.0015792399315764233,2.9371407595652315
LUAD,LUAD,True,0.24357933826833372,1.4971284853139855
HNSC,CESC,False,0.0034331231382111332,2.8729069974611297
THYM,THYM,True,0.3435385030404202,1.4990457161393547
BRCA,OV,False,0.11152830167820094,2.3165424083888104
GBMLGG,CESC,False,0.05585777067664685,2.8318647525702323
LGG,LGG,True,0.2548506823387811,0.8500263665491072
BRCA,HNSC,False,0.0698399376974926,2.7325795347531305
LIHC,LIHC,True,0.0035396664801069233,2.6175004680117473
HNSC,CESC,False,0.4283407264827479,1.2694921879028904
SKCM,SKCM,True,0.9078620515099809,0.31032274132859855
CESC,HNSC,False,0.010395169626448542,1.61066293019055
COAD,COAD,True,0.5833359435269784,1.2247148705038275
KIPAN,KIRC,False,0.040050772727384665,0.8701165787852773
STES,LIHC,False,0.07083925474521212,2.8135336680517002
PRAD,PRAD,True,0.04407106236550967,2.6028592045686847
BRCA,PAAD,False,0.002086311358034665,2.3274235023358534
THCA,PRAD,False,0.10070666693671294,2.694492382693105
HNSC,HNSC,True,0.21489417397920937,2.005955769559568
CESC,KIRC,False,0.01048647528343194,2.9168156777148697
STES,TGCT,False,0.018374955065029633,3.012088127400232
BRCA,BRCA,True,0.8888089230543809,0.49779929892535785
ACC,ACC,True,0.9772088448924315,0.14023145383392413
KIRC,PRAD,False,0.0158617194995746,2.911077991074168
LGG,LGG,True,0.3206661836346075,0.9519725104262123
LIHC,CESC,False,0.08562538701051055,2.9158367803880685
SARC,SARC,True,0.514728658092246,1.6205372031594867
KIPAN,KIPAN,True,0.3388177144220857,0.8931313486113409
THCA,THCA,True,0.9575661496950119,0.2151032360049033
BRCA,LUSC,False,0.030675097827262243,2.64064657285461
HNSC,HNSC,True,0.36596658770696383,1.2672655992084862
GBMLGG,LGG,False,0.23882508159339771,1.0702833088498829
HNSC,BRCA,False,0.061878601942238515,2.6835648184840863
UCEC,UCEC,True,0.09142646512807573,2.5363262192794664
SKCM,SKCM,True,0.8737227831255256,0.4688435137355999
COAD,COAD,True,0.7633078444396638,0.9660102367929646
LUAD,LUAD,True,0.4451945771231788,0.8008272761779743
LUAD,SARC,False,0.08645467651383817,2.487936239793366
LGG,LGG,True,0.5708167948041498,0.6999139168228671
BRCA,BRCA,True,0.4774660552172853,1.6803543870960223
LUSC,LUSC,True,0.8849694767779528,0.2771839718651419
HNSC,BRCA,False,0.2592482952568722,2.2169314835941836
LIHC,UCEC,False,0.014251767575657881,2.1007511772468153
GBMLGG,PCPG,False,0.03949969326261861,2.9183474387208768
BRCA,THYM,False,0.07212468090410618,2.240235266832457
OV,OV,True,0.2555184051107895,2.19857835128385
COAD,COAD,True,0.8792613736568189,0.5487547773686634
SARC,PCPG,False,0.06018763744421457,2.531141099473198
GBMLGG,LGG,False,0.019913436847767974,0.8624846047562985
LAML,OV,False,0.1488516863530484,2.297254351401255
ACC,ACC,True,0.9812890574996447,0.10820969388048939
CESC,CESC,True,0.138163084094228,1.5283323924832688
LGG,LGG,True,0.25557054947792684,0.7673582444185987
KIPAN,KIPAN,True,0.08189929262829981,2.57470981015619
PRAD,THCA,False,0.5307495109762929,1.6495425228046428
LUSC,LUSC,True,0.8589041880404474,0.43574132237761415
BRCA,BRCA,True,0.6731050517542824,0.8825044541573948
GBMLGG,HNSC,False,0.19544188512087857,2.377885061372442
PCPG,PRAD,False,0.05001309646793943,2.86762483073102
BRCA,CESC,False,0.14302576708703765,2.773793397936335
STES,STES,True,0.7302350966824113,0.9647217288421462
CESC,CESC,True,0.20567899632730346,2.118611433430577
PRAD,OV,False,0.05225269130547602,2.2209062544131233
KIRC,PRAD,False,0.05781591923910695,2.620903360340601
OV,TGCT,False,0.007780642648872987,2.935473341498264
KIRC,KIRC,True,0.42906615695717204,0.9084711299115965
PRAD,OV,False,0.07549801772074033,2.124808346820905
PRAD,PCPG,False,0.09647348375347123,2.173037245982859
KIPAN,KIRC,False,0.28927118643523336,1.2619841264815204
BRCA,PRAD,False,0.1842663108643824,2.736352752072728
BRCA,OV,False,0.32464337749021865,2.2489774226776276
PRAD,THYM,False,0.32428152138042404,1.586172391660965
BRCA,LIHC,False,0.09442063632681807,2.5223489186202372
LGG,LGG,True,0.583414859931136,0.6448537459562349
BRCA,BRCA,True,0.4715801368677821,1.6074455809314787
LAML,LAML,True,0.98145600679978,0.08629915170275153
GBMLGG,GBMLGG,True,0.07592326317336867,0.8047382030306756
BRCA,KIPAN,False,0.01652294878504637,2.93866650774501
GBMLGG,GBMLGG,True,0.17482811768040407,0.8451648854175198
GBMLGG,GBMLGG,True,0.24460507691552352,2.5789960101356537
BRCA,STES,False,0.04793834838285199,2.5804571668941403
BRCA,PRAD,False,0.021198392072308003,2.8299909684786315
BRCA,SARC,False,0.07469585715955784,2.5216480135903043
SARC,CESC,False,0.003727428870243979,2.9944628624465746
BLCA,CESC,False,0.03616224270947413,2.5553191829589132
OV,OV,True,0.04346478073425494,2.445119694227683
THYM,THYM,True,0.26730954490983344,1.5672819392438864
GBMLGG,KIPAN,False,0.03384098039495251,2.793652112472796
THCA,THYM,False,0.3435385030404202,1.4990457161393547
PRAD,PRAD,True,0.019023537030101595,2.352156162396291
UCEC,LUSC,False,0.25476775258390977,1.6565328086300772
GBMLGG,TGCT,False,0.06540122370868762,2.566397638645126
KIRC,KIRC,True,0.5086359557407206,0.9496271263677105
GBMLGG,UCEC,False,0.09892676790841137,2.338682924925758
BLCA,CESC,False,0.04444075685237567,2.712178197334023
LUAD,SARC,False,0.005127712912300908,3.0431668999239094
STES,CESC,False,0.05627801849249975,2.882047072192747
STES,THYM,False,0.3435385030404202,1.4990457161393547
OV,OV,True,0.2986234993342806,2.3516109564658274
STES,UCEC,False,0.5100043432195757,1.5334045652733104
PCPG,THYM,False,0.005676031011241617,2.518660143972981
BRCA,TGCT,False,0.036956995088882366,2.8143538616462402
THCA,THCA,True,0.7465680959861778,1.0318270139959613
GBMLGG,PCPG,False,0.010680183587988543,2.724437847723716
THCA,THYM,False,0.26730954490983344,1.5672819392438864
COAD,COAD,True,0.6220798840171304,1.4851794973928594
BRCA,UCEC,False,0.42428802239040764,1.343202545315273
SKCM,SKCM,True,0.9606664061810062,0.1677148325350668
GBMLGG,LGG,False,0.42936379233085403,0.6761426089679333
BRCA,OV,False,0.010479138401823906,2.6878240062618324
KIRC,KIRC,True,0.40030288264024466,1.3120957611518467
PRAD,PCPG,False,0.0007267892709277857,2.771307079375008
HNSC,CESC,False,0.02085142578042845,2.908833918717614
PRAD,PRAD,True,0.027762965453830113,2.710883497388039
LUAD,LUAD,True,0.08692988678589128,2.195426073908347
KIPAN,KIRC,False,0.03414218092551652,2.6665399960370815
BRCA,SARC,False,0.008779198142850525,2.6491814952813995
PRAD,PRAD,True,0.08042515863926772,2.4280919945103445
KIPAN,KIPAN,True,0.08321887038552545,1.0506115590181815
PRAD,DLBC,False,0.044246026351844533,2.9281357501909824
BRCA,HNSC,False,0.03490015787176903,2.677268528841435
STES,STES,True,0.09855193598727396,1.8046626500482208
TGCT,TGCT,True,0.02275779310220788,2.9897392566082877
KIPAN,OV,False,0.04447526134720822,2.3588318998711846
LAML,THYM,False,0.10389011868291975,1.970754136151062
SKCM,OV,False,0.09718818776879792,2.444798278317898
BRCA,PRAD,False,0.02007003147453912,2.8264387817773797
ACC,ACC,True,0.1939896168980802,1.828854318175392
UCEC,GBMLGG,False,0.06802695976937756,2.767802555300089
PAAD,PAAD,True,0.22340091567562054,2.3165035089887662
OV,OV,True,0.10979563732650538,2.58915029953147
KIPAN,KIPAN,True,0.2990744536234742,2.3284339266524983
KIPAN,LIHC,False,0.23972367913838588,2.5775370942348754
SKCM,LUSC,False,0.9248224159408412,0.23357298585021877
OV,OV,True,0.3290949908176418,2.2566626737529223
BRCA,OV,False,0.24786021027224217,2.201576626804556
GBMLGG,GBMLGG,True,0.35953761260455996,2.10720436909784
PAAD,PCPG,False,0.007065854509289482,2.9083775150752484
THCA,THCA,True,0.8975291190836658,0.49814667387991374
TGCT,KIPAN,False,0.03543765720800188,2.7972691099174223
LIHC,LUSC,False,0.11214492529057435,1.838252968880719
GBMLGG,BRCA,False,0.0015292465818093626,2.346486114623961
KIPAN,KIPAN,True,0.3923751831722537,1.179122466307868
STES,STES,True,0.06864341599015591,2.5837395168599606
LUSC,UCEC,False,0.11377120400280852,2.115488166350537
LAML,LAML,True,0.10102264051091428,2.0969659702133048
PRAD,PRAD,True,0.10796501981175924,2.820739568672548
PRAD,SARC,False,0.002360001166835407,2.780335942893945
PAAD,PAAD,True,0.2802876396174773,2.1691404885657373
PAAD,PAAD,True,0.43519414739651824,2.134994356230672
PAAD,PAAD,True,0.024843645791234437,2.8228216179388226
GBMLGG,LGG,False,0.31313116137226144,0.6713027308282254
KIRC,KIRC,True,0.49690380155571545,0.8192869016376263
LIHC,LIHC,True,0.6116970404736386,1.174975472985535
PAAD,LUSC,False,0.07870128814316185,2.0799909126566303
BRCA,OV,False,0.26439663521576084,2.3100652850279197
BRCA,BRCA,True,0.19235109886157464,2.645256158416505
COAD,COAD,True,0.5979968271657544,1.3368129571947702
KIPAN,UCEC,False,0.0221371498050473,2.5249260537790974
SARC,SARC,True,0.04348504466230538,2.532091144905298
UCEC,UCEC,True,0.5313523909083423,1.335616209160385
STES,PAAD,False,0.015075877705489793,2.407864791350067
SARC,THYM,False,0.03230862345803859,1.994285548996813
BRCA,OV,False,0.35771284710837215,2.0972827334228605
STES,HNSC,False,0.0013415962961735306,2.233751937216288
BRCA,LUSC,False,0.2999400387111377,1.3226955902841777
THYM,PRAD,False,0.10914027982606417,2.700352737178606
LIHC,BRCA,False,0.05558966552762677,2.858945690684756
SARC,BRCA,False,0.002648010894343439,2.951627614447685
BRCA,BRCA,True,0.6999453151587368,1.3550316001975284
KIPAN,LUAD,False,0.023931981175735584,2.548547755950904
BRCA,CESC,False,0.16668746247841132,2.567718898031353
SKCM,PRAD,False,0.02134425301905521,2.8239867126736673
THCA,THCA,True,0.7884346439165659,0.9242974583003343
KIRC,KIRC,True,0.614082283223833,0.741897232076012
BRCA,PCPG,False,0.04331761701460854,2.489419507919441
UCEC,UCEC,True,0.49703085984116196,1.6399232460341568
LGG,LGG,True,0.1617200657988741,1.1324826783825392
KIRC,KIRC,True,0.2706800365896584,0.9495813921250531
KIPAN,TGCT,False,0.1536068655492538,2.760954471328396
KIPAN,KIPAN,True,0.13021694442089163,2.4815904310059524
BLCA,LUAD,False,0.0272159439735237,2.592214806743786
SKCM,SKCM,True,0.84641390669208,0.6229081466357376
CESC,CESC,True,0.2460030473708657,1.8332469289171722
LIHC,BRCA,False,0.05612248351024829,2.407307303266238
PAAD,OV,False,0.2910548361218511,2.177165966420449
BRCA,THYM,False,0.10248619782122909,2.0251975178754864
BRCA,KIRC,False,0.10990745261794543,2.5568302471820465
GBMLGG,GBMLGG,True,0.04065417816482836,1.1602629824827055
SKCM,SKCM,True,0.7738235602999282,0.9702589124726667
LUSC,LUSC,True,0.8548336000583581,0.42747676949271823
KIPAN,KIPAN,True,0.4580654489684137,0.8839550334531515
STES,HNSC,False,0.13554551081562707,1.882146171500012
STES,LUSC,False,0.02332784046406186,2.4291857826863237
GBMLGG,GBMLGG,True,0.253651405026059,1.8076582711754905
LAML,LAML,True,0.8290631312840159,0.5061756562833472
LUSC,LUSC,True,0.937737596353629,0.14384612499884775
PCPG,PCPG,True,0.18833213133268087,2.316389270019009
UCEC,UCEC,True,0.4839548821392833,1.7944789047822292
BRCA,THYM,False,0.018170102527524157,2.741036219307828
KIRC,KIRC,True,0.5698900786385712,1.0200953884025468
COAD,COAD,True,0.7986105754898306,0.6249561884317276
HNSC,HNSC,True,0.23501864145735513,2.1331970902416746
KIRC,KIRC,True,0.16389628659082106,2.432803624834376
BRCA,BRCA,True,0.18346847361510193,2.2313893847993533
BRCA,BRCA,True,0.9381344646304074,0.3164084739462088
LUAD,STES,False,0.20733555594434377,2.240955007390687
GBMLGG,GBMLGG,True,0.18017063710634823,0.8639246000884956
HNSC,HNSC,True,0.23061001898413616,2.300583936259316
LUAD,THCA,False,0.3031055173958199,2.0079430067725945
THYM,HNSC,False,0.11360782130939168,2.677354838433418
THCA,THCA,True,0.9823451436447672,0.08834717381768954
THYM,LAML,False,0.13496886066677902,2.2804342383023584
KIRC,KIRC,True,0.3516867574301602,0.7330756676013646
PRAD,PCPG,False,0.02345956674212915,2.2489861767076555
STES,STES,True,0.9591961513539312,0.19341383492984754
TGCT,TGCT,True,0.1869041900469065,2.772594515702287
LUSC,LUSC,True,0.1812231092010067,1.9765272366213478
BRCA,LAML,False,0.0433785366620868,2.697898413697632
LGG,LGG,True,0.37828547911204263,1.0192617360952267
SKCM,SKCM,True,0.6633315669004896,1.1423777456244002
GBMLGG,PAAD,False,0.03091713909938648,2.4575781308750293
GBMLGG,GBMLGG,True,0.09613782339790189,1.8852244285005215
STES,LUAD,False,0.12122726249079877,2.0258579312735754
OV,OV,True,0.3129633937971147,2.1617865929937596
KIRC,KIRC,True,0.003797084131109185,2.785470831747487
SKCM,SKCM,True,0.5515472721393732,1.4936345206006556
STES,STES,True,0.040913612265078614,1.7689512213325944
THYM,SARC,False,0.029519111215729837,2.3438672412393506
KIPAN,KIRC,False,0.12339589632534098,2.4631757467599136
CESC,PCPG,False,0.040701807851847654,2.355932166508046
SARC,PCPG,False,0.017431854471160607,2.854700193888287
LIHC,TGCT,False,0.0051187575733450535,2.859091493632655
CESC,HNSC,False,0.03665631911424522,1.9260661186439272
THYM,THYM,True,0.36993326410251937,1.4812800756806102
ACC,ACC,True,0.5469100202304863,1.445048420294817
THCA,THYM,False,0.26730954490983344,1.5672819392438864
BRCA,BRCA,True,0.3456141253188917,1.9560453714339867
CESC,CESC,True,0.059667852190560644,2.932997592267878
KIPAN,KIPAN,True,0.02896590445558847,2.612663116343877
UCEC,UCEC,True,0.6908825397807622,0.7333114095132655
STES,STES,True,0.05661540648083724,1.8736063599203945
OV,OV,True,0.22001345018862417,2.486725526742792
LUSC,LUAD,False,0.12151213987091536,1.6816779759017904
COAD,COAD,True,0.8188878207349016,0.9027979375685065
SARC,BRCA,False,0.007040753839300987,3.0080126752520693
OV,OV,True,0.23411863288681464,2.2403767325571726
KIPAN,KIPAN,True,0.0995739098791823,0.8878256146014855
UCEC,UCEC,True,0.28922009467470966,2.1040210527502836
LUSC,LUSC,True,0.6540867508146551,0.9891347011465907
GBMLGG,SARC,False,0.1256080545171573,2.4154876316031215
LGG,BRCA,False,0.06946640511263297,2.8329013385329964
THYM,THYM,True,0.3435385030404202,1.4990457161393547
COAD,COAD,True,0.5097399042313001,0.8965081980931895
BRCA,THYM,False,0.3405417435522259,1.4528012223984064
SARC,SARC,True,0.004984132886934389,2.8508815057751207
KIRC,KIRC,True,0.23688007234560815,1.2083641899078272
KIRC,KIRC,True,0.20272766255920724,2.6282150191327496
COAD,COAD,True,0.7986709203116025,0.7448902014698352
STES,STES,True,0.05321496792143679,2.4359502563685504
UCEC,PRAD,False,0.07793283413532504,2.467819694102609
BRCA,BRCA,True,0.04137667883155682,2.2556666616598733
GBMLGG,SARC,False,0.18328394262869804,2.841094229977616
KIPAN,KIRC,False,0.007285847991899602,2.7285670135636773
LGG,LGG,True,0.1912995166231624,1.0866727393386404
PCPG,BRCA,False,0.031083391973024704,2.5895077886095743
TGCT,TGCT,True,0.38201762279858176,2.0719479381821495
KIRC,KIPAN,False,0.005418404885696865,2.592426261204954
KIRC,KIRC,True,0.20920861695708667,2.0922615646189664
PCPG,PCPG,True,0.06817945641133642,2.5627020162285756
LUSC,STES,False,0.10431030748320302,2.1519142563433675
THCA,LAML,False,0.009992183190329629,2.458409857676673
DLBC,DLBC,True,0.36843758801463355,2.011475312735478
GBMLGG,GBMLGG,True,0.007915735386663958,1.1196011049951617
KIPAN,KIRC,False,0.3500967760398074,1.2511297062696571
LAML,LAML,True,0.974567242601738,0.1740278434771444
LUAD,CESC,False,0.07764984426991309,1.8226153222642292
KIPAN,SARC,False,0.008772835110948882,2.9408635772185776
LUAD,SARC,False,0.087295214649898,2.641730617426041
LGG,LGG,True,0.6747660246155004,0.5993836954264057
UCEC,UCEC,True,0.7000229519495341,0.9304963541928982
LUSC,THYM,False,0.3435385030404202,1.4990457161393547
PRAD,PRAD,True,0.09966950993554027,2.754552284904523
PAAD,OV,False,0.43728232437899855,1.8726741658480432
PRAD,KIPAN,False,0.15009519956137188,2.6846975760855147
LUSC,LUAD,False,0.07148062818850687,1.9905358574401633
GBMLGG,GBMLGG,True,0.1653346058959122,0.9035863820731196
LUAD,LIHC,False,0.031189589326603623,2.519240531936206
LIHC,KIPAN,False,0.067692296702701,2.7538240445341726
THCA,THYM,False,0.011836528101501126,2.336999032409814
BRCA,OV,False,0.10180697478278974,2.493924871848366
BRCA,THYM,False,0.14915622223818095,2.252444698857594
BRCA,BRCA,True,0.5728891288333052,1.6560084966383677
BRCA,BRCA,True,0.6599839624914654,1.2155035848597247
PRAD,OV,False,0.33461697802099144,1.963907212551586
LUAD,LUAD,True,0.047442258235367185,2.199133742021675
THCA,THCA,True,0.8782928530925177,0.5748918242450776
SKCM,SKCM,True,0.9384431093763451,0.22145642491264
PRAD,PRAD,True,0.0450144564228135,2.7082195887711134
SKCM,LIHC,False,0.0781554185471198,2.6565435043307293
OV,OV,True,0.03824506303337971,2.4832600014373427
THYM,PRAD,False,0.062056734081537765,2.7518603572237534
HNSC,HNSC,True,0.13880146610108546,1.714545096263949
COAD,CESC,False,0.0026767104471491776,2.6603325335560206
UCEC,UCEC,True,0.9348022787299791,0.22208246247792213
KIPAN,TGCT,False,0.06418587494554301,3.029460936674987
BLCA,LUSC,False,0.6657192173015147,0.8974849100350962
HNSC,HNSC,True,0.12383611289332958,2.1286853074967635
KIPAN,KIRC,False,0.37340351907871294,1.8002438240004546
THCA,PRAD,False,0.07909191018451289,2.356090036584746
GBMLGG,CESC,False,0.07298567867330287,2.93939990503967
KIRC,KIRC,True,0.1336612609482765,2.726147060418328
KIPAN,TGCT,False,0.00021573900503361887,2.9234394500092487
BRCA,OV,False,0.227572914382119,2.4882675441418836
HNSC,BLCA,False,0.31881819442676085,1.3468832516398486
KIRC,KIRC,True,0.0971517227124307,2.5429685061993865
SARC,OV,False,0.0849090600463516,2.6974318874049112
THCA,THCA,True,0.6701768099760711,1.324602768508577
STES,LUSC,False,0.057679089786710186,2.1684873763941592
PRAD,KIRC,False,0.046181855416579765,1.27261196811666
STES,STES,True,0.22678308773012096,1.4278498813212468
TGCT,TGCT,True,0.1229077747881305,2.9343891734636123
THYM,PRAD,False,0.04874414782642063,2.9486516877488596
KIRC,KIRC,True,0.09201582075578843,2.9057441251425398
KIPAN,KIPAN,True,0.4428942732524039,2.00544230847296
BLCA,BLCA,True,0.20660281288365662,2.020591659140465
KIPAN,KIPAN,True,0.24255668089135643,2.3234955724356436
THCA,THCA,True,0.7771138942869771,0.8869708681647686
BRCA,KIPAN,False,0.01733675602781537,2.709276153018631
COAD,COAD,True,0.9562617070815028,0.22618420480185927
SKCM,SKCM,True,0.7335116119051323,0.96043148252946
THCA,PCPG,False,0.17362726618518615,1.5503270831415485
GBMLGG,LGG,False,0.40007186036711934,0.9076509040080037
SKCM,SKCM,True,0.9862782314254714,0.08741039182478194
HNSC,STES,False,0.06986026279270333,2.1660393315795607
HNSC,STES,False,0.0594076621335954,2.7056718493399843
KIPAN,KIPAN,True,0.37801826856095644,0.7515342471447153
GBMLGG,LIHC,False,0.03182583151094856,2.9491292591136165
TGCT,TGCT,True,0.060475438495303846,2.842133004156957
TGCT,KIPAN,False,0.05620167159714909,2.8619872333096166
LUAD,LIHC,False,0.027779534278012108,2.78559059949547
PCPG,PRAD,False,0.024996606441260755,2.694432296115804
STES,PAAD,False,0.047049713388668035,2.6174425345802006
STES,COAD,False,0.19039505535959386,2.066447021264471
SKCM,SKCM,True,0.9499822494259543,0.23021013679112803
PRAD,LIHC,False,0.0006160661535146716,2.989588454164719
LIHC,LIHC,True,0.31924420227085004,1.9885976467975823
COAD,COAD,True,0.5779136056680906,1.2849291532614853
OV,OV,True,0.09080850689266479,2.447904553374574
LGG,LGG,True,0.5513781021816551,0.9219529685356399
STES,COAD,False,0.7039309922750843,0.7264323674156218
KIRC,KIRC,True,0.5468408789128398,0.7977460113257844
BLCA,BLCA,True,0.17703435101368606,2.528564434289539
KIRC,KIRC,True,0.09123853193145293,2.177118532727919
KIRC,UCEC,False,0.004072949178019675,2.551322176830491
LIHC,LIHC,True,0.08086773660906611,2.837113667391079
THCA,THCA,True,0.984988776354125,0.08802603240296862
COAD,COAD,True,0.47982031859315255,2.055871664285884
BRCA,BRCA,True,0.7093319331053209,1.2097345050358173
GBMLGG,LGG,False,0.2225515127704547,0.7122436051300227
BLCA,HNSC,False,0.10177120760855962,2.1427144013376407
LUAD,LUAD,True,0.11045356865864259,2.580860687032802
LIHC,LIHC,True,0.47153106903008996,1.5968949313660576
PAAD,PAAD,True,0.18452393838933304,2.222254729430317
OV,OV,True,0.13847868460484575,2.2786912711579204
GBMLGG,GBMLGG,True,0.43948793619714543,1.9183223421790334
THCA,THCA,True,0.7369576994476617,1.127311340034632
KIRC,KIRC,True,0.5782067741144102,1.0941541460888309
KIPAN,KIPAN,True,0.1147132633135472,2.506819945091137
LUSC,OV,False,0.22034446948873407,2.4057145046799837
CESC,CESC,True,0.011766180118017985,2.9477238164231703
LUAD,HNSC,False,0.04785600365342407,2.078569540495021
STES,STES,True,0.5801429016449764,1.2575305246540016
COAD,COAD,True,0.7812232485529491,0.8545016957482741
LGG,LGG,True,0.4761605457046851,0.9233388238522308
THCA,THCA,True,0.8770712675410075,0.6249975856660049
PRAD,LAML,False,0.005244106679452243,2.306455838370871
SKCM,SKCM,True,0.9308213975018973,0.2980288666994195
ACC,ACC,True,0.9456025924484979,0.2652655044505661
LIHC,GBMLGG,False,0.03095510654971012,2.0799324908401413
LUAD,LUAD,True,0.10515778169532575,1.5307277914285657
COAD,BLCA,False,0.25082541530360003,2.011663521780265
LGG,LGG,True,0.3894336192372527,0.7942710468971363
LGG,LGG,True,0.6359452996658028,0.7858087830833057
LGG,LGG,True,0.5451158493725508,0.8914035968986388
CESC,CESC,True,0.4433047750033647,1.7858413560833921
LGG,LGG,True,0.3945478187685664,1.015131599198742
PRAD,PRAD,True,0.020473182318171718,2.6229559110096363
LGG,GBMLGG,False,0.010956331806910108,2.875241274553008
GBMLGG,PRAD,False,0.0008716285090728804,2.978885171415435
UCEC,UCEC,True,0.05353626192988936,2.2849041762030557
THYM,LAML,False,0.006985753928092808,2.128458554269094
LGG,LGG,True,0.595978519730777,0.7007753400807964
LUAD,LUAD,True,0.128159393864339,2.589187526114626
PCPG,PCPG,True,0.034867568099361534,2.8684295204266044
BRCA,PRAD,False,0.012781456555156945,2.3030855626612423
BRCA,OV,False,0.15543339106986698,2.6446048794238646
SKCM,SKCM,True,0.9060133885840417,0.41957874619057267
HNSC,SARC,False,0.014257743712324814,2.9958209632691397
TGCT,TGCT,True,0.19148055756574575,2.7146031652698865
STES,COAD,False,0.3708033614302464,1.0726623478426018
THCA,PRAD,False,0.007680430446608183,2.256558793661946
KIPAN,KIPAN,True,0.036113916850126604,2.1956328733828396
THYM,THYM,True,0.08367817037621098,2.558790673732702
LGG,LGG,True,0.42677764538467494,0.7456247783022568
STES,COAD,False,0.8090492501887365,0.9693253290117205
BRCA,OV,False,0.3133250937633659,2.407269700456387
HNSC,HNSC,True,0.12340898666244296,2.324259644855022
UCEC,UCEC,True,0.6068788860352433,1.2737098133029594
GBMLGG,LGG,False,0.05676097016251608,0.8202603075974475
KIRC,KIRC,True,0.5755453468150254,1.0026805581837046
SARC,PRAD,False,0.003159336767806706,2.926884805618436
KIPAN,KIPAN,True,0.30161936115001586,2.068605462656841
BRCA,CESC,False,0.07304378785524662,1.6715245744558405
LAML,LAML,True,0.9923833797997262,0.04739651752883247
LUSC,LUSC,True,0.7920312301772277,0.48552302848924106
CESC,BLCA,False,0.6947499466072481,0.6640652017252828
THCA,PCPG,False,0.011507258660457848,2.7714096198841704
KIPAN,KIRC,False,0.19006955443559542,1.1666441539005117
SKCM,SKCM,True,0.6496117458515761,1.0846957456362187
BLCA,HNSC,False,0.11462569491388919,1.8927215166834994
GBMLGG,GBMLGG,True,0.1035706063097071,0.768452965834773
LUSC,STES,False,0.08034476428774373,2.0538747222669693
BRCA,CESC,False,0.08886158494528829,2.3345849428214085
LUAD,LUAD,True,0.5263065551630459,0.7840924464104274
KIPAN,LIHC,False,0.047721267945117246,2.5725465951152424
KIRC,KIRC,True,0.18775727586450813,1.2503648130808553
BLCA,BLCA,True,0.38821861302049965,1.3214627426399663
SKCM,SKCM,True,0.9983668527683977,0.011307521966291301
KIPAN,KIPAN,True,0.6374858050672844,0.8699591812573775
THCA,SARC,False,0.01326036403848363,2.7720006349319015
ACC,ACC,True,0.45710706987471295,1.8563641124806902
HNSC,HNSC,True,0.2542198253359417,1.6404642817803008
OV,OV,True,0.20421262964575482,2.2558429377671207
BRCA,BRCA,True,0.5609333710355547,1.6345801966064413
BRCA,BRCA,True,0.3053204905221437,2.2989249145042
KIPAN,KIPAN,True,0.22326410582510076,2.5305211948797313
STES,LUAD,False,0.0656803711646038,2.778469501668781
THCA,THCA,True,0.8090684276818635,0.8983173514506085
KIPAN,KIPAN,True,0.2096952153484107,1.9145068873809103
BRCA,BRCA,True,0.4865994496468205,1.759496792227839
TGCT,TGCT,True,0.37997151220241226,2.399385473322264
COAD,COAD,True,0.8110997346001897,0.36532856801062447
CESC,BRCA,False,0.1197344629254753,2.734899245515839
CESC,CESC,True,0.05563315750787534,2.5104104617741676
STES,LIHC,False,0.011787086124769974,2.0512591993839746
LUAD,LUAD,True,0.5719045548551315,1.0056547097178694
THCA,THCA,True,0.7901564644360982,0.86487713679214
GBMLGG,GBMLGG,True,0.4547273499576019,1.701227688612163
HNSC,OV,False,0.36760368074051725,2.1871376184547096
BRCA,BRCA,True,0.195289502116615,2.5480801333152754
COAD,COAD,True,0.8253188762365109,0.8198755082942798
GBMLGG,KIPAN,False,0.06575357883352051,2.8881323976642075
BRCA,PRAD,False,0.11024915726026312,2.743091794339985
COAD,STES,False,0.4139721770777941,0.795740750312437
BRCA,BRCA,True,0.15249667665842465,2.52015160538972
BRCA,OV,False,0.06688762119145988,2.3750880169929065
STES,UCEC,False,0.9633142346909338,0.11267911365677864
PRAD,PCPG,False,0.0447248532147444,2.5014621297202715
UCEC,UCEC,True,0.8811976203746578,0.48352722031404183
LIHC,KIRC,False,0.044436904156388984,2.750862876338348
PAAD,PAAD,True,0.011451422626268692,2.2758354322524696
KIRC,PCPG,False,0.060563156850536815,2.6046489279597482
PCPG,THYM,False,0.09703038697397112,2.2726585165772377
KIPAN,KIPAN,True,0.3324297718634922,1.9346894652763327
PRAD,LIHC,False,0.19575748580930286,2.3408577330196434
UCEC,OV,False,0.012856632132828366,2.637140529485173
GBMLGG,LGG,False,0.18736369272088826,1.3006950833693507
LIHC,LIHC,True,0.1640341137653278,2.5263986344755933
STES,STES,True,0.08404174835222158,2.1552691851580312
THCA,PCPG,False,0.1051883706892909,2.4042977964688057
BRCA,PRAD,False,0.10283843480974725,2.6850817587355436
GBMLGG,LGG,False,0.22524566178420674,0.939073457694008
STES,PAAD,False,0.0969534546382561,2.8795803964385054
THCA,THYM,False,0.3405417435522259,1.4528012223984064
BRCA,OV,False,0.023863093325735718,2.361262346248438
BRCA,PRAD,False,0.036779211144603766,2.6960819799439526
SKCM,SKCM,True,0.9929554125922383,0.03983189714814515
KIRC,KIRC,True,0.05163586637406814,2.197109316303135
BRCA,SARC,False,0.15103378990853894,2.753085980399527
SARC,PRAD,False,0.0578350775211694,3.000146300253941
GBMLGG,LGG,False,0.5947221466399437,0.6340131156227714
KIPAN,KIPAN,True,0.1381637351344288,2.7002209239587134
STES,PAAD,False,0.03556722343155458,2.5513206448759407
LUAD,LUAD,True,0.5641157866750368,1.387621388900357
GBMLGG,SARC,False,0.2506661385823332,1.8773330140369315
BRCA,CESC,False,0.14870915785339564,2.0552969446489673
LUAD,BRCA,False,0.011185005505117696,2.867746035919466
KIPAN,KIPAN,True,0.030530393208927642,2.511760665437179
BRCA,BRCA,True,0.3134921908192442,1.9268992372139881
OV,OV,True,0.26881980013484325,2.3252354049191313
GBMLGG,SARC,False,0.028332203695072472,2.634624497094387
KIRC,KIRC,True,0.013343916071846207,2.4401709038011314
SKCM,PRAD,False,0.057608747541008296,2.876487471120384
SKCM,LIHC,False,0.05043686618104637,2.894140579143825
GBMLGG,BRCA,False,0.09840179411609543,2.9204288729959145
THCA,THCA,True,0.32005003843107577,2.1677389890071237
TGCT,TGCT,True,0.24175018015841448,2.695604377562851
LGG,LGG,True,0.08320451047090244,1.0012882700207721
BRCA,BRCA,True,0.693241098530871,1.2637173946520002
STES,PRAD,False,0.09378117093652885,2.6907831120940098
KIRC,KIRC,True,0.6054981710253993,0.6302944275352245
PAAD,PAAD,True,0.09419092780498056,2.033978767841617
KIPAN,KIPAN,True,0.03811355190740501,2.759106113574628
STES,CESC,False,0.017350575430336718,2.7025424554829196
STES,PAAD,False,0.10841126589161038,2.163988940813497
LAML,LAML,True,0.7486772295779364,0.8609145893812066
PCPG,KIRC,False,0.2069741093099997,1.323564427987474
GBMLGG,LAML,False,0.00983349862307517,2.125603155537575
HNSC,HNSC,True,0.09909094541719451,2.145139702146545
KIRC,PRAD,False,0.0015507414698719552,2.9311482671827287
UCEC,UCEC,True,0.28157801116204784,2.0475994192023017
BRCA,PCPG,False,0.1024399713939773,2.6033248512401084
THCA,THYM,False,0.36993326410251937,1.4812800756806102
GBMLGG,GBMLGG,True,0.7127213154045242,1.0706550676132347
KIRC,KIPAN,False,0.23159298048489518,1.217249822611367
STES,LIHC,False,0.08352567712144768,2.387281153917782
KIRC,KIPAN,False,0.24273885368846027,1.1234394523526325
GBMLGG,SARC,False,0.09357915437399597,2.5083144524865917
STES,STES,True,0.5872227858630579,1.2736159356224699
GBMLGG,GBMLGG,True,0.21777499257676713,2.401398890224083
STES,UCEC,False,0.9127898128435552,0.2636738332536962
LGG,LGG,True,0.20196937703685625,0.9261997935396714
CESC,CESC,True,0.42493898696324983,1.8843353270165222
LGG,LGG,True,0.3185692447408881,0.8181628371284312
SKCM,SKCM,True,0.9298862160131027,0.3257814688164148
GBMLGG,LGG,False,0.03734683897272045,0.9498760749632955
BLCA,HNSC,False,0.12026711826324094,0.9574361922280569
PRAD,KIPAN,False,0.013386681295657732,2.857840639376624
BRCA,CESC,False,0.0814978183774544,2.6375872724657277
THCA,PRAD,False,0.07213944363547407,2.706749413208944
COAD,COAD,True,0.489439825112986,1.1887891790936835
BLCA,LUAD,False,0.00044192373933943374,2.700285613511103
COAD,COAD,True,0.7428017198564265,0.9974077439705775
GBMLGG,LAML,False,0.8709762486348649,0.6055369556691113
HNSC,PAAD,False,0.027455449980077484,2.8298992714991043
SKCM,SKCM,True,0.9987259672575753,0.009071779109876903
STES,STES,True,0.3754536254034145,1.7920042727637706
LAML,LAML,True,0.9953227306572903,0.030613337371144227
STES,STES,True,0.4695573384513323,1.6812156133799123
PRAD,THYM,False,0.005207002152173734,2.354177601611338
GBMLGG,GBMLGG,True,0.4015139166118753,2.094727334414307
CESC,UCEC,False,0.3787790647756226,1.5779911623098895
LUAD,PRAD,False,0.014182367599699208,3.060513817218221
UCEC,BRCA,False,0.30408594171326675,1.9207292414851882
THCA,CESC,False,0.20228364636843196,2.28548280449667
LUSC,LUSC,True,0.5162908780328225,0.8798338208631505
PRAD,THYM,False,0.06755568013764371,1.9870170595349368
STES,STES,True,0.8571887950705948,0.46226858330741305
LIHC,KIPAN,False,0.04915563682645635,2.731942200724149
BRCA,HNSC,False,0.2773764146178641,1.4657129920888312
GBMLGG,THYM,False,0.32428152138042404,1.586172391660965
KIRC,SARC,False,0.007707662776335056,2.956268947668047
STES,STES,True,0.5027138864098851,1.0718138177162573
STES,STES,True,0.32626800420629454,1.278241369566413
CESC,LUAD,False,0.08059644740012434,2.681685139383773
KIRC,KIRC,True,0.16438213901662946,2.501157810932459
LAML,THYM,False,0.26632017115391954,2.2135472377885823
BRCA,CESC,False,0.012477807238704675,2.905297596538472
ACC,ACC,True,0.3485059147855398,2.0579099671961627
LAML,LAML,True,0.8191714321495491,0.8362446731269703
LUSC,LUSC,True,0.5397501703164498,1.1396751017200224
PAAD,PRAD,False,0.004749834796288363,2.917396036650787
SARC,SARC,True,0.005338333383048885,2.9580889041900233
UCEC,UCEC,True,0.5587740198872757,1.1222556827537382
UCEC,UCEC,True,0.744136092145681,1.006415715709537
LAML,THYM,False,0.32428152138042404,1.586172391660965
LUSC,LUSC,True,0.15162209450773123,1.5188137858766644
PAAD,PAAD,True,0.04973673571520529,2.4974455959215938
LUSC,LUSC,True,0.05256504161352232,2.0636772028109838
UCEC,UCEC,True,0.7910997165419489,0.7760824114300385
TGCT,TGCT,True,0.5562439154619502,1.7537744842825085
HNSC,STES,False,0.3563634835909397,1.8559378892626224
GBMLGG,LUAD,False,0.05627457904271305,2.554106163279711
LUSC,LUSC,True,0.867098842181836,0.4300210642741362
BRCA,THYM,False,0.06762343716537894,2.162423663783805
LUSC,LUSC,True,0.8569573301460139,0.5374989839759435
BRCA,KIRC,False,0.04674915963929478,3.0014416855044366
BRCA,KIRC,False,0.10173470104018212,2.2269007874073212
HNSC,SARC,False,0.004478164013029848,3.0471327280388514
THCA,THCA,True,0.9483033869754166,0.2770429306859865
KIPAN,LIHC,False,0.001981169029678237,2.798023808738483
PCPG,PRAD,False,0.018950908921672116,2.5016979470039633
UCEC,BRCA,False,0.06530854303625194,2.829712101368745
LUAD,LUAD,True,0.07514839752080105,1.971338453981069
THCA,THYM,False,0.1766675456989205,1.9899769375053251
STES,CESC,False,0.05812086218403981,2.761429600968125
SKCM,SKCM,True,0.8092185171578746,0.6779688442061635
GBMLGG,PAAD,False,0.06863009796230748,2.773598018098777
COAD,COAD,True,0.4622932843526161,1.6633386934871406
CESC,STES,False,0.2264576362012361,1.3116761659287273
PRAD,KIPAN,False,0.003157913658375644,2.71127825309755
BRCA,LUAD,False,0.028276013138488765,2.6227292981210253
OV,LIHC,False,0.08562849263659796,2.7925599177841023
LIHC,STES,False,0.09471234950598761,2.5027767172291395
LUSC,LUSC,True,0.7906592685687052,0.46367049975242997
COAD,COAD,True,0.7599252017895904,0.8734956874428708
SKCM,SKCM,True,0.9980717501626445,0.015075137834161915
LIHC,LIHC,True,0.2284407494127026,2.4559248248744736
BRCA,BRCA,True,0.5238166652774292,1.7171680157085634
LUAD,CESC,False,0.003419369283277185,1.84088619089816
KIRC,LIHC,False,0.023840852770084922,2.8894771293995483
STES,PRAD,False,0.017282032277231213,3.057631292945653
BRCA,BRCA,True,0.2662523335957509,1.95797094655637
TGCT,TGCT,True,0.22969776286676852,2.4687337586327804
BRCA,OV,False,0.06826601744494543,2.3378746693814447
PCPG,PCPG,True,0.22379442423342288,2.1990311043676094
KIPAN,PCPG,False,0.06480320702151438,2.548425220750724
KIPAN,CESC,False,0.19161535777076488,1.6715020573949266
BRCA,BRCA,True,0.1797681896947038,2.3443546242218583
STES,STES,True,0.745674198685908,0.8067444403049138
UCEC,BRCA,False,0.30386631945099285,2.1596490254108613
STES,STES,True,0.3414822959074083,1.8620699742417173
UCEC,UCEC,True,0.5717230298362943,1.5322119187692143
LIHC,PRAD,False,0.0151457115725694,2.9088251932030347
HNSC,HNSC,True,0.1277589142476635,2.183448151506087
SARC,SARC,True,0.14553308446277002,2.862145743983614
PAAD,OV,False,0.0884944602750887,2.3294106657704634
LUSC,LUSC,True,0.09425999316728215,2.1959755725652768
PRAD,LAML,False,0.10181724077522708,2.360962751349048
SKCM,SKCM,True,0.9033847875987377,0.4130476283923999
BRCA,BRCA,True,0.5664842686975635,1.2273369305651174
CESC,HNSC,False,0.04685802644753495,2.286808310974563
LUSC,CESC,False,0.010308012631122215,2.472891830267095
KIRC,KIPAN,False,0.49313097522355037,1.3920574933853442
KIPAN,KIRC,False,0.03388026280611353,2.6177680701715627
BRCA,BRCA,True,0.10315830902294088,2.477705484079315
DLBC,DLBC,True,0.9751109273779955,0.1596192553746405
BRCA,LUAD,False,0.24700845362900525,2.461334679324689
COAD,COAD,True,0.7623001922121991,0.7045928823225334
GBMLGG,GBMLGG,True,0.22754379043877343,1.688827901116673
TGCT,TGCT,True,0.0837928179801469,2.8224350821368853
THCA,THCA,True,0.7487947396068974,0.9839159631761962
HNSC,HNSC,True,0.4795312352343237,1.4240453891733638
HNSC,HNSC,True,0.23971239624009458,1.8283229392844063
HNSC,HNSC,True,0.4958508029556319,0.8627093209749462
LGG,LAML,False,0.8128622648027892,0.8123281242810302
SKCM,SKCM,True,0.9981734472235213,0.011210383779631149
GBMLGG,SARC,False,0.02245021598384357,2.9394315489362683
KIPAN,TGCT,False,0.025651529011777627,2.846107984202664
BRCA,HNSC,False,0.06021575517868211,2.5306361388049616
SKCM,THCA,False,0.23459489676677883,2.0065607887692356
LAML,THYM,False,0.00927339565493171,2.2421408139027625
GBMLGG,GBMLGG,True,0.4471944368526211,0.7331734902309971
LGG,LGG,True,0.20019029351531376,0.7023663303375394
SKCM,SKCM,True,0.996280834762266,0.01872691017879847
PRAD,PRAD,True,0.04622868829522182,2.890101193796549
STES,COAD,False,0.015350804378003846,2.435847544542006
LIHC,LIHC,True,0.2966534772921885,2.092496927257039
SKCM,SKCM,True,0.6347821772072025,1.5285882398099448
SKCM,TGCT,False,0.08167264849764191,2.7621296168021257
COAD,COAD,True,0.094700871781417,1.7704617658746433
PCPG,PRAD,False,0.0018688142230033344,2.484840219756711
STES,COAD,False,0.10873146703860495,2.012422938487214
STES,STES,True,0.4816764201698184,1.4369508264707769
CESC,KIPAN,False,0.19078412670894357,1.5926794080254953
CESC,LUSC,False,0.1417502463776079,1.707636478992888
COAD,COAD,True,0.898298231850519,0.3396866022530174
SARC,PCPG,False,0.01597103495117083,2.7408034206669636
SKCM,SKCM,True,0.895268716502905,0.47338769665674535
GBMLGG,GBMLGG,True,0.2903003217035,2.035494975418989
GBMLGG,STES,False,0.06873185519761904,2.9331722819194965
PAAD,PAAD,True,0.3182788555799023,1.925778356620493
GBMLGG,UCEC,False,0.006808131798772432,2.11305038495988
PRAD,PRAD,True,0.002431027856124812,2.8532288049387198
LUSC,LUAD,False,0.4114087748011517,0.9786235427576978
BRCA,BRCA,True,0.5505418121811448,1.5395176288822676
STES,STES,True,0.06889456608843642,2.0587834603366915
PRAD,PCPG,False,0.03326892844746701,2.3837894116439906
THCA,THYM,False,0.3682468899915765,1.7479103609590991
ACC,ACC,True,0.5355396039733651,1.4245735284861172
LUSC,LUSC,True,0.48833427733964974,1.3424136710506067
KIPAN,LIHC,False,0.09916305484735369,2.8528589461854588
THCA,THCA,True,0.9486349062912188,0.27082014669657206
LUSC,LUSC,True,0.28325624335051014,1.8990155251972227
STES,SARC,False,0.05116572634210731,2.8138020278651705
BRCA,PRAD,False,0.009523600036107638,2.591198161732376
PRAD,PCPG,False,0.05280108695774158,2.4551296067754347
OV,HNSC,False,0.010314241683861275,2.5227619411980746
LGG,TGCT,False,0.11852028289890927,2.8591985105774387
LGG,LGG,True,0.0715345158043807,1.2753354378906074
OV,PAAD,False,0.07073988175653709,2.5476926871175536
GBMLGG,LGG,False,0.395880503535788,1.3074740700017138
GBMLGG,LGG,False,0.3185692447408881,0.8181628371284312
BRCA,BRCA,True,0.24515377046433348,2.193137348978491
KIPAN,KIPAN,True,0.20347884240974318,2.023099565921623
BRCA,BRCA,True,0.5981642435020642,1.427490343076922
SARC,PCPG,False,0.04734023708919306,2.886922683517203
BLCA,HNSC,False,0.11598389014986749,1.9180270007155575
GBMLGG,STES,False,0.010561757023298868,2.7855115966678126
STES,STES,True,0.46205763893201307,1.0604034483557514
STES,HNSC,False,0.2962700829767466,2.1272649019829126
UCEC,UCEC,True,0.42283596946158275,1.6961064661445027
CESC,PCPG,False,0.32297434560744964,2.2433679029891462
LGG,LGG,True,0.5817056716480608,0.6173414683842888
LUSC,LUAD,False,0.3091782789775059,1.1996962282608112
GBMLGG,GBMLGG,True,0.084784770188402,2.4631212452039786
CESC,CESC,True,0.37318199717649625,1.8556120216686947
UCEC,UCEC,True,0.15492175992519303,1.6151651178157622
BRCA,PRAD,False,0.02245873289420372,2.683129123236574
LIHC,BRCA,False,0.07091499886519625,2.5855382394981783
CESC,CESC,True,0.2746472005832895,1.932896351753538
COAD,COAD,True,0.8080759050294517,0.7990865907803354
BRCA,OV,False,0.2329259975545489,2.2555952539292976
UCEC,UCEC,True,0.10197828460073705,1.8386673860588298
KIPAN,KIPAN,True,0.40385240381717563,1.0519297495089848
CESC,PRAD,False,0.010849422519274843,2.930926047267043
LUSC,LUSC,True,0.38873006254116316,1.9465523084591458
PCPG,PCPG,True,0.0036397875121997048,2.269835471829226
BRCA,PCPG,False,0.0208230175099679,2.405145852000735
SARC,PRAD,False,0.07009964798626533,2.8433891947822256
SKCM,SKCM,True,0.8242470139729403,0.7035129972832739
THCA,THCA,True,0.54024588304546,1.655689401913279
THCA,THCA,True,0.6770664328079263,1.212895200827759
LGG,THCA,False,0.9908551852901796,0.05194934766862567
SKCM,SKCM,True,0.9438526966263305,0.26682375891268034
THYM,THYM,True,0.36993326410251937,1.4812800756806102
ACC,ACC,True,0.9853421991760621,0.0994120230168719
BRCA,BRCA,True,0.3990446000774269,2.0830226981591133
HNSC,LUSC,False,0.5846669291727744,0.9416890624717263
BRCA,KIPAN,False,0.07677669471013154,2.6318253861530136
SKCM,PRAD,False,0.06575361801541492,2.932437703843947
STES,COAD,False,0.7229424622057141,0.8969324785089752
KIRC,KIPAN,False,0.07624912342295814,1.8352719200270893
KIRC,KIRC,True,0.038448541370862066,0.9757085459707708
UCEC,UCEC,True,0.7063783402724649,1.2035734410281027
CESC,UCEC,False,0.12175691932172655,1.7776646945140586
KIPAN,KIPAN,True,0.2247420990268218,2.459150766849817
HNSC,HNSC,True,0.338301483257568,1.9326515476345323
SARC,PRAD,False,0.033004523985373874,2.462216706874064
GBMLGG,LGG,False,0.44988086745864764,0.6504788612865072
LGG,LGG,True,0.005409538389439833,2.7176991383476654
LGG,LGG,True,0.466236578346535,0.8753069056754071
THCA,THCA,True,0.8397475212573705,0.7078028779529864
OV,THCA,False,0.005419328882914409,2.623372077375866
SARC,OV,False,0.04717405110744308,2.3974006050769168
KIRC,KIRC,True,0.2934971225570078,1.240924456672363
PRAD,KIRC,False,0.055775162934655564,2.687449436191435
LUAD,STES,False,0.48865514002318505,1.1366831990229702
SARC,SARC,True,0.1476077397018882,2.866970256075375
KIPAN,KIPAN,True,0.5758983943646031,0.816110819584583
BRCA,BRCA,True,0.5076830948366036,1.8307734589617006
UCEC,BRCA,False,0.18917565354410437,2.0925420216478106
GBMLGG,LGG,False,0.09117844403932951,0.819549721791964
OV,LUSC,False,0.15570636620477643,2.193631112713232
LUSC,LUSC,True,0.4255429967954891,1.6036003535297656
SARC,PCPG,False,0.05173872672355942,2.690802436567396
LUAD,OV,False,0.18276113379158046,2.086160761446969
SARC,BRCA,False,0.009280599891409752,2.935227855101351
KIRC,TGCT,False,0.08808508424534042,2.8515410320991013
COAD,PAAD,False,0.4630420999779985,1.8781607350899518
BRCA,BRCA,True,0.1785795616202284,2.5948718210015667
COAD,COAD,True,0.8790104340488903,0.40432948898955823
CESC,CESC,True,0.057320273171461794,2.8140379477080115
KIRC,BRCA,False,0.036442743448668324,2.9585001219666287
BRCA,BRCA,True,0.04981586277211461,2.2355390438738656
STES,STES,True,0.24005237592583847,2.020834728452625
BRCA,BRCA,True,0.12045560001579805,2.1051909426213262
LGG,LGG,True,0.3388981496893228,0.92333545608203
BRCA,OV,False,0.11059762240060944,2.479144584716796
TGCT,TGCT,True,0.11581392691394853,2.748845798352616
COAD,COAD,True,0.681162544810579,0.9258110444324227
LAML,PCPG,False,0.09737924893772651,2.4138911340819575
KIPAN,KIRC,False,0.09564795752530159,1.4317600930860335
KIRC,KIPAN,False,0.0005249529801973907,2.7243438617169478
SARC,PRAD,False,0.027633263522040208,2.659582748218818
KIRC,SARC,False,0.04581575186325679,2.832224766302914
BRCA,SARC,False,0.044342255600934466,2.8153007670664247
STES,COAD,False,0.04487192643304895,2.768900477814783
TGCT,SARC,False,0.047179228656763036,2.8155467853196474
UCEC,UCEC,True,0.0836232953967487,2.5194967797914507
KIPAN,KIRC,False,0.2169379304383977,1.8487851917442288
BRCA,BRCA,True,0.6826559409354374,1.1701994401483022
SKCM,SKCM,True,0.9770351009218712,0.10335332503925088
TGCT,SARC,False,0.0389898571342161,2.6488194419895628
STES,OV,False,0.09490694127722397,2.7138592611737584
KIRC,KIRC,True,0.0811918112604137,0.8887000181665311
LAML,LAML,True,0.16847662213858522,2.303238892402088
BRCA,BRCA,True,0.6905986182868753,0.9546172573721173
LGG,LGG,True,0.28225987011383974,1.0910623076778478
STES,COAD,False,0.05440122007758008,0.9331766008843656
HNSC,LUAD,False,0.7429948191690776,0.8101569587195041
PCPG,THYM,False,0.3405417435522259,1.4528012223984064
PCPG,OV,False,0.10494011280768745,2.2503147063754665
BRCA,BRCA,True,0.8428765123550165,0.6870253742832165
PAAD,THYM,False,0.10307949005903633,2.512311310470508
BRCA,BRCA,True,0.26200726303350813,2.0011446956562224
GBMLGG,PRAD,False,0.04640618001227215,2.8372223504147924
KIPAN,UCEC,False,0.09008030991890909,2.7281431243796677
PRAD,GBMLGG,False,0.0024093686019700244,2.7901388393169566
BRCA,BRCA,True,0.8226294084112473,0.88296836340737
PRAD,LIHC,False,0.2677438201149518,2.320534900134088
BRCA,BRCA,True,0.619615442581222,1.2673187703577284
BRCA,UCEC,False,0.13765796623976334,2.2243532408315208
STES,STES,True,0.2956636536723745,0.6908884130385546
PRAD,LGG,False,0.13160411348227805,2.2272811596394457
HNSC,OV,False,0.03275270638427308,2.5962603511068583
GBMLGG,LGG,False,0.3082002526095282,0.8781043042154643
GBMLGG,TGCT,False,0.0241720754529845,2.948693487040861
LUSC,LUSC,True,0.7266333912871472,0.7971352426504181
PRAD,SARC,False,0.055174601501844445,2.74602453086461
LGG,LGG,True,0.34419456372736756,0.7666962775595649
PCPG,LAML,False,0.2745928437856975,1.8311533960517177
KIRC,OV,False,0.09697641994504458,2.484185038539759
HNSC,UCEC,False,0.07895225341286607,2.2606881431039696
BRCA,GBMLGG,False,0.0037696064325989653,2.5475018912812977
COAD,PAAD,False,0.03394706540937151,2.9797809523441865
LAML,LAML,True,0.8070707703672462,0.7586147791001424
LGG,SARC,False,0.10199151758654587,2.3557682064083294
THCA,PRAD,False,0.01776801163061409,2.9091190788705203
LAML,LAML,True,0.187510875540627,2.617274476095721
UCEC,UCEC,True,0.4840762417315576,1.0123694742978526
PRAD,PCPG,False,0.026981070110013244,2.5672555242055286
ACC,ACC,True,0.44128351504627905,2.1407039854242855
KIRC,PRAD,False,0.01405309197369456,2.4778698792607314
GBMLGG,LGG,False,0.24170002552610093,0.8339658936456094
SKCM,SKCM,True,0.8160155336985354,0.4971351556234509
LUSC,LUAD,False,0.18308648585475645,1.4469535544444898
LGG,LGG,True,0.5002977896869605,0.7000358292617465
BRCA,BRCA,True,0.7555883539179811,1.0077487531992848
GBMLGG,GBMLGG,True,0.13426637417163825,2.7351759151667294
PAAD,OV,False,0.06154933146197547,2.371713872733815
COAD,COAD,True,0.7328163239231563,0.8892069173556258
KIPAN,LIHC,False,0.12649035106276593,2.7932392222853832
COAD,COAD,True,0.8673614897339584,0.5429178327277615
LUAD,LUAD,True,0.40530480595096685,1.0458416849271348
HNSC,HNSC,True,0.07535151887056177,2.528756907593334
PRAD,PCPG,False,0.038948742556254606,2.5545085200931963
LGG,LGG,True,0.4471651878290195,1.0490416518779409
THCA,PCPG,False,0.03436508867909388,2.150558487718749
SKCM,SKCM,True,0.31122589499781333,2.076306133383429
BRCA,OV,False,0.11336744049396691,2.4357681342192783
STES,STES,True,0.9180319550794456,0.30499031895630213
HNSC,CESC,False,0.24789855522491042,1.5502876102630085
GBMLGG,LGG,False,0.3015280232277087,0.9084549324147905
PCPG,PCPG,True,0.1825611861018336,2.298920562244304
LGG,LGG,True,0.36204440383803155,0.851366248622772
BRCA,BRCA,True,0.5358200783889846,1.8785928584286995
COAD,COAD,True,0.7215832831796555,0.985466331011079
KIRC,BRCA,False,0.12580905842985116,2.219671633409274
STES,UCEC,False,0.006954550583874286,2.2225272130227807
THCA,PCPG,False,0.018341959009641612,2.475212066241875
DLBC,DLBC,True,0.41111395727071454,1.7845816413092386
LUAD,STES,False,0.24928675344384826,1.8394870529485483
THCA,THCA,True,0.8024422755721599,0.8295098439526513
PRAD,SARC,False,0.09671088321061666,2.4681012674178273
THCA,THCA,True,0.8608484819430071,0.6280295213198649
GBMLGG,LGG,False,0.4461413841360661,0.9698362793526538
LUSC,LUSC,True,0.2501818015202567,1.6984139570256935
KIPAN,KIPAN,True,0.31460106499110346,1.0382834261614295
KIRC,KIRC,True,0.11796326299351054,2.5469278084749973
LAML,THYM,False,0.03441440910614141,1.8587622385382778
KIPAN,KIPAN,True,0.33326568084459923,0.79077178914537
GBMLGG,GBMLGG,True,0.007303118298698841,1.1169886705280927
HNSC,SKCM,False,0.8569971138685037,0.3444681675836329
OV,LUSC,False,0.008184626629474334,2.447219343732393
THCA,THCA,True,0.8913718859188068,0.5358783300060429
THCA,THCA,True,0.9385857148199033,0.31890068913379677
GBMLGG,KIPAN,False,0.06734493454792344,2.9102293015382656
PAAD,OV,False,0.011422082668766737,2.41681366874557
GBMLGG,SARC,False,0.024865088647060635,2.998631850107738
THCA,THCA,True,0.9607085761197209,0.20226927953241353
GBMLGG,LGG,False,0.23248803940333396,1.1026949641766703
SKCM,SKCM,True,0.6841975602454848,1.0744680823915187
LGG,GBMLGG,False,0.38011230303179,2.154184350629559
BLCA,CESC,False,0.15334592361179317,1.3499640624509448
KIPAN,KIPAN,True,0.045485289212649965,2.5285512517375306
CESC,CESC,True,0.05993093431598284,2.492602975300395
LIHC,KIPAN,False,0.07291284390269148,2.394609210930693
GBMLGG,THYM,False,0.044478341638037905,2.1920469598715475
KIRC,KIRC,True,0.1679607693299482,0.9902590906959612
OV,PAAD,False,0.05840421994824957,2.2719021111181763
BRCA,SARC,False,0.018456860594649654,2.8174193240079455
SKCM,SKCM,True,0.7410329458646537,0.973320790968955
PRAD,PRAD,True,0.13682581553600878,2.5997501292775014
SARC,OV,False,0.15673415957662928,2.4355290408353842
OV,OV,True,0.06922049602848318,2.463148243633646
KIPAN,KIPAN,True,0.028267235889995496,2.3883375111201923
OV,LUSC,False,0.29800924434731113,2.0190142980973262
KIRC,KIRC,True,0.41898329154326713,0.8315078273920767
SARC,OV,False,0.0908838641961662,2.683780745495984
SKCM,SKCM,True,0.924459348732133,0.32147030719209113
THCA,KIPAN,False,0.06535916946663209,2.7860951470214057
PAAD,PAAD,True,0.22556740590321528,2.477266756345595
SKCM,SKCM,True,0.4686220560745037,1.6123999979004537
LUAD,LUAD,True,0.7084334678975575,1.0500245375909696
HNSC,HNSC,True,0.3496207389488732,2.1213291291682146
BRCA,THYM,False,0.032974763963822096,2.5975319154783754
OV,OV,True,0.006580680697424568,2.0983270553973625
LUAD,LUSC,False,0.5268341863054158,1.2841481853563304
STES,STES,True,0.8651739139788512,0.566842463764091
PAAD,OV,False,0.35226888269467493,2.2535955913567762
THCA,THCA,True,0.41102191169444535,1.927588911401274
OV,OV,True,0.4204818513599897,2.1185660078715056
DLBC,STES,False,0.09651616584503853,2.0716414105478873
COAD,STES,False,0.04688123989747975,2.5605230940320522
GBMLGG,LGG,False,0.19668185277596573,0.826292901787565
PAAD,PAAD,True,0.259626453594859,2.3499000986205103
SKCM,SKCM,True,0.9997698954826147,0.0017799756554720558
LAML,LAML,True,0.7769058577043509,0.801936356484675
LUSC,LUSC,True,0.5802273886795684,0.8272967458708955
PRAD,PRAD,True,0.15314904490923914,2.3484924195447703
HNSC,HNSC,True,0.77060760907058,0.738822740650777
PCPG,PRAD,False,0.06295512531618652,2.555607681189926
BRCA,HNSC,False,0.05587681625122448,2.528514848082863
OV,OV,True,0.13756285788777783,2.4912869973580194
CESC,THYM,False,0.1309471283946454,1.9189642176005544
KIPAN,PRAD,False,0.03955199992209674,2.8532912738742753
BRCA,PRAD,False,0.06259580694302473,2.8572553302949557
TGCT,TGCT,True,0.2801605846257825,2.2930849738227295
SKCM,SKCM,True,0.67052917417628,1.2233489282100352
STES,STES,True,0.12007633547367709,2.620445163531233
KIPAN,KIPAN,True,0.41817869392487694,0.9068174189579469
BLCA,BLCA,True,0.25707551595419575,1.5685762047843355
BRCA,BRCA,True,0.8401922876651666,0.746796518604062
CESC,SARC,False,0.01760630995610063,3.0581195906585052
UCEC,UCEC,True,0.28004605853304715,1.428127850309897
SARC,UCEC,False,0.008009195062959162,2.481590672554869
KIPAN,TGCT,False,0.0769680355124211,2.5780224442152218
PRAD,KIPAN,False,0.03647640333892255,2.5715785143210046
THCA,PCPG,False,0.06322836954675562,2.3043714314616217
KIRC,GBMLGG,False,0.09254032733788939,2.4153032483139873
PRAD,PRAD,True,0.10967404877384493,2.6724009383915277
KIRC,SARC,False,0.057230970047981444,2.9675556116595234
LAML,LAML,True,0.9982226979385324,0.012781328634907796
LIHC,UCEC,False,0.024845538191168942,2.2870481658778967
KIPAN,KIPAN,True,0.04865520419669034,1.0116525512527605
THYM,THYM,True,0.36993326410251937,1.4812800756806102
HNSC,OV,False,0.03257642495988805,2.3866459188372184
LUSC,LUSC,True,0.1860603962308708,2.014828438857081
LIHC,LIHC,True,0.021775440787887873,2.557630942557783
LAML,PCPG,False,0.02276801201836333,2.815263440980378
THCA,THCA,True,0.9603478132212375,0.20093101714270944
PRAD,THYM,False,0.11313497840722084,2.380989584459674
THCA,THYM,False,0.26730954490983344,1.5672819392438864
CESC,CESC,True,0.05083244888196428,2.4129214094474727
STES,STES,True,0.17295542200288289,2.4978169556847134
LUSC,LUSC,True,0.07193689974945872,1.7664653065068994
TGCT,TGCT,True,0.08603287632347481,2.644438154685728
PAAD,PAAD,True,0.23224260030576882,2.3162781409858404
THYM,BRCA,False,0.038470281168923315,2.6892693824201097
LUSC,LUSC,True,0.6954064362842537,0.8220304480152238
OV,PCPG,False,0.02739098461468728,2.6615948514179326
SARC,SARC,True,0.04786486584904623,2.8787264552458285
OV,PRAD,False,0.021591126959009332,2.8854407586993034
TGCT,CESC,False,0.08872698567637308,2.684347118879711
LAML,LAML,True,0.06710519850787634,2.670280531282551
BRCA,GBMLGG,False,0.014762684218227268,2.8055974835205006
KIPAN,KIPAN,True,0.09319291718121364,2.707811017338691
SARC,SARC,True,0.1364759953736458,2.656794231673613
PAAD,OV,False,0.11962262082871283,2.460624476374752
KIRC,CESC,False,0.022377739492426788,3.024492521203439
KIRC,KIRC,True,0.33871518529516004,1.0212832430735075
SARC,LIHC,False,0.008255570977010185,2.8154461718982366
SARC,SARC,True,0.045814468923322055,2.791348918438505
DLBC,DLBC,True,0.19544104434187698,2.1746340238728528
LGG,LGG,True,0.08984047421419988,0.8473984243492394
BRCA,BRCA,True,0.973454089321928,0.13672613007179082
SKCM,SKCM,True,0.612094124922185,1.516375815751197
PAAD,COAD,False,0.002570539992480414,2.2099582779322566
KIRC,KIRC,True,0.014746606931058504,2.299305343393119
BRCA,THYM,False,0.07950107133355791,2.2343964347172527
SARC,OV,False,0.09746825716454921,2.282521224774167
LUAD,LUSC,False,0.07144069549945803,2.0621199409055504
BRCA,BRCA,True,0.06259526105399077,2.11828365074831
GBMLGG,LGG,False,0.26254787160663445,0.7212681567663579
KIPAN,KIPAN,True,0.6799457540923685,0.6117217001021049
COAD,SARC,False,0.029223160153086347,2.8904856414471847
TGCT,TGCT,True,0.016582249784313025,2.8692040561891177
BRCA,OV,False,0.10361329166962575,2.6558807792582675
GBMLGG,LGG,False,0.2858814130992205,0.7072576828860597
PRAD,THYM,False,0.16276961817511493,1.9281719971507558
LUAD,LIHC,False,0.3108739250428208,2.246708197466723
BRCA,SARC,False,0.015028863942326498,2.864701115887065
PRAD,OV,False,0.16180611564667755,2.344055116059941
SKCM,SKCM,True,0.9863340958544892,0.06892322212979199
PCPG,SARC,False,0.09125614407681376,2.476576043063797
THCA,THYM,False,0.012521268581869222,2.368354085417595
KIPAN,KIPAN,True,0.4102927684669919,1.7666700287583648
SKCM,SKCM,True,0.9971613637512956,0.019280487400449554
LGG,LGG,True,0.27640699540881347,0.7459605987346003
UCEC,KIRC,False,0.04398371094906052,2.813685703673126
GBMLGG,LGG,False,0.061058640469379255,1.9201378904358601
BRCA,CESC,False,0.24902931620620575,1.7067973142913004
UCEC,OV,False,0.015111877641260013,2.392523148430063
STES,STES,True,0.45443717599690003,0.93680653236016
STES,STES,True,0.6692713853550961,0.6018511614098063
LIHC,LIHC,True,0.05067436495593505,2.760692801740068
KIRC,KIRC,True,0.11525074855360279,1.0820744412717116
BRCA,CESC,False,0.09153362763383247,2.825365605780333
STES,LIHC,False,0.29951200223976865,2.041209225104409
CESC,CESC,True,0.06180768107270601,2.2747354662027504
COAD,COAD,True,0.7733761133122534,1.1099278708322449
LGG,LGG,True,0.3166067096848047,1.0587257754478707
LAML,LAML,True,0.9923833797997262,0.04739651752883247
SKCM,KIRC,False,0.0032876878624703842,2.7871436223486312
GBMLGG,GBMLGG,True,0.1895782492925775,0.8331883901427333
LUAD,STES,False,0.04151885559958113,2.291867547045905
GBMLGG,GBMLGG,True,0.16464506240561963,2.7117577376322415
BRCA,KIRC,False,0.0012337267240846994,2.8103097071233205
HNSC,SARC,False,0.08272924530011874,2.653910599700186
SKCM,SKCM,True,0.9121435082490164,0.3596936999336825
PCPG,PCPG,True,0.09916357691438701,2.5500789665315273
BRCA,PRAD,False,0.08500725779047782,2.6423912244349506
BRCA,LUAD,False,0.008845612661625618,2.3383744039156635
THCA,PAAD,False,0.2501947603437734,2.6714631550898424
HNSC,HNSC,True,0.6450531568635496,1.260734036012829
LGG,PAAD,False,0.0792616096951652,2.8966766817927607
LGG,LGG,True,0.31173410353701453,1.0963234232442571
LUAD,LIHC,False,0.09716481426093662,2.5086803442329297
LUSC,OV,False,0.018436028022476347,2.3374641915472294
LUSC,HNSC,False,0.01572553735297602,2.134261637904596
HNSC,HNSC,True,0.007103637463535789,2.1237937781453784
THCA,OV,False,0.09374928638134067,2.5047048077837424
BRCA,PRAD,False,0.00996617177207361,2.914683692667564
COAD,COAD,True,0.06763181566370852,0.8196682297437847
LAML,GBMLGG,False,0.39577488758056734,1.1128690397977445
GBMLGG,GBMLGG,True,0.09114736223089713,2.821969732379369
PRAD,PRAD,True,0.026065447832237243,2.6156042117059566
BRCA,PCPG,False,0.0277076956223105,2.820205528061539
PRAD,LAML,False,0.14031261616537902,1.866752563389511
HNSC,HNSC,True,0.08996799734572736,2.414461072502466
GBMLGG,KIPAN,False,0.07473240996331254,2.9574353628810934
LUAD,LIHC,False,0.07398924553234663,2.8300743551265604
CESC,CESC,True,0.15550469173204257,2.430424301106112
COAD,STES,False,0.467521322333413,0.9516886958101671
SARC,OV,False,0.013758346512085268,2.509629020677041
BLCA,BRCA,False,0.10048914378003462,2.5546769021003928
KIPAN,PRAD,False,0.05269824753958782,2.753074839689433
LAML,PCPG,False,0.08429698288613277,2.350085103410743
UCEC,HNSC,False,0.24513832258713508,2.372604335360163
PRAD,BRCA,False,0.002486750466143106,2.8377447532711457
LAML,LAML,True,0.9891842427389418,0.0741159304494758
SARC,TGCT,False,0.017079032838258193,2.995648767755275
KIPAN,KIPAN,True,0.6910991095138089,0.8056639785193084
LIHC,LIHC,True,0.5643583831261579,1.1451370098004263
KIRC,KIRC,True,0.4564261918633899,0.8236723344649075
GBMLGG,GBMLGG,True,0.28525107561170193,2.4317643982816555
COAD,COAD,True,0.873079329023886,0.5259374876286622
LUSC,HNSC,False,0.1746605302314183,1.4981514804431424
LUAD,OV,False,0.0058432963038861085,2.7575872882644066
KIRC,THYM,False,0.32428152138042404,1.586172391660965
PRAD,PRAD,True,0.1770482672627219,2.580843155513627
LUSC,LUSC,True,0.5628792996432085,1.2199557974237603
THCA,THCA,True,0.8768369002964332,0.6291944653353695
KIRC,KIRC,True,0.07209038613585109,2.8060053808271737
STES,STES,True,0.08094516363879772,1.6553312349137654
ACC,ACC,True,0.9703575307149418,0.14305335756678647
BRCA,PRAD,False,0.05748243511152312,2.6058002714399358
LIHC,LIHC,True,0.5169529256320619,1.846650856879469
BRCA,PCPG,False,0.019937219267598755,2.7035326518155194
BRCA,OV,False,0.14745151582170213,2.2699278433094827
GBMLGG,LGG,False,0.22339849992690664,0.7675540546651504
THCA,BRCA,False,0.10913264219888702,2.6177009225643717
KIRC,KIRC,True,0.4277881755749226,1.0915937785008663
THYM,THYM,True,0.3435385030404202,1.4990457161393547
LAML,THYM,False,0.04924832615259617,2.409813401514471
BRCA,CESC,False,0.06431227809968854,1.746770251472904
BRCA,BLCA,False,0.026505948744214497,2.509625754424339
LGG,LGG,True,0.07058200517786911,0.8420218569915738
KIRC,SARC,False,0.041767718547232935,2.9245744320314064
PCPG,PCPG,True,0.08802536820762474,2.405204377385818
HNSC,LUSC,False,0.007561236493342949,1.3004084719075897
GBMLGG,GBMLGG,True,0.3903405357366758,1.9453985051764127
COAD,COAD,True,0.5591914105480075,1.4484535101590468
BRCA,PCPG,False,0.05792567388362846,2.1428587639568093
TGCT,UCEC,False,0.11686707856218329,2.529539136799335
KIRC,KIRC,True,0.4776265044803887,0.8339956879061541
SARC,SARC,True,0.07367603683233548,2.7255851158052993
CESC,CESC,True,0.4591553235460243,1.908346592084682
OV,LIHC,False,0.05013433517846891,2.886327138853047
GBMLGG,KIRC,False,0.009532980745156974,2.9237219408192274
KIPAN,KIPAN,True,0.264295808214123,2.3154603283941486
THCA,THCA,True,0.6780682826344308,1.1579137132362367
LIHC,SKCM,False,0.009196251621147816,2.782751999165389
OV,OV,True,0.07173125341877562,2.358861024997682
PCPG,PCPG,True,0.03688964490558652,2.214715799514327
LAML,BRCA,False,0.014547480508797589,2.7423159443210823
HNSC,OV,False,0.1604337441303422,2.281957020367843
ACC,ACC,True,0.6905621312942734,1.1903886783772968
LUAD,LUAD,True,0.463318406829591,1.431539659410252
LIHC,HNSC,False,0.12307206825013203,2.664441658731731
SKCM,SKCM,True,0.9999912374347023,8.514320581342916e-05
UCEC,STES,False,0.37317207666962315,1.75745663162323
LUAD,LUAD,True,0.04811705411392839,2.366655267981279
STES,STES,True,0.1523894764563216,2.2532865939210627
TGCT,TGCT,True,0.021352084054432438,2.873753897683739
HNSC,LUAD,False,0.024892255837742183,2.8665058378413484
GBMLGG,LGG,False,0.004635482931527657,1.440625179272476
BRCA,BRCA,True,0.5542083396571477,1.668865911412933
SARC,KIRC,False,0.1171484315326418,2.853215622165348
THCA,THCA,True,0.8253433502226739,0.8477173230993632
THCA,THCA,True,0.8889272799998729,0.49197865488198705
THCA,THCA,True,0.9181627459958527,0.43261997403921476
BRCA,OV,False,0.19091944063106595,2.436143991062426
GBMLGG,GBMLGG,True,0.19191745857990228,0.7755691179346709
KIRC,KIRC,True,0.08524133887711682,2.6718682469916
LGG,LGG,True,0.5119048937301285,0.9454985078446752
GBMLGG,LAML,False,0.3208985787663556,2.1090831367592178
BLCA,BLCA,True,0.19740042168945665,1.5196973666079914
STES,HNSC,False,0.35235476165549484,1.7226676282194497
BLCA,HNSC,False,0.12676799325372462,2.4294655364355413
PAAD,PRAD,False,0.26299062727487066,2.3981257423610662
TGCT,TGCT,True,0.546862698035038,1.402815388937656
STES,STES,True,0.22913191751426154,2.425329893076953
LAML,LAML,True,0.8260913794338417,0.7130084493917943
PCPG,PCPG,True,0.18313250643052406,2.0520872014863176
BLCA,BLCA,True,0.6394634736243757,0.9975734587454288
PCPG,PCPG,True,0.4547606757897157,1.7478616579764317
PCPG,PCPG,True,0.09653714472273367,2.301224429290793
OV,OV,True,0.16941635767722513,2.17640003255846
BLCA,LIHC,False,0.2709323056140346,1.8140645657772807
BRCA,BRCA,True,0.22701052533821942,2.4662891366548267
BRCA,BRCA,True,0.7544053916862721,1.0602450271666026
STES,STES,True,0.10773768594937777,2.2694107312749514
OV,LIHC,False,0.028128927857831207,2.7751949131173457
GBMLGG,THCA,False,0.5627401875535843,1.6450202432924426
OV,OV,True,0.08919806315303594,2.595815585495585
HNSC,BRCA,False,0.2689578786094312,2.55293591707656
ACC,ACC,True,0.8791131901137178,0.465500002869072
OV,OV,True,0.17415745380032224,2.340322743396592
THYM,THYM,True,0.3405417435522259,1.4528012223984064
HNSC,LIHC,False,0.05226077309728326,2.8892946799620405
BRCA,BRCA,True,0.4676586501123928,1.6229318503492662
LUAD,LUAD,True,0.025801956719928687,0.838531110289096
KIRC,KIRC,True,0.1734492914144391,1.391373743449435
THCA,THYM,False,0.3405417435522259,1.4528012223984064
KIPAN,KIPAN,True,0.43319154467237053,1.0914370444669057
SKCM,COAD,False,0.6228838347512776,1.5630164713960855
STES,STES,True,0.07607854616755641,2.5034293465523043
BRCA,BRCA,True,0.17399589120552272,2.575737377757318
BRCA,PRAD,False,0.03496488024175248,2.89317685862027
BRCA,BRCA,True,0.75494029893874,1.0385135671548171
UCEC,UCEC,True,0.7979887183388601,0.9635441731972153
SKCM,SKCM,True,0.9146741913706731,0.37817405762848966
LIHC,LIHC,True,0.7157758291497472,0.8294271464324394
SARC,PCPG,False,0.12636445913546582,2.6931874881098055
CESC,LUSC,False,0.1683585391692891,0.9082668195675468
SKCM,SKCM,True,0.9997629707871816,0.0018238587805369764
PRAD,KIRC,False,0.04671092440166802,2.811773006956062
OV,OV,True,0.19459306761563785,2.285754822015605
STES,HNSC,False,0.00035218895431579633,2.6636950251197167
PAAD,PAAD,True,0.027120410846668358,2.7561281487201725
HNSC,BLCA,False,0.24024715963521387,1.7627130824950892
HNSC,PAAD,False,0.299881352671156,2.1255879841722005
BRCA,PAAD,False,0.1943692763426246,2.1450567276586567
LIHC,LIHC,True,0.08346597371288517,2.655817480069302
LUAD,LUAD,True,0.10729557500996051,0.9097126759567062
HNSC,HNSC,True,0.10487194536001408,2.4965185870383215
STES,STES,True,0.07494425554056322,1.894448870118029
STES,LUSC,False,0.9415346191960248,0.17373270796960455
KIRC,KIRC,True,0.022158977292052018,2.310794991264162
THCA,THCA,True,0.9486070911319217,0.26449580784075377
THCA,THCA,True,0.8088156772056722,0.8625558867817058
LUAD,LUAD,True,0.36704840213325396,2.067449799946527
BRCA,PCPG,False,0.09551759768150028,2.4079830949321788
LIHC,LIHC,True,0.17238928760314387,1.961478684126284
BRCA,BRCA,True,0.44798419960497526,1.989624788873199
BRCA,BRCA,True,0.19400597126326813,1.9454358693816791
GBMLGG,UCEC,False,0.2608797145836987,2.3103258543399607
LIHC,LUSC,False,0.03764812065737655,2.2110369669863945
OV,SARC,False,0.00033872576507891494,3.0567150876718956
UCEC,UCEC,True,0.9371997627863305,0.2338059235787121
THCA,THCA,True,0.9874120879233921,0.07121001234802117
KIRC,KIRC,True,0.06426773215811624,2.8533492664349387
THCA,THYM,False,0.00464688257332152,2.6380842901768475
COAD,OV,False,0.07454108029796375,2.6377217669854414
BRCA,THYM,False,0.020922659880142358,2.486335379749477
LUSC,LUSC,True,0.6493941162781308,0.8314638819152065
THYM,STES,False,0.8057060300479448,0.6027505603946901
BLCA,HNSC,False,0.047838463706142004,2.4768990957458183
OV,PCPG,False,0.0674987953044126,2.3912450656317326
GBMLGG,GBMLGG,True,0.4584105102682634,1.9693218127778
UCEC,UCEC,True,0.014840394074615126,1.669923415126047
SARC,PRAD,False,0.01506572919012536,2.9680650507551416
BLCA,HNSC,False,0.36112045866513764,1.3679751424240125
STES,LUAD,False,0.31198282058468196,1.9861637811008699
DLBC,DLBC,True,0.16995426209465647,2.2682504241237855
SKCM,SKCM,True,0.9901276693756796,0.05097291149991124
PRAD,PRAD,True,0.11385217460270806,2.593123456934133
OV,LUSC,False,0.1294433089016402,2.1620017993617657
KIRC,LIHC,False,0.12649035106276593,2.7932392222853832
THCA,PCPG,False,0.07590116450892012,2.756260099020611
BRCA,BRCA,True,0.02633772579483276,2.5853181333832844
CESC,SARC,False,0.030972081350066877,3.0382982562636762
HNSC,STES,False,0.015489697103319683,2.320268384055852
BRCA,BRCA,True,0.29901305880002377,1.9804081615504732
COAD,COAD,True,0.40528118925492396,2.3438151349845433
GBMLGG,GBMLGG,True,0.0213773555969467,1.8563282504722411
PCPG,PCPG,True,0.09841537543182577,2.630722992297508
OV,SARC,False,0.022524208402060597,2.858922737208625
KIPAN,KIPAN,True,0.2949465751593272,1.0970235381414566
LUAD,LUSC,False,0.4487141763677708,1.240065803991911
SKCM,SKCM,True,0.9982948276766287,0.010649714162639896
BRCA,CESC,False,0.18355063838028884,2.5535842871730083
KIPAN,KIPAN,True,0.10050884676221322,0.877623627664219
KIRC,KIRC,True,0.30018200319471144,0.9927315793412563
THYM,THYM,True,0.06694874705867251,1.943790969282437
STES,OV,False,0.1422756677973436,2.4682865131506015
LUAD,LUAD,True,0.8854752884689037,0.4376369193133551
PRAD,PRAD,True,0.08912778148678363,2.52720960653159
TGCT,TGCT,True,0.18997923521683324,2.6452046726394016
KIPAN,KIPAN,True,0.17663003514474857,0.8674433537818285
STES,HNSC,False,0.07542760688872005,2.5460509749590545
SKCM,SKCM,True,0.7835601757744124,0.5475311245850396
KIRC,GBMLGG,False,0.02958909628836645,2.978635429752137
LIHC,HNSC,False,0.022261679776358817,2.3893054684026236
SARC,KIRC,False,0.02888987251377613,2.812794642050971
LIHC,LIHC,True,0.5621297788797227,1.4687733409687171
KIPAN,KIRC,False,0.1734492914144391,1.391373743449435
PCPG,SARC,False,0.062163909563212466,2.8083411348725997
PCPG,PCPG,True,0.4132363028250061,1.295993828909898
KIRC,KIRC,True,0.5230463519777612,1.073471179223322
KIPAN,KIRC,False,0.11525074855360279,1.0820744412717116
GBMLGG,UCEC,False,0.24898514048673998,2.081338722763298
STES,LIHC,False,0.1052181126279565,2.557101528318191
SARC,SARC,True,0.10461952242874811,2.6208700748203686
LGG,LGG,True,0.34379180917759145,0.851527200108738
CESC,PRAD,False,0.01935021776373505,2.596155014987109
GBMLGG,UCEC,False,0.5040102157504495,1.5184578032870595
THCA,PRAD,False,0.10745512579537268,2.896579444274639
UCEC,STES,False,0.09519331834954126,1.7187769064481542
ACC,ACC,True,0.3230841916846151,2.212285106814903
LUSC,LUSC,True,0.6514256459779431,0.9933239652068403
BRCA,SARC,False,0.022537542947643874,3.0197436200373495
LUAD,LUSC,False,0.5682954620335473,0.698991340135148
PRAD,SARC,False,0.23752349496196135,2.4240760877361693
LIHC,LIHC,True,0.10132921220288865,2.256750786000849
LGG,GBMLGG,False,0.1316470468519567,2.204076501109321
LAML,LAML,True,0.3391678135384323,1.7063076510548336
BRCA,STES,False,0.10118266590568747,2.5491265997690244
THYM,PCPG,False,0.007927536937652774,2.691425013172407
KIPAN,KIPAN,True,0.010463371585431064,2.5109467860526866
KIPAN,KIPAN,True,0.07644989101955879,2.1806753261214666
KIRC,KIRC,True,0.26358875528982023,1.4264384471490301
BRCA,LIHC,False,0.12985590545048953,2.6871427020659913
KIPAN,KIPAN,True,0.061968602995986194,2.6754540705008045
BRCA,PRAD,False,0.10159234118374977,2.7722122838641834
GBMLGG,GBMLGG,True,0.006804592967632805,2.8664762384995717
BRCA,BRCA,True,0.04379385541519476,2.1269954683030274
LGG,GBMLGG,False,0.253651405026059,1.8076582711754905
KIRC,KIRC,True,0.069308232094111,2.7268415008144307
STES,LUSC,False,0.009503275040755682,2.545887019707254
LUAD,CESC,False,0.22668287207929216,2.3909561623601214
KIPAN,KIPAN,True,0.20826784385376057,2.428503585836813
OV,LIHC,False,0.007592455125403463,2.991317253038949
HNSC,HNSC,True,0.11741912706907937,1.8832253121577909
THYM,THYM,True,0.3405417435522259,1.4528012223984064
STES,STES,True,0.2691301570674761,1.931871252016088
SKCM,SKCM,True,0.9460893163397806,0.20843173846007146
KIPAN,LIHC,False,0.008317529794494627,2.601996859506612
SKCM,SKCM,True,0.9517526854690586,0.21703227363758457
GBMLGG,OV,False,0.2606570324646864,2.3935442882785036
LGG,LGG,True,0.5135094457849234,0.8108464583868583
CESC,CESC,True,0.22103201299443448,2.701651222219382
BRCA,BRCA,True,0.432601763543812,1.7155369855011848
BRCA,SARC,False,0.11767745601944804,2.3281520084147647
KIPAN,KIRC,False,0.20415062536982692,1.9139498681964708
HNSC,HNSC,True,0.13003190315383462,1.831638903891432
HNSC,STES,False,0.13060111498011318,1.5257335432870616
GBMLGG,LGG,False,0.09534785517172989,1.4235795728466962
PRAD,SARC,False,0.012495368577999683,2.384294974889694
CESC,CESC,True,0.06209013637099939,3.01885246081147
KIPAN,KIPAN,True,0.1417551750722228,2.7189200759190135
PAAD,OV,False,0.2511781368586329,2.3393873972174473
TGCT,TGCT,True,0.4138795218480503,2.041385162469592
PAAD,OV,False,0.0038341732716678234,2.67755437446421
LGG,GBMLGG,False,0.19711504261628357,1.9690030890636474
CESC,CESC,True,0.2119800486325528,2.1089149866203725
HNSC,GBMLGG,False,0.017525628268281385,2.545620957778361
STES,HNSC,False,0.04636281758653374,2.1862321509722458
SKCM,THCA,False,0.5110189754091121,1.2323113253889817
THCA,PRAD,False,0.20134378325401137,2.6324491918329005
PRAD,THYM,False,0.16593074453294734,2.3229857975237596
LAML,OV,False,0.22582442303327083,2.2980321139584365
UCEC,UCEC,True,0.885805824391248,0.5588345949576857
GBMLGG,GBMLGG,True,0.5324131677582369,1.661759516152207
GBMLGG,LIHC,False,0.015123485927296426,3.0270951089256455
BRCA,PRAD,False,0.03337181249195771,2.876555855199201
KIPAN,SARC,False,0.0067825620621305704,2.5241463303378424
SKCM,KIPAN,False,0.09321150101208195,2.617148471318098
LAML,PRAD,False,0.02442418630930919,2.830279312322218
GBMLGG,GBMLGG,True,0.02905565664650045,1.3457342528645333
BRCA,PRAD,False,0.0010237395477367683,3.046211221959895
HNSC,SARC,False,0.046618848078472525,2.784960236528703
BRCA,BRCA,True,0.29480847160343865,2.108891019878734
UCEC,STES,False,0.31888437383444324,1.7304562011059579
HNSC,OV,False,0.1338282307595609,2.5657861969255666
BRCA,PRAD,False,0.08064549755784042,2.8053380466606086
LUSC,LUSC,True,0.9204543381266386,0.19820044799437353
BRCA,BRCA,True,0.765433955336454,0.8801511998313244
BRCA,BRCA,True,0.2593354255306568,1.7959937959455876
HNSC,STES,False,0.26076183802082786,2.0241767665743997
STES,STES,True,0.43491441602551,1.6399932123590713
BRCA,THYM,False,0.12490592384051283,1.9077806271255975
LAML,LAML,True,0.6443387146190711,1.470633849309887
PRAD,PCPG,False,0.013947337836603152,2.682101675064233
KIRC,TGCT,False,0.09354577346214715,2.488769939192721
KIRC,KIPAN,False,0.14021983369141425,2.768064886109818
BRCA,THYM,False,0.01520825945505333,2.693711629593558
COAD,STES,False,0.04256099145002484,2.3340185988262356
KIRC,KIPAN,False,0.033490389061107156,2.5268838577076846
STES,STES,True,0.5625989577710464,1.3844397231390349
GBMLGG,BRCA,False,0.10401375361082374,2.5284904927713634
GBMLGG,LGG,False,0.19516571719780879,0.7151559507920895
HNSC,HNSC,True,0.029351162074349624,2.535255109537257
BRCA,OV,False,0.3252957808056415,1.9920667030898096
LUSC,LUSC,True,0.45326803836178264,1.3774038498574679
THCA,THYM,False,0.03322426926316949,1.9123033226574804
KIPAN,BRCA,False,0.06707622373215985,2.6473664321289023
THCA,THCA,True,0.9588650165092334,0.20590076964033208
STES,UCEC,False,0.037648186490828295,2.7532881015141526
CESC,LUAD,False,0.10241433762877855,2.258415266446418
KIRC,KIRC,True,0.0424312948884224,2.904421367633117
PRAD,OV,False,0.19908702579488274,2.1100025086764216
OV,LIHC,False,0.01984478716238769,2.823031907346697
PRAD,THYM,False,0.0798390183926207,1.970516128701581
SKCM,SKCM,True,0.8977039130544365,0.5130621824478804
LIHC,OV,False,0.11340331254177373,2.5457862224969494
GBMLGG,GBMLGG,True,0.44092179125988773,1.806800762337134
BRCA,BRCA,True,0.0145856130210677,2.198375412528281
LGG,LGG,True,0.12479529736315187,0.8703557067004395
GBMLGG,GBMLGG,True,0.5878957458322253,1.0742856861908703
CESC,BLCA,False,0.1934988265501189,1.565513378237874
SARC,PAAD,False,0.00013829768734408,2.97463750193525
PCPG,PCPG,True,0.12568245131698824,2.1458906686584873
THYM,PRAD,False,0.08372473363900167,2.6916971253623085
THYM,SARC,False,0.05639489087152566,2.481029591760843
SARC,SARC,True,0.5334034775441218,1.8092473830494302
KIPAN,PRAD,False,0.061002359760031225,2.8958986149365757
THCA,PRAD,False,0.047219668572170886,2.5759818719331986
COAD,COAD,True,0.8799962183554364,0.5871697433344919
BRCA,LIHC,False,0.6590308475149009,1.0163484297271035
BRCA,PRAD,False,0.03535981533936855,2.932863894662137
GBMLGG,STES,False,0.018159485961771,2.7282083248923645
KIPAN,LIHC,False,0.06684600647010218,2.9884096980676325
TGCT,TGCT,True,0.03840896867875597,2.8847447140061773
GBMLGG,UCEC,False,0.3908924267918799,1.3464558366060086
LAML,LAML,True,0.20160558465601677,2.316191201879751
KIPAN,KIPAN,True,0.5300255135842019,1.5340053559653581
KIPAN,HNSC,False,0.10008005018448815,2.6310178473227612
PRAD,PCPG,False,0.14139409120272584,2.3882472864530584
LUAD,LUSC,False,0.5195690064869352,1.3297745090747362
KIPAN,KIPAN,True,0.22658758318879174,1.1631996711632029
LGG,LGG,True,0.22938234436856614,0.8676439286896895
COAD,COAD,True,0.5274130023825965,1.5610079818454983
KIRC,KIRC,True,0.06756724302368033,2.681864537002435
BRCA,PCPG,False,0.004779368064796119,2.3740492145128327
DLBC,HNSC,False,0.2053828733942211,1.9634324514077208
BRCA,KIPAN,False,0.014826848585152236,2.900050515407193
KIPAN,KIRC,False,0.06781553140869262,1.76724630346896
LAML,LGG,False,0.20264338346879524,1.1224352073428214
CESC,CESC,True,0.0488831256412261,2.863183654373513
CESC,PRAD,False,0.05987948389765854,2.824379708358001
PCPG,SARC,False,0.09246095816383063,2.4890854862911453
TGCT,PRAD,False,0.044702767222539214,2.842450363410428
BRCA,SARC,False,0.08363240943629602,2.616197268057786
PRAD,PCPG,False,0.021749571402850526,2.305517208479811
PAAD,PAAD,True,0.18113223312880028,2.399364257817378
KIPAN,KIPAN,True,0.0852430133219757,0.7571415262272425
LUAD,KIPAN,False,0.0025731247121008743,2.9279495990567073
GBMLGG,GBMLGG,True,0.7227720999441904,0.8254944404539739
THYM,THYM,True,0.26730954490983344,1.5672819392438864
STES,HNSC,False,0.12371805840121586,2.187828825869759
GBMLGG,GBMLGG,True,0.057141837794963235,1.0415660873816122
KIPAN,LIHC,False,0.09178589338914965,2.7363142538990526
LUSC,LIHC,False,0.12603123197187682,2.6860629392156476
COAD,PAAD,False,0.05751391086603819,2.3451901311552303
OV,OV,True,0.1355015929570026,2.5959244214432036
OV,OV,True,0.08192504745948131,2.5520208481020292
BRCA,PRAD,False,0.030315788978808766,2.887167648334451
OV,OV,True,0.06198753591172673,2.3417046445990524
THCA,THCA,True,0.8885733535106929,0.5404083068884071
CESC,UCEC,False,0.00924155146898692,2.064059111429186
KIRC,PRAD,False,0.0016917735407142864,2.7296427113171315
BRCA,BRCA,True,0.0622934246657284,2.361225101652814
LUAD,LUSC,False,0.00080941616952937,2.417708677875556
HNSC,CESC,False,0.06337955434603956,2.1196498589894217
BRCA,PRAD,False,0.03791961171434194,2.6742484798794797
KIPAN,SARC,False,0.04912715254240109,2.954152697473616
LIHC,SARC,False,0.036848074795631736,3.0165441213523705
CESC,CESC,True,0.1911875993386144,2.4445393926701007
OV,PAAD,False,0.08215327674712056,2.5708631677391036
HNSC,STES,False,0.027587711480468263,2.2797341833790177
LAML,LAML,True,0.07472812995575093,1.9024600938066623
KIPAN,KIPAN,True,0.10073814980072701,2.445897142579233
LAML,THYM,False,0.16288791926372947,1.906543689759747
LUSC,LUSC,True,0.9088388087113572,0.25382188722698695
ACC,ACC,True,0.8134822817139509,0.7612590328433294
LUSC,LUSC,True,0.24887531731871532,1.9002629346452051
KIPAN,OV,False,0.09697641994504458,2.484185038539759
SARC,PCPG,False,0.11384829300082763,2.5854014302738646
GBMLGG,SARC,False,0.02656530665561975,2.921536025978324
PRAD,LAML,False,0.012822076086052847,2.0123133285475157
PCPG,TGCT,False,0.07837927586493976,2.89531841264872
THCA,THCA,True,0.9803538461830582,0.09948095131122593
SKCM,SKCM,True,0.06731030303028498,2.117928830871259
BRCA,OV,False,0.19587944283809977,2.4041069474182706
OV,OV,True,0.2552940855686104,2.363079283841729
KIRC,KIRC,True,0.13576393543237048,0.9075782608732023
SKCM,SKCM,True,0.965431219661821,0.1631796654625745
PRAD,OV,False,0.22550716700852427,2.107368910349955
COAD,UCEC,False,0.024554297337285425,2.5448601123612535
OV,OV,True,0.019603832738011362,2.597800619053276
LGG,LGG,True,0.6159770711579655,0.8124322140196423
GBMLGG,LGG,False,0.3791733063408684,0.665591858964022
SARC,BRCA,False,0.10767535998178507,2.428249294246941
SKCM,SKCM,True,0.4891688746062074,1.7644953042921119
PRAD,PRAD,True,0.27272703350170546,2.384783323474402
KIPAN,KIRC,False,0.4831671014628208,1.0075591816694607
CESC,UCEC,False,0.41696753731450886,1.5314163428358185
STES,HNSC,False,0.034021184469203075,2.593936774559096
GBMLGG,LGG,False,0.02681913562078636,1.223349464416893
PRAD,PRAD,True,0.0559007186292142,2.5042708633145474
PAAD,PAAD,True,0.33647536361851604,1.7378413356378282
KIPAN,KIPAN,True,0.3623393000611482,0.9652538346544596
GBMLGG,LGG,False,0.061304986552531915,0.8524107324132598
UCEC,SARC,False,0.07239018421175496,2.8339431377203352
THYM,THYM,True,0.26730954490983344,1.5672819392438864
THCA,THCA,True,0.903856657463133,0.47441114995737776
UCEC,TGCT,False,0.013016328140283917,2.2535988348605374
GBMLGG,GBMLGG,True,0.24834701741950233,0.7812820885391044
PRAD,PRAD,True,0.16335396932651852,2.8358592813939407
HNSC,HNSC,True,0.09340959825190975,1.621355681427124
KIPAN,LAML,False,0.012516736691367797,2.6171165417267614
COAD,COAD,True,0.6065885426199811,0.6767353861128589
ACC,ACC,True,0.872723578698481,0.5764185671438247
THCA,THCA,True,0.9823451436447672,0.08834717381768954
KIPAN,PRAD,False,0.07497262755714365,2.4996094567631637
THYM,THYM,True,0.014126390285595092,2.027439202713748
BRCA,BRCA,True,0.7117106068600141,1.1734377614379712
BRCA,BRCA,True,0.3759987700135822,2.143893273105749
KIRC,KIRC,True,0.13179215727470742,2.2904005586134915
TGCT,TGCT,True,0.639637200920177,1.3983332852674406
LUSC,LUSC,True,0.3982175604390415,1.6323846551244363
KIPAN,OV,False,0.02215756393897983,2.6567006831191087
GBMLGG,GBMLGG,True,0.22722902433738928,2.4568350997381434
BRCA,KIPAN,False,0.1950008989146416,2.442377029606159
KIRC,KIRC,True,0.6141157300849709,0.6345858211540416
LUAD,CESC,False,0.1812085060304179,2.033984965945656
KIPAN,TGCT,False,0.03522991510844846,2.9213065260109907
UCEC,STES,False,0.14984437307493031,1.159579928023641
HNSC,STES,False,0.04637649163094276,2.624063156452616
STES,UCEC,False,0.3911961162940233,1.3334585825306167
SKCM,SARC,False,0.10836772097655557,2.7397210390568767
GBMLGG,GBMLGG,True,0.1987838953509931,1.5463241362029425
BRCA,LIHC,False,0.041963390673800546,2.9334084644386627
OV,PCPG,False,0.00297638019955139,2.885659131177802
OV,TGCT,False,0.14301619884357225,2.599136930564612
KIPAN,KIPAN,True,0.2683902631975854,0.9909493149999667
SKCM,SKCM,True,0.9252604313612642,0.2464669285731953
GBMLGG,LGG,False,0.396056400765094,0.676700838475405
BRCA,BRCA,True,0.38667212570709036,2.2593535262591713
BRCA,BRCA,True,0.32615574219866783,2.013124647665044
LUAD,BRCA,False,0.07008215036705037,2.9144322853470417
ACC,ACC,True,0.48250977756324176,1.8300467367828046
KIPAN,KIRC,False,0.016253568095823637,2.917030264342548
COAD,COAD,True,0.751108721641873,1.0320868302647914
BRCA,BRCA,True,0.3496949227679273,2.265670229124365
OV,BRCA,False,0.01898090664109839,2.4075579309981134
HNSC,STES,False,0.17564529106403448,1.8321205317336986
PCPG,PCPG,True,0.2337564824876446,1.9293660557530736
KIRC,THYM,False,0.3405417435522259,1.4528012223984064
BRCA,HNSC,False,0.18517799715851366,2.0284479000460296
STES,PAAD,False,0.33338941805224676,2.063075918446311
LAML,LAML,True,0.005888253751235029,2.179392675840591
KIRC,PCPG,False,0.03220313662058333,2.6586106048357268
UCEC,UCEC,True,0.06326129705954939,1.985472183351844
KIPAN,HNSC,False,0.0720323390581294,2.555573111148635
KIRC,KIRC,True,0.00997749066550524,2.175038770249795
COAD,COAD,True,0.5886451441430115,1.1658627667394943
BRCA,SARC,False,0.02483955690919913,2.9597703303911627
KIPAN,KIRC,False,0.269541892488526,1.2245983245660543
THCA,THCA,True,0.9107295450599938,0.39404482319232415
PCPG,PCPG,True,0.06064792819896413,2.7926534623914976
KIPAN,TGCT,False,0.0747602982711421,2.959333727536728
OV,OV,True,0.11270583453793612,2.5542697762083284
LUAD,STES,False,0.18667301446506826,2.540181319707395
BRCA,PCPG,False,0.03914469453343164,2.4315161681371418
LUSC,LUAD,False,0.18682567856820245,1.7245458397042595
GBMLGG,LGG,False,0.1443794423674657,0.7321479965194563
LUSC,LUAD,False,0.22431775775184631,2.2404123787321204
CESC,LUSC,False,0.16451636298019798,2.385521779371959
LAML,LAML,True,0.2834369322815376,0.9584016134441453
SKCM,SKCM,True,0.01630732365348478,2.1456227903688676
GBMLGG,THCA,False,0.8697013575033721,0.5959698392397605
KIPAN,LIHC,False,0.03314169284096791,2.9171444548572616
LGG,LGG,True,0.2599968299849881,0.8288547780807496
KIPAN,KIPAN,True,0.771292314938243,0.5402189949717545
GBMLGG,GBMLGG,True,0.07129023779120011,2.128777629336298
BLCA,HNSC,False,0.2515296363732002,1.9439686140096413
GBMLGG,GBMLGG,True,0.19623646232049424,1.193067789909342
KIPAN,KIPAN,True,0.15259365363804522,1.4697579422521705
LAML,LAML,True,0.9734958406413194,0.1594342767593716
LAML,LAML,True,0.3067438455598901,0.9495386408446165
BRCA,BRCA,True,0.3455157428887221,2.353413021495564
BRCA,TGCT,False,0.017614482992568736,2.8790098226954
BRCA,BRCA,True,0.9427741354841099,0.3048369116595757
LUSC,LIHC,False,0.17808436608433165,2.158224557923292
KIRC,KIRC,True,0.6367246135687993,0.8037252137592984
KIRC,KIRC,True,0.32479801242517375,1.1081996927326299
TGCT,TGCT,True,0.06786743463003626,2.8591697203925026
PRAD,THYM,False,0.36993326410251937,1.4812800756806102
UCEC,GBMLGG,False,0.5315597260562264,1.708702105245389
DLBC,THYM,False,0.05400008047418793,2.583152407986439
PRAD,KIRC,False,0.0477671376468307,2.896700410295312
BLCA,LIHC,False,0.12146874801976637,2.6528217928454816
ACC,ACC,True,0.7126828006622922,1.096508092688155
LGG,GBMLGG,False,0.40867840438728337,1.8991722167507255
LGG,LGG,True,0.43749955033282095,0.7244753827295948
LGG,PRAD,False,0.036567678528378694,2.9630146423477517
THCA,THCA,True,0.9473836347224,0.2606509168118059
KIPAN,KIPAN,True,0.19301945000296145,2.192097858246745
SARC,SARC,True,0.049186697729579856,2.982496519033382
KIRC,KIRC,True,0.2748899302411981,1.1580490924553124
BRCA,BRCA,True,0.35073209262519256,1.8845085016194445
LGG,LGG,True,0.3272668636420676,0.8675049136334363
LGG,GBMLGG,False,0.07365744630316412,1.3869675260390575
LUSC,STES,False,0.0677722888312007,2.179933945475207
BRCA,UCEC,False,0.3784978818268386,1.6895213391527286
KIPAN,GBMLGG,False,0.03647719459363999,2.5979667670660054
CESC,CESC,True,0.24484980613284368,1.8295774165444836
KIPAN,PRAD,False,0.01405309197369456,2.4778698792607314
KIPAN,KIPAN,True,0.01691055285350651,2.5854831182914673
BRCA,PRAD,False,0.10265340701453732,2.820737092830836
CESC,CESC,True,0.33019691087836384,2.4999023825978615
KIPAN,KIPAN,True,0.049793384644618535,2.8489702634529093
KIRC,KIRC,True,0.24724838873944577,0.8546338719234285
LIHC,LIHC,True,0.26891721379734945,2.432898524432167
BRCA,CESC,False,0.02804551740470565,2.6978790155165377
STES,PAAD,False,0.014434874830772437,2.73927724847341
KIRC,KIPAN,False,0.08106384827903929,2.598603817988475
BRCA,BRCA,True,0.14101133965063412,2.8330419498162924
LUAD,LUAD,True,0.5439877284057811,0.8794319088588762
GBMLGG,LGG,False,0.03363389157214386,0.7780328190018329
COAD,COAD,True,0.7197502630944306,0.8761710821464099
LGG,LGG,True,0.19668185277596573,0.826292901787565
KIRC,KIRC,True,0.18572672149278932,2.2402213931655384
OV,OV,True,0.09206371358878426,2.3861237378848026
COAD,COAD,True,0.35414979508373146,0.8779398278319316
LAML,LAML,True,0.012476176666019467,1.945165543217781
PCPG,PCPG,True,0.0845726011917973,1.9547191999267672
KIPAN,KIPAN,True,0.5210456687056063,0.6981523601105917
CESC,CESC,True,0.1167797849640496,2.736588574546774
SKCM,KIPAN,False,0.015370814961661886,2.9445411557186034
OV,OV,True,0.06077313757800659,2.465593588261965
SKCM,SKCM,True,0.9658739764327113,0.13991110494623013
GBMLGG,GBMLGG,True,0.36471419571021374,2.2309738550359675
STES,STES,True,0.13653146013027814,2.5503948370590526
SKCM,SKCM,True,0.859609309535036,0.5560712469208562
LGG,LGG,True,0.3604041897799138,1.8474844694846912
KIPAN,PRAD,False,0.017582752352979666,2.919175405503939
HNSC,LUSC,False,0.5747221010630664,1.153338314032429
GBMLGG,SARC,False,0.11507483793023722,2.762029028106947
CESC,PRAD,False,0.01279029976143986,2.9906477800943154
BRCA,UCEC,False,0.09411112978943859,2.2121415472613406
UCEC,COAD,False,0.22980376911335665,0.8496344702730636
THCA,PRAD,False,0.10227214261907983,2.7839082873103704
KIPAN,HNSC,False,0.02372460675339623,2.889388931139674
THCA,THCA,True,0.9463633379041612,0.266516146994257
LUSC,LUSC,True,0.7048069488514239,0.6567830884479734
GBMLGG,OV,False,0.02699726734191016,2.4777150386075992
KIRC,PRAD,False,0.0959406497766018,2.7993659972923983
THCA,THCA,True,0.9040660102206475,0.4409198384459038
KIPAN,KIPAN,True,0.010863676434508945,2.9361204582504894
BRCA,THYM,False,0.02626311781315291,1.979658855368172
COAD,COAD,True,0.6137344134947932,1.2417240879238938
KIRC,KIRC,True,0.3028841028799222,1.8758076562968187
LGG,LGG,True,0.5676789721590744,0.8743527019548334
SKCM,SKCM,True,0.9893207777765316,0.05960666672547665
TGCT,TGCT,True,0.6214582760922356,1.4627542700596174
KIRC,KIRC,True,0.011452914377603401,2.5735378884813613
GBMLGG,GBMLGG,True,0.06704270938421864,1.7455482758793104
SARC,PCPG,False,0.014688506893446973,2.600833744313409
LGG,LGG,True,0.26055616337765314,0.7958300744942176
SARC,OV,False,0.022149370757961945,2.581828640028785
PRAD,THYM,False,0.0027900785457850436,2.7511975942618982
THCA,THCA,True,0.18733431748985466,2.447835031189065
BRCA,GBMLGG,False,0.08234951616693373,2.1971481200629976
THYM,THYM,True,0.1774801373795187,2.046889268666562
THYM,THYM,True,0.3405417435522259,1.4528012223984064
LGG,CESC,False,0.07298567867330287,2.93939990503967
PAAD,OV,False,0.20702815817117212,2.429292649706686
KIPAN,KIPAN,True,0.02581704943204524,2.624715191864756
PAAD,PAAD,True,0.03252436220172611,2.137094329497627
GBMLGG,CESC,False,0.01030032322322498,2.9875454012863156
ACC,ACC,True,0.04469286475600644,2.9618916227661947
PRAD,PRAD,True,0.23382799935085943,2.3184728961371848
THCA,PRAD,False,0.05759362824788439,2.7964591156361673
CESC,LUSC,False,0.2596270243347131,1.4530806279364026
GBMLGG,THYM,False,0.09309311989203795,2.159677855300068
UCEC,KIPAN,False,0.06965722281505912,2.7174397723574324
BRCA,BRCA,True,0.5239274417500056,1.7571785520068994
GBMLGG,GBMLGG,True,0.17611672268081208,0.942523964515087
BRCA,BRCA,True,0.4325307792379259,1.8798256108165674
LUSC,LUSC,True,0.585296976036161,1.0188014942356063
COAD,COAD,True,0.6858400523850475,1.1851336894394842
LIHC,SARC,False,0.05050923254819312,2.704678136294762
KIRC,KIRC,True,0.3484998765947232,0.8013086681480698
GBMLGG,GBMLGG,True,0.25621704730410333,0.9550827229569414
LAML,LAML,True,0.41035453233547264,2.007775671808457
SKCM,SKCM,True,0.9038570868831837,0.4071328269843563
KIPAN,KIPAN,True,0.3281220246036358,2.161332396552483
BRCA,THYM,False,0.036872623445065145,2.40332310280557
COAD,COAD,True,0.8070443932524144,0.8180196736774715
LGG,LGG,True,0.3412130773638485,1.0957227210362503
GBMLGG,GBMLGG,True,0.19103741027688842,0.9646439185086715
KIRC,KIRC,True,0.18562106282504637,2.311148179968754
BRCA,BRCA,True,0.7039276323551467,1.1940444786858768
OV,LUAD,False,0.005148306791958074,2.3350378482595926
KIPAN,KIRC,False,0.01390120496151645,2.413332653914691
LAML,LAML,True,0.991126826177414,0.06042400910422867
OV,OV,True,0.2919495320157631,1.916680483331447
TGCT,TGCT,True,0.13584995193863314,2.662500514014439
PRAD,LAML,False,0.23990540582771103,1.8976924169148341
OV,OV,True,0.1273334812490765,2.346579521919442
HNSC,SARC,False,0.03459127165183665,2.932309003607803
LUAD,OV,False,0.03896711727480223,2.7091423474165817
HNSC,HNSC,True,0.039623810535583365,2.74000811117688
COAD,COAD,True,0.6544856801659684,1.4927338001795887
PCPG,PRAD,False,0.03960161023342426,2.4164727223529443
HNSC,HNSC,True,0.021252990766073954,2.6140293020580394
BRCA,BRCA,True,0.09043424082027623,2.5483980598893106
ACC,ACC,True,0.7815288366488929,1.0272718093192816
THCA,PCPG,False,0.08901515200473524,2.650629085585722
STES,LUSC,False,0.08502954443340555,1.8524559229871143
THYM,PRAD,False,0.15708693203918567,2.3495908617518304
LIHC,LIHC,True,0.6074676346707276,1.2753210853803438
UCEC,PRAD,False,0.05551732253957556,2.770187191716945
KIPAN,BRCA,False,0.026208317558665054,2.9182076165202337
LUSC,LUSC,True,0.6538827509984242,0.7976198981680062
GBMLGG,GBMLGG,True,0.23636513584341767,1.4139689592884506
LIHC,LIHC,True,0.4314016922996152,1.8330916518364964
BRCA,HNSC,False,0.15070699602718046,2.477881838292994
UCEC,UCEC,True,0.9589720415646074,0.21572190539088304
BRCA,PCPG,False,0.09721837675261039,2.4941749258158263
LUAD,LUAD,True,0.4805212729592412,0.8474905795222961
COAD,COAD,True,0.7302364110016895,1.06255278854441
BRCA,SARC,False,0.13986568896944912,2.5178728637076437
THCA,THCA,True,0.5270171634357282,1.8071240044196395
SARC,SARC,True,0.11169088530448627,2.7053148899156687
SKCM,SKCM,True,0.9770908828567603,0.12070562776671004
GBMLGG,CESC,False,0.005049862309122688,2.90632211259664
OV,OV,True,0.23095223764372647,2.4767137994892736
BRCA,CESC,False,0.008799829578566759,2.9291572582872103
KIRC,KIPAN,False,0.015189790041947773,2.9825272716389435
TGCT,TGCT,True,0.3734539683166537,2.3432658593134477
CESC,CESC,True,0.08034750393613774,2.9251749175643
KIRC,KIPAN,False,0.06252817423782167,2.625003599472015
SKCM,SKCM,True,0.9989834248131658,0.006224252294180828
BRCA,BRCA,True,0.5027279260521855,1.8418046088311928
STES,PAAD,False,0.41967418551680824,1.7613718967897616
CESC,LAML,False,0.00661008033814986,2.379709073338155
CESC,TGCT,False,0.03691147163829578,2.836214407294688
CESC,CESC,True,0.03414825980613255,2.966726104867601
PAAD,PAAD,True,0.18662745495169816,2.445907634808019
GBMLGG,GBMLGG,True,0.6535311727521451,0.9262658224263163
KIPAN,KIPAN,True,0.6071322132158933,0.692211231465674
THCA,THCA,True,0.9171799687556317,0.42208198064873
SARC,TGCT,False,0.10215314082254462,2.560605334690411
KIPAN,KIPAN,True,0.3618475766256925,1.90580149976736
BLCA,PRAD,False,0.0038467647628994683,2.364607474952176
THCA,THCA,True,0.9516957452148371,0.24439626809893714
HNSC,LAML,False,0.48552694714636807,1.4837986027272216
PCPG,PCPG,True,0.08744922207776024,2.5113011979572835
KIPAN,KIRC,False,0.1734492914144391,1.391373743449435
SKCM,SKCM,True,0.9905411438667897,0.050698244501477606
BRCA,BRCA,True,0.8275917339243958,0.729906893659274
LUAD,LUAD,True,0.03460410264058372,0.7648348685376816
LUSC,LUSC,True,0.3312863274695039,1.2045277607622955
GBMLGG,GBMLGG,True,0.1536640294280684,2.591872973179115
LIHC,LUSC,False,0.20369123203835537,1.7779353898944006
LUSC,LIHC,False,0.05847368004492359,1.842823628817396
PRAD,BRCA,False,0.03959028432972103,2.9585729974051715
TGCT,TGCT,True,0.3295011417226144,2.3852791228102115
COAD,COAD,True,0.8807092176442071,0.6155964799204104
LIHC,BRCA,False,0.06453902035334966,2.682344325207319
OV,OV,True,0.30777675254199655,2.30705913323368
LUSC,LUSC,True,0.24741418301735468,2.335560262633125
HNSC,LIHC,False,0.013906566084619876,2.56172663254081
STES,PRAD,False,0.022965154611520266,2.996679869353512
SKCM,SKCM,True,0.868021107030663,0.6267764027087194
LUAD,LUSC,False,0.20615174912987988,0.7331759220492907
BRCA,BRCA,True,0.18804562777027972,2.6309509748019972
OV,OV,True,0.0798305491768885,2.661683300234374
LIHC,LIHC,True,0.11948891212658788,2.0144364852605317
BRCA,COAD,False,0.5828895601233192,0.7499890553831514
SKCM,SKCM,True,0.5056607215997732,1.6082407933468836
PRAD,UCEC,False,0.1855930345788319,2.183325760926255
GBMLGG,OV,False,0.23378235747420043,2.2987747377442638
SARC,SARC,True,0.11132190806778071,2.900765639068465
THCA,THCA,True,0.6675456996608382,1.4023496638843218
KIPAN,TGCT,False,0.0005683004670864744,2.9532924181582674
SARC,PRAD,False,0.054258005119468225,2.9563062999356453
LGG,LGG,True,0.07277638157873695,0.7829585631983561
GBMLGG,SARC,False,0.01512513838549262,3.0797941549643104
KIPAN,LIHC,False,0.1691993636652139,2.1038642854546667
BRCA,BRCA,True,0.48673466085554573,1.3587107017957243
HNSC,LUSC,False,0.14850399292827793,1.769991532571519
SKCM,SKCM,True,0.9866363474533238,0.07254930958025069
LAML,PRAD,False,0.034879252550075374,2.7093178711967507
THCA,THCA,True,0.9487733507925927,0.27269896866809484
TGCT,TGCT,True,0.29240437545550246,2.318468240762127
THCA,THCA,True,0.984988776354125,0.08802603240296862
BRCA,GBMLGG,False,0.08800997905553995,2.4559190250695035
KIPAN,LUAD,False,0.21234176282063624,1.9817681578119848
SKCM,SKCM,True,0.9976453242594575,0.01421302346881889
PRAD,SARC,False,0.0013850181646671567,2.9005939454795016
LIHC,LUAD,False,0.08797770946513336,2.6418481325180334
SARC,BRCA,False,0.13964939639291918,2.765527065823796
BRCA,BRCA,True,0.12146302618039931,2.8707579368629514
PAAD,GBMLGG,False,0.029924767751425024,3.018011371034278
LAML,LAML,True,0.0704385640000027,1.7929920356589182
STES,UCEC,False,0.5458020751919499,0.9338434184400412
LGG,LGG,True,0.38540365360747325,0.8331928460019005
SKCM,SKCM,True,0.9822483696133831,0.10087242523920291
GBMLGG,GBMLGG,True,0.5084418236041429,1.2812479625501194
BRCA,BRCA,True,0.057166722199342906,2.5881529724380687
BRCA,PCPG,False,0.0664783935324845,2.536152979084388
LIHC,PRAD,False,0.0812853486043271,2.5861685353075434
PRAD,PRAD,True,0.3652202428023795,1.6757068546557383
GBMLGG,UCEC,False,0.10728057352358317,2.5092313382542693
BRCA,BRCA,True,0.681375751268068,1.2447535386297808
LAML,THYM,False,0.12026668326484108,1.9856218621615935
THCA,THCA,True,0.5492169628617999,1.6230524288128336
LGG,LGG,True,0.24383106580559827,0.703672636848532
PCPG,PCPG,True,0.49027946098084074,1.366223110157933
THCA,THCA,True,0.9646338490968174,0.18570919720387558
THCA,THCA,True,0.9039618594045877,0.447822999872577
COAD,COAD,True,0.20788250128814328,1.1079032380832858
KIRC,UCEC,False,0.21274859324465226,2.5404936315077
BRCA,LUSC,False,0.11386692096029549,1.0154726895018322
BRCA,BRCA,True,0.25962704187027796,2.0553571290647143
STES,PAAD,False,0.09052405006331876,2.4949256307024736
BRCA,BRCA,True,0.27238728228105585,2.360968808107509
BRCA,BRCA,True,0.755509782111543,0.9605155631103781
LUAD,LUAD,True,0.6049390105123827,0.8306693771965261
KIRC,KIRC,True,0.11670477220413433,2.710996841097873
TGCT,TGCT,True,0.5698669524788682,1.6193900333076174
BRCA,PRAD,False,0.010688334071348227,2.82192814202013
STES,STES,True,0.2948980711353576,1.936763024161023
SKCM,SKCM,True,0.914965960608851,0.27782423012674556
THCA,LAML,False,0.009620740610991635,2.852418626306579
LIHC,LIHC,True,0.7876536612891368,0.8003201817841511
SKCM,SKCM,True,0.1877834383834547,2.14785614643751
GBMLGG,GBMLGG,True,0.38773096322056294,1.090153070512146
UCEC,UCEC,True,0.7773998164691556,0.5478211550974876
OV,OV,True,0.22625678773140864,2.475249776996781
SKCM,SKCM,True,0.7676083526302752,0.9323307700040194
GBMLGG,GBMLGG,True,0.09609464218123465,2.711680420255532
THCA,THCA,True,0.3004837429297044,1.8511739417843665
BRCA,LUSC,False,0.17336512724080955,2.1430575775403953
BRCA,BRCA,True,0.665190604643444,1.4263231346163479
STES,STES,True,0.9155029005391646,0.2412659250896102
LGG,LGG,True,0.5320404879399278,0.8576002123503875
BRCA,PRAD,False,0.016119509987922637,2.6949719839045576
HNSC,HNSC,True,0.26289823421681136,1.4550090683704235
ACC,LIHC,False,0.05388716673528138,2.826683177548551
PCPG,THYM,False,0.03682394346953197,2.618396942223355
GBMLGG,BRCA,False,0.007239073398429663,2.506031596747997
LUAD,HNSC,False,0.009546473905023195,2.636037823378234
STES,STES,True,0.23338408407103328,1.1531278259921074
PCPG,PCPG,True,0.14391708863916552,2.44012941150359
THYM,PCPG,False,0.05308255825148961,3.0539506110618357
COAD,COAD,True,0.8177860527343861,0.7200774745625572
BRCA,SARC,False,0.030905889139593246,2.7351599721728594
PCPG,PCPG,True,0.09076855150474798,2.5101677165602574
BRCA,BRCA,True,0.004212692551599173,2.520956912341802
PCPG,THYM,False,0.3405417435522259,1.4528012223984064
PAAD,PAAD,True,0.10249359253637202,1.8557375240274074
LUSC,HNSC,False,0.5331179262399852,1.1122906608090941
SARC,SARC,True,0.16712250982801266,2.031405382246782
STES,THYM,False,0.12057228599405433,2.5237690754320505
BRCA,BRCA,True,0.0017420426662074912,2.832840448968739
HNSC,STES,False,0.07403949191656323,2.3874494661403594
KIRC,KIRC,True,0.2336765967028292,0.9772806296465119
COAD,COAD,True,0.6885352614406786,1.2102577011298081
LUSC,OV,False,0.010034174061668705,2.086815969086264
PCPG,PCPG,True,0.016595050927769334,2.5629505719911414
KIRC,KIPAN,False,0.1721671862233131,2.270978875912073
STES,PAAD,False,0.47596609736873174,1.8455488966884124
KIPAN,KIPAN,True,0.41468247521801177,2.0074551380241283
KIPAN,SARC,False,0.009005181308963633,2.8119736961160617
OV,UCEC,False,0.1319960635649581,2.7655161653350855
SKCM,SKCM,True,0.726667507692121,0.8584511103433716
ACC,ACC,True,0.8432955598452714,0.7269608502374172
STES,HNSC,False,0.4876789276858031,1.30820575526039
KIRC,KIRC,True,0.07158480331243877,2.706495615460531
ACC,ACC,True,0.8983838970194491,0.5651896477212371
THCA,THCA,True,0.9816478232363568,0.10340795653551582
GBMLGG,CESC,False,0.013961881041571755,2.9092369927882618
TGCT,TGCT,True,0.0687521677842021,2.500741278957107
OV,PAAD,False,0.011735902007092791,2.4604840494213245
COAD,COAD,True,0.42611556157066255,0.8588289864922896
STES,BRCA,False,0.008578046804821049,2.584510645746588
STES,BLCA,False,0.01928264099227378,1.7075066421732363
LAML,LAML,True,0.2226672434687404,2.512744454167415
LUAD,LUAD,True,0.28607723004668806,0.924505718335288
SKCM,SKCM,True,0.8943224863786811,0.4675886496932124
HNSC,HNSC,True,0.582535417555261,1.06091233925991
BRCA,KIPAN,False,0.042007115754305616,2.7838777450920613
LUSC,LUSC,True,0.2731019812482226,1.936175635204074
BRCA,BRCA,True,0.5747636517916711,1.2131831823856172
COAD,COAD,True,0.5801734356724306,1.471755529286535
THCA,THCA,True,0.7875975729980087,0.9742268588932103
LUSC,LUAD,False,0.5346187582353684,0.9229965920702877
KIPAN,KIPAN,True,0.4914510453124169,1.3825669011899078
THCA,LAML,False,0.0148973897265742,2.197989765698804
LIHC,THYM,False,0.1026798464057698,2.1890976781786433
KIPAN,OV,False,0.16278372212269251,2.436779597808138
GBMLGG,GBMLGG,True,0.33923064644992384,2.167172053402527
THCA,THYM,False,0.08382771215750046,2.101764874312865
CESC,PCPG,False,0.07370563315905841,2.6084508869909966
PRAD,SARC,False,0.0855791814973142,2.922249532941955
KIRC,KIRC,True,0.40328806344990054,0.6758544118935562
ACC,ACC,True,0.8899813608023469,0.5961976462751011
KIPAN,TGCT,False,0.14391409744311787,2.640040441683731
OV,OV,True,0.2031054578102517,2.299589282103969
KIRC,KIRC,True,0.046754393931090876,2.2062653657116975
UCEC,BRCA,False,0.13707098909484208,2.3015339345582904
LAML,GBMLGG,False,0.3433478009812655,1.7633345341340585
GBMLGG,LGG,False,0.24368245531665061,2.2168439222528367
PRAD,PCPG,False,0.02353683163920689,2.8068950606286185
BLCA,BLCA,True,0.41465425080303575,1.5593198315486256
GBMLGG,GBMLGG,True,0.48064177195347574,1.995479915648405
LUSC,LUSC,True,0.7423492378032012,0.8128385379614425
LUAD,BRCA,False,0.042717280390706686,2.926559734400697
KIPAN,KIPAN,True,0.05134931153201461,1.7639201140209555
BRCA,BRCA,True,0.20995029786594474,1.7934853599191853
STES,STES,True,0.9177899595878236,0.3187864531586351
OV,OV,True,0.04992780485200174,2.4417874571235143
KIRC,KIRC,True,0.11599204142899189,1.1522044675364511
OV,BRCA,False,0.009354636343190198,2.869520658883374
KIRC,KIRC,True,0.26758499288916404,1.118195277180493
GBMLGG,LGG,False,0.4868174109798195,0.7314439479285698
KIPAN,KIPAN,True,0.2485045892662362,1.9220018091675197
KIPAN,KIPAN,True,0.31636937823766625,2.178821116192024
HNSC,CESC,False,0.07333496829881608,2.2682484811601156
SARC,BRCA,False,0.0014803556719904937,2.9794748112149407
BRCA,BRCA,True,0.39715251344579355,2.0259327141361725
BRCA,CESC,False,0.06744698092810592,2.8012920230767167
BLCA,CESC,False,0.055289940289857925,1.7113692612039495
LUAD,LUAD,True,0.7330041666315672,0.8006595993770536
CESC,UCEC,False,0.019351481008652194,0.9993507248373712
LGG,LGG,True,0.20994479154216128,0.9197355774243001
SARC,GBMLGG,False,0.20267901265182364,1.615521224453739
BRCA,CESC,False,0.08918375148394686,1.9449335359697875
THCA,THYM,False,0.3405417435522259,1.4528012223984064
KIPAN,KIPAN,True,0.5043458251348892,0.6651512438673749
UCEC,SARC,False,0.20885917661074088,2.2149701281688774
GBMLGG,GBMLGG,True,0.34401725794286697,1.8204444157178667
BRCA,CESC,False,0.005971834255061162,2.947800862053194
KIPAN,KIPAN,True,0.28812024803922515,2.1319903790504844
THCA,PCPG,False,0.011446074283251145,2.443568169836974
BRCA,PCPG,False,0.255314453172131,2.0596896685338555
KIPAN,KIRC,False,0.25167449660284114,0.9987279199408136
KIPAN,TGCT,False,0.44468445710951293,1.7791111160791813
BRCA,BRCA,True,0.12458675960540669,2.4273649058308386
LUSC,LUSC,True,0.5623501122524428,0.8463957932031032
KIPAN,KIRC,False,0.020812274273289494,2.6232361207743424
STES,STES,True,0.8298897438131396,0.5077182595505164
KIPAN,KIPAN,True,0.16559446404374828,2.387194908668554
GBMLGG,LGG,False,0.5708167948041498,0.6999139168228671
OV,OV,True,0.2868079592939591,2.302610207868653
OV,BRCA,False,0.0036551874758470326,2.9219044810216213
PCPG,PCPG,True,0.042569516434075944,2.996214436459955
GBMLGG,GBMLGG,True,0.35883815792485746,2.064682106232929
LUSC,LUSC,True,0.9065750075531944,0.29223289785766265
KIPAN,KIPAN,True,0.2402007285258147,0.8828151026759378
SARC,SARC,True,0.019919426148843178,2.8328131183523473
PRAD,THYM,False,0.010564208343847609,2.2564407225649394
HNSC,HNSC,True,0.07048971528086845,2.445765862485086
BRCA,LUAD,False,0.17752719517065674,2.42082055594212
GBMLGG,LGG,False,0.1541653507048592,0.7201376247347882
THCA,THCA,True,0.6557922667754589,1.333120912333817
STES,STES,True,0.3495797052793208,1.8559670832014803
THYM,THYM,True,0.04101273498341115,2.0469304560654025
STES,STES,True,0.36819324169624434,1.3650189377212225
BRCA,BRCA,True,0.30329594379856645,2.2307684078726218
BRCA,THYM,False,0.3435385030404202,1.4990457161393547
STES,STES,True,0.1697800946720727,1.9367877478167663
GBMLGG,PRAD,False,0.04085928252095869,2.9285187929750327
BLCA,HNSC,False,0.1843626015164008,1.786417817140367
LIHC,KIRC,False,0.009423926819344147,2.9683490934136922
SARC,OV,False,0.13173049849744825,2.444216831080002
OV,OV,True,0.19244607026773167,2.389960948973601
OV,COAD,False,0.2990192569075285,1.778391182146946
KIRC,LGG,False,0.007632016622965032,1.9076267557689237
BRCA,KIPAN,False,0.2589404388296562,2.212165081700343
HNSC,HNSC,True,0.02360312760950406,2.54468219446517
KIRC,KIRC,True,0.27303373847760415,1.5348423401490325
KIPAN,THCA,False,0.4422918339290156,1.9768881436720873
STES,HNSC,False,0.07376656422833672,2.5842093962375214
LAML,LAML,True,0.7710589270396409,1.0870809461700024
STES,STES,True,0.11376861029337984,2.0585879086693804
GBMLGG,UCEC,False,0.05702346417958165,2.5361959175257907
KIPAN,KIPAN,True,0.0744460831909231,1.0893377026473678
KIPAN,LIHC,False,0.093137236818495,1.869288971132331
BRCA,BRCA,True,0.8815339641323329,0.43366130221120053
KIPAN,KIPAN,True,0.48297027779534407,1.7497795355072157
TGCT,TGCT,True,0.3338455904212243,1.99932350209951
BRCA,OV,False,0.13924716112755897,2.493135815577817
PRAD,PRAD,True,0.12789942051684552,2.498076431188241
SARC,OV,False,0.078714791405569,2.538315356202087
PAAD,CESC,False,0.17874918324464523,2.7259069864496084
LUAD,LUSC,False,0.007355630737965038,2.8554889844320726
BRCA,BRCA,True,0.25582026911150113,2.4889066911103295
COAD,COAD,True,0.7810763854930819,0.7704798110952599
LIHC,LIHC,True,0.21674349155848271,2.5446719325142713
KIPAN,KIPAN,True,0.020911230926159846,2.4968843693386
GBMLGG,LGG,False,0.1760490516733741,0.8444889768817032
LAML,THYM,False,0.03392255185006379,2.4950025353686236
LUAD,LUAD,True,0.1427564389313309,1.137661987599836
KIPAN,LIHC,False,0.12846724111150343,1.8652985973874376
BRCA,HNSC,False,0.05343078799902634,2.41375062304776
LIHC,LIHC,True,0.13187804348363058,2.729260233848262
PCPG,PRAD,False,0.07888223135334532,2.498765398464354
OV,OV,True,0.35575320263946586,2.091014631325168
LUAD,LUAD,True,0.11067895454157464,2.166572116773594
BRCA,BRCA,True,0.4753895987144038,1.7889817932360623
PRAD,PRAD,True,0.056738946164198334,2.6865344403218216
LUSC,STES,False,0.04536815073362885,1.9701691007478217
COAD,COAD,True,0.8829076145617657,0.5213446467176447
SARC,OV,False,0.07264913104984622,2.635945418994821
LAML,LAML,True,0.3887494945504884,2.0955010071021585
PCPG,THYM,False,0.32428152138042404,1.586172391660965
LAML,PRAD,False,0.0605021724730028,2.899984889977275
BRCA,BLCA,False,0.2408846061982465,1.9888184580844033
KIRC,KIRC,True,0.17563928414138696,1.1658972002691483
THCA,PCPG,False,0.004996210542002499,2.362742062694399
LUSC,LUSC,True,0.21521905987122175,1.7512827262707367
KIPAN,KIPAN,True,0.24908878538618845,2.4000850004702445
ACC,ACC,True,0.9728783517814727,0.14063906099315052
BRCA,PAAD,False,0.11060225626246639,2.53016814640395
HNSC,KIRC,False,0.02168115329880077,2.7988005290810176
KIPAN,KIRC,False,0.1782067598433031,1.6946040404543163
PAAD,OV,False,0.20192253459057025,2.4329306285658627
LGG,GBMLGG,False,0.014736532899709831,1.3608400641050127
BLCA,BLCA,True,0.032463536953065225,2.1761850476659412
BRCA,LUAD,False,0.07829669344889428,2.574494532767536
LAML,LAML,True,0.004439607482784519,2.6103221291680665
LGG,GBMLGG,False,0.25112361687917756,1.2974976933556166
BRCA,OV,False,0.31061235124468634,2.1563980428852814
UCEC,UCEC,True,0.21449692479900354,2.323367983161838
BRCA,OV,False,0.18940785417068398,2.417445204680251
UCEC,LIHC,False,0.16071328368422233,1.7927790397674181
OV,OV,True,0.20378996332185595,2.4017703831117694
THCA,THCA,True,0.8451068864368613,0.6591597002923042
KIPAN,KIPAN,True,0.1321022759258157,0.8530079151216147
OV,STES,False,0.035891861346593806,2.477244965001514
GBMLGG,SARC,False,0.12315486648223468,2.6951033797411665
KIPAN,KIPAN,True,0.12592399148173714,2.5696471489147044
GBMLGG,KIPAN,False,0.08454399874809379,2.9735478847444092
GBMLGG,GBMLGG,True,0.014883861174419255,3.038354662212698
STES,STES,True,0.009532048784783614,2.3235346928207776
PAAD,HNSC,False,0.0012540072581515294,2.689293125057174
OV,OV,True,0.1078409426662528,2.636640707634661
BRCA,LUAD,False,0.011468030031713344,2.9418085065880204
THCA,BRCA,False,0.01548741812860388,2.7188085484632922
BRCA,BRCA,True,0.7205827181475021,1.2153147052263804
BRCA,PRAD,False,0.040712774425522236,2.680817089436211
KIPAN,LIHC,False,0.05852567236901779,2.854349699659938
KIPAN,PRAD,False,0.11101855420955693,2.8733815242166254
KIRC,KIRC,True,0.20732422138026435,2.366994621990611
BRCA,BRCA,True,0.9200276480637798,0.3440574351521185
LAML,LAML,True,0.98145600679978,0.08629915170275153
ACC,ACC,True,0.6862947501315096,1.305199132186582
LUAD,KIPAN,False,0.03221427060211271,2.846694447748526
TGCT,TGCT,True,0.5983045725367104,1.762413222905776
KIRC,KIRC,True,0.41633659539962126,1.3367016404897134
KIPAN,KIPAN,True,0.03843324102051815,2.322913355227092
BRCA,LUSC,False,0.0076605673786624695,2.341431211192879
CESC,CESC,True,0.2203554269996128,2.477684356452222
PCPG,PCPG,True,0.026737452182099858,2.5733057340962584
OV,OV,True,0.056223687492413466,2.5349904895001996
KIPAN,KIPAN,True,0.08651313020519988,2.6013070855372162
LGG,GBMLGG,False,0.17611672268081208,0.942523964515087
KIPAN,KIRC,False,0.01760901348768726,2.5861984800859985
LIHC,LIHC,True,0.5538898289435484,1.4519327524122703
THCA,THYM,False,0.09190422185387567,2.020524431330988
CESC,UCEC,False,0.1835294920279667,2.341053937421247
BLCA,STES,False,0.1334351075769445,1.9368896195637764
KIRC,KIRC,True,0.3877042794876898,1.457414257617884
PRAD,PRAD,True,0.2994354862790939,2.5826916718767152
THCA,SARC,False,0.0462292133470181,2.7973189180335187
LUSC,HNSC,False,0.04258438890036487,2.3662695192984837
KIPAN,KIPAN,True,0.19850933717310326,1.239267070838039
PRAD,PCPG,False,0.015172184618446216,2.7618062917085995
GBMLGG,GBMLGG,True,0.2535268053770837,0.8504237028979756
BRCA,OV,False,0.04420356681975429,2.3445820817831438
STES,PAAD,False,0.018318622789884942,2.5252650969323014
KIPAN,KIPAN,True,0.4758848283271465,0.7483978530103822
CESC,CESC,True,0.014234007741085714,2.2637890087523465
LUAD,HNSC,False,0.01634307170550575,2.3360742691928613
LUAD,LUSC,False,0.39340462409453647,1.2004639406535806
PAAD,CESC,False,0.046063292167246805,2.5205976527488114
KIPAN,PRAD,False,0.05781591923910695,2.620903360340601
KIRC,LUSC,False,0.06337197246962924,2.7226868584243746
CESC,BRCA,False,0.05083160134914075,2.6576802936731925
CESC,STES,False,0.08624496065967593,2.786824170431703
SARC,OV,False,0.41255919406002023,2.1022650000522174
SKCM,SKCM,True,0.9835030145861776,0.06946757593662616
PRAD,PCPG,False,0.06605711584898108,2.372032983182747
LGG,LGG,True,0.13335506402231068,1.1761858422751268
GBMLGG,GBMLGG,True,0.3405881055965673,1.0469663428133757
KIPAN,KIPAN,True,0.2823935190461909,2.4925961582424945
GBMLGG,GBMLGG,True,0.24006365407302732,2.6436049751255464
CESC,CESC,True,0.021583444696808785,3.001459160575158
GBMLGG,LGG,False,0.2454895601393497,0.7208318311004626
THCA,THCA,True,0.9591527257275497,0.21650808704433475
KIRC,PRAD,False,0.0071318894608104755,2.69503713510148
GBMLGG,LGG,False,0.09262057547968866,1.0167050715486587
KIPAN,KIPAN,True,0.23142583030939956,2.485261148718941
SKCM,CESC,False,0.07358274415453049,2.9220670376390405
KIPAN,KIPAN,True,0.31020372109750155,0.7258071941029622
PRAD,PRAD,True,0.042218731308442586,3.0351925324617257
GBMLGG,CESC,False,0.02957053463254708,2.993805324067163
GBMLGG,GBMLGG,True,0.6312970419554114,0.7978921349005155
GBMLGG,PRAD,False,0.022569658043131074,2.823413865789251
OV,BRCA,False,0.006247848923297689,2.592429608857052
GBMLGG,LGG,False,0.05339557343350526,0.7448371861986668
KIRC,KIPAN,False,0.12654704032639863,2.1956843668203696
TGCT,TGCT,True,0.08886234604504104,2.563119240989702
GBMLGG,UCEC,False,0.0437163727137439,1.4898695524834507
LAML,PCPG,False,0.022416501993972465,2.326102935491887
SKCM,THCA,False,0.8066466116671931,0.8423839599880103
STES,STES,True,0.7199948518341701,0.8387736025474085
LGG,LGG,True,0.42363393582305137,0.738034942303661
PAAD,PAAD,True,0.17105405145144953,2.4431149015931686
KIRC,KIRC,True,0.6411723190334598,0.6102294109214776
STES,THYM,False,0.3435385030404202,1.4990457161393547
KIRC,KIRC,True,0.10162739188319647,2.5218794837272056
KIPAN,KIPAN,True,0.3527608788158125,1.1602873169064698
COAD,COAD,True,0.5028022910927596,1.9333473289832834
ACC,ACC,True,0.7247910292372922,0.8735199927542973
SKCM,SKCM,True,0.6823065343350309,1.04887105328698
HNSC,HNSC,True,0.6757417883410508,1.1091880198360808
THCA,THYM,False,0.13017340709302874,1.9221281509999688
BLCA,BLCA,True,0.05692890027148739,2.380228482842271
BRCA,OV,False,0.013987049306943167,2.2718334682745325
THCA,THCA,True,0.8620484741738261,0.6058358359911763
BRCA,BRCA,True,0.42405060696256724,2.1765716888753004
GBMLGG,LGG,False,0.03782251625055644,1.0304621382012895
LIHC,LIHC,True,0.6184164143157801,1.1014677447502315
GBMLGG,GBMLGG,True,0.49439617731316854,1.590961796676288
STES,STES,True,0.8711568868874122,0.5120665113205719
SKCM,SKCM,True,0.956967794465148,0.13555863035438462
GBMLGG,LGG,False,0.2094255125141793,1.1254607618012107
COAD,COAD,True,0.6822352560569578,0.6788989627231997
LUAD,LUAD,True,0.8564368594077828,0.43819158320031926
LGG,LGG,True,0.28225291140479336,1.0001974960984252
BLCA,BLCA,True,0.1950481677430288,1.184796293339059
BRCA,BRCA,True,0.3105031830476148,2.3640717020423585
SKCM,SKCM,True,0.7155692520188887,1.0701996239627354
GBMLGG,PAAD,False,0.02249689251961637,2.6015391044527165
PCPG,PCPG,True,0.6681411348014298,1.0627800205760018
KIRC,KIPAN,False,0.07439613603193268,1.6300509271884809
PAAD,PAAD,True,0.29679534902980875,1.784128715902319
COAD,COAD,True,0.14255567804243519,1.462716220558283
THCA,THYM,False,0.03838968402113668,2.129416479652916
SARC,PCPG,False,0.035806732695791293,2.220899416544136
GBMLGG,GBMLGG,True,0.03515295000664685,2.955711408501459
BRCA,PRAD,False,0.04792003587953936,2.7612417432883833
KIRC,SARC,False,0.06913469221761102,2.793147560637875
TGCT,TGCT,True,0.2950214485648679,2.2534900673355636
BRCA,THYM,False,0.07788173897870856,2.4990129645176284
COAD,COAD,True,0.9155898124942633,0.46014300670217734
BRCA,BRCA,True,0.31580229248201414,2.359020572605011
GBMLGG,GBMLGG,True,0.03288173835885849,0.935329474466739
STES,STES,True,0.3735271079914367,2.025368980990463
BRCA,SKCM,False,0.6059856988725911,1.2915899791757028
LGG,LGG,True,0.035153809009433934,1.0798407349777397
GBMLGG,GBMLGG,True,0.05399451021830487,0.8962687239592771
HNSC,STES,False,0.04597538616377733,2.2041706374694847
THYM,THYM,True,0.02916589395693206,2.417288299264858
HNSC,THYM,False,0.1109655745793017,2.367535797463802
PCPG,PCPG,True,0.13956928581557712,2.575967401794524
OV,TGCT,False,0.09673220397103269,2.749477183554186
GBMLGG,GBMLGG,True,0.01839025262316732,2.6382692491219846
STES,LUSC,False,0.00653272836375679,1.8322454683286697
LIHC,LUAD,False,0.005556538313205545,1.9180815117822971
UCEC,UCEC,True,0.35311931861425955,1.6298087657123257
UCEC,UCEC,True,0.9750375383614001,0.10782723684167954
SKCM,SKCM,True,0.9930828013923364,0.03715800959003941
LUSC,LIHC,False,0.009695306477007254,2.4465294131908895
COAD,COAD,True,0.5042331628098448,1.811903761822547
LAML,LAML,True,0.9897957489617819,0.06288712237629622
LIHC,LUSC,False,0.011004894978973861,2.2478176277515867
LIHC,STES,False,0.13197842028882234,2.375032174088477
SARC,LIHC,False,0.054542846114162005,2.91693383941721
KIPAN,KIPAN,True,0.04164633360920611,2.072018124864935
BRCA,BRCA,True,0.7437079314665586,1.0287107448263426
LGG,LGG,True,0.4834311913699658,0.9114662032930654
KIPAN,KIPAN,True,0.42264953638089625,1.1908615256632777
OV,OV,True,0.285539126419118,2.450844387190875
BRCA,BRCA,True,0.5674494935777169,1.5988169871902134
KIPAN,OV,False,0.17001826715080046,2.4408270626072874
SARC,SARC,True,0.04723707537657321,2.8003453203689834
OV,OV,True,0.18156367122921735,2.544599163425753
OV,BRCA,False,0.21581549214643517,2.4200188534133766
KIPAN,KIPAN,True,0.3019034682059091,0.9602131530087767
KIPAN,SARC,False,0.041767718547232935,2.9245744320314064
LGG,LGG,True,0.37907733336441457,0.7803649389530968
KIPAN,KIPAN,True,0.1759632087991167,2.672157210287303
DLBC,SARC,False,0.1922723403240772,2.7241615729273003
SKCM,SARC,False,0.03406074448047597,2.8469461564412986
LGG,LGG,True,0.4430980451492874,0.9453565091021804
STES,LUAD,False,0.18701873681613687,1.9212658457483207
BRCA,BLCA,False,0.0635375970669777,1.5668480606764734
PRAD,PCPG,False,0.04947273429176899,2.666190104317524
LGG,LGG,True,0.46747409874884777,0.6471911057393444
BRCA,BRCA,True,0.3993163138914586,1.9872093007678755
GBMLGG,GBMLGG,True,0.016466610007128193,2.8397922253559953
LGG,THYM,False,0.3435385030404202,1.4990457161393547
COAD,STES,False,0.8256342039761158,0.49516487696633327
BLCA,LIHC,False,0.08694955858999664,2.4715952889690405
THYM,LAML,False,0.0024676023364701982,2.034752644517541
TGCT,TGCT,True,0.7281225122536368,1.2625597900671472
KIPAN,KIRC,False,0.3814267344700579,1.2239954816069119
LUSC,STES,False,0.21998888116571166,1.9269136010950745
GBMLGG,UCEC,False,0.07518607433148691,2.1094477609162006
LUSC,LUSC,True,0.069494570809155,2.3348529954127177
UCEC,TGCT,False,0.005702078191089227,2.9006025858029
SKCM,SKCM,True,0.7581577733489614,0.6534363627382038
BRCA,LIHC,False,0.17092758394370502,2.4615009092575026
DLBC,DLBC,True,0.03624105735136787,2.364092763405866
GBMLGG,GBMLGG,True,0.5602199703921058,1.3010412768731843
STES,STES,True,0.8076702753720881,0.8279600974089345
KIRC,KIRC,True,0.26265330831790334,2.139637347678573
LGG,GBMLGG,False,0.43053464846904543,2.0330960334280452
KIRC,KIPAN,False,0.008466146898175791,3.024452624381002
BRCA,OV,False,0.020288824553261475,2.3261126738923066
LUSC,LUSC,True,0.19690473392890925,1.958707302423921
STES,STES,True,0.5938267084668031,1.309136501374733
LAML,OV,False,0.02550628701963517,2.2230766067083656
THCA,THCA,True,0.9803538461830582,0.09948095131122593
KIPAN,KIPAN,True,0.6460620649326221,1.165508928713115
KIPAN,GBMLGG,False,0.05568298938615156,2.8089783017589265
SKCM,SKCM,True,0.6662007930944955,1.1315183172559993
SARC,BRCA,False,0.015248312424294017,2.9867137017054044
OV,HNSC,False,0.07428499715539058,2.7650257899516126
SKCM,SKCM,True,0.11751726570328397,1.4890341527995892
OV,OV,True,0.04737275599504637,2.447832737088305
GBMLGG,GBMLGG,True,0.2232653737251662,1.1763319986773708
THYM,THYM,True,0.3435385030404202,1.4990457161393547
KIPAN,KIPAN,True,0.41193957915635954,2.0691131970468275
OV,THYM,False,0.1221297866012098,2.0068510278378833
SARC,SARC,True,0.4427044160024317,2.086761315492043
STES,HNSC,False,0.012448027358283403,2.6029369427831477
KIRC,KIRC,True,0.1475602329546376,1.5493633709331345
BRCA,PRAD,False,0.024353950674225966,2.7002842248486667
OV,LUAD,False,0.09220272042064342,2.4662582078666384
LGG,GBMLGG,False,0.23784613205747746,1.4357579567925425
LGG,GBMLGG,False,0.12811658660134076,2.303808262673444
THCA,PCPG,False,0.14802685288649248,2.395899694419918
GBMLGG,LUAD,False,0.018296048625567135,2.5969589718447335
SKCM,SKCM,True,0.6870448842646166,1.1042355004720983
SARC,OV,False,0.032627895753615355,2.560419793409541
THCA,THCA,True,0.9449018122552987,0.2622166899483083
BRCA,BRCA,True,0.6514645692815122,1.2293009239252404
COAD,COAD,True,0.7604087513875989,0.9034697599302043
SKCM,SKCM,True,0.9993063318583282,0.005717027070829813
TGCT,LAML,False,0.014996916046295244,2.310172736662061
LUAD,SARC,False,0.15981781597118772,2.627417472298681
OV,OV,True,0.2049513953133489,2.3579323479067567
HNSC,CESC,False,0.043978581810759226,2.2364497372394783
GBMLGG,GBMLGG,True,0.23560990797105205,2.4497837273629726
HNSC,LUSC,False,0.19358604728438328,1.7572801885005507
BRCA,BRCA,True,0.08410948758835234,2.7135278325232406
KIRC,KIRC,True,0.28430906828246355,0.8651696379222543
STES,STES,True,0.7520409424414408,0.7607069376595053
KIPAN,KIPAN,True,0.36159971742473707,1.0343577854402903
CESC,SARC,False,0.12659058409559337,2.849859939814235
LUAD,HNSC,False,0.4631394408424731,1.7235256840762783
BRCA,LUAD,False,0.09948851810974091,2.136190283023955
KIPAN,KIPAN,True,0.6037556761789824,0.6430579749619518
THCA,THCA,True,0.9478578257032229,0.2706261578342649
PCPG,PCPG,True,0.03103280277702622,2.9261868482908877
KIPAN,KIRC,False,0.2972293750629999,1.3737422398661092
BRCA,BRCA,True,0.9352802365857933,0.3256399432732875
COAD,COAD,True,0.6841591218606384,1.1351916541739262
SARC,OV,False,0.339957456951155,2.148060995859794
BLCA,BLCA,True,0.8980867432274027,0.4385648864866393
PAAD,STES,False,0.06546798244107863,2.5695770232108854
LGG,LGG,True,0.4252725333893882,0.81092687021344
GBMLGG,GBMLGG,True,0.39252085719164354,1.8101899284626892
THCA,THCA,True,0.8349301789969402,0.7310958893606477
SKCM,SKCM,True,0.9961026978788566,0.02660309274073822
THCA,THCA,True,0.7110653578826935,1.148294071391668
UCEC,UCEC,True,0.6504475051461666,1.4192813138531324
LUAD,LUAD,True,0.2534687789122941,1.9101109389524802
OV,OV,True,0.0914352824006012,2.60643752965727
GBMLGG,GBMLGG,True,0.07262476892755286,2.5690162552004434
COAD,COAD,True,0.7473136756236763,0.7089630156234408
HNSC,HNSC,True,0.5628793825117697,1.3240406708631214
KIPAN,KIPAN,True,0.3668854132280962,1.2875577362637578
KIPAN,KIPAN,True,0.5185282437071765,1.780867490953005
STES,STES,True,0.01327404441938046,2.2684505601580485
LAML,PCPG,False,0.03545387051177448,2.2909946786272353
GBMLGG,GBMLGG,True,0.5066752570502164,1.4496269650648415
LUSC,LUAD,False,0.10268486323819098,2.2227121532109555
CESC,CESC,True,0.1052158432296578,2.6039496726365607
LUSC,LUSC,True,0.035867661321358046,2.1927282514602044
SKCM,KIPAN,False,0.015702829097620552,2.793469436806895
THCA,THCA,True,0.8005729169305353,0.9286371785968073
THYM,THYM,True,0.043403908161742916,2.040662773472341
COAD,STES,False,0.5972285355037483,0.6683001409957183
SKCM,SKCM,True,0.9643267208211267,0.1252641065931005
LIHC,LUAD,False,0.00019078702769553813,2.91794720983285
KIRC,PCPG,False,0.039631615819277696,2.851689658601858
BRCA,BRCA,True,0.5298930928927422,1.5747460258984642
UCEC,GBMLGG,False,0.2230901796250116,2.147259333425641
CESC,CESC,True,0.31952365267821126,2.146016695283363
BRCA,BRCA,True,0.5333093925457199,1.368482756340903
CESC,THYM,False,0.056569488583522426,2.162774541129351
UCEC,UCEC,True,0.4309827259621133,0.7060147724091759
THYM,LAML,False,0.15911155327458046,1.8020872706498199
UCEC,UCEC,True,0.6663564659313597,1.3302130874096443
STES,STES,True,0.004728481393702383,2.7144008894990197
KIRC,KIRC,True,0.20197515290753584,1.9156022809758464
THCA,THCA,True,0.8863523096570147,0.5556517481705449
DLBC,PRAD,False,0.08978794910025747,2.7373100400948016
STES,LUSC,False,0.43059491842877284,1.1589675342459238
STES,STES,True,0.8071029305298829,0.7292111855922538
LUAD,LUAD,True,0.5082095905453603,0.9599765116513146
LUAD,STES,False,0.0034990013760632377,1.8365029103865231
HNSC,PAAD,False,0.19782324548110097,2.246570428666702
THCA,THCA,True,0.6746741089248178,1.3571472212213054
THCA,THCA,True,0.9177978924524554,0.41878023367123013
LUSC,LUSC,True,0.10180841501064428,1.84613018649672
OV,OV,True,0.21578880495770614,2.4199376798539993
SKCM,SKCM,True,0.9913628812121055,0.03742161730584116
BRCA,PRAD,False,0.09001216148821797,2.597526094234112
LIHC,LUSC,False,0.7020403528826321,0.5250858215131061
KIRC,KIRC,True,0.13373583444682363,2.032018691277877
KIRC,LIHC,False,0.03314169284096791,2.9171444548572616
SKCM,THYM,False,0.08724864299532714,2.4881323096327224
TGCT,CESC,False,0.0016066729177003636,2.762796839678667
THYM,LAML,False,0.018513367800952724,2.5850232575591297
BRCA,BLCA,False,0.23193224985174973,1.5760124847936796
BRCA,LAML,False,0.05939796464537228,2.021499127275874
GBMLGG,GBMLGG,True,0.03869408647489886,0.9598512630417011
STES,STES,True,0.7709703085560202,0.8142798718205365
BRCA,SARC,False,0.01300726793406036,2.8922040062247314
SKCM,SKCM,True,0.865688479639474,0.5126236815584714
LGG,PCPG,False,0.08757668281309239,2.226598620467134
THCA,THYM,False,0.3405417435522259,1.4528012223984064
KIPAN,KIPAN,True,0.16876474003218495,2.38309267556756
PAAD,PAAD,True,0.21532262178451858,1.9695928900120376
BRCA,BRCA,True,0.6283635151426874,1.5074542698766018
LIHC,SARC,False,0.126992767734706,2.7435968832576507
KIPAN,KIPAN,True,0.052918970286081335,1.6146628365666567
KIPAN,KIPAN,True,0.5964111677578101,0.7033717996278184
PCPG,PCPG,True,0.10641905120547579,2.1252688810338425
SKCM,SKCM,True,0.9846454717762072,0.08797294275543681
LAML,LAML,True,0.013173340506791253,2.089014852668383
PCPG,PCPG,True,0.11026266819165467,2.6249999265676958
LUSC,STES,False,0.039308498442780615,2.1721256656329584
LIHC,LIHC,True,0.014860152199304533,2.460591740209158
LIHC,GBMLGG,False,0.01927502286829208,2.668958646225648
BRCA,KIPAN,False,0.01164972789729768,2.810443760896225
LGG,LGG,True,0.2343984297631342,0.7661996882024196
LUSC,LUSC,True,0.25789200023416703,1.3261192047426698
STES,STES,True,0.4910642554983373,1.2008121763900512
DLBC,DLBC,True,0.1461244538242784,2.6813668782622444
SARC,UCEC,False,0.07413244016148451,2.7163167703967344
SKCM,SKCM,True,0.9844032533178938,0.09781834577257408
SKCM,LAML,False,0.014680684318663872,2.0959076955399816
THCA,THCA,True,0.9874120879233921,0.07121001234802117
PRAD,PRAD,True,0.3459482415703131,2.2183514173136856
STES,LIHC,False,0.05665985616457325,2.3965875646209365
BRCA,TGCT,False,0.016725711742565014,2.8792571541424974
LUAD,LIHC,False,0.011577724365521014,1.8920701457721776
HNSC,OV,False,0.2154977396133855,2.21186229756291
LIHC,UCEC,False,0.09319760208856653,2.1034042187401396
BRCA,BRCA,True,0.540536068857752,1.753883559711552
BRCA,BRCA,True,0.6473157761203068,1.3559078294974822
THCA,THCA,True,0.8726816372330387,0.6196724609043008
SKCM,SKCM,True,0.9944711112079145,0.03437321471483462
HNSC,OV,False,0.20700036905867886,2.584010992454963
LIHC,LIHC,True,0.20830787391221095,2.241984187871489
KIPAN,THYM,False,0.3435385030404202,1.4990457161393547
GBMLGG,PAAD,False,0.08985237708195848,2.902781396367518
BRCA,BRCA,True,0.5317951839548631,1.487658849096455
TGCT,TGCT,True,0.19753093667972654,2.221487301011197
PRAD,PRAD,True,0.07758163796183588,2.8790031067935464
LGG,CESC,False,0.01007488373694898,2.6616834774744937
GBMLGG,GBMLGG,True,0.1375840164798369,2.306220358921322
TGCT,LIHC,False,0.007959306252127374,2.351135755075622
CESC,CESC,True,0.006851509197495165,2.9956336880346486
PAAD,PAAD,True,0.07338853698147615,2.673719674085476
BLCA,HNSC,False,0.08146165387144322,2.206990845237543
LIHC,GBMLGG,False,0.03718344735636281,2.9327940239077823
ACC,KIPAN,False,0.05077319017409798,2.629253976585986
THCA,THCA,True,0.7753611438394157,0.9696937968815267
GBMLGG,LGG,False,0.11866760482280964,1.0480038638023164
THCA,THCA,True,0.8378975498418955,0.7178026892052719
LAML,LAML,True,0.7829827700275694,0.40735187575856047
TGCT,TGCT,True,0.012946262536679742,2.77705438068747
KIPAN,LIHC,False,0.039896129224206656,2.888782384691202
BRCA,BRCA,True,0.846266380128875,0.712518538038795
UCEC,UCEC,True,0.3151730854349116,1.5877330010331647
GBMLGG,LGG,False,0.4193247445780337,0.9087101927521108
BRCA,BRCA,True,0.04039651807414944,2.985518236925586
LAML,LAML,True,0.01817600553582646,2.4796486189590947
KIPAN,KIPAN,True,0.6532857623987175,0.9405325071614833
KIPAN,KIPAN,True,0.0431170161523203,2.8080907418170304
KIPAN,KIPAN,True,0.2099648607783681,2.517216754839267
GBMLGG,BRCA,False,0.020395471942953325,2.5691055645316316
LUSC,LUSC,True,0.39796723769429504,1.3398029940320548
SARC,LGG,False,0.15727679641081407,1.8507746638930294
COAD,COAD,True,0.8110837878581069,0.6659337211524656
BRCA,THYM,False,0.03907519719610045,2.432548480117143
KIPAN,KIPAN,True,0.4746652126051366,0.8306930892771095
STES,GBMLGG,False,0.06708026951730342,2.2638087503803845
GBMLGG,UCEC,False,0.06942497041869275,2.393246465330471
PRAD,PRAD,True,0.1645867387578827,2.5559518377351065
SARC,SARC,True,0.0005126074355120969,3.024344313296915
LUAD,LUAD,True,0.3474912115938042,2.193372339864256
OV,OV,True,0.3420243182273124,1.9197563455943951
CESC,CESC,True,0.5897092216776573,1.303737644588211
ACC,STES,False,0.718672917354392,1.0747626243348634
SKCM,SKCM,True,0.588767644825405,0.8002432868122779
STES,HNSC,False,0.0388810181111891,2.2133917858981182
THCA,PCPG,False,0.011695876405765804,2.279443842878953
GBMLGG,LGG,False,0.0782504634665121,0.8687088202889923
TGCT,TGCT,True,0.5947004317244834,1.7489426476612855
GBMLGG,GBMLGG,True,0.24575432458773971,1.0500570997660337
HNSC,HNSC,True,0.3879786195344095,1.8112042486870816
LGG,LIHC,False,0.051177080775950845,2.69715765009117
HNSC,HNSC,True,0.14548637935649356,2.3044477806937578
BRCA,HNSC,False,0.009248733360887912,2.5536571544821656
HNSC,HNSC,True,0.4417173264440678,1.434479425522781
STES,LUSC,False,0.18590951231475938,1.717307422960141
PRAD,PRAD,True,0.11310453833877676,2.6726446032746365
OV,SARC,False,0.0175585745878514,2.3831450232192823
DLBC,DLBC,True,0.27537616001619675,2.3271032960322424
LAML,THYM,False,0.36993326410251937,1.4812800756806102
BRCA,STES,False,0.02719477012790733,2.6204025502169164
KIPAN,PRAD,False,0.07677163197988948,2.741971607588939
THCA,THCA,True,0.8700051691711891,0.5993532994677389
STES,STES,True,0.11494300576850205,2.0280595368386347
GBMLGG,LGG,False,0.41508418156895033,0.6816195230495138
BRCA,PCPG,False,0.07945614700177078,2.2493294839355715
COAD,COAD,True,0.13936718765322526,1.1196161668860276
KIRC,KIRC,True,0.38692409896662405,1.2405763930704572
BRCA,BRCA,True,0.8372541131064289,0.5798077611987644
GBMLGG,LUSC,False,0.05170547721023663,2.1939364976846027
BRCA,BRCA,True,0.4751943890583965,1.6673073666578941
LGG,GBMLGG,False,0.040233457518708604,2.89121993888886
LUAD,PRAD,False,0.024981363432892728,2.910972189502334
KIRC,PRAD,False,0.1304008635679081,2.6800943062273617
KIRC,KIRC,True,0.2362401587681704,1.07955716242911
SARC,PRAD,False,0.05490432055822843,2.874316860548711
CESC,CESC,True,0.10046261856456762,1.9528855276002013
LGG,LGG,True,0.7827267813015404,0.5493983214159249
KIPAN,KIPAN,True,0.23945938525941066,2.13362308314674
THCA,THCA,True,0.9311734254980759,0.34955744087930934
COAD,COAD,True,0.43390298424248963,1.1125245814565763
GBMLGG,TGCT,False,0.03380117021806063,2.9888752156625795
SKCM,SARC,False,0.047608155013665956,2.98898199612584
BRCA,PCPG,False,0.007076002836992112,2.918592604169364
THCA,THYM,False,0.3435385030404202,1.4990457161393547
UCEC,UCEC,True,0.6745450576699941,1.0028299485973065
DLBC,PCPG,False,0.04829509373850213,2.713082337528767
PRAD,PRAD,True,0.0448205395489453,2.8964399287860703
COAD,COAD,True,0.7326134113775903,1.079935918277684
CESC,PCPG,False,0.032889304227147004,2.2836082221168117
THCA,THCA,True,0.9751257744302784,0.1396923770180455
BRCA,CESC,False,0.14369973045132123,2.5488816764410567
KIRC,TGCT,False,0.020187250560085565,2.94935953172953
STES,COAD,False,0.16618198752217603,2.2937803953822904
COAD,COAD,True,0.4900045426334624,2.044945894070298
HNSC,STES,False,0.22730289711002424,1.8493408641988998
GBMLGG,GBMLGG,True,0.13774060396611948,0.9969556089457916
THYM,CESC,False,0.32130503702635005,2.1111375321443737
TGCT,KIPAN,False,0.05625684538387937,2.830029879576247
COAD,COAD,True,0.8179862122023519,0.7854690990005855
GBMLGG,COAD,False,0.014753997032242783,1.9450955371753247
SARC,SARC,True,0.03152578949768062,2.369845032790722
BLCA,GBMLGG,False,0.016566158492350547,2.8814815100115045
THCA,THCA,True,0.9664315658235495,0.1864953354989696
BLCA,HNSC,False,0.12073816735440907,1.959387995754804
KIRC,KIRC,True,0.13543274886107204,1.037204378797721
PRAD,PRAD,True,0.04138725389720979,2.9037909578014287
BRCA,SARC,False,0.027981118983430198,2.9150395567523333
LGG,LGG,True,0.19047810829380651,1.0819251205550993
KIPAN,CESC,False,0.011131615345988083,2.8704902200106743
KIPAN,KIPAN,True,0.009863793599616366,2.135108289857489
KIPAN,KIPAN,True,0.5434581364833279,1.4765721846040207
KIPAN,KIPAN,True,0.14606055875788498,2.6436308214531823
BLCA,BLCA,True,0.08025023620048255,2.618754489250079
OV,PAAD,False,0.03880468229999193,2.482938766031267
SARC,PRAD,False,0.027975109626965533,2.803949721592513
PCPG,PCPG,True,0.02643866758423688,2.08605100030531
BRCA,BRCA,True,0.4845790161209571,1.9400131886155956
THCA,THCA,True,0.9133966277636703,0.4364551666052305
STES,COAD,False,0.11106629720952266,1.4153434776557416
BRCA,BRCA,True,0.32581764808567515,2.439339107238138
THYM,THYM,True,0.26730954490983344,1.5672819392438864
OV,OV,True,0.3151180826855923,2.211690643236927
TGCT,TGCT,True,0.17139597849289065,2.7064250510803975
GBMLGG,LGG,False,0.24029657151832,0.8937525054267538
SKCM,SKCM,True,0.9764549053150455,0.12118682193166146
CESC,LUSC,False,0.032458470978789095,2.51254654824382
CESC,CESC,True,0.08965260297516438,2.778581646726981
ACC,ACC,True,0.6978796584677551,1.2830127915303997
BRCA,BRCA,True,0.5197984906319254,1.6559995433146448
KIRC,KIRC,True,0.639535895257032,0.7928111254835485
LGG,LGG,True,0.15194518354624081,0.7551160509612906
LUAD,LUAD,True,0.08110695911149371,2.092331740277414
LUAD,LUAD,True,0.1968930862865904,2.1578588499558404
BRCA,UCEC,False,0.3967843838934493,1.2982946446859462
PAAD,PAAD,True,0.10452504226062062,2.232331212319506
COAD,COAD,True,0.39872674919926304,2.2056817976987837
PCPG,PCPG,True,0.43531176949677,2.1155118151176087
LGG,LGG,True,0.2094255125141793,1.1254607618012107
KIRC,KIRC,True,0.06231411389735833,2.6963905480813617
PCPG,PCPG,True,0.0907182766823511,2.673763592645034
STES,STES,True,0.14550443919354303,2.528748775905944
THCA,LAML,False,0.012886599631961149,2.012585460534055
STES,HNSC,False,0.07721900759252945,2.3075063083020524
TGCT,TGCT,True,0.15055644391239684,2.517325470701721
SARC,OV,False,0.508023887157868,1.8978859967621404
SKCM,SKCM,True,0.9889603565876909,0.06621413045010122
PCPG,LAML,False,0.03329348480816707,2.515079487069014
LUAD,SKCM,False,0.03281174586671537,2.399281819808906
THCA,THCA,True,0.5005074705101086,1.9226242340439246
KIRC,KIRC,True,0.3295262473802508,0.8687267682992019
PAAD,PAAD,True,0.24287998576643927,2.3032176168754437
UCEC,OV,False,0.10592487452564675,2.4846964087385306
PCPG,PRAD,False,0.05982163211404465,2.499018060201751
GBMLGG,PAAD,False,0.134009953631746,2.775420933747657
GBMLGG,UCEC,False,0.13933851091670627,2.4151435486420234
BRCA,HNSC,False,0.056435403972485976,2.138347148280866
BRCA,BRCA,True,0.5415702568903525,1.5923124833531501
KIRC,OV,False,0.007272541360425766,2.8148652370081035
HNSC,BLCA,False,0.13379445615923824,1.8889816485160809
COAD,PAAD,False,0.07237994062125425,2.54193510666914
KIRC,KIRC,True,0.5036038484969836,1.0708526386708441
DLBC,DLBC,True,0.5887975992845025,1.276834431412045
STES,PAAD,False,0.11151068778119749,1.2053273774151183
UCEC,UCEC,True,0.9930105429078012,0.03401975333666779
COAD,OV,False,0.17244336235143604,2.321928782327688
OV,OV,True,0.0697454987592484,2.523763182376326
GBMLGG,GBMLGG,True,0.05267626097438621,1.0969176808296999
LGG,GBMLGG,False,0.5637070200222535,1.46678115692805
PRAD,PRAD,True,0.036212742446683904,2.7722346478220325
HNSC,LUSC,False,0.6098248269525512,0.6970673166537571
COAD,COAD,True,0.5831617447571137,1.4519146895791677
KIRC,KIRC,True,0.24784498682425105,0.8208657786138969
BRCA,BRCA,True,0.27745856231648364,2.086216191528525
BRCA,SARC,False,0.07959492367458892,2.5862073506599668
COAD,COAD,True,0.9005823518612828,0.41480033835916574
BRCA,PCPG,False,0.07854533335396974,2.8439788094981213
OV,OV,True,0.11457328093219149,2.423845573729508
OV,OV,True,0.23950045013610016,2.3980718834338046
KIPAN,KIPAN,True,0.16817354346163413,2.4885187044029693
LUSC,LUAD,False,0.024507285662332956,2.059725848670557
GBMLGG,GBMLGG,True,0.029405596276269985,1.0310906105515423
PAAD,PAAD,True,5.754828415882596e-05,2.3323835285635144
LUAD,LUSC,False,0.39450740555141417,0.7603217601731697
KIPAN,KIPAN,True,0.35572778897738483,1.719159557633178
KIPAN,KIPAN,True,0.13359615815604292,2.20100828904706
BRCA,BRCA,True,0.01600840627743083,2.2870680108351586
PAAD,HNSC,False,0.0019070058217987573,2.7568163283064386
STES,STES,True,0.013073652217159143,2.590161102006632
LUAD,LUAD,True,0.41427972549998515,1.2321332805526064
KIPAN,TGCT,False,0.05016920570726936,2.8360114264786414
PCPG,PCPG,True,0.2843011576176664,2.2218622795145326
KIRC,THYM,False,0.151968443630453,2.1317563384967775
KIRC,KIRC,True,0.06719254687086751,2.5148109420545097
THCA,PRAD,False,0.11528654676550201,2.498887399429887
THCA,THCA,True,0.8779183683409777,0.5651044051526635
GBMLGG,GBMLGG,True,0.11531616800406352,2.058582962115953
UCEC,BRCA,False,0.029761330086661583,2.791708027008882
OV,OV,True,0.10719503668167372,2.68973375271197
STES,STES,True,0.6219417576148161,0.9721873543860524
PAAD,PAAD,True,0.17149697435830133,2.369613972396941
THCA,PCPG,False,0.028317124094890123,2.450641579813093
LUSC,LUAD,False,0.057789861674889115,2.5130006443383173
BRCA,OV,False,0.25175791619184495,2.305864786322933
STES,STES,True,0.2203037215828967,1.9767906881514872
KIPAN,KIPAN,True,0.1290775630629642,2.7689043258104014
BRCA,GBMLGG,False,0.0012591108357295766,3.071939202594464
SKCM,SKCM,True,0.8594182705275542,0.6260493645398643
OV,OV,True,0.1471957325721895,2.3838030012379856
LUAD,STES,False,0.17861956302295287,2.005582223924143
OV,KIPAN,False,0.2790644644026852,2.1606372562606952
CESC,CESC,True,0.2248492626391862,2.5107403166304194
KIPAN,PRAD,False,0.11677750000122207,2.814113240358156
THCA,THCA,True,0.9491779322781901,0.27028578075624626
KIPAN,KIPAN,True,0.19262674939732896,2.4835790112226874
KIPAN,KIPAN,True,0.3025719755760309,1.3786413827376252
LAML,PCPG,False,0.1660693597472461,2.3955144237670134
LGG,LGG,True,0.3604123393474704,1.0141131513365802
HNSC,BRCA,False,0.007862448963053187,2.2936065332072486
LAML,SARC,False,0.053988966858523,2.4918649251532017
SARC,OV,False,0.13000390820594532,2.5315169288412385
DLBC,DLBC,True,0.730606621528936,0.8936042856883771
UCEC,UCEC,True,0.4659990948950472,2.0190504147297066
STES,STES,True,0.4932025431561199,1.7825247522922145
PCPG,PCPG,True,0.34425787033619704,1.4561476565318376
TGCT,TGCT,True,0.29680438509395485,2.442773591002807
SKCM,SKCM,True,0.9718429509541882,0.14047047104537333
UCEC,BRCA,False,0.7197119179535668,1.089547338351397
LIHC,CESC,False,0.03508404069643761,2.918206640881071
UCEC,UCEC,True,0.9785182570815253,0.08546332750136768
GBMLGG,GBMLGG,True,0.006153166060766935,0.8845752703354175
HNSC,LUSC,False,0.013310967591169287,2.5516217857153474
LGG,GBMLGG,False,0.0007384120840116526,2.007041183772826
PAAD,TGCT,False,0.024382753905703186,2.6770197612928675
GBMLGG,GBMLGG,True,0.057112042542659044,2.5617937193353084
BRCA,BRCA,True,0.9550631148885377,0.25689101021973687
CESC,BLCA,False,0.3768827967103459,1.2198582574003876
LUAD,LUAD,True,0.09631493196380561,2.5219593980085744
SKCM,SKCM,True,0.6794221361282681,1.012303019871911
THCA,PRAD,False,0.029668628084944887,2.6785751422186905
THCA,PRAD,False,0.005472466623585498,2.39244304977964
PRAD,OV,False,0.245343852704547,2.109519182989084
KIPAN,KIRC,False,0.1625492944223122,1.1368272343288188
LAML,LAML,True,0.03290022844912735,2.630033998228989
ACC,ACC,True,0.9514584686115531,0.2804939497019815
UCEC,OV,False,0.005651593457340287,2.2939108509007258
KIPAN,PRAD,False,0.012816428254902645,2.707898927703012
LUSC,STES,False,0.06254387489879709,1.7541479372366802
LUAD,KIRC,False,0.06934514927943883,2.7206363323455824
KIRC,KIRC,True,0.19442858373353944,1.1368268663102137
UCEC,UCEC,True,0.47849505031242556,1.7221543268227708
LUAD,LIHC,False,0.18457329863574384,2.7375768622050463
PRAD,PCPG,False,0.047734513823252056,2.6535864999968575
BRCA,OV,False,0.0815006172589311,2.695961913224615
BLCA,BLCA,True,0.4964048200059749,1.2117511153800025
BRCA,UCEC,False,0.03822389318455738,2.200192875154898
SKCM,SKCM,True,0.9956201578112184,0.02366297380617687
BRCA,BRCA,True,0.731646342612368,1.1462464493424325
LGG,LGG,True,0.2910165158816253,0.7115260556342057
PRAD,THYM,False,0.0330071888399584,1.9542009424047233
PRAD,PRAD,True,0.2601448813065069,2.259732946346896
BRCA,BRCA,True,0.2330811958165612,2.333947962403281
BRCA,BRCA,True,0.3151151732248024,1.8784327320516474
UCEC,UCEC,True,0.7976157104026746,0.6875531389315801
THYM,THYM,True,0.32428152138042404,1.586172391660965
BRCA,BRCA,True,0.7625163732339486,0.8513473400881257
LUSC,LIHC,False,0.03891208459287211,2.8021102243431195
LAML,LAML,True,0.6220381565943498,1.5683681988612719
THCA,PRAD,False,0.09167796433934994,2.288489897270973
COAD,BRCA,False,0.05542515750616078,2.215984269019777
LUAD,THYM,False,0.039374248687644164,2.6514096231050277
KIRC,KIRC,True,0.05521596844756674,2.755983465311558
PRAD,THYM,False,0.1102555034707553,2.2610927909274854
PRAD,PCPG,False,0.07425463351756514,2.6527245216527513
LAML,PCPG,False,0.14461083261430108,2.5247531491641277
BRCA,UCEC,False,0.025965736521621846,2.257911304898974
KIPAN,KIPAN,True,0.06071643220259451,2.932711036627447
THCA,THCA,True,0.7509976077857069,0.9842050206917595
COAD,COAD,True,0.4364760751622976,1.8002364139780973
LIHC,KIPAN,False,0.036138449754086255,2.209337207338675
UCEC,UCEC,True,0.032654312895331244,2.4025924306510236
SARC,SARC,True,0.03173971187971425,2.710590112437741
UCEC,OV,False,0.07754659581956053,2.523480784539531
LGG,GBMLGG,False,0.46577107924635136,1.7883845889371521
SKCM,SKCM,True,0.8642409511844534,0.5849866336007219
HNSC,HNSC,True,0.3336118811722232,1.6856784157422229
SKCM,SKCM,True,0.9477013667029242,0.18735647680297784
PRAD,PCPG,False,0.019351870906297808,2.5383042258574178
THCA,THCA,True,0.4143548825692586,1.846106920283941
LUAD,PAAD,False,0.051620950069896476,2.7535017199932157
STES,STES,True,0.3570239007322412,1.745520395292384
SKCM,SKCM,True,0.9992177401489445,0.004702922272738473
KIPAN,KIPAN,True,0.01348799224018446,2.5128080145235954
THCA,THCA,True,0.8841199884434106,0.5630858158592779
SARC,THYM,False,0.36993326410251937,1.4812800756806102
KIRC,KIRC,True,0.4940652559476041,0.8084998610507881
COAD,COAD,True,0.16934206030052285,2.0831417206911977
SKCM,SKCM,True,0.5623257883190831,1.4681593651874585
STES,UCEC,False,0.201795739270819,2.2169660737947563
LGG,GBMLGG,False,0.7212216867909835,0.9418292453023097
SKCM,SKCM,True,0.9990444926643135,0.004595539579265855
THCA,THCA,True,0.9401725611250451,0.2982015779567776
STES,UCEC,False,0.28348106330764006,2.270725911202044
GBMLGG,GBMLGG,True,0.15949113432038656,2.606972462606772
SKCM,SKCM,True,0.6096520049347092,1.0814937428267757
THCA,THCA,True,0.9242325436997895,0.36704871678994333
KIRC,SARC,False,0.19540379031005572,2.9011446858096472
OV,PAAD,False,0.001472428506998913,2.458907504876679
THCA,BRCA,False,0.013337448832451554,2.7867665449114036
STES,STES,True,0.05605789854437426,2.4430471429850398
BRCA,BRCA,True,0.18035571747455756,2.6760300490804276
KIPAN,PCPG,False,0.13974189034370457,2.59070794533193
KIRC,PRAD,False,0.050047246830728476,2.9549575518127087
BRCA,CESC,False,0.09123264944565572,2.9467722671608394
BRCA,BRCA,True,0.22743765055657406,1.212820704152573
KIRC,KIRC,True,0.5507018582443988,0.8789505716601634
BRCA,BRCA,True,0.6872055582376726,1.283945664261336
HNSC,HNSC,True,0.055472154145308816,2.6159549159968667
THCA,THYM,False,0.36993326410251937,1.4812800756806102
SKCM,SKCM,True,0.6818647578850636,1.1237240383529916
KIPAN,KIRC,False,0.10640743761313154,1.9249717138412517
PAAD,KIPAN,False,0.12511764902328396,2.587948295076462
BRCA,BRCA,True,0.2293592827383039,1.9186275719987353
BRCA,LAML,False,0.09151867574481826,2.136201664542672
STES,HNSC,False,0.001381918718859787,2.440375768134124
SKCM,SKCM,True,0.9229882862148726,0.31387577454529625
CESC,UCEC,False,0.13583634670413625,2.7219355426261833
KIPAN,KIRC,False,0.31946177774402895,1.6741437890417956
PCPG,SARC,False,0.19390656607327694,2.3540192126489585
BRCA,BRCA,True,0.6057006260557464,1.4643319946459021
KIRC,KIRC,True,0.24230996290486345,2.4042382516268996
SARC,PAAD,False,0.04809786734682091,2.935391071886493
BRCA,LAML,False,0.07994155334994127,1.9136174945915554
THCA,THCA,True,0.9855165102123131,0.08932323430520588
STES,STES,True,0.6737229190831554,1.163489583724568
LAML,THYM,False,0.07153625748412451,2.312641952658233
TGCT,TGCT,True,0.32435820067625354,2.477633468140885
PRAD,BRCA,False,0.374405474075466,2.1330085361673468
GBMLGG,SARC,False,0.09096722126909378,2.970529318479706
BRCA,PRAD,False,0.018867268204834226,2.567657071735683
PCPG,SARC,False,0.0036184937444277976,2.822092126607373
SARC,KIPAN,False,0.13531750571347695,2.56510461743304
CESC,CESC,True,0.1109000905377979,2.703903414722126
KIPAN,KIPAN,True,0.5177459857068167,0.9296441314236698
BRCA,BRCA,True,0.5557609759304121,1.8107273537248219
TGCT,KIRC,False,0.01421885288732272,2.29115643589791
STES,PAAD,False,0.020479576099488028,2.252033610541033
HNSC,HNSC,True,0.3431935458932425,2.031628351571937
BRCA,OV,False,0.12876816677805047,2.2821824949977465
PAAD,PAAD,True,0.037571565239643695,2.6672071249147735
STES,OV,False,0.032980887553841653,2.640598058270047
KIRC,KIRC,True,0.15789948697747996,2.171022812799648
LGG,LGG,True,0.4478503842977535,0.9150933573375
UCEC,STES,False,0.4367925124342651,0.9350051606002904
GBMLGG,PCPG,False,0.0023492797973987123,2.947454339785245
KIRC,PCPG,False,0.018447920425553044,2.626171226633239
LUAD,LUAD,True,0.9664712380311563,0.14690657028756596
ACC,ACC,True,0.9967137380971356,0.02449724148676715
STES,STES,True,0.1210947338559438,1.9816715319459286
COAD,COAD,True,0.7098962158860668,1.1604789390963226
LUAD,GBMLGG,False,0.04550705730693913,2.3145616194342318
LAML,OV,False,0.06514744745841991,2.2242257419368534
SKCM,SKCM,True,0.9764377040192475,0.11667162683393598
PRAD,THYM,False,0.07724535598006946,1.9381604157827639
KIRC,KIRC,True,0.12192298365474868,2.3155897892042026
KIRC,KIRC,True,0.2734836330846973,1.0222173183021335
LUSC,LUSC,True,0.4548049505960923,1.5044570276069689
TGCT,KIRC,False,0.0056586562282855135,2.8558290071294654
LAML,THYM,False,0.027399567910853406,2.031444002776543
LAML,LAML,True,0.9787625728339889,0.10666127010615814
KIRC,PRAD,False,0.02181264614130249,2.8729519183588175
COAD,COAD,True,0.7616153344092143,0.9659655469061569
DLBC,STES,False,0.06492648927425493,2.273468863894585
LAML,THYM,False,0.32428152138042404,1.586172391660965
COAD,STES,False,0.5043062095867702,1.083487104304341
KIPAN,TGCT,False,0.05247243849125041,2.7495936239634164
KIRC,KIRC,True,0.13299896494496544,0.9233752638217951
PRAD,BRCA,False,0.1372290425176377,2.5414623519344697
LGG,LGG,True,0.3015280232277087,0.9084549324147905
COAD,COAD,True,0.857777506713489,0.6695017535489581
BRCA,KIRC,False,0.039182753064178205,2.8477517449141896
SARC,UCEC,False,0.1710326461085174,2.383562477514699
UCEC,STES,False,0.21697912153354598,1.544588006587885
PRAD,THYM,False,0.021543978931235386,2.187911229360358
OV,OV,True,0.30459689260690126,2.202110327282073
COAD,COAD,True,0.6067013755917718,1.3834747001541512
KIRC,SARC,False,0.010711506233558904,2.6889940736729017
GBMLGG,THYM,False,0.3435385030404202,1.4990457161393547
KIRC,KIRC,True,0.6398243019395675,1.2957204125774835
THCA,THCA,True,0.9438911109508061,0.2968115669586128
BRCA,PRAD,False,0.03444661037235941,2.83174508094619
KIRC,KIRC,True,0.6439653075299165,0.8758448035436848
LAML,PCPG,False,0.08462359281103876,2.5589002408374313
LGG,LGG,True,0.2538242522811717,1.0980606186540613
HNSC,HNSC,True,0.2876422075409085,1.5425907610672374
THCA,THCA,True,0.984988776354125,0.08802603240296862
STES,LUSC,False,0.6514376384685561,0.9152024883724154
LIHC,LIHC,True,0.5389710234841587,1.5214313916854127
STES,PAAD,False,0.005654275152631394,2.0399212863750877
PRAD,PRAD,True,0.22724189313225304,2.530017432608134
PRAD,OV,False,0.026554476231937463,2.2585890663692774
COAD,COAD,True,0.6692026026508532,1.2841235639656876
KIRC,KIRC,True,0.4053311075144224,1.2101406891390347
GBMLGG,GBMLGG,True,0.2258015477638128,2.1116608627725992
STES,STES,True,0.44114121058992933,0.7785202469222603
HNSC,PAAD,False,0.35646157211688057,1.733120123839571
KIPAN,KIPAN,True,0.2889188533442446,2.365743893080534
LGG,LGG,True,0.05842211893546151,2.073061195021082
UCEC,STES,False,0.564747019386294,1.2540196548586164
GBMLGG,GBMLGG,True,0.7885795153951662,0.9033928684040042
KIPAN,KIPAN,True,0.03300413392518628,2.498061010839463
PRAD,KIPAN,False,0.028268358995977558,2.9216293199742025
LGG,LGG,True,0.3198717423988411,0.8161143466349113
SKCM,SKCM,True,0.7680095088520006,0.6778737798371803
THCA,THCA,True,0.9612521083379858,0.2162688548775175
LUAD,LUSC,False,0.6551992565857738,0.8230549572955563
BRCA,TGCT,False,0.05400874946060549,2.73379527886643
BRCA,BRCA,True,0.9476180695959792,0.29399189763453004
GBMLGG,GBMLGG,True,0.3709366669400462,1.1823320254287863
BLCA,BLCA,True,0.8297127142504415,0.5578035060478908
LUSC,LUSC,True,0.7831802637608338,0.609133275025463
BRCA,HNSC,False,0.030693725879716666,2.471176860759591
BRCA,LUSC,False,0.03490959861493709,2.6464097909775917
GBMLGG,LGG,False,0.24166291032511433,0.68401421427693
UCEC,UCEC,True,0.7618070479043431,0.5927044427101231
STES,STES,True,0.04919299451730169,2.322948140396482
STES,STES,True,0.5205980910229835,1.2752612877418765
BRCA,PCPG,False,0.0852331866452902,2.613274200439862
HNSC,STES,False,0.21983109498070433,1.9545433512262207
KIRC,LAML,False,0.16710982596661697,2.0363051934269345
BRCA,SARC,False,0.05658144562859371,2.4034304085180955
STES,STES,True,0.9699651850227964,0.17033223849485413
LAML,LAML,True,0.4178435368643346,1.7315068391777184
HNSC,HNSC,True,0.36654507167088013,1.6394354541596092
GBMLGG,GBMLGG,True,0.18663369281941214,2.5194007962498857
GBMLGG,LGG,False,0.047373173068983476,1.8964025991792441
LUSC,LUSC,True,0.8938495908263918,0.40741883557022834
BRCA,BRCA,True,0.387316669090096,2.2540023282459494
LGG,LGG,True,0.3857913059181477,0.9699075786708748
BLCA,BLCA,True,0.3578002676551837,1.1156795968799045
UCEC,LIHC,False,0.12773589277953365,2.502269237516927
THYM,PRAD,False,0.049120856224429715,2.601310600804902
OV,OV,True,0.09272912400504599,2.3241743393420653
GBMLGG,LGG,False,0.17546484206575585,0.8381907750708336
OV,OV,True,0.19059641043364367,2.364776909858908
GBMLGG,GBMLGG,True,0.20529522035220907,2.333217126464102
BRCA,OV,False,0.33123219897930334,2.152993709280662
GBMLGG,LGG,False,0.303952714895058,0.678197007088853
BRCA,PRAD,False,0.09086670800767205,2.523631152105968
LGG,BRCA,False,0.1732991707823011,2.642488916104596
UCEC,STES,False,0.7307528785028637,0.7884066877288491
KIPAN,KIPAN,True,0.21240249354818147,2.537431792615832
KIRC,KIRC,True,0.036516382928950195,2.84395691991794
DLBC,STES,False,0.10922277464054439,2.1720871261730195
LUSC,OV,False,0.22208985655276592,2.3532454926342243
SARC,THYM,False,0.09217302990975176,2.099098996049071
KIPAN,KIPAN,True,0.2343387343520199,1.1670779484881544
ACC,HNSC,False,0.14426207967565963,2.421358701961874
HNSC,CESC,False,0.026117610535580774,2.924581807151074
THCA,THCA,True,0.9409710493835168,0.3075237339309635
KIPAN,KIRC,False,0.03668346393528342,2.847493088893137
HNSC,HNSC,True,0.4429662089923848,1.5685055208910597
LUAD,LUSC,False,0.07160404258157688,2.1327367170325853
PRAD,PRAD,True,0.20780918602699303,2.387544325761857
TGCT,TGCT,True,0.29953300536783095,2.3613820022069048
OV,OV,True,0.24382685884834399,2.4254286987855176
SARC,PAAD,False,0.00850003906292604,2.928490160004994
THCA,THCA,True,0.6682459298038156,1.0283789490932715
COAD,PAAD,False,0.10840129706411206,2.7512720503818677
BRCA,BRCA,True,0.07118582315312438,2.7864227683657083
KIPAN,KIPAN,True,0.17986425515991233,2.2011025400869824
LAML,THYM,False,0.32428152138042404,1.586172391660965
BRCA,BRCA,True,0.12291156092134126,2.5269999318181258
UCEC,PRAD,False,0.0200739802519128,2.9210438389866615
COAD,COAD,True,0.8531428453348706,0.427362041262986
LUSC,LUSC,True,0.7927166959615018,0.7182358605276354
GBMLGG,GBMLGG,True,0.07018735549851629,1.074101413448744
LAML,THYM,False,0.36993326410251937,1.4812800756806102
THCA,THCA,True,0.9908551852901796,0.05194934766862567
BRCA,CESC,False,0.03417124858754583,2.263212163670141
BRCA,BRCA,True,0.06457746176249143,2.7044773747652355
KIPAN,PCPG,False,0.027812437197606038,2.53686439088947
LAML,LAML,True,0.7516266446221538,0.5258865557684136
GBMLGG,GBMLGG,True,0.33607820860959225,1.7398619958629458
BRCA,PRAD,False,0.027289257721092308,2.500605128937642
STES,UCEC,False,0.05782334105144635,2.3347677704922853
KIRC,KIPAN,False,0.02031555674336455,0.9862482070190411
BRCA,CESC,False,0.3126933590143224,1.7132738709508961
BRCA,BRCA,True,0.2654617160059756,2.530654396616347
HNSC,HNSC,True,0.5501894472458175,1.2244976215310268
KIPAN,TGCT,False,0.08808508424534042,2.8515410320991013
LUAD,LUSC,False,0.029057398888250582,2.831291890983117
UCEC,PRAD,False,0.1816233492655432,2.4332753759445156
BRCA,BRCA,True,0.335396998521558,2.2972194098780427
COAD,COAD,True,0.7071939494340912,1.0907943457524512
KIPAN,KIPAN,True,0.07730457125598031,2.854689183066816
KIRC,KIRC,True,0.13015325163444047,1.1641049177454035
SKCM,STES,False,0.0471968930290487,2.607241992678162
BLCA,BLCA,True,0.8874321506585006,0.4883263632592794
DLBC,STES,False,0.6011461520068287,1.0681859748684541
TGCT,TGCT,True,0.2200299877467294,2.6847296259247644
PRAD,PRAD,True,0.1490878135041166,2.7483983795976985
BRCA,PCPG,False,0.05809338455751595,2.7464237534995086
LGG,LGG,True,0.39069655759193095,0.9535503794767567
STES,STES,True,0.25023676506046183,1.9350785936276147
KIPAN,TGCT,False,0.09434466404853896,2.7553211136574496
GBMLGG,GBMLGG,True,0.2231296909954837,1.0289481859493472
STES,HNSC,False,0.21371029523739907,2.0209467381091564
BRCA,BRCA,True,0.18066514538426662,2.438256228997477
ACC,LIHC,False,0.08901031182690991,2.6740641109407877
SARC,SARC,True,0.10087260209965845,2.7877775426479268
SARC,PRAD,False,0.20694658088557294,2.4006735932855303
PCPG,BRCA,False,0.009600966927384852,2.9749969097130533
THCA,PCPG,False,0.1844546257957022,2.121509064795662
THCA,THCA,True,0.7312129358156404,1.0391158610850664
OV,OV,True,0.23472294730429222,2.1446429414013006
LUSC,LUSC,True,0.513189837086636,0.9773941660441604
KIPAN,KIPAN,True,0.21281048096911293,2.5358653555247415
COAD,COAD,True,0.5703158567147557,1.8578726254103266
LUSC,LIHC,False,0.07348549082888503,2.1919129703602023
UCEC,UCEC,True,0.7073645159406324,1.383000396128327
GBMLGG,GBMLGG,True,0.015306471823217704,2.9989027969687863
STES,STES,True,0.5801175282531028,1.0653471829994265
SKCM,CESC,False,0.05173067616207805,2.1067658901443855
CESC,CESC,True,0.033452883627591204,2.975319291375682
KIPAN,THYM,False,0.36993326410251937,1.4812800756806102
BRCA,OV,False,0.016906469998843127,2.632887768373432
THCA,THCA,True,0.8077422904189717,0.8440807102821103
BRCA,BRCA,True,0.21567518119647364,2.4854094905491024
SARC,OV,False,0.012450487266601307,2.317491036691117
KIRC,KIRC,True,0.21386529163529366,2.485281329875762
PCPG,PCPG,True,0.16141722968633887,2.509592505188094
COAD,COAD,True,0.807539056006299,0.9334683051531778
HNSC,UCEC,False,0.010916516604028398,2.4820947721036046
PRAD,THYM,False,0.3405417435522259,1.4528012223984064
BRCA,OV,False,0.07096747933819791,2.447853648908004
LIHC,LIHC,True,0.7565239625265812,0.9090627987751526
GBMLGG,LGG,False,0.163049486147947,0.9975796831952929
THCA,THYM,False,0.011702685920179562,2.3330002939770877
LIHC,LIHC,True,0.2189000066769075,2.6068155650931737
KIRC,KIPAN,False,0.08350485625008103,2.518787025703093
LIHC,LIHC,True,0.04547220399984753,2.0246158645630628
UCEC,OV,False,0.3052184100986774,2.294449573236427
KIPAN,LIHC,False,0.08209324489920522,2.7267696214942205
TGCT,TGCT,True,0.15234829322248195,2.7072259272527095
TGCT,PRAD,False,0.14167700279969603,2.8569706594985136
DLBC,DLBC,True,0.045065175925718376,2.196774771117896
THCA,PRAD,False,0.023884458861896496,2.6628097624561846
BRCA,BRCA,True,0.4528726979577704,1.822221122023834
KIRC,OV,False,0.04447526134720822,2.3588318998711846
STES,STES,True,0.2768181196796648,1.895171844254565
BRCA,BRCA,True,0.02580433924256137,2.1223472758652084
UCEC,UCEC,True,0.58344687798883,1.3350983575057251
THCA,THYM,False,0.022110297683932773,2.2415893519376846
BRCA,HNSC,False,0.13713127872262287,2.51079658462228
COAD,UCEC,False,0.5901111319805437,1.43302860355705
HNSC,LUAD,False,0.20149443571986378,1.7907224086659592
SKCM,SKCM,True,0.9635548787837402,0.18867020750187805
KIPAN,LIHC,False,0.1579102873652822,2.3360208868265815
THYM,THYM,True,0.15404032747979865,1.8846713601700038
GBMLGG,GBMLGG,True,0.1177656837942069,2.4467563570001816
BRCA,KIPAN,False,0.01648873056384237,2.465345011653848
GBMLGG,SARC,False,0.003172569012335341,2.9907207689540867
PRAD,PRAD,True,0.1646118521069223,2.5729038420708226
COAD,COAD,True,0.8077176430543461,0.8044657814875676
LIHC,LIHC,True,0.04820959106380311,2.93495887689486
SKCM,SKCM,True,0.9575435718348141,0.21219011649915243
BRCA,CESC,False,0.028600650263022748,2.668876047026106
HNSC,LAML,False,0.1221974302738271,2.2589077081120377
PCPG,PCPG,True,0.03796053121438564,2.732127076540121
KIPAN,KIPAN,True,0.29009345714089896,1.126569307915752
KIPAN,KIPAN,True,0.4176886045033607,0.7858846881604808
BRCA,BRCA,True,0.6843586164124691,1.278465932406145
PAAD,PAAD,True,0.6510084787845389,1.3063680555647081
LAML,LAML,True,0.35174899416615735,2.39122158184992
LIHC,LIHC,True,0.43279657871262894,1.9695156013372528
KIPAN,KIPAN,True,0.5611446236157605,1.3441268668502293
CESC,BLCA,False,0.16176640943332132,1.42345295970323
BRCA,BRCA,True,0.4451169089825401,1.9868520340749223
HNSC,LUAD,False,0.04492172202775996,2.30201172980065
BLCA,PCPG,False,0.06805784542077921,3.013146553578728
LUAD,OV,False,0.1632964268954969,2.548907200779842
LUSC,LUAD,False,0.5638494639160936,1.0438076178467766
LUAD,LUAD,True,0.20646121115765403,1.3072213668682409
GBMLGG,LGG,False,0.2517820423052339,0.9242795800284301
SKCM,SKCM,True,0.6368466287353859,0.8959291551736047
LAML,THYM,False,0.023801610403960755,2.0745655446324665
THCA,THCA,True,0.1619186156967785,2.344596828990314
BLCA,LUAD,False,0.026264741527573354,2.677896721088736
KIRC,PRAD,False,0.06613689421045159,2.639318698294526
KIPAN,KIPAN,True,0.4079163478314425,1.4594605861335344
PAAD,TGCT,False,0.021683521356734473,2.9638347314161164
KIPAN,KIPAN,True,0.4122403974894371,0.8797657864008019
SARC,SARC,True,0.01848520376409822,3.0296747620734847
PRAD,LUSC,False,0.10529404277599122,2.214261091647736
HNSC,BLCA,False,0.43318409760052,1.6766390842610202
LUAD,PAAD,False,0.14690474377763427,2.4826253897575747
THCA,THCA,True,0.94708349859214,0.2779733310503372
GBMLGG,LGG,False,0.036963791112648525,0.9501243949440155
THCA,THCA,True,0.7964352436456668,0.8305687473782074
THCA,THCA,True,0.989472888829264,0.06812791208088347
LIHC,LIHC,True,0.29328751663792924,2.153873368188504
KIPAN,KIPAN,True,0.04458034150384643,1.1909005661635517
STES,COAD,False,0.2936934962341423,1.7607176848755355
GBMLGG,BRCA,False,0.48841538001473256,1.5282981584534299
UCEC,UCEC,True,0.5806617971011122,1.4454011148750299
SARC,HNSC,False,0.07399330739875648,2.726459788211328
LAML,THYM,False,0.06681885216402941,2.280647350851926
SKCM,SKCM,True,0.9527987112767633,0.2552959805209102
ACC,ACC,True,0.8978768379196216,0.5115071260297278
OV,KIPAN,False,0.020768926548577815,2.7002889349266805
SARC,PRAD,False,0.06735056753190967,2.8279225378984667
GBMLGG,TGCT,False,0.052378430096696,2.9890140878549305
KIPAN,KIRC,False,0.28927118643523336,1.2619841264815204
KIRC,KIRC,True,0.24764444500811705,1.260002019133174
KIRC,KIRC,True,0.11582407792180327,2.29311216521784
HNSC,PRAD,False,0.11923552844127894,2.899904941364721
BRCA,SARC,False,0.14095838589470158,2.596477078514
LIHC,LIHC,True,0.4395255825122028,1.5654033683763584
LUAD,BLCA,False,0.03293757132338482,2.3361690952016643
PRAD,PRAD,True,0.2750154160662915,2.479505829429536
KIPAN,KIRC,False,0.09201582075578843,2.9057441251425398
SARC,OV,False,0.22362111817067634,2.3644605082232
BLCA,HNSC,False,0.05882898109407847,1.2094920342349136
OV,STES,False,0.08205022563896437,2.712876859284186
KIPAN,KIRC,False,0.027886119375532703,0.976218131897529
SKCM,SKCM,True,0.9712634153427482,0.1067221815466824
BRCA,KIRC,False,0.010586768132396063,2.8570214836576513
PRAD,PCPG,False,0.5481513448151347,1.2408111419973467
KIPAN,KIPAN,True,0.04020427218402653,2.4606624421290264
SKCM,SKCM,True,0.9136124555312575,0.4148783360794657
PAAD,COAD,False,0.04741930815251033,1.9090888326973172
STES,STES,True,0.800827352202153,0.6403806469659002
KIRC,KIRC,True,0.06057816860917675,1.017546443879802
ACC,ACC,True,0.6501693322713117,1.470662825852081
STES,CESC,False,0.2795799654754395,2.0654441663640393
KIPAN,STES,False,0.06352238955690692,2.7315741458938096
LGG,GBMLGG,False,0.12604869303646699,1.9497051726871475
OV,LUSC,False,0.07415763757535673,2.6589458749311574
KIRC,KIRC,True,0.5422377070491395,0.7950415123717514
STES,STES,True,0.661184259696127,0.6020863869476882
STES,STES,True,0.46925998886374026,1.137170038937875
OV,SARC,False,0.10397490205966083,2.9922697568165617
BRCA,BRCA,True,0.05793627832189421,2.772171291906782
PRAD,PRAD,True,0.29661890279831216,2.185063470746796
KIPAN,KIRC,False,0.0738477362827486,0.9249928862156931
PRAD,THYM,False,0.022130951191968395,2.216774765846693
LUAD,PRAD,False,0.003949508140373009,2.7398677875860584
KIRC,KIRC,True,0.15011920332034107,2.0486314491136515
BRCA,CESC,False,0.056923850827413164,2.4500882450571955
GBMLGG,GBMLGG,True,0.367454590131655,2.049224353751597
BRCA,CESC,False,0.11911666081965783,2.3639868846229866
SKCM,SKCM,True,0.9398895517624569,0.20791255255350125
PAAD,PAAD,True,0.2940107820193933,1.9512499366550697
STES,HNSC,False,0.06596309194608901,2.0830476267797247
KIPAN,KIPAN,True,0.12843938666155663,2.7303116881159086
BRCA,PAAD,False,0.08981995629619174,2.489350970312078
LUSC,LUSC,True,0.18985205079825862,1.2536099053812206
KIRC,KIRC,True,0.33757679717733186,0.9626508162861479
LGG,LGG,True,0.30035196983714935,0.7943536732943502
COAD,COAD,True,0.46193351182181475,2.119732603231207
LGG,GBMLGG,False,0.006153166060766935,0.8845752703354175
KIRC,KIRC,True,0.12446558080799636,2.5540178247856256
GBMLGG,PAAD,False,0.02361154626092557,2.557994703098971
KIRC,KIPAN,False,0.04898393712417157,2.5389984576965756
OV,OV,True,0.1817113920318269,2.4110938504061927
LUSC,HNSC,False,0.2003605394709475,1.318989774624626
GBMLGG,LGG,False,0.06022338040946956,1.8433335609022397
BRCA,BRCA,True,0.28882302364355117,1.875010209751354
UCEC,UCEC,True,0.26358467876617836,1.8349123677602508
BRCA,BRCA,True,0.6214871126280856,1.464580911770792
BRCA,SARC,False,0.034029268488942124,3.027596066063943
GBMLGG,LGG,False,0.12245102586797685,0.8542469931985459
THCA,PCPG,False,0.35164688751708406,1.2365224382166662
UCEC,UCEC,True,0.5991620255285379,1.0846167239681275
SKCM,SKCM,True,0.897470753908248,0.4280343398972813
LIHC,TGCT,False,0.08092499278605055,2.7414680708534727
BLCA,BLCA,True,0.07957175713261344,2.0658512600045933
BRCA,GBMLGG,False,0.05709889279207209,1.9931336631550542
SARC,LIHC,False,0.009483434149489808,2.8989211059374376
UCEC,UCEC,True,0.5867537935730831,1.1747476284640095
PRAD,BRCA,False,0.006188392680944732,2.9795831351277964
LIHC,LIHC,True,0.19080291174688346,0.7972655040180228
COAD,COAD,True,0.7541367359467456,0.8887563145467036
KIRC,LIHC,False,0.1732732792997501,2.3588597590275553
PRAD,OV,False,0.33142609279934576,2.2261455562703802
STES,STES,True,0.4190485568377015,1.6249641604656877
LUAD,LUAD,True,0.462135042591572,1.1822577416136695
THCA,THCA,True,0.9908551852901796,0.05194934766862567
UCEC,UCEC,True,0.12067171535814555,2.427390159796001
THCA,PCPG,False,0.0319674321274295,2.56312386344104
PRAD,PRAD,True,0.1491858641376657,2.503233239901617
GBMLGG,GBMLGG,True,0.06054651949374262,2.1114107422510746
SARC,SARC,True,0.03536179729263936,3.0125390361440356
HNSC,HNSC,True,0.14806027857971313,1.9225268899759753
KIPAN,LIHC,False,0.22225850938269426,2.6379096494167134
SARC,THYM,False,0.12738155183706917,2.1660929533429147
HNSC,CESC,False,0.7190401339144683,0.7881212196677019
THCA,PCPG,False,0.03786088412973945,2.5342954296923073
BRCA,BRCA,True,0.6827559709449658,1.1164120299619051
PAAD,PAAD,True,0.10650658014434283,2.476418785649319
SARC,BRCA,False,0.023076115683431236,2.804979473976834
PAAD,COAD,False,0.005149498446253814,2.5101524455445867
UCEC,COAD,False,0.698357712563776,0.9392293914891594
KIRC,KIRC,True,0.4564607072265886,0.6994469573796561
THYM,PCPG,False,0.01924671403995168,2.3145084786728627
LGG,GBMLGG,False,0.4024240064595579,1.6713679289870402
BRCA,PRAD,False,0.025399462704402492,2.3965302464502187
GBMLGG,SARC,False,0.1519342920545324,2.447716118886605
THYM,THYM,True,0.32428152138042404,1.586172391660965
UCEC,UCEC,True,0.06622988132875265,2.4714375312189336
HNSC,HNSC,True,0.23540299209409155,1.6816179025069364
BRCA,BRCA,True,0.19863917893653782,2.5252340936706696
THCA,THCA,True,0.725228990283188,1.140027120316399
STES,STES,True,0.19683429138105446,1.659786591555213
KIRC,KIRC,True,0.25261900372604584,0.9249576321054961
BRCA,BRCA,True,0.3390124411902694,1.8115088808079138
GBMLGG,LGG,False,0.30411858987451773,1.1919014808383286
BRCA,BRCA,True,0.24078196529895737,2.619745743816678
SARC,OV,False,0.07444533888630328,2.2498438968953645
SARC,PCPG,False,0.07327339659820645,2.069794020360769
COAD,COAD,True,0.8598685612112758,0.42128471838917764
UCEC,STES,False,0.13769342768132264,2.2913684016545988
STES,LUAD,False,0.5824814338697453,1.3144313769097413
UCEC,UCEC,True,0.34639979546197797,1.4240264392607838
LGG,LGG,True,0.32978832521049856,0.746026053632963
GBMLGG,GBMLGG,True,0.1314788902409187,2.661684985989032
BRCA,OV,False,0.24655960291934267,2.3314529867025464
UCEC,UCEC,True,0.4896079971152839,1.7209544035833961
PRAD,PCPG,False,0.10276554860249953,2.163412145396856
CESC,CESC,True,0.1321169762058036,2.714563274454841
BRCA,BRCA,True,0.6764188666349473,1.2290177426845332
KIPAN,KIRC,False,0.32479801242517375,1.1081996927326299
SKCM,SKCM,True,0.8416370130994192,0.49813760910896915
GBMLGG,LUAD,False,0.17363536113292458,2.4539034252702483
THCA,SKCM,False,0.31076764323657935,2.1604752405602863
GBMLGG,GBMLGG,True,0.1513238053764127,2.469097397769447
LGG,LGG,True,0.050494145284482705,2.1529838818443596
KIPAN,KIPAN,True,0.2865440546674023,1.435424624516826
LUAD,LUSC,False,0.0673199101750468,1.294189184642585
UCEC,UCEC,True,0.7814608201822748,0.8861060475946612
PRAD,PRAD,True,0.07598590469570773,2.750572437806225
ACC,COAD,False,0.07634618929517789,1.7693065389351488
LUAD,LUAD,True,0.706953252608431,0.642655455664318
SARC,PRAD,False,0.023417293829139665,3.052774461737832
GBMLGG,GBMLGG,True,0.20522668489436263,2.6984845132410182
BLCA,BLCA,True,0.20439186509527554,1.4760279701285701
ACC,ACC,True,0.9023733609280689,0.5027591049031542
KIRC,KIRC,True,0.06781553140869262,1.76724630346896
OV,LUSC,False,0.2519694288266614,2.090880218575072
STES,STES,True,0.4777039886329798,1.2013525900460196
UCEC,BRCA,False,0.1618314927035854,2.0872861263297477
HNSC,LUSC,False,0.6004220112886537,1.0100125161514075
BRCA,OV,False,0.08633065629392184,2.630723147763788
LAML,LAML,True,0.09208299208888435,2.2022808058132197
STES,STES,True,0.882384846690598,0.45197392285980237
KIPAN,KIPAN,True,0.31940101096389667,2.044841073479513
PRAD,PRAD,True,0.12332599432852942,2.328153498671032
LGG,LGG,True,0.3878680655501521,0.9397233335065599
LUAD,LUAD,True,0.13152282041881072,2.156112544639791
STES,DLBC,False,0.053160321561256094,2.929540060950383
BRCA,SARC,False,0.1799439785909691,2.611831516843316
TGCT,TGCT,True,0.04151474953189034,2.9146904630769326
BRCA,BRCA,True,0.33546846027144994,1.9089902333104574
BRCA,OV,False,0.024453430158715428,2.525195492952286
BRCA,STES,False,0.33622798564105627,2.0579258369005067
OV,OV,True,0.3160506221798456,2.1978234214300727
LGG,LGG,True,0.6301242407224931,0.6967443497346305
LGG,GBMLGG,False,0.38308362667201057,1.8367678751230132
PRAD,PRAD,True,0.03607964151106674,2.7101188447710047
PRAD,PRAD,True,0.04841305164449175,2.8119183276828
SARC,KIPAN,False,0.0554234986698581,2.7537654360889476
BRCA,KIPAN,False,0.017734325350714508,2.965363249837323
DLBC,BRCA,False,0.07979433156703049,2.856156540857235
BRCA,BRCA,True,0.3380239359826739,2.271039056533978
OV,KIPAN,False,0.002454012507811465,2.8394128374627385
COAD,PCPG,False,0.1335178370274976,2.492281752334521
STES,STES,True,0.5111294717280217,1.2542376834660927
KIRC,PCPG,False,0.09503516638362258,2.628399176568414
PAAD,OV,False,0.027943864900674437,2.555885221883116
GBMLGG,GBMLGG,True,0.14198275248895434,2.644098191111209
BRCA,BRCA,True,0.10525664978789662,2.3253873017332283
LUSC,LUSC,True,0.41605138090626836,1.441335827392956
THCA,PRAD,False,1.7240643685925705e-05,2.9277732645616754
STES,STES,True,0.5745712443979704,1.4790894159576757
UCEC,BRCA,False,0.09213672304818589,2.9034365800668374
LUSC,LUAD,False,0.2141078174234129,1.7934860588118506
LGG,GBMLGG,False,0.05267626097438621,1.0969176808296999
LAML,LAML,True,0.927643434546198,0.22772553648840108
TGCT,TGCT,True,0.35021991279674974,2.3334972844230246
COAD,COAD,True,0.6509814631433348,1.2230924306290472
PAAD,PAAD,True,0.25440775442358365,2.4457438647302663
COAD,COAD,True,0.4634954974811403,1.393697196031522
STES,STES,True,0.05726261173122579,2.472034690946929
BRCA,BRCA,True,0.24669707301682517,1.9075714327904814
KIPAN,KIPAN,True,0.27722024732766337,2.016182708266334
KIPAN,KIPAN,True,0.13000606894232436,2.583614016486486
KIPAN,LUSC,False,0.10252566476119773,2.417512618779699
THCA,PCPG,False,0.15126329554044077,1.7209486491971944
STES,STES,True,0.040809021480259416,2.769495119590066
BRCA,PRAD,False,0.0018881858250247574,2.6758870294718085
THCA,THCA,True,0.7437235074897984,1.009950316537608
STES,LUAD,False,0.10168478233544104,1.4385623126880958
KIPAN,KIPAN,True,0.15100699542632592,2.2771709340782045
STES,STES,True,0.43965583609502973,1.7449465119577015
THCA,THYM,False,0.32428152138042404,1.586172391660965
KIRC,KIPAN,False,0.07941785011556093,2.7179767529989327
HNSC,LUSC,False,0.45215817555910537,1.3887476960998892
LUAD,LUSC,False,0.4104735199809403,1.4814343252094202
LIHC,LIHC,True,0.035853429538869885,2.2594344760562306
THCA,THCA,True,0.7361852269062065,1.0851655247057435
KIPAN,KIRC,False,0.22649935997432774,1.1280929320965267
HNSC,CESC,False,0.20658828008559324,2.201264287507592
THCA,THCA,True,0.5554357930883569,1.8238670110903186
TGCT,TGCT,True,0.6664144830825297,1.4262390725351428
BRCA,BRCA,True,0.8006067816937731,0.8474784310576975
KIPAN,KIPAN,True,0.26205997139748416,0.7795273101135428
OV,BRCA,False,0.0008101313912507735,2.471368406980878
BRCA,KIRC,False,0.010359137707667887,2.6526375225658985
THCA,THCA,True,0.9908551852901796,0.05194934766862567
PRAD,PRAD,True,0.13488605122268293,2.7662755441399254
LUSC,LUSC,True,0.32629563607616513,1.669754780422064
SKCM,SKCM,True,0.9792072558465343,0.10828273932584573
SARC,BRCA,False,0.04489529381101773,2.6816439342737723
COAD,CESC,False,0.009560801767754493,2.912160828726493
KIPAN,KIPAN,True,0.00889290927832323,2.760697086379647
TGCT,TGCT,True,0.5343417519129443,1.7580214137850967
LGG,LGG,True,0.3532676710734402,1.0212688728655683
THYM,THYM,True,0.26730954490983344,1.5672819392438864
GBMLGG,GBMLGG,True,0.05175441319084262,1.036341975444356
PRAD,PRAD,True,0.2922049332816663,2.4867534620333918
LUAD,OV,False,0.09229052240278597,2.7067472024537675
STES,STES,True,0.5333043388320031,0.9515737874526685
KIPAN,LIHC,False,0.07524244993212764,2.8002378059101503
LIHC,LGG,False,0.007558881875253165,2.169174394653931
HNSC,CESC,False,0.03736779836625338,2.8185464271151526
GBMLGG,LGG,False,0.37828547911204263,1.0192617360952267
GBMLGG,LGG,False,0.06547322760400276,1.8586218740136826
KIPAN,KIPAN,True,0.10348153425127221,2.394908525538181
UCEC,UCEC,True,0.30237909698463966,1.9825704777980826
SKCM,SKCM,True,0.9998271022180354,0.0011336399642740158
LIHC,LIHC,True,0.1237221095591716,2.4913912987578772
HNSC,BLCA,False,0.1258037793003396,1.65479190442714
GBMLGG,GBMLGG,True,0.10959239200746794,2.6703008817842755
BRCA,BRCA,True,0.7812519210129698,1.0172166619186696
BRCA,PAAD,False,0.07693914503027456,2.6615353907295543
BRCA,BRCA,True,0.4449171208401621,2.0910356827189114
STES,PAAD,False,0.42611139814858545,1.6604981027796883
KIPAN,KIPAN,True,0.06431767504708635,2.3607025282473613
STES,HNSC,False,0.04317326944196331,2.220639618065542
BRCA,BRCA,True,0.4797414197424896,1.6748704031318915
PRAD,THYM,False,0.14902972776447654,2.053301897465196
BRCA,HNSC,False,0.0041473808080693675,2.4858237752201253
LUAD,LUAD,True,0.7366621122244618,0.9080946631171712
HNSC,HNSC,True,0.13953871207435872,1.8473601083076105
BRCA,BRCA,True,0.5302082607618467,1.8269174247052589
LGG,LGG,True,0.2079348025116073,1.5022011105708046
KIPAN,KIPAN,True,0.20078803065935252,2.6622781517471448
UCEC,UCEC,True,0.8157616635636824,0.5623075163913798
STES,LUSC,False,0.3746379840399142,1.4910804563584157
LUSC,HNSC,False,0.21499520953335727,2.2741270260120943
TGCT,TGCT,True,0.7447106078732378,1.195342924644239
LUAD,LUSC,False,0.1722901220584423,0.9925615109485066
UCEC,UCEC,True,0.28519334659676554,0.9535881393643063
THYM,HNSC,False,0.010590732010704651,2.097183528453564
BRCA,PRAD,False,0.10363224893122651,2.610287062917806
BRCA,BRCA,True,0.19313404102039164,2.7196708085359504
GBMLGG,LGG,False,0.10904031647079493,1.120483863817688
KIPAN,TGCT,False,0.1495680433688439,2.5052413459380776
BLCA,LUSC,False,0.06461774021810807,1.866090616591992
CESC,CESC,True,0.1445761946064319,2.5866025209304238
LGG,LAML,False,0.3508782308433423,2.172782310238626
KIPAN,KIPAN,True,0.3187358670800969,1.0090076753265862
BRCA,OV,False,0.4875960419845365,1.8466302148702627
PCPG,PCPG,True,0.390823571746768,1.825706262926943
BRCA,BRCA,True,0.41565485219171233,1.9925411932896515
BRCA,CESC,False,0.17255291186489846,1.78886589073039
PRAD,PRAD,True,0.033274418621824314,2.5865142728350246
LAML,LAML,True,0.12081315342051924,2.5609595145494217
HNSC,HNSC,True,0.18941030904805978,2.3432806518972513
TGCT,TGCT,True,0.017974525192061316,2.975892877197637
LUAD,LUAD,True,0.45426281034070115,1.5902792133379258
TGCT,TGCT,True,0.5744325072031697,1.5116023104822947
KIRC,KIRC,True,0.15406216017307645,1.010934888848266
PRAD,PRAD,True,0.11303245156193321,2.718308097670026
UCEC,STES,False,0.4112162923598087,1.154944173015655
SKCM,SKCM,True,0.8995411655545484,0.35055542279389884
SKCM,SKCM,True,0.923980507639898,0.29775473433048355
LAML,THYM,False,0.3435385030404202,1.4990457161393547
BRCA,CESC,False,0.04355144697653163,1.5625286353081174
OV,OV,True,0.2974065664506176,2.3918271901419597
KIPAN,KIPAN,True,0.09623310816965483,2.560241916240055
KIRC,KIPAN,False,0.05134931153201461,1.7639201140209555
THCA,BRCA,False,0.028821426501755204,2.7062931791376896
SKCM,SKCM,True,0.6673360145201966,1.0732566942022335
BRCA,BRCA,True,0.4247007279365739,2.0745799548674135
THCA,PRAD,False,0.006962783362309544,2.923035917724752
BLCA,BRCA,False,0.5763645648270446,1.2397281354739484
BRCA,THYM,False,0.03294310158855307,2.177914858274056
OV,PRAD,False,0.0009056181192094725,2.7005736748329885
STES,STES,True,0.9187524294551371,0.2836719244595044
STES,SARC,False,0.06749176902065596,2.8031077141678837
SARC,PRAD,False,0.0053491595408756976,2.7023747509306597
LAML,LAML,True,0.13502151372359344,1.7504305747825755
HNSC,STES,False,0.016607583528016973,2.3561455033056866
TGCT,TGCT,True,0.49959615723281436,2.0459069389618927
THCA,THCA,True,0.7534559126069024,1.00493094024308
THCA,PRAD,False,0.008941710435592526,2.659307487289921
KIPAN,KIPAN,True,0.1780841990553134,2.436165053737584
HNSC,HNSC,True,0.04235398413678296,2.591046679323573
THYM,THYM,True,0.2795716406987537,1.8173857976650232
STES,HNSC,False,0.07111467151242357,2.153034601138107
SKCM,SKCM,True,0.6759631429038042,1.389009087262714
BRCA,SARC,False,0.07849254109500159,2.72281055324118
THCA,THCA,True,0.9070645416445703,0.4257491340094319
PCPG,PRAD,False,0.10093087995088959,2.445664317076694
STES,UCEC,False,0.008275985474983677,2.510006106037328
KIRC,PRAD,False,0.02273266567717748,2.9930646143812814
OV,OV,True,0.22554712965084672,2.25765310482124
PCPG,PCPG,True,0.060992951650897465,2.2526759766782045
PCPG,PRAD,False,0.04683409255050078,2.481687893404867
LGG,GBMLGG,False,0.003944784157387082,1.105382348678518
TGCT,TGCT,True,0.4209653701774427,2.221690072702913
THCA,THCA,True,0.866968499244111,0.5496280150633528
SKCM,SKCM,True,0.5057467637913505,1.3470633704203832
BRCA,UCEC,False,0.17108201105896634,2.343354383582229
GBMLGG,LGG,False,0.3532676710734402,1.0212688728655683
LAML,PRAD,False,0.14561992909958457,2.4421030420610865
LUSC,SKCM,False,0.986985288590412,0.054571989208834985
PAAD,THYM,False,0.3405417435522259,1.4528012223984064
KIPAN,KIPAN,True,0.38678670786824865,2.1010668740764213
GBMLGG,LGG,False,0.48847139464793876,1.1202153595663467
KIPAN,PRAD,False,0.036377259056170466,2.8927034752989766
LGG,LGG,True,0.4109442083046842,0.6451524198748633
LUSC,BLCA,False,0.04459299431827679,2.0256021191707116
GBMLGG,LGG,False,0.0382369717984562,1.4192857140203636
CESC,PRAD,False,0.0011992901297676328,2.724659707660758
KIPAN,KIPAN,True,0.2649396332116001,1.8494745622681508
BRCA,OV,False,0.03948663194412816,2.438510531699574
SKCM,SKCM,True,0.3403175244069882,1.4504873096032578
SARC,SARC,True,0.10510875732519259,2.4897398077617203
GBMLGG,GBMLGG,True,0.08019092988455712,0.8382173993227547
BRCA,OV,False,0.13306029628869037,2.671981668872968
LGG,LGG,True,0.46974533913055927,0.8251460642283094
STES,STES,True,0.20963061670127386,1.939920990664533
OV,KIRC,False,0.08219660874076692,2.6660906592890377
LUSC,LUSC,True,0.6819301719059506,1.000484487062728
KIRC,KIRC,True,0.027886119375532703,0.976218131897529
LUAD,LUSC,False,0.49010181171052425,0.8665990800299062
BRCA,PAAD,False,0.02008111745115107,2.665290485784499
KIPAN,KIPAN,True,0.12379619157766204,2.608618210167043
PCPG,PCPG,True,0.2995934149958098,2.34075464784566
TGCT,TGCT,True,0.5551205231028149,1.680234746762202
KIRC,KIRC,True,0.03431171280275741,2.8940889378009174
THCA,THCA,True,0.6226613321516548,1.4478258554126167
PAAD,PAAD,True,0.17344597937000014,2.296693009557573
LAML,LAML,True,0.7387376382887332,1.201548470483245
COAD,COAD,True,0.6018586099213251,1.5106589177200132
COAD,COAD,True,0.6939513515013808,1.2213850457246722
GBMLGG,LGG,False,0.46974533913055927,0.8251460642283094
KIPAN,LIHC,False,0.234294555719895,2.444206279305114
THCA,KIPAN,False,0.006147921061023437,2.8106868225546155
STES,STES,True,0.15805273513225254,2.399333555755896
BRCA,OV,False,0.1976751142424212,2.4690822424002743
LGG,LGG,True,0.33466010905865234,0.9551508444506077
SKCM,SKCM,True,0.9815110273589996,0.09476926739949297
PAAD,PAAD,True,0.23474912792157923,2.090430105522561
LGG,LGG,True,0.4125276774922524,0.6920318676549505
COAD,COAD,True,0.692718494637952,0.4803264178482611
SKCM,SKCM,True,0.9989277113787365,0.006452308320533898
BRCA,CESC,False,0.4037810952787343,1.907240577773643
LUAD,GBMLGG,False,0.3719795272665799,2.3307497168798834
LIHC,LIHC,True,0.19231050636055186,2.680826945780421
KIPAN,KIRC,False,0.28735205151298626,0.9405672907773129
STES,STES,True,0.9636640478427052,0.15063894666451455
BRCA,BRCA,True,0.5911485675827782,1.3726789999299904
KIRC,KIRC,True,0.45113591521559343,1.2063302066356187
SARC,SARC,True,0.20146473292340328,2.5947284177012695
SARC,THYM,False,0.26730954490983344,1.5672819392438864
UCEC,UCEC,True,0.8740523535514658,0.4324491472838145
TGCT,TGCT,True,0.7129971202857971,1.328326805297726
KIPAN,ACC,False,0.02285675742945517,2.5072030726528745
STES,PAAD,False,0.4130744893114352,1.9203041338061255
GBMLGG,LGG,False,0.2650741217628789,1.2411727380142807
THYM,THYM,True,0.3405417435522259,1.4528012223984064
PCPG,PCPG,True,0.06176954077046648,2.375957316877435
BRCA,OV,False,0.24104939990464577,2.3338124570037473
HNSC,CESC,False,0.36342938006356096,1.4059529812077387
BRCA,BRCA,True,0.4483637480803821,1.944679942400162
UCEC,UCEC,True,0.1734356170564367,2.1200234677743732
GBMLGG,LGG,False,0.36750198144317925,0.8249646051598721
OV,OV,True,0.42109721212564477,1.8994247755236058
PRAD,PCPG,False,0.024955609112773502,3.019979475332335
TGCT,TGCT,True,0.060778472385047494,2.384362496078651
COAD,COAD,True,0.016938374169160858,2.4518148296402833
HNSC,GBMLGG,False,0.00968824256613579,2.819172067897699
LAML,THYM,False,0.13499984964254347,2.030428796885118
GBMLGG,GBMLGG,True,0.24896940823868946,0.9378186961456163
SKCM,SKCM,True,0.9891119057665834,0.057069076283073505
SKCM,KIPAN,False,0.04564551755104243,2.796522297085633
OV,KIRC,False,0.07529836742308467,2.8743105322968185
SKCM,SKCM,True,0.8421442013939145,0.5720692165320476
OV,SARC,False,0.0650139088670464,2.7552011973433834
THCA,THCA,True,0.8967896528023191,0.5174348863106091
SKCM,BRCA,False,0.09409803285180951,2.025561431894528
LIHC,LUAD,False,0.07150079981723047,2.573998980816245
THCA,PRAD,False,0.205863363636172,2.3850301462625048
ACC,ACC,True,0.346871437782185,2.3871143559733112
KIPAN,LIHC,False,0.0438964079927681,2.9398198122196812
COAD,COAD,True,0.4466425013007963,1.926814868158941
BRCA,BRCA,True,0.525244036423137,1.6158438702092155
THCA,THCA,True,0.8996329770494365,0.4618259821202198
GBMLGG,GBMLGG,True,0.2923683112427806,2.089303797129733
UCEC,UCEC,True,0.247064149576763,2.149864712783775
PCPG,PRAD,False,0.05110512878217406,2.711486583986778
BRCA,OV,False,0.17294734702935527,2.345706547109598
KIPAN,KIPAN,True,0.23658481394596922,2.1441459139135253
KIPAN,SARC,False,0.02431432732979344,2.8239949644164635
SKCM,SKCM,True,0.4895202425863898,1.7326699202798101
PAAD,PAAD,True,0.2874138240497548,2.0213882383613044
COAD,COAD,True,0.5644612527716603,1.684738551831818
GBMLGG,GBMLGG,True,0.1680058002544998,1.1093637932817277
COAD,COAD,True,0.7159791653295455,1.1305846597767484
GBMLGG,GBMLGG,True,0.20419717555969233,2.133869511791516
UCEC,UCEC,True,0.5232563872285696,1.6538218872527168
LIHC,STES,False,0.014732494112420391,2.5207167792569254
SARC,COAD,False,0.0011796354750184812,1.797564938487389
KIPAN,KIRC,False,0.13015325163444047,1.1641049177454035
BRCA,PCPG,False,0.07232979592583047,2.623284787809809
COAD,COAD,True,0.4869009152317252,1.1932238954464658
COAD,COAD,True,0.5936397757519655,1.6662636495377254
BRCA,LIHC,False,0.14100972077123852,2.6017593334071547
KIPAN,KIPAN,True,0.3352994849342727,1.7816235443011497
SKCM,SKCM,True,0.9986975970823517,0.008807663852101336
THCA,PRAD,False,0.21013263614378855,2.3651839861104005
PCPG,PCPG,True,0.19097340296216414,2.500320542869821
OV,LIHC,False,0.06742000642231322,2.5657954492776582
KIRC,KIPAN,False,0.014343142088680538,2.9019614539665155
BRCA,PCPG,False,0.27870271316655015,2.1142683476395177
SARC,CESC,False,0.029352943626068342,3.0628331625993583
LIHC,LIHC,True,0.1745474089972188,2.51806754021364
STES,LUAD,False,0.04249570754216482,2.9794334973897176
LIHC,LIHC,True,0.3410475159363321,1.9072513339360708
BRCA,BRCA,True,0.3412664297136333,1.801840535317001
BRCA,OV,False,0.04386928711265478,2.6703398243878103
BRCA,OV,False,0.2640554890182494,2.0221344559261207
UCEC,UCEC,True,0.8232648300377944,0.716188250814049
LUAD,LUAD,True,0.19772918734612224,1.6905632791073513
BRCA,SARC,False,0.10505014457411321,2.711075659082472
COAD,COAD,True,0.37490650429163974,1.9252003978990864
LGG,SARC,False,0.22232834114143418,2.094384826169699
KIPAN,THYM,False,0.016522973442612526,2.410966119740354
BRCA,SARC,False,0.019010320852458157,2.84441127910679
KIPAN,KIPAN,True,0.26985210340498683,0.8735276999764083
OV,TGCT,False,0.05123153793639236,2.879586334787499
LGG,LGG,True,0.3053736246113971,0.7970731075478815
BRCA,SARC,False,0.008080206572500456,2.8846238270759272
KIRC,PRAD,False,0.08945353228168183,2.6229418866800254
KIRC,SARC,False,0.00016460568437130785,2.9706105533994878
THCA,THCA,True,0.8042339041930507,0.8931508700806485
PAAD,PAAD,True,0.31384466793557303,1.8839812818861343
SKCM,SKCM,True,0.7483763060085307,0.9526978408525103
KIRC,KIRC,True,0.7761341875421958,0.6641879248861221
BRCA,STES,False,0.3180323253770342,1.9221273729486816
KIRC,KIRC,True,0.1273905998066059,2.6299442998525215
GBMLGG,LGG,False,0.07007088745400025,0.9615704596736314
KIPAN,KIPAN,True,0.2011760392309107,2.412740763512768
GBMLGG,GBMLGG,True,0.015383854674507466,2.7247773746567088
GBMLGG,LGG,False,0.09798321028617196,1.043322586012798
STES,STES,True,0.06225641093539219,2.4452717278942444
UCEC,UCEC,True,0.9166761974270928,0.4200245444237757
SARC,PRAD,False,0.1603176061827095,2.5713207298237997
PCPG,PCPG,True,0.3337171411051417,1.6072165348112066
KIRC,KIRC,True,0.22086484377191698,2.5428469053623246
CESC,CESC,True,0.3723508917527927,1.1377627460754889
HNSC,HNSC,True,0.13959409355015814,2.5295206117139077
BLCA,HNSC,False,0.09087367982105567,2.6928306558941326
SKCM,SKCM,True,0.9975092586570737,0.014501305128661364
GBMLGG,LGG,False,0.037698773344281455,2.1122346953263778
PRAD,PRAD,True,0.2893023408167505,2.612220396176243
PAAD,PAAD,True,0.3278719682924889,1.581168286818532
ACC,ACC,True,0.9793106876004499,0.1410732357437537
PRAD,LUSC,False,0.19392009107280733,1.1887764250350317
SARC,PRAD,False,0.03268836511720044,2.7639848938698734
KIPAN,KIPAN,True,0.13371373005317633,2.799830104053485
GBMLGG,SARC,False,0.14514623136275853,2.8471086353981074
HNSC,SARC,False,0.04236867956298995,2.3296475696559873
STES,PRAD,False,0.025715156569383946,2.895194420529318
KIPAN,KIPAN,True,0.4118364367671083,1.2856573890906733
PRAD,CESC,False,0.01133902396274411,2.764047210119339
HNSC,LIHC,False,0.05205448654170053,2.6328046474402473
PRAD,PRAD,True,0.004610642851547692,2.248387125801271
CESC,CESC,True,0.006646945708889462,2.7482007654182845
HNSC,LIHC,False,0.014447740103745263,2.848981477386608
STES,COAD,False,0.48140970715245235,1.2724383126781427
UCEC,UCEC,True,0.6996666635672147,0.7150113158697523
OV,SARC,False,0.12397072334698328,2.2537518864105723
ACC,ACC,True,0.28288154208434746,1.9617134529398286
KIRC,KIRC,True,0.3397556652549547,0.949759032409398
PCPG,PRAD,False,0.04982440882135597,2.485949454721116
BRCA,STES,False,0.6845259797945686,1.1228854898955847
COAD,COAD,True,0.8992027367793585,0.49988618466331297
PRAD,PRAD,True,0.07999696903821658,2.5615801475034896
LAML,LAML,True,0.07298289112081163,1.901718611760553
HNSC,PAAD,False,0.10008637938294018,2.511628512324993
UCEC,UCEC,True,0.03701341135817232,2.2011236666941834
KIPAN,HNSC,False,0.024357647239649116,2.6259966144451723
PCPG,THYM,False,0.11131722387963361,2.012674777292261
LGG,LGG,True,0.5947221466399437,0.6340131156227714
BRCA,SARC,False,0.06907976216076639,2.9088275287071115
SARC,OV,False,0.38359637430367227,1.9858418481368438
KIPAN,KIPAN,True,0.4162218742994649,0.8202545243783687
STES,STES,True,0.63361245821823,1.1724452594082029
SKCM,SKCM,True,0.9477827787857989,0.24840132160493256
KIPAN,OV,False,0.029719906943729446,3.0191451604594866
UCEC,UCEC,True,0.7513749668877807,1.1223281945547365
KIRC,KIRC,True,0.3248944169489179,0.8410539736873315
LUAD,CESC,False,0.22316449161563012,1.633225035666378
PAAD,PAAD,True,0.11601929329783589,2.207861570932405
GBMLGG,LIHC,False,0.0038050859014826938,2.9966276556940277
PAAD,PAAD,True,0.12697946094565055,2.143948887272994
KIRC,KIRC,True,0.16571810725043676,2.6075194487012334
SARC,SKCM,False,0.9898145289382106,0.048608005778412504
CESC,CESC,True,0.5122083206578005,0.9695174149770417
BRCA,OV,False,0.12811841758231055,2.5312573736257207
LAML,LAML,True,0.9244523499748343,0.3957590277792407
KIRC,TGCT,False,0.062023040051172956,2.6491344228351026
KIPAN,KIPAN,True,0.2623972859189671,0.9204835028945748
BRCA,BRCA,True,0.052685262858051515,2.9308252894881246
SARC,PRAD,False,0.021364018748818353,2.791539269493193
PCPG,PCPG,True,0.19350007513165024,2.593210609501796
LGG,LGG,True,0.4543393746844657,1.0019065445398372
STES,KIPAN,False,0.0011874959243285688,3.045737317180222
CESC,CESC,True,0.30141919231414327,1.7825933580605622
TGCT,TGCT,True,0.0747171273433948,2.7764768301208687
BRCA,LGG,False,0.01556381729977846,1.2199289277353513
THCA,THCA,True,0.012373283048820377,2.2246756369689207
BRCA,BRCA,True,0.14425426328486032,2.2195025427506274
KIRC,KIRC,True,0.20965040441620178,2.0178417245033304
BRCA,BRCA,True,0.7341060235241903,1.1857488574785002
KIPAN,KIRC,False,0.4105358917275273,0.675741106734819
OV,THYM,False,0.013887762336258408,2.6567226258367596
SARC,LIHC,False,0.003124296579354674,2.9554965858545517
THCA,PCPG,False,0.24549120632307508,2.391388113715042
SARC,PRAD,False,0.08178985225983879,2.6201036506260555
LIHC,LIHC,True,0.38851168503411343,1.6968435100560906
BRCA,CESC,False,0.09856500723664495,2.832374170076536
SARC,SARC,True,0.1690264425553547,2.5685222777338654
BRCA,BRCA,True,0.02608993590559723,2.9251873769456433
LAML,LAML,True,0.03832480161707255,2.236562648519019
THCA,PRAD,False,0.01215814857667702,2.8774763674194075
THCA,PCPG,False,0.44293630793397304,1.1346868708812297
THCA,THYM,False,0.32428152138042404,1.586172391660965
THCA,THCA,True,0.5391653808306829,1.5123244077245555
GBMLGG,LGG,False,0.15640315409150707,1.0007718230968379
BRCA,BRCA,True,0.5222630149425868,1.6437351281477541
BRCA,PAAD,False,0.017269223779681764,2.2675065355232227
HNSC,KIPAN,False,0.13346239490835327,2.6529781602604916
SKCM,SKCM,True,0.9661198409372245,0.16043629233805987
KIPAN,KIPAN,True,0.25379568279302755,1.897249743240799
UCEC,UCEC,True,0.584890597205765,1.4160864342398103
BRCA,PCPG,False,0.10296355108781785,2.3138479621985892
GBMLGG,GBMLGG,True,0.015460343972228549,2.8774692454320077
THCA,THCA,True,0.028806610622896273,2.6219120200081205
THYM,PCPG,False,0.11274471496487529,2.271319997629592
LIHC,HNSC,False,0.16076723199429407,2.4383983418367334
LIHC,LIHC,True,0.06975290618987141,2.886670426112545
LUSC,LUSC,True,0.1784523716352908,2.473207940739634
LAML,LAML,True,0.44214792117782675,0.7951791592642806
KIPAN,LIHC,False,0.05555976453878697,2.905917948975373
LIHC,LIHC,True,0.5730083801616289,1.3981725718279288
STES,STES,True,0.8248401866425474,0.6841020334257913
HNSC,PAAD,False,0.21778419953098618,2.09125194699552
HNSC,CESC,False,0.03224250370603804,2.9728124211575655
PRAD,PRAD,True,0.04931998599661416,2.7887385704415153
LUSC,LUSC,True,0.7772435447821177,0.7158967774596969
GBMLGG,GBMLGG,True,0.0022043584772741265,1.188564920715641
SARC,SARC,True,0.01747146368616867,2.96244192056045
STES,LUAD,False,0.02408905118677601,2.7525373868519587
THCA,THCA,True,0.958440694501869,0.2250410350207851
PCPG,PRAD,False,0.15714744482560533,2.420013434948846
SKCM,SKCM,True,0.9474853258785195,0.2352970495652144
BRCA,PCPG,False,0.04199233291320949,2.9107483403410144
THCA,PCPG,False,0.2365248867520068,2.3827314798787285
STES,BRCA,False,0.06386718172146355,1.9800041105144404
BRCA,BRCA,True,0.08384007233556379,2.2975641900434742
KIPAN,OV,False,0.0012465716429970464,2.7953843054085357
LAML,TGCT,False,0.011707350840656425,2.90197309295011
THYM,SARC,False,0.010647072789429668,2.5530874050972026
LGG,LGG,True,0.44034371946218853,1.2029817731000303
KIPAN,KIPAN,True,0.003254055724193461,1.634220851121925
BRCA,BRCA,True,0.11755056648458262,2.5803112113175954
BRCA,PRAD,False,0.03562705182501033,2.5269562069251683
PRAD,LAML,False,0.15377628974554816,2.660779059972044
SKCM,SKCM,True,0.9554685665491199,0.16654905724667085
SKCM,SKCM,True,0.9438196071491334,0.25815226817384307
LUAD,LUAD,True,0.3482960762998857,0.6485138088454102
BRCA,STES,False,0.31765046993696955,2.1611251408399714
GBMLGG,LGG,False,0.03970298303766234,0.8504307297760804
BRCA,BRCA,True,0.16391175766849236,2.2367002144416777
KIPAN,LIHC,False,0.14733649561090406,2.3855802873231173
KIRC,KIRC,True,0.009242876991858301,2.5566376227865057
KIPAN,KIPAN,True,0.1789856670759508,2.436173709485546
LUAD,GBMLGG,False,0.006263404838519726,2.448960445242853
KIPAN,TGCT,False,0.00476346895803606,2.8162671838391584
STES,LUSC,False,0.21657900778789407,1.5807777478357519
CESC,UCEC,False,0.03591880375302922,2.6653789877365766
KIPAN,KIPAN,True,0.5340100605911944,0.8054299803173659
PRAD,PCPG,False,0.00395017857318955,2.4491593817998942
LIHC,LIHC,True,0.17866585457556972,1.9795706998929505
BRCA,THYM,False,0.010223551872921635,2.9575025698426725
GBMLGG,GBMLGG,True,0.12353006685768297,0.9343770414077563
THYM,THYM,True,0.03745384131901314,1.9751799942925472
BRCA,BRCA,True,0.6824808327179035,1.3541780090933522
OV,OV,True,0.3104390260084964,1.9614258208530297
ACC,ACC,True,0.9136056364997969,0.43637282557482154
LGG,BRCA,False,0.016745113401683387,2.96969861465368
THYM,PCPG,False,0.0015875696983681797,2.372582528177566
UCEC,COAD,False,0.2245026628951058,1.4578094722210408
GBMLGG,GBMLGG,True,0.1338910043890303,2.2414093253897738
BRCA,BRCA,True,0.005795717301453229,2.81451916691757
KIPAN,LAML,False,0.16710982596661697,2.0363051934269345
STES,STES,True,0.10491544947148607,2.415260976868577
TGCT,TGCT,True,0.14447674972579116,2.660718278460113
KIRC,KIRC,True,0.4414249002927345,1.1763980924361184
BRCA,BRCA,True,0.20153589817067116,2.0828248914773124
THCA,THCA,True,0.9480151671658903,0.26202140931663753
GBMLGG,PAAD,False,0.03497520169768131,2.7412065188295736
KIPAN,KIRC,False,0.006111055230353435,1.076677435170114
UCEC,UCEC,True,0.6867642263853432,1.2043254717016456
LGG,GBMLGG,False,0.0904874302193643,2.751692035399638
DLBC,STES,False,0.042523337380905274,2.841014100377228
THCA,PRAD,False,0.018574758218063286,2.82655670214256
GBMLGG,LGG,False,0.2612685638748375,0.7594910108733739
KIPAN,KIPAN,True,0.06979225857045052,2.829626790670362
STES,CESC,False,0.09935308916525637,2.9495806733784824
LUSC,LUSC,True,0.7149544459848812,0.44868244819962555
KIPAN,KIPAN,True,0.43004899315899026,1.76321241412998
STES,STES,True,0.4618470577240161,0.6929061839626243
SKCM,SKCM,True,0.9976438895132284,0.01533067079703833
SARC,SARC,True,0.02432610761444018,2.8429652426326975
BRCA,OV,False,0.24424523026742373,2.3651600967335082
SKCM,SKCM,True,0.3957540559985867,1.9235881949035971
KIRC,KIRC,True,0.21346518459457786,2.2550920762313167
KIRC,KIRC,True,0.6233408166387178,0.6280052855090185
BRCA,BRCA,True,0.6597567158467792,1.37798953892448
BRCA,PAAD,False,0.0396628295988902,2.981955137846271
PCPG,KIPAN,False,0.07337630206804927,2.850072893879013
UCEC,UCEC,True,0.7903456833227266,0.6445037724041875
LGG,LAML,False,0.023246007814004932,2.7211786948782266
PRAD,PRAD,True,0.34279580638172497,2.390777754254794
GBMLGG,LGG,False,0.22459538236207932,1.137087861567595
STES,STES,True,0.0870776189430193,2.0094626187091786
LUAD,CESC,False,0.08415421350004551,2.544842601316619
THCA,THYM,False,0.15764565527276891,2.0980067890172056
KIRC,KIRC,True,0.4884119617141093,0.8131392280873356
LUAD,SARC,False,0.18398067440534382,2.8076868092066194
OV,OV,True,0.2440249285138682,2.1899210752276903
SARC,OV,False,0.012551756103771489,2.384665721605596
GBMLGG,BRCA,False,0.011843308326616953,2.993297608199793
TGCT,TGCT,True,0.379727636078768,2.248824922546936
SKCM,SKCM,True,0.9938300048179175,0.02561902033758625
ACC,ACC,True,0.11564087985532556,2.4338321897307162
BRCA,BRCA,True,0.039087384092824834,2.467271958648174
THCA,THCA,True,0.9201921821593912,0.41676759392898954
HNSC,HNSC,True,0.07279733384610552,2.805731228572158
GBMLGG,UCEC,False,0.14489202271015444,1.4840771272341962
GBMLGG,UCEC,False,0.007852316134441928,2.0440029778416484
KIPAN,TGCT,False,0.025085427859919796,2.937455464003103
LIHC,LIHC,True,0.1054154247665568,2.5271835755479053
STES,STES,True,0.13008898710257816,1.7808351702266496
KIPAN,KIRC,False,0.2808634141928691,1.0435608960128864
THCA,THCA,True,0.9009594331176006,0.41832801042482864
KIPAN,KIPAN,True,0.2930483340997885,2.3830101010947278
BRCA,BRCA,True,0.4628710410915717,1.82030738688779
SARC,PCPG,False,0.002964541245628338,2.789343154759518
KIPAN,KIRC,False,0.1475602329546376,1.5493633709331345
BRCA,BRCA,True,0.38686483478140704,1.605811300774021
OV,SARC,False,0.09065827571118426,2.8203272022488095
STES,STES,True,0.9173191451916185,0.2879731891116993
STES,STES,True,0.18376722164608247,2.345617295663467
BRCA,OV,False,0.14171769223161312,2.3487352895270357
PAAD,PAAD,True,0.15092612029897365,2.747117565354272
LAML,LAML,True,0.2949101926956164,2.183546793442033
PCPG,LAML,False,0.07091255356003306,1.89899177743443
THCA,PCPG,False,0.018177605058661728,2.810274023872749
GBMLGG,GBMLGG,True,0.07302112669949945,2.858018658009122
LGG,LGG,True,0.409967437002035,0.7674878335461234
LIHC,PRAD,False,0.04654175070196945,2.6783069916148294
LGG,LGG,True,0.41023789751595807,0.6631120683774477
TGCT,TGCT,True,0.09221711124625939,2.661549726304752
KIPAN,KIPAN,True,0.5451086934634788,1.0750164561472326
COAD,COAD,True,0.9544020389288264,0.24096344434977782
THCA,THCA,True,0.954099250237465,0.22715903947310115
BRCA,KIPAN,False,0.08423226606961176,2.5956085067848655
PCPG,KIRC,False,0.0021703395794371583,2.645727038415695
LGG,THYM,False,0.36993326410251937,1.4812800756806102
CESC,BLCA,False,0.10527640563775664,1.4162512076580285
LIHC,LIHC,True,0.10714888167295296,2.759286269023621
KIRC,KIRC,True,0.27191729600177583,2.4486412351210727
KIPAN,KIPAN,True,0.3508141998375354,0.7646608805177152
BRCA,CESC,False,0.18118682955088808,2.2061425837078366
STES,COAD,False,0.5500072853424371,1.4835653283686079
BLCA,BLCA,True,0.2571186405890409,2.1243926234179025
LIHC,LIHC,True,0.05264925437124848,2.668758605590794
LGG,LGG,True,0.3056243074801509,0.7750337731327176
BRCA,BRCA,True,0.2569499911649906,2.350515546794282
HNSC,CESC,False,0.16381863969145738,1.0400560085645312
GBMLGG,LGG,False,0.40341632271188,0.7480390896193472
OV,OV,True,0.3552972133965037,2.2596804108575403
GBMLGG,GBMLGG,True,0.011984051341417556,0.7469143821445408
DLBC,STES,False,0.12622778934932577,2.2841796673976833
KIPAN,STES,False,0.08658482832781174,2.7159070870791977
BRCA,BRCA,True,0.19725992807175202,2.693149908354701
CESC,THYM,False,0.26730954490983344,1.5672819392438864
STES,LUAD,False,0.10621300529846556,2.1992228920146863
SARC,PAAD,False,0.03029474755710923,3.0010714712779683
KIPAN,TGCT,False,0.05065676010881917,2.7028534950026524
HNSC,KIPAN,False,0.15906285351321886,2.612602018970661
OV,PAAD,False,0.0037776825987107243,2.6534436728950017
UCEC,STES,False,0.10878935674605567,0.995657456739244
HNSC,LIHC,False,0.38364567372368297,1.954934145989109
KIRC,KIRC,True,0.4225087795794593,1.261896836011301
GBMLGG,LGG,False,0.03983905763787221,1.214036916729419
THYM,PRAD,False,0.06863308093503842,2.6515650814653613
SARC,OV,False,0.20824716827645132,2.273228754558288
BRCA,THCA,False,0.23899549623423755,2.5112108214644864
PRAD,PCPG,False,0.040069717570504315,2.5966905983041126
ACC,TGCT,False,0.07767687000184736,2.809007264097385
THCA,THCA,True,0.9394359799515273,0.3166145867983383
BRCA,BRCA,True,0.028349639120543835,2.99819299096642
SKCM,LUAD,False,0.24642932473102047,2.5134781774789983
PRAD,KIPAN,False,0.010186939729532662,2.7420558809312072
SKCM,SKCM,True,0.9999841798461282,0.00014276420875857022
GBMLGG,GBMLGG,True,0.768235671618462,0.6398017042518351
LGG,LGG,True,0.14821393863064458,1.1864998962459476
COAD,STES,False,0.4391150204689351,0.9377261388512516
BRCA,BRCA,True,0.0036812421111310223,2.9327636343489774
HNSC,LUSC,False,0.4564294212524116,1.0118282605919724
THCA,THCA,True,0.9280603899902062,0.37672692297502913
KIRC,KIRC,True,0.12662957708942837,2.5895265511775385
LUSC,LUSC,True,0.2920903346099548,1.1369837676506838
BRCA,OV,False,0.032093031251759246,2.54079663996558
KIPAN,KIPAN,True,0.2963088231660665,1.338408306340197
LIHC,LUSC,False,0.32322176593819835,1.4962845046031736
BRCA,BRCA,True,0.2533257877780836,2.0996873462366445
COAD,PAAD,False,0.10361405139147747,2.531658006368442
KIRC,KIRC,True,0.016614289312113173,2.4279170723435746
PAAD,PAAD,True,0.12996101250794181,2.4322139456920215
BLCA,LUSC,False,0.24592409696544787,1.9822376220136277
PRAD,PRAD,True,0.018418594026224033,2.6905784073034544
GBMLGG,GBMLGG,True,0.01923403181066402,1.1284055953742456
SKCM,SKCM,True,0.98338419497147,0.08181765982872188
PRAD,PRAD,True,0.04913464472861012,2.7797640032152873
COAD,OV,False,0.16563530773414367,2.3050323246467923
LUAD,STES,False,0.11336240144672216,2.5444944058346812
KIRC,KIRC,True,0.16291292820990305,1.8930776834763403
KIRC,KIRC,True,0.09545593239286349,2.4209630689058703
LAML,LAML,True,0.938248211593193,0.3575143753791965
BRCA,PCPG,False,0.03988021491457988,2.7687645282556166
CESC,CESC,True,0.008081622619314666,2.7342341000090338
KIRC,KIPAN,False,0.11532941688014192,1.1466224019950693
LIHC,TGCT,False,0.41815831083321386,2.1258625940889804
THCA,THCA,True,0.9492539306540824,0.2630644928937609
THCA,PCPG,False,0.055190275595196014,2.5026598136351756
BRCA,PRAD,False,0.004339977802293504,2.8160212728548846
KIPAN,KIPAN,True,0.28959498658119354,1.9039903911298879
COAD,COAD,True,0.8056309474200327,0.6604367541868186
PRAD,KIPAN,False,0.023639184558362225,2.6555386925617603
TGCT,PCPG,False,0.11428701932143512,2.393712897552572
PCPG,PCPG,True,0.06582302221752659,2.478688672511187
OV,BRCA,False,0.07162210645433031,2.738011619526887
LIHC,STES,False,0.0606577713583589,2.0249996718673895
COAD,COAD,True,0.8073407828352606,0.6541545677562582
KIPAN,KIPAN,True,0.06300234884830294,2.799207378740836
SARC,OV,False,0.25604442674338446,2.136940201950261
LUAD,LUAD,True,0.04671803224620524,1.8417937619729257
LGG,GBMLGG,False,0.22662797446750227,2.4956769933103313
COAD,COAD,True,0.945061133408173,0.3240447079927839
TGCT,PRAD,False,0.13490415149991908,2.6559595729350765
SKCM,SKCM,True,0.689333505393571,1.0741361618829912
