row_index,matched_profile,profile_support,profile_purity,h0_prediction,retrieval_prediction,blend_prediction,true_class,h0_correct,retrieval_recovers_h0_error,retrieval_breaks_h0_correct
0,False,0,0.0,KIPAN,BRCA,KIPAN,KIPAN,True,False,False
1,False,0,0.0,GBMLGG,BRCA,GBMLGG,SARC,False,False,False
2,False,0,0.0,SKCM,BRCA,SKCM,SKCM,True,False,False
3,True,1,1.0,KIRC,KIPAN,KIRC,KIRC,True,False,True
4,False,0,0.0,STES,BRCA,STES,GBMLGG,False,False,False
5,False,0,0.0,STES,BRCA,STES,STES,True,False,False
6,False,0,0.0,BRCA,BRCA,BRCA,BRCA,True,False,False
7,False,0,0.0,THYM,BRCA,THYM,THCA,False,False,False
8,False,0,0.0,SARC,BRCA,SARC,LIHC,False,False,False
9,False,0,0.0,STES,BRCA,STES,STES,True,False,False
10,False,0,0.0,UCEC,BRCA,UCEC,STES,False,False,False
11,False,0,0.0,STES,BRCA,STES,HNSC,False,False,False
12,False,0,0.0,KIPAN,BRCA,KIPAN,KIRC,False,False,False
13,False,0,0.0,PAAD,BRCA,PAAD,PAAD,True,False,False
14,False,0,0.0,SKCM,BRCA,SKCM,SKCM,True,False,False
15,False,0,0.0,KIPAN,BRCA,KIPAN,OV,False,False,False
16,False,0,0.0,STES,BRCA,STES,KIPAN,False,False,False
17,False,0,0.0,KIRC,BRCA,KIRC,KIPAN,False,False,False
18,False,0,0.0,LAML,BRCA,LAML,BRCA,False,False,False
19,False,0,0.0,BRCA,BRCA,BRCA,PRAD,False,False,False
20,False,0,0.0,BRCA,BRCA,BRCA,GBMLGG,False,False,False
21,False,0,0.0,UCEC,BRCA,UCEC,UCEC,True,False,False
22,False,0,0.0,GBMLGG,BRCA,GBMLGG,GBMLGG,True,False,False
23,False,0,0.0,BRCA,BRCA,BRCA,LAML,False,False,False
24,False,0,0.0,UCEC,BRCA,UCEC,COAD,False,False,False
25,False,0,0.0,STES,BRCA,STES,STES,True,False,False
26,False,0,0.0,BRCA,BRCA,BRCA,BRCA,True,False,False
27,False,0,0.0,THCA,BRCA,THCA,THCA,True,False,False
28,False,0,0.0,PCPG,BRCA,PCPG,BRCA,False,False,False
29,False,0,0.0,SKCM,BRCA,SKCM,SKCM,True,False,False
30,False,0,0.0,ACC,BRCA,ACC,ACC,True,False,False
31,False,0,0.0,GBMLGG,BRCA,GBMLGG,GBMLGG,True,False,False
32,False,0,0.0,HNSC,BRCA,HNSC,HNSC,True,False,False
33,True,1,1.0,KIRC,KIPAN,KIRC,KIRC,True,False,True
34,True,1,1.0,KIRC,KIPAN,KIRC,KIRC,True,False,True
35,False,0,0.0,PCPG,BRCA,PCPG,PRAD,False,False,False
36,False,0,0.0,LGG,BRCA,LGG,LGG,True,False,False
37,False,0,0.0,STES,BRCA,STES,LUSC,False,False,False
38,False,0,0.0,LUSC,BRCA,LUSC,LUSC,True,False,False
39,False,0,0.0,OV,BRCA,OV,BRCA,False,False,False
40,False,0,0.0,OV,BRCA,OV,BRCA,False,False,False
41,False,0,0.0,UCEC,BRCA,UCEC,UCEC,True,False,False
42,True,1,1.0,KIRC,KIPAN,KIRC,KIRC,True,False,True
43,True,1,1.0,GBMLGG,LGG,GBMLGG,GBMLGG,True,False,True
44,False,0,0.0,ACC,BRCA,ACC,ACC,True,False,False
45,False,0,0.0,LIHC,BRCA,LIHC,LUAD,False,False,False
46,False,0,0.0,BRCA,BRCA,BRCA,BRCA,True,False,False
47,False,0,0.0,SKCM,BRCA,SKCM,SKCM,True,False,False
48,False,0,0.0,GBMLGG,BRCA,GBMLGG,STES,False,False,False
49,False,0,0.0,LUSC,BRCA,LUSC,LUSC,True,False,False
50,False,0,0.0,ACC,BRCA,ACC,ACC,True,False,False
51,False,0,0.0,BRCA,BRCA,BRCA,BRCA,True,False,False
52,True,1,1.0,KIRC,KIPAN,KIPAN,KIRC,True,False,True
53,False,0,0.0,GBMLGG,BRCA,GBMLGG,GBMLGG,True,False,False
54,False,0,0.0,COAD,BRCA,COAD,UCEC,False,False,False
55,False,0,0.0,SARC,BRCA,SARC,PRAD,False,False,False
56,False,0,0.0,BRCA,BRCA,BRCA,BRCA,True,False,False
57,False,0,0.0,PRAD,BRCA,PRAD,BRCA,False,False,False
58,False,0,0.0,STES,BRCA,STES,STES,True,False,False
59,True,1,1.0,KIPAN,KIRC,KIPAN,KIPAN,True,False,True
60,False,0,0.0,UCEC,BRCA,UCEC,UCEC,True,False,False
61,True,1,1.0,PRAD,KIPAN,KIPAN,KIRC,False,False,False
62,False,0,0.0,KIRC,BRCA,KIRC,KIRC,True,False,False
63,False,0,0.0,BRCA,BRCA,BRCA,BRCA,True,False,False
64,False,0,0.0,BRCA,BRCA,BRCA,OV,False,False,False
65,False,0,0.0,BRCA,BRCA,BRCA,BRCA,True,False,False
66,False,0,0.0,THYM,BRCA,THYM,KIPAN,False,False,False
67,False,0,0.0,HNSC,BRCA,HNSC,BRCA,False,False,False
68,False,0,0.0,LUAD,BRCA,LUAD,OV,False,False,False
69,True,1,1.0,LGG,GBMLGG,LGG,LGG,True,False,True
70,False,0,0.0,BRCA,BRCA,BRCA,BRCA,True,False,False
71,False,0,0.0,UCEC,BRCA,UCEC,UCEC,True,False,False
72,False,0,0.0,GBMLGG,BRCA,GBMLGG,GBMLGG,True,False,False
73,False,0,0.0,SKCM,BRCA,SKCM,SKCM,True,False,False
74,False,0,0.0,STES,BRCA,STES,STES,True,False,False
75,False,0,0.0,BRCA,BRCA,BRCA,BRCA,True,False,False
76,False,0,0.0,LUSC,BRCA,LUSC,LUSC,True,False,False
77,False,0,0.0,PRAD,BRCA,PRAD,PRAD,True,False,False
78,False,0,0.0,SKCM,BRCA,SKCM,SKCM,True,False,False
79,False,0,0.0,STES,BRCA,STES,KIPAN,False,False,False
80,False,0,0.0,STES,BRCA,STES,UCEC,False,False,False
81,False,0,0.0,LAML,BRCA,LAML,LAML,True,False,False
82,False,0,0.0,SARC,BRCA,SARC,BRCA,False,False,False
83,False,0,0.0,UCEC,BRCA,UCEC,GBMLGG,False,False,False
84,False,0,0.0,OV,BRCA,OV,OV,True,False,False
85,False,0,0.0,HNSC,BRCA,HNSC,STES,False,False,False
86,False,0,0.0,BRCA,BRCA,BRCA,BRCA,True,False,False
87,False,0,0.0,LUSC,BRCA,LUSC,PRAD,False,False,False
88,False,0,0.0,BRCA,BRCA,BRCA,BRCA,True,False,False
89,False,0,0.0,STES,BRCA,STES,BRCA,False,False,False
90,False,0,0.0,LUSC,BRCA,LUSC,LUSC,True,False,False
91,False,0,0.0,KIPAN,BRCA,KIPAN,KIPAN,True,False,False
92,False,0,0.0,COAD,BRCA,COAD,KIPAN,False,False,False
93,False,0,0.0,CESC,BRCA,CESC,CESC,True,False,False
94,False,0,0.0,UCEC,BRCA,UCEC,UCEC,True,False,False
95,False,0,0.0,BRCA,BRCA,BRCA,KIPAN,False,False,False
96,False,0,0.0,STES,BRCA,STES,STES,True,False,False
97,True,1,1.0,SARC,KIRC,SARC,KIPAN,False,False,False
98,False,0,0.0,PCPG,BRCA,PCPG,KIPAN,False,False,False
99,False,0,0.0,PCPG,BRCA,PCPG,PCPG,True,False,False
100,False,0,0.0,SKCM,BRCA,SKCM,SKCM,True,False,False
101,False,0,0.0,PRAD,BRCA,PRAD,BRCA,False,False,False
102,False,0,0.0,THYM,BRCA,THYM,THYM,True,False,False
103,False,0,0.0,BRCA,BRCA,BRCA,BRCA,True,False,False
104,False,0,0.0,OV,BRCA,OV,BRCA,False,False,False
105,False,0,0.0,SKCM,BRCA,SKCM,SKCM,True,False,False
106,False,0,0.0,LGG,BRCA,LGG,LGG,True,False,False
107,False,0,0.0,THCA,BRCA,THCA,THCA,True,False,False
108,False,0,0.0,BRCA,BRCA,BRCA,KIPAN,False,False,False
109,False,0,0.0,BRCA,BRCA,BRCA,BRCA,True,False,False
110,False,0,0.0,CESC,BRCA,CESC,BRCA,False,False,False
111,False,0,0.0,SKCM,BRCA,SKCM,SKCM,True,False,False
112,False,0,0.0,LGG,BRCA,LGG,GBMLGG,False,False,False
113,False,0,0.0,LUAD,BRCA,LUAD,LUSC,False,False,False
114,False,0,0.0,BRCA,BRCA,BRCA,PRAD,False,False,False
115,False,0,0.0,BRCA,BRCA,BRCA,BRCA,True,False,False
116,False,0,0.0,BLCA,BRCA,BLCA,BLCA,True,False,False
117,False,0,0.0,GBMLGG,BRCA,GBMLGG,GBMLGG,True,False,False
118,False,0,0.0,BRCA,BRCA,BRCA,BRCA,True,False,False
119,False,0,0.0,TGCT,BRCA,TGCT,TGCT,True,False,False
120,True,1,1.0,KIPAN,KIRC,KIPAN,KIPAN,True,False,True
121,True,1,1.0,LGG,GBMLGG,LGG,LGG,True,False,True
122,False,0,0.0,THYM,BRCA,THYM,THCA,False,False,False
123,False,0,0.0,LIHC,BRCA,LIHC,KIPAN,False,False,False
124,False,0,0.0,KIPAN,BRCA,KIPAN,OV,False,False,False
125,False,0,0.0,COAD,BRCA,COAD,STES,False,False,False
126,False,0,0.0,PRAD,BRCA,PRAD,THYM,False,False,False
127,False,0,0.0,HNSC,BRCA,HNSC,LUSC,False,False,False
128,False,0,0.0,PAAD,BRCA,PAAD,HNSC,False,False,False
129,False,0,0.0,THYM,BRCA,THYM,LUSC,False,False,False
130,False,0,0.0,BRCA,BRCA,BRCA,PCPG,False,False,False
131,False,0,0.0,SARC,BRCA,SARC,KIRC,False,False,False
132,False,0,0.0,SKCM,BRCA,SKCM,SKCM,True,False,False
133,False,0,0.0,THYM,BRCA,THYM,SARC,False,False,False
134,False,0,0.0,KIPAN,BRCA,KIPAN,DLBC,False,False,False
135,False,0,0.0,BRCA,BRCA,BRCA,LUAD,False,False,False
136,False,0,0.0,SARC,BRCA,SARC,BRCA,False,False,False
137,False,0,0.0,BRCA,BRCA,BRCA,BRCA,True,False,False
138,True,1,1.0,KIRC,KIPAN,KIRC,KIRC,True,False,True
139,False,0,0.0,LUSC,BRCA,LUSC,LUSC,True,False,False
140,False,0,0.0,THYM,BRCA,THYM,THCA,False,False,False
141,False,0,0.0,STES,BRCA,STES,LUSC,False,False,False
142,False,0,0.0,SKCM,BRCA,SKCM,SKCM,True,False,False
143,False,0,0.0,KIPAN,BRCA,KIPAN,KIRC,False,False,False
144,False,0,0.0,OV,BRCA,OV,BRCA,False,False,False
145,False,0,0.0,STES,BRCA,STES,STES,True,False,False
146,False,0,0.0,STES,BRCA,STES,LUAD,False,False,False
147,False,0,0.0,STES,BRCA,STES,STES,True,False,False
148,False,0,0.0,LGG,BRCA,LGG,LGG,True,False,False
149,False,0,0.0,KIRC,BRCA,KIRC,KIRC,True,False,False
150,False,0,0.0,BLCA,BRCA,BLCA,BLCA,True,False,False
151,True,1,1.0,GBMLGG,LGG,GBMLGG,GBMLGG,True,False,True
152,False,0,0.0,LIHC,BRCA,LIHC,LIHC,True,False,False
153,False,0,0.0,BRCA,BRCA,BRCA,BRCA,True,False,False
154,False,0,0.0,BRCA,BRCA,BRCA,SARC,False,False,False
155,False,0,0.0,PRAD,BRCA,PRAD,BRCA,False,False,False
156,False,0,0.0,KIPAN,BRCA,KIPAN,KIPAN,True,False,False
157,True,1,1.0,GBMLGG,LGG,GBMLGG,GBMLGG,True,False,True
158,False,0,0.0,LUSC,BRCA,LUSC,OV,False,False,False
159,False,0,0.0,OV,BRCA,OV,BRCA,False,False,False
160,True,1,1.0,LGG,GBMLGG,LGG,LGG,True,False,True
161,False,0,0.0,KIPAN,BRCA,KIPAN,KIPAN,True,False,False
162,False,0,0.0,GBMLGG,BRCA,GBMLGG,GBMLGG,True,False,False
163,False,0,0.0,PRAD,BRCA,PRAD,PRAD,True,False,False
164,False,0,0.0,BRCA,BRCA,BRCA,BRCA,True,False,False
165,False,0,0.0,BRCA,BRCA,BRCA,SARC,False,False,False
166,False,0,0.0,THCA,BRCA,THCA,THCA,True,False,False
167,False,0,0.0,CESC,BRCA,CESC,BRCA,False,False,False
168,False,0,0.0,PRAD,BRCA,PRAD,PRAD,True,False,False
169,True,1,1.0,KIRC,KIPAN,KIRC,KIRC,True,False,True
170,False,0,0.0,PCPG,BRCA,PCPG,THYM,False,False,False
171,False,0,0.0,BRCA,BRCA,BRCA,BRCA,True,False,False
172,False,0,0.0,KIPAN,BRCA,KIPAN,BRCA,False,False,False
173,False,0,0.0,SKCM,BRCA,SKCM,SKCM,True,False,False
174,False,0,0.0,KIPAN,BRCA,KIPAN,CESC,False,False,False
175,False,0,0.0,STES,BRCA,STES,PAAD,False,False,False
176,False,0,0.0,PRAD,BRCA,PRAD,THCA,False,False,False
177,False,0,0.0,BRCA,BRCA,BRCA,BRCA,True,False,False
178,False,0,0.0,HNSC,BRCA,HNSC,CESC,False,False,False
179,True,1,1.0,GBMLGG,LGG,GBMLGG,GBMLGG,True,False,True
180,False,0,0.0,BRCA,BRCA,BRCA,BRCA,True,False,False
181,False,0,0.0,PRAD,BRCA,PRAD,KIPAN,False,False,False
182,False,0,0.0,SKCM,BRCA,SKCM,SKCM,True,False,False
183,False,0,0.0,ACC,BRCA,ACC,ACC,True,False,False
184,False,0,0.0,PAAD,BRCA,PAAD,PAAD,True,False,False
185,False,0,0.0,TGCT,BRCA,TGCT,OV,False,False,False
186,False,0,0.0,ACC,BRCA,ACC,KIPAN,False,False,False
187,False,0,0.0,KIRC,BRCA,KIRC,CESC,False,False,False
188,False,0,0.0,STES,BRCA,STES,LUAD,False,False,False
189,False,0,0.0,BRCA,BRCA,BRCA,BRCA,True,False,False
190,False,0,0.0,OV,BRCA,OV,BRCA,False,False,False
191,False,0,0.0,LUAD,BRCA,LUAD,LUSC,False,False,False
192,True,1,1.0,KIRC,KIPAN,KIRC,KIRC,True,False,True
193,False,0,0.0,KIRC,BRCA,KIRC,KIPAN,False,False,False
194,False,0,0.0,UCEC,BRCA,UCEC,UCEC,True,False,False
195,False,0,0.0,BRCA,BRCA,BRCA,OV,False,False,False
196,False,0,0.0,LAML,BRCA,LAML,LAML,True,False,False
197,False,0,0.0,BRCA,BRCA,BRCA,BRCA,True,False,False
198,False,0,0.0,KIPAN,BRCA,KIPAN,LIHC,False,False,False
199,False,0,0.0,THCA,BRCA,THCA,THCA,True,False,False
200,False,0,0.0,PRAD,BRCA,PRAD,PRAD,True,False,False
201,False,0,0.0,BRCA,BRCA,BRCA,BRCA,True,False,False
202,True,1,1.0,KIRC,KIPAN,KIRC,KIRC,True,False,True
203,False,0,0.0,BRCA,BRCA,BRCA,LIHC,False,False,False
204,False,0,0.0,PRAD,BRCA,PRAD,BRCA,False,False,False
205,False,0,0.0,SARC,BRCA,SARC,SARC,True,False,False
206,True,1,1.0,KIPAN,KIRC,KIPAN,KIPAN,True,False,True
207,False,0,0.0,TGCT,BRCA,TGCT,SARC,False,False,False
208,False,0,0.0,LIHC,BRCA,LIHC,BRCA,False,False,False
209,False,0,0.0,LUSC,BRCA,LUSC,LUSC,True,False,False
210,False,0,0.0,PRAD,BRCA,PRAD,SKCM,False,False,False
211,False,0,0.0,UCEC,BRCA,UCEC,UCEC,True,False,False
212,False,0,0.0,GBMLGG,BRCA,GBMLGG,OV,False,False,False
213,False,0,0.0,SARC,BRCA,SARC,THYM,False,False,False
214,False,0,0.0,THCA,BRCA,THCA,THCA,True,False,False
215,False,0,0.0,SKCM,BRCA,SKCM,SKCM,True,False,False
216,False,0,0.0,STES,BRCA,STES,STES,True,False,False
217,False,0,0.0,LUAD,BRCA,LUAD,LUAD,True,False,False
218,True,1,1.0,KIPAN,KIRC,KIPAN,KIPAN,True,False,True
219,False,0,0.0,CESC,BRCA,CESC,CESC,True,False,False
220,False,0,0.0,KIPAN,BRCA,KIPAN,KIPAN,True,False,False
221,False,0,0.0,COAD,BRCA,COAD,COAD,True,False,False
222,False,0,0.0,SKCM,BRCA,SKCM,SKCM,True,False,False
223,False,0,0.0,BRCA,BRCA,BRCA,BRCA,True,False,False
224,True,1,1.0,KIPAN,KIRC,KIPAN,KIPAN,True,False,True
225,True,1,1.0,KIPAN,KIRC,KIPAN,KIPAN,True,False,True
226,False,0,0.0,THYM,BRCA,THYM,THCA,False,False,False
227,False,0,0.0,BRCA,BRCA,BRCA,KIPAN,False,False,False
228,True,1,1.0,LGG,LGG,LGG,GBMLGG,False,False,False
229,False,0,0.0,CESC,BRCA,CESC,BLCA,False,False,False
230,False,0,0.0,LUSC,BRCA,LUSC,LUSC,True,False,False
231,False,0,0.0,KIPAN,BRCA,KIPAN,KIPAN,True,False,False
232,False,0,0.0,BRCA,BRCA,BRCA,PRAD,False,False,False
233,False,0,0.0,TGCT,BRCA,TGCT,TGCT,True,False,False
234,False,0,0.0,KIPAN,BRCA,KIPAN,HNSC,False,False,False
235,False,0,0.0,PCPG,BRCA,PCPG,THYM,False,False,False
236,False,0,0.0,OV,BRCA,OV,OV,True,False,False
237,False,0,0.0,BRCA,BRCA,BRCA,UCEC,False,False,False
238,False,0,0.0,STES,BRCA,STES,STES,True,False,False
239,False,0,0.0,GBMLGG,BRCA,GBMLGG,GBMLGG,True,False,False
240,False,0,0.0,CESC,BRCA,CESC,CESC,True,False,False
241,False,0,0.0,BRCA,BRCA,BRCA,BRCA,True,False,False
242,False,0,0.0,BRCA,BRCA,BRCA,BRCA,True,False,False
243,False,0,0.0,BRCA,BRCA,BRCA,PRAD,False,False,False
244,False,0,0.0,LUSC,BRCA,LUSC,LUSC,True,False,False
245,False,0,0.0,GBMLGG,BRCA,GBMLGG,UCEC,False,False,False
246,False,0,0.0,BRCA,BRCA,BRCA,OV,False,False,False
247,False,0,0.0,KIPAN,BRCA,KIPAN,KIPAN,True,False,False
248,False,0,0.0,SKCM,BRCA,SKCM,LUAD,False,False,False
249,False,0,0.0,SKCM,BRCA,SKCM,SKCM,True,False,False
250,False,0,0.0,OV,BRCA,OV,KIPAN,False,False,False
251,False,0,0.0,BRCA,BRCA,BRCA,BRCA,True,False,False
252,True,1,1.0,GBMLGG,LGG,GBMLGG,GBMLGG,True,False,True
253,False,0,0.0,SARC,BRCA,SARC,SARC,True,False,False
254,False,0,0.0,LAML,BRCA,LAML,THYM,False,False,False
255,False,0,0.0,LGG,BRCA,LGG,LGG,True,False,False
256,False,0,0.0,THYM,BRCA,THYM,LAML,False,False,False
257,False,0,0.0,LUSC,BRCA,LUSC,BLCA,False,False,False
258,False,0,0.0,COAD,BRCA,COAD,COAD,True,False,False
259,False,0,0.0,LIHC,BRCA,LIHC,STES,False,False,False
260,False,0,0.0,LGG,BRCA,LGG,PRAD,False,False,False
261,False,0,0.0,BRCA,BRCA,BRCA,GBMLGG,False,False,False
262,False,0,0.0,BLCA,BRCA,BLCA,BLCA,True,False,False
263,False,0,0.0,OV,BRCA,OV,BRCA,False,False,False
264,False,0,0.0,PRAD,BRCA,PRAD,KIPAN,False,False,False
265,False,0,0.0,KIRC,BRCA,KIRC,BRCA,False,False,False
266,False,0,0.0,PCPG,BRCA,PCPG,PRAD,False,False,False
267,True,1,1.0,GBMLGG,LGG,GBMLGG,GBMLGG,True,False,True
268,False,0,0.0,PAAD,BRCA,PAAD,PAAD,True,False,False
269,False,0,0.0,BRCA,BRCA,BRCA,BRCA,True,False,False
270,False,0,0.0,UCEC,BRCA,UCEC,GBMLGG,False,False,False
271,True,1,1.0,KIRC,KIRC,KIRC,KIPAN,False,False,False
272,False,0,0.0,OV,BRCA,OV,KIPAN,False,False,False
273,False,0,0.0,STES,BRCA,STES,STES,True,False,False
274,False,0,0.0,GBMLGG,BRCA,GBMLGG,UCEC,False,False,False
275,False,0,0.0,CESC,BRCA,CESC,CESC,True,False,False
276,False,0,0.0,BRCA,BRCA,BRCA,SARC,False,False,False
277,False,0,0.0,BRCA,BRCA,BRCA,PAAD,False,False,False
278,True,1,1.0,GBMLGG,LGG,GBMLGG,GBMLGG,True,False,True
279,False,0,0.0,LAML,BRCA,LAML,LAML,True,False,False
280,False,0,0.0,BRCA,BRCA,BRCA,GBMLGG,False,False,False
281,False,0,0.0,OV,BRCA,OV,BRCA,False,False,False
282,False,0,0.0,BRCA,BRCA,BRCA,BRCA,True,False,False
283,False,0,0.0,SKCM,BRCA,SKCM,SKCM,True,False,False
284,False,0,0.0,OV,BRCA,OV,OV,True,False,False
285,False,0,0.0,KIRC,BRCA,KIRC,KIPAN,False,False,False
286,False,0,0.0,STES,BRCA,STES,STES,True,False,False
287,False,0,0.0,THCA,BRCA,THCA,THCA,True,False,False
288,False,0,0.0,SARC,BRCA,SARC,SARC,True,False,False
289,False,0,0.0,SARC,BRCA,SARC,PRAD,False,False,False
290,False,0,0.0,LGG,BRCA,LGG,GBMLGG,False,False,False
291,False,0,0.0,PCPG,BRCA,PCPG,SARC,False,False,False
292,False,0,0.0,PRAD,BRCA,PRAD,PRAD,True,False,False
293,False,0,0.0,THCA,BRCA,THCA,LAML,False,False,False
294,False,0,0.0,LUSC,BRCA,LUSC,LUAD,False,False,False
295,False,0,0.0,HNSC,BRCA,HNSC,LUAD,False,False,False
296,False,0,0.0,THCA,BRCA,THCA,THCA,True,False,False
297,False,0,0.0,THCA,BRCA,THCA,THCA,True,False,False
298,False,0,0.0,THCA,BRCA,THCA,THCA,True,False,False
299,False,0,0.0,KIPAN,BRCA,KIPAN,TGCT,False,False,False
300,True,1,1.0,LGG,LGG,LGG,GBMLGG,False,False,False
301,False,0,0.0,UCEC,BRCA,UCEC,UCEC,True,False,False
302,False,0,0.0,SARC,BRCA,SARC,GBMLGG,False,False,False
303,False,0,0.0,LGG,BRCA,LGG,GBMLGG,False,False,False
304,False,0,0.0,TGCT,BRCA,TGCT,TGCT,True,False,False
305,False,0,0.0,HNSC,BRCA,HNSC,HNSC,True,False,False
306,False,0,0.0,BRCA,BRCA,BRCA,PCPG,False,False,False
307,False,0,0.0,TGCT,BRCA,TGCT,TGCT,True,False,False
308,False,0,0.0,PAAD,BRCA,PAAD,COAD,False,False,False
309,False,0,0.0,PRAD,BRCA,PRAD,PRAD,True,False,False
310,False,0,0.0,OV,BRCA,OV,LUSC,False,False,False
311,False,0,0.0,SARC,BRCA,SARC,SARC,True,False,False
312,False,0,0.0,HNSC,BRCA,HNSC,PAAD,False,False,False
313,True,1,1.0,KIRC,KIPAN,KIRC,KIRC,True,False,True
314,False,0,0.0,SARC,BRCA,SARC,SARC,True,False,False
315,False,0,0.0,STES,BRCA,STES,PAAD,False,False,False
316,False,0,0.0,PCPG,BRCA,PCPG,GBMLGG,False,False,False
317,False,0,0.0,BRCA,BRCA,BRCA,OV,False,False,False
318,False,0,0.0,STES,BRCA,STES,BLCA,False,False,False
319,False,0,0.0,SKCM,BRCA,SKCM,SKCM,True,False,False
320,False,0,0.0,PRAD,BRCA,PRAD,BRCA,False,False,False
321,False,0,0.0,OV,BRCA,OV,OV,True,False,False
322,False,0,0.0,UCEC,BRCA,UCEC,STES,False,False,False
323,False,0,0.0,UCEC,BRCA,UCEC,UCEC,True,False,False
324,False,0,0.0,PRAD,BRCA,PRAD,PRAD,True,False,False
325,False,0,0.0,TGCT,BRCA,TGCT,TGCT,True,False,False
326,False,0,0.0,LGG,BRCA,LGG,GBMLGG,False,False,False
327,False,0,0.0,COAD,BRCA,COAD,COAD,True,False,False
328,False,0,0.0,OV,BRCA,OV,LIHC,False,False,False
329,False,0,0.0,BRCA,BRCA,BRCA,BRCA,True,False,False
330,True,1,1.0,KIPAN,KIRC,KIPAN,KIPAN,True,False,True
331,False,0,0.0,OV,BRCA,OV,LAML,False,False,False
332,False,0,0.0,OV,BRCA,OV,OV,True,False,False
333,False,0,0.0,LGG,BRCA,LGG,LGG,True,False,False
334,False,0,0.0,OV,BRCA,OV,OV,True,False,False
335,False,0,0.0,KIPAN,BRCA,KIPAN,LIHC,False,False,False
336,False,0,0.0,THYM,BRCA,THYM,THCA,False,False,False
337,False,0,0.0,LUAD,BRCA,LUAD,LUSC,False,False,False
338,False,0,0.0,LUSC,BRCA,LUSC,STES,False,False,False
339,False,0,0.0,LAML,BRCA,LAML,LAML,True,False,False
340,False,0,0.0,PRAD,BRCA,PRAD,BRCA,False,False,False
341,False,0,0.0,LGG,BRCA,LGG,GBMLGG,False,False,False
342,False,0,0.0,UCEC,BRCA,UCEC,UCEC,True,False,False
343,True,1,1.0,KIRC,KIPAN,KIRC,KIRC,True,False,True
344,False,0,0.0,GBMLGG,BRCA,GBMLGG,SARC,False,False,False
345,False,0,0.0,BRCA,BRCA,BRCA,BRCA,True,False,False
346,True,1,1.0,KIPAN,KIRC,KIRC,KIPAN,True,False,True
347,True,1,1.0,KIPAN,KIRC,KIPAN,KIPAN,True,False,True
348,False,0,0.0,COAD,BRCA,COAD,PRAD,False,False,False
349,False,0,0.0,HNSC,BRCA,HNSC,STES,False,False,False
350,False,0,0.0,LAML,BRCA,LAML,LAML,True,False,False
351,False,0,0.0,GBMLGG,BRCA,GBMLGG,LUAD,False,False,False
352,False,0,0.0,LIHC,BRCA,LIHC,KIPAN,False,False,False
353,False,0,0.0,KIPAN,BRCA,KIPAN,KIPAN,True,False,False
354,False,0,0.0,DLBC,BRCA,DLBC,DLBC,True,False,False
355,False,0,0.0,BLCA,BRCA,BLCA,BLCA,True,False,False
356,False,0,0.0,LUSC,BRCA,LUSC,LUAD,False,False,False
357,True,1,1.0,KIRC,KIPAN,KIRC,KIRC,True,False,True
358,False,0,0.0,SARC,BRCA,SARC,SARC,True,False,False
359,False,0,0.0,PRAD,BRCA,PRAD,KIRC,False,False,False
360,False,0,0.0,COAD,BRCA,COAD,COAD,True,False,False
361,False,0,0.0,COAD,BRCA,COAD,COAD,True,False,False
362,False,0,0.0,LUSC,BRCA,LUSC,LUSC,True,False,False
363,False,0,0.0,LUSC,BRCA,LUSC,HNSC,False,False,False
364,False,0,0.0,COAD,BRCA,COAD,COAD,True,False,False
365,False,0,0.0,THYM,BRCA,THYM,KIPAN,False,False,False
366,False,0,0.0,KIRC,BRCA,KIRC,PCPG,False,False,False
367,False,0,0.0,STES,BRCA,STES,STES,True,False,False
368,False,0,0.0,BRCA,BRCA,BRCA,BRCA,True,False,False
369,False,0,0.0,TGCT,BRCA,TGCT,TGCT,True,False,False
370,False,0,0.0,THCA,BRCA,THCA,THCA,True,False,False
371,False,0,0.0,PCPG,BRCA,PCPG,GBMLGG,False,False,False
372,False,0,0.0,BRCA,BRCA,BRCA,BRCA,True,False,False
373,True,1,1.0,KIPAN,KIRC,KIPAN,KIPAN,True,False,True
374,False,0,0.0,SKCM,BRCA,SKCM,SKCM,True,False,False
375,False,0,0.0,OV,BRCA,OV,BRCA,False,False,False
376,True,1,1.0,KIRC,KIPAN,KIRC,KIRC,True,False,True
377,False,0,0.0,COAD,BRCA,COAD,COAD,True,False,False
378,False,0,0.0,LAML,BRCA,LAML,THCA,False,False,False
379,False,0,0.0,LUSC,BRCA,LUSC,LUSC,True,False,False
380,False,0,0.0,BRCA,BRCA,BRCA,BRCA,True,False,False
381,True,1,1.0,GBMLGG,LGG,GBMLGG,GBMLGG,True,False,True
382,False,0,0.0,THYM,BRCA,THYM,LAML,False,False,False
383,False,0,0.0,SARC,BRCA,SARC,OV,False,False,False
384,False,0,0.0,HNSC,BRCA,HNSC,HNSC,True,False,False
385,False,0,0.0,LGG,BRCA,LGG,LGG,True,False,False
386,False,0,0.0,GBMLGG,BRCA,GBMLGG,GBMLGG,True,False,False
387,False,0,0.0,LUSC,BRCA,LUSC,LUAD,False,False,False
388,False,0,0.0,LIHC,BRCA,LIHC,LIHC,True,False,False
389,False,0,0.0,THYM,BRCA,THYM,LAML,False,False,False
390,True,1,1.0,KIRC,KIPAN,KIRC,KIRC,True,False,True
391,False,0,0.0,LUSC,BRCA,LUSC,LUSC,True,False,False
392,False,0,0.0,THCA,BRCA,THCA,THCA,True,False,False
393,False,0,0.0,KIRC,BRCA,KIRC,STES,False,False,False
394,False,0,0.0,LUAD,BRCA,LUAD,LUAD,True,False,False
395,False,0,0.0,STES,BRCA,STES,STES,True,False,False
396,False,0,0.0,PRAD,BRCA,PRAD,PRAD,True,False,False
397,False,0,0.0,PRAD,BRCA,PRAD,PRAD,True,False,False
398,False,0,0.0,STES,BRCA,STES,STES,True,False,False
399,False,0,0.0,PAAD,BRCA,PAAD,PAAD,True,False,False
400,False,0,0.0,BRCA,BRCA,BRCA,BRCA,True,False,False
401,False,0,0.0,STES,BRCA,STES,HNSC,False,False,False
402,False,0,0.0,LIHC,BRCA,LIHC,KIPAN,False,False,False
403,False,0,0.0,BRCA,BRCA,BRCA,BRCA,True,False,False
404,False,0,0.0,SKCM,BRCA,SKCM,SKCM,True,False,False
405,False,0,0.0,STES,BRCA,STES,STES,True,False,False
406,False,0,0.0,UCEC,BRCA,UCEC,UCEC,True,False,False
407,False,0,0.0,STES,BRCA,STES,STES,True,False,False
408,False,0,0.0,SARC,BRCA,SARC,LIHC,False,False,False
409,False,0,0.0,HNSC,BRCA,HNSC,HNSC,True,False,False
410,False,0,0.0,BRCA,BRCA,BRCA,CESC,False,False,False
411,False,0,0.0,PRAD,BRCA,PRAD,SARC,False,False,False
412,False,0,0.0,THYM,BRCA,THYM,THYM,True,False,False
413,False,0,0.0,THYM,BRCA,THYM,THYM,True,False,False
414,False,0,0.0,PRAD,BRCA,PRAD,PCPG,False,False,False
415,False,0,0.0,BRCA,BRCA,BRCA,BRCA,True,False,False
416,False,0,0.0,STES,BRCA,STES,STES,True,False,False
417,False,0,0.0,STES,BRCA,STES,STES,True,False,False
418,False,0,0.0,BRCA,BRCA,BRCA,PCPG,False,False,False
419,True,1,1.0,LGG,GBMLGG,LGG,LGG,True,False,True
420,False,0,0.0,GBMLGG,BRCA,GBMLGG,GBMLGG,True,False,False
421,False,0,0.0,SARC,BRCA,SARC,TGCT,False,False,False
422,True,1,1.0,PCPG,KIRC,KIRC,KIPAN,False,False,False
423,True,1,1.0,PRAD,KIRC,KIRC,KIPAN,False,False,False
424,False,0,0.0,COAD,BRCA,COAD,COAD,True,False,False
425,False,0,0.0,LAML,BRCA,LAML,LAML,True,False,False
426,False,0,0.0,BRCA,BRCA,BRCA,BRCA,True,False,False
427,False,0,0.0,TGCT,BRCA,TGCT,PRAD,False,False,False
428,False,0,0.0,PCPG,BRCA,PCPG,THYM,False,False,False
429,False,0,0.0,THYM,BRCA,THYM,PCPG,False,False,False
430,False,0,0.0,THCA,BRCA,THCA,THCA,True,False,False
431,False,0,0.0,GBMLGG,BRCA,GBMLGG,LIHC,False,False,False
432,False,0,0.0,PCPG,BRCA,PCPG,PRAD,False,False,False
433,False,0,0.0,PCPG,BRCA,PCPG,UCEC,False,False,False
434,False,0,0.0,STES,BRCA,STES,STES,True,False,False
435,False,0,0.0,PRAD,BRCA,PRAD,PRAD,True,False,False
436,False,0,0.0,TGCT,BRCA,TGCT,TGCT,True,False,False
437,False,0,0.0,OV,BRCA,OV,OV,True,False,False
438,False,0,0.0,HNSC,BRCA,HNSC,HNSC,True,False,False
439,False,0,0.0,LIHC,BRCA,LIHC,LUAD,False,False,False
440,False,0,0.0,PRAD,BRCA,PRAD,OV,False,False,False
441,False,0,0.0,BRCA,BRCA,BRCA,BRCA,True,False,False
442,False,0,0.0,SKCM,BRCA,SKCM,SKCM,True,False,False
443,False,0,0.0,BRCA,BRCA,BRCA,BRCA,True,False,False
444,False,0,0.0,LUSC,BRCA,LUSC,LUSC,True,False,False
445,False,0,0.0,LIHC,BRCA,LIHC,OV,False,False,False
446,False,0,0.0,OV,BRCA,OV,OV,True,False,False
447,False,0,0.0,STES,BRCA,STES,STES,True,False,False
448,False,0,0.0,SARC,BRCA,SARC,SARC,True,False,False
449,False,0,0.0,COAD,BRCA,COAD,COAD,True,False,False
450,True,1,1.0,KIPAN,KIRC,KIRC,KIPAN,True,False,True
451,False,0,0.0,PAAD,BRCA,PAAD,LIHC,False,False,False
452,False,0,0.0,CESC,BRCA,CESC,KIPAN,False,False,False
453,True,1,1.0,KIPAN,KIRC,KIPAN,KIPAN,True,False,True
454,True,1,1.0,GBMLGG,LGG,LGG,GBMLGG,True,False,True
455,False,0,0.0,GBMLGG,BRCA,GBMLGG,GBMLGG,True,False,False
456,False,0,0.0,BRCA,BRCA,BRCA,PRAD,False,False,False
457,False,0,0.0,PCPG,BRCA,PCPG,SARC,False,False,False
458,False,0,0.0,PRAD,BRCA,PRAD,PRAD,True,False,False
459,False,0,0.0,BRCA,BRCA,BRCA,BRCA,True,False,False
460,False,0,0.0,BRCA,BRCA,BRCA,BRCA,True,False,False
461,False,0,0.0,BRCA,BRCA,BRCA,LIHC,False,False,False
462,False,0,0.0,COAD,BRCA,COAD,COAD,True,False,False
463,False,0,0.0,THCA,BRCA,THCA,THCA,True,False,False
464,False,0,0.0,PRAD,BRCA,PRAD,PRAD,True,False,False
465,False,0,0.0,PCPG,BRCA,PCPG,BRCA,False,False,False
466,False,0,0.0,SARC,BRCA,SARC,BRCA,False,False,False
467,False,0,0.0,GBMLGG,BRCA,GBMLGG,GBMLGG,True,False,False
468,False,0,0.0,OV,BRCA,OV,OV,True,False,False
469,False,0,0.0,LUAD,BRCA,LUAD,LUAD,True,False,False
470,False,0,0.0,KIRC,BRCA,KIRC,KIPAN,False,False,False
471,True,1,1.0,KIRC,KIPAN,KIPAN,KIRC,True,False,True
472,False,0,0.0,SARC,BRCA,SARC,TGCT,False,False,False
473,False,0,0.0,BRCA,BRCA,BRCA,KIPAN,False,False,False
474,False,0,0.0,GBMLGG,BRCA,GBMLGG,GBMLGG,True,False,False
475,False,0,0.0,PCPG,BRCA,PCPG,BRCA,False,False,False
476,True,1,1.0,GBMLGG,LGG,GBMLGG,GBMLGG,True,False,True
477,False,0,0.0,OV,BRCA,OV,OV,True,False,False
478,False,0,0.0,PCPG,BRCA,PCPG,THYM,False,False,False
479,False,0,0.0,STES,BRCA,STES,BLCA,False,False,False
480,False,0,0.0,BRCA,BRCA,BRCA,OV,False,False,False
481,False,0,0.0,SARC,BRCA,SARC,LAML,False,False,False
482,False,0,0.0,SARC,BRCA,SARC,OV,False,False,False
483,False,0,0.0,BRCA,BRCA,BRCA,HNSC,False,False,False
484,False,0,0.0,PCPG,BRCA,PCPG,PCPG,True,False,False
485,False,0,0.0,THCA,BRCA,THCA,THCA,True,False,False
486,False,0,0.0,UCEC,BRCA,UCEC,SKCM,False,False,False
487,False,0,0.0,LIHC,BRCA,LIHC,LIHC,True,False,False
488,False,0,0.0,GBMLGG,BRCA,GBMLGG,LGG,False,False,False
489,False,0,0.0,PAAD,BRCA,PAAD,CESC,False,False,False
490,False,0,0.0,LUSC,BRCA,LUSC,LUSC,True,False,False
491,False,0,0.0,KIRC,BRCA,KIRC,PRAD,False,False,False
492,False,0,0.0,KIRC,BRCA,KIRC,KIPAN,False,False,False
493,False,0,0.0,STES,BRCA,STES,COAD,False,False,False
494,False,0,0.0,BRCA,BRCA,BRCA,CESC,False,False,False
495,False,0,0.0,SKCM,BRCA,SKCM,SKCM,True,False,False
496,False,0,0.0,UCEC,BRCA,UCEC,UCEC,True,False,False
497,False,0,0.0,HNSC,BRCA,HNSC,HNSC,True,False,False
498,False,0,0.0,GBMLGG,BRCA,GBMLGG,LAML,False,False,False
499,False,0,0.0,BRCA,BRCA,BRCA,SARC,False,False,False
500,True,1,1.0,LGG,GBMLGG,LGG,LGG,True,False,True
501,False,0,0.0,KIRC,BRCA,KIRC,STES,False,False,False
502,False,0,0.0,KIRC,BRCA,KIRC,HNSC,False,False,False
503,False,0,0.0,STES,BRCA,STES,BLCA,False,False,False
504,False,0,0.0,UCEC,BRCA,UCEC,UCEC,True,False,False
505,False,0,0.0,BRCA,BRCA,BRCA,PAAD,False,False,False
506,False,0,0.0,KIPAN,BRCA,KIPAN,KIPAN,True,False,False
507,True,1,1.0,LGG,GBMLGG,LGG,LGG,True,False,True
508,False,0,0.0,COAD,BRCA,COAD,COAD,True,False,False
509,False,0,0.0,COAD,BRCA,COAD,THCA,False,False,False
510,False,0,0.0,OV,BRCA,OV,GBMLGG,False,False,False
511,True,1,1.0,KIRC,KIPAN,KIPAN,KIRC,True,False,True
512,False,0,0.0,STES,BRCA,STES,STES,True,False,False
513,True,1,1.0,KIRC,KIPAN,KIRC,KIRC,True,False,True
514,False,0,0.0,SKCM,BRCA,SKCM,SKCM,True,False,False
515,False,0,0.0,STES,BRCA,STES,COAD,False,False,False
516,False,0,0.0,OV,BRCA,OV,SARC,False,False,False
517,False,0,0.0,HNSC,BRCA,HNSC,HNSC,True,False,False
518,False,0,0.0,BRCA,BRCA,BRCA,BRCA,True,False,False
519,False,0,0.0,SARC,BRCA,SARC,STES,False,False,False
520,False,0,0.0,UCEC,BRCA,UCEC,UCEC,True,False,False
521,False,0,0.0,BRCA,BRCA,BRCA,BRCA,True,False,False
522,False,0,0.0,KIPAN,BRCA,KIPAN,BRCA,False,False,False
523,False,0,0.0,STES,BRCA,STES,STES,True,False,False
524,False,0,0.0,BRCA,BRCA,BRCA,BRCA,True,False,False
525,False,0,0.0,STES,BRCA,STES,STES,True,False,False
526,False,0,0.0,BRCA,BRCA,BRCA,UCEC,False,False,False
527,False,0,0.0,BRCA,BRCA,BRCA,BRCA,True,False,False
528,False,0,0.0,THCA,BRCA,THCA,THCA,True,False,False
529,False,0,0.0,HNSC,BRCA,HNSC,LUSC,False,False,False
530,False,0,0.0,UCEC,BRCA,UCEC,HNSC,False,False,False
531,False,0,0.0,SKCM,BRCA,SKCM,SKCM,True,False,False
532,False,0,0.0,LUSC,BRCA,LUSC,LUSC,True,False,False
533,False,0,0.0,PCPG,BRCA,PCPG,PAAD,False,False,False
534,False,0,0.0,BRCA,BRCA,BRCA,BRCA,True,False,False
535,False,0,0.0,KIRC,BRCA,KIRC,KIRC,True,False,False
536,False,0,0.0,CESC,BRCA,CESC,CESC,True,False,False
537,False,0,0.0,KIPAN,BRCA,KIPAN,KIRC,False,False,False
538,False,0,0.0,PAAD,BRCA,PAAD,PAAD,True,False,False
539,False,0,0.0,STES,BRCA,STES,STES,True,False,False
540,False,0,0.0,BLCA,BRCA,BLCA,CESC,False,False,False
541,False,0,0.0,KIRC,BRCA,KIRC,PCPG,False,False,False
542,False,0,0.0,OV,BRCA,OV,BRCA,False,False,False
543,False,0,0.0,COAD,BRCA,COAD,COAD,True,False,False
544,False,0,0.0,SARC,BRCA,SARC,LAML,False,False,False
545,False,0,0.0,COAD,BRCA,COAD,COAD,True,False,False
546,False,0,0.0,KIPAN,BRCA,KIPAN,KIRC,False,False,False
547,False,0,0.0,KIPAN,BRCA,KIPAN,SARC,False,False,False
548,False,0,0.0,LGG,BRCA,LGG,LGG,True,False,False
549,False,0,0.0,PRAD,BRCA,PRAD,BRCA,False,False,False
550,False,0,0.0,UCEC,BRCA,UCEC,UCEC,True,False,False
551,False,0,0.0,SARC,BRCA,SARC,KIPAN,False,False,False
552,False,0,0.0,BRCA,BRCA,BRCA,BRCA,True,False,False
553,False,0,0.0,PRAD,BRCA,PRAD,PRAD,True,False,False
554,False,0,0.0,LUSC,BRCA,LUSC,LUSC,True,False,False
555,False,0,0.0,BRCA,BRCA,BRCA,BRCA,True,False,False
556,False,0,0.0,BLCA,BRCA,BLCA,BLCA,True,False,False
557,False,0,0.0,SKCM,BRCA,SKCM,SKCM,True,False,False
558,False,0,0.0,THYM,BRCA,THYM,LAML,False,False,False
559,False,0,0.0,STES,BRCA,STES,STES,True,False,False
560,False,0,0.0,SKCM,BRCA,SKCM,SKCM,True,False,False
561,False,0,0.0,BLCA,BRCA,BLCA,BLCA,True,False,False
562,False,0,0.0,BLCA,BRCA,BLCA,BLCA,True,False,False
563,False,0,0.0,KIPAN,BRCA,KIPAN,STES,False,False,False
564,False,0,0.0,BRCA,BRCA,BRCA,DLBC,False,False,False
565,False,0,0.0,STES,BRCA,STES,SARC,False,False,False
566,False,0,0.0,PCPG,BRCA,PCPG,SARC,False,False,False
567,False,0,0.0,PAAD,BRCA,PAAD,PAAD,True,False,False
568,False,0,0.0,PCPG,BRCA,PCPG,KIPAN,False,False,False
569,False,0,0.0,PRAD,BRCA,PRAD,BRCA,False,False,False
570,False,0,0.0,STES,BRCA,STES,STES,True,False,False
571,False,0,0.0,OV,BRCA,OV,BRCA,False,False,False
572,False,0,0.0,LUAD,BRCA,LUAD,BLCA,False,False,False
573,False,0,0.0,PAAD,BRCA,PAAD,HNSC,False,False,False
574,True,1,1.0,LGG,GBMLGG,LGG,LGG,True,False,True
575,False,0,0.0,LAML,BRCA,LAML,SARC,False,False,False
576,False,0,0.0,THYM,BRCA,THYM,THYM,True,False,False
577,False,0,0.0,SKCM,BRCA,SKCM,SKCM,True,False,False
578,False,0,0.0,KIPAN,BRCA,KIPAN,PAAD,False,False,False
579,False,0,0.0,PCPG,BRCA,PCPG,PCPG,True,False,False
580,True,1,1.0,KIPAN,KIRC,KIPAN,KIPAN,True,False,True
581,True,1,1.0,GBMLGG,LGG,LGG,GBMLGG,True,False,True
582,False,0,0.0,COAD,BRCA,COAD,COAD,True,False,False
583,False,0,0.0,UCEC,BRCA,UCEC,LIHC,False,False,False
584,False,0,0.0,SARC,BRCA,SARC,LAML,False,False,False
585,False,0,0.0,HNSC,BRCA,HNSC,HNSC,True,False,False
586,False,0,0.0,LUAD,BRCA,LUAD,BLCA,False,False,False
587,False,0,0.0,KIRC,BRCA,KIRC,KIRC,True,False,False
588,False,0,0.0,SARC,BRCA,SARC,TGCT,False,False,False
589,False,0,0.0,BRCA,BRCA,BRCA,PRAD,False,False,False
590,False,0,0.0,BRCA,BRCA,BRCA,BRCA,True,False,False
591,False,0,0.0,BRCA,BRCA,BRCA,LUAD,False,False,False
592,False,0,0.0,SKCM,BRCA,SKCM,SKCM,True,False,False
593,True,1,1.0,KIRC,KIPAN,KIRC,KIRC,True,False,True
594,False,0,0.0,KIPAN,BRCA,KIPAN,CESC,False,False,False
595,False,0,0.0,LAML,BRCA,LAML,THYM,False,False,False
596,False,0,0.0,STES,BRCA,STES,STES,True,False,False
597,False,0,0.0,PRAD,BRCA,PRAD,PRAD,True,False,False
598,False,0,0.0,PRAD,BRCA,PRAD,PRAD,True,False,False
599,False,0,0.0,GBMLGG,BRCA,GBMLGG,GBMLGG,True,False,False
600,False,0,0.0,STES,BRCA,STES,STES,True,False,False
601,False,0,0.0,COAD,BRCA,COAD,STES,False,False,False
602,False,0,0.0,OV,BRCA,OV,STES,False,False,False
603,False,0,0.0,OV,BRCA,OV,BRCA,False,False,False
604,False,0,0.0,SKCM,BRCA,SKCM,SKCM,True,False,False
605,False,0,0.0,STES,BRCA,STES,STES,True,False,False
606,False,0,0.0,BRCA,BRCA,BRCA,OV,False,False,False
607,False,0,0.0,LGG,BRCA,LGG,LGG,True,False,False
608,False,0,0.0,STES,BRCA,STES,LUAD,False,False,False
609,False,0,0.0,OV,BRCA,OV,OV,True,False,False
610,False,0,0.0,PRAD,BRCA,PRAD,KIPAN,False,False,False
611,False,0,0.0,SKCM,BRCA,SKCM,SKCM,True,False,False
612,False,0,0.0,SKCM,BRCA,SKCM,SKCM,True,False,False
613,False,0,0.0,GBMLGG,BRCA,GBMLGG,GBMLGG,True,False,False
614,False,0,0.0,SARC,BRCA,SARC,DLBC,False,False,False
615,False,0,0.0,THCA,BRCA,THCA,THCA,True,False,False
616,False,0,0.0,GBMLGG,BRCA,GBMLGG,STES,False,False,False
617,False,0,0.0,BRCA,BRCA,BRCA,BRCA,True,False,False
618,False,0,0.0,LAML,BRCA,LAML,STES,False,False,False
619,False,0,0.0,LUSC,BRCA,LUSC,HNSC,False,False,False
620,False,0,0.0,HNSC,BRCA,HNSC,HNSC,True,False,False
621,False,0,0.0,LUAD,BRCA,LUAD,STES,False,False,False
622,False,0,0.0,PCPG,BRCA,PCPG,THYM,False,False,False
623,False,0,0.0,PRAD,BRCA,PRAD,PCPG,False,False,False
624,False,0,0.0,PRAD,BRCA,PRAD,GBMLGG,False,False,False
625,False,0,0.0,STES,BRCA,STES,STES,True,False,False
626,False,0,0.0,LUAD,BRCA,LUAD,LUAD,True,False,False
627,False,0,0.0,OV,BRCA,OV,OV,True,False,False
628,True,1,1.0,KIRC,KIRC,KIRC,KIPAN,False,False,False
629,False,0,0.0,LUSC,BRCA,LUSC,LUSC,True,False,False
630,True,1,1.0,KIRC,KIPAN,KIRC,KIRC,True,False,True
631,True,1,1.0,KIRC,KIPAN,KIRC,KIRC,True,False,True
632,False,0,0.0,KIRC,BRCA,KIRC,LAML,False,False,False
633,False,0,0.0,BRCA,BRCA,BRCA,BRCA,True,False,False
634,False,0,0.0,KIRC,BRCA,KIRC,PRAD,False,False,False
635,False,0,0.0,HNSC,BRCA,HNSC,LUAD,False,False,False
636,False,0,0.0,THYM,BRCA,THYM,THYM,True,False,False
637,False,0,0.0,PAAD,BRCA,PAAD,OV,False,False,False
638,True,1,1.0,LGG,GBMLGG,LGG,LGG,True,False,True
639,False,0,0.0,COAD,BRCA,COAD,STES,False,False,False
640,True,1,1.0,KIPAN,KIRC,KIPAN,KIPAN,True,False,True
641,True,1,1.0,KIPAN,KIRC,KIPAN,KIPAN,True,False,True
642,False,0,0.0,HNSC,BRCA,HNSC,KIPAN,False,False,False
643,False,0,0.0,PAAD,BRCA,PAAD,BRCA,False,False,False
644,False,0,0.0,HNSC,BRCA,HNSC,HNSC,True,False,False
645,False,0,0.0,BRCA,BRCA,BRCA,SARC,False,False,False
646,False,0,0.0,SKCM,BRCA,SKCM,SKCM,True,False,False
647,False,0,0.0,UCEC,BRCA,UCEC,BRCA,False,False,False
648,False,0,0.0,SARC,BRCA,SARC,SARC,True,False,False
649,False,0,0.0,KIPAN,BRCA,KIPAN,STES,False,False,False
650,False,0,0.0,LIHC,BRCA,LIHC,LUAD,False,False,False
651,False,0,0.0,BRCA,BRCA,BRCA,UCEC,False,False,False
652,False,0,0.0,LAML,BRCA,LAML,LAML,True,False,False
653,False,0,0.0,STES,BRCA,STES,HNSC,False,False,False
654,False,0,0.0,UCEC,BRCA,UCEC,UCEC,True,False,False
655,False,0,0.0,PRAD,BRCA,PRAD,PRAD,True,False,False
656,False,0,0.0,ACC,BRCA,ACC,ACC,True,False,False
657,False,0,0.0,OV,BRCA,OV,SARC,False,False,False
658,False,0,0.0,KIPAN,BRCA,KIPAN,BRCA,False,False,False
659,False,0,0.0,PCPG,BRCA,PCPG,LAML,False,False,False
660,False,0,0.0,BRCA,BRCA,BRCA,THYM,False,False,False
661,False,0,0.0,GBMLGG,BRCA,GBMLGG,GBMLGG,True,False,False
662,True,1,1.0,LGG,GBMLGG,LGG,LGG,True,False,True
663,False,0,0.0,BRCA,BRCA,BRCA,THYM,False,False,False
664,False,0,0.0,LUSC,BRCA,LUSC,LUAD,False,False,False
665,False,0,0.0,BRCA,BRCA,BRCA,BRCA,True,False,False
666,False,0,0.0,OV,BRCA,OV,KIPAN,False,False,False
667,False,0,0.0,KIRC,BRCA,KIRC,KIPAN,False,False,False
668,True,1,1.0,LGG,GBMLGG,LGG,LGG,True,False,True
669,False,0,0.0,LUSC,BRCA,LUSC,BLCA,False,False,False
670,False,0,0.0,BRCA,BRCA,BRCA,BRCA,True,False,False
671,False,0,0.0,THYM,BRCA,THYM,LGG,False,False,False
672,False,0,0.0,TGCT,BRCA,TGCT,TGCT,True,False,False
673,True,1,1.0,KIRC,KIPAN,KIRC,KIRC,True,False,True
674,False,0,0.0,PRAD,BRCA,PRAD,THCA,False,False,False
675,False,0,0.0,COAD,BRCA,COAD,COAD,True,False,False
676,False,0,0.0,KIRC,BRCA,KIRC,PAAD,False,False,False
677,False,0,0.0,TGCT,BRCA,TGCT,THYM,False,False,False
678,False,0,0.0,ACC,BRCA,ACC,ACC,True,False,False
679,False,0,0.0,STES,BRCA,STES,STES,True,False,False
680,True,1,1.0,KIRC,KIPAN,KIRC,KIRC,True,False,True
681,False,0,0.0,LUSC,BRCA,LUSC,LUSC,True,False,False
682,False,0,0.0,BRCA,BRCA,BRCA,STES,False,False,False
683,True,1,1.0,KIPAN,KIRC,KIPAN,KIPAN,True,False,True
684,False,0,0.0,LUAD,BRCA,LUAD,LUAD,True,False,False
685,False,0,0.0,BRCA,BRCA,BRCA,SARC,False,False,False
686,False,0,0.0,UCEC,BRCA,UCEC,UCEC,True,False,False
687,False,0,0.0,THCA,BRCA,THCA,THCA,True,False,False
688,False,0,0.0,BRCA,BRCA,BRCA,BRCA,True,False,False
689,False,0,0.0,KIRC,BRCA,KIRC,KIPAN,False,False,False
690,False,0,0.0,ACC,BRCA,ACC,ACC,True,False,False
691,False,0,0.0,LUAD,BRCA,LUAD,LUSC,False,False,False
692,True,1,1.0,KIRC,KIPAN,KIRC,KIRC,True,False,True
693,True,1,1.0,LGG,GBMLGG,LGG,LGG,True,False,True
694,False,0,0.0,SKCM,BRCA,SKCM,SKCM,True,False,False
695,False,0,0.0,KIPAN,BRCA,KIPAN,KIRC,False,False,False
696,False,0,0.0,BRCA,BRCA,BRCA,BRCA,True,False,False
697,False,0,0.0,PRAD,BRCA,PRAD,BRCA,False,False,False
698,False,0,0.0,KIRC,BRCA,KIRC,SKCM,False,False,False
699,False,0,0.0,LUSC,BRCA,LUSC,LIHC,False,False,False
700,False,0,0.0,SARC,BRCA,SARC,STES,False,False,False
701,False,0,0.0,LGG,BRCA,LGG,LGG,True,False,False
702,False,0,0.0,KIPAN,BRCA,KIPAN,GBMLGG,False,False,False
703,False,0,0.0,BRCA,BRCA,BRCA,COAD,False,False,False
704,False,0,0.0,ACC,BRCA,ACC,ACC,True,False,False
705,False,0,0.0,COAD,BRCA,COAD,LIHC,False,False,False
706,False,0,0.0,CESC,BRCA,CESC,CESC,True,False,False
707,False,0,0.0,PCPG,BRCA,PCPG,KIPAN,False,False,False
708,False,0,0.0,ACC,BRCA,ACC,KIPAN,False,False,False
709,True,1,1.0,KIRC,KIPAN,KIRC,KIRC,True,False,True
710,False,0,0.0,PRAD,BRCA,PRAD,KIRC,False,False,False
711,False,0,0.0,KIPAN,BRCA,KIPAN,KIPAN,True,False,False
712,True,1,1.0,LGG,LGG,LGG,GBMLGG,False,False,False
713,False,0,0.0,LGG,BRCA,LGG,GBMLGG,False,False,False
714,False,0,0.0,CESC,BRCA,CESC,CESC,True,False,False
715,False,0,0.0,OV,BRCA,OV,OV,True,False,False
716,False,0,0.0,KIPAN,BRCA,KIPAN,KIPAN,True,False,False
717,False,0,0.0,STES,BRCA,STES,STES,True,False,False
718,False,0,0.0,TGCT,BRCA,TGCT,TGCT,True,False,False
719,False,0,0.0,KIRC,BRCA,KIRC,PRAD,False,False,False
720,False,0,0.0,LUSC,BRCA,LUSC,LUSC,True,False,False
721,False,0,0.0,COAD,BRCA,COAD,STES,False,False,False
722,False,0,0.0,KIPAN,BRCA,KIPAN,KIPAN,True,False,False
723,False,0,0.0,ACC,BRCA,ACC,ACC,True,False,False
724,True,1,1.0,GBMLGG,LGG,GBMLGG,GBMLGG,True,False,True
725,False,0,0.0,BRCA,BRCA,BRCA,OV,False,False,False
726,False,0,0.0,PRAD,BRCA,PRAD,BRCA,False,False,False
727,True,1,1.0,LGG,GBMLGG,GBMLGG,LGG,True,False,True
728,True,1,1.0,KIRC,KIPAN,KIRC,KIRC,True,False,True
729,False,0,0.0,BRCA,BRCA,BRCA,PCPG,False,False,False
730,False,0,0.0,THCA,BRCA,THCA,THCA,True,False,False
731,False,0,0.0,BRCA,BRCA,BRCA,BRCA,True,False,False
732,False,0,0.0,STES,BRCA,STES,STES,True,False,False
733,False,0,0.0,STES,BRCA,STES,GBMLGG,False,False,False
734,False,0,0.0,ACC,BRCA,ACC,ACC,True,False,False
735,False,0,0.0,OV,BRCA,OV,STES,False,False,False
736,False,0,0.0,LUAD,BRCA,LUAD,LUAD,True,False,False
737,False,0,0.0,KIPAN,BRCA,KIPAN,STES,False,False,False
738,False,0,0.0,HNSC,BRCA,HNSC,HNSC,True,False,False
739,False,0,0.0,LUSC,BRCA,LUSC,LUSC,True,False,False
740,True,1,1.0,KIRC,KIRC,KIRC,KIPAN,False,False,False
741,False,0,0.0,THCA,BRCA,THCA,THCA,True,False,False
742,False,0,0.0,STES,BRCA,STES,LUSC,False,False,False
743,False,0,0.0,STES,BRCA,STES,STES,True,False,False
744,False,0,0.0,PRAD,BRCA,PRAD,PRAD,True,False,False
745,False,0,0.0,BRCA,BRCA,BRCA,BRCA,True,False,False
746,False,0,0.0,LUSC,BRCA,LUSC,LUSC,True,False,False
747,False,0,0.0,UCEC,BRCA,UCEC,UCEC,True,False,False
748,False,0,0.0,STES,BRCA,STES,OV,False,False,False
749,False,0,0.0,OV,BRCA,OV,BRCA,False,False,False
750,False,0,0.0,THYM,BRCA,THYM,CESC,False,False,False
751,False,0,0.0,BRCA,BRCA,BRCA,BRCA,True,False,False
752,False,0,0.0,LAML,BRCA,LAML,LAML,True,False,False
753,False,0,0.0,COAD,BRCA,COAD,STES,False,False,False
754,True,1,1.0,KIPAN,KIRC,KIPAN,KIPAN,True,False,True
755,False,0,0.0,SKCM,BRCA,SKCM,SKCM,True,False,False
756,False,0,0.0,GBMLGG,BRCA,GBMLGG,LIHC,False,False,False
757,False,0,0.0,UCEC,BRCA,UCEC,UCEC,True,False,False
758,False,0,0.0,BRCA,BRCA,BRCA,BRCA,True,False,False
759,False,0,0.0,LAML,BRCA,LAML,SARC,False,False,False
760,False,0,0.0,STES,BRCA,STES,LIHC,False,False,False
761,False,0,0.0,THCA,BRCA,THCA,THCA,True,False,False
762,False,0,0.0,LAML,BRCA,LAML,LAML,True,False,False
763,True,1,1.0,LGG,GBMLGG,LGG,LGG,True,False,True
764,False,0,0.0,PCPG,BRCA,PCPG,BRCA,False,False,False
765,False,0,0.0,SARC,BRCA,SARC,SARC,True,False,False
766,False,0,0.0,STES,BRCA,STES,STES,True,False,False
767,False,0,0.0,ACC,BRCA,ACC,ACC,True,False,False
768,False,0,0.0,BRCA,BRCA,BRCA,OV,False,False,False
769,False,0,0.0,BRCA,BRCA,BRCA,BRCA,True,False,False
770,False,0,0.0,HNSC,BRCA,HNSC,HNSC,True,False,False
771,False,0,0.0,PCPG,BRCA,PCPG,PCPG,True,False,False
772,False,0,0.0,BRCA,BRCA,BRCA,BRCA,True,False,False
773,False,0,0.0,BLCA,BRCA,BLCA,BLCA,True,False,False
774,False,0,0.0,OV,BRCA,OV,BRCA,False,False,False
775,False,0,0.0,LUAD,BRCA,LUAD,LUAD,True,False,False
776,True,1,1.0,LGG,LGG,LGG,GBMLGG,False,False,False
777,False,0,0.0,PRAD,BRCA,PRAD,GBMLGG,False,False,False
778,False,0,0.0,BLCA,BRCA,BLCA,BLCA,True,False,False
779,True,1,1.0,KIRC,KIPAN,KIPAN,KIRC,True,False,True
780,False,0,0.0,PAAD,BRCA,PAAD,PAAD,True,False,False
781,False,0,0.0,THYM,BRCA,THYM,CESC,False,False,False
782,False,0,0.0,BRCA,BRCA,BRCA,BRCA,True,False,False
783,False,0,0.0,STES,BRCA,STES,BRCA,False,False,False
784,False,0,0.0,COAD,BRCA,COAD,COAD,True,False,False
785,True,1,1.0,LGG,LGG,LGG,GBMLGG,False,False,False
786,False,0,0.0,KIPAN,BRCA,KIPAN,TGCT,False,False,False
787,True,1,1.0,KIRC,KIPAN,KIRC,KIRC,True,False,True
788,False,0,0.0,PRAD,BRCA,PRAD,KIPAN,False,False,False
789,False,0,0.0,OV,BRCA,OV,OV,True,False,False
790,True,1,1.0,GBMLGG,LGG,GBMLGG,GBMLGG,True,False,True
791,False,0,0.0,BRCA,BRCA,BRCA,BRCA,True,False,False
792,False,0,0.0,GBMLGG,BRCA,GBMLGG,LGG,False,False,False
793,False,0,0.0,OV,BRCA,OV,OV,True,False,False
794,False,0,0.0,COAD,BRCA,COAD,COAD,True,False,False
795,False,0,0.0,OV,BRCA,OV,UCEC,False,False,False
796,False,0,0.0,KIPAN,BRCA,KIPAN,KIRC,False,False,False
797,False,0,0.0,LUAD,BRCA,LUAD,TGCT,False,False,False
798,False,0,0.0,SKCM,BRCA,SKCM,SKCM,True,False,False
799,True,1,1.0,KIPAN,KIRC,KIPAN,KIPAN,True,False,True
800,False,0,0.0,BRCA,BRCA,BRCA,STES,False,False,False
801,False,0,0.0,LAML,BRCA,LAML,LAML,True,False,False
802,True,1,1.0,LGG,GBMLGG,LGG,LGG,True,False,True
803,False,0,0.0,UCEC,BRCA,UCEC,UCEC,True,False,False
804,False,0,0.0,PRAD,BRCA,PRAD,THCA,False,False,False
805,True,1,1.0,GBMLGG,LGG,GBMLGG,GBMLGG,True,False,True
806,True,1,1.0,KIPAN,KIRC,KIPAN,KIPAN,True,False,True
807,False,0,0.0,SKCM,BRCA,SKCM,SKCM,True,False,False
808,False,0,0.0,LGG,BRCA,LGG,GBMLGG,False,False,False
809,False,0,0.0,BRCA,BRCA,BRCA,BRCA,True,False,False
810,False,0,0.0,THCA,BRCA,THCA,PCPG,False,False,False
811,True,15,0.9333333333333333,THCA,THCA,THCA,THCA,True,False,False
812,False,0,0.0,GBMLGG,BRCA,GBMLGG,GBMLGG,True,False,False
813,False,0,0.0,THYM,BRCA,THYM,LAML,False,False,False
814,False,0,0.0,LIHC,BRCA,LIHC,UCEC,False,False,False
815,False,0,0.0,PRAD,BRCA,PRAD,THYM,False,False,False
816,False,0,0.0,COAD,BRCA,COAD,COAD,True,False,False
817,False,0,0.0,KIRC,BRCA,KIRC,STES,False,False,False
818,False,0,0.0,SARC,BRCA,SARC,THCA,False,False,False
819,False,0,0.0,PCPG,BRCA,PCPG,PCPG,True,False,False
820,False,0,0.0,ACC,BRCA,ACC,ACC,True,False,False
821,False,0,0.0,BLCA,BRCA,BLCA,BLCA,True,False,False
822,False,0,0.0,PRAD,BRCA,PRAD,PRAD,True,False,False
823,False,0,0.0,PRAD,BRCA,PRAD,KIRC,False,False,False
824,False,0,0.0,TGCT,BRCA,TGCT,TGCT,True,False,False
825,False,0,0.0,THYM,BRCA,THYM,BRCA,False,False,False
826,False,0,0.0,LUSC,BRCA,LUSC,LUSC,True,False,False
827,False,0,0.0,UCEC,BRCA,UCEC,UCEC,True,False,False
828,False,0,0.0,BRCA,BRCA,BRCA,GBMLGG,False,False,False
829,True,1,1.0,KIRC,KIPAN,KIRC,KIRC,True,False,True
830,False,0,0.0,TGCT,BRCA,TGCT,TGCT,True,False,False
831,False,0,0.0,KIPAN,BRCA,KIPAN,KIPAN,True,False,False
832,False,0,0.0,LIHC,BRCA,LIHC,GBMLGG,False,False,False
833,True,2,0.5,KIRC,KIPAN,KIRC,KIPAN,False,True,False
834,False,0,0.0,SARC,BRCA,SARC,OV,False,False,False
835,True,1,1.0,KIPAN,KIRC,KIPAN,KIPAN,True,False,True
836,False,0,0.0,OV,BRCA,OV,BRCA,False,False,False
837,False,0,0.0,GBMLGG,BRCA,GBMLGG,GBMLGG,True,False,False
838,False,0,0.0,PRAD,BRCA,PRAD,PRAD,True,False,False
839,False,0,0.0,HNSC,BRCA,HNSC,HNSC,True,False,False
840,False,0,0.0,PAAD,BRCA,PAAD,DLBC,False,False,False
841,True,1,1.0,KIRC,KIPAN,KIRC,KIRC,True,False,True
842,False,0,0.0,COAD,BRCA,COAD,COAD,True,False,False
843,False,0,0.0,SKCM,BRCA,SKCM,SKCM,True,False,False
844,False,0,0.0,LAML,BRCA,LAML,THCA,False,False,False
845,False,0,0.0,UCEC,BRCA,UCEC,UCEC,True,False,False
846,False,0,0.0,HNSC,BRCA,HNSC,BLCA,False,False,False
847,False,0,0.0,LIHC,BRCA,LIHC,LIHC,True,False,False
848,False,0,0.0,OV,BRCA,OV,SARC,False,False,False
849,False,0,0.0,COAD,BRCA,COAD,COAD,True,False,False
850,True,1,1.0,KIPAN,KIRC,KIPAN,KIPAN,True,False,True
851,False,0,0.0,BRCA,BRCA,BRCA,STES,False,False,False
852,False,0,0.0,GBMLGG,BRCA,GBMLGG,LGG,False,False,False
853,False,0,0.0,PCPG,BRCA,PCPG,PRAD,False,False,False
854,True,1,1.0,GBMLGG,GBMLGG,GBMLGG,LGG,False,False,False
855,False,0,0.0,LAML,BRCA,LAML,THCA,False,False,False
856,True,1,1.0,KIRC,KIPAN,KIRC,KIRC,True,False,True
857,False,0,0.0,SKCM,BRCA,SKCM,SKCM,True,False,False
858,False,0,0.0,BRCA,BRCA,BRCA,CESC,False,False,False
859,False,0,0.0,BLCA,BRCA,BLCA,BLCA,True,False,False
860,False,0,0.0,OV,BRCA,OV,UCEC,False,False,False
861,False,0,0.0,LUSC,BRCA,LUSC,LUSC,True,False,False
862,False,0,0.0,BRCA,BRCA,BRCA,LUAD,False,False,False
863,False,0,0.0,STES,BRCA,STES,BLCA,False,False,False
864,False,0,0.0,STES,BRCA,STES,STES,True,False,False
865,False,0,0.0,BRCA,BRCA,BRCA,SARC,False,False,False
866,False,0,0.0,OV,BRCA,OV,OV,True,False,False
867,True,1,1.0,KIPAN,KIRC,KIPAN,KIPAN,True,False,True
868,False,0,0.0,HNSC,BRCA,HNSC,STES,False,False,False
869,False,0,0.0,GBMLGG,BRCA,GBMLGG,GBMLGG,True,False,False
870,True,1,1.0,KIRC,KIPAN,KIRC,KIRC,True,False,True
871,False,0,0.0,BRCA,BRCA,BRCA,BRCA,True,False,False
872,False,0,0.0,TGCT,BRCA,TGCT,SKCM,False,False,False
873,False,0,0.0,LUAD,BRCA,LUAD,LUSC,False,False,False
874,False,0,0.0,CESC,BRCA,CESC,CESC,True,False,False
875,False,0,0.0,BLCA,BRCA,BLCA,BLCA,True,False,False
876,False,0,0.0,LAML,BRCA,LAML,LAML,True,False,False
877,False,0,0.0,SKCM,BRCA,SKCM,SKCM,True,False,False
878,False,0,0.0,KIPAN,BRCA,KIPAN,KIPAN,True,False,False
879,False,0,0.0,THYM,BRCA,THYM,GBMLGG,False,False,False
880,False,0,0.0,TGCT,BRCA,TGCT,TGCT,True,False,False
881,False,0,0.0,PRAD,BRCA,PRAD,SARC,False,False,False
882,False,0,0.0,BRCA,BRCA,BRCA,BRCA,True,False,False
883,False,0,0.0,BRCA,BRCA,BRCA,COAD,False,False,False
884,False,0,0.0,PAAD,BRCA,PAAD,PAAD,True,False,False
885,False,0,0.0,TGCT,BRCA,TGCT,TGCT,True,False,False
886,True,1,1.0,KIRC,KIPAN,KIPAN,KIRC,True,False,True
887,False,0,0.0,CESC,BRCA,CESC,LUAD,False,False,False
888,False,0,0.0,OV,BRCA,OV,KIPAN,False,False,False
889,False,0,0.0,SKCM,BRCA,SKCM,SKCM,True,False,False
890,False,0,0.0,ACC,BRCA,ACC,ACC,True,False,False
891,False,0,0.0,THYM,BRCA,THYM,THCA,False,False,False
892,False,0,0.0,OV,BRCA,OV,LGG,False,False,False
893,True,1,1.0,LGG,GBMLGG,LGG,LGG,True,False,True
894,False,0,0.0,THYM,BRCA,THYM,THYM,True,False,False
895,False,0,0.0,THYM,BRCA,THYM,LAML,False,False,False
896,False,0,0.0,BRCA,BRCA,BRCA,OV,False,False,False
897,False,0,0.0,STES,BRCA,STES,PRAD,False,False,False
898,False,0,0.0,CESC,BRCA,CESC,SARC,False,False,False
899,False,0,0.0,SKCM,BRCA,SKCM,SKCM,True,False,False
900,False,0,0.0,KIRC,BRCA,KIRC,KIPAN,False,False,False
901,False,0,0.0,GBMLGG,BRCA,GBMLGG,LUSC,False,False,False
902,False,0,0.0,BRCA,BRCA,BRCA,BRCA,True,False,False
903,False,0,0.0,OV,BRCA,OV,OV,True,False,False
904,False,0,0.0,GBMLGG,BRCA,GBMLGG,LGG,False,False,False
905,True,1,1.0,KIPAN,KIRC,KIPAN,KIPAN,True,False,True
906,False,0,0.0,CESC,BRCA,CESC,CESC,True,False,False
907,False,0,0.0,STES,BRCA,STES,COAD,False,False,False
908,False,0,0.0,BRCA,BRCA,BRCA,PRAD,False,False,False
909,False,0,0.0,LAML,BRCA,LAML,THYM,False,False,False
910,False,0,0.0,KIRC,BRCA,KIRC,THYM,False,False,False
911,False,0,0.0,COAD,BRCA,COAD,COAD,True,False,False
912,False,0,0.0,STES,BRCA,STES,BRCA,False,False,False
913,False,0,0.0,THYM,BRCA,THYM,PRAD,False,False,False
914,False,0,0.0,BRCA,BRCA,BRCA,BRCA,True,False,False
915,False,0,0.0,THCA,BRCA,THCA,THCA,True,False,False
916,False,0,0.0,THYM,BRCA,THYM,PCPG,False,False,False
917,False,0,0.0,LUSC,BRCA,LUSC,HNSC,False,False,False
918,False,0,0.0,BRCA,BRCA,BRCA,BRCA,True,False,False
919,False,0,0.0,THYM,BRCA,THYM,BRCA,False,False,False
920,False,0,0.0,OV,BRCA,OV,OV,True,False,False
921,False,0,0.0,STES,BRCA,STES,STES,True,False,False
922,False,0,0.0,GBMLGG,BRCA,GBMLGG,GBMLGG,True,False,False
923,False,0,0.0,LUSC,BRCA,LUSC,LUSC,True,False,False
924,False,0,0.0,KIPAN,BRCA,KIPAN,KIPAN,True,False,False
925,False,0,0.0,KIPAN,BRCA,KIPAN,PCPG,False,False,False
926,False,0,0.0,PRAD,BRCA,PRAD,THYM,False,False,False
927,False,0,0.0,COAD,BRCA,COAD,COAD,True,False,False
928,False,0,0.0,SKCM,BRCA,SKCM,SKCM,True,False,False
929,False,0,0.0,PRAD,BRCA,PRAD,KIRC,False,False,False
930,False,0,0.0,BRCA,BRCA,BRCA,BRCA,True,False,False
931,False,0,0.0,COAD,BRCA,COAD,HNSC,False,False,False
932,False,0,0.0,STES,BRCA,STES,STES,True,False,False
933,False,0,0.0,COAD,BRCA,COAD,COAD,True,False,False
934,False,0,0.0,LIHC,BRCA,LIHC,BLCA,False,False,False
935,False,0,0.0,HNSC,BRCA,HNSC,BLCA,False,False,False
936,False,0,0.0,BRCA,BRCA,BRCA,BRCA,True,False,False
937,False,0,0.0,THYM,BRCA,THYM,THYM,True,False,False
938,False,0,0.0,KIPAN,BRCA,KIPAN,KIPAN,True,False,False
939,False,0,0.0,KIRC,BRCA,KIRC,TGCT,False,False,False
940,False,0,0.0,PRAD,BRCA,PRAD,PCPG,False,False,False
941,False,0,0.0,SKCM,BRCA,SKCM,SKCM,True,False,False
942,False,0,0.0,PRAD,BRCA,PRAD,PRAD,True,False,False
943,False,0,0.0,BRCA,BRCA,BRCA,OV,False,False,False
944,False,0,0.0,SKCM,BRCA,SKCM,SKCM,True,False,False
945,True,1,1.0,KIRC,KIPAN,KIPAN,KIRC,True,False,True
946,False,0,0.0,LUSC,BRCA,LUSC,LUSC,True,False,False
947,False,0,0.0,UCEC,BRCA,UCEC,UCEC,True,False,False
948,False,0,0.0,SKCM,BRCA,SKCM,SKCM,True,False,False
949,False,0,0.0,LIHC,BRCA,LIHC,LIHC,True,False,False
950,False,0,0.0,BRCA,BRCA,BRCA,BRCA,True,False,False
951,False,0,0.0,GBMLGG,BRCA,GBMLGG,CESC,False,False,False
952,False,0,0.0,STES,BRCA,STES,BRCA,False,False,False
953,False,0,0.0,UCEC,BRCA,UCEC,COAD,False,False,False
954,False,0,0.0,LIHC,BRCA,LIHC,KIPAN,False,False,False
955,False,0,0.0,PCPG,BRCA,PCPG,THCA,False,False,False
956,True,1,1.0,LGG,LGG,LGG,GBMLGG,False,False,False
957,False,0,0.0,OV,BRCA,OV,PRAD,False,False,False
958,False,0,0.0,GBMLGG,BRCA,GBMLGG,GBMLGG,True,False,False
959,False,0,0.0,STES,BRCA,STES,STES,True,False,False
960,False,0,0.0,TGCT,BRCA,TGCT,GBMLGG,False,False,False
961,False,0,0.0,COAD,BRCA,COAD,STES,False,False,False
962,False,0,0.0,PCPG,BRCA,PCPG,PCPG,True,False,False
963,False,0,0.0,BRCA,BRCA,BRCA,SKCM,False,False,False
964,False,0,0.0,THCA,BRCA,THCA,THCA,True,False,False
965,False,0,0.0,UCEC,BRCA,UCEC,UCEC,True,False,False
966,False,0,0.0,LGG,BRCA,LGG,LGG,True,False,False
967,False,0,0.0,CESC,BRCA,CESC,HNSC,False,False,False
968,False,0,0.0,BRCA,BRCA,BRCA,THCA,False,False,False
969,False,0,0.0,HNSC,BRCA,HNSC,BLCA,False,False,False
970,False,0,0.0,SKCM,BRCA,SKCM,SKCM,True,False,False
971,False,0,0.0,STES,BRCA,STES,LIHC,False,False,False
972,False,0,0.0,KIPAN,BRCA,KIPAN,KIPAN,True,False,False
973,False,0,0.0,BRCA,BRCA,BRCA,CESC,False,False,False
974,False,0,0.0,PRAD,BRCA,PRAD,THCA,False,False,False
975,False,0,0.0,SARC,BRCA,SARC,CESC,False,False,False
976,False,0,0.0,THCA,BRCA,THCA,THCA,True,False,False
977,True,1,1.0,KIRC,KIPAN,KIRC,KIRC,True,False,True
978,False,0,0.0,LUAD,BRCA,LUAD,STES,False,False,False
979,False,0,0.0,BRCA,BRCA,BRCA,OV,False,False,False
980,False,0,0.0,TGCT,BRCA,TGCT,TGCT,True,False,False
981,False,0,0.0,LGG,BRCA,LGG,LGG,True,False,False
982,False,0,0.0,UCEC,BRCA,UCEC,UCEC,True,False,False
983,False,0,0.0,KIPAN,BRCA,KIPAN,KIPAN,True,False,False
984,False,0,0.0,COAD,BRCA,COAD,COAD,True,False,False
985,False,0,0.0,KIPAN,BRCA,KIPAN,KIPAN,True,False,False
986,True,1,1.0,LAML,LGG,LGG,GBMLGG,False,False,False
987,True,1,1.0,GBMLGG,KIRC,GBMLGG,KIPAN,False,False,False
988,False,0,0.0,BRCA,BRCA,BRCA,UCEC,False,False,False
989,False,0,0.0,STES,BRCA,STES,STES,True,False,False
990,False,0,0.0,LUSC,BRCA,LUSC,LUSC,True,False,False
991,False,0,0.0,OV,BRCA,OV,OV,True,False,False
992,False,0,0.0,PCPG,BRCA,PCPG,PRAD,False,False,False
993,False,0,0.0,STES,BRCA,STES,UCEC,False,False,False
994,False,0,0.0,BRCA,BRCA,BRCA,BRCA,True,False,False
995,False,0,0.0,GBMLGG,BRCA,GBMLGG,GBMLGG,True,False,False
996,False,0,0.0,SKCM,BRCA,SKCM,SKCM,True,False,False
997,False,0,0.0,PRAD,BRCA,PRAD,PCPG,False,False,False
998,False,0,0.0,LIHC,BRCA,LIHC,LIHC,True,False,False
999,False,0,0.0,COAD,BRCA,COAD,COAD,True,False,False
1000,False,0,0.0,BRCA,BRCA,BRCA,BRCA,True,False,False
1001,False,0,0.0,LGG,BRCA,LGG,PRAD,False,False,False
1002,False,0,0.0,CESC,BRCA,CESC,CESC,True,False,False
1003,True,1,1.0,KIPAN,KIRC,KIPAN,KIPAN,True,False,True
1004,False,0,0.0,BLCA,BRCA,BLCA,BRCA,False,False,False
1005,False,0,0.0,CESC,BRCA,CESC,CESC,True,False,False
1006,False,0,0.0,KIRC,BRCA,KIRC,PCPG,False,False,False
1007,False,0,0.0,THYM,BRCA,THYM,LAML,False,False,False
1008,False,0,0.0,BRCA,BRCA,BRCA,BRCA,True,False,False
1009,False,0,0.0,BRCA,BRCA,BRCA,OV,False,False,False
1010,False,0,0.0,LIHC,BRCA,LIHC,LIHC,True,False,False
1011,False,0,0.0,GBMLGG,BRCA,GBMLGG,PAAD,False,False,False
1012,False,0,0.0,LUSC,BRCA,LUSC,LUSC,True,False,False
1013,False,0,0.0,STES,BRCA,STES,BRCA,False,False,False
1014,False,0,0.0,SKCM,BRCA,SKCM,SKCM,True,False,False
1015,False,0,0.0,COAD,BRCA,COAD,BRCA,False,False,False
1016,False,0,0.0,LUSC,BRCA,LUSC,LUSC,True,False,False
1017,True,1,1.0,KIRC,KIPAN,KIRC,KIRC,True,False,True
1018,False,0,0.0,PCPG,BRCA,PCPG,KIPAN,False,False,False
1019,False,0,0.0,COAD,BRCA,COAD,COAD,True,False,False
1020,False,0,0.0,HNSC,BRCA,HNSC,CESC,False,False,False
1021,False,0,0.0,LGG,BRCA,LGG,GBMLGG,False,False,False
1022,True,1,1.0,KIRC,KIPAN,KIRC,KIRC,True,False,True
1023,False,0,0.0,OV,BRCA,OV,LAML,False,False,False
1024,False,0,0.0,BRCA,BRCA,BRCA,SARC,False,False,False
1025,False,0,0.0,STES,BRCA,STES,STES,True,False,False
1026,False,0,0.0,SARC,BRCA,SARC,PCPG,False,False,False
1027,True,1,1.0,LGG,GBMLGG,LGG,LGG,True,False,True
1028,False,0,0.0,PRAD,BRCA,PRAD,BRCA,False,False,False
1029,False,0,0.0,BRCA,BRCA,BRCA,BRCA,True,False,False
1030,False,0,0.0,LUSC,BRCA,LUSC,LUSC,True,False,False
1031,True,1,1.0,KIRC,KIPAN,KIRC,KIRC,True,False,True
1032,True,1,1.0,KIPAN,KIRC,KIPAN,KIPAN,True,False,True
1033,False,0,0.0,KIPAN,BRCA,KIPAN,GBMLGG,False,False,False
1034,False,0,0.0,BLCA,BRCA,BLCA,BLCA,True,False,False
1035,False,0,0.0,LUSC,BRCA,LUSC,LUAD,False,False,False
1036,False,0,0.0,OV,BRCA,OV,OV,True,False,False
1037,False,0,0.0,PAAD,BRCA,PAAD,STES,False,False,False
1038,False,0,0.0,UCEC,BRCA,UCEC,UCEC,True,False,False
1039,False,0,0.0,HNSC,BRCA,HNSC,HNSC,True,False,False
1040,False,0,0.0,PRAD,BRCA,PRAD,BRCA,False,False,False
1041,False,0,0.0,KIPAN,BRCA,KIPAN,LIHC,False,False,False
1042,False,0,0.0,CESC,BRCA,CESC,CESC,True,False,False
1043,False,0,0.0,STES,BRCA,STES,LIHC,False,False,False
1044,False,0,0.0,SKCM,BRCA,SKCM,SKCM,True,False,False
1045,False,0,0.0,THCA,BRCA,THCA,COAD,False,False,False
1046,False,0,0.0,GBMLGG,BRCA,GBMLGG,SARC,False,False,False
1047,False,0,0.0,STES,BRCA,STES,DLBC,False,False,False
1048,False,0,0.0,OV,BRCA,OV,LIHC,False,False,False
1049,False,0,0.0,THYM,BRCA,THYM,BRCA,False,False,False
1050,False,0,0.0,KIPAN,BRCA,KIPAN,PRAD,False,False,False
1051,False,0,0.0,PAAD,BRCA,PAAD,PAAD,True,False,False
1052,False,0,0.0,KIRC,BRCA,KIRC,KIPAN,False,False,False
1053,False,0,0.0,LUAD,BRCA,LUAD,LUAD,True,False,False
1054,False,0,0.0,STES,BRCA,STES,SARC,False,False,False
1055,False,0,0.0,KIRC,BRCA,KIRC,OV,False,False,False
1056,True,1,1.0,LGG,GBMLGG,LGG,LGG,True,False,True
1057,False,0,0.0,PCPG,BRCA,PCPG,LAML,False,False,False
1058,False,0,0.0,LGG,BRCA,LGG,GBMLGG,False,False,False
1059,False,0,0.0,GBMLGG,BRCA,GBMLGG,LIHC,False,False,False
1060,False,0,0.0,STES,BRCA,STES,PAAD,False,False,False
1061,True,1,1.0,GBMLGG,LGG,LGG,GBMLGG,True,False,True
1062,False,0,0.0,LGG,BRCA,LGG,GBMLGG,False,False,False
1063,False,0,0.0,KIRC,BRCA,KIRC,KIPAN,False,False,False
1064,False,0,0.0,PRAD,BRCA,PRAD,PRAD,True,False,False
1065,True,1,1.0,GBMLGG,GBMLGG,GBMLGG,LGG,False,False,False
1066,True,1,1.0,KIRC,KIPAN,KIRC,KIRC,True,False,True
1067,False,0,0.0,PRAD,BRCA,PRAD,PRAD,True,False,False
1068,False,0,0.0,TGCT,BRCA,TGCT,STES,False,False,False
1069,True,1,1.0,GBMLGG,GBMLGG,GBMLGG,LGG,False,False,False
1070,False,0,0.0,BRCA,BRCA,BRCA,BRCA,True,False,False
1071,False,0,0.0,KIRC,BRCA,KIRC,PRAD,False,False,False
1072,False,0,0.0,PAAD,BRCA,PAAD,PAAD,True,False,False
1073,True,1,1.0,THYM,KIPAN,THYM,KIRC,False,False,False
1074,False,0,0.0,HNSC,BRCA,HNSC,HNSC,True,False,False
1075,False,0,0.0,LIHC,BRCA,LIHC,PAAD,False,False,False
1076,False,0,0.0,HNSC,BRCA,HNSC,BRCA,False,False,False
1077,False,0,0.0,PRAD,BRCA,PRAD,SARC,False,False,False
1078,False,0,0.0,LUSC,BRCA,LUSC,HNSC,False,False,False
1079,False,0,0.0,BRCA,BRCA,BRCA,OV,False,False,False
1080,False,0,0.0,BRCA,BRCA,BRCA,BRCA,True,False,False
1081,False,0,0.0,LUSC,BRCA,LUSC,LUAD,False,False,False
1082,False,0,0.0,SKCM,BRCA,SKCM,SKCM,True,False,False
1083,False,0,0.0,KIPAN,BRCA,KIPAN,KIPAN,True,False,False
1084,False,0,0.0,PRAD,BRCA,PRAD,CESC,False,False,False
1085,False,0,0.0,SKCM,BRCA,SKCM,SKCM,True,False,False
1086,False,0,0.0,STES,BRCA,STES,LUAD,False,False,False
1087,False,0,0.0,KIRC,BRCA,KIRC,PRAD,False,False,False
1088,False,0,0.0,LUSC,BRCA,LUSC,HNSC,False,False,False
1089,False,0,0.0,PRAD,BRCA,PRAD,PRAD,True,False,False
1090,False,0,0.0,THCA,BRCA,THCA,THCA,True,False,False
1091,False,0,0.0,SKCM,BRCA,SKCM,SKCM,True,False,False
1092,False,0,0.0,LAML,BRCA,LAML,THYM,False,False,False
1093,True,1,1.0,LGG,GBMLGG,LGG,LGG,True,False,True
1094,False,0,0.0,LGG,BRCA,LGG,GBMLGG,False,False,False
1095,False,0,0.0,STES,BRCA,STES,BRCA,False,False,False
1096,False,0,0.0,THCA,BRCA,THCA,THCA,True,False,False
1097,False,0,0.0,STES,BRCA,STES,STES,True,False,False
1098,False,0,0.0,HNSC,BRCA,HNSC,HNSC,True,False,False
1099,False,0,0.0,STES,BRCA,STES,STES,True,False,False
1100,False,0,0.0,PRAD,BRCA,PRAD,SARC,False,False,False
1101,False,0,0.0,BRCA,BRCA,BRCA,LUAD,False,False,False
1102,False,0,0.0,OV,BRCA,OV,OV,True,False,False
1103,False,0,0.0,PRAD,BRCA,PRAD,PRAD,True,False,False
1104,False,0,0.0,PCPG,BRCA,PCPG,OV,False,False,False
1105,True,1,1.0,GBMLGG,LGG,GBMLGG,GBMLGG,True,False,True
1106,False,0,0.0,BRCA,BRCA,BRCA,BRCA,True,False,False
1107,False,0,0.0,GBMLGG,BRCA,GBMLGG,LAML,False,False,False
1108,False,0,0.0,LUSC,BRCA,LUSC,LUSC,True,False,False
1109,False,0,0.0,STES,BRCA,STES,STES,True,False,False
1110,False,0,0.0,STES,BRCA,STES,LUSC,False,False,False
1111,False,0,0.0,LAML,BRCA,LAML,LAML,True,False,False
1112,False,0,0.0,CESC,BRCA,CESC,HNSC,False,False,False
1113,False,0,0.0,ACC,BRCA,ACC,ACC,True,False,False
1114,False,0,0.0,SKCM,BRCA,SKCM,SKCM,True,False,False
1115,False,0,0.0,HNSC,BRCA,HNSC,HNSC,True,False,False
1116,False,0,0.0,KIPAN,BRCA,KIPAN,DLBC,False,False,False
1117,False,0,0.0,BRCA,BRCA,BRCA,BRCA,True,False,False
1118,True,1,1.0,LGG,GBMLGG,LGG,LGG,True,False,True
1119,False,0,0.0,BRCA,BRCA,BRCA,BRCA,True,False,False
1120,False,0,0.0,STES,BRCA,STES,STES,True,False,False
1121,False,0,0.0,THYM,BRCA,THYM,THCA,False,False,False
1122,False,0,0.0,SKCM,BRCA,SKCM,SKCM,True,False,False
1123,False,0,0.0,PRAD,BRCA,PRAD,PRAD,True,False,False
1124,False,0,0.0,GBMLGG,BRCA,GBMLGG,GBMLGG,True,False,False
1125,False,0,0.0,TGCT,BRCA,TGCT,CESC,False,False,False
1126,True,1,1.0,KIRC,KIPAN,KIRC,KIRC,True,False,True
1127,False,0,0.0,SARC,BRCA,SARC,GBMLGG,False,False,False
1128,False,0,0.0,SKCM,BRCA,SKCM,SKCM,True,False,False
1129,True,1,1.0,GBMLGG,LGG,GBMLGG,GBMLGG,True,False,True
1130,False,0,0.0,STES,BRCA,STES,STES,True,False,False
1131,False,0,0.0,COAD,BRCA,COAD,COAD,True,False,False
1132,False,0,0.0,LUAD,BRCA,LUAD,BRCA,False,False,False
1133,False,0,0.0,GBMLGG,BRCA,GBMLGG,OV,False,False,False
1134,False,0,0.0,LIHC,BRCA,LIHC,SKCM,False,False,False
1135,False,0,0.0,SARC,BRCA,SARC,PCPG,False,False,False
1136,False,0,0.0,PAAD,BRCA,PAAD,STES,False,False,False
1137,False,0,0.0,BRCA,BRCA,BRCA,KIPAN,False,False,False
1138,False,0,0.0,BRCA,BRCA,BRCA,BRCA,True,False,False
1139,False,0,0.0,BRCA,BRCA,BRCA,BRCA,True,False,False
1140,False,0,0.0,LAML,BRCA,LAML,LAML,True,False,False
1141,False,0,0.0,BRCA,BRCA,BRCA,BRCA,True,False,False
1142,False,0,0.0,BRCA,BRCA,BRCA,BRCA,True,False,False
1143,True,1,1.0,KIRC,KIPAN,KIPAN,KIRC,True,False,True
1144,False,0,0.0,PRAD,BRCA,PRAD,BRCA,False,False,False
1145,False,0,0.0,GBMLGG,BRCA,GBMLGG,LGG,False,False,False
1146,False,0,0.0,BRCA,BRCA,BRCA,KIPAN,False,False,False
1147,False,0,0.0,LUSC,BRCA,LUSC,LUSC,True,False,False
1148,False,0,0.0,PAAD,BRCA,PAAD,COAD,False,False,False
1149,False,0,0.0,LUAD,BRCA,LUAD,OV,False,False,False
1150,False,0,0.0,SARC,BRCA,SARC,STES,False,False,False
1151,False,0,0.0,LUSC,BRCA,LUSC,LUSC,True,False,False
1152,True,1,1.0,KIPAN,KIRC,KIPAN,KIPAN,True,False,True
1153,False,0,0.0,GBMLGG,BRCA,GBMLGG,GBMLGG,True,False,False
1154,False,0,0.0,KIRC,BRCA,KIRC,PCPG,False,False,False
1155,False,0,0.0,PRAD,BRCA,PRAD,BRCA,False,False,False
1156,True,1,1.0,KIRC,KIPAN,KIRC,KIRC,True,False,True
1157,False,0,0.0,STES,BRCA,STES,DLBC,False,False,False
1158,False,0,0.0,PCPG,BRCA,PCPG,THCA,False,False,False
1159,False,0,0.0,STES,BRCA,STES,STES,True,False,False
1160,False,0,0.0,CESC,BRCA,CESC,CESC,True,False,False
1161,False,0,0.0,STES,BRCA,STES,OV,False,False,False
1162,False,0,0.0,LUSC,BRCA,LUSC,LIHC,False,False,False
1163,False,0,0.0,LAML,BRCA,LAML,BRCA,False,False,False
1164,False,0,0.0,SARC,BRCA,SARC,SARC,True,False,False
1165,False,0,0.0,PAAD,BRCA,PAAD,OV,False,False,False
1166,False,0,0.0,OV,BRCA,OV,OV,True,False,False
1167,False,0,0.0,PAAD,BRCA,PAAD,COAD,False,False,False
1168,False,0,0.0,HNSC,BRCA,HNSC,DLBC,False,False,False
1169,False,0,0.0,LIHC,BRCA,LIHC,LIHC,True,False,False
1170,False,0,0.0,LUSC,BRCA,LUSC,LUSC,True,False,False
1171,False,0,0.0,BRCA,BRCA,BRCA,BRCA,True,False,False
1172,False,0,0.0,BRCA,BRCA,BRCA,BRCA,True,False,False
1173,False,0,0.0,STES,BRCA,STES,STES,True,False,False
1174,False,0,0.0,BLCA,BRCA,BLCA,BLCA,True,False,False
1175,False,0,0.0,BRCA,BRCA,BRCA,UCEC,False,False,False
1176,False,0,0.0,BRCA,BRCA,BRCA,BRCA,True,False,False
1177,False,0,0.0,BRCA,BRCA,BRCA,PRAD,False,False,False
1178,False,0,0.0,LUSC,BRCA,LUSC,LUAD,False,False,False
1179,False,0,0.0,BRCA,BRCA,BRCA,BRCA,True,False,False
1180,False,0,0.0,OV,BRCA,OV,GBMLGG,False,False,False
1181,False,0,0.0,BRCA,BRCA,BRCA,BRCA,True,False,False
1182,False,0,0.0,STES,BRCA,STES,BLCA,False,False,False
1183,False,0,0.0,BRCA,BRCA,BRCA,BRCA,True,False,False
1184,False,0,0.0,ACC,BRCA,ACC,ACC,True,False,False
1185,False,0,0.0,UCEC,BRCA,UCEC,UCEC,True,False,False
1186,False,0,0.0,UCEC,BRCA,UCEC,UCEC,True,False,False
1187,False,0,0.0,PRAD,BRCA,PRAD,PCPG,False,False,False
1188,False,0,0.0,STES,BRCA,STES,OV,False,False,False
1189,False,0,0.0,BLCA,BRCA,BLCA,BLCA,True,False,False
1190,False,0,0.0,LAML,BRCA,LAML,LAML,True,False,False
1191,False,0,0.0,GBMLGG,BRCA,GBMLGG,GBMLGG,True,False,False
1192,False,0,0.0,SARC,BRCA,SARC,LIHC,False,False,False
1193,False,0,0.0,BRCA,BRCA,BRCA,LAML,False,False,False
1194,False,0,0.0,BRCA,BRCA,BRCA,THCA,False,False,False
1195,False,0,0.0,GBMLGG,BRCA,GBMLGG,GBMLGG,True,False,False
1196,False,0,0.0,BRCA,BRCA,BRCA,STES,False,False,False
1197,True,1,1.0,KIPAN,KIRC,KIPAN,KIPAN,True,False,True
1198,True,1,1.0,KIPAN,KIRC,KIPAN,KIPAN,True,False,True
1199,False,0,0.0,BRCA,BRCA,BRCA,BRCA,True,False,False
1200,False,0,0.0,PRAD,BRCA,PRAD,PRAD,True,False,False
1201,False,0,0.0,OV,BRCA,OV,BRCA,False,False,False
1202,False,0,0.0,UCEC,BRCA,UCEC,UCEC,True,False,False
1203,False,0,0.0,THCA,BRCA,THCA,PCPG,False,False,False
1204,False,0,0.0,HNSC,BRCA,HNSC,CESC,False,False,False
1205,False,0,0.0,GBMLGG,BRCA,GBMLGG,BRCA,False,False,False
1206,False,0,0.0,BRCA,BRCA,BRCA,KIPAN,False,False,False
1207,False,0,0.0,BRCA,BRCA,BRCA,STES,False,False,False
1208,False,0,0.0,STES,BRCA,STES,TGCT,False,False,False
1209,False,0,0.0,UCEC,BRCA,UCEC,UCEC,True,False,False
1210,False,0,0.0,BRCA,BRCA,BRCA,BRCA,True,False,False
1211,False,0,0.0,UCEC,BRCA,UCEC,GBMLGG,False,False,False
1212,False,0,0.0,BRCA,BRCA,BRCA,BRCA,True,False,False
1213,False,0,0.0,KIRC,BRCA,KIRC,GBMLGG,False,False,False
1214,False,0,0.0,SARC,BRCA,SARC,UCEC,False,False,False
1215,False,0,0.0,BLCA,BRCA,BLCA,CESC,False,False,False
1216,False,0,0.0,LGG,BRCA,LGG,GBMLGG,False,False,False
1217,False,0,0.0,PRAD,BRCA,PRAD,SARC,False,False,False
1218,False,0,0.0,PCPG,BRCA,PCPG,THCA,False,False,False
1219,False,0,0.0,SARC,BRCA,SARC,SARC,True,False,False
1220,False,0,0.0,TGCT,BRCA,TGCT,KIPAN,False,False,False
1221,False,0,0.0,HNSC,BRCA,HNSC,HNSC,True,False,False
1222,False,0,0.0,BRCA,BRCA,BRCA,BRCA,True,False,False
1223,False,0,0.0,GBMLGG,BRCA,GBMLGG,GBMLGG,True,False,False
1224,False,0,0.0,SKCM,BRCA,SKCM,SKCM,True,False,False
1225,False,0,0.0,BRCA,BRCA,BRCA,OV,False,False,False
1226,False,0,0.0,THCA,BRCA,THCA,THCA,True,False,False
1227,False,0,0.0,KIPAN,BRCA,KIPAN,KIPAN,True,False,False
1228,False,0,0.0,LUAD,BRCA,LUAD,LUAD,True,False,False
1229,False,0,0.0,BRCA,BRCA,BRCA,BRCA,True,False,False
1230,False,0,0.0,LUSC,BRCA,LUSC,LUAD,False,False,False
1231,False,0,0.0,UCEC,BRCA,UCEC,UCEC,True,False,False
1232,False,0,0.0,SKCM,BRCA,SKCM,SKCM,True,False,False
1233,False,0,0.0,TGCT,BRCA,TGCT,TGCT,True,False,False
1234,False,0,0.0,COAD,BRCA,COAD,COAD,True,False,False
1235,False,0,0.0,LUSC,BRCA,LUSC,ACC,False,False,False
1236,True,1,1.0,BRCA,LGG,BRCA,GBMLGG,False,False,False
1237,False,0,0.0,PCPG,BRCA,PCPG,PCPG,True,False,False
1238,False,0,0.0,UCEC,BRCA,UCEC,UCEC,True,False,False
1239,False,0,0.0,BRCA,BRCA,BRCA,LUAD,False,False,False
1240,False,0,0.0,BRCA,BRCA,BRCA,LUSC,False,False,False
1241,False,0,0.0,KIPAN,BRCA,KIPAN,KIPAN,True,False,False
1242,False,0,0.0,LGG,BRCA,LGG,GBMLGG,False,False,False
1243,False,0,0.0,KIRC,BRCA,KIRC,KIPAN,False,False,False
1244,False,0,0.0,OV,BRCA,OV,OV,True,False,False
1245,False,0,0.0,SARC,BRCA,SARC,LGG,False,False,False
1246,False,0,0.0,PRAD,BRCA,PRAD,PRAD,True,False,False
1247,False,0,0.0,OV,BRCA,OV,OV,True,False,False
1248,False,0,0.0,COAD,BRCA,COAD,STES,False,False,False
1249,False,0,0.0,KIRC,BRCA,KIRC,KIRC,True,False,False
1250,False,0,0.0,OV,BRCA,OV,OV,True,False,False
1251,False,0,0.0,THYM,BRCA,THYM,THCA,False,False,False
1252,True,1,1.0,KIPAN,KIRC,KIPAN,KIPAN,True,False,True
1253,False,0,0.0,COAD,BRCA,COAD,COAD,True,False,False
1254,False,0,0.0,SARC,BRCA,SARC,UCEC,False,False,False
1255,False,0,0.0,PAAD,BRCA,PAAD,PAAD,True,False,False
1256,True,1,1.0,KIRC,KIPAN,KIRC,KIRC,True,False,True
1257,False,0,0.0,BRCA,BRCA,BRCA,BRCA,True,False,False
1258,False,0,0.0,GBMLGG,BRCA,GBMLGG,GBMLGG,True,False,False
1259,False,0,0.0,GBMLGG,BRCA,GBMLGG,SARC,False,False,False
1260,False,0,0.0,GBMLGG,BRCA,GBMLGG,BRCA,False,False,False
1261,False,0,0.0,CESC,BRCA,CESC,BLCA,False,False,False
1262,False,0,0.0,THYM,BRCA,THYM,PCPG,False,False,False
1263,False,0,0.0,OV,BRCA,OV,DLBC,False,False,False
1264,False,0,0.0,COAD,BRCA,COAD,COAD,True,False,False
1265,False,0,0.0,LAML,BRCA,LAML,LAML,True,False,False
1266,False,0,0.0,SARC,BRCA,SARC,SARC,True,False,False
1267,False,0,0.0,LUSC,BRCA,LUSC,CESC,False,False,False
1268,False,0,0.0,LAML,BRCA,LAML,LAML,True,False,False
1269,False,0,0.0,COAD,BRCA,COAD,COAD,True,False,False
1270,False,0,0.0,BRCA,BRCA,BRCA,BRCA,True,False,False
1271,True,1,1.0,LGG,GBMLGG,LGG,LGG,True,False,True
1272,False,0,0.0,KIRC,BRCA,KIRC,KIPAN,False,False,False
1273,False,0,0.0,KIPAN,BRCA,KIPAN,THCA,False,False,False
1274,False,0,0.0,STES,BRCA,STES,STES,True,False,False
1275,False,0,0.0,THCA,BRCA,THCA,THCA,True,False,False
1276,False,0,0.0,BRCA,BRCA,BRCA,BRCA,True,False,False
1277,False,0,0.0,OV,BRCA,OV,SARC,False,False,False
1278,False,0,0.0,HNSC,BRCA,HNSC,HNSC,True,False,False
1279,False,0,0.0,SKCM,BRCA,SKCM,SKCM,True,False,False
1280,False,0,0.0,KIRC,BRCA,KIRC,KIPAN,False,False,False
1281,True,1,1.0,BRCA,KIPAN,BRCA,KIRC,False,False,False
1282,False,0,0.0,PCPG,BRCA,PCPG,THCA,False,False,False
1283,False,0,0.0,BRCA,BRCA,BRCA,OV,False,False,False
1284,False,0,0.0,KIPAN,BRCA,KIPAN,KIPAN,True,False,False
1285,False,0,0.0,OV,BRCA,OV,OV,True,False,False
1286,False,0,0.0,THYM,BRCA,THYM,PCPG,False,False,False
1287,False,0,0.0,BRCA,BRCA,BRCA,KIPAN,False,False,False
1288,False,0,0.0,STES,BRCA,STES,HNSC,False,False,False
1289,False,0,0.0,PRAD,BRCA,PRAD,BRCA,False,False,False
1290,False,0,0.0,PAAD,BRCA,PAAD,PAAD,True,False,False
1291,False,0,0.0,BRCA,BRCA,BRCA,BRCA,True,False,False
1292,False,0,0.0,SARC,BRCA,SARC,THCA,False,False,False
1293,True,1,1.0,KIRC,KIPAN,KIPAN,KIRC,True,False,True
1294,False,0,0.0,LGG,BRCA,LGG,GBMLGG,False,False,False
1295,False,0,0.0,BRCA,BRCA,BRCA,BRCA,True,False,False
1296,False,0,0.0,THCA,BRCA,THCA,LAML,False,False,False
1297,False,0,0.0,LUSC,BRCA,LUSC,LUSC,True,False,False
1298,False,0,0.0,LAML,BRCA,LAML,OV,False,False,False
1299,False,0,0.0,PRAD,BRCA,PRAD,PRAD,True,False,False
1300,True,1,1.0,KIRC,KIPAN,KIPAN,KIRC,True,False,True
1301,False,0,0.0,PRAD,BRCA,PRAD,PRAD,True,False,False
1302,False,0,0.0,LUSC,BRCA,LUSC,LUSC,True,False,False
1303,False,0,0.0,PRAD,BRCA,PRAD,PCPG,False,False,False
1304,False,0,0.0,THCA,BRCA,THCA,THCA,True,False,False
1305,False,0,0.0,HNSC,BRCA,HNSC,BLCA,False,False,False
1306,False,0,0.0,BRCA,BRCA,BRCA,UCEC,False,False,False
1307,False,0,0.0,SARC,BRCA,SARC,LUAD,False,False,False
1308,False,0,0.0,PCPG,BRCA,PCPG,PRAD,False,False,False
1309,False,0,0.0,STES,BRCA,STES,COAD,False,False,False
1310,True,1,1.0,KIPAN,KIRC,KIPAN,KIPAN,True,False,True
1311,False,0,0.0,LGG,BRCA,LGG,LGG,True,False,False
1312,False,0,0.0,BRCA,BRCA,BRCA,STES,False,False,False
1313,True,1,1.0,KIRC,KIRC,KIRC,KIPAN,False,False,False
1314,False,0,0.0,BRCA,BRCA,BRCA,BRCA,True,False,False
1315,False,0,0.0,OV,BRCA,OV,SARC,False,False,False
1316,False,0,0.0,OV,BRCA,OV,OV,True,False,False
1317,False,0,0.0,LUSC,BRCA,LUSC,HNSC,False,False,False
1318,False,0,0.0,OV,BRCA,OV,PAAD,False,False,False
1319,False,0,0.0,STES,BRCA,STES,PAAD,False,False,False
1320,False,0,0.0,LGG,BRCA,LGG,GBMLGG,False,False,False
1321,False,0,0.0,LGG,BRCA,LGG,LGG,True,False,False
1322,False,0,0.0,BRCA,BRCA,BRCA,STES,False,False,False
1323,False,0,0.0,LAML,BRCA,LAML,BRCA,False,False,False
1324,False,0,0.0,COAD,BRCA,COAD,COAD,True,False,False
1325,False,0,0.0,UCEC,BRCA,UCEC,UCEC,True,False,False
1326,False,0,0.0,COAD,BRCA,COAD,COAD,True,False,False
1327,False,0,0.0,OV,BRCA,OV,OV,True,False,False
1328,False,0,0.0,KIRC,BRCA,KIRC,STES,False,False,False
1329,False,0,0.0,TGCT,BRCA,TGCT,TGCT,True,False,False
1330,False,0,0.0,SKCM,BRCA,SKCM,SKCM,True,False,False
1331,False,0,0.0,BRCA,BRCA,BRCA,KIPAN,False,False,False
1332,True,1,1.0,LGG,GBMLGG,LGG,LGG,True,False,True
1333,False,0,0.0,KIPAN,BRCA,KIPAN,KIPAN,True,False,False
1334,False,0,0.0,SKCM,BRCA,SKCM,SKCM,True,False,False
1335,False,0,0.0,PCPG,BRCA,PCPG,PCPG,True,False,False
1336,False,0,0.0,GBMLGG,BRCA,GBMLGG,GBMLGG,True,False,False
1337,True,1,1.0,LGG,GBMLGG,LGG,LGG,True,False,True
1338,False,0,0.0,BRCA,BRCA,BRCA,BRCA,True,False,False
1339,False,0,0.0,SARC,BRCA,SARC,SKCM,False,False,False
1340,False,0,0.0,GBMLGG,BRCA,GBMLGG,SKCM,False,False,False
1341,True,1,1.0,PRAD,KIRC,PRAD,KIPAN,False,False,False
1342,False,0,0.0,PCPG,BRCA,PCPG,KIPAN,False,False,False
1343,False,0,0.0,LUSC,BRCA,LUSC,LUSC,True,False,False
1344,True,1,1.0,KIPAN,KIRC,KIPAN,KIPAN,True,False,True
1345,False,0,0.0,SARC,BRCA,SARC,BRCA,False,False,False
1346,False,0,0.0,BRCA,BRCA,BRCA,PRAD,False,False,False
1347,False,0,0.0,BRCA,BRCA,BRCA,BRCA,True,False,False
1348,False,0,0.0,OV,BRCA,OV,OV,True,False,False
1349,False,0,0.0,CESC,BRCA,CESC,BLCA,False,False,False
1350,False,0,0.0,KIPAN,BRCA,KIPAN,TGCT,False,False,False
1351,False,0,0.0,BRCA,BRCA,BRCA,KIPAN,False,False,False
1352,False,0,0.0,THCA,BRCA,THCA,THCA,True,False,False
1353,False,0,0.0,PCPG,BRCA,PCPG,THCA,False,False,False
1354,False,0,0.0,KIRC,BRCA,KIRC,TGCT,False,False,False
1355,False,0,0.0,BRCA,BRCA,BRCA,COAD,False,False,False
1356,True,2,1.0,LAML,LAML,LAML,LAML,True,False,False
1357,True,1,1.0,KIRC,KIPAN,KIRC,KIRC,True,False,True
1358,False,0,0.0,SKCM,BRCA,SKCM,SKCM,True,False,False
1359,False,0,0.0,BRCA,BRCA,BRCA,GBMLGG,False,False,False
1360,False,0,0.0,LGG,BRCA,LGG,LGG,True,False,False
1361,False,0,0.0,BRCA,BRCA,BRCA,BRCA,True,False,False
1362,False,0,0.0,SKCM,BRCA,SKCM,SKCM,True,False,False
1363,False,0,0.0,SARC,BRCA,SARC,BRCA,False,False,False
1364,False,0,0.0,LIHC,BRCA,LIHC,STES,False,False,False
1365,False,0,0.0,BRCA,BRCA,BRCA,BRCA,True,False,False
1366,True,1,1.0,LGG,LGG,LGG,GBMLGG,False,False,False
1367,True,1,1.0,LGG,GBMLGG,LGG,LGG,True,False,True
1368,False,0,0.0,BRCA,BRCA,BRCA,SARC,False,False,False
1369,False,0,0.0,PAAD,BRCA,PAAD,SKCM,False,False,False
1370,False,0,0.0,COAD,BRCA,COAD,COAD,True,False,False
1371,True,1,1.0,LGG,LGG,LGG,GBMLGG,False,False,False
1372,False,0,0.0,OV,BRCA,OV,OV,True,False,False
1373,False,0,0.0,LIHC,BRCA,LIHC,LUAD,False,False,False
1374,True,1,1.0,KIPAN,KIRC,KIPAN,KIPAN,True,False,True
1375,False,0,0.0,PCPG,BRCA,PCPG,PCPG,True,False,False
1376,True,1,1.0,KIPAN,KIRC,KIPAN,KIPAN,True,False,True
1377,False,0,0.0,KIPAN,BRCA,KIPAN,KIPAN,True,False,False
1378,False,0,0.0,PCPG,BRCA,PCPG,BRCA,False,False,False
1379,False,0,0.0,CESC,BRCA,CESC,CESC,True,False,False
1380,False,0,0.0,LGG,BRCA,LGG,GBMLGG,False,False,False
1381,False,0,0.0,BRCA,BRCA,BRCA,SKCM,False,False,False
1382,False,0,0.0,STES,BRCA,STES,OV,False,False,False
1383,False,0,0.0,BRCA,BRCA,BRCA,BRCA,True,False,False
1384,False,0,0.0,LIHC,BRCA,LIHC,LIHC,True,False,False
1385,False,0,0.0,OV,BRCA,OV,HNSC,False,False,False
1386,False,0,0.0,THYM,BRCA,THYM,THCA,False,False,False
1387,False,0,0.0,PRAD,BRCA,PRAD,KIPAN,False,False,False
1388,False,0,0.0,PCPG,BRCA,PCPG,PCPG,True,False,False
1389,True,1,1.0,KIRC,KIPAN,KIRC,KIRC,True,False,True
1390,False,0,0.0,BRCA,BRCA,BRCA,BRCA,True,False,False
1391,False,0,0.0,LIHC,BRCA,LIHC,PAAD,False,False,False
1392,False,0,0.0,COAD,BRCA,COAD,COAD,True,False,False
1393,True,1,1.0,GBMLGG,GBMLGG,GBMLGG,LGG,False,False,False
1394,False,0,0.0,LUSC,BRCA,LUSC,LUAD,False,False,False
1395,True,1,1.0,KIRC,KIRC,KIRC,KIPAN,False,False,False
1396,True,1,1.0,KIRC,KIPAN,KIRC,KIRC,True,False,True
1397,False,0,0.0,BRCA,BRCA,BRCA,OV,False,False,False
1398,False,0,0.0,KIRC,BRCA,KIRC,KIRC,True,False,False
1399,False,0,0.0,STES,BRCA,STES,STES,True,False,False
1400,False,0,0.0,SARC,BRCA,SARC,THCA,False,False,False
1401,False,0,0.0,OV,BRCA,OV,OV,True,False,False
1402,False,0,0.0,LAML,BRCA,LAML,LAML,True,False,False
1403,False,0,0.0,HNSC,BRCA,HNSC,CESC,False,False,False
1404,False,0,0.0,PCPG,BRCA,PCPG,PCPG,True,False,False
1405,False,0,0.0,STES,BRCA,STES,STES,True,False,False
1406,False,0,0.0,DLBC,BRCA,DLBC,DLBC,True,False,False
1407,True,1,1.0,LGG,GBMLGG,LGG,LGG,True,False,True
1408,False,0,0.0,GBMLGG,BRCA,GBMLGG,GBMLGG,True,False,False
1409,False,0,0.0,OV,BRCA,OV,OV,True,False,False
1410,False,0,0.0,PRAD,BRCA,PRAD,PRAD,True,False,False
1411,False,0,0.0,GBMLGG,BRCA,GBMLGG,LAML,False,False,False
1412,False,0,0.0,KIRC,BRCA,KIRC,KIPAN,False,False,False
1413,False,0,0.0,THCA,BRCA,THCA,THCA,True,False,False
1414,False,0,0.0,UCEC,BRCA,UCEC,UCEC,True,False,False
1415,False,0,0.0,CESC,BRCA,CESC,LUAD,False,False,False
1416,False,0,0.0,PCPG,BRCA,PCPG,THYM,False,False,False
1417,False,0,0.0,LUAD,BRCA,LUAD,HNSC,False,False,False
1418,False,0,0.0,HNSC,BRCA,HNSC,LUAD,False,False,False
1419,False,0,0.0,PCPG,BRCA,PCPG,BRCA,False,False,False
1420,False,0,0.0,PCPG,BRCA,PCPG,BRCA,False,False,False
1421,False,0,0.0,KIPAN,BRCA,KIPAN,LIHC,False,False,False
1422,False,0,0.0,STES,BRCA,STES,STES,True,False,False
1423,False,0,0.0,LUSC,BRCA,LUSC,COAD,False,False,False
1424,False,0,0.0,STES,BRCA,STES,PAAD,False,False,False
1425,False,0,0.0,THYM,BRCA,THYM,THYM,True,False,False
1426,False,0,0.0,THCA,BRCA,THCA,PCPG,False,False,False
1427,False,0,0.0,GBMLGG,BRCA,GBMLGG,KIRC,False,False,False
1428,False,0,0.0,GBMLGG,BRCA,GBMLGG,GBMLGG,True,False,False
1429,False,0,0.0,HNSC,BRCA,HNSC,STES,False,False,False
1430,False,0,0.0,BRCA,BRCA,BRCA,SARC,False,False,False
1431,False,0,0.0,PRAD,BRCA,PRAD,PRAD,True,False,False
1432,True,1,1.0,LGG,GBMLGG,LGG,LGG,True,False,True
1433,True,1,1.0,LGG,GBMLGG,LGG,LGG,True,False,True
1434,False,0,0.0,OV,BRCA,OV,BRCA,False,False,False
1435,False,0,0.0,SKCM,BRCA,SKCM,SKCM,True,False,False
1436,False,0,0.0,OV,BRCA,OV,OV,True,False,False
1437,True,1,1.0,LGG,GBMLGG,LGG,LGG,True,False,True
1438,False,0,0.0,COAD,BRCA,COAD,COAD,True,False,False
1439,True,1,1.0,LGG,LGG,LGG,GBMLGG,False,False,False
1440,False,0,0.0,STES,BRCA,STES,PAAD,False,False,False
1441,True,1,1.0,LGG,GBMLGG,LGG,LGG,True,False,True
1442,False,0,0.0,SKCM,BRCA,SKCM,SKCM,True,False,False
1443,False,0,0.0,GBMLGG,BRCA,GBMLGG,LGG,False,False,False
1444,False,0,0.0,PRAD,BRCA,PRAD,GBMLGG,False,False,False
1445,False,0,0.0,STES,BRCA,STES,STES,True,False,False
1446,False,0,0.0,OV,BRCA,OV,BRCA,False,False,False
1447,False,0,0.0,STES,BRCA,STES,STES,True,False,False
1448,False,0,0.0,BRCA,BRCA,BRCA,BRCA,True,False,False
1449,False,0,0.0,LIHC,BRCA,LIHC,LIHC,True,False,False
1450,False,0,0.0,KIPAN,BRCA,KIPAN,KIPAN,True,False,False
1451,False,0,0.0,GBMLGG,BRCA,GBMLGG,GBMLGG,True,False,False
1452,False,0,0.0,BRCA,BRCA,BRCA,UCEC,False,False,False
1453,False,0,0.0,HNSC,BRCA,HNSC,STES,False,False,False
1454,False,0,0.0,STES,BRCA,STES,HNSC,False,False,False
1455,False,0,0.0,STES,BRCA,STES,LUSC,False,False,False
1456,False,0,0.0,BRCA,BRCA,BRCA,BRCA,True,False,False
1457,False,0,0.0,BRCA,BRCA,BRCA,GBMLGG,False,False,False
1458,False,0,0.0,KIPAN,BRCA,KIPAN,BRCA,False,False,False
1459,False,0,0.0,PRAD,BRCA,PRAD,PRAD,True,False,False
1460,False,0,0.0,THYM,BRCA,THYM,THYM,True,False,False
1461,False,0,0.0,HNSC,BRCA,HNSC,HNSC,True,False,False
1462,False,0,0.0,PRAD,BRCA,PRAD,THCA,False,False,False
1463,False,0,0.0,LAML,BRCA,LAML,SARC,False,False,False
1464,False,0,0.0,BRCA,BRCA,BRCA,BRCA,True,False,False
1465,False,0,0.0,PAAD,BRCA,PAAD,OV,False,False,False
1466,False,0,0.0,PRAD,BRCA,PRAD,PRAD,True,False,False
1467,False,0,0.0,LGG,BRCA,LGG,LIHC,False,False,False
1468,False,0,0.0,HNSC,BRCA,HNSC,BRCA,False,False,False
1469,False,0,0.0,COAD,BRCA,COAD,COAD,True,False,False
1470,False,0,0.0,PRAD,BRCA,PRAD,PRAD,True,False,False
1471,False,0,0.0,BLCA,BRCA,BLCA,BRCA,False,False,False
1472,False,0,0.0,STES,BRCA,STES,STES,True,False,False
1473,False,0,0.0,THCA,BRCA,THCA,THCA,True,False,False
1474,False,0,0.0,HNSC,BRCA,HNSC,BLCA,False,False,False
1475,False,0,0.0,LIHC,BRCA,LIHC,BRCA,False,False,False
1476,False,0,0.0,OV,BRCA,OV,UCEC,False,False,False
1477,False,0,0.0,PRAD,BRCA,PRAD,PRAD,True,False,False
1478,False,0,0.0,KIPAN,BRCA,KIPAN,STES,False,False,False
1479,False,0,0.0,TGCT,BRCA,TGCT,STES,False,False,False
1480,False,0,0.0,THYM,BRCA,THYM,THYM,True,False,False
1481,False,0,0.0,SARC,BRCA,SARC,CESC,False,False,False
1482,True,1,1.0,GBMLGG,LGG,GBMLGG,GBMLGG,True,False,True
1483,False,0,0.0,COAD,BRCA,COAD,COAD,True,False,False
1484,False,0,0.0,BRCA,BRCA,BRCA,BRCA,True,False,False
1485,False,0,0.0,OV,BRCA,OV,PRAD,False,False,False
1486,False,0,0.0,PRAD,BRCA,PRAD,THCA,False,False,False
1487,False,0,0.0,OV,BRCA,OV,BRCA,False,False,False
1488,True,1,1.0,GBMLGG,LGG,GBMLGG,GBMLGG,True,False,True
1489,False,0,0.0,LIHC,BRCA,LIHC,LIHC,True,False,False
1490,False,0,0.0,SKCM,BRCA,SKCM,SKCM,True,False,False
1491,False,0,0.0,LAML,BRCA,LAML,SARC,False,False,False
1492,False,0,0.0,STES,BRCA,STES,STES,True,False,False
1493,False,0,0.0,PCPG,BRCA,PCPG,KIPAN,False,False,False
1494,False,0,0.0,SKCM,BRCA,SKCM,SKCM,True,False,False
1495,False,0,0.0,PAAD,BRCA,PAAD,HNSC,False,False,False
1496,False,0,0.0,LUSC,BRCA,LUSC,LUSC,True,False,False
1497,False,0,0.0,SARC,BRCA,SARC,BRCA,False,False,False
1498,True,1,1.0,KIRC,KIPAN,KIRC,KIRC,True,False,True
1499,False,0,0.0,BRCA,BRCA,BRCA,BLCA,False,False,False
1500,False,0,0.0,STES,BRCA,STES,COAD,False,False,False
1501,False,0,0.0,LAML,BRCA,LAML,PCPG,False,False,False
1502,False,0,0.0,COAD,BRCA,COAD,COAD,True,False,False
1503,False,0,0.0,BRCA,BRCA,BRCA,BRCA,True,False,False
1504,False,0,0.0,OV,BRCA,OV,OV,True,False,False
1505,False,0,0.0,GBMLGG,BRCA,GBMLGG,GBMLGG,True,False,False
1506,True,1,1.0,GBMLGG,LGG,GBMLGG,GBMLGG,True,False,True
1507,False,0,0.0,LIHC,BRCA,LIHC,LIHC,True,False,False
1508,False,0,0.0,KIRC,BRCA,KIRC,KIPAN,False,False,False
1509,False,0,0.0,STES,BRCA,STES,STES,True,False,False
1510,False,0,0.0,PAAD,BRCA,PAAD,PAAD,True,False,False
1511,False,0,0.0,COAD,BRCA,COAD,COAD,True,False,False
1512,False,0,0.0,BRCA,BRCA,BRCA,BRCA,True,False,False
1513,False,0,0.0,LUSC,BRCA,LUSC,LUSC,True,False,False
1514,False,0,0.0,PAAD,BRCA,PAAD,GBMLGG,False,False,False
1515,False,0,0.0,SKCM,BRCA,SKCM,SKCM,True,False,False
1516,False,0,0.0,HNSC,BRCA,HNSC,BRCA,False,False,False
1517,False,0,0.0,OV,BRCA,OV,OV,True,False,False
1518,False,0,0.0,STES,BRCA,STES,CESC,False,False,False
1519,False,0,0.0,THCA,BRCA,THCA,THCA,True,False,False
1520,False,0,0.0,OV,BRCA,OV,OV,True,False,False
1521,False,0,0.0,DLBC,BRCA,DLBC,LUSC,False,False,False
1522,False,0,0.0,GBMLGG,BRCA,GBMLGG,GBMLGG,True,False,False
1523,False,0,0.0,LIHC,BRCA,LIHC,OV,False,False,False
1524,False,0,0.0,PCPG,BRCA,PCPG,SARC,False,False,False
1525,False,0,0.0,OV,BRCA,OV,OV,True,False,False
1526,False,0,0.0,BRCA,BRCA,BRCA,BRCA,True,False,False
1527,True,1,1.0,KIPAN,KIRC,KIPAN,KIPAN,True,False,True
1528,False,0,0.0,PRAD,BRCA,PRAD,CESC,False,False,False
1529,False,0,0.0,COAD,BRCA,COAD,COAD,True,False,False
1530,False,0,0.0,OV,BRCA,OV,BRCA,False,False,False
1531,False,0,0.0,THCA,BRCA,THCA,THCA,True,False,False
1532,True,1,1.0,KIRC,KIPAN,KIRC,KIRC,True,False,True
1533,False,0,0.0,HNSC,BRCA,HNSC,LUSC,False,False,False
1534,False,0,0.0,LUSC,BRCA,LUSC,BRCA,False,False,False
1535,True,1,1.0,LGG,LGG,LGG,GBMLGG,False,False,False
1536,False,0,0.0,LUAD,BRCA,LUAD,HNSC,False,False,False
1537,True,1,1.0,KIRC,KIPAN,KIRC,KIRC,True,False,True
1538,False,0,0.0,UCEC,BRCA,UCEC,UCEC,True,False,False
1539,False,0,0.0,BRCA,BRCA,BRCA,BRCA,True,False,False
1540,False,0,0.0,STES,BRCA,STES,STES,True,False,False
1541,False,0,0.0,LAML,BRCA,LAML,LAML,True,False,False
1542,False,0,0.0,GBMLGG,BRCA,GBMLGG,GBMLGG,True,False,False
1543,False,0,0.0,KIPAN,BRCA,KIPAN,THCA,False,False,False
1544,False,0,0.0,UCEC,BRCA,UCEC,THCA,False,False,False
1545,False,0,0.0,HNSC,BRCA,HNSC,BLCA,False,False,False
1546,False,0,0.0,STES,BRCA,STES,LIHC,False,False,False
1547,False,0,0.0,OV,BRCA,OV,BRCA,False,False,False
1548,False,0,0.0,GBMLGG,BRCA,GBMLGG,GBMLGG,True,False,False
1549,False,0,0.0,LIHC,BRCA,LIHC,LIHC,True,False,False
1550,False,0,0.0,STES,BRCA,STES,STES,True,False,False
1551,False,0,0.0,CESC,BRCA,CESC,BLCA,False,False,False
1552,False,0,0.0,TGCT,BRCA,TGCT,TGCT,True,False,False
1553,False,0,0.0,OV,BRCA,OV,BRCA,False,False,False
1554,False,0,0.0,TGCT,BRCA,TGCT,TGCT,True,False,False
1555,False,0,0.0,THYM,BRCA,THYM,THCA,False,False,False
1556,False,0,0.0,LUSC,BRCA,LUSC,HNSC,False,False,False
1557,False,0,0.0,PAAD,BRCA,PAAD,PAAD,True,False,False
1558,False,0,0.0,GBMLGG,BRCA,GBMLGG,GBMLGG,True,False,False
1559,False,0,0.0,OV,BRCA,OV,LIHC,False,False,False
1560,False,0,0.0,COAD,BRCA,COAD,COAD,True,False,False
1561,False,0,0.0,STES,BRCA,STES,STES,True,False,False
1562,False,0,0.0,LGG,BRCA,LGG,GBMLGG,False,False,False
1563,False,0,0.0,PRAD,BRCA,PRAD,PRAD,True,False,False
1564,False,0,0.0,STES,BRCA,STES,STES,True,False,False
1565,False,0,0.0,BRCA,BRCA,BRCA,BRCA,True,False,False
1566,False,0,0.0,STES,BRCA,STES,ACC,False,False,False
1567,True,1,1.0,KIPAN,KIRC,KIPAN,KIPAN,True,False,True
1568,False,0,0.0,KIPAN,BRCA,KIPAN,KIPAN,True,False,False
1569,False,0,0.0,LUSC,BRCA,LUSC,LUSC,True,False,False
1570,False,0,0.0,LUAD,BRCA,LUAD,LUAD,True,False,False
1571,True,1,1.0,LGG,GBMLGG,LGG,LGG,True,False,True
1572,False,0,0.0,STES,BRCA,STES,COAD,False,False,False
1573,False,0,0.0,BRCA,BRCA,BRCA,BRCA,True,False,False
1574,True,1,1.0,LGG,GBMLGG,LGG,LGG,True,False,True
1575,False,0,0.0,THCA,BRCA,THCA,THCA,True,False,False
1576,True,1,1.0,KIRC,KIPAN,KIRC,KIRC,True,False,True
1577,False,0,0.0,STES,BRCA,STES,COAD,False,False,False
1578,True,14,0.9285714285714286,THCA,THCA,THCA,THCA,True,False,False
1579,False,0,0.0,KIRC,BRCA,KIRC,OV,False,False,False
1580,False,0,0.0,PRAD,BRCA,PRAD,SKCM,False,False,False
1581,False,0,0.0,BRCA,BRCA,BRCA,THYM,False,False,False
1582,False,0,0.0,THCA,BRCA,THCA,SKCM,False,False,False
1583,False,0,0.0,PCPG,BRCA,PCPG,PCPG,True,False,False
1584,False,0,0.0,THYM,BRCA,THYM,PCPG,False,False,False
1585,False,0,0.0,GBMLGG,BRCA,GBMLGG,TGCT,False,False,False
1586,False,0,0.0,COAD,BRCA,COAD,COAD,True,False,False
1587,False,0,0.0,THYM,BRCA,THYM,THYM,True,False,False
1588,False,0,0.0,UCEC,BRCA,UCEC,UCEC,True,False,False
1589,False,0,0.0,BRCA,BRCA,BRCA,THCA,False,False,False
1590,False,0,0.0,THCA,BRCA,THCA,THCA,True,False,False
1591,False,0,0.0,PRAD,BRCA,PRAD,PRAD,True,False,False
1592,False,0,0.0,LAML,BRCA,LAML,BRCA,False,False,False
1593,True,1,1.0,KIRC,KIPAN,KIRC,KIRC,True,False,True
1594,True,1,1.0,LGG,GBMLGG,LGG,LGG,True,False,True
1595,False,0,0.0,PRAD,BRCA,PRAD,PRAD,True,False,False
1596,False,0,0.0,GBMLGG,BRCA,GBMLGG,PAAD,False,False,False
1597,False,0,0.0,LIHC,BRCA,LIHC,STES,False,False,False
1598,True,1,1.0,LGG,GBMLGG,LGG,LGG,True,False,True
1599,True,1,1.0,KIPAN,KIRC,KIPAN,KIPAN,True,False,True
1600,False,0,0.0,BRCA,BRCA,BRCA,HNSC,False,False,False
1601,False,0,0.0,THCA,BRCA,THCA,THCA,True,False,False
1602,False,0,0.0,PCPG,BRCA,PCPG,PCPG,True,False,False
1603,False,0,0.0,BLCA,BRCA,BLCA,BLCA,True,False,False
1604,False,0,0.0,BRCA,BRCA,BRCA,GBMLGG,False,False,False
1605,False,0,0.0,UCEC,BRCA,UCEC,COAD,False,False,False
1606,False,0,0.0,GBMLGG,BRCA,GBMLGG,BRCA,False,False,False
1607,True,1,1.0,KIPAN,KIRC,KIPAN,KIPAN,True,False,True
1608,True,1,1.0,LGG,LGG,LGG,GBMLGG,False,False,False
1609,False,0,0.0,PRAD,BRCA,PRAD,PRAD,True,False,False
1610,False,0,0.0,PCPG,BRCA,PCPG,PRAD,False,False,False
1611,True,1,1.0,GBMLGG,LGG,GBMLGG,GBMLGG,True,False,True
1612,False,0,0.0,HNSC,BRCA,HNSC,HNSC,True,False,False
1613,False,0,0.0,BRCA,BRCA,BRCA,BRCA,True,False,False
1614,False,0,0.0,KIPAN,BRCA,KIPAN,KIPAN,True,False,False
1615,False,0,0.0,KIPAN,BRCA,KIPAN,OV,False,False,False
1616,False,0,0.0,CESC,BRCA,CESC,CESC,True,False,False
1617,False,0,0.0,OV,BRCA,OV,OV,True,False,False
1618,False,0,0.0,SKCM,BRCA,SKCM,SKCM,True,False,False
1619,False,0,0.0,GBMLGG,BRCA,GBMLGG,LGG,False,False,False
1620,False,0,0.0,LUAD,BRCA,LUAD,LUAD,True,False,False
1621,False,0,0.0,HNSC,BRCA,HNSC,DLBC,False,False,False
1622,False,0,0.0,LUAD,BRCA,LUAD,HNSC,False,False,False
1623,False,0,0.0,KIPAN,BRCA,KIPAN,KIPAN,True,False,False
1624,False,0,0.0,BRCA,BRCA,BRCA,BRCA,True,False,False
1625,False,0,0.0,SARC,BRCA,SARC,SARC,True,False,False
1626,False,0,0.0,STES,BRCA,STES,HNSC,False,False,False
1627,False,0,0.0,PRAD,BRCA,PRAD,SARC,False,False,False
1628,True,1,1.0,KIRC,KIPAN,KIRC,KIRC,True,False,True
1629,False,0,0.0,TGCT,BRCA,TGCT,LIHC,False,False,False
1630,False,0,0.0,THCA,BRCA,THCA,THCA,True,False,False
1631,False,0,0.0,BRCA,BRCA,BRCA,BRCA,True,False,False
1632,False,0,0.0,OV,BRCA,OV,OV,True,False,False
1633,False,0,0.0,HNSC,BRCA,HNSC,STES,False,False,False
1634,False,0,0.0,KIRC,BRCA,KIRC,PRAD,False,False,False
1635,False,0,0.0,LUSC,BRCA,LUSC,SARC,False,False,False
1636,False,0,0.0,KIRC,BRCA,KIRC,KIRC,True,False,False
1637,False,0,0.0,LAML,BRCA,LAML,LAML,True,False,False
1638,False,0,0.0,KIPAN,BRCA,KIPAN,KIRC,False,False,False
1639,True,1,1.0,GBMLGG,LGG,GBMLGG,GBMLGG,True,False,True
1640,False,0,0.0,STES,BRCA,STES,COAD,False,False,False
1641,False,0,0.0,STES,BRCA,STES,STES,True,False,False
1642,False,0,0.0,OV,BRCA,OV,LUAD,False,False,False
1643,False,0,0.0,UCEC,BRCA,UCEC,UCEC,True,False,False
1644,False,0,0.0,COAD,BRCA,COAD,COAD,True,False,False
1645,False,0,0.0,OV,BRCA,OV,LIHC,False,False,False
1646,False,0,0.0,KIPAN,BRCA,KIPAN,CESC,False,False,False
1647,False,0,0.0,STES,BRCA,STES,STES,True,False,False
1648,True,1,1.0,KIPAN,KIRC,KIPAN,KIPAN,True,False,True
1649,False,0,0.0,BRCA,BRCA,BRCA,BRCA,True,False,False
1650,False,0,0.0,BRCA,BRCA,BRCA,KIPAN,False,False,False
1651,False,0,0.0,STES,BRCA,STES,HNSC,False,False,False
1652,False,0,0.0,THCA,BRCA,THCA,LAML,False,False,False
1653,False,0,0.0,GBMLGG,BRCA,GBMLGG,GBMLGG,True,False,False
1654,False,0,0.0,THCA,BRCA,THCA,PRAD,False,False,False
1655,False,0,0.0,COAD,BRCA,COAD,COAD,True,False,False
1656,False,0,0.0,OV,BRCA,OV,OV,True,False,False
1657,True,1,1.0,LGG,LGG,LGG,GBMLGG,False,False,False
1658,False,0,0.0,BRCA,BRCA,BRCA,CESC,False,False,False
1659,False,0,0.0,STES,BRCA,STES,STES,True,False,False
1660,True,1,1.0,KIRC,KIPAN,KIRC,KIRC,True,False,True
1661,False,0,0.0,STES,BRCA,STES,STES,True,False,False
1662,False,0,0.0,KIPAN,BRCA,KIPAN,OV,False,False,False
1663,False,0,0.0,HNSC,BRCA,HNSC,UCEC,False,False,False
1664,False,0,0.0,STES,BRCA,STES,STES,True,False,False
1665,False,0,0.0,STES,BRCA,STES,STES,True,False,False
1666,False,0,0.0,SKCM,BRCA,SKCM,SKCM,True,False,False
1667,False,0,0.0,SKCM,BRCA,SKCM,SKCM,True,False,False
1668,False,0,0.0,PCPG,BRCA,PCPG,GBMLGG,False,False,False
1669,True,3,1.0,LAML,LAML,LAML,LAML,True,False,False
1670,False,0,0.0,LIHC,BRCA,LIHC,LIHC,True,False,False
1671,False,0,0.0,GBMLGG,BRCA,GBMLGG,LGG,False,False,False
1672,False,0,0.0,CESC,BRCA,CESC,BRCA,False,False,False
1673,True,1,1.0,PRAD,KIPAN,PRAD,KIRC,False,False,False
1674,False,0,0.0,BLCA,BRCA,BLCA,CESC,False,False,False
1675,False,0,0.0,THCA,BRCA,THCA,THCA,True,False,False
1676,False,0,0.0,STES,BRCA,STES,STES,True,False,False
1677,False,0,0.0,GBMLGG,BRCA,GBMLGG,SARC,False,False,False
1678,False,0,0.0,SARC,BRCA,SARC,SARC,True,False,False
1679,False,0,0.0,PAAD,BRCA,PAAD,BRCA,False,False,False
1680,False,0,0.0,THCA,BRCA,THCA,THCA,True,False,False
1681,False,0,0.0,LIHC,BRCA,LIHC,LIHC,True,False,False
1682,False,0,0.0,COAD,BRCA,COAD,COAD,True,False,False
1683,False,0,0.0,COAD,BRCA,COAD,COAD,True,False,False
1684,True,1,1.0,LGG,GBMLGG,LGG,LGG,True,False,True
1685,False,0,0.0,BRCA,BRCA,BRCA,BRCA,True,False,False
1686,False,0,0.0,SKCM,BRCA,SKCM,SKCM,True,False,False
1687,False,0,0.0,BRCA,BRCA,BRCA,BRCA,True,False,False
1688,False,0,0.0,PRAD,BRCA,PRAD,KIRC,False,False,False
1689,False,0,0.0,LIHC,BRCA,LIHC,LIHC,True,False,False
1690,False,0,0.0,KIPAN,BRCA,KIPAN,KIPAN,True,False,False
1691,True,1,1.0,KIRC,KIRC,KIRC,KIPAN,False,False,False
1692,False,0,0.0,PRAD,BRCA,PRAD,BRCA,False,False,False
1693,False,0,0.0,BRCA,BRCA,BRCA,KIRC,False,False,False
1694,False,0,0.0,GBMLGG,BRCA,GBMLGG,LGG,False,False,False
1695,False,0,0.0,TGCT,BRCA,TGCT,TGCT,True,False,False
1696,False,0,0.0,PCPG,BRCA,PCPG,PRAD,False,False,False
1697,False,0,0.0,KIPAN,BRCA,KIPAN,KIPAN,True,False,False
1698,False,0,0.0,GBMLGG,BRCA,GBMLGG,GBMLGG,True,False,False
1699,False,0,0.0,COAD,BRCA,COAD,LIHC,False,False,False
1700,True,1,1.0,KIPAN,KIRC,KIPAN,KIPAN,True,False,True
1701,False,0,0.0,PRAD,BRCA,PRAD,PRAD,True,False,False
1702,False,0,0.0,PRAD,BRCA,PRAD,KIPAN,False,False,False
1703,False,0,0.0,PRAD,BRCA,PRAD,LUAD,False,False,False
1704,False,0,0.0,GBMLGG,BRCA,GBMLGG,THYM,False,False,False
1705,False,0,0.0,STES,BRCA,STES,STES,True,False,False
1706,False,0,0.0,STES,BRCA,STES,STES,True,False,False
1707,False,0,0.0,STES,BRCA,STES,BRCA,False,False,False
1708,False,0,0.0,KIRC,BRCA,KIRC,KIRC,True,False,False
1709,False,0,0.0,GBMLGG,BRCA,GBMLGG,GBMLGG,True,False,False
1710,False,0,0.0,LUSC,BRCA,LUSC,LUAD,False,False,False
1711,True,1,1.0,KIRC,KIPAN,KIPAN,KIRC,True,False,True
1712,False,0,0.0,SARC,BRCA,SARC,BRCA,False,False,False
1713,False,0,0.0,COAD,BRCA,COAD,COAD,True,False,False
1714,False,0,0.0,LAML,BRCA,LAML,LAML,True,False,False
1715,False,0,0.0,COAD,BRCA,COAD,COAD,True,False,False
1716,False,0,0.0,PRAD,BRCA,PRAD,THYM,False,False,False
1717,False,0,0.0,GBMLGG,BRCA,GBMLGG,GBMLGG,True,False,False
1718,False,0,0.0,PCPG,BRCA,PCPG,PRAD,False,False,False
1719,False,0,0.0,BRCA,BRCA,BRCA,PRAD,False,False,False
1720,False,0,0.0,LUAD,BRCA,LUAD,LUAD,True,False,False
1721,False,0,0.0,STES,BRCA,STES,STES,True,False,False
1722,True,1,1.0,KIRC,KIPAN,KIRC,KIRC,True,False,True
1723,False,0,0.0,KIPAN,BRCA,KIPAN,KIRC,False,False,False
1724,False,0,0.0,GBMLGG,BRCA,GBMLGG,GBMLGG,True,False,False
1725,False,0,0.0,SKCM,BRCA,SKCM,SKCM,True,False,False
1726,False,0,0.0,BRCA,BRCA,BRCA,BRCA,True,False,False
1727,False,0,0.0,LUSC,BRCA,LUSC,BRCA,False,False,False
1728,True,1,1.0,KIRC,KIPAN,KIRC,KIRC,True,False,True
1729,False,0,0.0,STES,BRCA,STES,STES,True,False,False
1730,True,1,1.0,LGG,LGG,LGG,GBMLGG,False,False,False
1731,True,1,1.0,KIRC,KIPAN,KIRC,KIRC,True,False,True
1732,False,0,0.0,KIRC,BRCA,KIRC,PCPG,False,False,False
1733,False,0,0.0,UCEC,BRCA,UCEC,UCEC,True,False,False
1734,False,0,0.0,BRCA,BRCA,BRCA,SARC,False,False,False
1735,False,0,0.0,BRCA,BRCA,BRCA,BRCA,True,False,False
1736,False,0,0.0,OV,BRCA,OV,OV,True,False,False
1737,False,0,0.0,BRCA,BRCA,BRCA,KIPAN,False,False,False
1738,False,0,0.0,PCPG,BRCA,PCPG,PRAD,False,False,False
1739,False,0,0.0,BRCA,BRCA,BRCA,BRCA,True,False,False
1740,False,0,0.0,LIHC,BRCA,LIHC,LIHC,True,False,False
1741,False,0,0.0,PRAD,BRCA,PRAD,PRAD,True,False,False
1742,False,0,0.0,OV,BRCA,OV,PAAD,False,False,False
1743,False,0,0.0,LUSC,BRCA,LUSC,HNSC,False,False,False
1744,False,0,0.0,COAD,BRCA,COAD,HNSC,False,False,False
1745,False,0,0.0,LUSC,BRCA,LUSC,LUAD,False,False,False
1746,False,0,0.0,KIPAN,BRCA,KIPAN,OV,False,False,False
1747,False,0,0.0,BLCA,BRCA,BLCA,STES,False,False,False
1748,False,0,0.0,LAML,BRCA,LAML,THCA,False,False,False
1749,False,0,0.0,OV,BRCA,OV,HNSC,False,False,False
1750,False,0,0.0,CESC,BRCA,CESC,CESC,True,False,False
1751,False,0,0.0,COAD,BRCA,COAD,COAD,True,False,False
1752,False,0,0.0,BRCA,BRCA,BRCA,BRCA,True,False,False
1753,False,0,0.0,THYM,BRCA,THYM,LAML,False,False,False
1754,False,0,0.0,STES,BRCA,STES,STES,True,False,False
1755,False,0,0.0,PCPG,BRCA,PCPG,PRAD,False,False,False
1756,False,0,0.0,UCEC,BRCA,UCEC,ACC,False,False,False
1757,False,0,0.0,OV,BRCA,OV,OV,True,False,False
1758,False,0,0.0,STES,BRCA,STES,STES,True,False,False
1759,False,0,0.0,THYM,BRCA,THYM,LAML,False,False,False
1760,False,0,0.0,PRAD,BRCA,PRAD,PRAD,True,False,False
1761,False,0,0.0,SARC,BRCA,SARC,UCEC,False,False,False
1762,False,0,0.0,LUSC,BRCA,LUSC,BRCA,False,False,False
1763,False,0,0.0,STES,BRCA,STES,OV,False,False,False
1764,False,0,0.0,STES,BRCA,STES,STES,True,False,False
1765,False,0,0.0,BRCA,BRCA,BRCA,UCEC,False,False,False
1766,False,0,0.0,GBMLGG,BRCA,GBMLGG,GBMLGG,True,False,False
1767,False,0,0.0,BRCA,BRCA,BRCA,BRCA,True,False,False
1768,False,0,0.0,STES,BRCA,STES,STES,True,False,False
1769,False,0,0.0,STES,BRCA,STES,STES,True,False,False
1770,False,0,0.0,COAD,BRCA,COAD,COAD,True,False,False
1771,False,0,0.0,SARC,BRCA,SARC,BRCA,False,False,False
1772,True,1,1.0,KIPAN,KIRC,KIPAN,KIPAN,True,False,True
1773,False,0,0.0,BRCA,BRCA,BRCA,BRCA,True,False,False
1774,False,0,0.0,SKCM,BRCA,SKCM,SKCM,True,False,False
1775,False,0,0.0,GBMLGG,BRCA,GBMLGG,GBMLGG,True,False,False
1776,False,0,0.0,LAML,BRCA,LAML,BRCA,False,False,False
1777,False,0,0.0,SARC,BRCA,SARC,LIHC,False,False,False
1778,False,0,0.0,STES,BRCA,STES,HNSC,False,False,False
1779,True,1,1.0,GBMLGG,LGG,GBMLGG,GBMLGG,True,False,True
1780,False,0,0.0,BRCA,BRCA,BRCA,BRCA,True,False,False
1781,False,0,0.0,BRCA,BRCA,BRCA,OV,False,False,False
1782,False,0,0.0,PCPG,BRCA,PCPG,PRAD,False,False,False
1783,False,0,0.0,OV,BRCA,OV,BRCA,False,False,False
1784,False,0,0.0,TGCT,BRCA,TGCT,TGCT,True,False,False
1785,False,0,0.0,OV,BRCA,OV,OV,True,False,False
1786,False,0,0.0,THYM,BRCA,THYM,THCA,False,False,False
1787,False,0,0.0,LIHC,BRCA,LIHC,LIHC,True,False,False
1788,False,0,0.0,OV,BRCA,OV,OV,True,False,False
1789,False,0,0.0,UCEC,BRCA,UCEC,PAAD,False,False,False
1790,True,1,1.0,KIRC,KIPAN,KIRC,KIRC,True,False,True
1791,True,1,1.0,GBMLGG,LGG,GBMLGG,GBMLGG,True,False,True
1792,False,0,0.0,ACC,BRCA,ACC,ACC,True,False,False
1793,False,0,0.0,BRCA,BRCA,BRCA,PCPG,False,False,False
1794,False,0,0.0,BRCA,BRCA,BRCA,BRCA,True,False,False
1795,False,0,0.0,HNSC,BRCA,HNSC,BRCA,False,False,False
1796,False,0,0.0,HNSC,BRCA,HNSC,LUSC,False,False,False
1797,False,0,0.0,PCPG,BRCA,PCPG,PCPG,True,False,False
1798,False,0,0.0,BRCA,BRCA,BRCA,BRCA,True,False,False
1799,True,1,1.0,KIRC,KIPAN,KIRC,KIRC,True,False,True
1800,False,0,0.0,LUSC,BRCA,LUSC,LUSC,True,False,False
1801,False,0,0.0,PCPG,BRCA,PCPG,THCA,False,False,False
1802,False,0,0.0,PRAD,BRCA,PRAD,LUAD,False,False,False
1803,False,0,0.0,GBMLGG,BRCA,GBMLGG,GBMLGG,True,False,False
1804,False,0,0.0,STES,BRCA,STES,STES,True,False,False
1805,True,1,1.0,KIRC,KIPAN,KIRC,KIRC,True,False,True
1806,False,0,0.0,OV,BRCA,OV,OV,True,False,False
1807,False,0,0.0,KIPAN,BRCA,KIPAN,OV,False,False,False
1808,False,0,0.0,THYM,BRCA,THYM,BRCA,False,False,False
1809,False,0,0.0,LUSC,BRCA,LUSC,LUSC,True,False,False
1810,False,0,0.0,ACC,BRCA,ACC,ACC,True,False,False
1811,False,0,0.0,UCEC,BRCA,UCEC,COAD,False,False,False
1812,False,0,0.0,PRAD,BRCA,PRAD,PRAD,True,False,False
1813,False,0,0.0,SARC,BRCA,SARC,BRCA,False,False,False
1814,False,0,0.0,LIHC,BRCA,LIHC,HNSC,False,False,False
1815,False,0,0.0,GBMLGG,BRCA,GBMLGG,HNSC,False,False,False
1816,False,0,0.0,DLBC,BRCA,DLBC,HNSC,False,False,False
1817,False,0,0.0,BRCA,BRCA,BRCA,CESC,False,False,False
1818,False,0,0.0,STES,BRCA,STES,COAD,False,False,False
1819,True,1,1.0,KIPAN,KIRC,KIPAN,KIPAN,True,False,True
1820,False,0,0.0,HNSC,BRCA,HNSC,HNSC,True,False,False
1821,False,0,0.0,BRCA,BRCA,BRCA,BRCA,True,False,False
1822,False,0,0.0,BRCA,BRCA,BRCA,BRCA,True,False,False
1823,False,0,0.0,OV,BRCA,OV,BRCA,False,False,False
1824,True,1,1.0,PCPG,KIRC,KIRC,KIPAN,False,False,False
1825,True,1,1.0,KIRC,KIPAN,KIRC,KIRC,True,False,True
1826,False,0,0.0,THCA,BRCA,THCA,THCA,True,False,False
1827,False,0,0.0,KIPAN,BRCA,KIPAN,BRCA,False,False,False
1828,False,0,0.0,SKCM,BRCA,SKCM,SKCM,True,False,False
1829,True,1,1.0,OV,KIRC,KIRC,KIPAN,False,False,False
1830,True,1,1.0,KIPAN,KIRC,KIPAN,KIPAN,True,False,True
1831,False,0,0.0,BRCA,BRCA,BRCA,BRCA,True,False,False
1832,False,0,0.0,BRCA,BRCA,BRCA,BRCA,True,False,False
1833,False,0,0.0,CESC,BRCA,CESC,CESC,True,False,False
1834,False,0,0.0,LIHC,BRCA,LIHC,LIHC,True,False,False
1835,False,0,0.0,PCPG,BRCA,PCPG,THCA,False,False,False
1836,False,0,0.0,KIRC,BRCA,KIRC,KIPAN,False,False,False
1837,False,0,0.0,GBMLGG,BRCA,GBMLGG,BLCA,False,False,False
1838,False,0,0.0,PCPG,BRCA,PCPG,THYM,False,False,False
1839,False,0,0.0,SKCM,BRCA,SKCM,SKCM,True,False,False
1840,False,0,0.0,COAD,BRCA,COAD,COAD,True,False,False
1841,False,0,0.0,LUAD,BRCA,LUAD,ACC,False,False,False
1842,False,0,0.0,BRCA,BRCA,BRCA,BRCA,True,False,False
1843,False,0,0.0,STES,BRCA,STES,OV,False,False,False
1844,False,0,0.0,BRCA,BRCA,BRCA,BRCA,True,False,False
1845,False,0,0.0,KIPAN,BRCA,KIPAN,STES,False,False,False
1846,False,0,0.0,OV,BRCA,OV,OV,True,False,False
1847,False,0,0.0,ACC,BRCA,ACC,ACC,True,False,False
1848,False,0,0.0,TGCT,BRCA,TGCT,TGCT,True,False,False
1849,False,0,0.0,SARC,BRCA,SARC,SARC,True,False,False
1850,False,0,0.0,SKCM,BRCA,SKCM,SKCM,True,False,False
1851,False,0,0.0,KIRC,BRCA,KIRC,KIRC,True,False,False
1852,False,0,0.0,PAAD,BRCA,PAAD,PAAD,True,False,False
1853,False,0,0.0,GBMLGG,BRCA,GBMLGG,PRAD,False,False,False
1854,True,1,1.0,KIRC,KIPAN,KIRC,KIRC,True,False,True
1855,False,0,0.0,TGCT,BRCA,TGCT,TGCT,True,False,False
1856,False,0,0.0,KIPAN,BRCA,KIPAN,KIPAN,True,False,False
1857,False,0,0.0,GBMLGG,BRCA,GBMLGG,PCPG,False,False,False
1858,False,0,0.0,TGCT,BRCA,TGCT,TGCT,True,False,False
1859,False,0,0.0,DLBC,BRCA,DLBC,DLBC,True,False,False
1860,False,0,0.0,OV,BRCA,OV,BRCA,False,False,False
1861,False,0,0.0,LAML,BRCA,LAML,LAML,True,False,False
1862,False,0,0.0,BRCA,BRCA,BRCA,CESC,False,False,False
1863,False,0,0.0,PCPG,BRCA,PCPG,SKCM,False,False,False
1864,True,1,1.0,KIPAN,KIRC,KIRC,KIPAN,True,False,True
1865,False,0,0.0,BRCA,BRCA,BRCA,BRCA,True,False,False
1866,False,0,0.0,HNSC,BRCA,HNSC,BLCA,False,False,False
1867,False,0,0.0,LUAD,BRCA,LUAD,BLCA,False,False,False
1868,True,1,1.0,LGG,LGG,LGG,GBMLGG,False,False,False
1869,False,0,0.0,PRAD,BRCA,PRAD,PRAD,True,False,False
1870,False,0,0.0,BRCA,BRCA,BRCA,PRAD,False,False,False
1871,False,0,0.0,UCEC,BRCA,UCEC,UCEC,True,False,False
1872,False,0,0.0,STES,BRCA,STES,GBMLGG,False,False,False
1873,True,1,1.0,KIPAN,KIRC,KIPAN,KIPAN,True,False,True
1874,False,0,0.0,CESC,BRCA,CESC,CESC,True,False,False
1875,False,0,0.0,PCPG,BRCA,PCPG,PCPG,True,False,False
1876,False,0,0.0,PCPG,BRCA,PCPG,SKCM,False,False,False
1877,False,0,0.0,HNSC,BRCA,HNSC,BLCA,False,False,False
1878,False,0,0.0,OV,BRCA,OV,BRCA,False,False,False
1879,False,0,0.0,ACC,BRCA,ACC,ACC,True,False,False
1880,False,0,0.0,PRAD,BRCA,PRAD,PRAD,True,False,False
1881,False,0,0.0,PRAD,BRCA,PRAD,LUAD,False,False,False
1882,True,1,1.0,KIRC,KIPAN,KIPAN,KIRC,True,False,True
1883,False,0,0.0,SKCM,BRCA,SKCM,SKCM,True,False,False
1884,False,0,0.0,PCPG,BRCA,PCPG,PCPG,True,False,False
1885,False,0,0.0,BRCA,BRCA,BRCA,STES,False,False,False
1886,False,0,0.0,PCPG,BRCA,PCPG,LAML,False,False,False
1887,False,0,0.0,KIPAN,BRCA,KIPAN,PRAD,False,False,False
1888,True,1,1.0,LGG,LGG,LGG,GBMLGG,False,False,False
1889,False,0,0.0,CESC,BRCA,CESC,HNSC,False,False,False
1890,False,0,0.0,STES,BRCA,STES,LIHC,False,False,False
1891,False,0,0.0,OV,BRCA,OV,OV,True,False,False
1892,False,0,0.0,HNSC,BRCA,HNSC,HNSC,True,False,False
1893,False,0,0.0,BRCA,BRCA,BRCA,KIRC,False,False,False
1894,False,0,0.0,THCA,BRCA,THCA,SKCM,False,False,False
1895,False,0,0.0,KIPAN,BRCA,KIPAN,KIPAN,True,False,False
1896,False,0,0.0,CESC,BRCA,CESC,BRCA,False,False,False
1897,False,0,0.0,STES,BRCA,STES,KIPAN,False,False,False
1898,False,0,0.0,THCA,BRCA,THCA,THCA,True,False,False
1899,False,0,0.0,LUSC,BRCA,LUSC,HNSC,False,False,False
1900,True,1,1.0,LGG,GBMLGG,LGG,LGG,True,False,True
1901,True,1,1.0,KIPAN,KIRC,KIPAN,KIPAN,True,False,True
1902,False,0,0.0,PAAD,BRCA,PAAD,HNSC,False,False,False
1903,False,0,0.0,BRCA,BRCA,BRCA,BRCA,True,False,False
1904,False,0,0.0,LGG,BRCA,LGG,LGG,True,False,False
1905,False,0,0.0,HNSC,BRCA,HNSC,HNSC,True,False,False
1906,False,0,0.0,BLCA,BRCA,BLCA,BRCA,False,False,False
1907,False,0,0.0,KIPAN,BRCA,KIPAN,KIRC,False,False,False
1908,False,0,0.0,SKCM,BRCA,SKCM,SKCM,True,False,False
1909,False,0,0.0,LUSC,BRCA,LUSC,CESC,False,False,False
1910,True,1,1.0,KIRC,KIPAN,KIRC,KIRC,True,False,True
1911,False,0,0.0,PRAD,BRCA,PRAD,THCA,False,False,False
1912,False,0,0.0,OV,BRCA,OV,PRAD,False,False,False
1913,True,1,1.0,KIPAN,KIRC,KIPAN,KIPAN,True,False,True
1914,False,0,0.0,KIPAN,BRCA,KIPAN,HNSC,False,False,False
1915,False,0,0.0,BRCA,BRCA,BRCA,STES,False,False,False
1916,False,0,0.0,BRCA,BRCA,BRCA,HNSC,False,False,False
1917,False,0,0.0,BRCA,BRCA,BRCA,BRCA,True,False,False
1918,False,0,0.0,BRCA,BRCA,BRCA,BRCA,True,False,False
1919,True,1,1.0,LGG,GBMLGG,LGG,LGG,True,False,True
1920,False,0,0.0,THCA,BRCA,THCA,THCA,True,False,False
1921,False,0,0.0,OV,BRCA,OV,HNSC,False,False,False
1922,False,0,0.0,GBMLGG,BRCA,GBMLGG,GBMLGG,True,False,False
1923,False,0,0.0,PRAD,BRCA,PRAD,PRAD,True,False,False
1924,False,0,0.0,STES,BRCA,STES,STES,True,False,False
1925,False,0,0.0,KIPAN,BRCA,KIPAN,PRAD,False,False,False
1926,False,0,0.0,OV,BRCA,OV,OV,True,False,False
1927,False,0,0.0,LGG,BRCA,LGG,GBMLGG,False,False,False
1928,False,0,0.0,KIRC,BRCA,KIRC,KIRC,True,False,False
1929,False,0,0.0,KIRC,BRCA,KIRC,KIPAN,False,False,False
1930,True,1,1.0,KIPAN,KIRC,KIPAN,KIPAN,True,False,True
1931,False,0,0.0,BRCA,BRCA,BRCA,BRCA,True,False,False
1932,False,0,0.0,KIPAN,BRCA,KIPAN,KIPAN,True,False,False
1933,True,1,1.0,LGG,GBMLGG,LGG,LGG,True,False,True
1934,False,0,0.0,PCPG,BRCA,PCPG,PCPG,True,False,False
1935,False,0,0.0,COAD,BRCA,COAD,STES,False,False,False
1936,False,0,0.0,LAML,BRCA,LAML,LAML,True,False,False
1937,True,1,1.0,KIRC,KIPAN,KIRC,KIRC,True,False,True
1938,False,0,0.0,KIPAN,BRCA,KIPAN,HNSC,False,False,False
1939,False,0,0.0,BRCA,BRCA,BRCA,BRCA,True,False,False
1940,False,0,0.0,BRCA,BRCA,BRCA,BRCA,True,False,False
1941,False,0,0.0,GBMLGG,BRCA,GBMLGG,GBMLGG,True,False,False
1942,False,0,0.0,LUAD,BRCA,LUAD,LUSC,False,False,False
1943,False,0,0.0,KIPAN,BRCA,KIPAN,KIRC,False,False,False
1944,False,0,0.0,STES,BRCA,STES,PAAD,False,False,False
1945,False,0,0.0,HNSC,BRCA,HNSC,HNSC,True,False,False
1946,False,0,0.0,PRAD,BRCA,PRAD,PRAD,True,False,False
1947,False,0,0.0,PRAD,BRCA,PRAD,PRAD,True,False,False
1948,False,0,0.0,THCA,BRCA,THCA,THCA,True,False,False
1949,True,1,1.0,GBMLGG,LGG,GBMLGG,GBMLGG,True,False,True
1950,False,0,0.0,BRCA,BRCA,BRCA,BRCA,True,False,False
1951,False,0,0.0,PRAD,BRCA,PRAD,PRAD,True,False,False
1952,False,0,0.0,KIPAN,BRCA,KIPAN,OV,False,False,False
1953,True,1,1.0,KIRC,KIPAN,KIRC,KIRC,True,False,True
1954,False,0,0.0,LGG,BRCA,LGG,GBMLGG,False,False,False
1955,False,0,0.0,OV,BRCA,OV,OV,True,False,False
1956,False,0,0.0,COAD,BRCA,COAD,COAD,True,False,False
1957,False,0,0.0,LAML,BRCA,LAML,OV,False,False,False
1958,False,0,0.0,KIPAN,BRCA,KIPAN,TGCT,False,False,False
1959,False,0,0.0,PRAD,BRCA,PRAD,PRAD,True,False,False
1960,False,0,0.0,THCA,BRCA,THCA,THCA,True,False,False
1961,False,0,0.0,PRAD,BRCA,PRAD,PRAD,True,False,False
1962,False,0,0.0,LAML,BRCA,LAML,THCA,False,False,False
1963,False,0,0.0,PAAD,BRCA,PAAD,OV,False,False,False
1964,False,0,0.0,STES,BRCA,STES,STES,True,False,False
1965,False,0,0.0,PRAD,BRCA,PRAD,PRAD,True,False,False
1966,False,0,0.0,OV,BRCA,OV,BRCA,False,False,False
1967,False,0,0.0,PAAD,BRCA,PAAD,PAAD,True,False,False
1968,False,0,0.0,PCPG,BRCA,PCPG,THCA,False,False,False
1969,False,0,0.0,STES,BRCA,STES,STES,True,False,False
1970,False,0,0.0,GBMLGG,BRCA,GBMLGG,GBMLGG,True,False,False
1971,False,0,0.0,SARC,BRCA,SARC,PCPG,False,False,False
1972,True,1,1.0,KIPAN,KIRC,KIRC,KIPAN,True,False,True
1973,False,0,0.0,LIHC,BRCA,LIHC,LIHC,True,False,False
1974,False,0,0.0,STES,BRCA,STES,STES,True,False,False
1975,True,1,1.0,KIPAN,KIRC,KIPAN,KIPAN,True,False,True
1976,False,0,0.0,KIPAN,BRCA,KIPAN,KIPAN,True,False,False
1977,False,0,0.0,STES,BRCA,STES,STES,True,False,False
1978,False,0,0.0,PRAD,BRCA,PRAD,THCA,False,False,False
1979,False,0,0.0,HNSC,BRCA,HNSC,HNSC,True,False,False
1980,False,0,0.0,CESC,BRCA,CESC,HNSC,False,False,False
1981,False,0,0.0,PRAD,BRCA,PRAD,KIPAN,False,False,False
1982,False,0,0.0,PCPG,BRCA,PCPG,PCPG,True,False,False
1983,False,0,0.0,OV,BRCA,OV,BRCA,False,False,False
1984,False,0,0.0,PCPG,BRCA,PCPG,THCA,False,False,False
1985,False,0,0.0,CESC,BRCA,CESC,CESC,True,False,False
1986,False,0,0.0,BRCA,BRCA,BRCA,KIPAN,False,False,False
1987,False,0,0.0,CESC,BRCA,CESC,UCEC,False,False,False
1988,False,0,0.0,KIPAN,BRCA,KIPAN,KIPAN,True,False,False
1989,False,0,0.0,COAD,BRCA,COAD,KIPAN,False,False,False
1990,True,1,1.0,KIRC,KIPAN,KIRC,KIRC,True,False,True
1991,True,1,1.0,GBMLGG,LGG,GBMLGG,GBMLGG,True,False,True
1992,False,0,0.0,OV,BRCA,OV,OV,True,False,False
1993,False,0,0.0,TGCT,BRCA,TGCT,KIPAN,False,False,False
1994,False,0,0.0,LUAD,BRCA,LUAD,LUAD,True,False,False
1995,False,0,0.0,LIHC,BRCA,LIHC,LIHC,True,False,False
1996,False,0,0.0,LUAD,BRCA,LUAD,LUAD,True,False,False
1997,False,0,0.0,GBMLGG,BRCA,GBMLGG,GBMLGG,True,False,False
1998,False,0,0.0,TGCT,BRCA,TGCT,TGCT,True,False,False
1999,False,0,0.0,LGG,BRCA,LGG,LGG,True,False,False
2000,False,0,0.0,PRAD,BRCA,PRAD,PCPG,False,False,False
2001,False,0,0.0,BRCA,BRCA,BRCA,SARC,False,False,False
2002,False,0,0.0,PCPG,BRCA,PCPG,THYM,False,False,False
2003,False,0,0.0,KIPAN,BRCA,KIPAN,SARC,False,False,False
2004,True,1,1.0,KIRC,KIPAN,KIRC,KIRC,True,False,True
2005,False,0,0.0,SARC,BRCA,SARC,BRCA,False,False,False
2006,False,0,0.0,KIPAN,BRCA,KIPAN,KIPAN,True,False,False
2007,False,0,0.0,THCA,BRCA,THCA,THCA,True,False,False
2008,False,0,0.0,GBMLGG,BRCA,GBMLGG,GBMLGG,True,False,False
2009,False,0,0.0,LUAD,BRCA,LUAD,LUSC,False,False,False
2010,False,0,0.0,STES,BRCA,STES,COAD,False,False,False
2011,False,0,0.0,THYM,BRCA,THYM,THYM,True,False,False
2012,False,0,0.0,COAD,BRCA,COAD,UCEC,False,False,False
2013,False,0,0.0,KIRC,BRCA,KIRC,KIPAN,False,False,False
2014,False,0,0.0,BRCA,BRCA,BRCA,OV,False,False,False
2015,False,0,0.0,TGCT,BRCA,TGCT,TGCT,True,False,False
2016,False,0,0.0,LUAD,BRCA,LUAD,PAAD,False,False,False
2017,False,0,0.0,STES,BRCA,STES,STES,True,False,False
2018,False,0,0.0,GBMLGG,BRCA,GBMLGG,HNSC,False,False,False
2019,False,0,0.0,LUSC,BRCA,LUSC,LUSC,True,False,False
2020,False,0,0.0,TGCT,BRCA,TGCT,KIPAN,False,False,False
2021,False,0,0.0,LGG,BRCA,LGG,GBMLGG,False,False,False
2022,False,0,0.0,PRAD,BRCA,PRAD,PRAD,True,False,False
2023,False,0,0.0,BRCA,BRCA,BRCA,BRCA,True,False,False
2024,False,0,0.0,BRCA,BRCA,BRCA,PRAD,False,False,False
2025,False,0,0.0,PAAD,BRCA,PAAD,PAAD,True,False,False
2026,False,0,0.0,HNSC,BRCA,HNSC,HNSC,True,False,False
2027,False,0,0.0,KIPAN,BRCA,KIPAN,TGCT,False,False,False
2028,False,0,0.0,GBMLGG,BRCA,GBMLGG,PAAD,False,False,False
2029,False,0,0.0,LUSC,BRCA,LUSC,LUAD,False,False,False
2030,False,0,0.0,BRCA,BRCA,BRCA,BRCA,True,False,False
2031,False,0,0.0,KIPAN,BRCA,KIPAN,BRCA,False,False,False
2032,False,0,0.0,THCA,BRCA,THCA,PCPG,False,False,False
2033,False,0,0.0,GBMLGG,BRCA,GBMLGG,UCEC,False,False,False
2034,True,1,1.0,KIPAN,KIRC,KIRC,KIPAN,True,False,True
2035,False,0,0.0,KIRC,BRCA,KIRC,KIPAN,False,False,False
2036,False,0,0.0,BRCA,BRCA,BRCA,COAD,False,False,False
2037,False,0,0.0,PRAD,BRCA,PRAD,GBMLGG,False,False,False
2038,False,0,0.0,COAD,BRCA,COAD,COAD,True,False,False
2039,False,0,0.0,PCPG,BRCA,PCPG,PCPG,True,False,False
2040,False,0,0.0,KIPAN,BRCA,KIPAN,KIRC,False,False,False
2041,False,0,0.0,BRCA,BRCA,BRCA,LUAD,False,False,False
2042,False,0,0.0,STES,BRCA,STES,COAD,False,False,False
2043,True,15,0.9333333333333333,THCA,THCA,THCA,THCA,True,False,False
2044,False,0,0.0,PRAD,BRCA,PRAD,OV,False,False,False
2045,False,0,0.0,BRCA,BRCA,BRCA,BRCA,True,False,False
2046,False,0,0.0,BRCA,BRCA,BRCA,OV,False,False,False
2047,False,0,0.0,STES,BRCA,STES,STES,True,False,False
2048,False,0,0.0,TGCT,BRCA,TGCT,GBMLGG,False,False,False
2049,False,0,0.0,HNSC,BRCA,HNSC,STES,False,False,False
2050,False,0,0.0,OV,BRCA,OV,OV,True,False,False
2051,False,0,0.0,OV,BRCA,OV,OV,True,False,False
2052,False,0,0.0,OV,BRCA,OV,TGCT,False,False,False
2053,False,0,0.0,OV,BRCA,OV,OV,True,False,False
2054,False,0,0.0,COAD,BRCA,COAD,COAD,True,False,False
2055,False,0,0.0,BLCA,BRCA,BLCA,CESC,False,False,False
2056,False,0,0.0,LGG,BRCA,LGG,LGG,True,False,False
2057,False,0,0.0,CESC,BRCA,CESC,LUAD,False,False,False
2058,False,0,0.0,BRCA,BRCA,BRCA,BRCA,True,False,False
2059,False,0,0.0,THCA,BRCA,THCA,THYM,False,False,False
2060,False,0,0.0,HNSC,BRCA,HNSC,HNSC,True,False,False
2061,False,0,0.0,OV,BRCA,OV,OV,True,False,False
2062,False,0,0.0,LIHC,BRCA,LIHC,SARC,False,False,False
2063,False,0,0.0,STES,BRCA,STES,STES,True,False,False
2064,False,0,0.0,BRCA,BRCA,BRCA,PRAD,False,False,False
2065,False,0,0.0,COAD,BRCA,COAD,COAD,True,False,False
2066,False,0,0.0,OV,BRCA,OV,PAAD,False,False,False
2067,False,0,0.0,GBMLGG,BRCA,GBMLGG,CESC,False,False,False
2068,False,0,0.0,STES,BRCA,STES,STES,True,False,False
2069,False,0,0.0,PCPG,BRCA,PCPG,BRCA,False,False,False
2070,False,0,0.0,UCEC,BRCA,UCEC,COAD,False,False,False
2071,False,0,0.0,LAML,BRCA,LAML,LAML,True,False,False
2072,False,0,0.0,KIPAN,BRCA,KIPAN,LIHC,False,False,False
2073,False,0,0.0,BRCA,BRCA,BRCA,BRCA,True,False,False
2074,True,1,1.0,KIRC,KIPAN,KIRC,KIRC,True,False,True
2075,False,0,0.0,THCA,BRCA,THCA,THCA,True,False,False
2076,False,0,0.0,KIPAN,BRCA,KIPAN,KIRC,False,False,False
2077,False,0,0.0,PRAD,BRCA,PRAD,PCPG,False,False,False
2078,True,1,1.0,KIRC,KIPAN,KIRC,KIRC,True,False,True
2079,False,0,0.0,KIRC,BRCA,KIRC,KIPAN,False,False,False
2080,False,0,0.0,SKCM,BRCA,SKCM,SKCM,True,False,False
2081,False,0,0.0,LUSC,BRCA,LUSC,LUSC,True,False,False
2082,False,0,0.0,THYM,BRCA,THYM,THYM,True,False,False
2083,False,0,0.0,PAAD,BRCA,PAAD,COAD,False,False,False
2084,False,0,0.0,STES,BRCA,STES,STES,True,False,False
2085,False,0,0.0,PAAD,BRCA,PAAD,COAD,False,False,False
2086,False,0,0.0,GBMLGG,BRCA,GBMLGG,GBMLGG,True,False,False
2087,False,0,0.0,LAML,BRCA,LAML,LAML,True,False,False
2088,True,1,1.0,KIPAN,KIRC,KIRC,KIPAN,True,False,True
2089,False,0,0.0,OV,BRCA,OV,OV,True,False,False
2090,False,0,0.0,SKCM,BRCA,SKCM,SKCM,True,False,False
2091,False,0,0.0,KIPAN,BRCA,KIPAN,KIPAN,True,False,False
2092,False,0,0.0,SKCM,BRCA,SKCM,SKCM,True,False,False
2093,False,0,0.0,GBMLGG,BRCA,GBMLGG,HNSC,False,False,False
2094,False,0,0.0,TGCT,BRCA,TGCT,TGCT,True,False,False
2095,True,1,1.0,KIRC,KIPAN,KIRC,KIRC,True,False,True
2096,False,0,0.0,OV,BRCA,OV,SARC,False,False,False
2097,True,1,1.0,KIPAN,KIRC,KIPAN,KIPAN,True,False,True
2098,True,1,1.0,KIRC,KIPAN,KIRC,KIRC,True,False,True
2099,False,0,0.0,BLCA,BRCA,BLCA,BLCA,True,False,False
2100,False,0,0.0,BRCA,BRCA,BRCA,PRAD,False,False,False
2101,False,0,0.0,LGG,BRCA,LGG,GBMLGG,False,False,False
2102,False,0,0.0,THCA,BRCA,THCA,PRAD,False,False,False
2103,False,0,0.0,BRCA,BRCA,BRCA,BRCA,True,False,False
2104,False,0,0.0,LUSC,BRCA,LUSC,LIHC,False,False,False
2105,False,0,0.0,TGCT,BRCA,TGCT,TGCT,True,False,False
2106,False,0,0.0,PCPG,BRCA,PCPG,BRCA,False,False,False
2107,False,0,0.0,OV,BRCA,OV,OV,True,False,False
2108,False,0,0.0,COAD,BRCA,COAD,COAD,True,False,False
2109,False,0,0.0,LUAD,BRCA,LUAD,BRCA,False,False,False
2110,False,0,0.0,BRCA,BRCA,BRCA,STES,False,False,False
2111,False,0,0.0,BRCA,BRCA,BRCA,CESC,False,False,False
2112,False,0,0.0,ACC,BRCA,ACC,ACC,True,False,False
2113,False,0,0.0,STES,BRCA,STES,STES,True,False,False
2114,False,0,0.0,STES,BRCA,STES,STES,True,False,False
2115,False,0,0.0,LAML,BRCA,LAML,GBMLGG,False,False,False
2116,False,0,0.0,LUSC,BRCA,LUSC,HNSC,False,False,False
2117,False,0,0.0,PCPG,BRCA,PCPG,BRCA,False,False,False
2118,False,0,0.0,BRCA,BRCA,BRCA,BRCA,True,False,False
2119,False,0,0.0,LIHC,BRCA,LIHC,KIPAN,False,False,False
2120,False,0,0.0,UCEC,BRCA,UCEC,KIPAN,False,False,False
2121,False,0,0.0,SARC,BRCA,SARC,SARC,True,False,False
2122,True,1,1.0,LGG,GBMLGG,LGG,LGG,True,False,True
2123,False,0,0.0,LUSC,BRCA,LUSC,STES,False,False,False
2124,False,0,0.0,KIRC,BRCA,KIRC,BRCA,False,False,False
2125,False,0,0.0,SARC,BRCA,SARC,KIPAN,False,False,False
2126,False,0,0.0,BRCA,BRCA,BRCA,BRCA,True,False,False
2127,False,0,0.0,STES,BRCA,STES,KIPAN,False,False,False
2128,False,0,0.0,STES,BRCA,STES,LUSC,False,False,False
2129,False,0,0.0,THCA,BRCA,THCA,THCA,True,False,False
2130,False,0,0.0,LGG,BRCA,LGG,LGG,True,False,False
2131,False,0,0.0,STES,BRCA,STES,GBMLGG,False,False,False
2132,False,0,0.0,HNSC,BRCA,HNSC,STES,False,False,False
2133,False,0,0.0,GBMLGG,BRCA,GBMLGG,GBMLGG,True,False,False
2134,False,0,0.0,UCEC,BRCA,UCEC,UCEC,True,False,False
2135,False,0,0.0,LUSC,BRCA,LUSC,DLBC,False,False,False
2136,False,0,0.0,LUAD,BRCA,LUAD,LUAD,True,False,False
2137,False,0,0.0,KIPAN,BRCA,KIPAN,KIPAN,True,False,False
2138,False,0,0.0,LIHC,BRCA,LIHC,LUAD,False,False,False
2139,False,0,0.0,BRCA,BRCA,BRCA,KIPAN,False,False,False
2140,False,0,0.0,LGG,BRCA,LGG,LGG,True,False,False
2141,True,1,1.0,LGG,GBMLGG,LGG,LGG,True,False,True
2142,True,1,1.0,KIPAN,KIRC,KIPAN,KIPAN,True,False,True
2143,True,1,1.0,KIRC,KIRC,KIRC,KIPAN,False,False,False
2144,True,1,1.0,KIRC,KIPAN,KIRC,KIRC,True,False,True
2145,False,0,0.0,GBMLGG,BRCA,GBMLGG,BRCA,False,False,False
2146,False,0,0.0,LUSC,BRCA,LUSC,LUAD,False,False,False
2147,False,0,0.0,SARC,BRCA,SARC,SARC,True,False,False
2148,False,0,0.0,BRCA,BRCA,BRCA,BRCA,True,False,False
2149,False,0,0.0,LUSC,BRCA,LUSC,UCEC,False,False,False
2150,True,1,1.0,OV,KIPAN,OV,KIRC,False,False,False
2151,False,0,0.0,OV,BRCA,OV,OV,True,False,False
2152,False,0,0.0,GBMLGG,BRCA,GBMLGG,LGG,False,False,False
2153,False,0,0.0,KIRC,BRCA,KIRC,BRCA,False,False,False
2154,False,0,0.0,STES,BRCA,STES,PAAD,False,False,False
2155,False,0,0.0,OV,BRCA,OV,OV,True,False,False
2156,False,0,0.0,LAML,BRCA,LAML,LAML,True,False,False
2157,False,0,0.0,BRCA,BRCA,BRCA,ACC,False,False,False
2158,False,0,0.0,KIPAN,BRCA,KIPAN,HNSC,False,False,False
2159,False,0,0.0,STES,BRCA,STES,PAAD,False,False,False
2160,True,1,1.0,GBMLGG,LGG,LGG,GBMLGG,True,False,True
2161,False,0,0.0,SKCM,BRCA,SKCM,SKCM,True,False,False
2162,False,0,0.0,THCA,BRCA,THCA,THCA,True,False,False
2163,False,0,0.0,STES,BRCA,STES,STES,True,False,False
2164,False,0,0.0,BRCA,BRCA,BRCA,BRCA,True,False,False
2165,False,0,0.0,OV,BRCA,OV,COAD,False,False,False
2166,False,0,0.0,BRCA,BRCA,BRCA,SARC,False,False,False
2167,False,0,0.0,GBMLGG,BRCA,GBMLGG,GBMLGG,True,False,False
2168,True,1,1.0,KIPAN,KIRC,KIPAN,KIPAN,True,False,True
2169,False,0,0.0,OV,BRCA,OV,COAD,False,False,False
2170,False,0,0.0,LAML,BRCA,LAML,LAML,True,False,False
2171,False,0,0.0,COAD,BRCA,COAD,COAD,True,False,False
2172,False,0,0.0,PRAD,BRCA,PRAD,BRCA,False,False,False
2173,False,0,0.0,STES,BRCA,STES,OV,False,False,False
2174,False,0,0.0,KIRC,BRCA,KIRC,UCEC,False,False,False
2175,False,0,0.0,STES,BRCA,STES,BRCA,False,False,False
2176,True,2,0.5,KIRC,KIPAN,KIRC,KIRC,True,False,True
2177,False,0,0.0,LIHC,BRCA,LIHC,PRAD,False,False,False
2178,False,0,0.0,BRCA,BRCA,BRCA,SARC,False,False,False
2179,False,0,0.0,THCA,BRCA,THCA,THCA,True,False,False
2180,False,0,0.0,KIPAN,BRCA,KIPAN,SARC,False,False,False
2181,False,0,0.0,TGCT,BRCA,TGCT,TGCT,True,False,False
2182,False,0,0.0,HNSC,BRCA,HNSC,LIHC,False,False,False
2183,False,0,0.0,PCPG,BRCA,PCPG,BRCA,False,False,False
2184,False,0,0.0,SARC,BRCA,SARC,SKCM,False,False,False
2185,False,0,0.0,BRCA,BRCA,BRCA,BRCA,True,False,False
2186,False,0,0.0,SARC,BRCA,SARC,SARC,True,False,False
2187,False,0,0.0,UCEC,BRCA,UCEC,UCEC,True,False,False
2188,True,1,1.0,KIRC,KIPAN,KIRC,KIRC,True,False,True
2189,False,0,0.0,COAD,BRCA,COAD,UCEC,False,False,False
2190,False,0,0.0,OV,BRCA,OV,SARC,False,False,False
2191,False,0,0.0,THCA,BRCA,THCA,PRAD,False,False,False
2192,True,1,1.0,KIPAN,KIRC,KIRC,KIPAN,True,False,True
2193,False,0,0.0,LUAD,BRCA,LUAD,LUAD,True,False,False
2194,False,0,0.0,PAAD,BRCA,PAAD,PAAD,True,False,False
2195,True,1,1.0,KIPAN,KIRC,KIPAN,KIPAN,True,False,True
2196,False,0,0.0,THCA,BRCA,THCA,THCA,True,False,False
2197,False,0,0.0,SARC,BRCA,SARC,THYM,False,False,False
2198,False,0,0.0,KIRC,BRCA,KIRC,KIPAN,False,False,False
2199,False,0,0.0,BRCA,BRCA,BRCA,SKCM,False,False,False
2200,False,0,0.0,GBMLGG,BRCA,GBMLGG,GBMLGG,True,False,False
2201,True,1,1.0,LGG,GBMLGG,LGG,LGG,True,False,True
2202,False,0,0.0,LAML,BRCA,LAML,LAML,True,False,False
2203,False,0,0.0,KIPAN,BRCA,KIPAN,KIRC,False,False,False
2204,False,0,0.0,LGG,BRCA,LGG,LGG,True,False,False
2205,False,0,0.0,PRAD,BRCA,PRAD,THYM,False,False,False
2206,False,0,0.0,KIRC,BRCA,KIRC,KIPAN,False,False,False
2207,False,0,0.0,STES,BRCA,STES,STES,True,False,False
2208,False,0,0.0,BRCA,BRCA,BRCA,BRCA,True,False,False
2209,False,0,0.0,PRAD,BRCA,PRAD,PRAD,True,False,False
2210,False,0,0.0,THCA,BRCA,THCA,THCA,True,False,False
2211,False,0,0.0,STES,BRCA,STES,BRCA,False,False,False
2212,False,0,0.0,CESC,BRCA,CESC,CESC,True,False,False
2213,False,0,0.0,THCA,BRCA,THCA,THCA,True,False,False
2214,True,1,1.0,KIPAN,KIRC,KIRC,KIPAN,True,False,True
2215,False,0,0.0,LUSC,BRCA,LUSC,LUSC,True,False,False
2216,False,0,0.0,THYM,BRCA,THYM,THYM,True,False,False
2217,False,0,0.0,LIHC,BRCA,LIHC,LIHC,True,False,False
2218,False,0,0.0,BRCA,BRCA,BRCA,OV,False,False,False
2219,False,0,0.0,LIHC,BRCA,LIHC,GBMLGG,False,False,False
2220,False,0,0.0,STES,BRCA,STES,KIPAN,False,False,False
2221,False,0,0.0,THYM,BRCA,THYM,BRCA,False,False,False
2222,False,0,0.0,THCA,BRCA,THCA,LAML,False,False,False
2223,True,1,1.0,GBMLGG,LGG,GBMLGG,GBMLGG,True,False,True
2224,False,0,0.0,SARC,BRCA,SARC,SARC,True,False,False
2225,False,0,0.0,LGG,BRCA,LGG,GBMLGG,False,False,False
2226,False,0,0.0,OV,BRCA,OV,BLCA,False,False,False
2227,True,14,0.9285714285714286,THCA,THCA,THCA,THCA,True,False,False
2228,False,0,0.0,BRCA,BRCA,BRCA,BRCA,True,False,False
2229,False,0,0.0,UCEC,BRCA,UCEC,UCEC,True,False,False
2230,False,0,0.0,STES,BRCA,STES,STES,True,False,False
2231,False,0,0.0,LGG,BRCA,LGG,LGG,True,False,False
2232,False,0,0.0,BRCA,BRCA,BRCA,SARC,False,False,False
2233,False,0,0.0,OV,BRCA,OV,OV,True,False,False
2234,False,0,0.0,PRAD,BRCA,PRAD,THCA,False,False,False
2235,True,1,1.0,KIPAN,KIRC,KIPAN,KIPAN,True,False,True
2236,False,0,0.0,LGG,BRCA,LGG,LGG,True,False,False
2237,False,0,0.0,OV,BRCA,OV,BRCA,False,False,False
2238,False,0,0.0,STES,BRCA,STES,STES,True,False,False
2239,False,0,0.0,PRAD,BRCA,PRAD,THCA,False,False,False
2240,False,0,0.0,GBMLGG,BRCA,GBMLGG,GBMLGG,True,False,False
2241,True,1,1.0,KIPAN,KIRC,KIPAN,KIPAN,True,False,True
2242,False,0,0.0,BRCA,BRCA,BRCA,BRCA,True,False,False
2243,False,0,0.0,LUAD,BRCA,LUAD,LUSC,False,False,False
2244,False,0,0.0,STES,BRCA,STES,PAAD,False,False,False
2245,False,0,0.0,SARC,BRCA,SARC,SARC,True,False,False
2246,False,0,0.0,PCPG,BRCA,PCPG,THYM,False,False,False
2247,False,0,0.0,BRCA,BRCA,BRCA,UCEC,False,False,False
2248,False,0,0.0,PRAD,BRCA,PRAD,BRCA,False,False,False
2249,False,0,0.0,SARC,BRCA,SARC,GBMLGG,False,False,False
2250,False,0,0.0,BRCA,BRCA,BRCA,BRCA,True,False,False
2251,False,0,0.0,PRAD,BRCA,PRAD,BRCA,False,False,False
2252,False,0,0.0,CESC,BRCA,CESC,HNSC,False,False,False
2253,False,0,0.0,STES,BRCA,STES,STES,True,False,False
2254,False,0,0.0,GBMLGG,BRCA,GBMLGG,GBMLGG,True,False,False
2255,False,0,0.0,PRAD,BRCA,PRAD,OV,False,False,False
2256,True,1,1.0,LGG,LGG,LGG,GBMLGG,False,False,False
2257,False,0,0.0,THCA,BRCA,THCA,THCA,True,False,False
2258,False,0,0.0,STES,BRCA,STES,HNSC,False,False,False
2259,False,0,0.0,OV,BRCA,OV,SARC,False,False,False
2260,False,0,0.0,UCEC,BRCA,UCEC,UCEC,True,False,False
2261,False,0,0.0,PCPG,BRCA,PCPG,PCPG,True,False,False
2262,False,0,0.0,PCPG,BRCA,PCPG,PCPG,True,False,False
2263,True,1,1.0,KIPAN,KIRC,KIPAN,KIPAN,True,False,True
2264,False,0,0.0,LGG,BRCA,LGG,LGG,True,False,False
2265,False,0,0.0,CESC,BRCA,CESC,CESC,True,False,False
2266,False,0,0.0,BRCA,BRCA,BRCA,OV,False,False,False
2267,False,0,0.0,THYM,BRCA,THYM,PCPG,False,False,False
2268,False,0,0.0,STES,BRCA,STES,BLCA,False,False,False
2269,True,1,1.0,GBMLGG,LGG,GBMLGG,GBMLGG,True,False,True
2270,False,0,0.0,PRAD,BRCA,PRAD,THCA,False,False,False
2271,True,1,1.0,LGG,GBMLGG,LGG,LGG,True,False,True
2272,False,0,0.0,LUSC,BRCA,LUSC,LUAD,False,False,False
2273,False,0,0.0,PRAD,BRCA,PRAD,STES,False,False,False
2274,False,0,0.0,BRCA,BRCA,BRCA,BRCA,True,False,False
2275,False,0,0.0,SARC,BRCA,SARC,CESC,False,False,False
2276,False,0,0.0,KIPAN,BRCA,KIPAN,BRCA,False,False,False
2277,False,0,0.0,COAD,BRCA,COAD,COAD,True,False,False
2278,True,1,1.0,LGG,GBMLGG,LGG,LGG,True,False,True
2279,False,0,0.0,PRAD,BRCA,PRAD,PRAD,True,False,False
2280,True,1,1.0,KIRC,KIPAN,KIRC,KIRC,True,False,True
2281,False,0,0.0,THCA,BRCA,THCA,THCA,True,False,False
2282,False,0,0.0,OV,BRCA,OV,HNSC,False,False,False
2283,False,0,0.0,KIPAN,BRCA,KIPAN,OV,False,False,False
2284,False,0,0.0,THYM,BRCA,THYM,BRCA,False,False,False
2285,False,0,0.0,HNSC,BRCA,HNSC,HNSC,True,False,False
2286,False,0,0.0,ACC,BRCA,ACC,ACC,True,False,False
2287,False,0,0.0,SKCM,BRCA,SKCM,SKCM,True,False,False
2288,False,0,0.0,STES,BRCA,STES,STES,True,False,False
2289,False,0,0.0,STES,BRCA,STES,BRCA,False,False,False
2290,True,1,1.0,LGG,GBMLGG,LGG,LGG,True,False,True
2291,False,0,0.0,GBMLGG,BRCA,GBMLGG,GBMLGG,True,False,False
2292,False,0,0.0,GBMLGG,BRCA,GBMLGG,GBMLGG,True,False,False
2293,True,1,1.0,KIPAN,KIRC,KIPAN,KIPAN,True,False,True
2294,False,0,0.0,BRCA,BRCA,BRCA,TGCT,False,False,False
2295,False,0,0.0,THYM,BRCA,THYM,PRAD,False,False,False
2296,False,0,0.0,LIHC,BRCA,LIHC,LIHC,True,False,False
2297,False,0,0.0,KIRC,BRCA,KIRC,LIHC,False,False,False
2298,False,0,0.0,HNSC,BRCA,HNSC,BLCA,False,False,False
2299,False,0,0.0,STES,BRCA,STES,COAD,False,False,False
2300,False,0,0.0,THCA,BRCA,THCA,THCA,True,False,False
2301,False,0,0.0,OV,BRCA,OV,BRCA,False,False,False
2302,False,0,0.0,CESC,BRCA,CESC,BLCA,False,False,False
2303,False,0,0.0,PRAD,BRCA,PRAD,SARC,False,False,False
2304,False,0,0.0,PCPG,BRCA,PCPG,PCPG,True,False,False
2305,False,0,0.0,HNSC,BRCA,HNSC,STES,False,False,False
2306,False,0,0.0,BRCA,BRCA,BRCA,BRCA,True,False,False
2307,False,0,0.0,LUSC,BRCA,LUSC,LUSC,True,False,False
2308,False,0,0.0,STES,BRCA,STES,STES,True,False,False
2309,False,0,0.0,BRCA,BRCA,BRCA,BRCA,True,False,False
2310,False,0,0.0,STES,BRCA,STES,COAD,False,False,False
2311,False,0,0.0,LUSC,BRCA,LUSC,BLCA,False,False,False
2312,False,0,0.0,SKCM,BRCA,SKCM,SKCM,True,False,False
2313,False,0,0.0,KIPAN,BRCA,KIPAN,KIPAN,True,False,False
2314,False,0,0.0,KIRC,BRCA,KIRC,SKCM,False,False,False
2315,False,0,0.0,THCA,BRCA,THCA,THCA,True,False,False
2316,False,0,0.0,STES,BRCA,STES,STES,True,False,False
2317,False,0,0.0,THYM,BRCA,THYM,LAML,False,False,False
2318,False,0,0.0,BRCA,BRCA,BRCA,UCEC,False,False,False
2319,False,0,0.0,KIRC,BRCA,KIRC,BRCA,False,False,False
2320,True,1,1.0,KIPAN,KIRC,KIPAN,KIPAN,True,False,True
2321,False,0,0.0,LGG,BRCA,LGG,GBMLGG,False,False,False
2322,False,0,0.0,LUSC,BRCA,LUSC,LUSC,True,False,False
2323,False,0,0.0,BRCA,BRCA,BRCA,BLCA,False,False,False
2324,False,0,0.0,BRCA,BRCA,BRCA,BRCA,True,False,False
2325,False,0,0.0,THYM,BRCA,THYM,THCA,False,False,False
2326,False,0,0.0,BLCA,BRCA,BLCA,CESC,False,False,False
2327,False,0,0.0,LGG,BRCA,LGG,GBMLGG,False,False,False
2328,False,0,0.0,LUAD,BRCA,LUAD,LUSC,False,False,False
2329,False,0,0.0,CESC,BRCA,CESC,SARC,False,False,False
2330,False,0,0.0,PRAD,BRCA,PRAD,PCPG,False,False,False
2331,True,1,1.0,KIRC,KIRC,KIRC,KIPAN,False,False,False
2332,False,0,0.0,KIPAN,BRCA,KIPAN,PRAD,False,False,False
2333,False,0,0.0,CESC,BRCA,CESC,CESC,True,False,False
2334,False,0,0.0,GBMLGG,BRCA,GBMLGG,GBMLGG,True,False,False
2335,False,0,0.0,GBMLGG,BRCA,GBMLGG,GBMLGG,True,False,False
2336,True,1,1.0,KIRC,KIPAN,KIRC,KIRC,True,False,True
2337,False,0,0.0,HNSC,BRCA,HNSC,HNSC,True,False,False
2338,False,0,0.0,UCEC,BRCA,UCEC,UCEC,True,False,False
2339,False,0,0.0,PRAD,BRCA,PRAD,THYM,False,False,False
2340,False,0,0.0,GBMLGG,BRCA,GBMLGG,GBMLGG,True,False,False
2341,True,1,1.0,LGG,LGG,LGG,GBMLGG,False,False,False
2342,False,0,0.0,TGCT,BRCA,TGCT,STES,False,False,False
2343,False,0,0.0,BRCA,BRCA,BRCA,BRCA,True,False,False
2344,False,0,0.0,STES,BRCA,STES,UCEC,False,False,False
2345,False,0,0.0,ACC,BRCA,ACC,ACC,True,False,False
2346,False,0,0.0,LUAD,BRCA,LUAD,BRCA,False,False,False
2347,False,0,0.0,UCEC,BRCA,UCEC,UCEC,True,False,False
2348,False,0,0.0,PCPG,BRCA,PCPG,PRAD,False,False,False
2349,False,0,0.0,KIPAN,BRCA,KIPAN,TGCT,False,False,False
2350,False,0,0.0,STES,BRCA,STES,LUAD,False,False,False
2351,False,0,0.0,KIPAN,BRCA,KIPAN,KIPAN,True,False,False
2352,False,0,0.0,GBMLGG,BRCA,GBMLGG,CESC,False,False,False
2353,False,0,0.0,LGG,BRCA,LGG,LGG,True,False,False
2354,False,0,0.0,BLCA,BRCA,BLCA,BLCA,True,False,False
2355,False,0,0.0,PCPG,BRCA,PCPG,PCPG,True,False,False
2356,True,14,0.9285714285714286,THCA,THCA,THCA,THCA,True,False,False
2357,False,0,0.0,STES,BRCA,STES,STES,True,False,False
2358,False,0,0.0,STES,BRCA,STES,PAAD,False,False,False
2359,True,1,1.0,KIRC,KIPAN,KIRC,KIRC,True,False,True
2360,True,1,1.0,KIRC,KIPAN,KIPAN,KIRC,True,False,True
2361,False,0,0.0,STES,BRCA,STES,COAD,False,False,False
2362,False,0,0.0,SKCM,BRCA,SKCM,SKCM,True,False,False
2363,False,0,0.0,SARC,BRCA,SARC,BRCA,False,False,False
2364,False,0,0.0,UCEC,BRCA,UCEC,UCEC,True,False,False
2365,False,0,0.0,LUAD,BRCA,LUAD,LIHC,False,False,False
2366,False,0,0.0,PCPG,BRCA,PCPG,PCPG,True,False,False
2367,False,0,0.0,LUAD,BRCA,LUAD,BRCA,False,False,False
2368,False,0,0.0,TGCT,BRCA,TGCT,TGCT,True,False,False
2369,False,0,0.0,LUSC,BRCA,LUSC,LUAD,False,False,False
2370,False,0,0.0,BRCA,BRCA,BRCA,BRCA,True,False,False
2371,True,1,1.0,LAML,GBMLGG,GBMLGG,LGG,False,False,False
2372,False,0,0.0,OV,BRCA,OV,SARC,False,False,False
2373,False,0,0.0,BRCA,BRCA,BRCA,CESC,False,False,False
2374,False,0,0.0,THYM,BRCA,THYM,HNSC,False,False,False
2375,False,0,0.0,BRCA,BRCA,BRCA,BRCA,True,False,False
2376,False,0,0.0,LUAD,BRCA,LUAD,LUAD,True,False,False
2377,True,1,1.0,KIPAN,KIRC,KIPAN,KIPAN,True,False,True
2378,False,0,0.0,TGCT,BRCA,TGCT,TGCT,True,False,False
2379,False,0,0.0,SKCM,BRCA,SKCM,SKCM,True,False,False
2380,False,0,0.0,PRAD,BRCA,PRAD,PRAD,True,False,False
2381,False,0,0.0,SARC,BRCA,SARC,PCPG,False,False,False
2382,False,0,0.0,PRAD,BRCA,PRAD,PCPG,False,False,False
2383,False,0,0.0,LUSC,BRCA,LUSC,LUAD,False,False,False
2384,False,0,0.0,STES,BRCA,STES,LUSC,False,False,False
2385,False,0,0.0,LAML,BRCA,LAML,LAML,True,False,False
2386,False,0,0.0,STES,BRCA,STES,PAAD,False,False,False
2387,False,0,0.0,STES,BRCA,STES,SARC,False,False,False
2388,False,0,0.0,STES,BRCA,STES,STES,True,False,False
2389,False,0,0.0,COAD,BRCA,COAD,COAD,True,False,False
2390,False,0,0.0,OV,BRCA,OV,OV,True,False,False
2391,False,0,0.0,LAML,BRCA,LAML,OV,False,False,False
2392,False,0,0.0,STES,BRCA,STES,STES,True,False,False
2393,False,0,0.0,GBMLGG,BRCA,GBMLGG,GBMLGG,True,False,False
2394,True,1,1.0,KIPAN,KIRC,KIPAN,KIPAN,True,False,True
2395,False,0,0.0,PCPG,BRCA,PCPG,THCA,False,False,False
2396,False,0,0.0,GBMLGG,BRCA,GBMLGG,PRAD,False,False,False
2397,False,0,0.0,CESC,BRCA,CESC,CESC,True,False,False
2398,False,0,0.0,LIHC,BRCA,LIHC,LIHC,True,False,False
2399,False,0,0.0,HNSC,BRCA,HNSC,LUAD,False,False,False
2400,False,0,0.0,SKCM,BRCA,SKCM,SKCM,True,False,False
2401,False,0,0.0,LUSC,BRCA,LUSC,LUAD,False,False,False
2402,False,0,0.0,PRAD,BRCA,PRAD,PCPG,False,False,False
2403,False,0,0.0,PRAD,BRCA,PRAD,STES,False,False,False
2404,False,0,0.0,THYM,BRCA,THYM,THYM,True,False,False
2405,False,0,0.0,PRAD,BRCA,PRAD,BRCA,False,False,False
2406,False,0,0.0,CESC,BRCA,CESC,BRCA,False,False,False
2407,False,0,0.0,LAML,BRCA,LAML,PRAD,False,False,False
2408,True,1,1.0,KIRC,KIPAN,KIPAN,KIRC,True,False,True
2409,False,0,0.0,BRCA,BRCA,BRCA,KIPAN,False,False,False
2410,False,0,0.0,BRCA,BRCA,BRCA,KIRC,False,False,False
2411,False,0,0.0,COAD,BRCA,COAD,COAD,True,False,False
2412,False,0,0.0,STES,BRCA,STES,STES,True,False,False
2413,False,0,0.0,BRCA,BRCA,BRCA,KIRC,False,False,False
2414,False,0,0.0,THYM,BRCA,THYM,LAML,False,False,False
2415,False,0,0.0,BRCA,BRCA,BRCA,BRCA,True,False,False
2416,False,0,0.0,LUSC,BRCA,LUSC,LUSC,True,False,False
2417,False,0,0.0,KIPAN,BRCA,KIPAN,LUAD,False,False,False
2418,True,1,1.0,LGG,GBMLGG,GBMLGG,LGG,True,False,True
2419,True,1,1.0,KIPAN,KIRC,KIPAN,KIPAN,True,False,True
2420,False,0,0.0,LUSC,BRCA,LUSC,LIHC,False,False,False
2421,False,0,0.0,PRAD,BRCA,PRAD,PRAD,True,False,False
2422,False,0,0.0,COAD,BRCA,COAD,COAD,True,False,False
2423,False,0,0.0,KIPAN,BRCA,KIPAN,KIPAN,True,False,False
2424,False,0,0.0,OV,BRCA,OV,OV,True,False,False
2425,False,0,0.0,BRCA,BRCA,BRCA,OV,False,False,False
2426,False,0,0.0,THYM,BRCA,THYM,KIPAN,False,False,False
2427,False,0,0.0,PRAD,BRCA,PRAD,BRCA,False,False,False
2428,False,0,0.0,THCA,BRCA,THCA,THCA,True,False,False
2429,False,0,0.0,PRAD,BRCA,PRAD,PRAD,True,False,False
2430,False,0,0.0,BRCA,BRCA,BRCA,BRCA,True,False,False
2431,True,1,1.0,GBMLGG,GBMLGG,GBMLGG,LGG,False,False,False
2432,False,0,0.0,STES,BRCA,STES,LUSC,False,False,False
2433,False,0,0.0,THCA,BRCA,THCA,THCA,True,False,False
2434,False,0,0.0,BRCA,BRCA,BRCA,PCPG,False,False,False
2435,False,0,0.0,HNSC,BRCA,HNSC,CESC,False,False,False
2436,False,0,0.0,KIRC,BRCA,KIRC,SKCM,False,False,False
2437,True,1,1.0,KIRC,KIPAN,KIRC,KIRC,True,False,True
2438,False,0,0.0,LAML,BRCA,LAML,LAML,True,False,False
2439,False,0,0.0,KIPAN,BRCA,KIPAN,LIHC,False,False,False
2440,False,0,0.0,HNSC,BRCA,HNSC,HNSC,True,False,False
2441,False,0,0.0,THCA,BRCA,THCA,THCA,True,False,False
2442,False,0,0.0,KIPAN,BRCA,KIPAN,KIPAN,True,False,False
2443,False,0,0.0,HNSC,BRCA,HNSC,LUAD,False,False,False
2444,True,1,1.0,KIRC,KIRC,KIRC,KIPAN,False,False,False
2445,False,0,0.0,GBMLGG,BRCA,GBMLGG,GBMLGG,True,False,False
2446,False,0,0.0,OV,BRCA,OV,BRCA,False,False,False
2447,False,0,0.0,THCA,BRCA,THCA,THCA,True,False,False
2448,False,0,0.0,BRCA,BRCA,BRCA,BRCA,True,False,False
2449,False,0,0.0,BRCA,BRCA,BRCA,PRAD,False,False,False
2450,False,0,0.0,PCPG,BRCA,PCPG,BRCA,False,False,False
2451,True,1,1.0,GBMLGG,LGG,GBMLGG,GBMLGG,True,False,True
2452,False,0,0.0,UCEC,BRCA,UCEC,UCEC,True,False,False
2453,False,0,0.0,SARC,BRCA,SARC,BRCA,False,False,False
2454,False,0,0.0,KIRC,BRCA,KIRC,KIRC,True,False,False
2455,False,0,0.0,STES,BRCA,STES,STES,True,False,False
2456,False,0,0.0,PRAD,BRCA,PRAD,BRCA,False,False,False
2457,False,0,0.0,GBMLGG,BRCA,GBMLGG,GBMLGG,True,False,False
2458,False,0,0.0,KIRC,BRCA,KIRC,KIRC,True,False,False
2459,False,0,0.0,BRCA,BRCA,BRCA,BRCA,True,False,False
2460,False,0,0.0,SARC,BRCA,SARC,PRAD,False,False,False
2461,True,1,1.0,KIPAN,KIRC,KIPAN,KIPAN,True,False,True
2462,False,0,0.0,STES,BRCA,STES,HNSC,False,False,False
2463,False,0,0.0,CESC,BRCA,CESC,BLCA,False,False,False
2464,False,0,0.0,GBMLGG,BRCA,GBMLGG,PRAD,False,False,False
2465,False,0,0.0,COAD,BRCA,COAD,COAD,True,False,False
2466,False,0,0.0,HNSC,BRCA,HNSC,HNSC,True,False,False
2467,False,0,0.0,KIPAN,BRCA,KIPAN,KIPAN,True,False,False
2468,False,0,0.0,SARC,BRCA,SARC,THYM,False,False,False
2469,False,0,0.0,HNSC,BRCA,HNSC,BRCA,False,False,False
2470,False,0,0.0,PRAD,BRCA,PRAD,PCPG,False,False,False
2471,True,1,1.0,GBMLGG,GBMLGG,GBMLGG,LGG,False,False,False
2472,True,1,1.0,KIPAN,KIRC,KIPAN,KIPAN,True,False,True
2473,False,0,0.0,PRAD,BRCA,PRAD,BRCA,False,False,False
2474,False,0,0.0,STES,BRCA,STES,KIPAN,False,False,False
2475,False,0,0.0,COAD,BRCA,COAD,HNSC,False,False,False
2476,True,1,1.0,KIRC,KIPAN,KIRC,KIRC,True,False,True
2477,False,0,0.0,STES,BRCA,STES,BRCA,False,False,False
2478,False,0,0.0,GBMLGG,BRCA,GBMLGG,GBMLGG,True,False,False
2479,False,0,0.0,OV,BRCA,OV,OV,True,False,False
2480,False,0,0.0,OV,BRCA,OV,BRCA,False,False,False
2481,False,0,0.0,STES,BRCA,STES,UCEC,False,False,False
2482,False,0,0.0,BRCA,BRCA,BRCA,PCPG,False,False,False
2483,False,0,0.0,BRCA,BRCA,BRCA,BRCA,True,False,False
2484,False,0,0.0,KIPAN,BRCA,KIPAN,KIPAN,True,False,False
2485,False,0,0.0,PCPG,BRCA,PCPG,PRAD,False,False,False
2486,False,0,0.0,LIHC,BRCA,LIHC,LUSC,False,False,False
2487,False,0,0.0,TGCT,BRCA,TGCT,TGCT,True,False,False
2488,False,0,0.0,SARC,BRCA,SARC,GBMLGG,False,False,False
2489,False,0,0.0,BLCA,BRCA,BLCA,BLCA,True,False,False
2490,False,0,0.0,SKCM,BRCA,SKCM,SKCM,True,False,False
2491,False,0,0.0,SKCM,BRCA,SKCM,SKCM,True,False,False
2492,False,0,0.0,HNSC,BRCA,HNSC,PAAD,False,False,False
2493,False,0,0.0,SARC,BRCA,SARC,SARC,True,False,False
2494,True,1,1.0,KIPAN,KIRC,KIPAN,KIPAN,True,False,True
2495,False,0,0.0,ACC,BRCA,ACC,ACC,True,False,False
2496,True,1,1.0,LGG,LGG,LGG,GBMLGG,False,False,False
2497,False,0,0.0,BRCA,BRCA,BRCA,CESC,False,False,False
2498,True,1,1.0,KIRC,KIPAN,KIRC,KIRC,True,False,True
2499,False,0,0.0,OV,BRCA,OV,OV,True,False,False
2500,False,0,0.0,STES,BRCA,STES,GBMLGG,False,False,False
2501,False,0,0.0,SKCM,BRCA,SKCM,SARC,False,False,False
2502,False,0,0.0,KIPAN,BRCA,KIPAN,SARC,False,False,False
2503,False,0,0.0,PRAD,BRCA,PRAD,PCPG,False,False,False
2504,False,0,0.0,OV,BRCA,OV,SARC,False,False,False
2505,False,0,0.0,CESC,BRCA,CESC,LUAD,False,False,False
2506,True,1,1.0,KIPAN,KIRC,KIPAN,KIPAN,True,False,True
2507,False,0,0.0,OV,BRCA,OV,OV,True,False,False
2508,False,0,0.0,BRCA,BRCA,BRCA,PAAD,False,False,False
2509,False,0,0.0,HNSC,BRCA,HNSC,PAAD,False,False,False
2510,False,0,0.0,LUSC,BRCA,LUSC,LUAD,False,False,False
2511,False,0,0.0,SARC,BRCA,SARC,CESC,False,False,False
2512,True,1,1.0,GBMLGG,LGG,LGG,GBMLGG,True,False,True
2513,False,0,0.0,HNSC,BRCA,HNSC,UCEC,False,False,False
2514,False,0,0.0,LAML,BRCA,LAML,LAML,True,False,False
2515,False,0,0.0,THYM,BRCA,THYM,THYM,True,False,False
2516,False,0,0.0,KIPAN,BRCA,KIPAN,KIPAN,True,False,False
2517,False,0,0.0,KIPAN,BRCA,KIPAN,KIPAN,True,False,False
2518,False,0,0.0,BRCA,BRCA,BRCA,BRCA,True,False,False
2519,False,0,0.0,PAAD,BRCA,PAAD,BRCA,False,False,False
2520,False,0,0.0,COAD,BRCA,COAD,COAD,True,False,False
2521,False,0,0.0,LUSC,BRCA,LUSC,LUSC,True,False,False
2522,False,0,0.0,KIPAN,BRCA,KIPAN,PRAD,False,False,False
2523,False,0,0.0,LUSC,BRCA,LUSC,BLCA,False,False,False
2524,False,0,0.0,KIPAN,BRCA,KIPAN,TGCT,False,False,False
2525,False,0,0.0,LAML,BRCA,LAML,LAML,True,False,False
2526,False,0,0.0,STES,BRCA,STES,STES,True,False,False
2527,False,0,0.0,PCPG,BRCA,PCPG,PCPG,True,False,False
2528,False,0,0.0,THCA,BRCA,THCA,BRCA,False,False,False
2529,False,0,0.0,KIPAN,BRCA,KIPAN,KIPAN,True,False,False
2530,False,0,0.0,UCEC,BRCA,UCEC,UCEC,True,False,False
2531,False,0,0.0,THYM,BRCA,THYM,CESC,False,False,False
2532,False,0,0.0,HNSC,BRCA,HNSC,PAAD,False,False,False
2533,False,0,0.0,BRCA,BRCA,BRCA,BRCA,True,False,False
2534,False,0,0.0,BRCA,BRCA,BRCA,BRCA,True,False,False
2535,True,1,1.0,LGG,GBMLGG,LGG,LGG,True,False,True
2536,True,1,1.0,KIRC,KIPAN,KIRC,KIRC,True,False,True
2537,False,0,0.0,PRAD,BRCA,PRAD,PRAD,True,False,False
2538,False,0,0.0,LUSC,BRCA,LUSC,LUSC,True,False,False
2539,False,0,0.0,GBMLGG,BRCA,GBMLGG,GBMLGG,True,False,False
2540,False,0,0.0,BLCA,BRCA,BLCA,BLCA,True,False,False
2541,False,0,0.0,LUAD,BRCA,LUAD,DLBC,False,False,False
2542,False,0,0.0,KIPAN,BRCA,KIPAN,LUAD,False,False,False
2543,False,0,0.0,LUAD,BRCA,LUAD,LUAD,True,False,False
2544,False,0,0.0,CESC,BRCA,CESC,HNSC,False,False,False
2545,False,0,0.0,THYM,BRCA,THYM,THYM,True,False,False
2546,False,0,0.0,OV,BRCA,OV,BRCA,False,False,False
2547,False,0,0.0,SARC,BRCA,SARC,GBMLGG,False,False,False
2548,True,1,1.0,LGG,GBMLGG,LGG,LGG,True,False,True
2549,False,0,0.0,HNSC,BRCA,HNSC,BRCA,False,False,False
2550,False,0,0.0,LIHC,BRCA,LIHC,LIHC,True,False,False
2551,False,0,0.0,CESC,BRCA,CESC,HNSC,False,False,False
2552,False,0,0.0,SKCM,BRCA,SKCM,SKCM,True,False,False
2553,False,0,0.0,HNSC,BRCA,HNSC,CESC,False,False,False
2554,False,0,0.0,COAD,BRCA,COAD,COAD,True,False,False
2555,True,1,1.0,KIRC,KIRC,KIRC,KIPAN,False,False,False
2556,False,0,0.0,LIHC,BRCA,LIHC,STES,False,False,False
2557,False,0,0.0,PRAD,BRCA,PRAD,PRAD,True,False,False
2558,False,0,0.0,OV,BRCA,OV,BRCA,False,False,False
2559,False,0,0.0,PRAD,BRCA,PRAD,THCA,False,False,False
2560,False,0,0.0,HNSC,BRCA,HNSC,HNSC,True,False,False
2561,False,0,0.0,KIRC,BRCA,KIRC,CESC,False,False,False
2562,False,0,0.0,GBMLGG,BRCA,GBMLGG,STES,False,False,False
2563,False,0,0.0,BRCA,BRCA,BRCA,BRCA,True,False,False
2564,False,0,0.0,ACC,BRCA,ACC,ACC,True,False,False
2565,True,1,1.0,KIPAN,KIPAN,KIPAN,KIRC,False,False,False
2566,True,1,1.0,LGG,GBMLGG,LGG,LGG,True,False,True
2567,False,0,0.0,SARC,BRCA,SARC,LIHC,False,False,False
2568,False,0,0.0,SARC,BRCA,SARC,SARC,True,False,False
2569,True,1,1.0,KIPAN,KIRC,KIPAN,KIPAN,True,False,True
2570,False,0,0.0,THCA,BRCA,THCA,THCA,True,False,False
2571,False,0,0.0,BRCA,BRCA,BRCA,BRCA,True,False,False
2572,False,0,0.0,HNSC,BRCA,HNSC,HNSC,True,False,False
2573,False,0,0.0,LGG,BRCA,LGG,GBMLGG,False,False,False
2574,False,0,0.0,BRCA,BRCA,BRCA,HNSC,False,False,False
2575,False,0,0.0,UCEC,BRCA,UCEC,UCEC,True,False,False
2576,False,0,0.0,SKCM,BRCA,SKCM,SKCM,True,False,False
2577,False,0,0.0,COAD,BRCA,COAD,COAD,True,False,False
2578,False,0,0.0,LUAD,BRCA,LUAD,LUAD,True,False,False
2579,False,0,0.0,SARC,BRCA,SARC,LUAD,False,False,False
2580,False,0,0.0,LGG,BRCA,LGG,LGG,True,False,False
2581,False,0,0.0,BRCA,BRCA,BRCA,BRCA,True,False,False
2582,False,0,0.0,LUSC,BRCA,LUSC,LUSC,True,False,False
2583,False,0,0.0,BRCA,BRCA,BRCA,HNSC,False,False,False
2584,False,0,0.0,STES,BRCA,STES,LIHC,False,False,False
2585,False,0,0.0,GBMLGG,BRCA,GBMLGG,GBMLGG,True,False,False
2586,False,0,0.0,PRAD,BRCA,PRAD,BRCA,False,False,False
2587,False,0,0.0,OV,BRCA,OV,OV,True,False,False
2588,False,0,0.0,COAD,BRCA,COAD,COAD,True,False,False
2589,False,0,0.0,PCPG,BRCA,PCPG,SARC,False,False,False
2590,True,1,1.0,LGG,LGG,LGG,GBMLGG,False,False,False
2591,False,0,0.0,OV,BRCA,OV,LAML,False,False,False
2592,False,0,0.0,ACC,BRCA,ACC,ACC,True,False,False
2593,False,0,0.0,CESC,BRCA,CESC,CESC,True,False,False
2594,True,1,1.0,LGG,GBMLGG,LGG,LGG,True,False,True
2595,False,0,0.0,KIPAN,BRCA,KIPAN,KIPAN,True,False,False
2596,False,0,0.0,THCA,BRCA,THCA,PRAD,False,False,False
2597,False,0,0.0,LUSC,BRCA,LUSC,LUSC,True,False,False
2598,False,0,0.0,BRCA,BRCA,BRCA,BRCA,True,False,False
2599,False,0,0.0,HNSC,BRCA,HNSC,GBMLGG,False,False,False
2600,False,0,0.0,PRAD,BRCA,PRAD,PCPG,False,False,False
2601,False,0,0.0,CESC,BRCA,CESC,BRCA,False,False,False
2602,False,0,0.0,STES,BRCA,STES,STES,True,False,False
2603,False,0,0.0,BRCA,BRCA,BRCA,CESC,False,False,False
2604,False,0,0.0,BRCA,BRCA,BRCA,PRAD,False,False,False
2605,False,0,0.0,PRAD,BRCA,PRAD,KIRC,False,False,False
2606,False,0,0.0,BRCA,BRCA,BRCA,OV,False,False,False
2607,True,1,1.0,KIRC,KIPAN,KIRC,KIRC,True,False,True
2608,False,0,0.0,OV,BRCA,OV,PRAD,False,False,False
2609,False,0,0.0,LAML,BRCA,LAML,PRAD,False,False,False
2610,True,1,1.0,KIRC,KIRC,KIRC,KIPAN,False,False,False
2611,False,0,0.0,PRAD,BRCA,PRAD,BRCA,False,False,False
2612,False,0,0.0,OV,BRCA,OV,BRCA,False,False,False
2613,False,0,0.0,THYM,BRCA,THYM,PRAD,False,False,False
2614,False,0,0.0,LIHC,BRCA,LIHC,BRCA,False,False,False
2615,True,1,1.0,LGG,GBMLGG,LGG,LGG,True,False,True
2616,False,0,0.0,BRCA,BRCA,BRCA,BRCA,True,False,False
2617,True,3,1.0,LAML,LAML,LAML,LAML,True,False,False
2618,True,1,1.0,GBMLGG,LGG,GBMLGG,GBMLGG,True,False,True
2619,False,0,0.0,BRCA,BRCA,BRCA,BRCA,True,False,False
2620,True,1,1.0,GBMLGG,LGG,GBMLGG,GBMLGG,True,False,True
2621,False,0,0.0,GBMLGG,BRCA,GBMLGG,GBMLGG,True,False,False
2622,False,0,0.0,STES,BRCA,STES,BRCA,False,False,False
2623,False,0,0.0,PRAD,BRCA,PRAD,BRCA,False,False,False
2624,False,0,0.0,BRCA,BRCA,BRCA,BRCA,True,False,False
2625,False,0,0.0,PAAD,BRCA,PAAD,SARC,False,False,False
2626,False,0,0.0,CESC,BRCA,CESC,BLCA,False,False,False
2627,False,0,0.0,OV,BRCA,OV,OV,True,False,False
2628,False,0,0.0,THYM,BRCA,THYM,THYM,True,False,False
2629,False,0,0.0,KIPAN,BRCA,KIPAN,GBMLGG,False,False,False
2630,False,0,0.0,THYM,BRCA,THYM,THCA,False,False,False
2631,False,0,0.0,PRAD,BRCA,PRAD,PRAD,True,False,False
2632,False,0,0.0,LUSC,BRCA,LUSC,UCEC,False,False,False
2633,False,0,0.0,KIPAN,BRCA,KIPAN,GBMLGG,False,False,False
2634,True,1,1.0,KIRC,KIPAN,KIRC,KIRC,True,False,True
2635,False,0,0.0,STES,BRCA,STES,GBMLGG,False,False,False
2636,False,0,0.0,CESC,BRCA,CESC,BLCA,False,False,False
2637,False,0,0.0,SARC,BRCA,SARC,LUAD,False,False,False
2638,False,0,0.0,BRCA,BRCA,BRCA,STES,False,False,False
2639,False,0,0.0,THYM,BRCA,THYM,STES,False,False,False
2640,False,0,0.0,OV,BRCA,OV,OV,True,False,False
2641,False,0,0.0,UCEC,BRCA,UCEC,STES,False,False,False
2642,False,0,0.0,THCA,BRCA,THCA,PCPG,False,False,False
2643,False,0,0.0,TGCT,BRCA,TGCT,BRCA,False,False,False
2644,False,0,0.0,THCA,BRCA,THCA,THCA,True,False,False
2645,False,0,0.0,PCPG,BRCA,PCPG,GBMLGG,False,False,False
2646,False,0,0.0,THYM,BRCA,THYM,THCA,False,False,False
2647,False,0,0.0,COAD,BRCA,COAD,COAD,True,False,False
2648,False,0,0.0,UCEC,BRCA,UCEC,BRCA,False,False,False
2649,False,0,0.0,SKCM,BRCA,SKCM,SKCM,True,False,False
2650,False,0,0.0,LGG,BRCA,LGG,GBMLGG,False,False,False
2651,False,0,0.0,BRCA,BRCA,BRCA,BRCA,True,False,False
2652,False,0,0.0,KIRC,BRCA,KIRC,KIRC,True,False,False
2653,False,0,0.0,PRAD,BRCA,PRAD,PRAD,True,False,False
2654,False,0,0.0,BRCA,BRCA,BRCA,HNSC,False,False,False
2655,False,0,0.0,PRAD,BRCA,PRAD,PRAD,True,False,False
2656,False,0,0.0,LUAD,BRCA,LUAD,LUAD,True,False,False
2657,False,0,0.0,KIPAN,BRCA,KIPAN,KIPAN,True,False,False
2658,False,0,0.0,BRCA,BRCA,BRCA,BRCA,True,False,False
2659,False,0,0.0,PRAD,BRCA,PRAD,PRAD,True,False,False
2660,True,1,1.0,KIPAN,KIRC,KIPAN,KIPAN,True,False,True
2661,False,0,0.0,DLBC,BRCA,DLBC,PRAD,False,False,False
2662,False,0,0.0,BRCA,BRCA,BRCA,BRCA,True,False,False
2663,False,0,0.0,STES,BRCA,STES,STES,True,False,False
2664,False,0,0.0,KIPAN,BRCA,KIPAN,TGCT,False,False,False
2665,False,0,0.0,OV,BRCA,OV,KIPAN,False,False,False
2666,False,0,0.0,THCA,BRCA,THCA,LAML,False,False,False
2667,False,0,0.0,OV,BRCA,OV,SKCM,False,False,False
2668,False,0,0.0,PRAD,BRCA,PRAD,BRCA,False,False,False
2669,False,0,0.0,ACC,BRCA,ACC,ACC,True,False,False
2670,False,0,0.0,GBMLGG,BRCA,GBMLGG,UCEC,False,False,False
2671,False,0,0.0,PAAD,BRCA,PAAD,PAAD,True,False,False
2672,False,0,0.0,OV,BRCA,OV,OV,True,False,False
2673,True,1,1.0,KIPAN,KIRC,KIPAN,KIPAN,True,False,True
2674,False,0,0.0,LIHC,BRCA,LIHC,KIPAN,False,False,False
2675,False,0,0.0,LUSC,BRCA,LUSC,SKCM,False,False,False
2676,False,0,0.0,OV,BRCA,OV,OV,True,False,False
2677,False,0,0.0,OV,BRCA,OV,BRCA,False,False,False
2678,False,0,0.0,GBMLGG,BRCA,GBMLGG,GBMLGG,True,False,False
2679,False,0,0.0,KIRC,BRCA,KIRC,PAAD,False,False,False
2680,False,0,0.0,THCA,BRCA,THCA,THCA,True,False,False
2681,False,0,0.0,KIRC,BRCA,KIRC,TGCT,False,False,False
2682,False,0,0.0,LIHC,BRCA,LIHC,LIHC,True,False,False
2683,False,0,0.0,BRCA,BRCA,BRCA,GBMLGG,False,False,False
2684,True,1,1.0,KIPAN,KIRC,KIPAN,KIPAN,True,False,True
2685,False,0,0.0,STES,BRCA,STES,STES,True,False,False
2686,False,0,0.0,UCEC,BRCA,UCEC,LUSC,False,False,False
2687,False,0,0.0,LAML,BRCA,LAML,LAML,True,False,False
2688,False,0,0.0,PRAD,BRCA,PRAD,PRAD,True,False,False
2689,False,0,0.0,PRAD,BRCA,PRAD,PRAD,True,False,False
2690,False,0,0.0,PAAD,BRCA,PAAD,PAAD,True,False,False
2691,False,0,0.0,PAAD,BRCA,PAAD,PAAD,True,False,False
2692,False,0,0.0,PAAD,BRCA,PAAD,PAAD,True,False,False
2693,False,0,0.0,LGG,BRCA,LGG,GBMLGG,False,False,False
2694,True,1,1.0,KIRC,KIPAN,KIRC,KIRC,True,False,True
2695,False,0,0.0,LIHC,BRCA,LIHC,LIHC,True,False,False
2696,False,0,0.0,STES,BRCA,STES,PAAD,False,False,False
2697,False,0,0.0,OV,BRCA,OV,BRCA,False,False,False
2698,False,0,0.0,BRCA,BRCA,BRCA,BRCA,True,False,False
2699,False,0,0.0,COAD,BRCA,COAD,COAD,True,False,False
2700,False,0,0.0,BRCA,BRCA,BRCA,KIPAN,False,False,False
2701,False,0,0.0,SARC,BRCA,SARC,SARC,True,False,False
2702,False,0,0.0,UCEC,BRCA,UCEC,UCEC,True,False,False
2703,False,0,0.0,STES,BRCA,STES,STES,True,False,False
2704,False,0,0.0,THYM,BRCA,THYM,SARC,False,False,False
2705,False,0,0.0,OV,BRCA,OV,BRCA,False,False,False
2706,False,0,0.0,BRCA,BRCA,BRCA,STES,False,False,False
2707,False,0,0.0,BRCA,BRCA,BRCA,BRCA,True,False,False
2708,False,0,0.0,PRAD,BRCA,PRAD,THYM,False,False,False
2709,False,0,0.0,BRCA,BRCA,BRCA,LIHC,False,False,False
2710,False,0,0.0,BRCA,BRCA,BRCA,SARC,False,False,False
2711,False,0,0.0,BRCA,BRCA,BRCA,BRCA,True,False,False
2712,False,0,0.0,BRCA,BRCA,BRCA,KIPAN,False,False,False
2713,False,0,0.0,BRCA,BRCA,BRCA,BRCA,True,False,False
2714,False,0,0.0,BRCA,BRCA,BRCA,SKCM,False,False,False
2715,False,0,0.0,THCA,BRCA,THCA,THCA,True,False,False
2716,True,1,1.0,KIRC,KIPAN,KIRC,KIRC,True,False,True
2717,False,0,0.0,PCPG,BRCA,PCPG,BRCA,False,False,False
2718,False,0,0.0,UCEC,BRCA,UCEC,UCEC,True,False,False
2719,False,0,0.0,LGG,BRCA,LGG,LGG,True,False,False
2720,True,1,1.0,KIRC,KIPAN,KIRC,KIRC,True,False,True
2721,False,0,0.0,KIPAN,BRCA,KIPAN,KIPAN,True,False,False
2722,False,0,0.0,KIPAN,BRCA,KIPAN,KIPAN,True,False,False
2723,False,0,0.0,LIHC,BRCA,LIHC,BLCA,False,False,False
2724,False,0,0.0,SKCM,BRCA,SKCM,SKCM,True,False,False
2725,False,0,0.0,CESC,BRCA,CESC,CESC,True,False,False
2726,False,0,0.0,BRCA,BRCA,BRCA,LIHC,False,False,False
2727,False,0,0.0,OV,BRCA,OV,PAAD,False,False,False
2728,False,0,0.0,THYM,BRCA,THYM,BRCA,False,False,False
2729,False,0,0.0,KIRC,BRCA,KIRC,BRCA,False,False,False
2730,True,1,1.0,GBMLGG,LGG,LGG,GBMLGG,True,False,True
2731,False,0,0.0,SKCM,BRCA,SKCM,SKCM,True,False,False
2732,False,0,0.0,LUSC,BRCA,LUSC,LUSC,True,False,False
2733,True,1,1.0,KIPAN,KIRC,KIPAN,KIPAN,True,False,True
2734,False,0,0.0,HNSC,BRCA,HNSC,STES,False,False,False
2735,False,0,0.0,STES,BRCA,STES,STES,True,False,False
2736,False,0,0.0,GBMLGG,BRCA,GBMLGG,GBMLGG,True,False,False
2737,False,0,0.0,LAML,BRCA,LAML,LAML,True,False,False
2738,False,0,0.0,LUSC,BRCA,LUSC,LUSC,True,False,False
2739,False,0,0.0,PCPG,BRCA,PCPG,PCPG,True,False,False
2740,False,0,0.0,UCEC,BRCA,UCEC,UCEC,True,False,False
2741,False,0,0.0,BRCA,BRCA,BRCA,BRCA,True,False,False
2742,True,1,1.0,KIRC,KIPAN,KIRC,KIRC,True,False,True
2743,False,0,0.0,COAD,BRCA,COAD,COAD,True,False,False
2744,False,0,0.0,HNSC,BRCA,HNSC,HNSC,True,False,False
2745,True,1,1.0,KIRC,KIPAN,KIRC,KIRC,True,False,True
2746,False,0,0.0,BRCA,BRCA,BRCA,BRCA,True,False,False
2747,False,0,0.0,BRCA,BRCA,BRCA,BRCA,True,False,False
2748,False,0,0.0,STES,BRCA,STES,LUAD,False,False,False
2749,True,1,1.0,LGG,LGG,LGG,GBMLGG,False,False,False
2750,False,0,0.0,HNSC,BRCA,HNSC,HNSC,True,False,False
2751,False,0,0.0,THCA,BRCA,THCA,LUAD,False,False,False
2752,False,0,0.0,HNSC,BRCA,HNSC,THYM,False,False,False
2753,True,14,0.9285714285714286,THCA,THCA,THCA,THCA,True,False,False
2754,False,0,0.0,LAML,BRCA,LAML,THYM,False,False,False
2755,True,1,1.0,KIRC,KIPAN,KIRC,KIRC,True,False,True
2756,False,0,0.0,PRAD,BRCA,PRAD,PRAD,True,False,False
2757,False,0,0.0,STES,BRCA,STES,STES,True,False,False
2758,False,0,0.0,TGCT,BRCA,TGCT,TGCT,True,False,False
2759,False,0,0.0,LUSC,BRCA,LUSC,LUSC,True,False,False
2760,False,0,0.0,BRCA,BRCA,BRCA,BRCA,True,False,False
2761,False,0,0.0,LGG,BRCA,LGG,LGG,True,False,False
2762,False,0,0.0,SKCM,BRCA,SKCM,SKCM,True,False,False
2763,False,0,0.0,BRCA,BRCA,BRCA,GBMLGG,False,False,False
2764,False,0,0.0,GBMLGG,BRCA,GBMLGG,GBMLGG,True,False,False
2765,False,0,0.0,LUAD,BRCA,LUAD,STES,False,False,False
2766,False,0,0.0,OV,BRCA,OV,OV,True,False,False
2767,True,1,1.0,KIRC,KIPAN,KIPAN,KIRC,True,False,True
2768,False,0,0.0,SKCM,BRCA,SKCM,SKCM,True,False,False
2769,False,0,0.0,STES,BRCA,STES,STES,True,False,False
2770,False,0,0.0,PRAD,BRCA,PRAD,THYM,False,False,False
2771,False,0,0.0,KIRC,BRCA,KIRC,KIPAN,False,False,False
2772,False,0,0.0,BRCA,BRCA,BRCA,CESC,False,False,False
2773,False,0,0.0,PCPG,BRCA,PCPG,SARC,False,False,False
2774,False,0,0.0,KIRC,BRCA,KIRC,LIHC,False,False,False
2775,False,0,0.0,CESC,BRCA,CESC,CESC,True,False,False
2776,False,0,0.0,THYM,BRCA,THYM,THYM,True,False,False
2777,False,0,0.0,ACC,BRCA,ACC,ACC,True,False,False
2778,False,0,0.0,THYM,BRCA,THYM,THCA,False,False,False
2779,False,0,0.0,BRCA,BRCA,BRCA,BRCA,True,False,False
2780,False,0,0.0,CESC,BRCA,CESC,CESC,True,False,False
2781,False,0,0.0,BRCA,BRCA,BRCA,KIPAN,False,False,False
2782,False,0,0.0,UCEC,BRCA,UCEC,UCEC,True,False,False
2783,False,0,0.0,STES,BRCA,STES,STES,True,False,False
2784,False,0,0.0,OV,BRCA,OV,OV,True,False,False
2785,False,0,0.0,LUAD,BRCA,LUAD,LUSC,False,False,False
2786,False,0,0.0,COAD,BRCA,COAD,COAD,True,False,False
2787,False,0,0.0,BRCA,BRCA,BRCA,SARC,False,False,False
2788,False,0,0.0,OV,BRCA,OV,OV,True,False,False
2789,True,1,1.0,KIPAN,KIRC,KIPAN,KIPAN,True,False,True
2790,False,0,0.0,UCEC,BRCA,UCEC,UCEC,True,False,False
2791,False,0,0.0,LUSC,BRCA,LUSC,LUSC,True,False,False
2792,False,0,0.0,SARC,BRCA,SARC,GBMLGG,False,False,False
2793,True,1,1.0,BRCA,GBMLGG,BRCA,LGG,False,False,False
2794,False,0,0.0,THYM,BRCA,THYM,THYM,True,False,False
2795,False,0,0.0,COAD,BRCA,COAD,COAD,True,False,False
2796,False,0,0.0,THYM,BRCA,THYM,BRCA,False,False,False
2797,False,0,0.0,GBMLGG,BRCA,GBMLGG,SARC,False,False,False
2798,True,1,1.0,KIRC,KIPAN,KIRC,KIRC,True,False,True
2799,True,1,1.0,KIRC,KIPAN,KIRC,KIRC,True,False,True
2800,False,0,0.0,COAD,BRCA,COAD,COAD,True,False,False
2801,False,0,0.0,STES,BRCA,STES,STES,True,False,False
2802,False,0,0.0,PRAD,BRCA,PRAD,UCEC,False,False,False
2803,False,0,0.0,CESC,BRCA,CESC,BRCA,False,False,False
2804,False,0,0.0,SARC,BRCA,SARC,GBMLGG,False,False,False
2805,False,0,0.0,KIPAN,BRCA,KIPAN,KIPAN,True,False,False
2806,True,1,1.0,LGG,GBMLGG,LGG,LGG,True,False,True
2807,False,0,0.0,BRCA,BRCA,BRCA,PCPG,False,False,False
2808,False,0,0.0,TGCT,BRCA,TGCT,TGCT,True,False,False
2809,True,1,1.0,KIRC,KIPAN,KIRC,KIRC,True,False,True
2810,True,1,1.0,KIRC,KIPAN,KIRC,KIRC,True,False,True
2811,False,0,0.0,BRCA,BRCA,BRCA,PCPG,False,False,False
2812,False,0,0.0,STES,BRCA,STES,LUSC,False,False,False
2813,False,0,0.0,LAML,BRCA,LAML,THCA,False,False,False
2814,False,0,0.0,DLBC,BRCA,DLBC,DLBC,True,False,False
2815,True,1,1.0,GBMLGG,LGG,GBMLGG,GBMLGG,True,False,True
2816,True,1,1.0,KIRC,KIPAN,KIRC,KIPAN,False,True,False
2817,False,0,0.0,LAML,BRCA,LAML,LAML,True,False,False
2818,False,0,0.0,HNSC,BRCA,HNSC,LUAD,False,False,False
2819,False,0,0.0,KIPAN,BRCA,KIPAN,KIPAN,True,False,False
2820,False,0,0.0,SARC,BRCA,SARC,LUAD,False,False,False
2821,True,1,1.0,LGG,GBMLGG,LGG,LGG,True,False,True
2822,False,0,0.0,UCEC,BRCA,UCEC,UCEC,True,False,False
2823,False,0,0.0,THYM,BRCA,THYM,LUSC,False,False,False
2824,False,0,0.0,PRAD,BRCA,PRAD,PRAD,True,False,False
2825,False,0,0.0,OV,BRCA,OV,PAAD,False,False,False
2826,False,0,0.0,KIPAN,BRCA,KIPAN,PRAD,False,False,False
2827,False,0,0.0,LUSC,BRCA,LUSC,LUSC,True,False,False
2828,True,1,1.0,GBMLGG,LGG,GBMLGG,GBMLGG,True,False,True
2829,False,0,0.0,STES,BRCA,STES,LUAD,False,False,False
2830,False,0,0.0,KIPAN,BRCA,KIPAN,LIHC,False,False,False
2831,False,0,0.0,THCA,BRCA,THCA,THCA,True,False,False
2832,False,0,0.0,OV,BRCA,OV,BRCA,False,False,False
2833,False,0,0.0,THYM,BRCA,THYM,BRCA,False,False,False
2834,False,0,0.0,BRCA,BRCA,BRCA,BRCA,True,False,False
2835,False,0,0.0,BRCA,BRCA,BRCA,BRCA,True,False,False
2836,False,0,0.0,OV,BRCA,OV,PRAD,False,False,False
2837,False,0,0.0,LUAD,BRCA,LUAD,LUAD,True,False,False
2838,False,0,0.0,THCA,BRCA,THCA,THCA,True,False,False
2839,False,0,0.0,SKCM,BRCA,SKCM,SKCM,True,False,False
2840,False,0,0.0,PRAD,BRCA,PRAD,PRAD,True,False,False
2841,False,0,0.0,SKCM,BRCA,SKCM,SKCM,True,False,False
2842,False,0,0.0,OV,BRCA,OV,OV,True,False,False
2843,False,0,0.0,THCA,BRCA,THCA,THYM,False,False,False
2844,False,0,0.0,HNSC,BRCA,HNSC,HNSC,True,False,False
2845,False,0,0.0,LIHC,BRCA,LIHC,COAD,False,False,False
2846,False,0,0.0,UCEC,BRCA,UCEC,UCEC,True,False,False
2847,False,0,0.0,TGCT,BRCA,TGCT,KIPAN,False,False,False
2848,False,0,0.0,LUSC,BRCA,LUSC,BLCA,False,False,False
2849,False,0,0.0,HNSC,BRCA,HNSC,HNSC,True,False,False
2850,False,0,0.0,KIRC,BRCA,KIRC,KIPAN,False,False,False
2851,False,0,0.0,PRAD,BRCA,PRAD,THCA,False,False,False
2852,False,0,0.0,BRCA,BRCA,BRCA,GBMLGG,False,False,False
2853,True,1,1.0,KIRC,KIPAN,KIRC,KIRC,True,False,True
2854,False,0,0.0,PRAD,BRCA,PRAD,KIPAN,False,False,False
2855,False,0,0.0,OV,BRCA,OV,BRCA,False,False,False
2856,False,0,0.0,BLCA,BRCA,BLCA,HNSC,False,False,False
2857,True,1,1.0,KIRC,KIPAN,KIRC,KIRC,True,False,True
2858,False,0,0.0,OV,BRCA,OV,SARC,False,False,False
2859,False,0,0.0,THCA,BRCA,THCA,THCA,True,False,False
2860,False,0,0.0,LUSC,BRCA,LUSC,STES,False,False,False
2861,False,0,0.0,KIRC,BRCA,KIRC,PRAD,False,False,False
2862,False,0,0.0,STES,BRCA,STES,STES,True,False,False
2863,False,0,0.0,TGCT,BRCA,TGCT,TGCT,True,False,False
2864,False,0,0.0,PRAD,BRCA,PRAD,THYM,False,False,False
2865,False,0,0.0,KIRC,BRCA,KIRC,KIRC,True,False,False
2866,True,1,1.0,KIPAN,KIRC,KIPAN,KIPAN,True,False,True
2867,False,0,0.0,BLCA,BRCA,BLCA,BLCA,True,False,False
2868,True,1,1.0,KIPAN,KIRC,KIPAN,KIPAN,True,False,True
2869,False,0,0.0,THCA,BRCA,THCA,THCA,True,False,False
2870,False,0,0.0,HNSC,BRCA,HNSC,BRCA,False,False,False
2871,False,0,0.0,COAD,BRCA,COAD,COAD,True,False,False
2872,False,0,0.0,SKCM,BRCA,SKCM,SKCM,True,False,False
2873,False,0,0.0,THCA,BRCA,THCA,THCA,True,False,False
2874,True,1,1.0,LGG,LGG,LGG,GBMLGG,False,False,False
2875,False,0,0.0,SKCM,BRCA,SKCM,SKCM,True,False,False
2876,False,0,0.0,STES,BRCA,STES,HNSC,False,False,False
2877,False,0,0.0,STES,BRCA,STES,HNSC,False,False,False
2878,True,1,1.0,KIPAN,KIRC,KIPAN,KIPAN,True,False,True
2879,False,0,0.0,GBMLGG,BRCA,GBMLGG,GBMLGG,True,False,False
2880,False,0,0.0,TGCT,BRCA,TGCT,TGCT,True,False,False
2881,False,0,0.0,KIPAN,BRCA,KIPAN,TGCT,False,False,False
2882,False,0,0.0,KIRC,BRCA,KIRC,LUAD,False,False,False
2883,False,0,0.0,PRAD,BRCA,PRAD,PCPG,False,False,False
2884,False,0,0.0,PAAD,BRCA,PAAD,STES,False,False,False
2885,False,0,0.0,COAD,BRCA,COAD,STES,False,False,False
2886,False,0,0.0,SKCM,BRCA,SKCM,SKCM,True,False,False
2887,False,0,0.0,KIPAN,BRCA,KIPAN,PRAD,False,False,False
2888,False,0,0.0,LIHC,BRCA,LIHC,LIHC,True,False,False
2889,False,0,0.0,COAD,BRCA,COAD,COAD,True,False,False
2890,False,0,0.0,OV,BRCA,OV,OV,True,False,False
2891,True,1,1.0,LGG,GBMLGG,LGG,LGG,True,False,True
2892,False,0,0.0,COAD,BRCA,COAD,STES,False,False,False
2893,True,1,1.0,KIRC,KIPAN,KIRC,KIRC,True,False,True
2894,False,0,0.0,BLCA,BRCA,BLCA,BLCA,True,False,False
2895,True,1,1.0,KIRC,KIPAN,KIRC,KIRC,True,False,True
2896,True,1,1.0,KIPAN,KIPAN,KIPAN,KIRC,False,False,False
2897,False,0,0.0,BRCA,BRCA,BRCA,LIHC,False,False,False
2898,True,14,0.9285714285714286,THCA,THCA,THCA,THCA,True,False,False
2899,False,0,0.0,COAD,BRCA,COAD,COAD,True,False,False
2900,False,0,0.0,BRCA,BRCA,BRCA,BRCA,True,False,False
2901,True,1,1.0,LGG,LGG,LGG,GBMLGG,False,False,False
2902,False,0,0.0,HNSC,BRCA,HNSC,BLCA,False,False,False
2903,False,0,0.0,LUAD,BRCA,LUAD,LUAD,True,False,False
2904,False,0,0.0,LIHC,BRCA,LIHC,LIHC,True,False,False
2905,False,0,0.0,PAAD,BRCA,PAAD,PAAD,True,False,False
2906,False,0,0.0,OV,BRCA,OV,OV,True,False,False
2907,False,0,0.0,GBMLGG,BRCA,GBMLGG,GBMLGG,True,False,False
2908,False,0,0.0,THCA,BRCA,THCA,THCA,True,False,False
2909,True,1,1.0,KIRC,KIPAN,KIRC,KIRC,True,False,True
2910,False,0,0.0,KIPAN,BRCA,KIPAN,KIPAN,True,False,False
2911,False,0,0.0,OV,BRCA,OV,LUSC,False,False,False
2912,False,0,0.0,BRCA,BRCA,BRCA,CESC,False,False,False
2913,False,0,0.0,BRCA,BRCA,BRCA,LUAD,False,False,False
2914,False,0,0.0,STES,BRCA,STES,STES,True,False,False
2915,False,0,0.0,COAD,BRCA,COAD,COAD,True,False,False
2916,True,1,1.0,LGG,GBMLGG,LGG,LGG,True,False,True
2917,False,0,0.0,THCA,BRCA,THCA,THCA,True,False,False
2918,False,0,0.0,PRAD,BRCA,PRAD,PRAD,True,False,False
2919,False,0,0.0,SKCM,BRCA,SKCM,SKCM,True,False,False
2920,False,0,0.0,ACC,BRCA,ACC,ACC,True,False,False
2921,False,0,0.0,GBMLGG,BRCA,GBMLGG,LIHC,False,False,False
2922,False,0,0.0,LUSC,BRCA,LUSC,LUAD,False,False,False
2923,False,0,0.0,BLCA,BRCA,BLCA,COAD,False,False,False
2924,True,1,1.0,LGG,GBMLGG,LGG,LGG,True,False,True
2925,True,1,1.0,LGG,GBMLGG,LGG,LGG,True,False,True
2926,True,1,1.0,LGG,GBMLGG,LGG,LGG,True,False,True
2927,False,0,0.0,CESC,BRCA,CESC,CESC,True,False,False
2928,False,0,0.0,LGG,BRCA,LGG,LGG,True,False,False
2929,False,0,0.0,PCPG,BRCA,PCPG,PRAD,False,False,False
2930,True,1,1.0,GBMLGG,GBMLGG,GBMLGG,LGG,False,False,False
2931,False,0,0.0,KIPAN,BRCA,KIPAN,GBMLGG,False,False,False
2932,False,0,0.0,STES,BRCA,STES,UCEC,False,False,False
2933,False,0,0.0,BRCA,BRCA,BRCA,THYM,False,False,False
2934,False,0,0.0,LGG,BRCA,LGG,LGG,True,False,False
2935,False,0,0.0,LUAD,BRCA,LUAD,LUAD,True,False,False
2936,False,0,0.0,PCPG,BRCA,PCPG,PCPG,True,False,False
2937,False,0,0.0,PRAD,BRCA,PRAD,BRCA,False,False,False
2938,False,0,0.0,OV,BRCA,OV,BRCA,False,False,False
2939,False,0,0.0,SKCM,BRCA,SKCM,SKCM,True,False,False
2940,False,0,0.0,SARC,BRCA,SARC,HNSC,False,False,False
2941,False,0,0.0,TGCT,BRCA,TGCT,TGCT,True,False,False
2942,False,0,0.0,COAD,BRCA,COAD,STES,False,False,False
2943,False,0,0.0,PRAD,BRCA,PRAD,THCA,False,False,False
2944,False,0,0.0,KIPAN,BRCA,KIPAN,KIPAN,True,False,False
2945,False,0,0.0,THYM,BRCA,THYM,THYM,True,False,False
2946,False,0,0.0,LGG,BRCA,LGG,LGG,True,False,False
2947,False,0,0.0,COAD,BRCA,COAD,STES,False,False,False
2948,False,0,0.0,OV,BRCA,OV,BRCA,False,False,False
2949,False,0,0.0,HNSC,BRCA,HNSC,HNSC,True,False,False
2950,False,0,0.0,UCEC,BRCA,UCEC,UCEC,True,False,False
2951,True,1,1.0,GBMLGG,LGG,LGG,GBMLGG,True,False,True
2952,True,1,1.0,KIRC,KIPAN,KIRC,KIRC,True,False,True
2953,False,0,0.0,OV,BRCA,OV,SARC,False,False,False
2954,True,1,1.0,KIPAN,KIRC,KIPAN,KIPAN,True,False,True
2955,False,0,0.0,CESC,BRCA,CESC,BRCA,False,False,False
2956,True,3,1.0,LAML,LAML,LAML,LAML,True,False,False
2957,False,0,0.0,LUSC,BRCA,LUSC,LUSC,True,False,False
2958,False,0,0.0,BLCA,BRCA,BLCA,CESC,False,False,False
2959,False,0,0.0,PCPG,BRCA,PCPG,THCA,False,False,False
2960,True,1,1.0,KIRC,KIRC,KIRC,KIPAN,False,False,False
2961,False,0,0.0,SKCM,BRCA,SKCM,SKCM,True,False,False
2962,False,0,0.0,BLCA,BRCA,BLCA,BLCA,True,False,False
2963,True,1,1.0,GBMLGG,LGG,LGG,GBMLGG,True,False,True
2964,False,0,0.0,STES,BRCA,STES,LUSC,False,False,False
2965,False,0,0.0,BRCA,BRCA,BRCA,BRCA,True,False,False
2966,False,0,0.0,LUAD,BRCA,LUAD,LUAD,True,False,False
2967,False,0,0.0,KIPAN,BRCA,KIPAN,KIPAN,True,False,False
2968,False,0,0.0,KIRC,BRCA,KIRC,KIRC,True,False,False
2969,False,0,0.0,BLCA,BRCA,BLCA,BLCA,True,False,False
2970,False,0,0.0,SKCM,BRCA,SKCM,SKCM,True,False,False
2971,True,1,1.0,KIPAN,KIRC,KIPAN,KIPAN,True,False,True
2972,False,0,0.0,BRCA,BRCA,BRCA,THCA,False,False,False
2973,False,0,0.0,ACC,BRCA,ACC,ACC,True,False,False
2974,False,0,0.0,HNSC,BRCA,HNSC,HNSC,True,False,False
2975,False,0,0.0,OV,BRCA,OV,OV,True,False,False
2976,False,0,0.0,BRCA,BRCA,BRCA,BRCA,True,False,False
2977,False,0,0.0,BRCA,BRCA,BRCA,BRCA,True,False,False
2978,True,1,1.0,KIPAN,KIRC,KIPAN,KIPAN,True,False,True
2979,False,0,0.0,LUAD,BRCA,LUAD,STES,False,False,False
2980,False,0,0.0,THCA,BRCA,THCA,THCA,True,False,False
2981,True,1,1.0,KIPAN,KIRC,KIPAN,KIPAN,True,False,True
2982,False,0,0.0,BRCA,BRCA,BRCA,BRCA,True,False,False
2983,False,0,0.0,TGCT,BRCA,TGCT,TGCT,True,False,False
2984,False,0,0.0,COAD,BRCA,COAD,COAD,True,False,False
2985,False,0,0.0,BRCA,BRCA,BRCA,CESC,False,False,False
2986,False,0,0.0,BRCA,BRCA,BRCA,CESC,False,False,False
2987,False,0,0.0,STES,BRCA,STES,STES,True,False,False
2988,False,0,0.0,LUAD,BRCA,LUAD,LUAD,True,False,False
2989,False,0,0.0,THCA,BRCA,THCA,THCA,True,False,False
2990,False,0,0.0,GBMLGG,BRCA,GBMLGG,GBMLGG,True,False,False
2991,False,0,0.0,OV,BRCA,OV,HNSC,False,False,False
2992,False,0,0.0,BRCA,BRCA,BRCA,BRCA,True,False,False
2993,False,0,0.0,COAD,BRCA,COAD,COAD,True,False,False
2994,False,0,0.0,KIPAN,BRCA,KIPAN,GBMLGG,False,False,False
2995,False,0,0.0,PRAD,BRCA,PRAD,BRCA,False,False,False
2996,False,0,0.0,COAD,BRCA,COAD,COAD,True,False,False
2997,False,0,0.0,BRCA,BRCA,BRCA,BRCA,True,False,False
2998,False,0,0.0,BRCA,BRCA,BRCA,BRCA,True,False,False
2999,False,0,0.0,BRCA,BRCA,BRCA,STES,False,False,False
3000,False,0,0.0,PCPG,BRCA,PCPG,PRAD,False,False,False
3001,False,0,0.0,UCEC,BRCA,UCEC,UCEC,True,False,False
3002,False,0,0.0,BRCA,BRCA,BRCA,LIHC,False,False,False
3003,False,0,0.0,OV,BRCA,OV,PAAD,False,False,False
3004,True,1,1.0,KIRC,KIPAN,KIPAN,KIRC,True,False,True
3005,False,0,0.0,THYM,BRCA,THYM,PCPG,False,False,False
3006,False,0,0.0,KIPAN,BRCA,KIPAN,KIPAN,True,False,False
3007,False,0,0.0,LIHC,BRCA,LIHC,PRAD,False,False,False
3008,False,0,0.0,BRCA,BRCA,BRCA,UCEC,False,False,False
3009,False,0,0.0,LGG,BRCA,LGG,GBMLGG,False,False,False
3010,False,0,0.0,LIHC,BRCA,LIHC,LIHC,True,False,False
3011,False,0,0.0,STES,BRCA,STES,STES,True,False,False
3012,False,0,0.0,PCPG,BRCA,PCPG,THCA,False,False,False
3013,False,0,0.0,PRAD,BRCA,PRAD,BRCA,False,False,False
3014,True,1,1.0,LGG,LGG,LGG,GBMLGG,False,False,False
3015,False,0,0.0,PAAD,BRCA,PAAD,STES,False,False,False
3016,False,0,0.0,THYM,BRCA,THYM,THCA,False,False,False
3017,False,0,0.0,BRCA,BRCA,BRCA,BRCA,True,False,False
3018,False,0,0.0,BRCA,BRCA,BRCA,BRCA,True,False,False
3019,False,0,0.0,SKCM,BRCA,SKCM,SKCM,True,False,False
3020,True,1,1.0,KIRC,KIPAN,KIRC,KIRC,True,False,True
3021,False,0,0.0,SARC,BRCA,SARC,BRCA,False,False,False
3022,False,0,0.0,PRAD,BRCA,PRAD,SARC,False,False,False
3023,False,0,0.0,LGG,BRCA,LGG,GBMLGG,False,False,False
3024,True,1,1.0,KIPAN,KIRC,KIPAN,KIPAN,True,False,True
3025,False,0,0.0,GBMLGG,BRCA,GBMLGG,STES,False,False,False
3026,False,0,0.0,LUAD,BRCA,LUAD,LUAD,True,False,False
3027,True,1,1.0,SARC,LGG,SARC,GBMLGG,False,False,False
3028,False,0,0.0,CESC,BRCA,CESC,BRCA,False,False,False
3029,False,0,0.0,BRCA,BRCA,BRCA,LUAD,False,False,False
3030,True,1,1.0,KIPAN,KIRC,KIPAN,KIPAN,True,False,True
3031,False,0,0.0,BRCA,BRCA,BRCA,BRCA,True,False,False
3032,False,0,0.0,OV,BRCA,OV,OV,True,False,False
3033,False,0,0.0,HNSC,BRCA,HNSC,GBMLGG,False,False,False
3034,True,1,1.0,KIRC,KIPAN,KIPAN,KIRC,True,False,True
3035,False,0,0.0,BRCA,BRCA,BRCA,SKCM,False,False,False
3036,False,0,0.0,STES,BRCA,STES,SKCM,False,False,False
3037,True,1,1.0,BRCA,LGG,BRCA,GBMLGG,False,False,False
3038,False,0,0.0,THCA,BRCA,THCA,THCA,True,False,False
3039,False,0,0.0,TGCT,BRCA,TGCT,TGCT,True,False,False
3040,True,1,1.0,LGG,GBMLGG,LGG,LGG,True,False,True
3041,False,0,0.0,BRCA,BRCA,BRCA,BRCA,True,False,False
3042,False,0,0.0,BRCA,BRCA,BRCA,STES,False,False,False
3043,True,1,1.0,KIRC,KIPAN,KIRC,KIRC,True,False,True
3044,False,0,0.0,PAAD,BRCA,PAAD,PAAD,True,False,False
3045,True,1,1.0,KIPAN,KIRC,KIPAN,KIPAN,True,False,True
3046,False,0,0.0,STES,BRCA,STES,STES,True,False,False
3047,False,0,0.0,STES,BRCA,STES,STES,True,False,False
3048,False,0,0.0,LAML,BRCA,LAML,LAML,True,False,False
3049,False,0,0.0,KIRC,BRCA,KIRC,PCPG,False,False,False
3050,False,0,0.0,SARC,BRCA,SARC,GBMLGG,False,False,False
3051,False,0,0.0,HNSC,BRCA,HNSC,HNSC,True,False,False
3052,False,0,0.0,KIRC,BRCA,KIRC,KIRC,True,False,False
3053,False,0,0.0,UCEC,BRCA,UCEC,UCEC,True,False,False
3054,False,0,0.0,PCPG,BRCA,PCPG,BRCA,False,False,False
3055,False,0,0.0,THYM,BRCA,THYM,THCA,False,False,False
3056,True,1,1.0,GBMLGG,LGG,GBMLGG,GBMLGG,True,False,True
3057,False,0,0.0,KIPAN,BRCA,KIPAN,KIRC,False,False,False
3058,False,0,0.0,STES,BRCA,STES,STES,True,False,False
3059,False,0,0.0,KIRC,BRCA,KIRC,KIRC,True,False,False
3060,False,0,0.0,SARC,BRCA,SARC,GBMLGG,False,False,False
3061,False,0,0.0,STES,BRCA,STES,STES,True,False,False
3062,True,1,1.0,GBMLGG,LGG,GBMLGG,GBMLGG,True,False,True
3063,False,0,0.0,STES,BRCA,STES,STES,True,False,False
3064,True,1,1.0,LGG,GBMLGG,LGG,LGG,True,False,True
3065,False,0,0.0,CESC,BRCA,CESC,CESC,True,False,False
3066,False,0,0.0,LGG,BRCA,LGG,LGG,True,False,False
3067,False,0,0.0,SKCM,BRCA,SKCM,SKCM,True,False,False
3068,True,1,1.0,LGG,LGG,LGG,GBMLGG,False,False,False
3069,False,0,0.0,HNSC,BRCA,HNSC,BLCA,False,False,False
3070,False,0,0.0,KIPAN,BRCA,KIPAN,PRAD,False,False,False
3071,False,0,0.0,CESC,BRCA,CESC,BRCA,False,False,False
3072,False,0,0.0,PRAD,BRCA,PRAD,THCA,False,False,False
3073,False,0,0.0,COAD,BRCA,COAD,COAD,True,False,False
3074,False,0,0.0,BRCA,BRCA,BRCA,BLCA,False,False,False
3075,False,0,0.0,COAD,BRCA,COAD,COAD,True,False,False
3076,True,1,1.0,LAML,LGG,LAML,GBMLGG,False,False,False
3077,False,0,0.0,PAAD,BRCA,PAAD,HNSC,False,False,False
3078,False,0,0.0,SKCM,BRCA,SKCM,SKCM,True,False,False
3079,False,0,0.0,STES,BRCA,STES,STES,True,False,False
3080,True,3,1.0,LAML,LAML,LAML,LAML,True,False,False
3081,False,0,0.0,STES,BRCA,STES,STES,True,False,False
3082,False,0,0.0,THCA,BRCA,THCA,PRAD,False,False,False
3083,False,0,0.0,GBMLGG,BRCA,GBMLGG,GBMLGG,True,False,False
3084,False,0,0.0,CESC,BRCA,CESC,CESC,True,False,False
3085,False,0,0.0,GBMLGG,BRCA,GBMLGG,LUAD,False,False,False
3086,False,0,0.0,BRCA,BRCA,BRCA,UCEC,False,False,False
3087,False,0,0.0,CESC,BRCA,CESC,THCA,False,False,False
3088,False,0,0.0,LUSC,BRCA,LUSC,LUSC,True,False,False
3089,False,0,0.0,PRAD,BRCA,PRAD,PRAD,True,False,False
3090,False,0,0.0,STES,BRCA,STES,STES,True,False,False
3091,False,0,0.0,KIPAN,BRCA,KIPAN,LIHC,False,False,False
3092,False,0,0.0,HNSC,BRCA,HNSC,BRCA,False,False,False
3093,False,0,0.0,THYM,BRCA,THYM,GBMLGG,False,False,False
3094,True,1,1.0,KIRC,KIPAN,KIPAN,KIRC,True,False,True
3095,False,0,0.0,STES,BRCA,STES,STES,True,False,False
3096,False,0,0.0,STES,BRCA,STES,STES,True,False,False
3097,False,0,0.0,STES,BRCA,STES,CESC,False,False,False
3098,True,1,1.0,KIRC,KIPAN,KIRC,KIRC,True,False,True
3099,False,0,0.0,THYM,BRCA,THYM,LAML,False,False,False
3100,False,0,0.0,BRCA,BRCA,BRCA,BRCA,True,False,False
3101,False,0,0.0,ACC,BRCA,ACC,ACC,True,False,False
3102,False,0,0.0,LAML,BRCA,LAML,LAML,True,False,False
3103,False,0,0.0,LUSC,BRCA,LUSC,LUSC,True,False,False
3104,False,0,0.0,BRCA,BRCA,BRCA,PAAD,False,False,False
3105,False,0,0.0,SARC,BRCA,SARC,SARC,True,False,False
3106,False,0,0.0,UCEC,BRCA,UCEC,UCEC,True,False,False
3107,False,0,0.0,UCEC,BRCA,UCEC,UCEC,True,False,False
3108,False,0,0.0,THYM,BRCA,THYM,LAML,False,False,False
3109,False,0,0.0,LUSC,BRCA,LUSC,LUSC,True,False,False
3110,False,0,0.0,PAAD,BRCA,PAAD,PAAD,True,False,False
3111,False,0,0.0,LUSC,BRCA,LUSC,LUSC,True,False,False
3112,False,0,0.0,UCEC,BRCA,UCEC,UCEC,True,False,False
3113,False,0,0.0,TGCT,BRCA,TGCT,TGCT,True,False,False
3114,False,0,0.0,STES,BRCA,STES,HNSC,False,False,False
3115,False,0,0.0,STES,BRCA,STES,GBMLGG,False,False,False
3116,False,0,0.0,LUSC,BRCA,LUSC,LUSC,True,False,False
3117,False,0,0.0,PRAD,BRCA,PRAD,BRCA,False,False,False
3118,False,0,0.0,LUSC,BRCA,LUSC,LUSC,True,False,False
3119,False,0,0.0,KIRC,BRCA,KIRC,BRCA,False,False,False
3120,False,0,0.0,KIRC,BRCA,KIRC,BRCA,False,False,False
3121,False,0,0.0,SARC,BRCA,SARC,HNSC,False,False,False
3122,False,0,0.0,THCA,BRCA,THCA,THCA,True,False,False
3123,False,0,0.0,KIPAN,BRCA,KIPAN,KIPAN,True,False,False
3124,False,0,0.0,PRAD,BRCA,PRAD,PCPG,False,False,False
3125,False,0,0.0,BRCA,BRCA,BRCA,UCEC,False,False,False
3126,False,0,0.0,LUAD,BRCA,LUAD,LUAD,True,False,False
3127,False,0,0.0,THCA,BRCA,THCA,THCA,True,False,False
3128,False,0,0.0,CESC,BRCA,CESC,STES,False,False,False
3129,False,0,0.0,SKCM,BRCA,SKCM,SKCM,True,False,False
3130,False,0,0.0,PAAD,BRCA,PAAD,GBMLGG,False,False,False
3131,False,0,0.0,COAD,BRCA,COAD,COAD,True,False,False
3132,False,0,0.0,STES,BRCA,STES,CESC,False,False,False
3133,False,0,0.0,KIPAN,BRCA,KIPAN,PRAD,False,False,False
3134,False,0,0.0,BRCA,BRCA,BRCA,BRCA,True,False,False
3135,False,0,0.0,BRCA,BRCA,BRCA,OV,False,False,False
3136,False,0,0.0,LIHC,BRCA,LIHC,LIHC,True,False,False
3137,False,0,0.0,LUSC,BRCA,LUSC,LUSC,True,False,False
3138,False,0,0.0,COAD,BRCA,COAD,COAD,True,False,False
3139,False,0,0.0,SKCM,BRCA,SKCM,SKCM,True,False,False
3140,False,0,0.0,LIHC,BRCA,LIHC,LIHC,True,False,False
3141,False,0,0.0,BRCA,BRCA,BRCA,BRCA,True,False,False
3142,False,0,0.0,LUAD,BRCA,LUAD,LUAD,True,False,False
3143,False,0,0.0,BRCA,BRCA,BRCA,KIRC,False,False,False
3144,False,0,0.0,KIRC,BRCA,KIRC,STES,False,False,False
3145,False,0,0.0,BRCA,BRCA,BRCA,BRCA,True,False,False
3146,False,0,0.0,TGCT,BRCA,TGCT,TGCT,True,False,False
3147,False,0,0.0,BRCA,BRCA,BRCA,BRCA,True,False,False
3148,False,0,0.0,PCPG,BRCA,PCPG,PCPG,True,False,False
3149,True,1,1.0,PCPG,KIRC,PCPG,KIPAN,False,False,False
3150,False,0,0.0,CESC,BRCA,CESC,KIPAN,False,False,False
3151,False,0,0.0,BRCA,BRCA,BRCA,BRCA,True,False,False
3152,False,0,0.0,STES,BRCA,STES,STES,True,False,False
3153,False,0,0.0,BRCA,BRCA,BRCA,UCEC,False,False,False
3154,False,0,0.0,STES,BRCA,STES,STES,True,False,False
3155,False,0,0.0,UCEC,BRCA,UCEC,UCEC,True,False,False
3156,False,0,0.0,SARC,BRCA,SARC,LIHC,False,False,False
3157,False,0,0.0,HNSC,BRCA,HNSC,HNSC,True,False,False
3158,False,0,0.0,SARC,BRCA,SARC,SARC,True,False,False
3159,False,0,0.0,COAD,BRCA,COAD,PAAD,False,False,False
3160,False,0,0.0,LUSC,BRCA,LUSC,LUSC,True,False,False
3161,False,0,0.0,LAML,BRCA,LAML,PRAD,False,False,False
3162,False,0,0.0,SKCM,BRCA,SKCM,SKCM,True,False,False
3163,False,0,0.0,BRCA,BRCA,BRCA,BRCA,True,False,False
3164,False,0,0.0,HNSC,BRCA,HNSC,CESC,False,False,False
3165,False,0,0.0,CESC,BRCA,CESC,LUSC,False,False,False
3166,False,0,0.0,KIPAN,BRCA,KIPAN,KIRC,False,False,False
3167,False,0,0.0,KIRC,BRCA,KIRC,KIPAN,False,False,False
3168,False,0,0.0,BRCA,BRCA,BRCA,BRCA,True,False,False
3169,False,0,0.0,DLBC,BRCA,DLBC,DLBC,True,False,False
3170,False,0,0.0,LUAD,BRCA,LUAD,BRCA,False,False,False
3171,False,0,0.0,COAD,BRCA,COAD,COAD,True,False,False
3172,False,0,0.0,GBMLGG,BRCA,GBMLGG,GBMLGG,True,False,False
3173,False,0,0.0,TGCT,BRCA,TGCT,TGCT,True,False,False
3174,False,0,0.0,THCA,BRCA,THCA,THCA,True,False,False
3175,False,0,0.0,HNSC,BRCA,HNSC,HNSC,True,False,False
3176,False,0,0.0,HNSC,BRCA,HNSC,HNSC,True,False,False
3177,False,0,0.0,HNSC,BRCA,HNSC,HNSC,True,False,False
3178,True,1,1.0,LAML,GBMLGG,LAML,LGG,False,False,False
3179,False,0,0.0,SKCM,BRCA,SKCM,SKCM,True,False,False
3180,False,0,0.0,BRCA,BRCA,BRCA,GBMLGG,False,False,False
3181,False,0,0.0,BRCA,BRCA,BRCA,KIPAN,False,False,False
3182,False,0,0.0,BRCA,BRCA,BRCA,BRCA,True,False,False
3183,False,0,0.0,THCA,BRCA,THCA,SKCM,False,False,False
3184,False,0,0.0,PRAD,BRCA,PRAD,LAML,False,False,False
3185,True,1,1.0,GBMLGG,LGG,GBMLGG,GBMLGG,True,False,True
3186,True,1,1.0,LGG,GBMLGG,LGG,LGG,True,False,True
3187,False,0,0.0,SKCM,BRCA,SKCM,SKCM,True,False,False
3188,False,0,0.0,BRCA,BRCA,BRCA,PRAD,False,False,False
3189,False,0,0.0,STES,BRCA,STES,STES,True,False,False
3190,False,0,0.0,LIHC,BRCA,LIHC,LIHC,True,False,False
3191,False,0,0.0,SKCM,BRCA,SKCM,SKCM,True,False,False
3192,False,0,0.0,TGCT,BRCA,TGCT,SKCM,False,False,False
3193,False,0,0.0,COAD,BRCA,COAD,COAD,True,False,False
3194,False,0,0.0,PRAD,BRCA,PRAD,PCPG,False,False,False
3195,False,0,0.0,STES,BRCA,STES,STES,True,False,False
3196,False,0,0.0,STES,BRCA,STES,STES,True,False,False
3197,False,0,0.0,KIRC,BRCA,KIRC,CESC,False,False,False
3198,False,0,0.0,LUSC,BRCA,LUSC,CESC,False,False,False
3199,False,0,0.0,COAD,BRCA,COAD,COAD,True,False,False
3200,False,0,0.0,PCPG,BRCA,PCPG,SARC,False,False,False
3201,False,0,0.0,SKCM,BRCA,SKCM,SKCM,True,False,False
3202,False,0,0.0,GBMLGG,BRCA,GBMLGG,GBMLGG,True,False,False
3203,False,0,0.0,STES,BRCA,STES,GBMLGG,False,False,False
3204,False,0,0.0,PAAD,BRCA,PAAD,PAAD,True,False,False
3205,False,0,0.0,GBMLGG,BRCA,GBMLGG,GBMLGG,True,False,False
3206,False,0,0.0,BRCA,BRCA,BRCA,PRAD,False,False,False
3207,False,0,0.0,LUAD,BRCA,LUAD,LUSC,False,False,False
3208,False,0,0.0,BRCA,BRCA,BRCA,BRCA,True,False,False
3209,False,0,0.0,STES,BRCA,STES,STES,True,False,False
3210,False,0,0.0,THCA,BRCA,THCA,PRAD,False,False,False
3211,False,0,0.0,THYM,BRCA,THYM,THCA,False,False,False
3212,False,0,0.0,ACC,BRCA,ACC,ACC,True,False,False
3213,False,0,0.0,LUSC,BRCA,LUSC,LUSC,True,False,False
3214,False,0,0.0,BRCA,BRCA,BRCA,KIPAN,False,False,False
3215,False,0,0.0,THCA,BRCA,THCA,THCA,True,False,False
3216,False,0,0.0,LUSC,BRCA,LUSC,LUSC,True,False,False
3217,False,0,0.0,SARC,BRCA,SARC,STES,False,False,False
3218,False,0,0.0,PCPG,BRCA,PCPG,BRCA,False,False,False
3219,False,0,0.0,PRAD,BRCA,PRAD,PRAD,True,False,False
3220,False,0,0.0,OV,BRCA,OV,OV,True,False,False
3221,False,0,0.0,TGCT,BRCA,TGCT,LGG,False,False,False
3222,False,0,0.0,LGG,BRCA,LGG,LGG,True,False,False
3223,False,0,0.0,STES,BRCA,STES,OV,False,False,False
3224,False,0,0.0,LGG,BRCA,LGG,GBMLGG,False,False,False
3225,False,0,0.0,LGG,BRCA,LGG,GBMLGG,False,False,False
3226,False,0,0.0,BRCA,BRCA,BRCA,BRCA,True,False,False
3227,False,0,0.0,KIPAN,BRCA,KIPAN,KIPAN,True,False,False
3228,False,0,0.0,BRCA,BRCA,BRCA,BRCA,True,False,False
3229,False,0,0.0,PCPG,BRCA,PCPG,SARC,False,False,False
3230,False,0,0.0,HNSC,BRCA,HNSC,BLCA,False,False,False
3231,False,0,0.0,SARC,BRCA,SARC,GBMLGG,False,False,False
3232,False,0,0.0,STES,BRCA,STES,STES,True,False,False
3233,False,0,0.0,HNSC,BRCA,HNSC,STES,False,False,False
3234,False,0,0.0,UCEC,BRCA,UCEC,UCEC,True,False,False
3235,False,0,0.0,PCPG,BRCA,PCPG,CESC,False,False,False
3236,False,0,0.0,LGG,BRCA,LGG,LGG,True,False,False
3237,False,0,0.0,LUAD,BRCA,LUAD,LUSC,False,False,False
3238,False,0,0.0,GBMLGG,BRCA,GBMLGG,GBMLGG,True,False,False
3239,False,0,0.0,CESC,BRCA,CESC,CESC,True,False,False
3240,False,0,0.0,UCEC,BRCA,UCEC,UCEC,True,False,False
3241,False,0,0.0,PRAD,BRCA,PRAD,BRCA,False,False,False
3242,False,0,0.0,BRCA,BRCA,BRCA,LIHC,False,False,False
3243,False,0,0.0,CESC,BRCA,CESC,CESC,True,False,False
3244,False,0,0.0,COAD,BRCA,COAD,COAD,True,False,False
3245,False,0,0.0,OV,BRCA,OV,BRCA,False,False,False
3246,False,0,0.0,UCEC,BRCA,UCEC,UCEC,True,False,False
3247,True,1,1.0,KIPAN,KIRC,KIPAN,KIPAN,True,False,True
3248,False,0,0.0,BRCA,BRCA,BRCA,CESC,False,False,False
3249,False,0,0.0,LUSC,BRCA,LUSC,LUSC,True,False,False
3250,False,0,0.0,PCPG,BRCA,PCPG,PCPG,True,False,False
3251,False,0,0.0,KIRC,BRCA,KIRC,BRCA,False,False,False
3252,False,0,0.0,PRAD,BRCA,PRAD,SARC,False,False,False
3253,False,0,0.0,SKCM,BRCA,SKCM,SKCM,True,False,False
3254,False,0,0.0,THCA,BRCA,THCA,THCA,True,False,False
3255,False,0,0.0,THCA,BRCA,THCA,THCA,True,False,False
3256,True,14,1.0,THCA,THCA,THCA,LGG,False,False,False
3257,False,0,0.0,SKCM,BRCA,SKCM,SKCM,True,False,False
3258,False,0,0.0,THYM,BRCA,THYM,THYM,True,False,False
3259,False,0,0.0,ACC,BRCA,ACC,ACC,True,False,False
3260,False,0,0.0,BRCA,BRCA,BRCA,BRCA,True,False,False
3261,False,0,0.0,LUSC,BRCA,LUSC,HNSC,False,False,False
3262,False,0,0.0,KIPAN,BRCA,KIPAN,BRCA,False,False,False
3263,False,0,0.0,SARC,BRCA,SARC,SKCM,False,False,False
3264,False,0,0.0,COAD,BRCA,COAD,STES,False,False,False
3265,True,1,1.0,KIRC,KIPAN,KIRC,KIRC,True,False,True
3266,True,1,1.0,KIRC,KIPAN,KIPAN,KIRC,True,False,True
3267,False,0,0.0,UCEC,BRCA,UCEC,UCEC,True,False,False
3268,False,0,0.0,BRCA,BRCA,BRCA,CESC,False,False,False
3269,False,0,0.0,KIPAN,BRCA,KIPAN,KIPAN,True,False,False
3270,False,0,0.0,HNSC,BRCA,HNSC,HNSC,True,False,False
3271,False,0,0.0,PRAD,BRCA,PRAD,SARC,False,False,False
3272,False,0,0.0,LGG,BRCA,LGG,GBMLGG,False,False,False
3273,True,1,1.0,LGG,GBMLGG,LGG,LGG,True,False,True
3274,True,1,1.0,LGG,GBMLGG,LGG,LGG,True,False,True
3275,False,0,0.0,THCA,BRCA,THCA,THCA,True,False,False
3276,False,0,0.0,BRCA,BRCA,BRCA,OV,False,False,False
3277,False,0,0.0,OV,BRCA,OV,SARC,False,False,False
3278,False,0,0.0,KIRC,BRCA,KIRC,KIRC,True,False,False
3279,False,0,0.0,KIRC,BRCA,KIRC,PRAD,False,False,False
3280,False,0,0.0,STES,BRCA,STES,LUAD,False,False,False
3281,False,0,0.0,BRCA,BRCA,BRCA,SARC,False,False,False
3282,True,1,1.0,KIPAN,KIRC,KIPAN,KIPAN,True,False,True
3283,False,0,0.0,BRCA,BRCA,BRCA,BRCA,True,False,False
3284,False,0,0.0,BRCA,BRCA,BRCA,UCEC,False,False,False
3285,True,1,1.0,GBMLGG,LGG,LGG,GBMLGG,True,False,True
3286,False,0,0.0,LUSC,BRCA,LUSC,OV,False,False,False
3287,False,0,0.0,LUSC,BRCA,LUSC,LUSC,True,False,False
3288,False,0,0.0,PCPG,BRCA,PCPG,SARC,False,False,False
3289,False,0,0.0,OV,BRCA,OV,LUAD,False,False,False
3290,False,0,0.0,SARC,BRCA,SARC,SARC,True,False,False
3291,False,0,0.0,TGCT,BRCA,TGCT,KIRC,False,False,False
3292,False,0,0.0,PAAD,BRCA,PAAD,COAD,False,False,False
3293,False,0,0.0,BRCA,BRCA,BRCA,BRCA,True,False,False
3294,False,0,0.0,COAD,BRCA,COAD,COAD,True,False,False
3295,False,0,0.0,BRCA,BRCA,BRCA,CESC,False,False,False
3296,False,0,0.0,BRCA,BRCA,BRCA,KIRC,False,False,False
3297,False,0,0.0,BRCA,BRCA,BRCA,BRCA,True,False,False
3298,False,0,0.0,STES,BRCA,STES,STES,True,False,False
3299,False,0,0.0,BRCA,BRCA,BRCA,BRCA,True,False,False
3300,True,1,1.0,LGG,GBMLGG,LGG,LGG,True,False,True
3301,False,0,0.0,OV,BRCA,OV,BRCA,False,False,False
3302,False,0,0.0,TGCT,BRCA,TGCT,TGCT,True,False,False
3303,False,0,0.0,COAD,BRCA,COAD,COAD,True,False,False
3304,False,0,0.0,PCPG,BRCA,PCPG,LAML,False,False,False
3305,False,0,0.0,KIRC,BRCA,KIRC,KIPAN,False,False,False
3306,True,1,1.0,KIRC,KIPAN,KIPAN,KIRC,True,False,True
3307,False,0,0.0,PRAD,BRCA,PRAD,SARC,False,False,False
3308,False,0,0.0,BRCA,BRCA,BRCA,KIRC,False,False,False
3309,False,0,0.0,BRCA,BRCA,BRCA,BRCA,True,False,False
3310,False,0,0.0,SARC,BRCA,SARC,STES,False,False,False
3311,False,0,0.0,KIRC,BRCA,KIRC,TGCT,False,False,False
3312,False,0,0.0,KIRC,BRCA,KIRC,UCEC,False,False,False
3313,False,0,0.0,KIRC,BRCA,KIRC,KIPAN,False,False,False
3314,False,0,0.0,BRCA,BRCA,BRCA,BRCA,True,False,False
3315,False,0,0.0,SKCM,BRCA,SKCM,SKCM,True,False,False
3316,False,0,0.0,TGCT,BRCA,TGCT,TGCT,True,False,False
3317,False,0,0.0,OV,BRCA,OV,STES,False,False,False
3318,True,1,1.0,KIRC,KIPAN,KIRC,KIRC,True,False,True
3319,False,0,0.0,LAML,BRCA,LAML,LAML,True,False,False
3320,False,0,0.0,BRCA,BRCA,BRCA,BRCA,True,False,False
3321,True,1,1.0,LGG,GBMLGG,LGG,LGG,True,False,True
3322,False,0,0.0,COAD,BRCA,COAD,STES,False,False,False
3323,False,0,0.0,LUAD,BRCA,LUAD,HNSC,False,False,False
3324,False,0,0.0,THYM,BRCA,THYM,PCPG,False,False,False
3325,False,0,0.0,OV,BRCA,OV,PCPG,False,False,False
3326,False,0,0.0,BRCA,BRCA,BRCA,BRCA,True,False,False
3327,False,0,0.0,THYM,BRCA,THYM,PAAD,False,False,False
3328,False,0,0.0,BRCA,BRCA,BRCA,BRCA,True,False,False
3329,False,0,0.0,PRAD,BRCA,PRAD,GBMLGG,False,False,False
3330,False,0,0.0,UCEC,BRCA,UCEC,KIPAN,False,False,False
3331,False,0,0.0,BRCA,BRCA,BRCA,PRAD,False,False,False
3332,False,0,0.0,BRCA,BRCA,BRCA,BRCA,True,False,False
3333,False,0,0.0,LIHC,BRCA,LIHC,PRAD,False,False,False
3334,False,0,0.0,BRCA,BRCA,BRCA,BRCA,True,False,False
3335,False,0,0.0,UCEC,BRCA,UCEC,BRCA,False,False,False
3336,False,0,0.0,STES,BRCA,STES,STES,True,False,False
3337,False,0,0.0,LGG,BRCA,LGG,PRAD,False,False,False
3338,False,0,0.0,BRCA,BRCA,BRCA,HNSC,False,False,False
3339,True,1,1.0,LGG,LGG,LGG,GBMLGG,False,False,False
3340,False,0,0.0,PAAD,BRCA,PAAD,GBMLGG,False,False,False
3341,False,0,0.0,LUSC,BRCA,LUSC,LUSC,True,False,False
3342,False,0,0.0,PRAD,BRCA,PRAD,PRAD,True,False,False
3343,True,1,1.0,LGG,GBMLGG,LGG,LGG,True,False,True
3344,False,0,0.0,LAML,BRCA,LAML,PCPG,False,False,False
3345,False,0,0.0,OV,BRCA,OV,KIRC,False,False,False
3346,False,0,0.0,CESC,BRCA,CESC,HNSC,False,False,False
3347,False,0,0.0,GBMLGG,BRCA,GBMLGG,BRCA,False,False,False
3348,False,0,0.0,PAAD,BRCA,PAAD,COAD,False,False,False
3349,False,0,0.0,LAML,BRCA,LAML,LAML,True,False,False
3350,False,0,0.0,SARC,BRCA,SARC,LGG,False,False,False
3351,False,0,0.0,PRAD,BRCA,PRAD,THCA,False,False,False
3352,False,0,0.0,LAML,BRCA,LAML,LAML,True,False,False
3353,False,0,0.0,UCEC,BRCA,UCEC,UCEC,True,False,False
3354,False,0,0.0,PCPG,BRCA,PCPG,PRAD,False,False,False
3355,False,0,0.0,ACC,BRCA,ACC,ACC,True,False,False
3356,False,0,0.0,PRAD,BRCA,PRAD,KIRC,False,False,False
3357,False,0,0.0,LGG,BRCA,LGG,GBMLGG,False,False,False
3358,False,0,0.0,SKCM,BRCA,SKCM,SKCM,True,False,False
3359,False,0,0.0,LUAD,BRCA,LUAD,LUSC,False,False,False
3360,True,1,1.0,LGG,GBMLGG,LGG,LGG,True,False,True
3361,False,0,0.0,BRCA,BRCA,BRCA,BRCA,True,False,False
3362,False,0,0.0,GBMLGG,BRCA,GBMLGG,GBMLGG,True,False,False
3363,False,0,0.0,BRCA,BRCA,BRCA,PAAD,False,False,False
3364,False,0,0.0,COAD,BRCA,COAD,COAD,True,False,False
3365,False,0,0.0,BRCA,BRCA,BRCA,KIPAN,False,False,False
3366,False,0,0.0,COAD,BRCA,COAD,COAD,True,False,False
3367,False,0,0.0,LUAD,BRCA,LUAD,LUAD,True,False,False
3368,False,0,0.0,HNSC,BRCA,HNSC,HNSC,True,False,False
3369,False,0,0.0,PCPG,BRCA,PCPG,PRAD,False,False,False
3370,True,1,1.0,LGG,GBMLGG,LGG,LGG,True,False,True
3371,False,0,0.0,PCPG,BRCA,PCPG,THCA,False,False,False
3372,False,0,0.0,SKCM,BRCA,SKCM,SKCM,True,False,False
3373,False,0,0.0,OV,BRCA,OV,BRCA,False,False,False
3374,False,0,0.0,STES,BRCA,STES,STES,True,False,False
3375,False,0,0.0,CESC,BRCA,CESC,HNSC,False,False,False
3376,False,0,0.0,LGG,BRCA,LGG,GBMLGG,False,False,False
3377,False,0,0.0,PCPG,BRCA,PCPG,PCPG,True,False,False
3378,True,1,1.0,LGG,GBMLGG,LGG,LGG,True,False,True
3379,False,0,0.0,BRCA,BRCA,BRCA,BRCA,True,False,False
3380,False,0,0.0,COAD,BRCA,COAD,COAD,True,False,False
3381,False,0,0.0,BRCA,BRCA,BRCA,KIRC,False,False,False
3382,False,0,0.0,STES,BRCA,STES,STES,True,False,False
3383,False,0,0.0,PCPG,BRCA,PCPG,THCA,False,False,False
3384,False,0,0.0,DLBC,BRCA,DLBC,DLBC,True,False,False
3385,False,0,0.0,STES,BRCA,STES,LUAD,False,False,False
3386,False,0,0.0,THCA,BRCA,THCA,THCA,True,False,False
3387,False,0,0.0,BRCA,BRCA,BRCA,PRAD,False,False,False
3388,False,0,0.0,THCA,BRCA,THCA,THCA,True,False,False
3389,False,0,0.0,LGG,BRCA,LGG,GBMLGG,False,False,False
3390,False,0,0.0,LUSC,BRCA,LUSC,LUSC,True,False,False
3391,True,1,1.0,KIPAN,KIRC,KIPAN,KIPAN,True,False,True
3392,True,1,1.0,KIRC,KIPAN,KIRC,KIRC,True,False,True
3393,False,0,0.0,LAML,BRCA,LAML,LAML,True,False,False
3394,True,1,1.0,KIPAN,KIRC,KIPAN,KIPAN,True,False,True
3395,False,0,0.0,GBMLGG,BRCA,GBMLGG,GBMLGG,True,False,False
3396,False,0,0.0,SKCM,BRCA,SKCM,HNSC,False,False,False
3397,False,0,0.0,STES,BRCA,STES,OV,False,False,False
3398,False,0,0.0,THCA,BRCA,THCA,THCA,True,False,False
3399,False,0,0.0,THCA,BRCA,THCA,THCA,True,False,False
3400,False,0,0.0,KIPAN,BRCA,KIPAN,GBMLGG,False,False,False
3401,False,0,0.0,PAAD,BRCA,PAAD,PAAD,True,False,False
3402,False,0,0.0,SARC,BRCA,SARC,GBMLGG,False,False,False
3403,False,0,0.0,THCA,BRCA,THCA,THCA,True,False,False
3404,False,0,0.0,LGG,BRCA,LGG,GBMLGG,False,False,False
3405,False,0,0.0,SKCM,BRCA,SKCM,SKCM,True,False,False
3406,False,0,0.0,GBMLGG,BRCA,GBMLGG,LGG,False,False,False
3407,False,0,0.0,BLCA,BRCA,BLCA,BLCA,True,False,False
3408,False,0,0.0,KIRC,BRCA,KIRC,KIPAN,False,False,False
3409,False,0,0.0,BRCA,BRCA,BRCA,CESC,False,False,False
3410,False,0,0.0,KIPAN,BRCA,KIPAN,LIHC,False,False,False
3411,False,0,0.0,PCPG,BRCA,PCPG,GBMLGG,False,False,False
3412,True,1,1.0,KIRC,KIPAN,KIRC,KIRC,True,False,True
3413,False,0,0.0,OV,BRCA,OV,OV,True,False,False
3414,False,0,0.0,SARC,BRCA,SARC,BRCA,False,False,False
3415,False,0,0.0,SKCM,BRCA,SKCM,SKCM,True,False,False
3416,False,0,0.0,PRAD,BRCA,PRAD,PRAD,True,False,False
3417,False,0,0.0,BRCA,BRCA,BRCA,SARC,False,False,False
3418,False,0,0.0,OV,BRCA,OV,OV,True,False,False
3419,True,1,1.0,KIPAN,KIRC,KIRC,KIPAN,True,False,True
3420,False,0,0.0,LUSC,BRCA,LUSC,OV,False,False,False
3421,True,1,1.0,KIRC,KIPAN,KIRC,KIRC,True,False,True
3422,False,0,0.0,OV,BRCA,OV,SARC,False,False,False
3423,False,0,0.0,SKCM,BRCA,SKCM,SKCM,True,False,False
3424,False,0,0.0,BRCA,BRCA,BRCA,THCA,False,False,False
3425,False,0,0.0,PAAD,BRCA,PAAD,PAAD,True,False,False
3426,False,0,0.0,SKCM,BRCA,SKCM,SKCM,True,False,False
3427,False,0,0.0,LUAD,BRCA,LUAD,LUAD,True,False,False
3428,False,0,0.0,HNSC,BRCA,HNSC,HNSC,True,False,False
3429,False,0,0.0,THYM,BRCA,THYM,BRCA,False,False,False
3430,False,0,0.0,BRCA,BRCA,BRCA,OV,False,False,False
3431,False,0,0.0,LUSC,BRCA,LUSC,LUAD,False,False,False
3432,False,0,0.0,STES,BRCA,STES,STES,True,False,False
3433,False,0,0.0,OV,BRCA,OV,PAAD,False,False,False
3434,False,0,0.0,THCA,BRCA,THCA,THCA,True,False,False
3435,False,0,0.0,OV,BRCA,OV,OV,True,False,False
3436,False,0,0.0,STES,BRCA,STES,DLBC,False,False,False
3437,False,0,0.0,STES,BRCA,STES,COAD,False,False,False
3438,False,0,0.0,LGG,BRCA,LGG,GBMLGG,False,False,False
3439,False,0,0.0,PAAD,BRCA,PAAD,PAAD,True,False,False
3440,False,0,0.0,SKCM,BRCA,SKCM,SKCM,True,False,False
3441,False,0,0.0,LAML,BRCA,LAML,LAML,True,False,False
3442,False,0,0.0,LUSC,BRCA,LUSC,LUSC,True,False,False
3443,False,0,0.0,PRAD,BRCA,PRAD,PRAD,True,False,False
3444,False,0,0.0,HNSC,BRCA,HNSC,HNSC,True,False,False
3445,False,0,0.0,THCA,BRCA,THCA,PCPG,False,False,False
3446,False,0,0.0,BRCA,BRCA,BRCA,BRCA,True,False,False
3447,False,0,0.0,OV,BRCA,OV,OV,True,False,False
3448,False,0,0.0,THYM,BRCA,THYM,CESC,False,False,False
3449,False,0,0.0,PRAD,BRCA,PRAD,KIPAN,False,False,False
3450,False,0,0.0,BRCA,BRCA,BRCA,BRCA,True,False,False
3451,False,0,0.0,TGCT,BRCA,TGCT,TGCT,True,False,False
3452,False,0,0.0,SKCM,BRCA,SKCM,SKCM,True,False,False
3453,False,0,0.0,STES,BRCA,STES,STES,True,False,False
3454,True,1,1.0,KIPAN,KIRC,KIPAN,KIPAN,True,False,True
3455,False,0,0.0,BLCA,BRCA,BLCA,BLCA,True,False,False
3456,False,0,0.0,BRCA,BRCA,BRCA,BRCA,True,False,False
3457,False,0,0.0,BRCA,BRCA,BRCA,CESC,False,False,False
3458,False,0,0.0,UCEC,BRCA,UCEC,UCEC,True,False,False
3459,False,0,0.0,GBMLGG,BRCA,GBMLGG,SARC,False,False,False
3460,False,0,0.0,KIRC,BRCA,KIRC,KIPAN,False,False,False
3461,False,0,0.0,KIRC,BRCA,KIRC,PRAD,False,False,False
3462,False,0,0.0,PCPG,BRCA,PCPG,THCA,False,False,False
3463,False,0,0.0,PRAD,BRCA,PRAD,KIRC,False,False,False
3464,False,0,0.0,SARC,BRCA,SARC,PRAD,False,False,False
3465,True,1,1.0,KIRC,KIPAN,KIPAN,KIRC,True,False,True
3466,False,0,0.0,LAML,BRCA,LAML,LAML,True,False,False
3467,False,0,0.0,LUSC,BRCA,LUSC,LIHC,False,False,False
3468,True,1,1.0,KIPAN,KIRC,KIPAN,KIPAN,True,False,True
3469,False,0,0.0,THYM,BRCA,THYM,THYM,True,False,False
3470,False,0,0.0,BRCA,BRCA,BRCA,HNSC,False,False,False
3471,False,0,0.0,LUSC,BRCA,LUSC,LUSC,True,False,False
3472,False,0,0.0,OV,BRCA,OV,LIHC,False,False,False
3473,False,0,0.0,PCPG,BRCA,PCPG,LAML,False,False,False
3474,False,0,0.0,THCA,BRCA,THCA,THCA,True,False,False
3475,False,0,0.0,THCA,BRCA,THCA,PRAD,False,False,False
3476,False,0,0.0,THYM,BRCA,THYM,THCA,False,False,False
3477,False,0,0.0,CESC,BRCA,CESC,CESC,True,False,False
3478,False,0,0.0,STES,BRCA,STES,STES,True,False,False
3479,False,0,0.0,LUSC,BRCA,LUSC,LUSC,True,False,False
3480,False,0,0.0,KIPAN,BRCA,KIPAN,TGCT,False,False,False
3481,False,0,0.0,PAAD,BRCA,PAAD,PAAD,True,False,False
3482,False,0,0.0,BRCA,BRCA,BRCA,THYM,False,False,False
3483,False,0,0.0,LUSC,BRCA,LUSC,LUSC,True,False,False
3484,False,0,0.0,PCPG,BRCA,PCPG,OV,False,False,False
3485,False,0,0.0,OV,BRCA,OV,SARC,False,False,False
3486,False,0,0.0,BRCA,BRCA,BRCA,OV,False,False,False
3487,False,0,0.0,CESC,BRCA,CESC,TGCT,False,False,False
3488,False,0,0.0,LAML,BRCA,LAML,LAML,True,False,False
3489,False,0,0.0,GBMLGG,BRCA,GBMLGG,BRCA,False,False,False
3490,False,0,0.0,KIPAN,BRCA,KIPAN,KIPAN,True,False,False
3491,False,0,0.0,SARC,BRCA,SARC,SARC,True,False,False
3492,False,0,0.0,BRCA,BRCA,BRCA,PAAD,False,False,False
3493,False,0,0.0,BRCA,BRCA,BRCA,KIRC,False,False,False
3494,True,1,1.0,KIRC,KIPAN,KIRC,KIRC,True,False,True
3495,False,0,0.0,GBMLGG,BRCA,GBMLGG,SARC,False,False,False
3496,False,0,0.0,PRAD,BRCA,PRAD,SARC,False,False,False
3497,False,0,0.0,DLBC,BRCA,DLBC,DLBC,True,False,False
3498,True,1,1.0,LGG,GBMLGG,GBMLGG,LGG,True,False,True
3499,False,0,0.0,BRCA,BRCA,BRCA,BRCA,True,False,False
3500,False,0,0.0,SKCM,BRCA,SKCM,SKCM,True,False,False
3501,False,0,0.0,STES,BRCA,STES,PAAD,False,False,False
3502,False,0,0.0,KIPAN,BRCA,KIPAN,KIRC,False,False,False
3503,False,0,0.0,PRAD,BRCA,PRAD,BRCA,False,False,False
3504,False,0,0.0,OV,BRCA,OV,SARC,False,False,False
3505,False,0,0.0,LUSC,BRCA,LUSC,LUAD,False,False,False
3506,False,0,0.0,UCEC,BRCA,UCEC,BRCA,False,False,False
3507,False,0,0.0,LGG,BRCA,LGG,GBMLGG,False,False,False
3508,True,1,1.0,KIPAN,KIRC,KIPAN,KIPAN,True,False,True
3509,False,0,0.0,SARC,BRCA,SARC,COAD,False,False,False
3510,False,0,0.0,PAAD,BRCA,PAAD,TGCT,False,False,False
3511,False,0,0.0,OV,BRCA,OV,BRCA,False,False,False
3512,False,0,0.0,LGG,BRCA,LGG,GBMLGG,False,False,False
3513,False,0,0.0,LAML,BRCA,LAML,PRAD,False,False,False
3514,False,0,0.0,LIHC,BRCA,LIHC,LUAD,False,False,False
3515,False,0,0.0,PRAD,BRCA,PRAD,BRCA,False,False,False
3516,False,0,0.0,OV,BRCA,OV,PRAD,False,False,False
3517,False,0,0.0,SKCM,BRCA,SKCM,SKCM,True,False,False
3518,False,0,0.0,SARC,BRCA,SARC,PCPG,False,False,False
3519,False,0,0.0,BRCA,BRCA,BRCA,THCA,False,False,False
3520,True,1,1.0,KIPAN,KIRC,KIPAN,KIPAN,True,False,True
3521,False,0,0.0,SKCM,BRCA,SKCM,SKCM,True,False,False
3522,True,1,1.0,LGG,GBMLGG,LGG,LGG,True,False,True
3523,False,0,0.0,KIRC,BRCA,KIRC,UCEC,False,False,False
3524,False,0,0.0,GBMLGG,BRCA,GBMLGG,GBMLGG,True,False,False
3525,False,0,0.0,BRCA,BRCA,BRCA,BRCA,True,False,False
3526,False,0,0.0,UCEC,BRCA,UCEC,UCEC,True,False,False
3527,False,0,0.0,STES,BRCA,STES,STES,True,False,False
3528,False,0,0.0,STES,BRCA,STES,STES,True,False,False
3529,False,0,0.0,KIPAN,BRCA,KIPAN,LIHC,False,False,False
3530,False,0,0.0,KIRC,BRCA,KIRC,KIRC,True,False,False
3531,False,0,0.0,CESC,BRCA,CESC,BRCA,False,False,False
3532,False,0,0.0,LIHC,BRCA,LIHC,STES,False,False,False
3533,False,0,0.0,CESC,BRCA,CESC,CESC,True,False,False
3534,False,0,0.0,COAD,BRCA,COAD,COAD,True,False,False
3535,True,1,1.0,LGG,GBMLGG,LGG,LGG,True,False,True
3536,True,1,1.0,LAML,LAML,LAML,LAML,True,False,False
3537,False,0,0.0,KIRC,BRCA,KIRC,SKCM,False,False,False
3538,True,1,1.0,GBMLGG,LGG,LGG,GBMLGG,True,False,True
3539,False,0,0.0,LUSC,BRCA,LUSC,LUAD,False,False,False
3540,True,1,1.0,GBMLGG,LGG,GBMLGG,GBMLGG,True,False,True
3541,False,0,0.0,BRCA,BRCA,BRCA,BRCA,True,False,False
3542,False,0,0.0,GBMLGG,BRCA,GBMLGG,HNSC,False,False,False
3543,False,0,0.0,SKCM,BRCA,SKCM,SKCM,True,False,False
3544,False,0,0.0,PCPG,BRCA,PCPG,PCPG,True,False,False
3545,False,0,0.0,BRCA,BRCA,BRCA,BRCA,True,False,False
3546,False,0,0.0,LUAD,BRCA,LUAD,BRCA,False,False,False
3547,False,0,0.0,PAAD,BRCA,PAAD,THCA,False,False,False
3548,False,0,0.0,HNSC,BRCA,HNSC,HNSC,True,False,False
3549,False,0,0.0,PAAD,BRCA,PAAD,LGG,False,False,False
3550,True,1,1.0,LGG,GBMLGG,LGG,LGG,True,False,True
3551,False,0,0.0,LIHC,BRCA,LIHC,LUAD,False,False,False
3552,False,0,0.0,LUSC,BRCA,LUSC,LUSC,True,False,False
3553,False,0,0.0,HNSC,BRCA,HNSC,LUSC,False,False,False
3554,False,0,0.0,HNSC,BRCA,HNSC,HNSC,True,False,False
3555,False,0,0.0,OV,BRCA,OV,THCA,False,False,False
3556,False,0,0.0,THCA,BRCA,THCA,BRCA,False,False,False
3557,False,0,0.0,COAD,BRCA,COAD,COAD,True,False,False
3558,False,0,0.0,GBMLGG,BRCA,GBMLGG,LAML,False,False,False
3559,False,0,0.0,GBMLGG,BRCA,GBMLGG,GBMLGG,True,False,False
3560,False,0,0.0,KIPAN,BRCA,KIPAN,PRAD,False,False,False
3561,False,0,0.0,BRCA,BRCA,BRCA,BRCA,True,False,False
3562,False,0,0.0,LAML,BRCA,LAML,PRAD,False,False,False
3563,False,0,0.0,HNSC,BRCA,HNSC,HNSC,True,False,False
3564,False,0,0.0,KIPAN,BRCA,KIPAN,GBMLGG,False,False,False
3565,False,0,0.0,BRCA,BRCA,BRCA,LUAD,False,False,False
3566,False,0,0.0,BRCA,BRCA,BRCA,CESC,False,False,False
3567,False,0,0.0,COAD,BRCA,COAD,COAD,True,False,False
3568,False,0,0.0,SARC,BRCA,SARC,SARC,True,False,False
3569,False,0,0.0,CESC,BRCA,CESC,BLCA,False,False,False
3570,True,1,1.0,KIPAN,KIRC,KIRC,KIPAN,True,False,True
3571,False,0,0.0,PCPG,BRCA,PCPG,LAML,False,False,False
3572,False,0,0.0,HNSC,BRCA,HNSC,UCEC,False,False,False
3573,False,0,0.0,SARC,BRCA,SARC,PRAD,False,False,False
3574,False,0,0.0,LAML,BRCA,LAML,LAML,True,False,False
3575,False,0,0.0,BRCA,BRCA,BRCA,SARC,False,False,False
3576,True,1,1.0,KIPAN,KIRC,KIPAN,KIPAN,True,False,True
3577,False,0,0.0,LIHC,BRCA,LIHC,LIHC,True,False,False
3578,True,1,1.0,KIRC,KIPAN,KIRC,KIRC,True,False,True
3579,False,0,0.0,GBMLGG,BRCA,GBMLGG,GBMLGG,True,False,False
3580,False,0,0.0,COAD,BRCA,COAD,COAD,True,False,False
3581,False,0,0.0,HNSC,BRCA,HNSC,LUSC,False,False,False
3582,False,0,0.0,BRCA,BRCA,BRCA,LUAD,False,False,False
3583,False,0,0.0,THYM,BRCA,THYM,KIRC,False,False,False
3584,False,0,0.0,PRAD,BRCA,PRAD,PRAD,True,False,False
3585,False,0,0.0,LUSC,BRCA,LUSC,LUSC,True,False,False
3586,False,0,0.0,THCA,BRCA,THCA,THCA,True,False,False
3587,True,1,1.0,KIRC,KIPAN,KIRC,KIRC,True,False,True
3588,False,0,0.0,STES,BRCA,STES,STES,True,False,False
3589,False,0,0.0,ACC,BRCA,ACC,ACC,True,False,False
3590,False,0,0.0,BRCA,BRCA,BRCA,BRCA,True,False,False
3591,False,0,0.0,LIHC,BRCA,LIHC,LIHC,True,False,False
3592,False,0,0.0,PRAD,BRCA,PRAD,BRCA,False,False,False
3593,False,0,0.0,OV,BRCA,OV,BRCA,False,False,False
3594,True,1,1.0,LGG,LGG,LGG,GBMLGG,False,False,False
3595,False,0,0.0,BRCA,BRCA,BRCA,THCA,False,False,False
3596,True,1,1.0,KIRC,KIPAN,KIRC,KIRC,True,False,True
3597,False,0,0.0,THYM,BRCA,THYM,THYM,True,False,False
3598,False,0,0.0,BRCA,BRCA,BRCA,LAML,False,False,False
3599,False,0,0.0,CESC,BRCA,CESC,BRCA,False,False,False
3600,False,0,0.0,BRCA,BRCA,BRCA,BRCA,True,False,False
3601,False,0,0.0,GBMLGG,BRCA,GBMLGG,LGG,False,False,False
3602,False,0,0.0,SARC,BRCA,SARC,KIRC,False,False,False
3603,False,0,0.0,PRAD,BRCA,PRAD,PCPG,False,False,False
3604,False,0,0.0,HNSC,BRCA,HNSC,HNSC,True,False,False
3605,False,0,0.0,GBMLGG,BRCA,GBMLGG,GBMLGG,True,False,False
3606,False,0,0.0,COAD,BRCA,COAD,COAD,True,False,False
3607,False,0,0.0,PCPG,BRCA,PCPG,BRCA,False,False,False
3608,False,0,0.0,CESC,BRCA,CESC,TGCT,False,False,False
3609,True,1,1.0,KIRC,KIPAN,KIRC,KIRC,True,False,True
3610,False,0,0.0,BRCA,BRCA,BRCA,SARC,False,False,False
3611,False,0,0.0,CESC,BRCA,CESC,CESC,True,False,False
3612,False,0,0.0,BRCA,BRCA,BRCA,OV,False,False,False
3613,False,0,0.0,KIPAN,BRCA,KIPAN,GBMLGG,False,False,False
3614,True,1,1.0,KIPAN,KIRC,KIPAN,KIPAN,True,False,True
3615,False,0,0.0,THCA,BRCA,THCA,THCA,True,False,False
3616,False,0,0.0,BRCA,BRCA,BRCA,LIHC,False,False,False
3617,False,0,0.0,OV,BRCA,OV,OV,True,False,False
3618,False,0,0.0,PCPG,BRCA,PCPG,PCPG,True,False,False
3619,False,0,0.0,BRCA,BRCA,BRCA,LAML,False,False,False
3620,False,0,0.0,OV,BRCA,OV,HNSC,False,False,False
3621,False,0,0.0,ACC,BRCA,ACC,ACC,True,False,False
3622,False,0,0.0,LUAD,BRCA,LUAD,LUAD,True,False,False
3623,False,0,0.0,HNSC,BRCA,HNSC,LIHC,False,False,False
3624,False,0,0.0,SKCM,BRCA,SKCM,SKCM,True,False,False
3625,False,0,0.0,STES,BRCA,STES,UCEC,False,False,False
3626,False,0,0.0,BRCA,BRCA,BRCA,LUAD,False,False,False
3627,False,0,0.0,STES,BRCA,STES,STES,True,False,False
3628,False,0,0.0,KIPAN,BRCA,KIPAN,TGCT,False,False,False
3629,False,0,0.0,BRCA,BRCA,BRCA,HNSC,False,False,False
3630,False,0,0.0,GBMLGG,BRCA,GBMLGG,GBMLGG,True,False,False
3631,False,0,0.0,BRCA,BRCA,BRCA,BRCA,True,False,False
3632,False,0,0.0,KIRC,BRCA,KIRC,SARC,False,False,False
3633,False,0,0.0,THCA,BRCA,THCA,THCA,True,False,False
3634,False,0,0.0,THCA,BRCA,THCA,THCA,True,False,False
3635,False,0,0.0,THCA,BRCA,THCA,THCA,True,False,False
3636,False,0,0.0,OV,BRCA,OV,BRCA,False,False,False
3637,True,1,1.0,GBMLGG,LGG,GBMLGG,GBMLGG,True,False,True
3638,True,1,1.0,KIRC,KIPAN,KIRC,KIRC,True,False,True
3639,True,1,1.0,LGG,GBMLGG,LGG,LGG,True,False,True
3640,False,0,0.0,LAML,BRCA,LAML,GBMLGG,False,False,False
3641,False,0,0.0,BLCA,BRCA,BLCA,BLCA,True,False,False
3642,False,0,0.0,HNSC,BRCA,HNSC,STES,False,False,False
3643,False,0,0.0,HNSC,BRCA,HNSC,BLCA,False,False,False
3644,False,0,0.0,PRAD,BRCA,PRAD,PAAD,False,False,False
3645,False,0,0.0,TGCT,BRCA,TGCT,TGCT,True,False,False
3646,False,0,0.0,STES,BRCA,STES,STES,True,False,False
3647,False,0,0.0,LAML,BRCA,LAML,LAML,True,False,False
3648,False,0,0.0,PCPG,BRCA,PCPG,PCPG,True,False,False
3649,False,0,0.0,BLCA,BRCA,BLCA,BLCA,True,False,False
3650,False,0,0.0,PCPG,BRCA,PCPG,PCPG,True,False,False
3651,False,0,0.0,PCPG,BRCA,PCPG,PCPG,True,False,False
3652,False,0,0.0,OV,BRCA,OV,OV,True,False,False
3653,False,0,0.0,LIHC,BRCA,LIHC,BLCA,False,False,False
3654,False,0,0.0,BRCA,BRCA,BRCA,BRCA,True,False,False
3655,False,0,0.0,BRCA,BRCA,BRCA,BRCA,True,False,False
3656,False,0,0.0,STES,BRCA,STES,STES,True,False,False
3657,False,0,0.0,KIPAN,BRCA,KIPAN,OV,False,False,False
3658,False,0,0.0,THCA,BRCA,THCA,GBMLGG,False,False,False
3659,False,0,0.0,OV,BRCA,OV,OV,True,False,False
3660,False,0,0.0,BRCA,BRCA,BRCA,HNSC,False,False,False
3661,False,0,0.0,ACC,BRCA,ACC,ACC,True,False,False
3662,False,0,0.0,OV,BRCA,OV,OV,True,False,False
3663,False,0,0.0,THYM,BRCA,THYM,THYM,True,False,False
3664,False,0,0.0,LIHC,BRCA,LIHC,HNSC,False,False,False
3665,False,0,0.0,BRCA,BRCA,BRCA,BRCA,True,False,False
3666,False,0,0.0,LUAD,BRCA,LUAD,LUAD,True,False,False
3667,True,1,1.0,KIRC,KIPAN,KIRC,KIRC,True,False,True
3668,False,0,0.0,THYM,BRCA,THYM,THCA,False,False,False
3669,True,1,1.0,KIPAN,KIRC,KIPAN,KIPAN,True,False,True
3670,False,0,0.0,COAD,BRCA,COAD,SKCM,False,False,False
3671,False,0,0.0,STES,BRCA,STES,STES,True,False,False
3672,False,0,0.0,BRCA,BRCA,BRCA,BRCA,True,False,False
3673,False,0,0.0,BRCA,BRCA,BRCA,BRCA,True,False,False
3674,False,0,0.0,BRCA,BRCA,BRCA,BRCA,True,False,False
3675,False,0,0.0,UCEC,BRCA,UCEC,UCEC,True,False,False
3676,False,0,0.0,SKCM,BRCA,SKCM,SKCM,True,False,False
3677,False,0,0.0,LIHC,BRCA,LIHC,LIHC,True,False,False
3678,False,0,0.0,PCPG,BRCA,PCPG,SARC,False,False,False
3679,False,0,0.0,CESC,BRCA,CESC,CESC,True,False,False
3680,False,0,0.0,SKCM,BRCA,SKCM,SKCM,True,False,False
3681,False,0,0.0,KIRC,BRCA,KIRC,PRAD,False,False,False
3682,False,0,0.0,OV,BRCA,OV,OV,True,False,False
3683,False,0,0.0,STES,BRCA,STES,STES,True,False,False
3684,False,0,0.0,PAAD,BRCA,PAAD,PAAD,True,False,False
3685,False,0,0.0,BLCA,BRCA,BLCA,HNSC,False,False,False
3686,False,0,0.0,PAAD,BRCA,PAAD,HNSC,False,False,False
3687,False,0,0.0,OV,BRCA,OV,BRCA,False,False,False
3688,False,0,0.0,LIHC,BRCA,LIHC,LIHC,True,False,False
3689,False,0,0.0,LUAD,BRCA,LUAD,LUAD,True,False,False
3690,False,0,0.0,HNSC,BRCA,HNSC,HNSC,True,False,False
3691,False,0,0.0,STES,BRCA,STES,STES,True,False,False
3692,False,0,0.0,LUSC,BRCA,LUSC,STES,False,False,False
3693,True,1,1.0,KIRC,KIPAN,KIRC,KIRC,True,False,True
3694,False,0,0.0,THCA,BRCA,THCA,THCA,True,False,False
3695,False,0,0.0,THCA,BRCA,THCA,THCA,True,False,False
3696,False,0,0.0,LUAD,BRCA,LUAD,LUAD,True,False,False
3697,False,0,0.0,PCPG,BRCA,PCPG,BRCA,False,False,False
3698,False,0,0.0,LIHC,BRCA,LIHC,LIHC,True,False,False
3699,False,0,0.0,BRCA,BRCA,BRCA,BRCA,True,False,False
3700,False,0,0.0,BRCA,BRCA,BRCA,BRCA,True,False,False
3701,False,0,0.0,UCEC,BRCA,UCEC,GBMLGG,False,False,False
3702,False,0,0.0,LUAD,BRCA,LUAD,LIHC,False,False,False
3703,False,0,0.0,GBMLGG,BRCA,GBMLGG,OV,False,False,False
3704,False,0,0.0,UCEC,BRCA,UCEC,UCEC,True,False,False
3705,True,15,0.9333333333333333,THCA,THCA,THCA,THCA,True,False,False
3706,False,0,0.0,KIRC,BRCA,KIRC,KIRC,True,False,False
3707,False,0,0.0,PRAD,BRCA,PRAD,THCA,False,False,False
3708,False,0,0.0,OV,BRCA,OV,COAD,False,False,False
3709,False,0,0.0,BRCA,BRCA,BRCA,BRCA,True,False,False
3710,False,0,0.0,LUSC,BRCA,LUSC,LUSC,True,False,False
3711,False,0,0.0,STES,BRCA,STES,THYM,False,False,False
3712,False,0,0.0,HNSC,BRCA,HNSC,BLCA,False,False,False
3713,False,0,0.0,PCPG,BRCA,PCPG,OV,False,False,False
3714,False,0,0.0,GBMLGG,BRCA,GBMLGG,GBMLGG,True,False,False
3715,False,0,0.0,UCEC,BRCA,UCEC,UCEC,True,False,False
3716,False,0,0.0,BRCA,BRCA,BRCA,SARC,False,False,False
3717,False,0,0.0,HNSC,BRCA,HNSC,BLCA,False,False,False
3718,False,0,0.0,LUAD,BRCA,LUAD,STES,False,False,False
3719,False,0,0.0,DLBC,BRCA,DLBC,DLBC,True,False,False
3720,False,0,0.0,SKCM,BRCA,SKCM,SKCM,True,False,False
3721,False,0,0.0,PRAD,BRCA,PRAD,PRAD,True,False,False
3722,False,0,0.0,LUSC,BRCA,LUSC,OV,False,False,False
3723,False,0,0.0,BRCA,BRCA,BRCA,KIRC,False,False,False
3724,False,0,0.0,BRCA,BRCA,BRCA,THCA,False,False,False
3725,False,0,0.0,OV,BRCA,OV,BRCA,False,False,False
3726,False,0,0.0,BRCA,BRCA,BRCA,CESC,False,False,False
3727,False,0,0.0,STES,BRCA,STES,HNSC,False,False,False
3728,False,0,0.0,BRCA,BRCA,BRCA,BRCA,True,False,False
3729,False,0,0.0,COAD,BRCA,COAD,COAD,True,False,False
3730,False,0,0.0,GBMLGG,BRCA,GBMLGG,GBMLGG,True,False,False
3731,False,0,0.0,PCPG,BRCA,PCPG,PCPG,True,False,False
3732,False,0,0.0,BRCA,BRCA,BRCA,OV,False,False,False
3733,True,1,1.0,KIPAN,KIRC,KIPAN,KIPAN,True,False,True
3734,False,0,0.0,LUSC,BRCA,LUSC,LUAD,False,False,False
3735,False,0,0.0,SKCM,BRCA,SKCM,SKCM,True,False,False
3736,False,0,0.0,CESC,BRCA,CESC,BRCA,False,False,False
3737,True,1,1.0,KIPAN,KIRC,KIPAN,KIPAN,True,False,True
3738,True,1,1.0,KIRC,KIPAN,KIRC,KIRC,True,False,True
3739,False,0,0.0,LAML,BRCA,LAML,THYM,False,False,False
3740,False,0,0.0,OV,BRCA,OV,STES,False,False,False
3741,False,0,0.0,LUAD,BRCA,LUAD,LUAD,True,False,False
3742,False,0,0.0,PRAD,BRCA,PRAD,PRAD,True,False,False
3743,False,0,0.0,TGCT,BRCA,TGCT,TGCT,True,False,False
3744,True,1,1.0,KIPAN,KIRC,KIPAN,KIPAN,True,False,True
3745,False,0,0.0,HNSC,BRCA,HNSC,STES,False,False,False
3746,False,0,0.0,SKCM,BRCA,SKCM,SKCM,True,False,False
3747,False,0,0.0,GBMLGG,BRCA,GBMLGG,KIRC,False,False,False
3748,False,0,0.0,UCEC,BRCA,UCEC,LIHC,False,False,False
3749,False,0,0.0,KIRC,BRCA,KIRC,SARC,False,False,False
3750,False,0,0.0,LIHC,BRCA,LIHC,LIHC,True,False,False
3751,True,2,1.0,KIRC,KIRC,KIRC,KIPAN,False,False,False
3752,False,0,0.0,SARC,BRCA,SARC,PCPG,False,False,False
3753,False,0,0.0,PCPG,BRCA,PCPG,PCPG,True,False,False
3754,True,1,1.0,KIRC,KIPAN,KIRC,KIRC,True,False,True
3755,False,0,0.0,KIRC,BRCA,KIRC,KIPAN,False,False,False
3756,False,0,0.0,GBMLGG,BRCA,GBMLGG,GBMLGG,True,False,False
3757,False,0,0.0,LIHC,BRCA,LIHC,STES,False,False,False
3758,False,0,0.0,SARC,BRCA,SARC,SARC,True,False,False
3759,True,1,1.0,LGG,GBMLGG,LGG,LGG,True,False,True
3760,False,0,0.0,PRAD,BRCA,PRAD,CESC,False,False,False
3761,False,0,0.0,GBMLGG,BRCA,GBMLGG,GBMLGG,True,False,False
3762,False,0,0.0,PRAD,BRCA,PRAD,THCA,False,False,False
3763,False,0,0.0,UCEC,BRCA,UCEC,UCEC,True,False,False
3764,False,0,0.0,ACC,BRCA,ACC,ACC,True,False,False
3765,False,0,0.0,LUSC,BRCA,LUSC,LUSC,True,False,False
3766,False,0,0.0,GBMLGG,BRCA,GBMLGG,BRCA,False,False,False
3767,False,0,0.0,LUSC,BRCA,LUSC,LUAD,False,False,False
3768,False,0,0.0,SARC,BRCA,SARC,PRAD,False,False,False
3769,False,0,0.0,LIHC,BRCA,LIHC,LIHC,True,False,False
3770,True,1,1.0,GBMLGG,GBMLGG,GBMLGG,LGG,False,False,False
3771,False,0,0.0,LAML,BRCA,LAML,LAML,True,False,False
3772,False,0,0.0,BRCA,BRCA,BRCA,BRCA,True,False,False
3773,False,0,0.0,BRCA,BRCA,BRCA,THYM,False,False,False
3774,False,0,0.0,KIRC,BRCA,KIRC,KIPAN,False,False,False
3775,False,0,0.0,KIPAN,BRCA,KIPAN,KIPAN,True,False,False
3776,False,0,0.0,KIRC,BRCA,KIRC,KIRC,True,False,False
3777,False,0,0.0,LIHC,BRCA,LIHC,BRCA,False,False,False
3778,False,0,0.0,KIPAN,BRCA,KIPAN,KIPAN,True,False,False
3779,False,0,0.0,PRAD,BRCA,PRAD,BRCA,False,False,False
3780,False,0,0.0,GBMLGG,BRCA,GBMLGG,GBMLGG,True,False,False
3781,False,0,0.0,BRCA,BRCA,BRCA,BRCA,True,False,False
3782,False,0,0.0,GBMLGG,BRCA,GBMLGG,LGG,False,False,False
3783,True,1,1.0,KIRC,KIPAN,KIRC,KIRC,True,False,True
3784,False,0,0.0,STES,BRCA,STES,STES,True,False,False
3785,False,0,0.0,CESC,BRCA,CESC,LUAD,False,False,False
3786,False,0,0.0,KIPAN,BRCA,KIPAN,KIPAN,True,False,False
3787,False,0,0.0,KIPAN,BRCA,KIPAN,OV,False,False,False
3788,False,0,0.0,HNSC,BRCA,HNSC,HNSC,True,False,False
3789,False,0,0.0,THYM,BRCA,THYM,THYM,True,False,False
3790,False,0,0.0,STES,BRCA,STES,STES,True,False,False
3791,False,0,0.0,SKCM,BRCA,SKCM,SKCM,True,False,False
3792,False,0,0.0,KIPAN,BRCA,KIPAN,KIPAN,True,False,False
3793,False,0,0.0,SKCM,BRCA,SKCM,SKCM,True,False,False
3794,False,0,0.0,OV,BRCA,OV,GBMLGG,False,False,False
3795,False,0,0.0,LGG,BRCA,LGG,LGG,True,False,False
3796,False,0,0.0,BRCA,BRCA,BRCA,CESC,False,False,False
3797,False,0,0.0,BRCA,BRCA,BRCA,BRCA,True,False,False
3798,False,0,0.0,SARC,BRCA,SARC,BRCA,False,False,False
3799,False,0,0.0,KIRC,BRCA,KIRC,KIPAN,False,False,False
3800,False,0,0.0,HNSC,BRCA,HNSC,HNSC,True,False,False
3801,False,0,0.0,LUAD,BRCA,LUAD,HNSC,False,False,False
3802,True,1,1.0,LGG,LGG,LGG,GBMLGG,False,False,False
3803,False,0,0.0,PRAD,BRCA,PRAD,PRAD,True,False,False
3804,False,0,0.0,STES,BRCA,STES,CESC,False,False,False
3805,True,1,1.0,KIPAN,KIRC,KIPAN,KIPAN,True,False,True
3806,False,0,0.0,OV,BRCA,OV,PAAD,False,False,False
3807,False,0,0.0,TGCT,BRCA,TGCT,TGCT,True,False,False
3808,False,0,0.0,OV,BRCA,OV,PAAD,False,False,False
3809,True,1,1.0,GBMLGG,GBMLGG,GBMLGG,LGG,False,False,False
3810,False,0,0.0,CESC,BRCA,CESC,CESC,True,False,False
3811,False,0,0.0,GBMLGG,BRCA,GBMLGG,HNSC,False,False,False
3812,False,0,0.0,HNSC,BRCA,HNSC,STES,False,False,False
3813,False,0,0.0,THCA,BRCA,THCA,SKCM,False,False,False
3814,False,0,0.0,PRAD,BRCA,PRAD,THCA,False,False,False
3815,False,0,0.0,THYM,BRCA,THYM,PRAD,False,False,False
3816,False,0,0.0,OV,BRCA,OV,LAML,False,False,False
3817,False,0,0.0,UCEC,BRCA,UCEC,UCEC,True,False,False
3818,False,0,0.0,GBMLGG,BRCA,GBMLGG,GBMLGG,True,False,False
3819,False,0,0.0,KIPAN,BRCA,KIPAN,GBMLGG,False,False,False
3820,False,0,0.0,PRAD,BRCA,PRAD,BRCA,False,False,False
3821,False,0,0.0,PRAD,BRCA,PRAD,KIPAN,False,False,False
3822,False,0,0.0,KIRC,BRCA,KIRC,SKCM,False,False,False
3823,False,0,0.0,BRCA,BRCA,BRCA,LAML,False,False,False
3824,False,0,0.0,GBMLGG,BRCA,GBMLGG,GBMLGG,True,False,False
3825,False,0,0.0,PRAD,BRCA,PRAD,BRCA,False,False,False
3826,False,0,0.0,THCA,BRCA,THCA,HNSC,False,False,False
3827,False,0,0.0,BRCA,BRCA,BRCA,BRCA,True,False,False
3828,False,0,0.0,STES,BRCA,STES,UCEC,False,False,False
3829,False,0,0.0,OV,BRCA,OV,HNSC,False,False,False
3830,False,0,0.0,PRAD,BRCA,PRAD,BRCA,False,False,False
3831,False,0,0.0,LUSC,BRCA,LUSC,LUSC,True,False,False
3832,False,0,0.0,BRCA,BRCA,BRCA,BRCA,True,False,False
3833,False,0,0.0,BRCA,BRCA,BRCA,BRCA,True,False,False
3834,False,0,0.0,STES,BRCA,STES,HNSC,False,False,False
3835,False,0,0.0,STES,BRCA,STES,STES,True,False,False
3836,False,0,0.0,THYM,BRCA,THYM,BRCA,False,False,False
3837,False,0,0.0,LAML,BRCA,LAML,LAML,True,False,False
3838,False,0,0.0,PCPG,BRCA,PCPG,PRAD,False,False,False
3839,False,0,0.0,KIRC,BRCA,KIRC,KIRC,True,False,False
3840,False,0,0.0,KIPAN,BRCA,KIPAN,KIRC,False,False,False
3841,False,0,0.0,PRAD,BRCA,PRAD,BRCA,False,False,False
3842,False,0,0.0,STES,BRCA,STES,COAD,False,False,False
3843,False,0,0.0,STES,BRCA,STES,KIRC,False,False,False
3844,False,0,0.0,STES,BRCA,STES,STES,True,False,False
3845,False,0,0.0,BRCA,BRCA,BRCA,GBMLGG,False,False,False
3846,True,1,1.0,LGG,LGG,LGG,GBMLGG,False,False,False
3847,False,0,0.0,HNSC,BRCA,HNSC,HNSC,True,False,False
3848,False,0,0.0,OV,BRCA,OV,BRCA,False,False,False
3849,False,0,0.0,LUSC,BRCA,LUSC,LUSC,True,False,False
3850,False,0,0.0,LAML,BRCA,LAML,THCA,False,False,False
3851,False,0,0.0,BRCA,BRCA,BRCA,KIPAN,False,False,False
3852,False,0,0.0,THCA,BRCA,THCA,THCA,True,False,False
3853,False,0,0.0,BRCA,BRCA,BRCA,STES,False,False,False
3854,False,0,0.0,LUAD,BRCA,LUAD,CESC,False,False,False
3855,True,1,1.0,KIRC,KIPAN,KIPAN,KIRC,True,False,True
3856,False,0,0.0,OV,BRCA,OV,PRAD,False,False,False
3857,False,0,0.0,LIHC,BRCA,LIHC,OV,False,False,False
3858,False,0,0.0,PRAD,BRCA,PRAD,PRAD,True,False,False
3859,False,0,0.0,SKCM,BRCA,SKCM,SKCM,True,False,False
3860,False,0,0.0,OV,BRCA,OV,LIHC,False,False,False
3861,True,1,1.0,GBMLGG,LGG,GBMLGG,GBMLGG,True,False,True
3862,False,0,0.0,BRCA,BRCA,BRCA,BRCA,True,False,False
3863,False,0,0.0,LGG,BRCA,LGG,LGG,True,False,False
3864,False,0,0.0,GBMLGG,BRCA,GBMLGG,GBMLGG,True,False,False
3865,False,0,0.0,BLCA,BRCA,BLCA,CESC,False,False,False
3866,False,0,0.0,PCPG,BRCA,PCPG,SARC,False,False,False
3867,False,0,0.0,PCPG,BRCA,PCPG,PCPG,True,False,False
3868,False,0,0.0,PRAD,BRCA,PRAD,THYM,False,False,False
3869,False,0,0.0,SARC,BRCA,SARC,THYM,False,False,False
3870,False,0,0.0,SARC,BRCA,SARC,SARC,True,False,False
3871,False,0,0.0,KIRC,BRCA,KIRC,KIPAN,False,False,False
3872,False,0,0.0,PRAD,BRCA,PRAD,THCA,False,False,False
3873,False,0,0.0,COAD,BRCA,COAD,COAD,True,False,False
3874,False,0,0.0,LIHC,BRCA,LIHC,BRCA,False,False,False
3875,False,0,0.0,BRCA,BRCA,BRCA,BRCA,True,False,False
3876,False,0,0.0,STES,BRCA,STES,GBMLGG,False,False,False
3877,False,0,0.0,KIPAN,BRCA,KIPAN,KIPAN,True,False,False
3878,False,0,0.0,TGCT,BRCA,TGCT,TGCT,True,False,False
3879,False,0,0.0,UCEC,BRCA,UCEC,GBMLGG,False,False,False
3880,False,0,0.0,LAML,BRCA,LAML,LAML,True,False,False
3881,True,1,1.0,KIPAN,KIRC,KIPAN,KIPAN,True,False,True
3882,False,0,0.0,HNSC,BRCA,HNSC,KIPAN,False,False,False
3883,False,0,0.0,PCPG,BRCA,PCPG,PRAD,False,False,False
3884,False,0,0.0,LUSC,BRCA,LUSC,LUAD,False,False,False
3885,True,1,1.0,KIPAN,KIRC,KIPAN,KIPAN,True,False,True
3886,True,1,1.0,LGG,GBMLGG,LGG,LGG,True,False,True
3887,False,0,0.0,COAD,BRCA,COAD,COAD,True,False,False
3888,True,1,1.0,KIRC,KIPAN,KIRC,KIRC,True,False,True
3889,False,0,0.0,PRAD,BRCA,PRAD,BRCA,False,False,False
3890,False,0,0.0,HNSC,BRCA,HNSC,DLBC,False,False,False
3891,False,0,0.0,KIPAN,BRCA,KIPAN,BRCA,False,False,False
3892,False,0,0.0,KIPAN,BRCA,KIPAN,KIPAN,True,False,False
3893,False,0,0.0,LGG,BRCA,LGG,LAML,False,False,False
3894,False,0,0.0,CESC,BRCA,CESC,CESC,True,False,False
3895,False,0,0.0,BRCA,BRCA,BRCA,CESC,False,False,False
3896,False,0,0.0,SARC,BRCA,SARC,PCPG,False,False,False
3897,False,0,0.0,PRAD,BRCA,PRAD,TGCT,False,False,False
3898,False,0,0.0,BRCA,BRCA,BRCA,BRCA,True,False,False
3899,False,0,0.0,THCA,BRCA,THCA,PRAD,False,False,False
3900,False,0,0.0,PAAD,BRCA,PAAD,PAAD,True,False,False
3901,True,1,1.0,KIPAN,KIRC,KIRC,KIPAN,True,False,True
3902,False,0,0.0,BRCA,BRCA,BRCA,LUAD,False,False,False
3903,True,1,1.0,GBMLGG,LGG,GBMLGG,GBMLGG,True,False,True
3904,False,0,0.0,THYM,BRCA,THYM,THYM,True,False,False
3905,False,0,0.0,HNSC,BRCA,HNSC,STES,False,False,False
3906,False,0,0.0,GBMLGG,BRCA,GBMLGG,GBMLGG,True,False,False
3907,False,0,0.0,LIHC,BRCA,LIHC,KIPAN,False,False,False
3908,False,0,0.0,KIPAN,BRCA,KIPAN,LUSC,False,False,False
3909,False,0,0.0,COAD,BRCA,COAD,COAD,True,False,False
3910,False,0,0.0,OV,BRCA,OV,OV,True,False,False
3911,False,0,0.0,OV,BRCA,OV,OV,True,False,False
3912,False,0,0.0,SARC,BRCA,SARC,BRCA,False,False,False
3913,False,0,0.0,OV,BRCA,OV,OV,True,False,False
3914,False,0,0.0,THCA,BRCA,THCA,THCA,True,False,False
3915,False,0,0.0,UCEC,BRCA,UCEC,CESC,False,False,False
3916,True,1,1.0,KIRC,KIPAN,KIPAN,KIRC,True,False,True
3917,False,0,0.0,BRCA,BRCA,BRCA,BRCA,True,False,False
3918,False,0,0.0,GBMLGG,BRCA,GBMLGG,LUAD,False,False,False
3919,False,0,0.0,CESC,BRCA,CESC,HNSC,False,False,False
3920,False,0,0.0,PRAD,BRCA,PRAD,BRCA,False,False,False
3921,True,1,1.0,SARC,KIRC,KIRC,KIPAN,False,False,False
3922,False,0,0.0,SARC,BRCA,SARC,LIHC,False,False,False
3923,False,0,0.0,CESC,BRCA,CESC,CESC,True,False,False
3924,False,0,0.0,PAAD,BRCA,PAAD,OV,False,False,False
3925,False,0,0.0,STES,BRCA,STES,HNSC,False,False,False
3926,False,0,0.0,THYM,BRCA,THYM,LAML,False,False,False
3927,False,0,0.0,KIRC,BRCA,KIRC,KIPAN,False,False,False
3928,False,0,0.0,THYM,BRCA,THYM,LAML,False,False,False
3929,False,0,0.0,LUSC,BRCA,LUSC,LUSC,True,False,False
3930,False,0,0.0,ACC,BRCA,ACC,ACC,True,False,False
3931,False,0,0.0,LUSC,BRCA,LUSC,LUSC,True,False,False
3932,False,0,0.0,OV,BRCA,OV,KIPAN,False,False,False
3933,False,0,0.0,PCPG,BRCA,PCPG,SARC,False,False,False
3934,False,0,0.0,SARC,BRCA,SARC,GBMLGG,False,False,False
3935,False,0,0.0,THYM,BRCA,THYM,PRAD,False,False,False
3936,False,0,0.0,TGCT,BRCA,TGCT,PCPG,False,False,False
3937,True,15,0.9333333333333333,THCA,THCA,THCA,THCA,True,False,False
3938,False,0,0.0,HNSC,BRCA,HNSC,SKCM,False,False,False
3939,False,0,0.0,OV,BRCA,OV,BRCA,False,False,False
3940,False,0,0.0,OV,BRCA,OV,OV,True,False,False
3941,True,1,1.0,KIRC,KIPAN,KIRC,KIRC,True,False,True
3942,False,0,0.0,SKCM,BRCA,SKCM,SKCM,True,False,False
3943,False,0,0.0,OV,BRCA,OV,PRAD,False,False,False
3944,False,0,0.0,UCEC,BRCA,UCEC,COAD,False,False,False
3945,False,0,0.0,BRCA,BRCA,BRCA,OV,False,False,False
3946,True,1,1.0,LGG,GBMLGG,LGG,LGG,True,False,True
3947,True,1,1.0,LGG,LGG,LGG,GBMLGG,False,False,False
3948,False,0,0.0,BRCA,BRCA,BRCA,SARC,False,False,False
3949,False,0,0.0,SKCM,BRCA,SKCM,SKCM,True,False,False
3950,False,0,0.0,PRAD,BRCA,PRAD,PRAD,True,False,False
3951,True,1,1.0,KIRC,KIRC,KIRC,KIPAN,False,False,False
3952,False,0,0.0,UCEC,BRCA,UCEC,CESC,False,False,False
3953,False,0,0.0,HNSC,BRCA,HNSC,STES,False,False,False
3954,True,1,1.0,GBMLGG,LGG,LGG,GBMLGG,True,False,True
3955,False,0,0.0,PRAD,BRCA,PRAD,PRAD,True,False,False
3956,False,0,0.0,PAAD,BRCA,PAAD,PAAD,True,False,False
3957,True,1,1.0,KIPAN,KIRC,KIPAN,KIPAN,True,False,True
3958,True,1,1.0,GBMLGG,LGG,LGG,GBMLGG,True,False,True
3959,False,0,0.0,CESC,BRCA,CESC,UCEC,False,False,False
3960,False,0,0.0,THYM,BRCA,THYM,THYM,True,False,False
3961,False,0,0.0,THCA,BRCA,THCA,THCA,True,False,False
3962,False,0,0.0,STES,BRCA,STES,UCEC,False,False,False
3963,True,1,1.0,GBMLGG,LGG,GBMLGG,GBMLGG,True,False,True
3964,False,0,0.0,PRAD,BRCA,PRAD,PRAD,True,False,False
3965,False,0,0.0,HNSC,BRCA,HNSC,HNSC,True,False,False
3966,False,0,0.0,BRCA,BRCA,BRCA,KIPAN,False,False,False
3967,False,0,0.0,COAD,BRCA,COAD,COAD,True,False,False
3968,False,0,0.0,ACC,BRCA,ACC,ACC,True,False,False
3969,True,14,0.9285714285714286,THCA,THCA,THCA,THCA,True,False,False
3970,False,0,0.0,PRAD,BRCA,PRAD,KIPAN,False,False,False
3971,False,0,0.0,THCA,BRCA,THCA,THYM,False,False,False
3972,False,0,0.0,BRCA,BRCA,BRCA,BRCA,True,False,False
3973,False,0,0.0,BRCA,BRCA,BRCA,BRCA,True,False,False
3974,True,1,1.0,KIRC,KIPAN,KIRC,KIRC,True,False,True
3975,False,0,0.0,TGCT,BRCA,TGCT,TGCT,True,False,False
3976,False,0,0.0,LUSC,BRCA,LUSC,LUSC,True,False,False
3977,False,0,0.0,SARC,BRCA,SARC,KIPAN,False,False,False
3978,False,0,0.0,GBMLGG,BRCA,GBMLGG,GBMLGG,True,False,False
3979,False,0,0.0,KIPAN,BRCA,KIPAN,BRCA,False,False,False
3980,True,1,1.0,KIRC,KIPAN,KIRC,KIRC,True,False,True
3981,False,0,0.0,CESC,BRCA,CESC,LUAD,False,False,False
3982,False,0,0.0,KIPAN,BRCA,KIPAN,KIPAN,True,False,False
3983,False,0,0.0,STES,BRCA,STES,UCEC,False,False,False
3984,False,0,0.0,STES,BRCA,STES,HNSC,False,False,False
3985,False,0,0.0,COAD,BRCA,COAD,STES,False,False,False
3986,False,0,0.0,SARC,BRCA,SARC,SKCM,False,False,False
3987,False,0,0.0,GBMLGG,BRCA,GBMLGG,GBMLGG,True,False,False
3988,False,0,0.0,BRCA,BRCA,BRCA,BRCA,True,False,False
3989,False,0,0.0,PCPG,BRCA,PCPG,OV,False,False,False
3990,False,0,0.0,TGCT,BRCA,TGCT,OV,False,False,False
3991,True,1,1.0,KIPAN,KIRC,KIPAN,KIPAN,True,False,True
3992,False,0,0.0,SKCM,BRCA,SKCM,SKCM,True,False,False
3993,False,0,0.0,LGG,BRCA,LGG,GBMLGG,False,False,False
3994,False,0,0.0,BRCA,BRCA,BRCA,BRCA,True,False,False
3995,False,0,0.0,BRCA,BRCA,BRCA,BRCA,True,False,False
3996,False,0,0.0,BRCA,BRCA,BRCA,LUAD,False,False,False
3997,False,0,0.0,ACC,BRCA,ACC,ACC,True,False,False
3998,False,0,0.0,KIRC,BRCA,KIRC,KIPAN,False,False,False
3999,False,0,0.0,COAD,BRCA,COAD,COAD,True,False,False
4000,False,0,0.0,BRCA,BRCA,BRCA,BRCA,True,False,False
4001,False,0,0.0,BRCA,BRCA,BRCA,OV,False,False,False
4002,False,0,0.0,STES,BRCA,STES,HNSC,False,False,False
4003,False,0,0.0,PCPG,BRCA,PCPG,PCPG,True,False,False
4004,False,0,0.0,THYM,BRCA,THYM,KIRC,False,False,False
4005,False,0,0.0,HNSC,BRCA,HNSC,BRCA,False,False,False
4006,False,0,0.0,PAAD,BRCA,PAAD,STES,False,False,False
4007,False,0,0.0,OV,BRCA,OV,LAML,False,False,False
4008,False,0,0.0,PCPG,BRCA,PCPG,KIRC,False,False,False
4009,False,0,0.0,UCEC,BRCA,UCEC,UCEC,True,False,False
4010,False,0,0.0,HNSC,BRCA,HNSC,KIPAN,False,False,False
4011,True,1,1.0,KIRC,KIPAN,KIRC,KIRC,True,False,True
4012,False,0,0.0,COAD,BRCA,COAD,COAD,True,False,False
4013,False,0,0.0,BRCA,BRCA,BRCA,BRCA,True,False,False
4014,False,0,0.0,KIRC,BRCA,KIRC,KIPAN,False,False,False
4015,False,0,0.0,THCA,BRCA,THCA,THCA,True,False,False
4016,False,0,0.0,PCPG,BRCA,PCPG,PCPG,True,False,False
4017,False,0,0.0,TGCT,BRCA,TGCT,KIPAN,False,False,False
4018,False,0,0.0,OV,BRCA,OV,OV,True,False,False
4019,False,0,0.0,STES,BRCA,STES,LUAD,False,False,False
4020,False,0,0.0,PRAD,BRCA,PRAD,BRCA,False,False,False
4021,False,0,0.0,LUSC,BRCA,LUSC,LUSC,True,False,False
4022,False,0,0.0,LGG,BRCA,LGG,GBMLGG,False,False,False
4023,False,0,0.0,LUAD,BRCA,LUAD,LUSC,False,False,False
4024,False,0,0.0,LUSC,BRCA,LUSC,CESC,False,False,False
4025,True,2,1.0,LAML,LAML,LAML,LAML,True,False,False
4026,False,0,0.0,SKCM,BRCA,SKCM,SKCM,True,False,False
4027,False,0,0.0,THCA,BRCA,THCA,GBMLGG,False,False,False
4028,False,0,0.0,BRCA,BRCA,BRCA,KIPAN,False,False,False
4029,True,1,1.0,LGG,GBMLGG,LGG,LGG,True,False,True
4030,True,1,1.0,KIPAN,KIRC,KIPAN,KIPAN,True,False,True
4031,False,0,0.0,GBMLGG,BRCA,GBMLGG,GBMLGG,True,False,False
4032,False,0,0.0,HNSC,BRCA,HNSC,BLCA,False,False,False
4033,True,1,1.0,GBMLGG,LGG,GBMLGG,GBMLGG,True,False,True
4034,True,1,1.0,KIPAN,KIRC,KIPAN,KIPAN,True,False,True
4035,False,0,0.0,LAML,BRCA,LAML,LAML,True,False,False
4036,True,2,1.0,LAML,LAML,LAML,LAML,True,False,False
4037,False,0,0.0,BRCA,BRCA,BRCA,BRCA,True,False,False
4038,False,0,0.0,KIPAN,BRCA,KIPAN,BRCA,False,False,False
4039,False,0,0.0,BRCA,BRCA,BRCA,BRCA,True,False,False
4040,False,0,0.0,LIHC,BRCA,LIHC,LUSC,False,False,False
4041,True,1,1.0,KIRC,KIPAN,KIRC,KIRC,True,False,True
4042,False,0,0.0,KIRC,BRCA,KIRC,KIRC,True,False,False
4043,False,0,0.0,TGCT,BRCA,TGCT,TGCT,True,False,False
4044,False,0,0.0,THYM,BRCA,THYM,PRAD,False,False,False
4045,False,0,0.0,GBMLGG,BRCA,GBMLGG,UCEC,False,False,False
4046,False,0,0.0,BRCA,BRCA,BRCA,DLBC,False,False,False
4047,False,0,0.0,BRCA,BRCA,BRCA,PRAD,False,False,False
4048,False,0,0.0,BRCA,BRCA,BRCA,BLCA,False,False,False
4049,False,0,0.0,ACC,BRCA,ACC,ACC,True,False,False
4050,True,1,1.0,GBMLGG,GBMLGG,GBMLGG,LGG,False,False,False
4051,False,0,0.0,LGG,BRCA,LGG,LGG,True,False,False
4052,True,1,1.0,LGG,GBMLGG,GBMLGG,LGG,True,False,True
4053,False,0,0.0,THCA,BRCA,THCA,THCA,True,False,False
4054,True,1,1.0,KIPAN,KIRC,KIPAN,KIPAN,True,False,True
4055,False,0,0.0,GBMLGG,BRCA,GBMLGG,SARC,False,False,False
4056,True,1,1.0,KIRC,KIPAN,KIRC,KIRC,True,False,True
4057,False,0,0.0,BRCA,BRCA,BRCA,BRCA,True,False,False
4058,True,1,1.0,LGG,GBMLGG,LGG,LGG,True,False,True
4059,False,0,0.0,GBMLGG,BRCA,GBMLGG,LGG,False,False,False
4060,False,0,0.0,STES,BRCA,STES,LUSC,False,False,False
4061,False,0,0.0,UCEC,BRCA,UCEC,BRCA,False,False,False
4062,False,0,0.0,KIPAN,BRCA,KIPAN,KIPAN,True,False,False
4063,False,0,0.0,CESC,BRCA,CESC,CESC,True,False,False
4064,False,0,0.0,PRAD,BRCA,PRAD,KIPAN,False,False,False
4065,False,0,0.0,KIPAN,BRCA,KIPAN,KIPAN,True,False,False
4066,False,0,0.0,PRAD,BRCA,PRAD,BRCA,False,False,False
4067,False,0,0.0,CESC,BRCA,CESC,CESC,True,False,False
4068,True,1,1.0,KIPAN,KIRC,KIPAN,KIPAN,True,False,True
4069,False,0,0.0,KIRC,BRCA,KIRC,KIRC,True,False,False
4070,False,0,0.0,LIHC,BRCA,LIHC,LIHC,True,False,False
4071,False,0,0.0,BRCA,BRCA,BRCA,BRCA,True,False,False
4072,False,0,0.0,PAAD,BRCA,PAAD,STES,False,False,False
4073,True,1,1.0,KIRC,KIPAN,KIRC,KIRC,True,False,True
4074,False,0,0.0,BRCA,BRCA,BRCA,BRCA,True,False,False
4075,False,0,0.0,LUAD,BRCA,LUAD,LUAD,True,False,False
4076,True,1,1.0,GBMLGG,LGG,LGG,GBMLGG,True,False,True
4077,False,0,0.0,COAD,BRCA,COAD,COAD,True,False,False
4078,False,0,0.0,LGG,BRCA,LGG,LGG,True,False,False
4079,True,1,1.0,KIRC,KIPAN,KIRC,KIRC,True,False,True
4080,False,0,0.0,OV,BRCA,OV,OV,True,False,False
4081,False,0,0.0,THYM,BRCA,THYM,COAD,False,False,False
4082,False,0,0.0,THYM,BRCA,THYM,LAML,False,False,False
4083,False,0,0.0,PCPG,BRCA,PCPG,PCPG,True,False,False
4084,True,1,1.0,KIPAN,KIRC,KIPAN,KIPAN,True,False,True
4085,False,0,0.0,KIPAN,BRCA,KIPAN,CESC,False,False,False
4086,False,0,0.0,KIPAN,BRCA,KIPAN,SKCM,False,False,False
4087,False,0,0.0,OV,BRCA,OV,OV,True,False,False
4088,False,0,0.0,SKCM,BRCA,SKCM,SKCM,True,False,False
4089,False,0,0.0,GBMLGG,BRCA,GBMLGG,GBMLGG,True,False,False
4090,False,0,0.0,STES,BRCA,STES,STES,True,False,False
4091,False,0,0.0,SKCM,BRCA,SKCM,SKCM,True,False,False
4092,True,1,1.0,LGG,GBMLGG,LGG,LGG,True,False,True
4093,False,0,0.0,PRAD,BRCA,PRAD,KIPAN,False,False,False
4094,False,0,0.0,LUSC,BRCA,LUSC,HNSC,False,False,False
4095,False,0,0.0,STES,BRCA,STES,GBMLGG,False,False,False
4096,False,0,0.0,KIPAN,BRCA,KIPAN,CESC,False,False,False
4097,False,0,0.0,BRCA,BRCA,BRCA,BRCA,True,False,False
4098,False,0,0.0,COAD,BRCA,COAD,UCEC,False,False,False
4099,False,0,0.0,PRAD,BRCA,PRAD,THCA,False,False,False
4100,False,0,0.0,KIPAN,BRCA,KIPAN,KIPAN,True,False,False
4101,False,0,0.0,THCA,BRCA,THCA,THCA,True,False,False
4102,False,0,0.0,LUSC,BRCA,LUSC,LUSC,True,False,False
4103,False,0,0.0,PAAD,BRCA,PAAD,GBMLGG,False,False,False
4104,True,1,1.0,PRAD,KIPAN,PRAD,KIRC,False,False,False
4105,False,0,0.0,THCA,BRCA,THCA,THCA,True,False,False
4106,False,0,0.0,BRCA,BRCA,BRCA,KIPAN,False,False,False
4107,False,0,0.0,THCA,BRCA,THCA,BRCA,False,False,False
4108,False,0,0.0,COAD,BRCA,COAD,COAD,True,False,False
4109,True,1,1.0,KIRC,KIPAN,KIRC,KIRC,True,False,True
4110,True,1,1.0,LGG,GBMLGG,LGG,LGG,True,False,True
4111,False,0,0.0,SKCM,BRCA,SKCM,SKCM,True,False,False
4112,False,0,0.0,TGCT,BRCA,TGCT,TGCT,True,False,False
4113,True,1,1.0,KIRC,KIPAN,KIRC,KIRC,True,False,True
4114,False,0,0.0,GBMLGG,BRCA,GBMLGG,GBMLGG,True,False,False
4115,False,0,0.0,PCPG,BRCA,PCPG,SARC,False,False,False
4116,True,1,1.0,LGG,GBMLGG,LGG,LGG,True,False,True
4117,False,0,0.0,BRCA,BRCA,BRCA,SARC,False,False,False
4118,False,0,0.0,PRAD,BRCA,PRAD,PRAD,True,False,False
4119,False,0,0.0,THCA,BRCA,THCA,THCA,True,False,False
4120,False,0,0.0,BRCA,BRCA,BRCA,BRCA,True,False,False
4121,False,0,0.0,THYM,BRCA,THYM,THYM,True,False,False
4122,False,0,0.0,THYM,BRCA,THYM,THYM,True,False,False
4123,False,0,0.0,BRCA,BRCA,BRCA,LGG,False,False,False
4124,False,0,0.0,OV,BRCA,OV,PAAD,False,False,False
4125,False,0,0.0,KIPAN,BRCA,KIPAN,KIPAN,True,False,False
4126,False,0,0.0,OV,BRCA,OV,PAAD,False,False,False
4127,False,0,0.0,BRCA,BRCA,BRCA,GBMLGG,False,False,False
4128,False,0,0.0,BRCA,BRCA,BRCA,ACC,False,False,False
4129,False,0,0.0,PRAD,BRCA,PRAD,PRAD,True,False,False
4130,False,0,0.0,PRAD,BRCA,PRAD,THCA,False,False,False
4131,False,0,0.0,LUSC,BRCA,LUSC,CESC,False,False,False
4132,False,0,0.0,THCA,BRCA,THCA,GBMLGG,False,False,False
4133,False,0,0.0,KIPAN,BRCA,KIPAN,UCEC,False,False,False
4134,False,0,0.0,BRCA,BRCA,BRCA,BRCA,True,False,False
4135,False,0,0.0,GBMLGG,BRCA,GBMLGG,GBMLGG,True,False,False
4136,False,0,0.0,BRCA,BRCA,BRCA,BRCA,True,False,False
4137,False,0,0.0,LUSC,BRCA,LUSC,LUSC,True,False,False
4138,False,0,0.0,COAD,BRCA,COAD,COAD,True,False,False
4139,False,0,0.0,SARC,BRCA,SARC,LIHC,False,False,False
4140,True,1,1.0,KIRC,KIPAN,KIRC,KIRC,True,False,True
4141,True,1,1.0,GBMLGG,LGG,GBMLGG,GBMLGG,True,False,True
4142,False,0,0.0,LAML,BRCA,LAML,LAML,True,False,False
4143,False,0,0.0,SKCM,BRCA,SKCM,SKCM,True,False,False
4144,True,1,1.0,KIPAN,KIRC,KIPAN,KIPAN,True,False,True
4145,False,0,0.0,THYM,BRCA,THYM,BRCA,False,False,False
4146,False,0,0.0,COAD,BRCA,COAD,COAD,True,False,False
4147,True,1,1.0,LGG,GBMLGG,LGG,LGG,True,False,True
4148,True,1,1.0,GBMLGG,LGG,LGG,GBMLGG,True,False,True
4149,True,1,1.0,KIRC,KIPAN,KIRC,KIRC,True,False,True
4150,False,0,0.0,BRCA,BRCA,BRCA,BRCA,True,False,False
4151,False,0,0.0,BRCA,BRCA,BRCA,OV,False,False,False
4152,False,0,0.0,KIRC,BRCA,KIRC,KIPAN,False,False,False
4153,False,0,0.0,LAML,BRCA,LAML,LAML,True,False,False
4154,False,0,0.0,OV,BRCA,OV,OV,True,False,False
4155,False,0,0.0,TGCT,BRCA,TGCT,TGCT,True,False,False
4156,False,0,0.0,LAML,BRCA,LAML,PRAD,False,False,False
4157,False,0,0.0,BRCA,BRCA,BRCA,OV,False,False,False
4158,False,0,0.0,GBMLGG,BRCA,GBMLGG,HNSC,False,False,False
4159,False,0,0.0,KIPAN,BRCA,KIPAN,LUAD,False,False,False
4160,False,0,0.0,HNSC,BRCA,HNSC,HNSC,True,False,False
4161,False,0,0.0,COAD,BRCA,COAD,COAD,True,False,False
4162,False,0,0.0,PRAD,BRCA,PRAD,PCPG,False,False,False
4163,False,0,0.0,HNSC,BRCA,HNSC,HNSC,True,False,False
4164,False,0,0.0,BRCA,BRCA,BRCA,BRCA,True,False,False
4165,False,0,0.0,ACC,BRCA,ACC,ACC,True,False,False
4166,False,0,0.0,PCPG,BRCA,PCPG,THCA,False,False,False
4167,False,0,0.0,LUSC,BRCA,LUSC,STES,False,False,False
4168,False,0,0.0,PRAD,BRCA,PRAD,THYM,False,False,False
4169,False,0,0.0,LIHC,BRCA,LIHC,LIHC,True,False,False
4170,False,0,0.0,PRAD,BRCA,PRAD,UCEC,False,False,False
4171,False,0,0.0,BRCA,BRCA,BRCA,KIPAN,False,False,False
4172,False,0,0.0,LUSC,BRCA,LUSC,LUSC,True,False,False
4173,True,1,1.0,GBMLGG,LGG,GBMLGG,GBMLGG,True,False,True
4174,False,0,0.0,LIHC,BRCA,LIHC,LIHC,True,False,False
4175,False,0,0.0,HNSC,BRCA,HNSC,BRCA,False,False,False
4176,False,0,0.0,UCEC,BRCA,UCEC,UCEC,True,False,False
4177,False,0,0.0,PCPG,BRCA,PCPG,BRCA,False,False,False
4178,False,0,0.0,LUAD,BRCA,LUAD,LUAD,True,False,False
4179,False,0,0.0,COAD,BRCA,COAD,COAD,True,False,False
4180,False,0,0.0,STES,BRCA,STES,BRCA,False,False,False
4181,False,0,0.0,THCA,BRCA,THCA,THCA,True,False,False
4182,False,0,0.0,BRCA,BRCA,BRCA,SARC,False,False,False
4183,False,0,0.0,SKCM,BRCA,SKCM,SKCM,True,False,False
4184,False,0,0.0,GBMLGG,BRCA,GBMLGG,GBMLGG,True,False,False
4185,False,0,0.0,OV,BRCA,OV,OV,True,False,False
4186,False,0,0.0,BRCA,BRCA,BRCA,BRCA,True,False,False
4187,True,1,1.0,KIPAN,KIPAN,KIPAN,KIRC,False,False,False
4188,False,0,0.0,TGCT,BRCA,TGCT,TGCT,True,False,False
4189,False,0,0.0,BRCA,BRCA,BRCA,CESC,False,False,False
4190,False,0,0.0,KIPAN,BRCA,KIPAN,KIRC,False,False,False
4191,False,0,0.0,SKCM,BRCA,SKCM,SKCM,True,False,False
4192,False,0,0.0,BRCA,BRCA,BRCA,BRCA,True,False,False
4193,False,0,0.0,PAAD,BRCA,PAAD,STES,False,False,False
4194,False,0,0.0,LAML,BRCA,LAML,CESC,False,False,False
4195,False,0,0.0,TGCT,BRCA,TGCT,CESC,False,False,False
4196,False,0,0.0,BRCA,BRCA,BRCA,CESC,False,False,False
4197,False,0,0.0,PAAD,BRCA,PAAD,PAAD,True,False,False
4198,False,0,0.0,GBMLGG,BRCA,GBMLGG,GBMLGG,True,False,False
4199,True,1,1.0,KIPAN,KIRC,KIPAN,KIPAN,True,False,True
4200,False,0,0.0,THCA,BRCA,THCA,THCA,True,False,False
4201,False,0,0.0,TGCT,BRCA,TGCT,SARC,False,False,False
4202,True,1,1.0,KIPAN,KIRC,KIPAN,KIPAN,True,False,True
4203,False,0,0.0,THYM,BRCA,THYM,BLCA,False,False,False
4204,False,0,0.0,THCA,BRCA,THCA,THCA,True,False,False
4205,False,0,0.0,LAML,BRCA,LAML,HNSC,False,False,False
4206,False,0,0.0,PCPG,BRCA,PCPG,PCPG,True,False,False
4207,True,1,1.0,KIRC,KIRC,KIRC,KIPAN,False,False,False
4208,False,0,0.0,SKCM,BRCA,SKCM,SKCM,True,False,False
4209,False,0,0.0,BRCA,BRCA,BRCA,BRCA,True,False,False
4210,False,0,0.0,LUAD,BRCA,LUAD,LUAD,True,False,False
4211,False,0,0.0,LUSC,BRCA,LUSC,LUSC,True,False,False
4212,False,0,0.0,GBMLGG,BRCA,GBMLGG,GBMLGG,True,False,False
4213,False,0,0.0,LUSC,BRCA,LUSC,LIHC,False,False,False
4214,False,0,0.0,LIHC,BRCA,LIHC,LUSC,False,False,False
4215,False,0,0.0,BRCA,BRCA,BRCA,PRAD,False,False,False
4216,False,0,0.0,TGCT,BRCA,TGCT,TGCT,True,False,False
4217,False,0,0.0,COAD,BRCA,COAD,COAD,True,False,False
4218,False,0,0.0,BRCA,BRCA,BRCA,LIHC,False,False,False
4219,False,0,0.0,OV,BRCA,OV,OV,True,False,False
4220,False,0,0.0,LUSC,BRCA,LUSC,LUSC,True,False,False
4221,False,0,0.0,BRCA,BRCA,BRCA,HNSC,False,False,False
4222,False,0,0.0,PRAD,BRCA,PRAD,STES,False,False,False
4223,False,0,0.0,SKCM,BRCA,SKCM,SKCM,True,False,False
4224,False,0,0.0,LUAD,BRCA,LUAD,LUAD,True,False,False
4225,False,0,0.0,BRCA,BRCA,BRCA,BRCA,True,False,False
4226,False,0,0.0,GBMLGG,BRCA,GBMLGG,OV,False,False,False
4227,False,0,0.0,LIHC,BRCA,LIHC,LIHC,True,False,False
4228,False,0,0.0,COAD,BRCA,COAD,BRCA,False,False,False
4229,False,0,0.0,SKCM,BRCA,SKCM,SKCM,True,False,False
4230,False,0,0.0,UCEC,BRCA,UCEC,PRAD,False,False,False
4231,False,0,0.0,OV,BRCA,OV,GBMLGG,False,False,False
4232,False,0,0.0,SARC,BRCA,SARC,SARC,True,False,False
4233,False,0,0.0,THCA,BRCA,THCA,THCA,True,False,False
4234,False,0,0.0,KIRC,BRCA,KIRC,KIPAN,False,False,False
4235,False,0,0.0,PRAD,BRCA,PRAD,SARC,False,False,False
4236,False,0,0.0,LGG,BRCA,LGG,LGG,True,False,False
4237,False,0,0.0,SARC,BRCA,SARC,GBMLGG,False,False,False
4238,False,0,0.0,LIHC,BRCA,LIHC,KIPAN,False,False,False
4239,False,0,0.0,BRCA,BRCA,BRCA,BRCA,True,False,False
4240,False,0,0.0,LUSC,BRCA,LUSC,HNSC,False,False,False
4241,False,0,0.0,SKCM,BRCA,SKCM,SKCM,True,False,False
4242,False,0,0.0,PRAD,BRCA,PRAD,LAML,False,False,False
4243,False,0,0.0,THCA,BRCA,THCA,THCA,True,False,False
4244,False,0,0.0,TGCT,BRCA,TGCT,TGCT,True,False,False
4245,True,14,0.9285714285714286,THCA,THCA,THCA,THCA,True,False,False
4246,False,0,0.0,BRCA,BRCA,BRCA,BRCA,True,False,False
4247,False,0,0.0,LUAD,BRCA,LUAD,KIPAN,False,False,False
4248,False,0,0.0,SKCM,BRCA,SKCM,SKCM,True,False,False
4249,False,0,0.0,SARC,BRCA,SARC,PRAD,False,False,False
4250,False,0,0.0,LUAD,BRCA,LUAD,LIHC,False,False,False
4251,False,0,0.0,BRCA,BRCA,BRCA,SARC,False,False,False
4252,False,0,0.0,BRCA,BRCA,BRCA,BRCA,True,False,False
4253,False,0,0.0,GBMLGG,BRCA,GBMLGG,PAAD,False,False,False
4254,False,0,0.0,LAML,BRCA,LAML,LAML,True,False,False
4255,False,0,0.0,UCEC,BRCA,UCEC,STES,False,False,False
4256,True,1,1.0,LGG,GBMLGG,LGG,LGG,True,False,True
4257,False,0,0.0,SKCM,BRCA,SKCM,SKCM,True,False,False
4258,True,1,1.0,GBMLGG,LGG,GBMLGG,GBMLGG,True,False,True
4259,False,0,0.0,BRCA,BRCA,BRCA,BRCA,True,False,False
4260,False,0,0.0,BRCA,BRCA,BRCA,BRCA,True,False,False
4261,False,0,0.0,BRCA,BRCA,BRCA,LIHC,False,False,False
4262,False,0,0.0,PRAD,BRCA,PRAD,PRAD,True,False,False
4263,False,0,0.0,GBMLGG,BRCA,GBMLGG,GBMLGG,True,False,False
4264,False,0,0.0,BRCA,BRCA,BRCA,BRCA,True,False,False
4265,False,0,0.0,PRAD,BRCA,PRAD,LAML,False,False,False
4266,False,0,0.0,THCA,BRCA,THCA,THCA,True,False,False
4267,True,1,1.0,LGG,GBMLGG,LGG,LGG,True,False,True
4268,False,0,0.0,PCPG,BRCA,PCPG,PCPG,True,False,False
4269,False,0,0.0,THCA,BRCA,THCA,THCA,True,False,False
4270,False,0,0.0,THCA,BRCA,THCA,THCA,True,False,False
4271,False,0,0.0,COAD,BRCA,COAD,COAD,True,False,False
4272,False,0,0.0,UCEC,BRCA,UCEC,KIRC,False,False,False
4273,False,0,0.0,DLBC,BRCA,DLBC,BRCA,False,False,False
4274,False,0,0.0,BRCA,BRCA,BRCA,BRCA,True,False,False
4275,False,0,0.0,OV,BRCA,OV,STES,False,False,False
4276,False,0,0.0,BRCA,BRCA,BRCA,BRCA,True,False,False
4277,False,0,0.0,BRCA,BRCA,BRCA,BRCA,True,False,False
4278,False,0,0.0,LUAD,BRCA,LUAD,LUAD,True,False,False
4279,True,1,1.0,KIRC,KIPAN,KIRC,KIRC,True,False,True
4280,False,0,0.0,TGCT,BRCA,TGCT,TGCT,True,False,False
4281,False,0,0.0,SARC,BRCA,SARC,BRCA,False,False,False
4282,False,0,0.0,STES,BRCA,STES,STES,True,False,False
4283,False,0,0.0,SKCM,BRCA,SKCM,SKCM,True,False,False
4284,False,0,0.0,BRCA,BRCA,BRCA,THCA,False,False,False
4285,False,0,0.0,LIHC,BRCA,LIHC,LIHC,True,False,False
4286,False,0,0.0,SKCM,BRCA,SKCM,SKCM,True,False,False
4287,True,1,1.0,GBMLGG,LGG,GBMLGG,GBMLGG,True,False,True
4288,False,0,0.0,UCEC,BRCA,UCEC,UCEC,True,False,False
4289,False,0,0.0,OV,BRCA,OV,OV,True,False,False
4290,False,0,0.0,SKCM,BRCA,SKCM,SKCM,True,False,False
4291,False,0,0.0,GBMLGG,BRCA,GBMLGG,GBMLGG,True,False,False
4292,False,0,0.0,THCA,BRCA,THCA,THCA,True,False,False
4293,False,0,0.0,BRCA,BRCA,BRCA,BRCA,True,False,False
4294,False,0,0.0,BRCA,BRCA,BRCA,BRCA,True,False,False
4295,False,0,0.0,STES,BRCA,STES,STES,True,False,False
4296,False,0,0.0,LGG,BRCA,LGG,LGG,True,False,False
4297,False,0,0.0,SARC,BRCA,SARC,BRCA,False,False,False
4298,False,0,0.0,HNSC,BRCA,HNSC,HNSC,True,False,False
4299,False,0,0.0,LIHC,BRCA,LIHC,ACC,False,False,False
4300,False,0,0.0,PCPG,BRCA,PCPG,PCPG,True,False,False
4301,False,0,0.0,GBMLGG,BRCA,GBMLGG,GBMLGG,True,False,False
4302,False,0,0.0,GBMLGG,BRCA,GBMLGG,LUAD,False,False,False
4303,False,0,0.0,UCEC,BRCA,UCEC,STES,False,False,False
4304,False,0,0.0,PCPG,BRCA,PCPG,PCPG,True,False,False
4305,False,0,0.0,BRCA,BRCA,BRCA,THYM,False,False,False
4306,False,0,0.0,COAD,BRCA,COAD,COAD,True,False,False
4307,False,0,0.0,BRCA,BRCA,BRCA,BRCA,True,False,False
4308,False,0,0.0,PCPG,BRCA,PCPG,PCPG,True,False,False
4309,False,0,0.0,BRCA,BRCA,BRCA,BRCA,True,False,False
4310,False,0,0.0,THYM,BRCA,THYM,PCPG,False,False,False
4311,False,0,0.0,HNSC,BRCA,HNSC,PAAD,False,False,False
4312,False,0,0.0,HNSC,BRCA,HNSC,LUSC,False,False,False
4313,False,0,0.0,SARC,BRCA,SARC,SARC,True,False,False
4314,False,0,0.0,BRCA,BRCA,BRCA,STES,False,False,False
4315,False,0,0.0,STES,BRCA,STES,BRCA,False,False,False
4316,False,0,0.0,STES,BRCA,STES,HNSC,False,False,False
4317,True,1,1.0,KIRC,KIPAN,KIRC,KIRC,True,False,True
4318,False,0,0.0,COAD,BRCA,COAD,COAD,True,False,False
4319,False,0,0.0,LUSC,BRCA,LUSC,LUSC,True,False,False
4320,False,0,0.0,PCPG,BRCA,PCPG,PCPG,True,False,False
4321,True,1,1.0,KIPAN,KIPAN,KIPAN,KIRC,False,False,False
4322,False,0,0.0,PAAD,BRCA,PAAD,STES,False,False,False
4323,True,1,1.0,KIPAN,KIRC,KIPAN,KIPAN,True,False,True
4324,False,0,0.0,BRCA,BRCA,BRCA,KIPAN,False,False,False
4325,False,0,0.0,UCEC,BRCA,UCEC,OV,False,False,False
4326,False,0,0.0,SKCM,BRCA,SKCM,SKCM,True,False,False
4327,False,0,0.0,ACC,BRCA,ACC,ACC,True,False,False
4328,False,0,0.0,HNSC,BRCA,HNSC,STES,False,False,False
4329,True,1,1.0,KIRC,KIPAN,KIRC,KIRC,True,False,True
4330,False,0,0.0,ACC,BRCA,ACC,ACC,True,False,False
4331,False,0,0.0,THCA,BRCA,THCA,THCA,True,False,False
4332,False,0,0.0,GBMLGG,BRCA,GBMLGG,GBMLGG,True,False,False
4333,False,0,0.0,KIPAN,BRCA,KIPAN,TGCT,False,False,False
4334,False,0,0.0,BRCA,BRCA,BRCA,OV,False,False,False
4335,False,0,0.0,COAD,BRCA,COAD,COAD,True,False,False
4336,False,0,0.0,BRCA,BRCA,BRCA,STES,False,False,False
4337,False,0,0.0,BLCA,BRCA,BLCA,STES,False,False,False
4338,False,0,0.0,LAML,BRCA,LAML,LAML,True,False,False
4339,False,0,0.0,LUAD,BRCA,LUAD,LUAD,True,False,False
4340,False,0,0.0,SKCM,BRCA,SKCM,SKCM,True,False,False
4341,False,0,0.0,HNSC,BRCA,HNSC,HNSC,True,False,False
4342,False,0,0.0,KIPAN,BRCA,KIPAN,BRCA,False,False,False
4343,False,0,0.0,LUSC,BRCA,LUSC,LUSC,True,False,False
4344,False,0,0.0,BRCA,BRCA,BRCA,BRCA,True,False,False
4345,False,0,0.0,COAD,BRCA,COAD,COAD,True,False,False
4346,False,0,0.0,THCA,BRCA,THCA,THCA,True,False,False
4347,False,0,0.0,LUAD,BRCA,LUAD,LUSC,False,False,False
4348,True,1,1.0,KIPAN,KIRC,KIPAN,KIPAN,True,False,True
4349,False,0,0.0,THCA,BRCA,THCA,THCA,True,False,False
4350,False,0,0.0,PRAD,BRCA,PRAD,LIHC,False,False,False
4351,False,0,0.0,OV,BRCA,OV,KIPAN,False,False,False
4352,False,0,0.0,GBMLGG,BRCA,GBMLGG,GBMLGG,True,False,False
4353,False,0,0.0,THCA,BRCA,THCA,THCA,True,False,False
4354,False,0,0.0,PCPG,BRCA,PCPG,CESC,False,False,False
4355,False,0,0.0,SARC,BRCA,SARC,PRAD,False,False,False
4356,True,1,1.0,KIRC,KIPAN,KIRC,KIRC,True,False,True
4357,False,0,0.0,ACC,BRCA,ACC,ACC,True,False,False
4358,False,0,0.0,TGCT,BRCA,TGCT,KIPAN,False,False,False
4359,False,0,0.0,OV,BRCA,OV,OV,True,False,False
4360,False,0,0.0,KIRC,BRCA,KIRC,KIRC,True,False,False
4361,False,0,0.0,BRCA,BRCA,BRCA,UCEC,False,False,False
4362,False,0,0.0,LGG,BRCA,LGG,LAML,False,False,False
4363,False,0,0.0,GBMLGG,BRCA,GBMLGG,GBMLGG,True,False,False
4364,False,0,0.0,BRCA,BRCA,BRCA,PRAD,False,False,False
4365,False,0,0.0,BLCA,BRCA,BLCA,BLCA,True,False,False
4366,True,1,1.0,GBMLGG,LGG,GBMLGG,GBMLGG,True,False,True
4367,False,0,0.0,LUSC,BRCA,LUSC,LUSC,True,False,False
4368,False,0,0.0,BRCA,BRCA,BRCA,LUAD,False,False,False
4369,False,0,0.0,KIPAN,BRCA,KIPAN,KIPAN,True,False,False
4370,False,0,0.0,BRCA,BRCA,BRCA,BRCA,True,False,False
4371,False,0,0.0,STES,BRCA,STES,STES,True,False,False
4372,False,0,0.0,OV,BRCA,OV,OV,True,False,False
4373,True,1,1.0,KIRC,KIPAN,KIPAN,KIRC,True,False,True
4374,False,0,0.0,BRCA,BRCA,BRCA,OV,False,False,False
4375,True,1,1.0,KIRC,KIPAN,KIRC,KIRC,True,False,True
4376,True,1,1.0,LGG,LGG,LGG,GBMLGG,False,False,False
4377,False,0,0.0,KIPAN,BRCA,KIPAN,KIPAN,True,False,False
4378,True,1,1.0,KIPAN,KIRC,KIPAN,KIPAN,True,False,True
4379,False,0,0.0,LUSC,BRCA,LUSC,HNSC,False,False,False
4380,False,0,0.0,BRCA,BRCA,BRCA,SARC,False,False,False
4381,False,0,0.0,BRCA,BRCA,BRCA,BRCA,True,False,False
4382,False,0,0.0,STES,BRCA,STES,BRCA,False,False,False
4383,False,0,0.0,CESC,BRCA,CESC,BLCA,False,False,False
4384,False,0,0.0,LUAD,BRCA,LUAD,LUAD,True,False,False
4385,False,0,0.0,UCEC,BRCA,UCEC,CESC,False,False,False
4386,True,1,1.0,LGG,GBMLGG,LGG,LGG,True,False,True
4387,False,0,0.0,GBMLGG,BRCA,GBMLGG,SARC,False,False,False
4388,False,0,0.0,LUSC,BRCA,LUSC,BRCA,False,False,False
4389,False,0,0.0,THYM,BRCA,THYM,THCA,False,False,False
4390,True,1,1.0,KIPAN,KIRC,KIPAN,KIPAN,True,False,True
4391,False,0,0.0,SARC,BRCA,SARC,UCEC,False,False,False
4392,False,0,0.0,GBMLGG,BRCA,GBMLGG,GBMLGG,True,False,False
4393,False,0,0.0,BRCA,BRCA,BRCA,BRCA,True,False,False
4394,True,1,1.0,KIPAN,KIRC,KIPAN,KIPAN,True,False,True
4395,False,0,0.0,BRCA,BRCA,BRCA,THCA,False,False,False
4396,False,0,0.0,PCPG,BRCA,PCPG,BRCA,False,False,False
4397,True,1,1.0,KIRC,KIRC,KIRC,KIPAN,False,False,False
4398,False,0,0.0,TGCT,BRCA,TGCT,KIPAN,False,False,False
4399,False,0,0.0,BRCA,BRCA,BRCA,BRCA,True,False,False
4400,False,0,0.0,CESC,BRCA,CESC,LUSC,False,False,False
4401,False,0,0.0,KIRC,BRCA,KIRC,KIPAN,False,False,False
4402,False,0,0.0,STES,BRCA,STES,STES,True,False,False
4403,False,0,0.0,KIPAN,BRCA,KIPAN,KIPAN,True,False,False
4404,False,0,0.0,LGG,BRCA,LGG,GBMLGG,False,False,False
4405,False,0,0.0,OV,BRCA,OV,OV,True,False,False
4406,False,0,0.0,BRCA,BRCA,BRCA,OV,False,False,False
4407,False,0,0.0,PRAD,BRCA,PRAD,PCPG,False,False,False
4408,False,0,0.0,GBMLGG,BRCA,GBMLGG,GBMLGG,True,False,False
4409,False,0,0.0,LUSC,BRCA,LUSC,LUSC,True,False,False
4410,True,1,1.0,KIPAN,KIRC,KIPAN,KIPAN,True,False,True
4411,False,0,0.0,SARC,BRCA,SARC,SARC,True,False,False
4412,False,0,0.0,BRCA,BRCA,BRCA,PRAD,False,False,False
4413,False,0,0.0,STES,BRCA,STES,HNSC,False,False,False
4414,False,0,0.0,BRCA,BRCA,BRCA,BRCA,True,False,False
4415,False,0,0.0,LGG,BRCA,LGG,GBMLGG,False,False,False
4416,False,0,0.0,THCA,BRCA,THCA,THCA,True,False,False
4417,False,0,0.0,STES,BRCA,STES,STES,True,False,False
4418,False,0,0.0,THYM,BRCA,THYM,THYM,True,False,False
4419,False,0,0.0,STES,BRCA,STES,STES,True,False,False
4420,False,0,0.0,BRCA,BRCA,BRCA,BRCA,True,False,False
4421,False,0,0.0,THYM,BRCA,THYM,BRCA,False,False,False
4422,False,0,0.0,STES,BRCA,STES,STES,True,False,False
4423,False,0,0.0,PCPG,BRCA,PCPG,GBMLGG,False,False,False
4424,False,0,0.0,HNSC,BRCA,HNSC,BLCA,False,False,False
4425,False,0,0.0,KIPAN,BRCA,KIPAN,LIHC,False,False,False
4426,False,0,0.0,OV,BRCA,OV,SARC,False,False,False
4427,False,0,0.0,OV,BRCA,OV,OV,True,False,False
4428,False,0,0.0,COAD,BRCA,COAD,OV,False,False,False
4429,True,1,1.0,GBMLGG,KIPAN,GBMLGG,KIRC,False,False,False
4430,False,0,0.0,KIPAN,BRCA,KIPAN,BRCA,False,False,False
4431,False,0,0.0,BRCA,BRCA,BRCA,HNSC,False,False,False
4432,False,0,0.0,KIRC,BRCA,KIRC,KIRC,True,False,False
4433,False,0,0.0,THCA,BRCA,THCA,KIPAN,False,False,False
4434,False,0,0.0,STES,BRCA,STES,STES,True,False,False
4435,False,0,0.0,LAML,BRCA,LAML,LAML,True,False,False
4436,False,0,0.0,HNSC,BRCA,HNSC,STES,False,False,False
4437,False,0,0.0,BRCA,BRCA,BRCA,GBMLGG,False,False,False
4438,False,0,0.0,KIPAN,BRCA,KIPAN,KIPAN,True,False,False
4439,False,0,0.0,KIPAN,BRCA,KIPAN,KIPAN,True,False,False
4440,False,0,0.0,BRCA,BRCA,BRCA,BRCA,True,False,False
4441,True,1,1.0,KIPAN,KIRC,KIPAN,KIPAN,True,False,True
4442,False,0,0.0,TGCT,BRCA,TGCT,TGCT,True,False,False
4443,False,0,0.0,BRCA,BRCA,BRCA,BRCA,True,False,False
4444,False,0,0.0,PRAD,BRCA,PRAD,PRAD,True,False,False
4445,False,0,0.0,OV,BRCA,OV,SARC,False,False,False
4446,False,0,0.0,CESC,BRCA,CESC,PAAD,False,False,False
4447,False,0,0.0,LUAD,BRCA,LUAD,LUAD,True,False,False
4448,False,0,0.0,BRCA,BRCA,BRCA,BRCA,True,False,False
4449,False,0,0.0,COAD,BRCA,COAD,COAD,True,False,False
4450,False,0,0.0,LIHC,BRCA,LIHC,LIHC,True,False,False
4451,True,1,1.0,KIPAN,KIRC,KIRC,KIPAN,True,False,True
4452,True,1,1.0,LGG,LGG,LGG,GBMLGG,False,False,False
4453,False,0,0.0,THCA,BRCA,THCA,LAML,False,False,False
4454,False,0,0.0,LUAD,BRCA,LUAD,LUAD,True,False,False
4455,False,0,0.0,LIHC,BRCA,LIHC,KIPAN,False,False,False
4456,False,0,0.0,HNSC,BRCA,HNSC,BRCA,False,False,False
4457,False,0,0.0,LIHC,BRCA,LIHC,LIHC,True,False,False
4458,False,0,0.0,PRAD,BRCA,PRAD,PCPG,False,False,False
4459,False,0,0.0,OV,BRCA,OV,OV,True,False,False
4460,False,0,0.0,LUAD,BRCA,LUAD,LUAD,True,False,False
4461,False,0,0.0,BRCA,BRCA,BRCA,BRCA,True,False,False
4462,False,0,0.0,PRAD,BRCA,PRAD,PRAD,True,False,False
4463,False,0,0.0,STES,BRCA,STES,LUSC,False,False,False
4464,False,0,0.0,COAD,BRCA,COAD,COAD,True,False,False
4465,False,0,0.0,BRCA,BRCA,BRCA,SARC,False,False,False
4466,False,0,0.0,LAML,BRCA,LAML,LAML,True,False,False
4467,False,0,0.0,THYM,BRCA,THYM,PCPG,False,False,False
4468,False,0,0.0,PRAD,BRCA,PRAD,LAML,False,False,False
4469,False,0,0.0,BLCA,BRCA,BLCA,BRCA,False,False,False
4470,True,3,0.6666666666666666,KIRC,KIPAN,KIRC,KIRC,True,False,True
4471,False,0,0.0,BRCA,BRCA,BRCA,THCA,False,False,False
4472,False,0,0.0,LUSC,BRCA,LUSC,LUSC,True,False,False
4473,True,1,1.0,KIPAN,KIRC,KIPAN,KIPAN,True,False,True
4474,False,0,0.0,ACC,BRCA,ACC,ACC,True,False,False
4475,False,0,0.0,PAAD,BRCA,PAAD,BRCA,False,False,False
4476,False,0,0.0,KIRC,BRCA,KIRC,HNSC,False,False,False
4477,False,0,0.0,KIRC,BRCA,KIRC,KIPAN,False,False,False
4478,False,0,0.0,OV,BRCA,OV,PAAD,False,False,False
4479,False,0,0.0,GBMLGG,BRCA,GBMLGG,LGG,False,False,False
4480,False,0,0.0,BLCA,BRCA,BLCA,BLCA,True,False,False
4481,False,0,0.0,BRCA,BRCA,BRCA,BRCA,True,False,False
4482,False,0,0.0,LAML,BRCA,LAML,LAML,True,False,False
4483,True,1,1.0,GBMLGG,GBMLGG,GBMLGG,LGG,False,False,False
4484,False,0,0.0,OV,BRCA,OV,BRCA,False,False,False
4485,False,0,0.0,UCEC,BRCA,UCEC,UCEC,True,False,False
4486,False,0,0.0,BRCA,BRCA,BRCA,BRCA,True,False,False
4487,False,0,0.0,STES,BRCA,STES,UCEC,False,False,False
4488,False,0,0.0,OV,BRCA,OV,OV,True,False,False
4489,False,0,0.0,THCA,BRCA,THCA,THCA,True,False,False
4490,True,1,1.0,KIPAN,KIRC,KIPAN,KIPAN,True,False,True
4491,False,0,0.0,STES,BRCA,STES,OV,False,False,False
4492,False,0,0.0,GBMLGG,BRCA,GBMLGG,GBMLGG,True,False,False
4493,False,0,0.0,KIPAN,BRCA,KIPAN,KIPAN,True,False,False
4494,False,0,0.0,KIPAN,BRCA,KIPAN,GBMLGG,False,False,False
4495,True,1,1.0,GBMLGG,LGG,LGG,GBMLGG,True,False,True
4496,False,0,0.0,STES,BRCA,STES,STES,True,False,False
4497,False,0,0.0,HNSC,BRCA,HNSC,PAAD,False,False,False
4498,False,0,0.0,OV,BRCA,OV,OV,True,False,False
4499,False,0,0.0,BRCA,BRCA,BRCA,BRCA,True,False,False
4500,False,0,0.0,BRCA,BRCA,BRCA,THCA,False,False,False
4501,False,0,0.0,BRCA,BRCA,BRCA,BRCA,True,False,False
4502,False,0,0.0,BRCA,BRCA,BRCA,BRCA,True,False,False
4503,False,0,0.0,LIHC,BRCA,LIHC,KIPAN,False,False,False
4504,False,0,0.0,PRAD,BRCA,PRAD,KIPAN,False,False,False
4505,True,1,1.0,KIRC,KIPAN,KIRC,KIRC,True,False,True
4506,False,0,0.0,BRCA,BRCA,BRCA,BRCA,True,False,False
4507,True,1,1.0,LAML,LAML,LAML,LAML,True,False,False
4508,False,0,0.0,ACC,BRCA,ACC,ACC,True,False,False
4509,False,0,0.0,BRCA,BRCA,BRCA,LUAD,False,False,False
4510,False,0,0.0,TGCT,BRCA,TGCT,TGCT,True,False,False
4511,True,1,1.0,KIRC,KIPAN,KIRC,KIRC,True,False,True
4512,False,0,0.0,KIRC,BRCA,KIRC,KIPAN,False,False,False
4513,False,0,0.0,LUSC,BRCA,LUSC,BRCA,False,False,False
4514,False,0,0.0,CESC,BRCA,CESC,CESC,True,False,False
4515,False,0,0.0,PCPG,BRCA,PCPG,PCPG,True,False,False
4516,False,0,0.0,OV,BRCA,OV,OV,True,False,False
4517,True,1,1.0,KIPAN,KIRC,KIPAN,KIPAN,True,False,True
4518,False,0,0.0,GBMLGG,BRCA,GBMLGG,LGG,False,False,False
4519,True,1,1.0,KIPAN,KIRC,KIRC,KIPAN,True,False,True
4520,False,0,0.0,LIHC,BRCA,LIHC,LIHC,True,False,False
4521,False,0,0.0,PCPG,BRCA,PCPG,THCA,False,False,False
4522,False,0,0.0,CESC,BRCA,CESC,CESC,True,False,False
4523,False,0,0.0,STES,BRCA,STES,BLCA,False,False,False
4524,True,1,1.0,KIRC,KIPAN,KIRC,KIRC,True,False,True
4525,False,0,0.0,PRAD,BRCA,PRAD,PRAD,True,False,False
4526,False,0,0.0,SARC,BRCA,SARC,THCA,False,False,False
4527,False,0,0.0,HNSC,BRCA,HNSC,LUSC,False,False,False
4528,True,1,1.0,KIPAN,KIRC,KIPAN,KIPAN,True,False,True
4529,False,0,0.0,BRCA,BRCA,BRCA,PRAD,False,False,False
4530,True,1,1.0,GBMLGG,LGG,GBMLGG,GBMLGG,True,False,True
4531,False,0,0.0,OV,BRCA,OV,BRCA,False,False,False
4532,False,0,0.0,STES,BRCA,STES,STES,True,False,False
4533,True,1,1.0,KIPAN,KIRC,KIPAN,KIPAN,True,False,True
4534,False,0,0.0,CESC,BRCA,CESC,CESC,True,False,False
4535,False,0,0.0,BRCA,BRCA,BRCA,LUAD,False,False,False
4536,False,0,0.0,LUSC,BRCA,LUSC,LUAD,False,False,False
4537,False,0,0.0,LIHC,BRCA,LIHC,PAAD,False,False,False
4538,False,0,0.0,PRAD,BRCA,PRAD,KIPAN,False,False,False
4539,False,0,0.0,CESC,BRCA,CESC,KIRC,False,False,False
4540,False,0,0.0,BRCA,BRCA,BRCA,CESC,False,False,False
4541,False,0,0.0,STES,BRCA,STES,CESC,False,False,False
4542,False,0,0.0,OV,BRCA,OV,SARC,False,False,False
4543,False,0,0.0,SKCM,BRCA,SKCM,SKCM,True,False,False
4544,False,0,0.0,PCPG,BRCA,PCPG,PRAD,False,False,False
4545,False,0,0.0,LGG,BRCA,LGG,LGG,True,False,False
4546,False,0,0.0,GBMLGG,BRCA,GBMLGG,GBMLGG,True,False,False
4547,True,1,1.0,KIPAN,KIRC,KIPAN,KIPAN,True,False,True
4548,False,0,0.0,GBMLGG,BRCA,GBMLGG,GBMLGG,True,False,False
4549,False,0,0.0,SARC,BRCA,SARC,CESC,False,False,False
4550,True,1,1.0,LGG,LGG,LGG,GBMLGG,False,False,False
4551,False,0,0.0,THCA,BRCA,THCA,THCA,True,False,False
4552,False,0,0.0,KIPAN,BRCA,KIPAN,KIRC,False,False,False
4553,True,1,1.0,LGG,LGG,LGG,GBMLGG,False,False,False
4554,False,0,0.0,KIPAN,BRCA,KIPAN,KIPAN,True,False,False
4555,False,0,0.0,BRCA,BRCA,BRCA,SKCM,False,False,False
4556,True,1,1.0,KIPAN,KIRC,KIPAN,KIPAN,True,False,True
4557,False,0,0.0,SARC,BRCA,SARC,PRAD,False,False,False
4558,False,0,0.0,KIPAN,BRCA,KIPAN,GBMLGG,False,False,False
4559,True,1,1.0,GBMLGG,LGG,GBMLGG,GBMLGG,True,False,True
4560,False,0,0.0,PRAD,BRCA,PRAD,GBMLGG,False,False,False
4561,False,0,0.0,BRCA,BRCA,BRCA,OV,False,False,False
4562,True,1,1.0,LGG,LGG,LGG,GBMLGG,False,False,False
4563,True,1,1.0,KIPAN,KIPAN,KIPAN,KIRC,False,False,False
4564,False,0,0.0,TGCT,BRCA,TGCT,TGCT,True,False,False
4565,False,0,0.0,GBMLGG,BRCA,GBMLGG,GBMLGG,True,False,False
4566,False,0,0.0,PCPG,BRCA,PCPG,LAML,False,False,False
4567,False,0,0.0,THCA,BRCA,THCA,SKCM,False,False,False
4568,False,0,0.0,STES,BRCA,STES,STES,True,False,False
4569,True,1,1.0,LGG,GBMLGG,LGG,LGG,True,False,True
4570,False,0,0.0,PAAD,BRCA,PAAD,PAAD,True,False,False
4571,True,1,1.0,KIRC,KIPAN,KIRC,KIRC,True,False,True
4572,False,0,0.0,THYM,BRCA,THYM,STES,False,False,False
4573,True,1,1.0,KIRC,KIPAN,KIRC,KIRC,True,False,True
4574,True,1,1.0,KIPAN,KIRC,KIPAN,KIPAN,True,False,True
4575,False,0,0.0,COAD,BRCA,COAD,COAD,True,False,False
4576,False,0,0.0,ACC,BRCA,ACC,ACC,True,False,False
4577,False,0,0.0,SKCM,BRCA,SKCM,SKCM,True,False,False
4578,False,0,0.0,HNSC,BRCA,HNSC,HNSC,True,False,False
4579,False,0,0.0,LAML,BRCA,LAML,THCA,False,False,False
4580,False,0,0.0,HNSC,BRCA,HNSC,BLCA,False,False,False
4581,False,0,0.0,OV,BRCA,OV,BRCA,False,False,False
4582,False,0,0.0,THCA,BRCA,THCA,THCA,True,False,False
4583,False,0,0.0,BRCA,BRCA,BRCA,BRCA,True,False,False
4584,False,0,0.0,GBMLGG,BRCA,GBMLGG,GBMLGG,True,False,False
4585,False,0,0.0,LIHC,BRCA,LIHC,LIHC,True,False,False
4586,False,0,0.0,GBMLGG,BRCA,GBMLGG,GBMLGG,True,False,False
4587,False,0,0.0,STES,BRCA,STES,STES,True,False,False
4588,False,0,0.0,SKCM,BRCA,SKCM,SKCM,True,False,False
4589,False,0,0.0,LGG,BRCA,LGG,GBMLGG,False,False,False
4590,False,0,0.0,COAD,BRCA,COAD,COAD,True,False,False
4591,False,0,0.0,LUAD,BRCA,LUAD,LUAD,True,False,False
4592,True,1,1.0,LGG,GBMLGG,LGG,LGG,True,False,True
4593,False,0,0.0,BLCA,BRCA,BLCA,BLCA,True,False,False
4594,False,0,0.0,BRCA,BRCA,BRCA,BRCA,True,False,False
4595,False,0,0.0,SKCM,BRCA,SKCM,SKCM,True,False,False
4596,False,0,0.0,BRCA,BRCA,BRCA,GBMLGG,False,False,False
4597,False,0,0.0,PCPG,BRCA,PCPG,PCPG,True,False,False
4598,True,1,1.0,KIRC,KIPAN,KIRC,KIRC,True,False,True
4599,False,0,0.0,PAAD,BRCA,PAAD,PAAD,True,False,False
4600,False,0,0.0,COAD,BRCA,COAD,COAD,True,False,False
4601,False,0,0.0,PRAD,BRCA,PRAD,THCA,False,False,False
4602,False,0,0.0,THCA,BRCA,THCA,SARC,False,False,False
4603,True,1,1.0,GBMLGG,LGG,LGG,GBMLGG,True,False,True
4604,False,0,0.0,PRAD,BRCA,PRAD,BRCA,False,False,False
4605,False,0,0.0,KIPAN,BRCA,KIPAN,KIRC,False,False,False
4606,False,0,0.0,TGCT,BRCA,TGCT,TGCT,True,False,False
4607,False,0,0.0,BRCA,BRCA,BRCA,BRCA,True,False,False
4608,False,0,0.0,COAD,BRCA,COAD,COAD,True,False,False
4609,False,0,0.0,BRCA,BRCA,BRCA,BRCA,True,False,False
4610,True,1,1.0,LGG,LGG,LGG,GBMLGG,False,False,False
4611,False,0,0.0,STES,BRCA,STES,STES,True,False,False
4612,False,0,0.0,SKCM,BRCA,SKCM,BRCA,False,False,False
4613,False,0,0.0,GBMLGG,BRCA,GBMLGG,LGG,False,False,False
4614,False,0,0.0,LGG,BRCA,LGG,GBMLGG,False,False,False
4615,False,0,0.0,STES,BRCA,STES,HNSC,False,False,False
4616,False,0,0.0,THCA,BRCA,THCA,THYM,False,False,False
4617,False,0,0.0,BRCA,BRCA,BRCA,HNSC,False,False,False
4618,False,0,0.0,PCPG,BRCA,PCPG,PCPG,True,False,False
4619,False,0,0.0,KIPAN,BRCA,KIPAN,OV,False,False,False
4620,False,0,0.0,GBMLGG,BRCA,GBMLGG,GBMLGG,True,False,False
4621,False,0,0.0,LUSC,BRCA,LUSC,STES,False,False,False
4622,False,0,0.0,LUAD,BRCA,LUAD,LIHC,False,False,False
4623,False,0,0.0,UCEC,BRCA,UCEC,UCEC,True,False,False
4624,False,0,0.0,UCEC,BRCA,UCEC,UCEC,True,False,False
4625,False,0,0.0,SKCM,BRCA,SKCM,SKCM,True,False,False
4626,False,0,0.0,LUSC,BRCA,LUSC,LUSC,True,False,False
4627,False,0,0.0,COAD,BRCA,COAD,COAD,True,False,False
4628,False,0,0.0,LAML,BRCA,LAML,LAML,True,False,False
4629,False,0,0.0,LUSC,BRCA,LUSC,LIHC,False,False,False
4630,False,0,0.0,STES,BRCA,STES,LIHC,False,False,False
4631,False,0,0.0,SARC,BRCA,SARC,SARC,True,False,False
4632,True,1,1.0,KIPAN,KIRC,KIPAN,KIPAN,True,False,True
4633,False,0,0.0,BRCA,BRCA,BRCA,BRCA,True,False,False
4634,False,0,0.0,LGG,BRCA,LGG,LGG,True,False,False
4635,True,1,1.0,KIPAN,KIRC,KIPAN,KIPAN,True,False,True
4636,False,0,0.0,OV,BRCA,OV,OV,True,False,False
4637,False,0,0.0,BRCA,BRCA,BRCA,BRCA,True,False,False
4638,False,0,0.0,OV,BRCA,OV,KIPAN,False,False,False
4639,False,0,0.0,KIPAN,BRCA,KIPAN,SARC,False,False,False
4640,False,0,0.0,OV,BRCA,OV,OV,True,False,False
4641,False,0,0.0,BRCA,BRCA,BRCA,OV,False,False,False
4642,True,1,1.0,KIPAN,KIRC,KIPAN,KIPAN,True,False,True
4643,False,0,0.0,SARC,BRCA,SARC,KIPAN,False,False,False
4644,True,1,1.0,LGG,GBMLGG,LGG,LGG,True,False,True
4645,True,1,1.0,KIPAN,KIRC,KIPAN,KIPAN,True,False,True
4646,False,0,0.0,SARC,BRCA,SARC,DLBC,False,False,False
4647,False,0,0.0,GBMLGG,BRCA,GBMLGG,SKCM,False,False,False
4648,True,1,1.0,LGG,GBMLGG,LGG,LGG,True,False,True
4649,False,0,0.0,LUAD,BRCA,LUAD,STES,False,False,False
4650,False,0,0.0,BLCA,BRCA,BLCA,BRCA,False,False,False
4651,False,0,0.0,PCPG,BRCA,PCPG,PRAD,False,False,False
4652,True,1,1.0,LGG,GBMLGG,LGG,LGG,True,False,True
4653,False,0,0.0,BRCA,BRCA,BRCA,BRCA,True,False,False
4654,False,0,0.0,GBMLGG,BRCA,GBMLGG,GBMLGG,True,False,False
4655,False,0,0.0,THYM,BRCA,THYM,LGG,False,False,False
4656,False,0,0.0,STES,BRCA,STES,COAD,False,False,False
4657,False,0,0.0,HNSC,BRCA,HNSC,BLCA,False,False,False
4658,False,0,0.0,BRCA,BRCA,BRCA,THYM,False,False,False
4659,False,0,0.0,TGCT,BRCA,TGCT,TGCT,True,False,False
4660,False,0,0.0,KIRC,BRCA,KIRC,KIPAN,False,False,False
4661,False,0,0.0,STES,BRCA,STES,LUSC,False,False,False
4662,False,0,0.0,UCEC,BRCA,UCEC,GBMLGG,False,False,False
4663,False,0,0.0,LUSC,BRCA,LUSC,LUSC,True,False,False
4664,False,0,0.0,GBMLGG,BRCA,GBMLGG,UCEC,False,False,False
4665,False,0,0.0,SKCM,BRCA,SKCM,SKCM,True,False,False
4666,False,0,0.0,LIHC,BRCA,LIHC,BRCA,False,False,False
4667,False,0,0.0,STES,BRCA,STES,DLBC,False,False,False
4668,False,0,0.0,GBMLGG,BRCA,GBMLGG,GBMLGG,True,False,False
4669,False,0,0.0,STES,BRCA,STES,STES,True,False,False
4670,True,1,1.0,KIRC,KIPAN,KIRC,KIRC,True,False,True
4671,True,1,1.0,GBMLGG,GBMLGG,GBMLGG,LGG,False,False,False
4672,False,0,0.0,KIPAN,BRCA,KIPAN,KIRC,False,False,False
4673,False,0,0.0,BRCA,BRCA,BRCA,BRCA,True,False,False
4674,False,0,0.0,LUSC,BRCA,LUSC,LUSC,True,False,False
4675,False,0,0.0,STES,BRCA,STES,STES,True,False,False
4676,False,0,0.0,LAML,BRCA,LAML,LAML,True,False,False
4677,True,15,0.9333333333333333,THCA,THCA,THCA,THCA,True,False,False
4678,True,1,1.0,KIPAN,KIRC,KIPAN,KIPAN,True,False,True
4679,False,0,0.0,GBMLGG,BRCA,GBMLGG,KIPAN,False,False,False
4680,False,0,0.0,SKCM,BRCA,SKCM,SKCM,True,False,False
4681,False,0,0.0,GBMLGG,BRCA,GBMLGG,SARC,False,False,False
4682,False,0,0.0,HNSC,BRCA,HNSC,OV,False,False,False
4683,False,0,0.0,SKCM,BRCA,SKCM,SKCM,True,False,False
4684,False,0,0.0,OV,BRCA,OV,OV,True,False,False
4685,True,1,1.0,GBMLGG,LGG,GBMLGG,GBMLGG,True,False,True
4686,False,0,0.0,THYM,BRCA,THYM,THYM,True,False,False
4687,True,1,1.0,KIPAN,KIRC,KIPAN,KIPAN,True,False,True
4688,False,0,0.0,THYM,BRCA,THYM,OV,False,False,False
4689,False,0,0.0,SARC,BRCA,SARC,SARC,True,False,False
4690,False,0,0.0,STES,BRCA,STES,STES,True,False,False
4691,False,0,0.0,KIRC,BRCA,KIRC,KIRC,True,False,False
4692,False,0,0.0,PRAD,BRCA,PRAD,BRCA,False,False,False
4693,False,0,0.0,LUAD,BRCA,LUAD,OV,False,False,False
4694,False,0,0.0,GBMLGG,BRCA,GBMLGG,LGG,False,False,False
4695,True,1,1.0,GBMLGG,GBMLGG,GBMLGG,LGG,False,False,False
4696,False,0,0.0,PCPG,BRCA,PCPG,THCA,False,False,False
4697,False,0,0.0,GBMLGG,BRCA,GBMLGG,GBMLGG,True,False,False
4698,False,0,0.0,SKCM,BRCA,SKCM,SKCM,True,False,False
4699,False,0,0.0,SARC,BRCA,SARC,SARC,True,False,False
4700,False,0,0.0,THCA,BRCA,THCA,THCA,True,False,False
4701,False,0,0.0,BRCA,BRCA,BRCA,BRCA,True,False,False
4702,False,0,0.0,COAD,BRCA,COAD,COAD,True,False,False
4703,False,0,0.0,SKCM,BRCA,SKCM,SKCM,True,False,False
4704,False,0,0.0,LAML,BRCA,LAML,TGCT,False,False,False
4705,False,0,0.0,SARC,BRCA,SARC,LUAD,False,False,False
4706,False,0,0.0,OV,BRCA,OV,OV,True,False,False
4707,False,0,0.0,BRCA,BRCA,BRCA,HNSC,False,False,False
4708,False,0,0.0,GBMLGG,BRCA,GBMLGG,GBMLGG,True,False,False
4709,False,0,0.0,LUSC,BRCA,LUSC,HNSC,False,False,False
4710,False,0,0.0,BRCA,BRCA,BRCA,BRCA,True,False,False
4711,True,1,1.0,KIRC,KIPAN,KIRC,KIRC,True,False,True
4712,False,0,0.0,STES,BRCA,STES,STES,True,False,False
4713,True,1,1.0,KIPAN,KIRC,KIPAN,KIPAN,True,False,True
4714,False,0,0.0,SARC,BRCA,SARC,CESC,False,False,False
4715,False,0,0.0,HNSC,BRCA,HNSC,LUAD,False,False,False
4716,False,0,0.0,LUAD,BRCA,LUAD,BRCA,False,False,False
4717,True,1,1.0,KIPAN,KIRC,KIPAN,KIPAN,True,False,True
4718,False,0,0.0,THCA,BRCA,THCA,THCA,True,False,False
4719,False,0,0.0,KIPAN,BRCA,KIPAN,PCPG,False,False,False
4720,False,0,0.0,KIRC,BRCA,KIRC,KIPAN,False,False,False
4721,False,0,0.0,BRCA,BRCA,BRCA,BRCA,True,False,False
4722,False,0,0.0,COAD,BRCA,COAD,COAD,True,False,False
4723,False,0,0.0,OV,BRCA,OV,SARC,False,False,False
4724,False,0,0.0,BLCA,BRCA,BLCA,BLCA,True,False,False
4725,False,0,0.0,STES,BRCA,STES,PAAD,False,False,False
4726,True,1,1.0,LGG,GBMLGG,LGG,LGG,True,False,True
4727,False,0,0.0,GBMLGG,BRCA,GBMLGG,GBMLGG,True,False,False
4728,False,0,0.0,THCA,BRCA,THCA,THCA,True,False,False
4729,False,0,0.0,SKCM,BRCA,SKCM,SKCM,True,False,False
4730,False,0,0.0,THCA,BRCA,THCA,THCA,True,False,False
4731,False,0,0.0,UCEC,BRCA,UCEC,UCEC,True,False,False
4732,False,0,0.0,LUAD,BRCA,LUAD,LUAD,True,False,False
4733,False,0,0.0,OV,BRCA,OV,OV,True,False,False
4734,False,0,0.0,GBMLGG,BRCA,GBMLGG,GBMLGG,True,False,False
4735,False,0,0.0,COAD,BRCA,COAD,COAD,True,False,False
4736,False,0,0.0,HNSC,BRCA,HNSC,HNSC,True,False,False
4737,True,1,1.0,KIPAN,KIRC,KIPAN,KIPAN,True,False,True
4738,True,1,1.0,KIPAN,KIRC,KIPAN,KIPAN,True,False,True
4739,False,0,0.0,STES,BRCA,STES,STES,True,False,False
4740,False,0,0.0,PCPG,BRCA,PCPG,LAML,False,False,False
4741,True,1,1.0,LGG,LGG,LGG,GBMLGG,False,False,False
4742,False,0,0.0,HNSC,BRCA,HNSC,LUSC,False,False,False
4743,False,0,0.0,BRCA,BRCA,BRCA,CESC,False,False,False
4744,False,0,0.0,LUSC,BRCA,LUSC,LUSC,True,False,False
4745,False,0,0.0,TGCT,BRCA,TGCT,SKCM,False,False,False
4746,False,0,0.0,THCA,BRCA,THCA,THCA,True,False,False
4747,False,0,0.0,LAML,BRCA,LAML,THYM,False,False,False
4748,False,0,0.0,STES,BRCA,STES,COAD,False,False,False
4749,False,0,0.0,SKCM,BRCA,SKCM,SKCM,True,False,False
4750,False,0,0.0,KIPAN,BRCA,KIPAN,LIHC,False,False,False
4751,True,1,1.0,KIRC,KIPAN,KIPAN,KIRC,True,False,True
4752,False,0,0.0,BRCA,BRCA,BRCA,BRCA,True,False,False
4753,False,0,0.0,GBMLGG,BRCA,GBMLGG,UCEC,False,False,False
4754,False,0,0.0,CESC,BRCA,CESC,CESC,True,False,False
4755,False,0,0.0,BRCA,BRCA,BRCA,BRCA,True,False,False
4756,False,0,0.0,PCPG,BRCA,PCPG,CESC,False,False,False
4757,False,0,0.0,SARC,BRCA,SARC,UCEC,False,False,False
4758,False,0,0.0,LAML,BRCA,LAML,THYM,False,False,False
4759,False,0,0.0,UCEC,BRCA,UCEC,UCEC,True,False,False
4760,False,0,0.0,STES,BRCA,STES,STES,True,False,False
4761,False,0,0.0,KIRC,BRCA,KIRC,KIRC,True,False,False
4762,False,0,0.0,THCA,BRCA,THCA,THCA,True,False,False
4763,False,0,0.0,BRCA,BRCA,BRCA,DLBC,False,False,False
4764,False,0,0.0,LUSC,BRCA,LUSC,STES,False,False,False
4765,False,0,0.0,STES,BRCA,STES,STES,True,False,False
4766,False,0,0.0,LUAD,BRCA,LUAD,LUAD,True,False,False
4767,False,0,0.0,STES,BRCA,STES,LUAD,False,False,False
4768,False,0,0.0,PAAD,BRCA,PAAD,HNSC,False,False,False
4769,False,0,0.0,THCA,BRCA,THCA,THCA,True,False,False
4770,False,0,0.0,THCA,BRCA,THCA,THCA,True,False,False
4771,False,0,0.0,LUSC,BRCA,LUSC,LUSC,True,False,False
4772,False,0,0.0,OV,BRCA,OV,OV,True,False,False
4773,False,0,0.0,SKCM,BRCA,SKCM,SKCM,True,False,False
4774,False,0,0.0,PRAD,BRCA,PRAD,BRCA,False,False,False
4775,False,0,0.0,LUSC,BRCA,LUSC,LIHC,False,False,False
4776,False,0,0.0,KIRC,BRCA,KIRC,KIRC,True,False,False
4777,False,0,0.0,BRCA,BRCA,BRCA,KIRC,False,False,False
4778,False,0,0.0,THCA,BRCA,THCA,SKCM,False,False,False
4779,False,0,0.0,GBMLGG,BRCA,GBMLGG,TGCT,False,False,False
4780,False,0,0.0,BRCA,BRCA,BRCA,THYM,False,False,False
4781,False,0,0.0,BLCA,BRCA,BLCA,BRCA,False,False,False
4782,False,0,0.0,THYM,BRCA,THYM,BRCA,False,False,False
4783,True,1,1.0,GBMLGG,LGG,GBMLGG,GBMLGG,True,False,True
4784,False,0,0.0,STES,BRCA,STES,STES,True,False,False
4785,False,0,0.0,KIPAN,BRCA,KIPAN,BRCA,False,False,False
4786,False,0,0.0,SKCM,BRCA,SKCM,SKCM,True,False,False
4787,False,0,0.0,PCPG,BRCA,PCPG,LGG,False,False,False
4788,False,0,0.0,THYM,BRCA,THYM,THCA,False,False,False
4789,True,1,1.0,KIPAN,KIRC,KIPAN,KIPAN,True,False,True
4790,False,0,0.0,PAAD,BRCA,PAAD,PAAD,True,False,False
4791,False,0,0.0,BRCA,BRCA,BRCA,BRCA,True,False,False
4792,False,0,0.0,SARC,BRCA,SARC,LIHC,False,False,False
4793,False,0,0.0,KIPAN,BRCA,KIPAN,KIPAN,True,False,False
4794,True,1,1.0,KIPAN,KIRC,KIPAN,KIPAN,True,False,True
4795,False,0,0.0,PCPG,BRCA,PCPG,PCPG,True,False,False
4796,False,0,0.0,SKCM,BRCA,SKCM,SKCM,True,False,False
4797,False,0,0.0,OV,BRCA,OV,LAML,False,False,False
4798,False,0,0.0,PCPG,BRCA,PCPG,PCPG,True,False,False
4799,False,0,0.0,STES,BRCA,STES,LUSC,False,False,False
4800,False,0,0.0,LIHC,BRCA,LIHC,LIHC,True,False,False
4801,False,0,0.0,GBMLGG,BRCA,GBMLGG,LIHC,False,False,False
4802,False,0,0.0,BRCA,BRCA,BRCA,BRCA,True,False,False
4803,True,1,1.0,LGG,GBMLGG,LGG,LGG,True,False,True
4804,False,0,0.0,LUSC,BRCA,LUSC,LUSC,True,False,False
4805,False,0,0.0,STES,BRCA,STES,STES,True,False,False
4806,False,0,0.0,DLBC,BRCA,DLBC,DLBC,True,False,False
4807,False,0,0.0,GBMLGG,BRCA,GBMLGG,SARC,False,False,False
4808,False,0,0.0,SKCM,BRCA,SKCM,SKCM,True,False,False
4809,False,0,0.0,LGG,BRCA,LGG,SKCM,False,False,False
4810,True,15,0.9333333333333333,THCA,THCA,THCA,THCA,True,False,False
4811,False,0,0.0,PRAD,BRCA,PRAD,PRAD,True,False,False
4812,False,0,0.0,STES,BRCA,STES,STES,True,False,False
4813,False,0,0.0,KIPAN,BRCA,KIPAN,BRCA,False,False,False
4814,False,0,0.0,LUSC,BRCA,LUSC,LUAD,False,False,False
4815,False,0,0.0,OV,BRCA,OV,HNSC,False,False,False
4816,False,0,0.0,UCEC,BRCA,UCEC,LIHC,False,False,False
4817,False,0,0.0,BRCA,BRCA,BRCA,BRCA,True,False,False
4818,False,0,0.0,BRCA,BRCA,BRCA,BRCA,True,False,False
4819,False,0,0.0,THCA,BRCA,THCA,THCA,True,False,False
4820,False,0,0.0,SKCM,BRCA,SKCM,SKCM,True,False,False
4821,False,0,0.0,OV,BRCA,OV,HNSC,False,False,False
4822,False,0,0.0,LIHC,BRCA,LIHC,LIHC,True,False,False
4823,False,0,0.0,THYM,BRCA,THYM,KIPAN,False,False,False
4824,False,0,0.0,PAAD,BRCA,PAAD,GBMLGG,False,False,False
4825,False,0,0.0,BRCA,BRCA,BRCA,BRCA,True,False,False
4826,False,0,0.0,TGCT,BRCA,TGCT,TGCT,True,False,False
4827,False,0,0.0,PRAD,BRCA,PRAD,PRAD,True,False,False
4828,True,1,1.0,GBMLGG,GBMLGG,GBMLGG,LGG,False,False,False
4829,False,0,0.0,GBMLGG,BRCA,GBMLGG,GBMLGG,True,False,False
4830,False,0,0.0,LIHC,BRCA,LIHC,TGCT,False,False,False
4831,False,0,0.0,HNSC,BRCA,HNSC,CESC,False,False,False
4832,False,0,0.0,PCPG,BRCA,PCPG,PAAD,False,False,False
4833,False,0,0.0,HNSC,BRCA,HNSC,BLCA,False,False,False
4834,False,0,0.0,GBMLGG,BRCA,GBMLGG,LIHC,False,False,False
4835,False,0,0.0,KIPAN,BRCA,KIPAN,ACC,False,False,False
4836,False,0,0.0,THCA,BRCA,THCA,THCA,True,False,False
4837,True,1,1.0,GBMLGG,LGG,LGG,GBMLGG,True,False,True
4838,False,0,0.0,THCA,BRCA,THCA,THCA,True,False,False
4839,False,0,0.0,LAML,BRCA,LAML,LAML,True,False,False
4840,False,0,0.0,TGCT,BRCA,TGCT,TGCT,True,False,False
4841,False,0,0.0,BRCA,BRCA,BRCA,KIPAN,False,False,False
4842,False,0,0.0,BRCA,BRCA,BRCA,BRCA,True,False,False
4843,False,0,0.0,UCEC,BRCA,UCEC,UCEC,True,False,False
4844,False,0,0.0,LGG,BRCA,LGG,GBMLGG,False,False,False
4845,False,0,0.0,BRCA,BRCA,BRCA,BRCA,True,False,False
4846,False,0,0.0,PRAD,BRCA,PRAD,LAML,False,False,False
4847,True,1,1.0,KIPAN,KIRC,KIPAN,KIPAN,True,False,True
4848,True,1,1.0,KIPAN,KIRC,KIPAN,KIPAN,True,False,True
4849,True,1,1.0,KIPAN,KIRC,KIPAN,KIPAN,True,False,True
4850,False,0,0.0,BRCA,BRCA,BRCA,GBMLGG,False,False,False
4851,False,0,0.0,LUSC,BRCA,LUSC,LUSC,True,False,False
4852,False,0,0.0,GBMLGG,BRCA,GBMLGG,SARC,False,False,False
4853,False,0,0.0,COAD,BRCA,COAD,COAD,True,False,False
4854,False,0,0.0,PCPG,BRCA,PCPG,BRCA,False,False,False
4855,True,1,1.0,KIPAN,KIRC,KIPAN,KIPAN,True,False,True
4856,False,0,0.0,GBMLGG,BRCA,GBMLGG,STES,False,False,False
4857,False,0,0.0,GBMLGG,BRCA,GBMLGG,GBMLGG,True,False,False
4858,False,0,0.0,PRAD,BRCA,PRAD,PRAD,True,False,False
4859,False,0,0.0,BRCA,BRCA,BRCA,SARC,False,False,False
4860,False,0,0.0,LUAD,BRCA,LUAD,LUAD,True,False,False
4861,False,0,0.0,OV,BRCA,OV,OV,True,False,False
4862,False,0,0.0,CESC,BRCA,CESC,CESC,True,False,False
4863,False,0,0.0,STES,BRCA,STES,ACC,False,False,False
4864,False,0,0.0,SKCM,BRCA,SKCM,SKCM,True,False,False
4865,False,0,0.0,HNSC,BRCA,HNSC,STES,False,False,False
4866,False,0,0.0,THCA,BRCA,THCA,THCA,True,False,False
4867,True,1,1.0,LGG,LGG,LGG,GBMLGG,False,False,False
4868,False,0,0.0,TGCT,BRCA,TGCT,TGCT,True,False,False
4869,False,0,0.0,GBMLGG,BRCA,GBMLGG,GBMLGG,True,False,False
4870,False,0,0.0,HNSC,BRCA,HNSC,HNSC,True,False,False
4871,False,0,0.0,BRCA,BRCA,BRCA,LGG,False,False,False
4872,False,0,0.0,HNSC,BRCA,HNSC,HNSC,True,False,False
4873,False,0,0.0,COAD,BRCA,COAD,BRCA,False,False,False
4874,False,0,0.0,HNSC,BRCA,HNSC,HNSC,True,False,False
4875,False,0,0.0,LUSC,BRCA,LUSC,STES,False,False,False
4876,False,0,0.0,PRAD,BRCA,PRAD,PRAD,True,False,False
4877,False,0,0.0,SARC,BRCA,SARC,OV,False,False,False
4878,False,0,0.0,DLBC,BRCA,DLBC,DLBC,True,False,False
4879,False,0,0.0,THYM,BRCA,THYM,LAML,False,False,False
4880,False,0,0.0,BRCA,BRCA,BRCA,BRCA,True,False,False
4881,False,0,0.0,PRAD,BRCA,PRAD,KIPAN,False,False,False
4882,False,0,0.0,THCA,BRCA,THCA,THCA,True,False,False
4883,False,0,0.0,STES,BRCA,STES,STES,True,False,False
4884,False,0,0.0,LGG,BRCA,LGG,GBMLGG,False,False,False
4885,False,0,0.0,PRAD,BRCA,PRAD,BRCA,False,False,False
4886,False,0,0.0,COAD,BRCA,COAD,COAD,True,False,False
4887,True,1,1.0,KIRC,KIPAN,KIRC,KIRC,True,False,True
4888,False,0,0.0,BRCA,BRCA,BRCA,BRCA,True,False,False
4889,False,0,0.0,STES,BRCA,STES,GBMLGG,False,False,False
4890,False,0,0.0,BRCA,BRCA,BRCA,BRCA,True,False,False
4891,True,1,1.0,GBMLGG,GBMLGG,GBMLGG,LGG,False,False,False
4892,False,0,0.0,BRCA,BRCA,BRCA,LUAD,False,False,False
4893,False,0,0.0,PRAD,BRCA,PRAD,KIRC,False,False,False
4894,False,0,0.0,KIRC,BRCA,KIRC,KIRC,True,False,False
4895,False,0,0.0,PRAD,BRCA,PRAD,SARC,False,False,False
4896,False,0,0.0,CESC,BRCA,CESC,CESC,True,False,False
4897,True,1,1.0,LGG,GBMLGG,LGG,LGG,True,False,True
4898,True,1,1.0,KIPAN,KIRC,KIPAN,KIPAN,True,False,True
4899,False,0,0.0,THCA,BRCA,THCA,THCA,True,False,False
4900,False,0,0.0,COAD,BRCA,COAD,COAD,True,False,False
4901,False,0,0.0,BRCA,BRCA,BRCA,GBMLGG,False,False,False
4902,False,0,0.0,SARC,BRCA,SARC,SKCM,False,False,False
4903,False,0,0.0,BRCA,BRCA,BRCA,BRCA,True,False,False
4904,False,0,0.0,THYM,BRCA,THYM,THCA,False,False,False
4905,False,0,0.0,UCEC,BRCA,UCEC,UCEC,True,False,False
4906,False,0,0.0,PRAD,BRCA,PRAD,DLBC,False,False,False
4907,False,0,0.0,PRAD,BRCA,PRAD,PRAD,True,False,False
4908,False,0,0.0,COAD,BRCA,COAD,COAD,True,False,False
4909,False,0,0.0,PCPG,BRCA,PCPG,CESC,False,False,False
4910,False,0,0.0,THCA,BRCA,THCA,THCA,True,False,False
4911,False,0,0.0,CESC,BRCA,CESC,BRCA,False,False,False
4912,False,0,0.0,KIPAN,BRCA,KIPAN,KIRC,False,False,False
4913,False,0,0.0,COAD,BRCA,COAD,STES,False,False,False
4914,False,0,0.0,COAD,BRCA,COAD,COAD,True,False,False
4915,False,0,0.0,STES,BRCA,STES,HNSC,False,False,False
4916,True,1,1.0,GBMLGG,LGG,GBMLGG,GBMLGG,True,False,True
4917,False,0,0.0,CESC,BRCA,CESC,THYM,False,False,False
4918,False,0,0.0,KIPAN,BRCA,KIPAN,TGCT,False,False,False
4919,False,0,0.0,COAD,BRCA,COAD,COAD,True,False,False
4920,False,0,0.0,STES,BRCA,STES,GBMLGG,False,False,False
4921,False,0,0.0,SARC,BRCA,SARC,SARC,True,False,False
4922,False,0,0.0,GBMLGG,BRCA,GBMLGG,BLCA,False,False,False
4923,False,0,0.0,THCA,BRCA,THCA,THCA,True,False,False
4924,False,0,0.0,BLCA,BRCA,BLCA,BLCA,True,False,False
4925,True,1,1.0,KIRC,KIPAN,KIPAN,KIRC,True,False,True
4926,False,0,0.0,KIRC,BRCA,KIRC,PRAD,False,False,False
4927,False,0,0.0,SARC,BRCA,SARC,BRCA,False,False,False
4928,False,0,0.0,LGG,BRCA,LGG,LGG,True,False,False
4929,False,0,0.0,KIPAN,BRCA,KIPAN,KIPAN,True,False,False
4930,False,0,0.0,KIPAN,BRCA,KIPAN,KIPAN,True,False,False
4931,True,1,1.0,KIPAN,KIRC,KIPAN,KIPAN,True,False,True
4932,False,0,0.0,KIPAN,BRCA,KIPAN,KIPAN,True,False,False
4933,False,0,0.0,BLCA,BRCA,BLCA,BLCA,True,False,False
4934,False,0,0.0,PAAD,BRCA,PAAD,OV,False,False,False
4935,False,0,0.0,PRAD,BRCA,PRAD,SARC,False,False,False
4936,False,0,0.0,PCPG,BRCA,PCPG,PCPG,True,False,False
4937,False,0,0.0,BRCA,BRCA,BRCA,BRCA,True,False,False
4938,False,0,0.0,THCA,BRCA,THCA,THCA,True,False,False
4939,False,0,0.0,STES,BRCA,STES,STES,True,False,False
4940,False,0,0.0,BRCA,BRCA,BRCA,BRCA,True,False,False
4941,False,0,0.0,THYM,BRCA,THYM,THYM,True,False,False
4942,False,0,0.0,OV,BRCA,OV,OV,True,False,False
4943,False,0,0.0,TGCT,BRCA,TGCT,TGCT,True,False,False
4944,True,1,1.0,LGG,LGG,LGG,GBMLGG,False,False,False
4945,False,0,0.0,SKCM,BRCA,SKCM,SKCM,True,False,False
4946,False,0,0.0,LUSC,BRCA,LUSC,CESC,False,False,False
4947,False,0,0.0,CESC,BRCA,CESC,CESC,True,False,False
4948,False,0,0.0,ACC,BRCA,ACC,ACC,True,False,False
4949,False,0,0.0,BRCA,BRCA,BRCA,BRCA,True,False,False
4950,True,1,1.0,KIRC,KIPAN,KIRC,KIRC,True,False,True
4951,True,1,1.0,LGG,GBMLGG,LGG,LGG,True,False,True
4952,False,0,0.0,LUAD,BRCA,LUAD,LUAD,True,False,False
4953,False,0,0.0,LUAD,BRCA,LUAD,LUAD,True,False,False
4954,False,0,0.0,UCEC,BRCA,UCEC,BRCA,False,False,False
4955,False,0,0.0,OV,BRCA,OV,PAAD,False,False,False
4956,False,0,0.0,COAD,BRCA,COAD,COAD,True,False,False
4957,False,0,0.0,PCPG,BRCA,PCPG,PCPG,True,False,False
4958,False,0,0.0,LGG,BRCA,LGG,LGG,True,False,False
4959,True,1,1.0,KIRC,KIPAN,KIRC,KIRC,True,False,True
4960,False,0,0.0,PCPG,BRCA,PCPG,PCPG,True,False,False
4961,False,0,0.0,STES,BRCA,STES,STES,True,False,False
4962,False,0,0.0,THYM,BRCA,THYM,THCA,False,False,False
4963,False,0,0.0,HNSC,BRCA,HNSC,STES,False,False,False
4964,False,0,0.0,KIPAN,BRCA,KIPAN,TGCT,False,False,False
4965,False,0,0.0,OV,BRCA,OV,SARC,False,False,False
4966,False,0,0.0,SKCM,BRCA,SKCM,SKCM,True,False,False
4967,False,0,0.0,KIPAN,BRCA,KIPAN,PCPG,False,False,False
4968,False,0,0.0,SKCM,BRCA,SKCM,LUAD,False,False,False
4969,False,0,0.0,THCA,BRCA,THCA,THCA,True,False,False
4970,True,1,1.0,KIRC,KIPAN,KIRC,KIRC,True,False,True
4971,False,0,0.0,PAAD,BRCA,PAAD,PAAD,True,False,False
4972,False,0,0.0,UCEC,BRCA,UCEC,UCEC,True,False,False
4973,False,0,0.0,BRCA,BRCA,BRCA,PCPG,False,False,False
4974,False,0,0.0,GBMLGG,BRCA,GBMLGG,GBMLGG,True,False,False
4975,False,0,0.0,UCEC,BRCA,UCEC,GBMLGG,False,False,False
4976,False,0,0.0,HNSC,BRCA,HNSC,BRCA,False,False,False
4977,False,0,0.0,BRCA,BRCA,BRCA,BRCA,True,False,False
4978,False,0,0.0,KIPAN,BRCA,KIPAN,KIRC,False,False,False
4979,False,0,0.0,BLCA,BRCA,BLCA,HNSC,False,False,False
4980,False,0,0.0,STES,BRCA,STES,COAD,False,False,False
4981,True,1,1.0,KIRC,KIPAN,KIRC,KIRC,True,False,True
4982,False,0,0.0,DLBC,BRCA,DLBC,DLBC,True,False,False
4983,False,0,0.0,STES,BRCA,STES,STES,True,False,False
4984,False,0,0.0,UCEC,BRCA,UCEC,UCEC,True,False,False
4985,False,0,0.0,OV,BRCA,OV,COAD,False,False,False
4986,False,0,0.0,BRCA,BRCA,BRCA,OV,False,False,False
4987,False,0,0.0,GBMLGG,BRCA,GBMLGG,GBMLGG,True,False,False
4988,True,1,1.0,GBMLGG,GBMLGG,GBMLGG,LGG,False,False,False
4989,False,0,0.0,PRAD,BRCA,PRAD,PRAD,True,False,False
4990,False,0,0.0,LUSC,BRCA,LUSC,HNSC,False,False,False
4991,False,0,0.0,COAD,BRCA,COAD,COAD,True,False,False
4992,True,1,1.0,KIRC,KIPAN,KIRC,KIRC,True,False,True
4993,False,0,0.0,BRCA,BRCA,BRCA,BRCA,True,False,False
4994,False,0,0.0,SARC,BRCA,SARC,BRCA,False,False,False
4995,False,0,0.0,COAD,BRCA,COAD,COAD,True,False,False
4996,False,0,0.0,PCPG,BRCA,PCPG,BRCA,False,False,False
4997,False,0,0.0,BRCA,BRCA,BRCA,OV,False,False,False
4998,False,0,0.0,OV,BRCA,OV,OV,True,False,False
4999,True,1,1.0,KIPAN,KIRC,KIPAN,KIPAN,True,False,True
5000,False,0,0.0,LUAD,BRCA,LUAD,LUSC,False,False,False
5001,True,1,1.0,GBMLGG,LGG,LGG,GBMLGG,True,False,True
5002,False,0,0.0,OV,BRCA,OV,PAAD,False,False,False
5003,False,0,0.0,LUSC,BRCA,LUSC,LUAD,False,False,False
5004,True,1,1.0,KIPAN,KIRC,KIPAN,KIPAN,True,False,True
5005,False,0,0.0,KIPAN,BRCA,KIPAN,KIPAN,True,False,False
5006,False,0,0.0,BRCA,BRCA,BRCA,BRCA,True,False,False
5007,False,0,0.0,BRCA,BRCA,BRCA,PAAD,False,False,False
5008,False,0,0.0,STES,BRCA,STES,STES,True,False,False
5009,False,0,0.0,LUAD,BRCA,LUAD,LUAD,True,False,False
5010,False,0,0.0,TGCT,BRCA,TGCT,KIPAN,False,False,False
5011,False,0,0.0,PCPG,BRCA,PCPG,PCPG,True,False,False
5012,False,0,0.0,LAML,BRCA,LAML,KIRC,False,False,False
5013,True,1,1.0,KIRC,KIPAN,KIRC,KIRC,True,False,True
5014,False,0,0.0,PRAD,BRCA,PRAD,THCA,False,False,False
5015,False,0,0.0,THCA,BRCA,THCA,THCA,True,False,False
5016,False,0,0.0,GBMLGG,BRCA,GBMLGG,GBMLGG,True,False,False
5017,False,0,0.0,SARC,BRCA,SARC,UCEC,False,False,False
5018,False,0,0.0,OV,BRCA,OV,OV,True,False,False
5019,False,0,0.0,STES,BRCA,STES,STES,True,False,False
5020,False,0,0.0,PAAD,BRCA,PAAD,PAAD,True,False,False
5021,False,0,0.0,PCPG,BRCA,PCPG,THCA,False,False,False
5022,False,0,0.0,LUAD,BRCA,LUAD,LUSC,False,False,False
5023,False,0,0.0,OV,BRCA,OV,BRCA,False,False,False
5024,False,0,0.0,STES,BRCA,STES,STES,True,False,False
5025,True,1,1.0,KIPAN,KIRC,KIPAN,KIPAN,True,False,True
5026,False,0,0.0,OV,BRCA,OV,BRCA,False,False,False
5027,False,0,0.0,SKCM,BRCA,SKCM,SKCM,True,False,False
5028,False,0,0.0,OV,BRCA,OV,OV,True,False,False
5029,False,0,0.0,STES,BRCA,STES,LUAD,False,False,False
5030,False,0,0.0,KIPAN,BRCA,KIPAN,OV,False,False,False
5031,False,0,0.0,CESC,BRCA,CESC,CESC,True,False,False
5032,False,0,0.0,PRAD,BRCA,PRAD,KIPAN,False,False,False
5033,False,0,0.0,THCA,BRCA,THCA,THCA,True,False,False
5034,False,0,0.0,KIPAN,BRCA,KIPAN,KIPAN,True,False,False
5035,True,1,1.0,KIPAN,KIRC,KIPAN,KIPAN,True,False,True
5036,False,0,0.0,PCPG,BRCA,PCPG,LAML,False,False,False
5037,False,0,0.0,LGG,BRCA,LGG,LGG,True,False,False
5038,False,0,0.0,HNSC,BRCA,HNSC,HNSC,True,False,False
5039,False,0,0.0,KIRC,BRCA,KIRC,LAML,False,False,False
5040,False,0,0.0,OV,BRCA,OV,SARC,False,False,False
5041,False,0,0.0,DLBC,BRCA,DLBC,DLBC,True,False,False
5042,False,0,0.0,UCEC,BRCA,UCEC,UCEC,True,False,False
5043,False,0,0.0,STES,BRCA,STES,STES,True,False,False
5044,False,0,0.0,PCPG,BRCA,PCPG,PCPG,True,False,False
5045,False,0,0.0,TGCT,BRCA,TGCT,TGCT,True,False,False
5046,False,0,0.0,SKCM,BRCA,SKCM,SKCM,True,False,False
5047,False,0,0.0,BRCA,BRCA,BRCA,UCEC,False,False,False
5048,False,0,0.0,BRCA,BRCA,BRCA,LIHC,False,False,False
5049,False,0,0.0,CESC,BRCA,CESC,UCEC,False,False,False
5050,False,0,0.0,GBMLGG,BRCA,GBMLGG,GBMLGG,True,False,False
5051,False,0,0.0,LUSC,BRCA,LUSC,HNSC,False,False,False
5052,False,0,0.0,LGG,BRCA,LGG,LGG,True,False,False
5053,False,0,0.0,TGCT,BRCA,TGCT,PAAD,False,False,False
5054,False,0,0.0,STES,BRCA,STES,GBMLGG,False,False,False
5055,False,0,0.0,BRCA,BRCA,BRCA,BRCA,True,False,False
5056,False,0,0.0,BLCA,BRCA,BLCA,CESC,False,False,False
5057,False,0,0.0,HNSC,BRCA,HNSC,LUAD,False,False,False
5058,False,0,0.0,SKCM,BRCA,SKCM,SKCM,True,False,False
5059,False,0,0.0,BRCA,BRCA,BRCA,THCA,False,False,False
5060,False,0,0.0,PCPG,BRCA,PCPG,THCA,False,False,False
5061,False,0,0.0,OV,BRCA,OV,PRAD,False,False,False
5062,False,0,0.0,KIRC,BRCA,KIRC,KIPAN,False,False,False
5063,False,0,0.0,THCA,BRCA,THCA,LAML,False,False,False
5064,False,0,0.0,ACC,BRCA,ACC,ACC,True,False,False
5065,False,0,0.0,OV,BRCA,OV,UCEC,False,False,False
5066,False,0,0.0,PCPG,BRCA,PCPG,KIPAN,False,False,False
5067,False,0,0.0,LUSC,BRCA,LUSC,LUSC,True,False,False
5068,False,0,0.0,KIRC,BRCA,KIRC,LUAD,False,False,False
5069,True,1,1.0,KIRC,KIPAN,KIRC,KIRC,True,False,True
5070,False,0,0.0,UCEC,BRCA,UCEC,UCEC,True,False,False
5071,False,0,0.0,SARC,BRCA,SARC,LUAD,False,False,False
5072,False,0,0.0,PCPG,BRCA,PCPG,PRAD,False,False,False
5073,False,0,0.0,OV,BRCA,OV,BRCA,False,False,False
5074,False,0,0.0,BLCA,BRCA,BLCA,BLCA,True,False,False
5075,False,0,0.0,BRCA,BRCA,BRCA,BRCA,True,False,False
5076,False,0,0.0,SKCM,BRCA,SKCM,SKCM,True,False,False
5077,False,0,0.0,BRCA,BRCA,BRCA,BRCA,True,False,False
5078,True,1,1.0,LGG,GBMLGG,LGG,LGG,True,False,True
5079,False,0,0.0,THYM,BRCA,THYM,PRAD,False,False,False
5080,False,0,0.0,PRAD,BRCA,PRAD,PRAD,True,False,False
5081,False,0,0.0,BRCA,BRCA,BRCA,BRCA,True,False,False
5082,False,0,0.0,BRCA,BRCA,BRCA,BRCA,True,False,False
5083,False,0,0.0,UCEC,BRCA,UCEC,UCEC,True,False,False
5084,False,0,0.0,THYM,BRCA,THYM,THYM,True,False,False
5085,False,0,0.0,BRCA,BRCA,BRCA,BRCA,True,False,False
5086,False,0,0.0,LUAD,BRCA,LUAD,LUSC,False,False,False
5087,False,0,0.0,LAML,BRCA,LAML,LAML,True,False,False
5088,False,0,0.0,PRAD,BRCA,PRAD,THCA,False,False,False
5089,False,0,0.0,BRCA,BRCA,BRCA,COAD,False,False,False
5090,False,0,0.0,THCA,BRCA,THCA,LUAD,False,False,False
5091,True,1,1.0,KIRC,KIPAN,KIRC,KIRC,True,False,True
5092,False,0,0.0,PRAD,BRCA,PRAD,PRAD,True,False,False
5093,False,0,0.0,PCPG,BRCA,PCPG,PRAD,False,False,False
5094,False,0,0.0,PCPG,BRCA,PCPG,LAML,False,False,False
5095,False,0,0.0,BRCA,BRCA,BRCA,BRCA,True,False,False
5096,False,0,0.0,KIPAN,BRCA,KIPAN,KIPAN,True,False,False
5097,False,0,0.0,THCA,BRCA,THCA,THCA,True,False,False
5098,False,0,0.0,COAD,BRCA,COAD,COAD,True,False,False
5099,False,0,0.0,LIHC,BRCA,LIHC,LIHC,True,False,False
5100,False,0,0.0,UCEC,BRCA,UCEC,UCEC,True,False,False
5101,False,0,0.0,SARC,BRCA,SARC,SARC,True,False,False
5102,False,0,0.0,STES,BRCA,STES,UCEC,False,False,False
5103,True,1,1.0,GBMLGG,GBMLGG,GBMLGG,LGG,False,False,False
5104,False,0,0.0,SKCM,BRCA,SKCM,SKCM,True,False,False
5105,False,0,0.0,HNSC,BRCA,HNSC,HNSC,True,False,False
5106,False,0,0.0,SKCM,BRCA,SKCM,SKCM,True,False,False
5107,False,0,0.0,PRAD,BRCA,PRAD,PRAD,True,False,False
5108,False,0,0.0,THCA,BRCA,THCA,THCA,True,False,False
5109,False,0,0.0,PAAD,BRCA,PAAD,LUAD,False,False,False
5110,False,0,0.0,STES,BRCA,STES,STES,True,False,False
5111,False,0,0.0,SKCM,BRCA,SKCM,SKCM,True,False,False
5112,False,0,0.0,KIPAN,BRCA,KIPAN,KIPAN,True,False,False
5113,False,0,0.0,THCA,BRCA,THCA,THCA,True,False,False
5114,False,0,0.0,THYM,BRCA,THYM,SARC,False,False,False
5115,True,1,1.0,KIRC,KIPAN,KIRC,KIRC,True,False,True
5116,False,0,0.0,COAD,BRCA,COAD,COAD,True,False,False
5117,False,0,0.0,SKCM,BRCA,SKCM,SKCM,True,False,False
5118,False,0,0.0,BRCA,BRCA,BRCA,STES,False,False,False
5119,True,1,1.0,GBMLGG,GBMLGG,GBMLGG,LGG,False,False,False
5120,False,0,0.0,SKCM,BRCA,SKCM,SKCM,True,False,False
5121,False,0,0.0,THCA,BRCA,THCA,THCA,True,False,False
5122,False,0,0.0,UCEC,BRCA,UCEC,STES,False,False,False
5123,False,0,0.0,GBMLGG,BRCA,GBMLGG,GBMLGG,True,False,False
5124,False,0,0.0,SKCM,BRCA,SKCM,SKCM,True,False,False
5125,False,0,0.0,THCA,BRCA,THCA,THCA,True,False,False
5126,True,1,1.0,SARC,KIPAN,SARC,KIRC,False,False,False
5127,False,0,0.0,OV,BRCA,OV,OV,True,False,False
5128,False,0,0.0,BRCA,BRCA,BRCA,THCA,False,False,False
5129,False,0,0.0,STES,BRCA,STES,STES,True,False,False
5130,False,0,0.0,BRCA,BRCA,BRCA,BRCA,True,False,False
5131,True,1,1.0,PCPG,KIRC,PCPG,KIPAN,False,False,False
5132,False,0,0.0,PRAD,BRCA,PRAD,KIRC,False,False,False
5133,False,0,0.0,BRCA,BRCA,BRCA,BRCA,True,False,False
5134,False,0,0.0,BRCA,BRCA,BRCA,BRCA,True,False,False
5135,True,1,1.0,KIRC,KIPAN,KIRC,KIRC,True,False,True
5136,False,0,0.0,BRCA,BRCA,BRCA,BRCA,True,False,False
5137,False,0,0.0,BRCA,BRCA,BRCA,HNSC,False,False,False
5138,False,0,0.0,THYM,BRCA,THYM,THCA,False,False,False
5139,False,0,0.0,SKCM,BRCA,SKCM,SKCM,True,False,False
5140,True,1,1.0,KIRC,KIRC,KIRC,KIPAN,False,False,False
5141,False,0,0.0,KIPAN,BRCA,KIPAN,PAAD,False,False,False
5142,False,0,0.0,BRCA,BRCA,BRCA,BRCA,True,False,False
5143,False,0,0.0,LAML,BRCA,LAML,BRCA,False,False,False
5144,False,0,0.0,STES,BRCA,STES,STES,True,False,False
5145,False,0,0.0,SKCM,BRCA,SKCM,SKCM,True,False,False
5146,False,0,0.0,UCEC,BRCA,UCEC,CESC,False,False,False
5147,False,0,0.0,KIRC,BRCA,KIRC,KIPAN,False,False,False
5148,False,0,0.0,SARC,BRCA,SARC,PCPG,False,False,False
5149,False,0,0.0,BRCA,BRCA,BRCA,BRCA,True,False,False
5150,True,1,1.0,KIRC,KIPAN,KIRC,KIRC,True,False,True
5151,False,0,0.0,SARC,BRCA,SARC,SARC,True,False,False
5152,False,0,0.0,LAML,BRCA,LAML,BRCA,False,False,False
5153,False,0,0.0,THCA,BRCA,THCA,THCA,True,False,False
5154,False,0,0.0,STES,BRCA,STES,STES,True,False,False
5155,False,0,0.0,THYM,BRCA,THYM,LAML,False,False,False
5156,False,0,0.0,TGCT,BRCA,TGCT,TGCT,True,False,False
5157,False,0,0.0,BRCA,BRCA,BRCA,PRAD,False,False,False
5158,False,0,0.0,KIRC,BRCA,KIRC,GBMLGG,False,False,False
5159,False,0,0.0,PRAD,BRCA,PRAD,BRCA,False,False,False
5160,False,0,0.0,PRAD,BRCA,PRAD,PCPG,False,False,False
5161,False,0,0.0,KIPAN,BRCA,KIPAN,SARC,False,False,False
5162,False,0,0.0,CESC,BRCA,CESC,CESC,True,False,False
5163,True,1,1.0,KIPAN,KIRC,KIPAN,KIPAN,True,False,True
5164,False,0,0.0,BRCA,BRCA,BRCA,BRCA,True,False,False
5165,False,0,0.0,KIRC,BRCA,KIRC,TGCT,False,False,False
5166,False,0,0.0,STES,BRCA,STES,STES,True,False,False
5167,False,0,0.0,HNSC,BRCA,HNSC,HNSC,True,False,False
5168,False,0,0.0,BRCA,BRCA,BRCA,BRCA,True,False,False
5169,False,0,0.0,PAAD,BRCA,PAAD,PAAD,True,False,False
5170,False,0,0.0,OV,BRCA,OV,STES,False,False,False
5171,True,1,1.0,KIRC,KIPAN,KIRC,KIRC,True,False,True
5172,True,1,1.0,LGG,GBMLGG,LGG,LGG,True,False,True
5173,False,0,0.0,STES,BRCA,STES,UCEC,False,False,False
5174,False,0,0.0,PRAD,BRCA,PRAD,GBMLGG,False,False,False
5175,True,1,1.0,PCPG,KIPAN,KIPAN,KIRC,False,False,False
5176,False,0,0.0,LUAD,BRCA,LUAD,LUAD,True,False,False
5177,False,0,0.0,ACC,BRCA,ACC,ACC,True,False,False
5178,False,0,0.0,STES,BRCA,STES,STES,True,False,False
5179,False,0,0.0,COAD,BRCA,COAD,COAD,True,False,False
5180,False,0,0.0,GBMLGG,BRCA,GBMLGG,LUAD,False,False,False
5181,False,0,0.0,LAML,BRCA,LAML,LAML,True,False,False
5182,False,0,0.0,SKCM,BRCA,SKCM,SKCM,True,False,False
5183,False,0,0.0,THYM,BRCA,THYM,PRAD,False,False,False
5184,True,1,1.0,KIRC,KIPAN,KIRC,KIRC,True,False,True
5185,True,1,1.0,KIRC,KIPAN,KIRC,KIRC,True,False,True
5186,False,0,0.0,LUSC,BRCA,LUSC,LUSC,True,False,False
5187,False,0,0.0,KIRC,BRCA,KIRC,TGCT,False,False,False
5188,False,0,0.0,THYM,BRCA,THYM,LAML,False,False,False
5189,False,0,0.0,LAML,BRCA,LAML,LAML,True,False,False
5190,True,1,1.0,KIRC,KIPAN,KIRC,KIRC,True,False,True
5191,False,0,0.0,COAD,BRCA,COAD,COAD,True,False,False
5192,False,0,0.0,STES,BRCA,STES,DLBC,False,False,False
5193,False,0,0.0,THYM,BRCA,THYM,LAML,False,False,False
5194,False,0,0.0,STES,BRCA,STES,COAD,False,False,False
5195,False,0,0.0,TGCT,BRCA,TGCT,KIPAN,False,False,False
5196,True,1,1.0,KIRC,KIPAN,KIRC,KIRC,True,False,True
5197,False,0,0.0,BRCA,BRCA,BRCA,PRAD,False,False,False
5198,False,0,0.0,LGG,BRCA,LGG,LGG,True,False,False
5199,False,0,0.0,COAD,BRCA,COAD,COAD,True,False,False
5200,False,0,0.0,KIRC,BRCA,KIRC,BRCA,False,False,False
5201,False,0,0.0,UCEC,BRCA,UCEC,SARC,False,False,False
5202,False,0,0.0,UCEC,BRCA,UCEC,UCEC,True,False,False
5203,False,0,0.0,PRAD,BRCA,PRAD,PRAD,True,False,False
5204,False,0,0.0,OV,BRCA,OV,OV,True,False,False
5205,False,0,0.0,COAD,BRCA,COAD,COAD,True,False,False
5206,True,1,1.0,KIRC,KIPAN,KIPAN,KIRC,True,False,True
5207,False,0,0.0,THYM,BRCA,THYM,GBMLGG,False,False,False
5208,True,1,1.0,KIRC,KIPAN,KIRC,KIRC,True,False,True
5209,False,0,0.0,THCA,BRCA,THCA,THCA,True,False,False
5210,False,0,0.0,PRAD,BRCA,PRAD,BRCA,False,False,False
5211,True,1,1.0,KIRC,KIPAN,KIRC,KIRC,True,False,True
5212,False,0,0.0,PCPG,BRCA,PCPG,LAML,False,False,False
5213,False,0,0.0,LGG,BRCA,LGG,LGG,True,False,False
5214,False,0,0.0,HNSC,BRCA,HNSC,HNSC,True,False,False
5215,True,14,0.9285714285714286,THCA,THCA,THCA,THCA,True,False,False
5216,False,0,0.0,LUSC,BRCA,LUSC,STES,False,False,False
5217,False,0,0.0,LIHC,BRCA,LIHC,LIHC,True,False,False
5218,False,0,0.0,STES,BRCA,STES,STES,True,False,False
5219,False,0,0.0,PRAD,BRCA,PRAD,PRAD,True,False,False
5220,False,0,0.0,SARC,BRCA,SARC,PRAD,False,False,False
5221,False,0,0.0,COAD,BRCA,COAD,COAD,True,False,False
5222,True,1,1.0,KIRC,KIPAN,KIRC,KIRC,True,False,True
5223,False,0,0.0,GBMLGG,BRCA,GBMLGG,GBMLGG,True,False,False
5224,False,0,0.0,STES,BRCA,STES,STES,True,False,False
5225,False,0,0.0,PAAD,BRCA,PAAD,HNSC,False,False,False
5226,True,1,1.0,KIPAN,KIRC,KIPAN,KIPAN,True,False,True
5227,False,0,0.0,LGG,BRCA,LGG,LGG,True,False,False
5228,False,0,0.0,STES,BRCA,STES,UCEC,False,False,False
5229,True,1,1.0,GBMLGG,LGG,GBMLGG,GBMLGG,True,False,True
5230,False,0,0.0,KIPAN,BRCA,KIPAN,KIPAN,True,False,False
5231,False,0,0.0,KIPAN,BRCA,KIPAN,PRAD,False,False,False
5232,True,1,1.0,LGG,GBMLGG,LGG,LGG,True,False,True
5233,False,0,0.0,SKCM,BRCA,SKCM,SKCM,True,False,False
5234,False,0,0.0,THCA,BRCA,THCA,THCA,True,False,False
5235,False,0,0.0,LUSC,BRCA,LUSC,LUAD,False,False,False
5236,False,0,0.0,BRCA,BRCA,BRCA,BRCA,True,False,False
5237,False,0,0.0,BRCA,BRCA,BRCA,BRCA,True,False,False
5238,True,1,1.0,GBMLGG,LGG,GBMLGG,GBMLGG,True,False,True
5239,False,0,0.0,BLCA,BRCA,BLCA,BLCA,True,False,False
5240,False,0,0.0,LUSC,BRCA,LUSC,LUSC,True,False,False
5241,False,0,0.0,BRCA,BRCA,BRCA,BRCA,True,False,False
5242,False,0,0.0,BRCA,BRCA,BRCA,BRCA,True,False,False
5243,False,0,0.0,LGG,BRCA,LGG,GBMLGG,False,False,False
5244,False,0,0.0,UCEC,BRCA,UCEC,UCEC,True,False,False
5245,False,0,0.0,STES,BRCA,STES,STES,True,False,False
5246,False,0,0.0,STES,BRCA,STES,STES,True,False,False
5247,False,0,0.0,PCPG,BRCA,PCPG,BRCA,False,False,False
5248,False,0,0.0,STES,BRCA,STES,HNSC,False,False,False
5249,False,0,0.0,LAML,BRCA,LAML,KIRC,False,False,False
5250,False,0,0.0,SARC,BRCA,SARC,BRCA,False,False,False
5251,False,0,0.0,STES,BRCA,STES,STES,True,False,False
5252,False,0,0.0,LAML,BRCA,LAML,LAML,True,False,False
5253,False,0,0.0,HNSC,BRCA,HNSC,HNSC,True,False,False
5254,False,0,0.0,GBMLGG,BRCA,GBMLGG,GBMLGG,True,False,False
5255,True,1,1.0,GBMLGG,LGG,LGG,GBMLGG,True,False,True
5256,False,0,0.0,LUSC,BRCA,LUSC,LUSC,True,False,False
5257,False,0,0.0,BRCA,BRCA,BRCA,BRCA,True,False,False
5258,False,0,0.0,LGG,BRCA,LGG,LGG,True,False,False
5259,False,0,0.0,BLCA,BRCA,BLCA,BLCA,True,False,False
5260,False,0,0.0,LIHC,BRCA,LIHC,UCEC,False,False,False
5261,False,0,0.0,PCPG,BRCA,PCPG,THYM,False,False,False
5262,False,0,0.0,OV,BRCA,OV,OV,True,False,False
5263,True,1,1.0,LGG,LGG,LGG,GBMLGG,False,False,False
5264,False,0,0.0,OV,BRCA,OV,OV,True,False,False
5265,False,0,0.0,GBMLGG,BRCA,GBMLGG,GBMLGG,True,False,False
5266,False,0,0.0,OV,BRCA,OV,BRCA,False,False,False
5267,True,1,1.0,LGG,LGG,LGG,GBMLGG,False,False,False
5268,False,0,0.0,BRCA,BRCA,BRCA,BRCA,True,False,False
5269,True,1,1.0,BRCA,GBMLGG,GBMLGG,LGG,False,False,False
5270,False,0,0.0,STES,BRCA,STES,UCEC,False,False,False
5271,False,0,0.0,KIPAN,BRCA,KIPAN,KIPAN,True,False,False
5272,True,1,1.0,KIPAN,KIPAN,KIPAN,KIRC,False,False,False
5273,False,0,0.0,DLBC,BRCA,DLBC,DLBC,True,False,False
5274,False,0,0.0,OV,BRCA,OV,LUSC,False,False,False
5275,False,0,0.0,THCA,BRCA,THCA,SARC,False,False,False
5276,True,1,1.0,KIPAN,KIRC,KIPAN,KIPAN,True,False,True
5277,False,0,0.0,HNSC,BRCA,HNSC,ACC,False,False,False
5278,False,0,0.0,KIPAN,BRCA,KIPAN,HNSC,False,False,False
5279,False,0,0.0,THCA,BRCA,THCA,THCA,True,False,False
5280,False,0,0.0,KIRC,BRCA,KIRC,KIPAN,False,False,False
5281,False,0,0.0,HNSC,BRCA,HNSC,HNSC,True,False,False
5282,False,0,0.0,LUSC,BRCA,LUSC,LUAD,False,False,False
5283,False,0,0.0,PRAD,BRCA,PRAD,PRAD,True,False,False
5284,False,0,0.0,TGCT,BRCA,TGCT,TGCT,True,False,False
5285,False,0,0.0,OV,BRCA,OV,OV,True,False,False
5286,False,0,0.0,GBMLGG,BRCA,GBMLGG,SARC,False,False,False
5287,False,0,0.0,THCA,BRCA,THCA,THCA,True,False,False
5288,False,0,0.0,PAAD,BRCA,PAAD,COAD,False,False,False
5289,False,0,0.0,BRCA,BRCA,BRCA,BRCA,True,False,False
5290,True,1,1.0,KIPAN,KIRC,KIPAN,KIPAN,True,False,True
5291,False,0,0.0,THYM,BRCA,THYM,LAML,False,False,False
5292,False,0,0.0,BRCA,BRCA,BRCA,BRCA,True,False,False
5293,False,0,0.0,PCPG,BRCA,PCPG,UCEC,False,False,False
5294,False,0,0.0,COAD,BRCA,COAD,COAD,True,False,False
5295,False,0,0.0,LUSC,BRCA,LUSC,LUSC,True,False,False
5296,False,0,0.0,GBMLGG,BRCA,GBMLGG,GBMLGG,True,False,False
5297,False,0,0.0,THYM,BRCA,THYM,LAML,False,False,False
5298,True,14,1.0,THCA,THCA,THCA,THCA,True,False,False
5299,False,0,0.0,CESC,BRCA,CESC,BRCA,False,False,False
5300,False,0,0.0,BRCA,BRCA,BRCA,BRCA,True,False,False
5301,True,1,1.0,KIPAN,KIRC,KIPAN,KIPAN,True,False,True
5302,False,0,0.0,LAML,BRCA,LAML,LAML,True,False,False
5303,False,0,0.0,STES,BRCA,STES,GBMLGG,False,False,False
5304,False,0,0.0,PRAD,BRCA,PRAD,BRCA,False,False,False
5305,False,0,0.0,UCEC,BRCA,UCEC,STES,False,False,False
5306,True,1,1.0,KIPAN,KIPAN,KIPAN,KIRC,False,False,False
5307,False,0,0.0,CESC,BRCA,CESC,BRCA,False,False,False
5308,False,0,0.0,BRCA,BRCA,BRCA,BRCA,True,False,False
5309,False,0,0.0,HNSC,BRCA,HNSC,HNSC,True,False,False
5310,False,0,0.0,TGCT,BRCA,TGCT,KIPAN,False,False,False
5311,False,0,0.0,BRCA,BRCA,BRCA,LUAD,False,False,False
5312,False,0,0.0,PRAD,BRCA,PRAD,UCEC,False,False,False
5313,False,0,0.0,BRCA,BRCA,BRCA,BRCA,True,False,False
5314,False,0,0.0,COAD,BRCA,COAD,COAD,True,False,False
5315,False,0,0.0,KIPAN,BRCA,KIPAN,KIPAN,True,False,False
5316,False,0,0.0,KIRC,BRCA,KIRC,KIRC,True,False,False
5317,False,0,0.0,BRCA,BRCA,BRCA,SKCM,False,False,False
5318,False,0,0.0,BLCA,BRCA,BLCA,BLCA,True,False,False
5319,False,0,0.0,DLBC,BRCA,DLBC,DLBC,True,False,False
5320,False,0,0.0,TGCT,BRCA,TGCT,TGCT,True,False,False
5321,False,0,0.0,PRAD,BRCA,PRAD,PRAD,True,False,False
5322,False,0,0.0,PCPG,BRCA,PCPG,BRCA,False,False,False
5323,False,0,0.0,LGG,BRCA,LGG,LGG,True,False,False
5324,False,0,0.0,STES,BRCA,STES,STES,True,False,False
5325,False,0,0.0,KIPAN,BRCA,KIPAN,KIPAN,True,False,False
5326,True,1,1.0,GBMLGG,LGG,GBMLGG,GBMLGG,True,False,True
5327,False,0,0.0,HNSC,BRCA,HNSC,STES,False,False,False
5328,False,0,0.0,BRCA,BRCA,BRCA,BRCA,True,False,False
5329,False,0,0.0,LIHC,BRCA,LIHC,ACC,False,False,False
5330,False,0,0.0,SARC,BRCA,SARC,SARC,True,False,False
5331,False,0,0.0,PRAD,BRCA,PRAD,SARC,False,False,False
5332,False,0,0.0,BRCA,BRCA,BRCA,PCPG,False,False,False
5333,False,0,0.0,PCPG,BRCA,PCPG,THCA,False,False,False
5334,False,0,0.0,THCA,BRCA,THCA,THCA,True,False,False
5335,False,0,0.0,OV,BRCA,OV,OV,True,False,False
5336,False,0,0.0,LUSC,BRCA,LUSC,LUSC,True,False,False
5337,True,1,1.0,KIPAN,KIRC,KIPAN,KIPAN,True,False,True
5338,False,0,0.0,COAD,BRCA,COAD,COAD,True,False,False
5339,False,0,0.0,LUSC,BRCA,LUSC,LUSC,True,False,False
5340,False,0,0.0,UCEC,BRCA,UCEC,UCEC,True,False,False
5341,False,0,0.0,HNSC,BRCA,HNSC,GBMLGG,False,False,False
5342,False,0,0.0,STES,BRCA,STES,STES,True,False,False
5343,False,0,0.0,HNSC,BRCA,HNSC,SKCM,False,False,False
5344,False,0,0.0,SARC,BRCA,SARC,CESC,False,False,False
5345,False,0,0.0,THYM,BRCA,THYM,KIPAN,False,False,False
5346,False,0,0.0,OV,BRCA,OV,BRCA,False,False,False
5347,False,0,0.0,THCA,BRCA,THCA,THCA,True,False,False
5348,False,0,0.0,BRCA,BRCA,BRCA,BRCA,True,False,False
5349,False,0,0.0,GBMLGG,BRCA,GBMLGG,SARC,False,False,False
5350,True,1,1.0,KIRC,KIPAN,KIRC,KIRC,True,False,True
5351,False,0,0.0,PCPG,BRCA,PCPG,PCPG,True,False,False
5352,False,0,0.0,COAD,BRCA,COAD,COAD,True,False,False
5353,False,0,0.0,HNSC,BRCA,HNSC,HNSC,True,False,False
5354,False,0,0.0,THYM,BRCA,THYM,PRAD,False,False,False
5355,False,0,0.0,OV,BRCA,OV,BRCA,False,False,False
5356,False,0,0.0,LIHC,BRCA,LIHC,LIHC,True,False,False
5357,False,0,0.0,LGG,BRCA,LGG,GBMLGG,False,False,False
5358,False,0,0.0,PCPG,BRCA,PCPG,THCA,False,False,False
5359,False,0,0.0,LIHC,BRCA,LIHC,LIHC,True,False,False
5360,False,0,0.0,KIPAN,BRCA,KIPAN,KIRC,False,False,False
5361,False,0,0.0,LIHC,BRCA,LIHC,LIHC,True,False,False
5362,False,0,0.0,OV,BRCA,OV,UCEC,False,False,False
5363,False,0,0.0,LIHC,BRCA,LIHC,KIPAN,False,False,False
5364,False,0,0.0,TGCT,BRCA,TGCT,TGCT,True,False,False
5365,False,0,0.0,PRAD,BRCA,PRAD,TGCT,False,False,False
5366,False,0,0.0,DLBC,BRCA,DLBC,DLBC,True,False,False
5367,False,0,0.0,THCA,BRCA,THCA,THCA,True,False,False
5368,False,0,0.0,BRCA,BRCA,BRCA,BRCA,True,False,False
5369,False,0,0.0,OV,BRCA,OV,KIRC,False,False,False
5370,False,0,0.0,STES,BRCA,STES,STES,True,False,False
5371,False,0,0.0,BRCA,BRCA,BRCA,BRCA,True,False,False
5372,False,0,0.0,UCEC,BRCA,UCEC,UCEC,True,False,False
5373,False,0,0.0,PCPG,BRCA,PCPG,THCA,False,False,False
5374,False,0,0.0,HNSC,BRCA,HNSC,BRCA,False,False,False
5375,False,0,0.0,UCEC,BRCA,UCEC,COAD,False,False,False
5376,False,0,0.0,LUSC,BRCA,LUSC,HNSC,False,False,False
5377,False,0,0.0,SKCM,BRCA,SKCM,SKCM,True,False,False
5378,False,0,0.0,LIHC,BRCA,LIHC,KIPAN,False,False,False
5379,False,0,0.0,THYM,BRCA,THYM,THYM,True,False,False
5380,False,0,0.0,GBMLGG,BRCA,GBMLGG,GBMLGG,True,False,False
5381,False,0,0.0,KIRC,BRCA,KIRC,BRCA,False,False,False
5382,False,0,0.0,GBMLGG,BRCA,GBMLGG,GBMLGG,True,False,False
5383,False,0,0.0,UCEC,BRCA,UCEC,PRAD,False,False,False
5384,False,0,0.0,COAD,BRCA,COAD,COAD,True,False,False
5385,False,0,0.0,UCEC,BRCA,UCEC,LIHC,False,False,False
5386,False,0,0.0,SKCM,BRCA,SKCM,SKCM,True,False,False
5387,False,0,0.0,CESC,BRCA,CESC,BRCA,False,False,False
5388,False,0,0.0,LAML,BRCA,LAML,HNSC,False,False,False
5389,False,0,0.0,BRCA,BRCA,BRCA,PCPG,False,False,False
5390,True,1,1.0,KIPAN,KIRC,KIPAN,KIPAN,True,False,True
5391,True,1,1.0,KIPAN,KIRC,KIPAN,KIPAN,True,False,True
5392,False,0,0.0,BRCA,BRCA,BRCA,BRCA,True,False,False
5393,False,0,0.0,PAAD,BRCA,PAAD,PAAD,True,False,False
5394,False,0,0.0,LAML,BRCA,LAML,LAML,True,False,False
5395,False,0,0.0,LIHC,BRCA,LIHC,LIHC,True,False,False
5396,True,1,1.0,KIPAN,KIRC,KIPAN,KIPAN,True,False,True
5397,False,0,0.0,BRCA,BRCA,BRCA,CESC,False,False,False
5398,False,0,0.0,BRCA,BRCA,BRCA,BRCA,True,False,False
5399,False,0,0.0,HNSC,BRCA,HNSC,HNSC,True,False,False
5400,False,0,0.0,BRCA,BRCA,BRCA,BLCA,False,False,False
5401,False,0,0.0,OV,BRCA,OV,LUAD,False,False,False
5402,False,0,0.0,LUAD,BRCA,LUAD,LUSC,False,False,False
5403,False,0,0.0,LUAD,BRCA,LUAD,LUAD,True,False,False
5404,False,0,0.0,LGG,BRCA,LGG,GBMLGG,False,False,False
5405,False,0,0.0,SKCM,BRCA,SKCM,SKCM,True,False,False
5406,False,0,0.0,LAML,BRCA,LAML,LAML,True,False,False
5407,False,0,0.0,THCA,BRCA,THCA,THCA,True,False,False
5408,False,0,0.0,BRCA,BRCA,BRCA,BLCA,False,False,False
5409,False,0,0.0,PRAD,BRCA,PRAD,KIRC,False,False,False
5410,True,1,1.0,KIPAN,KIRC,KIPAN,KIPAN,True,False,True
5411,False,0,0.0,BRCA,BRCA,BRCA,PAAD,False,False,False
5412,True,1,1.0,KIPAN,KIRC,KIPAN,KIPAN,True,False,True
5413,False,0,0.0,BRCA,BRCA,BRCA,SARC,False,False,False
5414,False,0,0.0,LUSC,BRCA,LUSC,PRAD,False,False,False
5415,False,0,0.0,BLCA,BRCA,BLCA,HNSC,False,False,False
5416,False,0,0.0,PAAD,BRCA,PAAD,LUAD,False,False,False
5417,False,0,0.0,THCA,BRCA,THCA,THCA,True,False,False
5418,False,0,0.0,LGG,BRCA,LGG,GBMLGG,False,False,False
5419,False,0,0.0,THCA,BRCA,THCA,THCA,True,False,False
5420,False,0,0.0,THCA,BRCA,THCA,THCA,True,False,False
5421,False,0,0.0,LIHC,BRCA,LIHC,LIHC,True,False,False
5422,True,1,1.0,KIPAN,KIRC,KIPAN,KIPAN,True,False,True
5423,False,0,0.0,COAD,BRCA,COAD,STES,False,False,False
5424,False,0,0.0,BRCA,BRCA,BRCA,GBMLGG,False,False,False
5425,False,0,0.0,UCEC,BRCA,UCEC,UCEC,True,False,False
5426,False,0,0.0,LUAD,BRCA,LUAD,SARC,False,False,False
5427,False,0,0.0,THYM,BRCA,THYM,LAML,False,False,False
5428,False,0,0.0,SKCM,BRCA,SKCM,SKCM,True,False,False
5429,False,0,0.0,ACC,BRCA,ACC,ACC,True,False,False
5430,False,0,0.0,KIPAN,BRCA,KIPAN,OV,False,False,False
5431,False,0,0.0,PRAD,BRCA,PRAD,SARC,False,False,False
5432,False,0,0.0,TGCT,BRCA,TGCT,GBMLGG,False,False,False
5433,True,1,1.0,KIRC,KIPAN,KIRC,KIPAN,False,True,False
5434,False,0,0.0,KIRC,BRCA,KIRC,KIRC,True,False,False
5435,True,1,1.0,KIRC,KIPAN,KIRC,KIRC,True,False,True
5436,False,0,0.0,PRAD,BRCA,PRAD,HNSC,False,False,False
5437,False,0,0.0,SARC,BRCA,SARC,BRCA,False,False,False
5438,False,0,0.0,LIHC,BRCA,LIHC,LIHC,True,False,False
5439,False,0,0.0,STES,BRCA,STES,LUAD,False,False,False
5440,False,0,0.0,PRAD,BRCA,PRAD,PRAD,True,False,False
5441,False,0,0.0,KIRC,BRCA,KIRC,KIPAN,False,False,False
5442,False,0,0.0,OV,BRCA,OV,SARC,False,False,False
5443,False,0,0.0,HNSC,BRCA,HNSC,BLCA,False,False,False
5444,False,0,0.0,STES,BRCA,STES,OV,False,False,False
5445,True,1,1.0,KIRC,KIRC,KIRC,KIPAN,False,False,False
5446,False,0,0.0,SKCM,BRCA,SKCM,SKCM,True,False,False
5447,False,0,0.0,KIPAN,BRCA,KIPAN,BRCA,False,False,False
5448,False,0,0.0,PCPG,BRCA,PCPG,PRAD,False,False,False
5449,False,0,0.0,KIPAN,BRCA,KIPAN,KIPAN,True,False,False
5450,False,0,0.0,SKCM,BRCA,SKCM,SKCM,True,False,False
5451,False,0,0.0,HNSC,BRCA,HNSC,PAAD,False,False,False
5452,False,0,0.0,STES,BRCA,STES,STES,True,False,False
5453,False,0,0.0,KIRC,BRCA,KIRC,KIRC,True,False,False
5454,False,0,0.0,ACC,BRCA,ACC,ACC,True,False,False
5455,False,0,0.0,CESC,BRCA,CESC,STES,False,False,False
5456,False,0,0.0,STES,BRCA,STES,KIPAN,False,False,False
5457,False,0,0.0,GBMLGG,BRCA,GBMLGG,LGG,False,False,False
5458,False,0,0.0,LUSC,BRCA,LUSC,OV,False,False,False
5459,True,1,1.0,KIRC,KIPAN,KIRC,KIRC,True,False,True
5460,False,0,0.0,STES,BRCA,STES,STES,True,False,False
5461,False,0,0.0,STES,BRCA,STES,STES,True,False,False
5462,False,0,0.0,SARC,BRCA,SARC,OV,False,False,False
5463,False,0,0.0,BRCA,BRCA,BRCA,BRCA,True,False,False
5464,False,0,0.0,PRAD,BRCA,PRAD,PRAD,True,False,False
5465,False,0,0.0,KIRC,BRCA,KIRC,KIPAN,False,False,False
5466,False,0,0.0,PRAD,BRCA,PRAD,PRAD,True,False,False
5467,False,0,0.0,PCPG,BRCA,PCPG,LUAD,False,False,False
5468,True,1,1.0,KIRC,KIPAN,KIRC,KIRC,True,False,True
5469,False,0,0.0,BRCA,BRCA,BRCA,BRCA,True,False,False
5470,False,0,0.0,GBMLGG,BRCA,GBMLGG,GBMLGG,True,False,False
5471,False,0,0.0,BRCA,BRCA,BRCA,BRCA,True,False,False
5472,False,0,0.0,SKCM,BRCA,SKCM,SKCM,True,False,False
5473,False,0,0.0,PAAD,BRCA,PAAD,PAAD,True,False,False
5474,False,0,0.0,HNSC,BRCA,HNSC,STES,False,False,False
5475,True,1,1.0,KIPAN,KIRC,KIPAN,KIPAN,True,False,True
5476,False,0,0.0,OV,BRCA,OV,BRCA,False,False,False
5477,False,0,0.0,LUSC,BRCA,LUSC,LUSC,True,False,False
5478,False,0,0.0,KIRC,BRCA,KIRC,KIRC,True,False,False
5479,False,0,0.0,LGG,BRCA,LGG,LGG,True,False,False
5480,False,0,0.0,COAD,BRCA,COAD,COAD,True,False,False
5481,False,0,0.0,GBMLGG,BRCA,GBMLGG,LGG,False,False,False
5482,True,1,1.0,KIRC,KIPAN,KIRC,KIRC,True,False,True
5483,False,0,0.0,GBMLGG,BRCA,GBMLGG,GBMLGG,True,False,False
5484,True,1,1.0,KIRC,KIPAN,KIPAN,KIRC,True,False,True
5485,False,0,0.0,OV,BRCA,OV,OV,True,False,False
5486,False,0,0.0,HNSC,BRCA,HNSC,LUSC,False,False,False
5487,False,0,0.0,GBMLGG,BRCA,GBMLGG,GBMLGG,True,False,False
5488,False,0,0.0,BRCA,BRCA,BRCA,BRCA,True,False,False
5489,False,0,0.0,UCEC,BRCA,UCEC,UCEC,True,False,False
5490,False,0,0.0,BRCA,BRCA,BRCA,BRCA,True,False,False
5491,False,0,0.0,SARC,BRCA,SARC,BRCA,False,False,False
5492,True,1,1.0,LGG,LGG,LGG,GBMLGG,False,False,False
5493,False,0,0.0,THCA,BRCA,THCA,THCA,True,False,False
5494,False,0,0.0,UCEC,BRCA,UCEC,UCEC,True,False,False
5495,False,0,0.0,SKCM,BRCA,SKCM,SKCM,True,False,False
5496,False,0,0.0,KIPAN,BRCA,KIPAN,LIHC,False,False,False
5497,False,0,0.0,BLCA,BRCA,BLCA,BLCA,True,False,False
5498,False,0,0.0,GBMLGG,BRCA,GBMLGG,BRCA,False,False,False
5499,False,0,0.0,OV,BRCA,OV,SARC,False,False,False
5500,False,0,0.0,UCEC,BRCA,UCEC,UCEC,True,False,False
5501,False,0,0.0,BRCA,BRCA,BRCA,PRAD,False,False,False
5502,False,0,0.0,LUSC,BRCA,LUSC,LIHC,False,False,False
5503,False,0,0.0,COAD,BRCA,COAD,COAD,True,False,False
5504,True,1,1.0,KIPAN,KIPAN,KIPAN,KIRC,False,False,False
5505,False,0,0.0,OV,BRCA,OV,PRAD,False,False,False
5506,False,0,0.0,STES,BRCA,STES,STES,True,False,False
5507,False,0,0.0,LUAD,BRCA,LUAD,LUAD,True,False,False
5508,True,14,1.0,THCA,THCA,THCA,THCA,True,False,False
5509,False,0,0.0,UCEC,BRCA,UCEC,UCEC,True,False,False
5510,False,0,0.0,PRAD,BRCA,PRAD,THCA,False,False,False
5511,False,0,0.0,PRAD,BRCA,PRAD,PRAD,True,False,False
5512,False,0,0.0,GBMLGG,BRCA,GBMLGG,GBMLGG,True,False,False
5513,False,0,0.0,BRCA,BRCA,BRCA,SARC,False,False,False
5514,False,0,0.0,HNSC,BRCA,HNSC,HNSC,True,False,False
5515,False,0,0.0,LIHC,BRCA,LIHC,KIPAN,False,False,False
5516,False,0,0.0,THYM,BRCA,THYM,SARC,False,False,False
5517,False,0,0.0,CESC,BRCA,CESC,HNSC,False,False,False
5518,False,0,0.0,PCPG,BRCA,PCPG,THCA,False,False,False
5519,False,0,0.0,BRCA,BRCA,BRCA,BRCA,True,False,False
5520,False,0,0.0,PAAD,BRCA,PAAD,PAAD,True,False,False
5521,False,0,0.0,BRCA,BRCA,BRCA,SARC,False,False,False
5522,False,0,0.0,OV,BRCA,OV,PAAD,False,False,False
5523,False,0,0.0,COAD,BRCA,COAD,UCEC,False,False,False
5524,True,1,1.0,KIRC,KIPAN,KIRC,KIRC,True,False,True
5525,False,0,0.0,PCPG,BRCA,PCPG,THYM,False,False,False
5526,False,0,0.0,GBMLGG,BRCA,GBMLGG,LGG,False,False,False
5527,False,0,0.0,PRAD,BRCA,PRAD,BRCA,False,False,False
5528,False,0,0.0,SARC,BRCA,SARC,GBMLGG,False,False,False
5529,False,0,0.0,THYM,BRCA,THYM,THYM,True,False,False
5530,False,0,0.0,UCEC,BRCA,UCEC,UCEC,True,False,False
5531,False,0,0.0,HNSC,BRCA,HNSC,HNSC,True,False,False
5532,False,0,0.0,BRCA,BRCA,BRCA,BRCA,True,False,False
5533,False,0,0.0,THCA,BRCA,THCA,THCA,True,False,False
5534,False,0,0.0,STES,BRCA,STES,STES,True,False,False
5535,True,1,1.0,KIRC,KIPAN,KIRC,KIRC,True,False,True
5536,False,0,0.0,BRCA,BRCA,BRCA,BRCA,True,False,False
5537,False,0,0.0,LGG,BRCA,LGG,GBMLGG,False,False,False
5538,False,0,0.0,BRCA,BRCA,BRCA,BRCA,True,False,False
5539,False,0,0.0,OV,BRCA,OV,SARC,False,False,False
5540,False,0,0.0,BRCA,BRCA,BRCA,SARC,False,False,False
5541,False,0,0.0,COAD,BRCA,COAD,COAD,True,False,False
5542,False,0,0.0,STES,BRCA,STES,UCEC,False,False,False
5543,False,0,0.0,LUAD,BRCA,LUAD,STES,False,False,False
5544,False,0,0.0,UCEC,BRCA,UCEC,UCEC,True,False,False
5545,True,1,1.0,LGG,GBMLGG,LGG,LGG,True,False,True
5546,False,0,0.0,GBMLGG,BRCA,GBMLGG,GBMLGG,True,False,False
5547,False,0,0.0,BRCA,BRCA,BRCA,BRCA,True,False,False
5548,False,0,0.0,UCEC,BRCA,UCEC,UCEC,True,False,False
5549,False,0,0.0,PCPG,BRCA,PCPG,PRAD,False,False,False
5550,False,0,0.0,CESC,BRCA,CESC,CESC,True,False,False
5551,False,0,0.0,BRCA,BRCA,BRCA,BRCA,True,False,False
5552,False,0,0.0,KIRC,BRCA,KIRC,KIPAN,False,False,False
5553,False,0,0.0,SKCM,BRCA,SKCM,SKCM,True,False,False
5554,False,0,0.0,GBMLGG,BRCA,GBMLGG,GBMLGG,True,False,False
5555,False,0,0.0,SKCM,BRCA,SKCM,THCA,False,False,False
5556,True,1,1.0,GBMLGG,LGG,GBMLGG,GBMLGG,True,False,True
5557,True,1,1.0,GBMLGG,GBMLGG,GBMLGG,LGG,False,False,False
5558,True,1,1.0,KIPAN,KIRC,KIPAN,KIPAN,True,False,True
5559,False,0,0.0,LUSC,BRCA,LUSC,LUAD,False,False,False
5560,False,0,0.0,UCEC,BRCA,UCEC,UCEC,True,False,False
5561,False,0,0.0,PRAD,BRCA,PRAD,PRAD,True,False,False
5562,False,0,0.0,COAD,BRCA,COAD,ACC,False,False,False
5563,False,0,0.0,LUAD,BRCA,LUAD,LUAD,True,False,False
5564,False,0,0.0,SARC,BRCA,SARC,SARC,True,False,False
5565,False,0,0.0,GBMLGG,BRCA,GBMLGG,GBMLGG,True,False,False
5566,False,0,0.0,CESC,BRCA,CESC,BLCA,False,False,False
5567,False,0,0.0,ACC,BRCA,ACC,ACC,True,False,False
5568,False,0,0.0,KIPAN,BRCA,KIPAN,KIRC,False,False,False
5569,False,0,0.0,LUSC,BRCA,LUSC,OV,False,False,False
5570,False,0,0.0,STES,BRCA,STES,STES,True,False,False
5571,False,0,0.0,BRCA,BRCA,BRCA,UCEC,False,False,False
5572,False,0,0.0,LUSC,BRCA,LUSC,HNSC,False,False,False
5573,False,0,0.0,OV,BRCA,OV,BRCA,False,False,False
5574,False,0,0.0,LAML,BRCA,LAML,LAML,True,False,False
5575,False,0,0.0,STES,BRCA,STES,STES,True,False,False
5576,True,1,1.0,KIPAN,KIRC,KIPAN,KIPAN,True,False,True
5577,False,0,0.0,PRAD,BRCA,PRAD,PRAD,True,False,False
5578,True,1,1.0,LGG,GBMLGG,LGG,LGG,True,False,True
5579,False,0,0.0,LUAD,BRCA,LUAD,LUAD,True,False,False
5580,False,0,0.0,KIPAN,BRCA,KIPAN,STES,False,False,False
5581,False,0,0.0,GBMLGG,BRCA,GBMLGG,BRCA,False,False,False
5582,False,0,0.0,TGCT,BRCA,TGCT,TGCT,True,False,False
5583,False,0,0.0,BRCA,BRCA,BRCA,BRCA,True,False,False
5584,False,0,0.0,OV,BRCA,OV,BRCA,False,False,False
5585,False,0,0.0,STES,BRCA,STES,BRCA,False,False,False
5586,False,0,0.0,OV,BRCA,OV,OV,True,False,False
5587,True,1,1.0,LGG,GBMLGG,LGG,LGG,True,False,True
5588,False,0,0.0,GBMLGG,BRCA,GBMLGG,LGG,False,False,False
5589,False,0,0.0,SARC,BRCA,SARC,PRAD,False,False,False
5590,False,0,0.0,SARC,BRCA,SARC,PRAD,False,False,False
5591,False,0,0.0,KIPAN,BRCA,KIPAN,SARC,False,False,False
5592,False,0,0.0,KIPAN,BRCA,KIPAN,BRCA,False,False,False
5593,False,0,0.0,GBMLGG,BRCA,GBMLGG,DLBC,False,False,False
5594,False,0,0.0,BRCA,BRCA,BRCA,BRCA,True,False,False
5595,False,0,0.0,KIPAN,BRCA,KIPAN,OV,False,False,False
5596,False,0,0.0,PCPG,BRCA,PCPG,COAD,False,False,False
5597,False,0,0.0,STES,BRCA,STES,STES,True,False,False
5598,True,1,1.0,PCPG,KIPAN,PCPG,KIRC,False,False,False
5599,False,0,0.0,OV,BRCA,OV,PAAD,False,False,False
5600,False,0,0.0,GBMLGG,BRCA,GBMLGG,GBMLGG,True,False,False
5601,False,0,0.0,SARC,BRCA,SARC,BRCA,False,False,False
5602,False,0,0.0,LUSC,BRCA,LUSC,LUSC,True,False,False
5603,False,0,0.0,PRAD,BRCA,PRAD,THCA,False,False,False
5604,False,0,0.0,STES,BRCA,STES,STES,True,False,False
5605,False,0,0.0,BRCA,BRCA,BRCA,UCEC,False,False,False
5606,False,0,0.0,LUSC,BRCA,LUSC,LUSC,True,False,False
5607,False,0,0.0,GBMLGG,BRCA,GBMLGG,LGG,False,False,False
5608,False,0,0.0,LAML,BRCA,LAML,LAML,True,False,False
5609,False,0,0.0,TGCT,BRCA,TGCT,TGCT,True,False,False
5610,False,0,0.0,COAD,BRCA,COAD,COAD,True,False,False
5611,False,0,0.0,PAAD,BRCA,PAAD,PAAD,True,False,False
5612,False,0,0.0,COAD,BRCA,COAD,COAD,True,False,False
5613,False,0,0.0,BRCA,BRCA,BRCA,STES,False,False,False
5614,False,0,0.0,BRCA,BRCA,BRCA,BRCA,True,False,False
5615,True,1,1.0,KIPAN,KIRC,KIPAN,KIPAN,True,False,True
5616,True,1,1.0,KIPAN,KIRC,KIPAN,KIPAN,True,False,True
5617,False,0,0.0,STES,BRCA,STES,KIPAN,False,False,False
5618,False,0,0.0,PCPG,BRCA,PCPG,THCA,False,False,False
5619,False,0,0.0,HNSC,BRCA,HNSC,STES,False,False,False
5620,False,0,0.0,PRAD,BRCA,PRAD,BRCA,False,False,False
5621,False,0,0.0,THCA,BRCA,THCA,THCA,True,False,False
5622,False,0,0.0,LUAD,BRCA,LUAD,STES,False,False,False
5623,True,1,1.0,KIPAN,KIRC,KIPAN,KIPAN,True,False,True
5624,False,0,0.0,STES,BRCA,STES,STES,True,False,False
5625,False,0,0.0,THYM,BRCA,THYM,THCA,False,False,False
5626,True,1,1.0,KIPAN,KIPAN,KIPAN,KIRC,False,False,False
5627,False,0,0.0,LUSC,BRCA,LUSC,HNSC,False,False,False
5628,False,0,0.0,LUSC,BRCA,LUSC,LUAD,False,False,False
5629,False,0,0.0,LIHC,BRCA,LIHC,LIHC,True,False,False
5630,False,0,0.0,THCA,BRCA,THCA,THCA,True,False,False
5631,True,1,1.0,KIRC,KIRC,KIRC,KIPAN,False,False,False
5632,False,0,0.0,CESC,BRCA,CESC,HNSC,False,False,False
5633,False,0,0.0,THCA,BRCA,THCA,THCA,True,False,False
5634,False,0,0.0,TGCT,BRCA,TGCT,TGCT,True,False,False
5635,False,0,0.0,BRCA,BRCA,BRCA,BRCA,True,False,False
5636,True,1,1.0,KIPAN,KIRC,KIPAN,KIPAN,True,False,True
5637,False,0,0.0,STES,BRCA,STES,OV,False,False,False
5638,False,0,0.0,PRAD,BRCA,PRAD,BRCA,False,False,False
5639,True,14,1.0,THCA,THCA,THCA,THCA,True,False,False
5640,False,0,0.0,PRAD,BRCA,PRAD,PRAD,True,False,False
5641,False,0,0.0,LUSC,BRCA,LUSC,LUSC,True,False,False
5642,False,0,0.0,SKCM,BRCA,SKCM,SKCM,True,False,False
5643,False,0,0.0,BRCA,BRCA,BRCA,SARC,False,False,False
5644,False,0,0.0,KIPAN,BRCA,KIPAN,COAD,False,False,False
5645,True,1,1.0,KIPAN,KIRC,KIPAN,KIPAN,True,False,True
5646,False,0,0.0,TGCT,BRCA,TGCT,TGCT,True,False,False
5647,False,0,0.0,LGG,BRCA,LGG,LGG,True,False,False
5648,False,0,0.0,THYM,BRCA,THYM,THYM,True,False,False
5649,False,0,0.0,GBMLGG,BRCA,GBMLGG,GBMLGG,True,False,False
5650,False,0,0.0,PRAD,BRCA,PRAD,PRAD,True,False,False
5651,False,0,0.0,BRCA,BRCA,BRCA,LUAD,False,False,False
5652,False,0,0.0,STES,BRCA,STES,STES,True,False,False
5653,False,0,0.0,LIHC,BRCA,LIHC,KIPAN,False,False,False
5654,False,0,0.0,LGG,BRCA,LGG,LIHC,False,False,False
5655,False,0,0.0,PAAD,BRCA,PAAD,HNSC,False,False,False
5656,False,0,0.0,LGG,BRCA,LGG,GBMLGG,False,False,False
5657,False,0,0.0,LGG,BRCA,LGG,GBMLGG,False,False,False
5658,True,1,1.0,KIPAN,KIRC,KIPAN,KIPAN,True,False,True
5659,False,0,0.0,UCEC,BRCA,UCEC,UCEC,True,False,False
5660,False,0,0.0,SKCM,BRCA,SKCM,SKCM,True,False,False
5661,False,0,0.0,STES,BRCA,STES,LIHC,False,False,False
5662,False,0,0.0,HNSC,BRCA,HNSC,HNSC,True,False,False
5663,False,0,0.0,GBMLGG,BRCA,GBMLGG,GBMLGG,True,False,False
5664,False,0,0.0,BRCA,BRCA,BRCA,BRCA,True,False,False
5665,False,0,0.0,PAAD,BRCA,PAAD,BRCA,False,False,False
5666,False,0,0.0,BRCA,BRCA,BRCA,BRCA,True,False,False
5667,False,0,0.0,PAAD,BRCA,PAAD,STES,False,False,False
5668,True,1,1.0,KIPAN,KIRC,KIRC,KIPAN,True,False,True
5669,False,0,0.0,HNSC,BRCA,HNSC,STES,False,False,False
5670,False,0,0.0,BRCA,BRCA,BRCA,BRCA,True,False,False
5671,False,0,0.0,THYM,BRCA,THYM,PRAD,False,False,False
5672,False,0,0.0,GBMLGG,BRCA,GBMLGG,BRCA,False,False,False
5673,False,0,0.0,LUAD,BRCA,LUAD,LUAD,True,False,False
5674,False,0,0.0,HNSC,BRCA,HNSC,HNSC,True,False,False
5675,False,0,0.0,BRCA,BRCA,BRCA,BRCA,True,False,False
5676,True,1,1.0,LGG,GBMLGG,LGG,LGG,True,False,True
5677,True,1,1.0,KIPAN,KIRC,KIPAN,KIPAN,True,False,True
5678,False,0,0.0,UCEC,BRCA,UCEC,UCEC,True,False,False
5679,False,0,0.0,LUSC,BRCA,LUSC,STES,False,False,False
5680,False,0,0.0,HNSC,BRCA,HNSC,LUSC,False,False,False
5681,False,0,0.0,TGCT,BRCA,TGCT,TGCT,True,False,False
5682,False,0,0.0,LUSC,BRCA,LUSC,LUAD,False,False,False
5683,False,0,0.0,COAD,BRCA,COAD,UCEC,False,False,False
5684,False,0,0.0,HNSC,BRCA,HNSC,THYM,False,False,False
5685,False,0,0.0,BRCA,BRCA,BRCA,BRCA,True,False,False
5686,False,0,0.0,BRCA,BRCA,BRCA,BRCA,True,False,False
5687,True,1,1.0,GBMLGG,LGG,LGG,GBMLGG,True,False,True
5688,False,0,0.0,ACC,BRCA,ACC,KIPAN,False,False,False
5689,False,0,0.0,HNSC,BRCA,HNSC,BLCA,False,False,False
5690,False,0,0.0,CESC,BRCA,CESC,CESC,True,False,False
5691,False,0,0.0,LAML,BRCA,LAML,LGG,False,False,False
5692,True,1,1.0,KIPAN,KIRC,KIPAN,KIPAN,True,False,True
5693,False,0,0.0,OV,BRCA,OV,BRCA,False,False,False
5694,False,0,0.0,PCPG,BRCA,PCPG,PCPG,True,False,False
5695,False,0,0.0,BRCA,BRCA,BRCA,BRCA,True,False,False
5696,False,0,0.0,BRCA,BRCA,BRCA,BRCA,True,False,False
5697,False,0,0.0,PRAD,BRCA,PRAD,PRAD,True,False,False
5698,False,0,0.0,LAML,BRCA,LAML,LAML,True,False,False
5699,False,0,0.0,HNSC,BRCA,HNSC,HNSC,True,False,False
5700,False,0,0.0,KIPAN,BRCA,KIPAN,TGCT,False,False,False
5701,False,0,0.0,LUAD,BRCA,LUAD,LUAD,True,False,False
5702,False,0,0.0,TGCT,BRCA,TGCT,TGCT,True,False,False
5703,True,1,1.0,KIRC,KIPAN,KIRC,KIRC,True,False,True
5704,False,0,0.0,PRAD,BRCA,PRAD,PRAD,True,False,False
5705,False,0,0.0,UCEC,BRCA,UCEC,UCEC,True,False,False
5706,False,0,0.0,SKCM,BRCA,SKCM,SKCM,True,False,False
5707,False,0,0.0,SKCM,BRCA,SKCM,SKCM,True,False,False
5708,False,0,0.0,THYM,BRCA,THYM,LAML,False,False,False
5709,False,0,0.0,CESC,BRCA,CESC,BRCA,False,False,False
5710,False,0,0.0,OV,BRCA,OV,OV,True,False,False
5711,False,0,0.0,KIPAN,BRCA,KIPAN,KIPAN,True,False,False
5712,False,0,0.0,KIPAN,BRCA,KIPAN,KIRC,False,False,False
5713,False,0,0.0,BRCA,BRCA,BRCA,THCA,False,False,False
5714,False,0,0.0,SKCM,BRCA,SKCM,SKCM,True,False,False
5715,False,0,0.0,BRCA,BRCA,BRCA,BRCA,True,False,False
5716,False,0,0.0,BRCA,BRCA,BRCA,THCA,False,False,False
5717,False,0,0.0,BRCA,BRCA,BRCA,BLCA,False,False,False
5718,False,0,0.0,PRAD,BRCA,PRAD,BRCA,False,False,False
5719,False,0,0.0,PRAD,BRCA,PRAD,OV,False,False,False
5720,False,0,0.0,STES,BRCA,STES,STES,True,False,False
5721,False,0,0.0,SARC,BRCA,SARC,STES,False,False,False
5722,False,0,0.0,PRAD,BRCA,PRAD,SARC,False,False,False
5723,False,0,0.0,LAML,BRCA,LAML,LAML,True,False,False
5724,False,0,0.0,STES,BRCA,STES,HNSC,False,False,False
5725,False,0,0.0,TGCT,BRCA,TGCT,TGCT,True,False,False
5726,False,0,0.0,THCA,BRCA,THCA,THCA,True,False,False
5727,False,0,0.0,THCA,BRCA,THCA,THCA,True,False,False
5728,True,1,1.0,KIPAN,KIRC,KIPAN,KIPAN,True,False,True
5729,False,0,0.0,HNSC,BRCA,HNSC,HNSC,True,False,False
5730,False,0,0.0,THYM,BRCA,THYM,THYM,True,False,False
5731,False,0,0.0,LGG,BRCA,LGG,STES,False,False,False
5732,False,0,0.0,SKCM,BRCA,SKCM,SKCM,True,False,False
5733,False,0,0.0,SARC,BRCA,SARC,BRCA,False,False,False
5734,False,0,0.0,THCA,BRCA,THCA,THCA,True,False,False
5735,False,0,0.0,PRAD,BRCA,PRAD,PCPG,False,False,False
5736,False,0,0.0,BRCA,BRCA,BRCA,STES,False,False,False
5737,False,0,0.0,BRCA,BRCA,BRCA,KIRC,False,False,False
5738,False,0,0.0,OV,BRCA,OV,OV,True,False,False
5739,False,0,0.0,PCPG,BRCA,PCPG,PCPG,True,False,False
5740,False,0,0.0,PRAD,BRCA,PRAD,PCPG,False,False,False
5741,False,0,0.0,GBMLGG,BRCA,GBMLGG,LGG,False,False,False
5742,False,0,0.0,TGCT,BRCA,TGCT,TGCT,True,False,False
5743,False,0,0.0,THCA,BRCA,THCA,THCA,True,False,False
5744,False,0,0.0,SKCM,BRCA,SKCM,SKCM,True,False,False
5745,False,0,0.0,BRCA,BRCA,BRCA,BRCA,True,False,False
5746,False,0,0.0,LGG,BRCA,LGG,GBMLGG,False,False,False
5747,False,0,0.0,PRAD,BRCA,PRAD,LAML,False,False,False
5748,False,0,0.0,SKCM,BRCA,SKCM,LUSC,False,False,False
5749,False,0,0.0,THYM,BRCA,THYM,PAAD,False,False,False
5750,False,0,0.0,KIPAN,BRCA,KIPAN,KIPAN,True,False,False
5751,False,0,0.0,LGG,BRCA,LGG,GBMLGG,False,False,False
5752,False,0,0.0,PRAD,BRCA,PRAD,KIPAN,False,False,False
5753,True,1,1.0,LGG,GBMLGG,LGG,LGG,True,False,True
5754,False,0,0.0,CESC,BRCA,CESC,LUSC,False,False,False
5755,True,1,1.0,GBMLGG,LGG,GBMLGG,GBMLGG,True,False,True
5756,False,0,0.0,BRCA,BRCA,BRCA,CESC,False,False,False
5757,False,0,0.0,KIPAN,BRCA,KIPAN,KIPAN,True,False,False
5758,False,0,0.0,OV,BRCA,OV,BRCA,False,False,False
5759,False,0,0.0,SKCM,BRCA,SKCM,SKCM,True,False,False
5760,False,0,0.0,OV,BRCA,OV,SARC,False,False,False
5761,True,1,1.0,GBMLGG,LGG,GBMLGG,GBMLGG,True,False,True
5762,False,0,0.0,OV,BRCA,OV,BRCA,False,False,False
5763,False,0,0.0,LGG,BRCA,LGG,LGG,True,False,False
5764,False,0,0.0,STES,BRCA,STES,STES,True,False,False
5765,False,0,0.0,KIRC,BRCA,KIRC,OV,False,False,False
5766,False,0,0.0,LUSC,BRCA,LUSC,LUSC,True,False,False
5767,False,0,0.0,KIRC,BRCA,KIRC,KIRC,True,False,False
5768,False,0,0.0,LUSC,BRCA,LUSC,LUAD,False,False,False
5769,False,0,0.0,BRCA,BRCA,BRCA,BRCA,True,False,False
5770,True,1,1.0,KIPAN,KIRC,KIPAN,KIPAN,True,False,True
5771,False,0,0.0,PCPG,BRCA,PCPG,PCPG,True,False,False
5772,False,0,0.0,TGCT,BRCA,TGCT,TGCT,True,False,False
5773,True,1,1.0,KIRC,KIPAN,KIRC,KIRC,True,False,True
5774,False,0,0.0,THCA,BRCA,THCA,THCA,True,False,False
5775,False,0,0.0,OV,BRCA,OV,PAAD,False,False,False
5776,False,0,0.0,LAML,BRCA,LAML,LAML,True,False,False
5777,False,0,0.0,COAD,BRCA,COAD,COAD,True,False,False
5778,False,0,0.0,COAD,BRCA,COAD,COAD,True,False,False
5779,False,0,0.0,LGG,BRCA,LGG,GBMLGG,False,False,False
5780,False,0,0.0,LIHC,BRCA,LIHC,KIPAN,False,False,False
5781,False,0,0.0,KIPAN,BRCA,KIPAN,THCA,False,False,False
5782,False,0,0.0,STES,BRCA,STES,STES,True,False,False
5783,False,0,0.0,OV,BRCA,OV,BRCA,False,False,False
5784,False,0,0.0,LGG,BRCA,LGG,LGG,True,False,False
5785,False,0,0.0,SKCM,BRCA,SKCM,SKCM,True,False,False
5786,False,0,0.0,PAAD,BRCA,PAAD,PAAD,True,False,False
5787,False,0,0.0,LGG,BRCA,LGG,LGG,True,False,False
5788,False,0,0.0,COAD,BRCA,COAD,COAD,True,False,False
5789,False,0,0.0,SKCM,BRCA,SKCM,SKCM,True,False,False
5790,False,0,0.0,CESC,BRCA,CESC,BRCA,False,False,False
5791,False,0,0.0,GBMLGG,BRCA,GBMLGG,LUAD,False,False,False
5792,False,0,0.0,LIHC,BRCA,LIHC,LIHC,True,False,False
5793,False,0,0.0,KIRC,BRCA,KIRC,KIPAN,False,False,False
5794,False,0,0.0,STES,BRCA,STES,STES,True,False,False
5795,False,0,0.0,BRCA,BRCA,BRCA,BRCA,True,False,False
5796,True,1,1.0,KIRC,KIPAN,KIRC,KIRC,True,False,True
5797,False,0,0.0,SARC,BRCA,SARC,SARC,True,False,False
5798,False,0,0.0,THYM,BRCA,THYM,SARC,False,False,False
5799,False,0,0.0,UCEC,BRCA,UCEC,UCEC,True,False,False
5800,False,0,0.0,TGCT,BRCA,TGCT,TGCT,True,False,False
5801,False,0,0.0,CESC,BRCA,CESC,KIPAN,False,False,False
5802,False,0,0.0,PAAD,BRCA,PAAD,STES,False,False,False
5803,False,0,0.0,LGG,BRCA,LGG,GBMLGG,False,False,False
5804,False,0,0.0,THYM,BRCA,THYM,THYM,True,False,False
5805,False,0,0.0,PCPG,BRCA,PCPG,PCPG,True,False,False
5806,False,0,0.0,OV,BRCA,OV,BRCA,False,False,False
5807,False,0,0.0,CESC,BRCA,CESC,HNSC,False,False,False
5808,False,0,0.0,BRCA,BRCA,BRCA,BRCA,True,False,False
5809,False,0,0.0,UCEC,BRCA,UCEC,UCEC,True,False,False
5810,False,0,0.0,LGG,BRCA,LGG,GBMLGG,False,False,False
5811,False,0,0.0,OV,BRCA,OV,OV,True,False,False
5812,False,0,0.0,BRCA,BRCA,BRCA,PRAD,False,False,False
5813,False,0,0.0,TGCT,BRCA,TGCT,TGCT,True,False,False
5814,False,0,0.0,STES,BRCA,STES,COAD,False,False,False
5815,False,0,0.0,GBMLGG,BRCA,GBMLGG,HNSC,False,False,False
5816,False,0,0.0,PRAD,BRCA,PRAD,LAML,False,False,False
5817,True,1,1.0,GBMLGG,LGG,GBMLGG,GBMLGG,True,False,True
5818,False,0,0.0,SKCM,BRCA,SKCM,SKCM,True,False,False
5819,False,0,0.0,KIPAN,BRCA,KIPAN,SKCM,False,False,False
5820,False,0,0.0,KIRC,BRCA,KIRC,OV,False,False,False
5821,False,0,0.0,SKCM,BRCA,SKCM,SKCM,True,False,False
5822,False,0,0.0,SARC,BRCA,SARC,OV,False,False,False
5823,False,0,0.0,THCA,BRCA,THCA,THCA,True,False,False
5824,False,0,0.0,BRCA,BRCA,BRCA,SKCM,False,False,False
5825,False,0,0.0,LUAD,BRCA,LUAD,LIHC,False,False,False
5826,False,0,0.0,PRAD,BRCA,PRAD,THCA,False,False,False
5827,False,0,0.0,ACC,BRCA,ACC,ACC,True,False,False
5828,False,0,0.0,KIPAN,BRCA,KIPAN,KIPAN,True,False,False
5829,False,0,0.0,COAD,BRCA,COAD,COAD,True,False,False
5830,False,0,0.0,BRCA,BRCA,BRCA,BRCA,True,False,False
5831,False,0,0.0,THCA,BRCA,THCA,THCA,True,False,False
5832,False,0,0.0,GBMLGG,BRCA,GBMLGG,GBMLGG,True,False,False
5833,False,0,0.0,UCEC,BRCA,UCEC,UCEC,True,False,False
5834,False,0,0.0,BRCA,BRCA,BRCA,PCPG,False,False,False
5835,False,0,0.0,BRCA,BRCA,BRCA,BRCA,True,False,False
5836,True,1,1.0,KIPAN,KIRC,KIPAN,KIPAN,True,False,True
5837,False,0,0.0,KIRC,BRCA,KIRC,KIPAN,False,False,False
5838,False,0,0.0,SKCM,BRCA,SKCM,SKCM,True,False,False
5839,False,0,0.0,PAAD,BRCA,PAAD,PAAD,True,False,False
5840,False,0,0.0,COAD,BRCA,COAD,COAD,True,False,False
5841,True,1,1.0,GBMLGG,LGG,LGG,GBMLGG,True,False,True
5842,False,0,0.0,COAD,BRCA,COAD,COAD,True,False,False
5843,False,0,0.0,GBMLGG,BRCA,GBMLGG,GBMLGG,True,False,False
5844,False,0,0.0,UCEC,BRCA,UCEC,UCEC,True,False,False
5845,False,0,0.0,LUAD,BRCA,LUAD,LIHC,False,False,False
5846,False,0,0.0,STES,BRCA,STES,SARC,False,False,False
5847,False,0,0.0,KIRC,BRCA,KIRC,KIPAN,False,False,False
5848,False,0,0.0,PCPG,BRCA,PCPG,BRCA,False,False,False
5849,False,0,0.0,COAD,BRCA,COAD,COAD,True,False,False
5850,False,0,0.0,COAD,BRCA,COAD,COAD,True,False,False
5851,False,0,0.0,LIHC,BRCA,LIHC,BRCA,False,False,False
5852,True,1,1.0,KIPAN,KIRC,KIPAN,KIPAN,True,False,True
5853,False,0,0.0,SKCM,BRCA,SKCM,SKCM,True,False,False
5854,False,0,0.0,PRAD,BRCA,PRAD,THCA,False,False,False
5855,False,0,0.0,PCPG,BRCA,PCPG,PCPG,True,False,False
5856,False,0,0.0,LIHC,BRCA,LIHC,OV,False,False,False
5857,False,0,0.0,KIPAN,BRCA,KIPAN,KIRC,False,False,False
5858,False,0,0.0,PCPG,BRCA,PCPG,BRCA,False,False,False
5859,False,0,0.0,BRCA,BRCA,BRCA,SARC,False,False,False
5860,False,0,0.0,LIHC,BRCA,LIHC,LIHC,True,False,False
5861,False,0,0.0,GBMLGG,BRCA,GBMLGG,STES,False,False,False
5862,False,0,0.0,LIHC,BRCA,LIHC,LIHC,True,False,False
5863,False,0,0.0,BRCA,BRCA,BRCA,BRCA,True,False,False
5864,False,0,0.0,GBMLGG,BRCA,GBMLGG,BRCA,False,False,False
5865,False,0,0.0,OV,BRCA,OV,BRCA,False,False,False
5866,False,0,0.0,UCEC,BRCA,UCEC,UCEC,True,False,False
5867,False,0,0.0,LUAD,BRCA,LUAD,LUAD,True,False,False
5868,False,0,0.0,KIPAN,BRCA,KIPAN,BRCA,False,False,False
5869,False,0,0.0,COAD,BRCA,COAD,COAD,True,False,False
5870,True,1,1.0,SARC,GBMLGG,SARC,LGG,False,False,False
5871,True,1,1.0,BRCA,KIRC,BRCA,KIPAN,False,False,False
5872,False,0,0.0,SARC,BRCA,SARC,BRCA,False,False,False
5873,True,1,1.0,KIPAN,KIRC,KIPAN,KIPAN,True,False,True
5874,False,0,0.0,KIPAN,BRCA,KIPAN,OV,False,False,False
5875,False,0,0.0,LGG,BRCA,LGG,LGG,True,False,False
5876,False,0,0.0,SARC,BRCA,SARC,BRCA,False,False,False
5877,True,1,1.0,KIRC,KIPAN,KIPAN,KIRC,True,False,True
5878,False,0,0.0,KIPAN,BRCA,KIPAN,KIRC,False,False,False
5879,False,0,0.0,THCA,BRCA,THCA,THCA,True,False,False
5880,False,0,0.0,PAAD,BRCA,PAAD,PAAD,True,False,False
5881,False,0,0.0,SKCM,BRCA,SKCM,SKCM,True,False,False
5882,True,1,1.0,KIRC,KIPAN,KIRC,KIRC,True,False,True
5883,False,0,0.0,STES,BRCA,STES,BRCA,False,False,False
5884,True,1,1.0,KIRC,KIPAN,KIRC,KIRC,True,False,True
5885,True,1,1.0,GBMLGG,LGG,LGG,GBMLGG,True,False,True
5886,False,0,0.0,KIPAN,BRCA,KIPAN,KIPAN,True,False,False
5887,False,0,0.0,BRCA,BRCA,BRCA,GBMLGG,False,False,False
5888,True,1,1.0,LGG,LGG,LGG,GBMLGG,False,False,False
5889,False,0,0.0,STES,BRCA,STES,STES,True,False,False
5890,False,0,0.0,UCEC,BRCA,UCEC,UCEC,True,False,False
5891,False,0,0.0,PRAD,BRCA,PRAD,SARC,False,False,False
5892,False,0,0.0,PCPG,BRCA,PCPG,PCPG,True,False,False
5893,True,1,1.0,KIRC,KIPAN,KIRC,KIRC,True,False,True
5894,False,0,0.0,CESC,BRCA,CESC,CESC,True,False,False
5895,False,0,0.0,HNSC,BRCA,HNSC,HNSC,True,False,False
5896,False,0,0.0,HNSC,BRCA,HNSC,BLCA,False,False,False
5897,False,0,0.0,SKCM,BRCA,SKCM,SKCM,True,False,False
5898,False,0,0.0,GBMLGG,BRCA,GBMLGG,GBMLGG,True,False,False
5899,False,0,0.0,PRAD,BRCA,PRAD,PRAD,True,False,False
5900,False,0,0.0,HNSC,BRCA,HNSC,PAAD,False,False,False
5901,False,0,0.0,ACC,BRCA,ACC,ACC,True,False,False
5902,False,0,0.0,LUSC,BRCA,LUSC,PRAD,False,False,False
5903,False,0,0.0,PRAD,BRCA,PRAD,SARC,False,False,False
5904,True,1,1.0,KIPAN,KIRC,KIPAN,KIPAN,True,False,True
5905,False,0,0.0,SARC,BRCA,SARC,GBMLGG,False,False,False
5906,False,0,0.0,OV,BRCA,OV,HNSC,False,False,False
5907,False,0,0.0,PRAD,BRCA,PRAD,STES,False,False,False
5908,False,0,0.0,KIPAN,BRCA,KIPAN,KIPAN,True,False,False
5909,False,0,0.0,KIRC,BRCA,KIRC,PRAD,False,False,False
5910,False,0,0.0,GBMLGG,BRCA,GBMLGG,HNSC,False,False,False
5911,False,0,0.0,BRCA,BRCA,BRCA,PRAD,False,False,False
5912,False,0,0.0,UCEC,BRCA,UCEC,CESC,False,False,False
5913,False,0,0.0,PRAD,BRCA,PRAD,HNSC,False,False,False
5914,False,0,0.0,COAD,BRCA,COAD,STES,False,False,False
5915,False,0,0.0,UCEC,BRCA,UCEC,UCEC,True,False,False
5916,False,0,0.0,SARC,BRCA,SARC,OV,False,False,False
5917,False,0,0.0,ACC,BRCA,ACC,ACC,True,False,False
5918,True,1,1.0,KIRC,KIPAN,KIRC,KIRC,True,False,True
5919,False,0,0.0,PRAD,BRCA,PRAD,PCPG,False,False,False
5920,False,0,0.0,STES,BRCA,STES,BRCA,False,False,False
5921,False,0,0.0,COAD,BRCA,COAD,COAD,True,False,False
5922,False,0,0.0,PRAD,BRCA,PRAD,PRAD,True,False,False
5923,False,0,0.0,THYM,BRCA,THYM,LAML,False,False,False
5924,False,0,0.0,PAAD,BRCA,PAAD,HNSC,False,False,False
5925,False,0,0.0,UCEC,BRCA,UCEC,UCEC,True,False,False
5926,False,0,0.0,STES,BRCA,STES,KIPAN,False,False,False
5927,False,0,0.0,THCA,BRCA,THCA,PCPG,False,False,False
5928,False,0,0.0,LGG,BRCA,LGG,LGG,True,False,False
5929,False,0,0.0,BRCA,BRCA,BRCA,BRCA,True,False,False
5930,False,0,0.0,OV,BRCA,OV,SARC,False,False,False
5931,True,1,1.0,KIPAN,KIRC,KIPAN,KIPAN,True,False,True
5932,False,0,0.0,STES,BRCA,STES,STES,True,False,False
5933,False,0,0.0,SKCM,BRCA,SKCM,SKCM,True,False,False
5934,False,0,0.0,OV,BRCA,OV,KIPAN,False,False,False
5935,False,0,0.0,UCEC,BRCA,UCEC,UCEC,True,False,False
5936,True,1,1.0,KIRC,KIPAN,KIRC,KIRC,True,False,True
5937,False,0,0.0,BLCA,BRCA,BLCA,LUAD,False,False,False
5938,False,0,0.0,PAAD,BRCA,PAAD,PAAD,True,False,False
5939,False,0,0.0,GBMLGG,BRCA,GBMLGG,GBMLGG,True,False,False
5940,False,0,0.0,PAAD,BRCA,PAAD,PAAD,True,False,False
5941,True,1,1.0,KIRC,KIPAN,KIRC,KIRC,True,False,True
5942,False,0,0.0,SKCM,BRCA,SKCM,SARC,False,False,False
5943,False,0,0.0,CESC,BRCA,CESC,CESC,True,False,False
5944,False,0,0.0,OV,BRCA,OV,BRCA,False,False,False
5945,False,0,0.0,LAML,BRCA,LAML,LAML,True,False,False
5946,False,0,0.0,KIRC,BRCA,KIRC,KIRC,True,False,False
5947,True,1,1.0,KIPAN,KIRC,KIPAN,KIPAN,True,False,True
5948,False,0,0.0,SARC,BRCA,SARC,BRCA,False,False,False
5949,False,0,0.0,BRCA,BRCA,BRCA,SARC,False,False,False
5950,False,0,0.0,PCPG,BRCA,PCPG,PCPG,True,False,False
5951,False,0,0.0,LGG,BRCA,LGG,LGG,True,False,False
5952,False,0,0.0,BRCA,BRCA,BRCA,STES,False,False,False
5953,False,0,0.0,CESC,BRCA,CESC,CESC,True,False,False
5954,False,0,0.0,TGCT,BRCA,TGCT,TGCT,True,False,False
5955,False,0,0.0,LGG,BRCA,LGG,BRCA,False,False,False
5956,False,0,0.0,PCPG,BRCA,PCPG,THCA,False,False,False
5957,False,0,0.0,BRCA,BRCA,BRCA,BRCA,True,False,False
5958,True,1,1.0,KIRC,KIPAN,KIRC,KIRC,True,False,True
5959,False,0,0.0,BRCA,BRCA,BRCA,BRCA,True,False,False
5960,True,1,1.0,KIRC,KIRC,KIRC,KIPAN,False,False,False
5961,False,0,0.0,PRAD,BRCA,PRAD,OV,False,False,False
5962,False,0,0.0,BRCA,BRCA,BRCA,SARC,False,False,False
5963,False,0,0.0,PCPG,BRCA,PCPG,THCA,False,False,False
5964,False,0,0.0,PRAD,BRCA,PRAD,SARC,False,False,False
5965,False,0,0.0,LIHC,BRCA,LIHC,LIHC,True,False,False
5966,False,0,0.0,CESC,BRCA,CESC,BRCA,False,False,False
5967,False,0,0.0,SARC,BRCA,SARC,SARC,True,False,False
5968,False,0,0.0,BRCA,BRCA,BRCA,BRCA,True,False,False
5969,False,0,0.0,BRCA,BRCA,BRCA,LAML,False,False,False
5970,False,0,0.0,SARC,BRCA,SARC,THCA,False,False,False
5971,False,0,0.0,PCPG,BRCA,PCPG,THCA,False,False,False
5972,False,0,0.0,THYM,BRCA,THYM,THCA,False,False,False
5973,False,0,0.0,THCA,BRCA,THCA,THCA,True,False,False
5974,True,1,1.0,LGG,LGG,LGG,GBMLGG,False,False,False
5975,False,0,0.0,BRCA,BRCA,BRCA,BRCA,True,False,False
5976,False,0,0.0,PAAD,BRCA,PAAD,BRCA,False,False,False
5977,False,0,0.0,KIPAN,BRCA,KIPAN,HNSC,False,False,False
5978,False,0,0.0,SKCM,BRCA,SKCM,SKCM,True,False,False
5979,True,1,1.0,KIPAN,KIRC,KIPAN,KIPAN,True,False,True
5980,False,0,0.0,UCEC,BRCA,UCEC,UCEC,True,False,False
5981,False,0,0.0,BRCA,BRCA,BRCA,BRCA,True,False,False
5982,False,0,0.0,GBMLGG,BRCA,GBMLGG,GBMLGG,True,False,False
5983,False,0,0.0,THCA,BRCA,THCA,THCA,True,False,False
5984,False,0,0.0,PCPG,BRCA,PCPG,THYM,False,False,False
5985,False,0,0.0,HNSC,BRCA,HNSC,LIHC,False,False,False
5986,False,0,0.0,LIHC,BRCA,LIHC,LIHC,True,False,False
5987,False,0,0.0,LUSC,BRCA,LUSC,LUSC,True,False,False
5988,False,0,0.0,LAML,BRCA,LAML,LAML,True,False,False
5989,False,0,0.0,SARC,BRCA,SARC,KIPAN,False,False,False
5990,False,0,0.0,LIHC,BRCA,LIHC,LIHC,True,False,False
5991,False,0,0.0,STES,BRCA,STES,STES,True,False,False
5992,False,0,0.0,PAAD,BRCA,PAAD,HNSC,False,False,False
5993,False,0,0.0,BRCA,BRCA,BRCA,HNSC,False,False,False
5994,False,0,0.0,PRAD,BRCA,PRAD,PRAD,True,False,False
5995,False,0,0.0,LUSC,BRCA,LUSC,LUSC,True,False,False
5996,True,1,1.0,LGG,LGG,LGG,GBMLGG,False,False,False
5997,False,0,0.0,BRCA,BRCA,BRCA,SARC,False,False,False
5998,False,0,0.0,COAD,BRCA,COAD,STES,False,False,False
5999,False,0,0.0,THCA,BRCA,THCA,THCA,True,False,False
6000,False,0,0.0,PRAD,BRCA,PRAD,PCPG,False,False,False
6001,False,0,0.0,SKCM,BRCA,SKCM,SKCM,True,False,False
6002,False,0,0.0,PCPG,BRCA,PCPG,BRCA,False,False,False
6003,False,0,0.0,PCPG,BRCA,PCPG,THCA,False,False,False
6004,False,0,0.0,BRCA,BRCA,BRCA,STES,False,False,False
6005,False,0,0.0,BRCA,BRCA,BRCA,BRCA,True,False,False
6006,False,0,0.0,KIPAN,BRCA,KIPAN,KIPAN,True,False,False
6007,False,0,0.0,PRAD,BRCA,PRAD,LAML,False,False,False
6008,False,0,0.0,PRAD,BRCA,PRAD,THYM,False,False,False
6009,True,1,1.0,LGG,GBMLGG,LGG,LGG,True,False,True
6010,False,0,0.0,KIPAN,BRCA,KIPAN,KIPAN,True,False,False
6011,False,0,0.0,BRCA,BRCA,BRCA,BRCA,True,False,False
6012,False,0,0.0,PRAD,BRCA,PRAD,BRCA,False,False,False
6013,False,0,0.0,LAML,BRCA,LAML,PRAD,False,False,False
6014,False,0,0.0,SKCM,BRCA,SKCM,SKCM,True,False,False
6015,False,0,0.0,SKCM,BRCA,SKCM,SKCM,True,False,False
6016,False,0,0.0,LUAD,BRCA,LUAD,LUAD,True,False,False
6017,False,0,0.0,STES,BRCA,STES,BRCA,False,False,False
6018,False,0,0.0,GBMLGG,BRCA,GBMLGG,GBMLGG,True,False,False
6019,False,0,0.0,BRCA,BRCA,BRCA,BRCA,True,False,False
6020,False,0,0.0,LIHC,BRCA,LIHC,KIPAN,False,False,False
6021,True,1,1.0,KIRC,KIPAN,KIPAN,KIRC,True,False,True
6022,False,0,0.0,KIPAN,BRCA,KIPAN,KIPAN,True,False,False
6023,False,0,0.0,GBMLGG,BRCA,GBMLGG,LUAD,False,False,False
6024,False,0,0.0,KIRC,BRCA,KIRC,KIPAN,False,False,False
6025,False,0,0.0,LUSC,BRCA,LUSC,STES,False,False,False
6026,False,0,0.0,BRCA,BRCA,BRCA,CESC,False,False,False
6027,True,1,1.0,KIPAN,KIRC,KIPAN,KIPAN,True,False,True
6028,False,0,0.0,THCA,BRCA,THCA,PRAD,False,False,False
6029,False,0,0.0,LIHC,BRCA,LIHC,LIHC,True,False,False
6030,False,0,0.0,BRCA,BRCA,BRCA,BRCA,True,False,False
6031,True,1,1.0,GBMLGG,LGG,GBMLGG,GBMLGG,True,False,True
6032,False,0,0.0,THCA,BRCA,THCA,THYM,False,False,False
6033,False,0,0.0,BRCA,BRCA,BRCA,BRCA,True,False,False
6034,False,0,0.0,OV,BRCA,OV,OV,True,False,False
6035,False,0,0.0,ACC,BRCA,ACC,ACC,True,False,False
6036,True,1,1.0,GBMLGG,GBMLGG,GBMLGG,LGG,False,False,False
6037,False,0,0.0,BRCA,BRCA,BRCA,THYM,False,False,False
6038,False,0,0.0,COAD,BRCA,COAD,UCEC,False,False,False
6039,False,0,0.0,GBMLGG,BRCA,GBMLGG,GBMLGG,True,False,False
6040,False,0,0.0,BRCA,BRCA,BRCA,BRCA,True,False,False
6041,False,0,0.0,LAML,BRCA,LAML,KIPAN,False,False,False
6042,False,0,0.0,STES,BRCA,STES,STES,True,False,False
6043,False,0,0.0,TGCT,BRCA,TGCT,TGCT,True,False,False
6044,False,0,0.0,KIRC,BRCA,KIRC,KIRC,True,False,False
6045,False,0,0.0,BRCA,BRCA,BRCA,BRCA,True,False,False
6046,False,0,0.0,THCA,BRCA,THCA,THCA,True,False,False
6047,False,0,0.0,GBMLGG,BRCA,GBMLGG,GBMLGG,True,False,False
6048,False,0,0.0,KIRC,BRCA,KIRC,KIPAN,False,False,False
6049,False,0,0.0,UCEC,BRCA,UCEC,UCEC,True,False,False
6050,False,0,0.0,GBMLGG,BRCA,GBMLGG,LGG,False,False,False
6051,False,0,0.0,STES,BRCA,STES,DLBC,False,False,False
6052,False,0,0.0,SARC,BRCA,SARC,THCA,False,False,False
6053,True,1,1.0,LGG,LGG,LGG,GBMLGG,False,False,False
6054,True,1,1.0,KIPAN,KIRC,KIPAN,KIPAN,True,False,True
6055,False,0,0.0,GBMLGG,BRCA,GBMLGG,STES,False,False,False
6056,False,0,0.0,LUSC,BRCA,LUSC,LUSC,True,False,False
6057,True,1,1.0,KIPAN,KIRC,KIPAN,KIPAN,True,False,True
6058,False,0,0.0,STES,BRCA,STES,STES,True,False,False
6059,False,0,0.0,SKCM,BRCA,SKCM,SKCM,True,False,False
6060,False,0,0.0,KIPAN,BRCA,KIPAN,SARC,False,False,False
6061,False,0,0.0,OV,BRCA,OV,BRCA,False,False,False
6062,False,0,0.0,SKCM,BRCA,SKCM,SKCM,True,False,False
6063,True,1,1.0,KIRC,KIPAN,KIRC,KIRC,True,False,True
6064,True,1,1.0,KIRC,KIPAN,KIRC,KIRC,True,False,True
6065,False,0,0.0,BRCA,BRCA,BRCA,BRCA,True,False,False
6066,False,0,0.0,GBMLGG,BRCA,GBMLGG,BRCA,False,False,False
6067,False,0,0.0,KIRC,BRCA,KIRC,PCPG,False,False,False
6068,False,0,0.0,UCEC,BRCA,UCEC,UCEC,True,False,False
6069,False,0,0.0,PRAD,BRCA,PRAD,LGG,False,False,False
6070,False,0,0.0,PRAD,BRCA,PRAD,PRAD,True,False,False
6071,False,0,0.0,LGG,BRCA,LGG,GBMLGG,False,False,False
6072,False,0,0.0,STES,BRCA,STES,STES,True,False,False
6073,False,0,0.0,CESC,BRCA,CESC,LUAD,False,False,False
6074,False,0,0.0,THYM,BRCA,THYM,THCA,False,False,False
6075,True,1,1.0,KIRC,KIPAN,KIRC,KIRC,True,False,True
6076,False,0,0.0,SARC,BRCA,SARC,LUAD,False,False,False
6077,False,0,0.0,OV,BRCA,OV,OV,True,False,False
6078,False,0,0.0,OV,BRCA,OV,SARC,False,False,False
6079,False,0,0.0,KIPAN,BRCA,KIPAN,GBMLGG,False,False,False
6080,False,0,0.0,TGCT,BRCA,TGCT,TGCT,True,False,False
6081,False,0,0.0,SKCM,BRCA,SKCM,SKCM,True,False,False
6082,False,0,0.0,KIPAN,BRCA,KIPAN,ACC,False,False,False
6083,False,0,0.0,BRCA,BRCA,BRCA,BRCA,True,False,False
6084,False,0,0.0,THCA,BRCA,THCA,THCA,True,False,False
6085,False,0,0.0,HNSC,BRCA,HNSC,HNSC,True,False,False
6086,False,0,0.0,GBMLGG,BRCA,GBMLGG,GBMLGG,True,False,False
6087,False,0,0.0,UCEC,BRCA,UCEC,GBMLGG,False,False,False
6088,False,0,0.0,TGCT,BRCA,TGCT,KIPAN,False,False,False
6089,False,0,0.0,LIHC,BRCA,LIHC,LIHC,True,False,False
6090,False,0,0.0,STES,BRCA,STES,STES,True,False,False
6091,True,3,0.6666666666666666,KIRC,KIRC,KIRC,KIPAN,False,False,False
6092,False,0,0.0,THCA,BRCA,THCA,THCA,True,False,False
6093,True,1,1.0,KIPAN,KIRC,KIPAN,KIPAN,True,False,True
6094,False,0,0.0,BRCA,BRCA,BRCA,BRCA,True,False,False
6095,False,0,0.0,KIPAN,BRCA,KIPAN,SARC,False,False,False
6096,False,0,0.0,KIRC,BRCA,KIRC,KIPAN,False,False,False
6097,False,0,0.0,BRCA,BRCA,BRCA,BRCA,True,False,False
6098,False,0,0.0,TGCT,BRCA,TGCT,OV,False,False,False
6099,False,0,0.0,STES,BRCA,STES,STES,True,False,False
6100,False,0,0.0,STES,BRCA,STES,STES,True,False,False
6101,False,0,0.0,BRCA,BRCA,BRCA,BRCA,True,False,False
6102,False,0,0.0,PAAD,BRCA,PAAD,PAAD,True,False,False
6103,False,0,0.0,LAML,BRCA,LAML,LAML,True,False,False
6104,False,0,0.0,THYM,BRCA,THYM,PCPG,False,False,False
6105,False,0,0.0,BRCA,BRCA,BRCA,THCA,False,False,False
6106,False,0,0.0,GBMLGG,BRCA,GBMLGG,GBMLGG,True,False,False
6107,True,1,1.0,LGG,GBMLGG,LGG,LGG,True,False,True
6108,False,0,0.0,OV,BRCA,OV,LIHC,False,False,False
6109,True,1,1.0,LGG,GBMLGG,LGG,LGG,True,False,True
6110,False,0,0.0,KIPAN,BRCA,KIPAN,TGCT,False,False,False
6111,True,1,1.0,KIPAN,KIRC,KIPAN,KIPAN,True,False,True
6112,False,0,0.0,COAD,BRCA,COAD,COAD,True,False,False
6113,False,0,0.0,THCA,BRCA,THCA,THCA,True,False,False
6114,False,0,0.0,KIPAN,BRCA,KIPAN,BRCA,False,False,False
6115,False,0,0.0,KIRC,BRCA,KIRC,PCPG,False,False,False
6116,False,0,0.0,THYM,BRCA,THYM,LGG,False,False,False
6117,False,0,0.0,BLCA,BRCA,BLCA,CESC,False,False,False
6118,False,0,0.0,LIHC,BRCA,LIHC,LIHC,True,False,False
6119,True,1,1.0,KIRC,KIPAN,KIRC,KIRC,True,False,True
6120,True,1,1.0,KIPAN,KIRC,KIPAN,KIPAN,True,False,True
6121,False,0,0.0,BRCA,BRCA,BRCA,BRCA,True,False,False
6122,False,0,0.0,COAD,BRCA,COAD,STES,False,False,False
6123,False,0,0.0,BLCA,BRCA,BLCA,BLCA,True,False,False
6124,False,0,0.0,KIPAN,BRCA,KIPAN,LIHC,False,False,False
6125,True,1,1.0,LGG,GBMLGG,LGG,LGG,True,False,True
6126,False,0,0.0,BRCA,BRCA,BRCA,BRCA,True,False,False
6127,False,0,0.0,BLCA,BRCA,BLCA,HNSC,False,False,False
6128,False,0,0.0,LGG,BRCA,LGG,GBMLGG,False,False,False
6129,False,0,0.0,OV,BRCA,OV,OV,True,False,False
6130,True,1,1.0,GBMLGG,LGG,LGG,GBMLGG,True,False,True
6131,False,0,0.0,SKCM,BRCA,SKCM,DLBC,False,False,False
6132,False,0,0.0,BRCA,BRCA,BRCA,KIPAN,False,False,False
6133,False,0,0.0,BRCA,BRCA,BRCA,BRCA,True,False,False
6134,False,0,0.0,THYM,BRCA,THYM,CESC,False,False,False
6135,False,0,0.0,LUAD,BRCA,LUAD,STES,False,False,False
6136,False,0,0.0,BRCA,BRCA,BRCA,SARC,False,False,False
6137,False,0,0.0,KIRC,BRCA,KIRC,KIPAN,False,False,False
6138,False,0,0.0,KIPAN,BRCA,KIPAN,HNSC,False,False,False
6139,False,0,0.0,STES,BRCA,STES,OV,False,False,False
6140,False,0,0.0,UCEC,BRCA,UCEC,UCEC,True,False,False
6141,False,0,0.0,LIHC,BRCA,LIHC,HNSC,False,False,False
6142,True,1,1.0,KIRC,KIPAN,KIRC,KIRC,True,False,True
6143,False,0,0.0,GBMLGG,BRCA,GBMLGG,GBMLGG,True,False,False
6144,False,0,0.0,BRCA,BRCA,BRCA,THYM,False,False,False
6145,False,0,0.0,OV,BRCA,OV,SARC,False,False,False
6146,False,0,0.0,THCA,BRCA,THCA,BRCA,False,False,False
6147,False,0,0.0,PRAD,BRCA,PRAD,PRAD,True,False,False
6148,False,0,0.0,ACC,BRCA,ACC,ACC,True,False,False
6149,False,0,0.0,THCA,BRCA,THCA,THCA,True,False,False
6150,False,0,0.0,BRCA,BRCA,BRCA,BRCA,True,False,False
6151,False,0,0.0,LUAD,BRCA,LUAD,SKCM,False,False,False
6152,False,0,0.0,PCPG,BRCA,PCPG,PRAD,False,False,False
6153,False,0,0.0,SKCM,BRCA,SKCM,SKCM,True,False,False
6154,False,0,0.0,GBMLGG,BRCA,GBMLGG,GBMLGG,True,False,False
6155,False,0,0.0,LGG,BRCA,LGG,LGG,True,False,False
6156,False,0,0.0,UCEC,BRCA,UCEC,COAD,False,False,False
6157,False,0,0.0,SARC,BRCA,SARC,BRCA,False,False,False
6158,False,0,0.0,LUSC,BRCA,LUSC,HNSC,False,False,False
6159,False,0,0.0,THCA,BRCA,THCA,THCA,True,False,False
6160,True,1,1.0,KIRC,KIPAN,KIRC,KIRC,True,False,True
6161,False,0,0.0,LUSC,BRCA,LUSC,LUSC,True,False,False
6162,False,0,0.0,OV,BRCA,OV,BRCA,False,False,False
6163,True,1,1.0,KIPAN,KIRC,KIPAN,KIPAN,True,False,True
6164,False,0,0.0,LUSC,BRCA,LUSC,LIHC,False,False,False
6165,False,0,0.0,BRCA,BRCA,BRCA,BRCA,True,False,False
6166,False,0,0.0,PAAD,BRCA,PAAD,COAD,False,False,False
6167,True,1,1.0,KIRC,KIPAN,KIRC,KIRC,True,False,True
6168,False,0,0.0,PAAD,BRCA,PAAD,PAAD,True,False,False
6169,False,0,0.0,LUSC,BRCA,LUSC,BLCA,False,False,False
6170,False,0,0.0,PRAD,BRCA,PRAD,PRAD,True,False,False
6171,True,1,1.0,GBMLGG,LGG,GBMLGG,GBMLGG,True,False,True
6172,False,0,0.0,SKCM,BRCA,SKCM,SKCM,True,False,False
6173,False,0,0.0,PRAD,BRCA,PRAD,PRAD,True,False,False
6174,False,0,0.0,OV,BRCA,OV,COAD,False,False,False
6175,False,0,0.0,OV,BRCA,OV,LUAD,False,False,False
6176,False,0,0.0,KIRC,BRCA,KIRC,KIRC,True,False,False
6177,True,1,1.0,KIRC,KIPAN,KIRC,KIRC,True,False,True
6178,False,0,0.0,LAML,BRCA,LAML,LAML,True,False,False
6179,False,0,0.0,PRAD,BRCA,PRAD,BRCA,False,False,False
6180,False,0,0.0,KIRC,BRCA,KIRC,CESC,False,False,False
6181,False,0,0.0,KIPAN,BRCA,KIPAN,KIRC,False,False,False
6182,False,0,0.0,TGCT,BRCA,TGCT,LIHC,False,False,False
6183,False,0,0.0,THCA,BRCA,THCA,THCA,True,False,False
6184,False,0,0.0,PRAD,BRCA,PRAD,THCA,False,False,False
6185,False,0,0.0,PCPG,BRCA,PCPG,BRCA,False,False,False
6186,True,1,1.0,KIPAN,KIRC,KIPAN,KIPAN,True,False,True
6187,False,0,0.0,COAD,BRCA,COAD,COAD,True,False,False
6188,False,0,0.0,KIPAN,BRCA,KIPAN,PRAD,False,False,False
6189,False,0,0.0,PCPG,BRCA,PCPG,TGCT,False,False,False
6190,False,0,0.0,PCPG,BRCA,PCPG,PCPG,True,False,False
6191,False,0,0.0,BRCA,BRCA,BRCA,OV,False,False,False
6192,False,0,0.0,STES,BRCA,STES,LIHC,False,False,False
6193,False,0,0.0,COAD,BRCA,COAD,COAD,True,False,False
6194,False,0,0.0,KIPAN,BRCA,KIPAN,KIPAN,True,False,False
6195,False,0,0.0,OV,BRCA,OV,SARC,False,False,False
6196,False,0,0.0,LUAD,BRCA,LUAD,LUAD,True,False,False
6197,True,1,1.0,GBMLGG,GBMLGG,GBMLGG,LGG,False,False,False
6198,False,0,0.0,COAD,BRCA,COAD,COAD,True,False,False
6199,False,0,0.0,PRAD,BRCA,PRAD,TGCT,False,False,False
6200,False,0,0.0,SKCM,BRCA,SKCM,SKCM,True,False,False
