row_index,truth,h0_prediction,ovr_prediction,h0_correct,ovr_correct,recovered_by_ovr,broken_by_ovr,disagreement
0,KIPAN,KIPAN,LIHC,True,False,False,True,True
1,SARC,GBMLGG,GBMLGG,False,False,False,False,False
2,SKCM,SKCM,SKCM,True,True,False,False,False
3,KIRC,KIRC,KIRC,True,True,False,False,False
4,GBMLGG,STES,OV,False,False,False,False,True
5,STES,STES,STES,True,True,False,False,False
6,BRCA,BRCA,BRCA,True,True,False,False,False
7,THCA,PCPG,PCPG,False,False,False,False,False
8,LIHC,SARC,SARC,False,False,False,False,False
9,STES,STES,STES,True,True,False,False,False
10,STES,UCEC,PRAD,False,False,False,False,True
11,HNSC,STES,HNSC,False,True,True,False,True
12,KIRC,KIPAN,KIPAN,False,False,False,False,False
13,PAAD,PAAD,OV,True,False,False,True,True
14,SKCM,SKCM,SKCM,True,True,False,False,False
15,OV,KIPAN,KIPAN,False,False,False,False,False
16,KIPAN,STES,STES,False,False,False,False,False
17,KIPAN,KIRC,KIPAN,False,True,True,False,True
18,BRCA,LAML,LAML,False,False,False,False,False
19,PRAD,BRCA,THCA,False,False,False,False,True
20,GBMLGG,BRCA,THYM,False,False,False,False,True
21,UCEC,UCEC,BRCA,True,False,False,True,True
22,GBMLGG,GBMLGG,GBMLGG,True,True,False,False,False
23,LAML,BRCA,BRCA,False,False,False,False,False
24,COAD,COAD,COAD,True,True,False,False,False
25,STES,STES,STES,True,True,False,False,False
26,BRCA,BRCA,BRCA,True,True,False,False,False
27,THCA,THCA,THCA,True,True,False,False,False
28,BRCA,PCPG,PCPG,False,False,False,False,False
29,SKCM,SKCM,SKCM,True,True,False,False,False
30,ACC,ACC,ACC,True,True,False,False,False
31,GBMLGG,GBMLGG,GBMLGG,True,True,False,False,False
32,HNSC,HNSC,HNSC,True,True,False,False,False
33,KIRC,KIRC,KIRC,True,True,False,False,False
34,KIRC,KIRC,KIRC,True,True,False,False,False
35,PRAD,PCPG,PCPG,False,False,False,False,False
36,LGG,LGG,LGG,True,True,False,False,False
37,LUSC,STES,STES,False,False,False,False,False
38,LUSC,LUSC,LUSC,True,True,False,False,False
39,BRCA,OV,OV,False,False,False,False,False
40,BRCA,OV,GBMLGG,False,False,False,False,True
41,UCEC,UCEC,UCEC,True,True,False,False,False
42,KIRC,KIRC,KIRC,True,True,False,False,False
43,GBMLGG,GBMLGG,GBMLGG,True,True,False,False,False
44,ACC,ACC,ACC,True,True,False,False,False
45,LUAD,LIHC,LIHC,False,False,False,False,False
46,BRCA,BRCA,BRCA,True,True,False,False,False
47,SKCM,SKCM,SKCM,True,True,False,False,False
48,STES,GBMLGG,GBMLGG,False,False,False,False,False
49,LUSC,LUSC,LUSC,True,True,False,False,False
50,ACC,ACC,ACC,True,True,False,False,False
51,BRCA,BRCA,BRCA,True,True,False,False,False
52,KIRC,KIRC,KIRC,True,True,False,False,False
53,GBMLGG,GBMLGG,GBMLGG,True,True,False,False,False
54,UCEC,COAD,COAD,False,False,False,False,False
55,PRAD,SARC,PCPG,False,False,False,False,True
56,BRCA,BRCA,BRCA,True,True,False,False,False
57,BRCA,PRAD,PCPG,False,False,False,False,True
58,STES,STES,STES,True,True,False,False,False
59,KIPAN,KIPAN,KIPAN,True,True,False,False,False
60,UCEC,UCEC,UCEC,True,True,False,False,False
61,KIRC,PRAD,KIRC,False,True,True,False,True
62,KIRC,KIRC,KIRC,True,True,False,False,False
63,BRCA,BRCA,BRCA,True,True,False,False,False
64,OV,OV,OV,True,True,False,False,False
65,BRCA,BRCA,BRCA,True,True,False,False,False
66,KIPAN,THYM,THYM,False,False,False,False,False
67,BRCA,HNSC,HNSC,False,False,False,False,False
68,OV,LUAD,LUAD,False,False,False,False,False
69,LGG,LGG,LGG,True,True,False,False,False
70,BRCA,BRCA,BRCA,True,True,False,False,False
71,UCEC,UCEC,STES,True,False,False,True,True
72,GBMLGG,GBMLGG,SARC,True,False,False,True,True
73,SKCM,SKCM,SKCM,True,True,False,False,False
74,STES,STES,STES,True,True,False,False,False
75,BRCA,SARC,SARC,False,False,False,False,False
76,LUSC,LUSC,LUSC,True,True,False,False,False
77,PRAD,PRAD,PRAD,True,True,False,False,False
78,SKCM,SKCM,SKCM,True,True,False,False,False
79,KIPAN,STES,STES,False,False,False,False,False
80,UCEC,STES,STES,False,False,False,False,False
81,LAML,LAML,LAML,True,True,False,False,False
82,BRCA,SARC,SARC,False,False,False,False,False
83,GBMLGG,UCEC,UCEC,False,False,False,False,False
84,OV,OV,OV,True,True,False,False,False
85,STES,HNSC,LUAD,False,False,False,False,True
86,BRCA,BRCA,BRCA,True,True,False,False,False
87,PRAD,LUSC,LUSC,False,False,False,False,False
88,BRCA,BRCA,BRCA,True,True,False,False,False
89,BRCA,STES,LUAD,False,False,False,False,True
90,LUSC,LUSC,LUSC,True,True,False,False,False
91,KIPAN,KIPAN,KIPAN,True,True,False,False,False
92,KIPAN,STES,STES,False,False,False,False,False
93,CESC,CESC,CESC,True,True,False,False,False
94,UCEC,UCEC,UCEC,True,True,False,False,False
95,KIPAN,BRCA,KIRC,False,False,False,False,True
96,STES,STES,STES,True,True,False,False,False
97,KIPAN,SARC,SARC,False,False,False,False,False
98,KIPAN,PCPG,PCPG,False,False,False,False,False
99,PCPG,PCPG,PCPG,True,True,False,False,False
100,SKCM,SKCM,THCA,True,False,False,True,True
101,BRCA,PRAD,PRAD,False,False,False,False,False
102,THYM,THYM,THYM,True,True,False,False,False
103,BRCA,BRCA,BRCA,True,True,False,False,False
104,BRCA,OV,OV,False,False,False,False,False
105,SKCM,SKCM,SKCM,True,True,False,False,False
106,LGG,LGG,LGG,True,True,False,False,False
107,THCA,THCA,THCA,True,True,False,False,False
108,KIPAN,BRCA,BRCA,False,False,False,False,False
109,BRCA,BRCA,BRCA,True,True,False,False,False
110,BRCA,CESC,CESC,False,False,False,False,False
111,SKCM,SKCM,SKCM,True,True,False,False,False
112,GBMLGG,LGG,GBMLGG,False,True,True,False,True
113,LUSC,LUAD,LUAD,False,False,False,False,False
114,PRAD,BRCA,BRCA,False,False,False,False,False
115,BRCA,BRCA,PRAD,True,False,False,True,True
116,BLCA,BLCA,BLCA,True,True,False,False,False
117,GBMLGG,GBMLGG,GBMLGG,True,True,False,False,False
118,BRCA,BRCA,BRCA,True,True,False,False,False
119,TGCT,TGCT,TGCT,True,True,False,False,False
120,KIPAN,KIPAN,KIPAN,True,True,False,False,False
121,LGG,LGG,LGG,True,True,False,False,False
122,THCA,THYM,THYM,False,False,False,False,False
123,KIPAN,LIHC,LIHC,False,False,False,False,False
124,OV,KIPAN,OV,False,True,True,False,True
125,STES,COAD,COAD,False,False,False,False,False
126,THYM,PRAD,PRAD,False,False,False,False,False
127,LUSC,HNSC,HNSC,False,False,False,False,False
128,HNSC,PAAD,PAAD,False,False,False,False,False
129,LUSC,THYM,THYM,False,False,False,False,False
130,PCPG,BRCA,BRCA,False,False,False,False,False
131,KIRC,SARC,BRCA,False,False,False,False,True
132,SKCM,SKCM,SKCM,True,True,False,False,False
133,SARC,THYM,THYM,False,False,False,False,False
134,DLBC,DLBC,KIPAN,True,False,False,True,True
135,LUAD,BRCA,LUAD,False,True,True,False,True
136,BRCA,SARC,PRAD,False,False,False,False,True
137,BRCA,BRCA,BRCA,True,True,False,False,False
138,KIRC,KIRC,KIRC,True,True,False,False,False
139,LUSC,LUSC,STES,True,False,False,True,True
140,THCA,THYM,LAML,False,False,False,False,True
141,LUSC,STES,STES,False,False,False,False,False
142,SKCM,SKCM,SKCM,True,True,False,False,False
143,KIRC,KIPAN,KIPAN,False,False,False,False,False
144,BRCA,SARC,SARC,False,False,False,False,False
145,STES,STES,COAD,True,False,False,True,True
146,LUAD,STES,TGCT,False,False,False,False,True
147,STES,STES,STES,True,True,False,False,False
148,LGG,LGG,LGG,True,True,False,False,False
149,KIRC,KIRC,KIRC,True,True,False,False,False
150,BLCA,BLCA,BLCA,True,True,False,False,False
151,GBMLGG,GBMLGG,GBMLGG,True,True,False,False,False
152,LIHC,LIHC,LIHC,True,True,False,False,False
153,BRCA,BRCA,BRCA,True,True,False,False,False
154,SARC,BRCA,PRAD,False,False,False,False,True
155,BRCA,PRAD,PRAD,False,False,False,False,False
156,KIPAN,KIPAN,KIRC,True,False,False,True,True
157,GBMLGG,GBMLGG,GBMLGG,True,True,False,False,False
158,OV,LUSC,LUSC,False,False,False,False,False
159,BRCA,OV,OV,False,False,False,False,False
160,LGG,LGG,LGG,True,True,False,False,False
161,KIPAN,KIPAN,KIPAN,True,True,False,False,False
162,GBMLGG,GBMLGG,GBMLGG,True,True,False,False,False
163,PRAD,PRAD,THCA,True,False,False,True,True
164,BRCA,BRCA,BRCA,True,True,False,False,False
165,SARC,BRCA,OV,False,False,False,False,True
166,THCA,THCA,THCA,True,True,False,False,False
167,BRCA,BLCA,BRCA,False,True,True,False,True
168,PRAD,PRAD,PRAD,True,True,False,False,False
169,KIRC,KIRC,KIRC,True,True,False,False,False
170,THYM,PCPG,PCPG,False,False,False,False,False
171,BRCA,BRCA,BRCA,True,True,False,False,False
172,BRCA,KIRC,KIRC,False,False,False,False,False
173,SKCM,SKCM,SKCM,True,True,False,False,False
174,CESC,KIPAN,BRCA,False,False,False,False,True
175,PAAD,STES,STES,False,False,False,False,False
176,THCA,PRAD,PRAD,False,False,False,False,False
177,BRCA,BRCA,BRCA,True,True,False,False,False
178,CESC,HNSC,BRCA,False,False,False,False,True
179,GBMLGG,GBMLGG,GBMLGG,True,True,False,False,False
180,BRCA,BRCA,BRCA,True,True,False,False,False
181,KIPAN,PRAD,BRCA,False,False,False,False,True
182,SKCM,SKCM,SKCM,True,True,False,False,False
183,ACC,ACC,ACC,True,True,False,False,False
184,PAAD,BRCA,GBMLGG,False,False,False,False,True
185,OV,LIHC,LIHC,False,False,False,False,False
186,KIPAN,ACC,BRCA,False,False,False,False,True
187,CESC,KIRC,KIRC,False,False,False,False,False
188,LUAD,STES,BRCA,False,False,False,False,True
189,BRCA,BRCA,BRCA,True,True,False,False,False
190,BRCA,OV,PAAD,False,False,False,False,True
191,LUSC,LUAD,LUAD,False,False,False,False,False
192,KIRC,KIRC,KIRC,True,True,False,False,False
193,KIPAN,KIRC,KIPAN,False,True,True,False,True
194,UCEC,UCEC,UCEC,True,True,False,False,False
195,OV,BRCA,BRCA,False,False,False,False,False
196,LAML,LAML,LAML,True,True,False,False,False
197,BRCA,BRCA,PRAD,True,False,False,True,True
198,LIHC,KIPAN,KIPAN,False,False,False,False,False
199,THCA,THCA,THCA,True,True,False,False,False
200,PRAD,PRAD,PRAD,True,True,False,False,False
201,BRCA,BRCA,BRCA,True,True,False,False,False
202,KIRC,KIRC,KIRC,True,True,False,False,False
203,LIHC,LUAD,LUAD,False,False,False,False,False
204,BRCA,PRAD,PRAD,False,False,False,False,False
205,SARC,SARC,SARC,True,True,False,False,False
206,KIPAN,KIPAN,KIPAN,True,True,False,False,False
207,SARC,TGCT,KIRC,False,False,False,False,True
208,BRCA,LIHC,LIHC,False,False,False,False,False
209,LUSC,LUSC,LUSC,True,True,False,False,False
210,SKCM,PRAD,PRAD,False,False,False,False,False
211,UCEC,UCEC,UCEC,True,True,False,False,False
212,OV,GBMLGG,GBMLGG,False,False,False,False,False
213,THYM,SARC,SARC,False,False,False,False,False
214,THCA,THCA,PRAD,True,False,False,True,True
215,SKCM,SKCM,SKCM,True,True,False,False,False
216,STES,STES,STES,True,True,False,False,False
217,LUAD,LUAD,LUAD,True,True,False,False,False
218,KIPAN,KIPAN,KIPAN,True,True,False,False,False
219,CESC,CESC,PAAD,True,False,False,True,True
220,KIPAN,KIRC,KIRC,False,False,False,False,False
221,COAD,COAD,COAD,True,True,False,False,False
222,SKCM,SKCM,SKCM,True,True,False,False,False
223,BRCA,BRCA,BRCA,True,True,False,False,False
224,KIPAN,KIPAN,KIPAN,True,True,False,False,False
225,KIPAN,KIPAN,KIPAN,True,True,False,False,False
226,THCA,THYM,THYM,False,False,False,False,False
227,KIPAN,BRCA,BRCA,False,False,False,False,False
228,GBMLGG,LGG,LGG,False,False,False,False,False
229,BLCA,CESC,CESC,False,False,False,False,False
230,LUSC,LUSC,LUSC,True,True,False,False,False
231,KIPAN,KIPAN,KIPAN,True,True,False,False,False
232,PRAD,BRCA,PRAD,False,True,True,False,True
233,TGCT,TGCT,TGCT,True,True,False,False,False
234,HNSC,KIPAN,KIRC,False,False,False,False,True
235,THYM,PCPG,PCPG,False,False,False,False,False
236,OV,OV,OV,True,True,False,False,False
237,UCEC,BRCA,OV,False,False,False,False,True
238,STES,STES,STES,True,True,False,False,False
239,GBMLGG,GBMLGG,GBMLGG,True,True,False,False,False
240,CESC,CESC,BRCA,True,False,False,True,True
241,BRCA,BRCA,BRCA,True,True,False,False,False
242,BRCA,BRCA,BRCA,True,True,False,False,False
243,PRAD,BRCA,KIPAN,False,False,False,False,True
244,LUSC,LUSC,LUSC,True,True,False,False,False
245,UCEC,GBMLGG,KIPAN,False,False,False,False,True
246,OV,BRCA,OV,False,True,True,False,True
247,KIPAN,KIPAN,KIPAN,True,True,False,False,False
248,LUAD,SKCM,SKCM,False,False,False,False,False
249,SKCM,SKCM,SKCM,True,True,False,False,False
250,KIPAN,OV,OV,False,False,False,False,False
251,BRCA,BRCA,PRAD,True,False,False,True,True
252,GBMLGG,GBMLGG,GBMLGG,True,True,False,False,False
253,SARC,SARC,SARC,True,True,False,False,False
254,THYM,LAML,LAML,False,False,False,False,False
255,LGG,LGG,GBMLGG,True,False,False,True,True
256,LAML,THYM,THYM,False,False,False,False,False
257,BLCA,LUSC,HNSC,False,False,False,False,True
258,COAD,COAD,COAD,True,True,False,False,False
259,STES,LIHC,LIHC,False,False,False,False,False
260,PRAD,LGG,LGG,False,False,False,False,False
261,GBMLGG,BRCA,BRCA,False,False,False,False,False
262,BLCA,BLCA,BLCA,True,True,False,False,False
263,BRCA,OV,HNSC,False,False,False,False,True
264,KIPAN,PRAD,PRAD,False,False,False,False,False
265,BRCA,KIRC,KIPAN,False,False,False,False,True
266,PRAD,PRAD,PRAD,True,True,False,False,False
267,GBMLGG,GBMLGG,GBMLGG,True,True,False,False,False
268,PAAD,PAAD,PAAD,True,True,False,False,False
269,BRCA,BRCA,CESC,True,False,False,True,True
270,GBMLGG,UCEC,GBMLGG,False,True,True,False,True
271,KIPAN,KIPAN,KIPAN,True,True,False,False,False
272,KIPAN,OV,BRCA,False,False,False,False,True
273,STES,STES,STES,True,True,False,False,False
274,UCEC,GBMLGG,GBMLGG,False,False,False,False,False
275,CESC,CESC,CESC,True,True,False,False,False
276,SARC,BRCA,BRCA,False,False,False,False,False
277,PAAD,BRCA,OV,False,False,False,False,True
278,GBMLGG,GBMLGG,GBMLGG,True,True,False,False,False
279,LAML,LAML,LAML,True,True,False,False,False
280,GBMLGG,PRAD,PRAD,False,False,False,False,False
281,BRCA,OV,OV,False,False,False,False,False
282,BRCA,BRCA,BRCA,True,True,False,False,False
283,SKCM,SKCM,SKCM,True,True,False,False,False
284,OV,OV,OV,True,True,False,False,False
285,KIPAN,KIRC,OV,False,False,False,False,True
286,STES,STES,KIPAN,True,False,False,True,True
287,THCA,THCA,THCA,True,True,False,False,False
288,SARC,SARC,SARC,True,True,False,False,False
289,PRAD,SARC,PRAD,False,True,True,False,True
290,GBMLGG,LGG,GBMLGG,False,True,True,False,True
291,SARC,PCPG,PCPG,False,False,False,False,False
292,PRAD,PRAD,PRAD,True,True,False,False,False
293,LAML,THCA,THCA,False,False,False,False,False
294,LUAD,LUSC,LUSC,False,False,False,False,False
295,LUAD,HNSC,HNSC,False,False,False,False,False
296,THCA,THCA,THCA,True,True,False,False,False
297,THCA,THCA,THCA,True,True,False,False,False
298,THCA,THCA,THCA,True,True,False,False,False
299,TGCT,PCPG,PCPG,False,False,False,False,False
300,GBMLGG,LGG,LGG,False,False,False,False,False
301,UCEC,UCEC,UCEC,True,True,False,False,False
302,GBMLGG,SARC,SARC,False,False,False,False,False
303,GBMLGG,LGG,LGG,False,False,False,False,False
304,TGCT,TGCT,TGCT,True,True,False,False,False
305,HNSC,HNSC,HNSC,True,True,False,False,False
306,PCPG,BRCA,PRAD,False,False,False,False,True
307,TGCT,TGCT,KIPAN,True,False,False,True,True
308,COAD,PAAD,PAAD,False,False,False,False,False
309,PRAD,PRAD,SARC,True,False,False,True,True
310,LUSC,OV,BRCA,False,False,False,False,True
311,SARC,SARC,SARC,True,True,False,False,False
312,PAAD,HNSC,HNSC,False,False,False,False,False
313,KIRC,KIRC,KIRC,True,True,False,False,False
314,SARC,SARC,SARC,True,True,False,False,False
315,PAAD,STES,STES,False,False,False,False,False
316,GBMLGG,PCPG,PCPG,False,False,False,False,False
317,OV,BRCA,BRCA,False,False,False,False,False
318,BLCA,STES,STES,False,False,False,False,False
319,SKCM,SKCM,SKCM,True,True,False,False,False
320,BRCA,PRAD,PRAD,False,False,False,False,False
321,OV,OV,OV,True,True,False,False,False
322,STES,UCEC,STES,False,True,True,False,True
323,UCEC,UCEC,UCEC,True,True,False,False,False
324,PRAD,PRAD,PRAD,True,True,False,False,False
325,TGCT,TGCT,TGCT,True,True,False,False,False
326,GBMLGG,LGG,LGG,False,False,False,False,False
327,COAD,COAD,COAD,True,True,False,False,False
328,LIHC,OV,OV,False,False,False,False,False
329,BRCA,BRCA,BRCA,True,True,False,False,False
330,KIPAN,KIPAN,KIPAN,True,True,False,False,False
331,LAML,OV,OV,False,False,False,False,False
332,OV,OV,OV,True,True,False,False,False
333,LGG,LGG,LGG,True,True,False,False,False
334,OV,OV,OV,True,True,False,False,False
335,LIHC,KIPAN,KIPAN,False,False,False,False,False
336,THCA,THYM,PCPG,False,False,False,False,True
337,LUSC,LUAD,LUSC,False,True,True,False,True
338,STES,LUSC,LUSC,False,False,False,False,False
339,LAML,LAML,LAML,True,True,False,False,False
340,BRCA,PRAD,THCA,False,False,False,False,True
341,GBMLGG,LGG,LGG,False,False,False,False,False
342,UCEC,UCEC,UCEC,True,True,False,False,False
343,KIRC,KIRC,KIRC,True,True,False,False,False
344,SARC,GBMLGG,SARC,False,True,True,False,True
345,BRCA,BRCA,BRCA,True,True,False,False,False
346,KIPAN,KIPAN,BRCA,True,False,False,True,True
347,KIPAN,KIPAN,KIPAN,True,True,False,False,False
348,PRAD,COAD,COAD,False,False,False,False,False
349,STES,HNSC,STES,False,True,True,False,True
350,LAML,LAML,LAML,True,True,False,False,False
351,LUAD,GBMLGG,GBMLGG,False,False,False,False,False
352,KIPAN,LIHC,LIHC,False,False,False,False,False
353,KIPAN,KIPAN,KIPAN,True,True,False,False,False
354,DLBC,DLBC,DLBC,True,True,False,False,False
355,BLCA,BLCA,BLCA,True,True,False,False,False
356,LUAD,LUSC,LUAD,False,True,True,False,True
357,KIRC,KIRC,KIRC,True,True,False,False,False
358,SARC,SARC,TGCT,True,False,False,True,True
359,KIRC,PRAD,KIPAN,False,False,False,False,True
360,COAD,COAD,COAD,True,True,False,False,False
361,COAD,COAD,COAD,True,True,False,False,False
362,LUSC,LUSC,LUSC,True,True,False,False,False
363,HNSC,LUSC,LUSC,False,False,False,False,False
364,COAD,COAD,COAD,True,True,False,False,False
365,KIPAN,THYM,THYM,False,False,False,False,False
366,PCPG,KIRC,KIPAN,False,False,False,False,True
367,STES,STES,STES,True,True,False,False,False
368,BRCA,BRCA,BRCA,True,True,False,False,False
369,TGCT,TGCT,TGCT,True,True,False,False,False
370,THCA,THCA,THCA,True,True,False,False,False
371,GBMLGG,PCPG,PCPG,False,False,False,False,False
372,BRCA,BRCA,UCEC,True,False,False,True,True
373,KIPAN,KIPAN,KIPAN,True,True,False,False,False
374,SKCM,SKCM,SKCM,True,True,False,False,False
375,BRCA,OV,OV,False,False,False,False,False
376,KIRC,KIRC,KIRC,True,True,False,False,False
377,COAD,COAD,COAD,True,True,False,False,False
378,THCA,LAML,LAML,False,False,False,False,False
379,LUSC,LUSC,LUSC,True,True,False,False,False
380,BRCA,BRCA,BRCA,True,True,False,False,False
381,GBMLGG,GBMLGG,GBMLGG,True,True,False,False,False
382,LAML,THYM,THYM,False,False,False,False,False
383,OV,SARC,BRCA,False,False,False,False,True
384,HNSC,HNSC,HNSC,True,True,False,False,False
385,LGG,LGG,LGG,True,True,False,False,False
386,GBMLGG,GBMLGG,GBMLGG,True,True,False,False,False
387,LUAD,LUSC,LIHC,False,False,False,False,True
388,LIHC,LIHC,LIHC,True,True,False,False,False
389,LAML,THYM,THYM,False,False,False,False,False
390,KIRC,KIRC,KIRC,True,True,False,False,False
391,LUSC,LUSC,LUSC,True,True,False,False,False
392,THCA,THCA,THCA,True,True,False,False,False
393,STES,KIRC,KIRC,False,False,False,False,False
394,LUAD,LUAD,KIPAN,True,False,False,True,True
395,STES,STES,STES,True,True,False,False,False
396,PRAD,PRAD,PRAD,True,True,False,False,False
397,PRAD,PRAD,PRAD,True,True,False,False,False
398,STES,STES,STES,True,True,False,False,False
399,PAAD,PAAD,PAAD,True,True,False,False,False
400,BRCA,BRCA,BRCA,True,True,False,False,False
401,HNSC,STES,STES,False,False,False,False,False
402,KIPAN,LIHC,LIHC,False,False,False,False,False
403,BRCA,BRCA,BRCA,True,True,False,False,False
404,SKCM,SKCM,SKCM,True,True,False,False,False
405,STES,STES,STES,True,True,False,False,False
406,UCEC,UCEC,STES,True,False,False,True,True
407,STES,STES,STES,True,True,False,False,False
408,LIHC,SARC,PRAD,False,False,False,False,True
409,HNSC,HNSC,CESC,True,False,False,True,True
410,CESC,BRCA,BRCA,False,False,False,False,False
411,SARC,PRAD,PCPG,False,False,False,False,True
412,THYM,THYM,THYM,True,True,False,False,False
413,THYM,THYM,THYM,True,True,False,False,False
414,PCPG,PRAD,PRAD,False,False,False,False,False
415,BRCA,BRCA,BRCA,True,True,False,False,False
416,STES,LUSC,HNSC,False,False,False,False,True
417,STES,STES,STES,True,True,False,False,False
418,PCPG,BRCA,PCPG,False,True,True,False,True
419,LGG,LGG,LGG,True,True,False,False,False
420,GBMLGG,GBMLGG,GBMLGG,True,True,False,False,False
421,TGCT,SARC,THCA,False,False,False,False,True
422,KIPAN,KIPAN,KIPAN,True,True,False,False,False
423,KIPAN,KIPAN,PRAD,True,False,False,True,True
424,COAD,COAD,COAD,True,True,False,False,False
425,LAML,LAML,LAML,True,True,False,False,False
426,BRCA,BRCA,BRCA,True,True,False,False,False
427,PRAD,TGCT,BRCA,False,False,False,False,True
428,THYM,PCPG,PCPG,False,False,False,False,False
429,PCPG,THYM,PCPG,False,True,True,False,True
430,THCA,THCA,THCA,True,True,False,False,False
431,LIHC,GBMLGG,GBMLGG,False,False,False,False,False
432,PRAD,PCPG,PCPG,False,False,False,False,False
433,UCEC,PCPG,PCPG,False,False,False,False,False
434,STES,STES,STES,True,True,False,False,False
435,PRAD,PRAD,PRAD,True,True,False,False,False
436,TGCT,TGCT,TGCT,True,True,False,False,False
437,OV,OV,OV,True,True,False,False,False
438,HNSC,HNSC,HNSC,True,True,False,False,False
439,LUAD,LIHC,LIHC,False,False,False,False,False
440,OV,PRAD,PRAD,False,False,False,False,False
441,BRCA,BRCA,BRCA,True,True,False,False,False
442,SKCM,SKCM,SKCM,True,True,False,False,False
443,BRCA,BRCA,BRCA,True,True,False,False,False
444,LUSC,LUSC,LUSC,True,True,False,False,False
445,OV,LIHC,LUSC,False,False,False,False,True
446,OV,OV,OV,True,True,False,False,False
447,STES,STES,STES,True,True,False,False,False
448,SARC,SARC,GBMLGG,True,False,False,True,True
449,COAD,COAD,COAD,True,True,False,False,False
450,KIPAN,KIPAN,KIPAN,True,True,False,False,False
451,LIHC,PAAD,COAD,False,False,False,False,True
452,KIPAN,CESC,STES,False,False,False,False,True
453,KIPAN,KIPAN,KIPAN,True,True,False,False,False
454,GBMLGG,GBMLGG,LGG,True,False,False,True,True
455,GBMLGG,GBMLGG,GBMLGG,True,True,False,False,False
456,PRAD,BRCA,PRAD,False,True,True,False,True
457,SARC,PCPG,PCPG,False,False,False,False,False
458,PRAD,PRAD,GBMLGG,True,False,False,True,True
459,BRCA,BRCA,THCA,True,False,False,True,True
460,BRCA,BRCA,BRCA,True,True,False,False,False
461,LIHC,BRCA,LIHC,False,True,True,False,True
462,COAD,COAD,COAD,True,True,False,False,False
463,THCA,THCA,THCA,True,True,False,False,False
464,PRAD,PRAD,PRAD,True,True,False,False,False
465,BRCA,PCPG,PCPG,False,False,False,False,False
466,BRCA,SARC,SARC,False,False,False,False,False
467,GBMLGG,GBMLGG,GBMLGG,True,True,False,False,False
468,OV,OV,OV,True,True,False,False,False
469,LUAD,LUAD,LUAD,True,True,False,False,False
470,KIPAN,KIRC,KIPAN,False,True,True,False,True
471,KIRC,KIRC,KIRC,True,True,False,False,False
472,TGCT,SARC,SARC,False,False,False,False,False
473,KIPAN,BRCA,KIRC,False,False,False,False,True
474,GBMLGG,GBMLGG,GBMLGG,True,True,False,False,False
475,BRCA,PCPG,BRCA,False,True,True,False,True
476,GBMLGG,GBMLGG,GBMLGG,True,True,False,False,False
477,OV,OV,BRCA,True,False,False,True,True
478,THYM,PCPG,PCPG,False,False,False,False,False
479,BLCA,STES,STES,False,False,False,False,False
480,OV,BRCA,OV,False,True,True,False,True
481,LAML,SARC,SARC,False,False,False,False,False
482,OV,SARC,SARC,False,False,False,False,False
483,HNSC,BRCA,BRCA,False,False,False,False,False
484,PCPG,PCPG,PCPG,True,True,False,False,False
485,THCA,THCA,THCA,True,True,False,False,False
486,SKCM,SKCM,DLBC,True,False,False,True,True
487,LIHC,LIHC,LIHC,True,True,False,False,False
488,LGG,GBMLGG,GBMLGG,False,False,False,False,False
489,CESC,PAAD,PAAD,False,False,False,False,False
490,LUSC,LUSC,LUSC,True,True,False,False,False
491,PRAD,KIRC,KIRC,False,False,False,False,False
492,KIPAN,KIRC,KIRC,False,False,False,False,False
493,COAD,STES,STES,False,False,False,False,False
494,CESC,BRCA,KIRC,False,False,False,False,True
495,SKCM,SKCM,SKCM,True,True,False,False,False
496,UCEC,UCEC,UCEC,True,True,False,False,False
497,HNSC,HNSC,HNSC,True,True,False,False,False
498,LAML,GBMLGG,GBMLGG,False,False,False,False,False
499,SARC,BRCA,LUAD,False,False,False,False,True
500,LGG,LGG,LGG,True,True,False,False,False
501,STES,KIRC,KIPAN,False,False,False,False,True
502,HNSC,KIRC,KIPAN,False,False,False,False,True
503,BLCA,UCEC,UCEC,False,False,False,False,False
504,UCEC,UCEC,UCEC,True,True,False,False,False
505,PAAD,BRCA,SKCM,False,False,False,False,True
506,KIPAN,KIPAN,KIPAN,True,True,False,False,False
507,LGG,LGG,LGG,True,True,False,False,False
508,COAD,COAD,COAD,True,True,False,False,False
509,THCA,COAD,COAD,False,False,False,False,False
510,GBMLGG,OV,OV,False,False,False,False,False
511,KIRC,KIRC,KIRC,True,True,False,False,False
512,STES,STES,STES,True,True,False,False,False
513,KIRC,KIRC,KIRC,True,True,False,False,False
514,SKCM,SKCM,SKCM,True,True,False,False,False
515,COAD,STES,STES,False,False,False,False,False
516,SARC,OV,OV,False,False,False,False,False
517,HNSC,HNSC,BRCA,True,False,False,True,True
518,BRCA,BRCA,BRCA,True,True,False,False,False
519,STES,SARC,KIPAN,False,False,False,False,True
520,UCEC,UCEC,UCEC,True,True,False,False,False
521,BRCA,BRCA,BRCA,True,True,False,False,False
522,BRCA,KIPAN,BRCA,False,True,True,False,True
523,STES,STES,STES,True,True,False,False,False
524,BRCA,BRCA,BRCA,True,True,False,False,False
525,STES,STES,STES,True,True,False,False,False
526,UCEC,BRCA,BRCA,False,False,False,False,False
527,BRCA,BRCA,BRCA,True,True,False,False,False
528,THCA,THCA,THCA,True,True,False,False,False
529,LUSC,HNSC,HNSC,False,False,False,False,False
530,HNSC,UCEC,HNSC,False,True,True,False,True
531,SKCM,SKCM,SKCM,True,True,False,False,False
532,LUSC,LUSC,LUSC,True,True,False,False,False
533,PAAD,PRAD,PRAD,False,False,False,False,False
534,BRCA,BRCA,BRCA,True,True,False,False,False
535,KIRC,KIRC,KIPAN,True,False,False,True,True
536,CESC,BLCA,BLCA,False,False,False,False,False
537,KIRC,KIPAN,KIRC,False,True,True,False,True
538,PAAD,PAAD,HNSC,True,False,False,True,True
539,STES,STES,STES,True,True,False,False,False
540,CESC,BLCA,BLCA,False,False,False,False,False
541,PCPG,KIRC,KIRC,False,False,False,False,False
542,BRCA,OV,OV,False,False,False,False,False
543,COAD,COAD,COAD,True,True,False,False,False
544,LAML,SARC,SARC,False,False,False,False,False
545,COAD,COAD,COAD,True,True,False,False,False
546,KIRC,KIPAN,TGCT,False,False,False,False,True
547,SARC,PRAD,PRAD,False,False,False,False,False
548,LGG,LGG,LGG,True,True,False,False,False
549,BRCA,PRAD,PRAD,False,False,False,False,False
550,UCEC,UCEC,UCEC,True,True,False,False,False
551,KIPAN,PCPG,PCPG,False,False,False,False,False
552,BRCA,BRCA,BRCA,True,True,False,False,False
553,PRAD,PRAD,THCA,True,False,False,True,True
554,LUSC,LUSC,LUSC,True,True,False,False,False
555,BRCA,BRCA,BRCA,True,True,False,False,False
556,BLCA,BLCA,BLCA,True,True,False,False,False
557,SKCM,SKCM,SKCM,True,True,False,False,False
558,LAML,THYM,THYM,False,False,False,False,False
559,STES,STES,STES,True,True,False,False,False
560,SKCM,SKCM,SKCM,True,True,False,False,False
561,BLCA,BLCA,BLCA,True,True,False,False,False
562,BLCA,BLCA,BLCA,True,True,False,False,False
563,STES,KIPAN,KIPAN,False,False,False,False,False
564,DLBC,DLBC,DLBC,True,True,False,False,False
565,SARC,STES,HNSC,False,False,False,False,True
566,SARC,PCPG,PCPG,False,False,False,False,False
567,PAAD,PAAD,PAAD,True,True,False,False,False
568,KIPAN,PRAD,PCPG,False,False,False,False,True
569,BRCA,THYM,THYM,False,False,False,False,False
570,STES,STES,STES,True,True,False,False,False
571,BRCA,OV,OV,False,False,False,False,False
572,BLCA,BLCA,LUAD,True,False,False,True,True
573,HNSC,PAAD,PAAD,False,False,False,False,False
574,LGG,LGG,LGG,True,True,False,False,False
575,SARC,LAML,LAML,False,False,False,False,False
576,THYM,THYM,THYM,True,True,False,False,False
577,SKCM,SKCM,SKCM,True,True,False,False,False
578,PAAD,KIPAN,STES,False,False,False,False,True
579,PCPG,PCPG,PCPG,True,True,False,False,False
580,KIPAN,KIPAN,KIPAN,True,True,False,False,False
581,GBMLGG,GBMLGG,GBMLGG,True,True,False,False,False
582,COAD,COAD,COAD,True,True,False,False,False
583,LIHC,UCEC,OV,False,False,False,False,True
584,LAML,SARC,PRAD,False,False,False,False,True
585,HNSC,HNSC,BRCA,True,False,False,True,True
586,BLCA,LUAD,LUAD,False,False,False,False,False
587,KIRC,KIRC,KIRC,True,True,False,False,False
588,TGCT,SARC,SARC,False,False,False,False,False
589,PRAD,BRCA,BRCA,False,False,False,False,False
590,BRCA,BRCA,BRCA,True,True,False,False,False
591,LUAD,BRCA,CESC,False,False,False,False,True
592,SKCM,SKCM,SKCM,True,True,False,False,False
593,KIRC,KIRC,KIRC,True,True,False,False,False
594,CESC,KIPAN,KIPAN,False,False,False,False,False
595,THYM,LAML,THYM,False,True,True,False,True
596,STES,STES,LUAD,True,False,False,True,True
597,PRAD,PRAD,PRAD,True,True,False,False,False
598,PRAD,PRAD,UCEC,True,False,False,True,True
599,GBMLGG,UCEC,GBMLGG,False,True,True,False,True
600,STES,STES,COAD,True,False,False,True,True
601,STES,COAD,COAD,False,False,False,False,False
602,STES,BRCA,BRCA,False,False,False,False,False
603,BRCA,OV,OV,False,False,False,False,False
604,SKCM,SKCM,SKCM,True,True,False,False,False
605,STES,STES,STES,True,True,False,False,False
606,OV,BRCA,BRCA,False,False,False,False,False
607,LGG,LGG,LGG,True,True,False,False,False
608,LUAD,STES,TGCT,False,False,False,False,True
609,OV,BRCA,OV,False,True,True,False,True
610,KIPAN,PRAD,BRCA,False,False,False,False,True
611,SKCM,SKCM,SKCM,True,True,False,False,False
612,SKCM,SKCM,SKCM,True,True,False,False,False
613,GBMLGG,GBMLGG,GBMLGG,True,True,False,False,False
614,DLBC,SARC,SARC,False,False,False,False,False
615,THCA,THCA,THCA,True,True,False,False,False
616,STES,TGCT,LUAD,False,False,False,False,True
617,BRCA,BRCA,BRCA,True,True,False,False,False
618,STES,LAML,LAML,False,False,False,False,False
619,HNSC,LUSC,LUSC,False,False,False,False,False
620,HNSC,HNSC,HNSC,True,True,False,False,False
621,STES,LUAD,LUAD,False,False,False,False,False
622,THYM,PCPG,THYM,False,True,True,False,True
623,PCPG,PRAD,KIRC,False,False,False,False,True
624,GBMLGG,PRAD,PRAD,False,False,False,False,False
625,STES,STES,STES,True,True,False,False,False
626,LUAD,LUAD,LUAD,True,True,False,False,False
627,OV,BRCA,OV,False,True,True,False,True
628,KIPAN,KIRC,KIRC,False,False,False,False,False
629,LUSC,LUSC,LUSC,True,True,False,False,False
630,KIRC,KIRC,KIRC,True,True,False,False,False
631,KIRC,KIRC,KIRC,True,True,False,False,False
632,LAML,KIRC,KIRC,False,False,False,False,False
633,BRCA,BRCA,BRCA,True,True,False,False,False
634,PRAD,KIRC,BRCA,False,False,False,False,True
635,LUAD,HNSC,OV,False,False,False,False,True
636,THYM,THYM,THYM,True,True,False,False,False
637,OV,PAAD,OV,False,True,True,False,True
638,LGG,LGG,LGG,True,True,False,False,False
639,STES,COAD,COAD,False,False,False,False,False
640,KIPAN,KIPAN,KIPAN,True,True,False,False,False
641,KIPAN,KIPAN,KIPAN,True,True,False,False,False
642,KIPAN,HNSC,HNSC,False,False,False,False,False
643,BRCA,PAAD,PAAD,False,False,False,False,False
644,HNSC,HNSC,HNSC,True,True,False,False,False
645,SARC,BRCA,BRCA,False,False,False,False,False
646,SKCM,SKCM,SKCM,True,True,False,False,False
647,BRCA,UCEC,UCEC,False,False,False,False,False
648,SARC,SARC,SARC,True,True,False,False,False
649,STES,KIPAN,KIPAN,False,False,False,False,False
650,LUAD,LIHC,LIHC,False,False,False,False,False
651,UCEC,BRCA,BRCA,False,False,False,False,False
652,LAML,LAML,LAML,True,True,False,False,False
653,HNSC,STES,PAAD,False,False,False,False,True
654,UCEC,UCEC,UCEC,True,True,False,False,False
655,PRAD,PRAD,PRAD,True,True,False,False,False
656,ACC,ACC,ACC,True,True,False,False,False
657,SARC,OV,LAML,False,False,False,False,True
658,BRCA,KIPAN,BRCA,False,True,True,False,True
659,LAML,PCPG,PCPG,False,False,False,False,False
660,THYM,BRCA,THCA,False,False,False,False,True
661,GBMLGG,GBMLGG,GBMLGG,True,True,False,False,False
662,LGG,LGG,LGG,True,True,False,False,False
663,THYM,BRCA,THYM,False,True,True,False,True
664,LUAD,LUSC,LUSC,False,False,False,False,False
665,BRCA,BRCA,BRCA,True,True,False,False,False
666,KIPAN,OV,OV,False,False,False,False,False
667,KIPAN,KIRC,KIRC,False,False,False,False,False
668,LGG,LGG,LGG,True,True,False,False,False
669,BLCA,LUSC,LUSC,False,False,False,False,False
670,BRCA,BRCA,BRCA,True,True,False,False,False
671,LGG,THYM,THYM,False,False,False,False,False
672,TGCT,TGCT,TGCT,True,True,False,False,False
673,KIRC,KIRC,KIRC,True,True,False,False,False
674,THCA,PRAD,LAML,False,False,False,False,True
675,COAD,COAD,COAD,True,True,False,False,False
676,PAAD,KIRC,CESC,False,False,False,False,True
677,THYM,TGCT,TGCT,False,False,False,False,False
678,ACC,ACC,ACC,True,True,False,False,False
679,STES,STES,STES,True,True,False,False,False
680,KIRC,KIRC,KIRC,True,True,False,False,False
681,LUSC,BLCA,BLCA,False,False,False,False,False
682,STES,BRCA,UCEC,False,False,False,False,True
683,KIPAN,KIPAN,KIPAN,True,True,False,False,False
684,LUAD,LUAD,LIHC,True,False,False,True,True
685,SARC,BRCA,BRCA,False,False,False,False,False
686,UCEC,UCEC,UCEC,True,True,False,False,False
687,THCA,THCA,THCA,True,True,False,False,False
688,BRCA,BRCA,BRCA,True,True,False,False,False
689,KIPAN,KIRC,KIRC,False,False,False,False,False
690,ACC,ACC,ACC,True,True,False,False,False
691,LUSC,LUAD,LUSC,False,True,True,False,True
692,KIRC,KIRC,KIRC,True,True,False,False,False
693,LGG,LGG,LGG,True,True,False,False,False
694,SKCM,SKCM,SKCM,True,True,False,False,False
695,KIRC,KIPAN,KIPAN,False,False,False,False,False
696,BRCA,BRCA,BRCA,True,True,False,False,False
697,BRCA,PRAD,PRAD,False,False,False,False,False
698,SKCM,KIRC,KIRC,False,False,False,False,False
699,LIHC,LIHC,LIHC,True,True,False,False,False
700,STES,SARC,SARC,False,False,False,False,False
701,LGG,LGG,LGG,True,True,False,False,False
702,GBMLGG,KIPAN,PRAD,False,False,False,False,True
703,COAD,BRCA,BRCA,False,False,False,False,False
704,ACC,ACC,ACC,True,True,False,False,False
705,LIHC,COAD,COAD,False,False,False,False,False
706,CESC,CESC,HNSC,True,False,False,True,True
707,KIPAN,PCPG,PCPG,False,False,False,False,False
708,KIPAN,KIRC,ACC,False,False,False,False,True
709,KIRC,KIRC,KIRC,True,True,False,False,False
710,KIRC,PRAD,PRAD,False,False,False,False,False
711,KIPAN,KIPAN,KIPAN,True,True,False,False,False
712,GBMLGG,LGG,LGG,False,False,False,False,False
713,GBMLGG,LGG,GBMLGG,False,True,True,False,True
714,CESC,CESC,CESC,True,True,False,False,False
715,OV,OV,OV,True,True,False,False,False
716,KIPAN,KIPAN,KIPAN,True,True,False,False,False
717,STES,STES,STES,True,True,False,False,False
718,TGCT,TGCT,TGCT,True,True,False,False,False
719,PRAD,KIRC,KIRC,False,False,False,False,False
720,LUSC,LUSC,LUSC,True,True,False,False,False
721,STES,COAD,COAD,False,False,False,False,False
722,KIPAN,KIPAN,KIPAN,True,True,False,False,False
723,ACC,ACC,ACC,True,True,False,False,False
724,GBMLGG,GBMLGG,GBMLGG,True,True,False,False,False
725,OV,BRCA,SARC,False,False,False,False,True
726,BRCA,PRAD,PRAD,False,False,False,False,False
727,LGG,LGG,LGG,True,True,False,False,False
728,KIRC,KIRC,KIRC,True,True,False,False,False
729,PCPG,BRCA,THCA,False,False,False,False,True
730,THCA,THCA,THCA,True,True,False,False,False
731,BRCA,BRCA,BRCA,True,True,False,False,False
732,STES,STES,STES,True,True,False,False,False
733,GBMLGG,COAD,COAD,False,False,False,False,False
734,ACC,ACC,ACC,True,True,False,False,False
735,STES,OV,OV,False,False,False,False,False
736,LUAD,LUAD,LUAD,True,True,False,False,False
737,STES,KIPAN,PAAD,False,False,False,False,True
738,HNSC,HNSC,HNSC,True,True,False,False,False
739,LUSC,LUSC,LUSC,True,True,False,False,False
740,KIPAN,KIRC,KIPAN,False,True,True,False,True
741,THCA,THCA,THCA,True,True,False,False,False
742,LUSC,STES,STES,False,False,False,False,False
743,STES,STES,STES,True,True,False,False,False
744,PRAD,PRAD,PRAD,True,True,False,False,False
745,BRCA,BRCA,BRCA,True,True,False,False,False
746,LUSC,LUSC,LUSC,True,True,False,False,False
747,UCEC,UCEC,UCEC,True,True,False,False,False
748,OV,STES,SARC,False,False,False,False,True
749,BRCA,BRCA,OV,True,False,False,True,True
750,CESC,THYM,THYM,False,False,False,False,False
751,BRCA,BRCA,BRCA,True,True,False,False,False
752,LAML,LAML,LAML,True,True,False,False,False
753,STES,UCEC,UCEC,False,False,False,False,False
754,KIPAN,KIPAN,KIPAN,True,True,False,False,False
755,SKCM,SKCM,SKCM,True,True,False,False,False
756,LIHC,GBMLGG,GBMLGG,False,False,False,False,False
757,UCEC,UCEC,UCEC,True,True,False,False,False
758,BRCA,BRCA,BRCA,True,True,False,False,False
759,SARC,LAML,PRAD,False,False,False,False,True
760,LIHC,STES,LUAD,False,False,False,False,True
761,THCA,THCA,THCA,True,True,False,False,False
762,LAML,LAML,LAML,True,True,False,False,False
763,LGG,LGG,LGG,True,True,False,False,False
764,BRCA,PCPG,PCPG,False,False,False,False,False
765,SARC,SARC,SARC,True,True,False,False,False
766,STES,STES,BRCA,True,False,False,True,True
767,ACC,ACC,ACC,True,True,False,False,False
768,OV,BRCA,BRCA,False,False,False,False,False
769,BRCA,BRCA,BRCA,True,True,False,False,False
770,HNSC,HNSC,HNSC,True,True,False,False,False
771,PCPG,PCPG,PCPG,True,True,False,False,False
772,BRCA,BRCA,BRCA,True,True,False,False,False
773,BLCA,BLCA,BLCA,True,True,False,False,False
774,BRCA,OV,OV,False,False,False,False,False
775,LUAD,LUAD,LUAD,True,True,False,False,False
776,GBMLGG,LGG,GBMLGG,False,True,True,False,True
777,GBMLGG,PRAD,PRAD,False,False,False,False,False
778,BLCA,BLCA,BRCA,True,False,False,True,True
779,KIRC,KIRC,KIRC,True,True,False,False,False
780,PAAD,PAAD,PAAD,True,True,False,False,False
781,CESC,THYM,THYM,False,False,False,False,False
782,BRCA,BRCA,BRCA,True,True,False,False,False
783,BRCA,STES,BRCA,False,True,True,False,True
784,COAD,COAD,COAD,True,True,False,False,False
785,GBMLGG,LGG,GBMLGG,False,True,True,False,True
786,TGCT,TGCT,TGCT,True,True,False,False,False
787,KIRC,KIRC,KIRC,True,True,False,False,False
788,KIPAN,PRAD,PRAD,False,False,False,False,False
789,OV,OV,OV,True,True,False,False,False
790,GBMLGG,GBMLGG,GBMLGG,True,True,False,False,False
791,BRCA,BRCA,BRCA,True,True,False,False,False
792,LGG,GBMLGG,GBMLGG,False,False,False,False,False
793,OV,OV,OV,True,True,False,False,False
794,COAD,COAD,COAD,True,True,False,False,False
795,UCEC,OV,OV,False,False,False,False,False
796,KIRC,KIPAN,LUAD,False,False,False,False,True
797,TGCT,LUAD,KIPAN,False,False,False,False,True
798,SKCM,SKCM,SKCM,True,True,False,False,False
799,KIPAN,KIPAN,KIPAN,True,True,False,False,False
800,STES,BRCA,BRCA,False,False,False,False,False
801,LAML,LAML,LAML,True,True,False,False,False
802,LGG,LGG,LGG,True,True,False,False,False
803,UCEC,UCEC,UCEC,True,True,False,False,False
804,THCA,PRAD,THCA,False,True,True,False,True
805,GBMLGG,GBMLGG,GBMLGG,True,True,False,False,False
806,KIPAN,KIPAN,KIPAN,True,True,False,False,False
807,SKCM,SKCM,SKCM,True,True,False,False,False
808,GBMLGG,LGG,LGG,False,False,False,False,False
809,BRCA,BRCA,BRCA,True,True,False,False,False
810,PCPG,THCA,THYM,False,False,False,False,True
811,THCA,THCA,THCA,True,True,False,False,False
812,GBMLGG,GBMLGG,GBMLGG,True,True,False,False,False
813,LAML,THYM,THYM,False,False,False,False,False
814,UCEC,LIHC,LIHC,False,False,False,False,False
815,THYM,PRAD,LAML,False,False,False,False,True
816,COAD,COAD,COAD,True,True,False,False,False
817,STES,KIRC,KIPAN,False,False,False,False,True
818,THCA,SARC,PRAD,False,False,False,False,True
819,PCPG,PCPG,LAML,True,False,False,True,True
820,ACC,ACC,ACC,True,True,False,False,False
821,BLCA,BLCA,BLCA,True,True,False,False,False
822,PRAD,PRAD,BRCA,True,False,False,True,True
823,KIRC,PRAD,BRCA,False,False,False,False,True
824,TGCT,TGCT,TGCT,True,True,False,False,False
825,BRCA,THYM,THYM,False,False,False,False,False
826,LUSC,LUSC,LUSC,True,True,False,False,False
827,UCEC,UCEC,UCEC,True,True,False,False,False
828,GBMLGG,BRCA,BRCA,False,False,False,False,False
829,KIRC,KIRC,KIRC,True,True,False,False,False
830,TGCT,TGCT,TGCT,True,True,False,False,False
831,KIPAN,KIPAN,BRCA,True,False,False,True,True
832,GBMLGG,LIHC,KIPAN,False,False,False,False,True
833,KIPAN,KIRC,KIRC,False,False,False,False,False
834,OV,SARC,SARC,False,False,False,False,False
835,KIPAN,KIPAN,KIPAN,True,True,False,False,False
836,BRCA,OV,OV,False,False,False,False,False
837,GBMLGG,GBMLGG,GBMLGG,True,True,False,False,False
838,PRAD,PRAD,PRAD,True,True,False,False,False
839,HNSC,HNSC,HNSC,True,True,False,False,False
840,DLBC,PAAD,PAAD,False,False,False,False,False
841,KIRC,KIRC,KIRC,True,True,False,False,False
842,COAD,COAD,COAD,True,True,False,False,False
843,SKCM,SKCM,SKCM,True,True,False,False,False
844,THCA,LAML,LAML,False,False,False,False,False
845,UCEC,UCEC,BRCA,True,False,False,True,True
846,BLCA,CESC,CESC,False,False,False,False,False
847,LIHC,LIHC,LIHC,True,True,False,False,False
848,SARC,OV,OV,False,False,False,False,False
849,COAD,COAD,COAD,True,True,False,False,False
850,KIPAN,KIPAN,KIPAN,True,True,False,False,False
851,STES,BRCA,HNSC,False,False,False,False,True
852,LGG,GBMLGG,GBMLGG,False,False,False,False,False
853,PRAD,PCPG,SARC,False,False,False,False,True
854,LGG,GBMLGG,GBMLGG,False,False,False,False,False
855,THCA,LAML,LAML,False,False,False,False,False
856,KIRC,KIRC,KIRC,True,True,False,False,False
857,SKCM,SKCM,SKCM,True,True,False,False,False
858,CESC,BRCA,LUAD,False,False,False,False,True
859,BLCA,BLCA,BLCA,True,True,False,False,False
860,UCEC,OV,OV,False,False,False,False,False
861,LUSC,LUSC,LUAD,True,False,False,True,True
862,LUAD,BRCA,SARC,False,False,False,False,True
863,BLCA,STES,STES,False,False,False,False,False
864,STES,STES,STES,True,True,False,False,False
865,SARC,BRCA,SARC,False,True,True,False,True
866,OV,OV,SARC,True,False,False,True,True
867,KIPAN,KIPAN,KIPAN,True,True,False,False,False
868,STES,STES,LUSC,True,False,False,True,True
869,GBMLGG,LUAD,LUAD,False,False,False,False,False
870,KIRC,KIRC,KIRC,True,True,False,False,False
871,BRCA,BRCA,BRCA,True,True,False,False,False
872,SKCM,LIHC,LIHC,False,False,False,False,False
873,LUSC,LUAD,LUAD,False,False,False,False,False
874,CESC,CESC,CESC,True,True,False,False,False
875,BLCA,BLCA,ACC,True,False,False,True,True
876,LAML,LAML,LAML,True,True,False,False,False
877,SKCM,SKCM,SKCM,True,True,False,False,False
878,KIPAN,KIRC,KIRC,False,False,False,False,False
879,GBMLGG,THYM,THYM,False,False,False,False,False
880,TGCT,TGCT,TGCT,True,True,False,False,False
881,SARC,PRAD,PRAD,False,False,False,False,False
882,BRCA,BRCA,PRAD,True,False,False,True,True
883,COAD,BRCA,THCA,False,False,False,False,True
884,PAAD,PAAD,PAAD,True,True,False,False,False
885,TGCT,TGCT,TGCT,True,True,False,False,False
886,KIRC,KIRC,LAML,True,False,False,True,True
887,LUAD,CESC,CESC,False,False,False,False,False
888,KIPAN,OV,OV,False,False,False,False,False
889,SKCM,SKCM,SKCM,True,True,False,False,False
890,ACC,ACC,ACC,True,True,False,False,False
891,THCA,THYM,THYM,False,False,False,False,False
892,LGG,OV,OV,False,False,False,False,False
893,LGG,LGG,LGG,True,True,False,False,False
894,THYM,THYM,THYM,True,True,False,False,False
895,LAML,THYM,THYM,False,False,False,False,False
896,OV,BRCA,BRCA,False,False,False,False,False
897,PRAD,STES,STES,False,False,False,False,False
898,SARC,CESC,CESC,False,False,False,False,False
899,SKCM,SKCM,SKCM,True,True,False,False,False
900,KIPAN,KIRC,KIPAN,False,True,True,False,True
901,LUSC,GBMLGG,LUAD,False,False,False,False,True
902,BRCA,BRCA,BRCA,True,True,False,False,False
903,OV,OV,OV,True,True,False,False,False
904,LGG,GBMLGG,GBMLGG,False,False,False,False,False
905,KIPAN,KIPAN,KIPAN,True,True,False,False,False
906,CESC,CESC,CESC,True,True,False,False,False
907,COAD,STES,COAD,False,True,True,False,True
908,PRAD,BRCA,KIRC,False,False,False,False,True
909,THYM,LAML,LAML,False,False,False,False,False
910,THYM,KIRC,KIRC,False,False,False,False,False
911,COAD,COAD,COAD,True,True,False,False,False
912,BRCA,STES,LIHC,False,False,False,False,True
913,PRAD,THYM,THYM,False,False,False,False,False
914,BRCA,BRCA,THYM,True,False,False,True,True
915,THCA,THCA,THCA,True,True,False,False,False
916,PCPG,THYM,THYM,False,False,False,False,False
917,HNSC,LUSC,LUSC,False,False,False,False,False
918,BRCA,BRCA,BRCA,True,True,False,False,False
919,BRCA,THYM,THYM,False,False,False,False,False
920,OV,OV,OV,True,True,False,False,False
921,STES,STES,STES,True,True,False,False,False
922,GBMLGG,GBMLGG,GBMLGG,True,True,False,False,False
923,LUSC,LUSC,LUSC,True,True,False,False,False
924,KIPAN,KIPAN,BLCA,True,False,False,True,True
925,PCPG,PCPG,PCPG,True,True,False,False,False
926,THYM,PCPG,BRCA,False,False,False,False,True
927,COAD,COAD,COAD,True,True,False,False,False
928,SKCM,SKCM,SKCM,True,True,False,False,False
929,KIRC,PRAD,PRAD,False,False,False,False,False
930,BRCA,BRCA,BRCA,True,True,False,False,False
931,HNSC,COAD,COAD,False,False,False,False,False
932,STES,STES,STES,True,True,False,False,False
933,COAD,COAD,COAD,True,True,False,False,False
934,BLCA,LIHC,LIHC,False,False,False,False,False
935,BLCA,HNSC,STES,False,False,False,False,True
936,BRCA,BRCA,BRCA,True,True,False,False,False
937,THYM,THYM,THCA,True,False,False,True,True
938,KIPAN,KIPAN,KIPAN,True,True,False,False,False
939,TGCT,KIRC,KIPAN,False,False,False,False,True
940,PCPG,PRAD,PRAD,False,False,False,False,False
941,SKCM,SKCM,SKCM,True,True,False,False,False
942,PRAD,PRAD,PRAD,True,True,False,False,False
943,OV,BRCA,BRCA,False,False,False,False,False
944,SKCM,SKCM,SKCM,True,True,False,False,False
945,KIRC,KIRC,KIRC,True,True,False,False,False
946,LUSC,LUSC,LUSC,True,True,False,False,False
947,UCEC,UCEC,UCEC,True,True,False,False,False
948,SKCM,SKCM,SKCM,True,True,False,False,False
949,LIHC,LIHC,LIHC,True,True,False,False,False
950,BRCA,BRCA,BRCA,True,True,False,False,False
951,CESC,GBMLGG,GBMLGG,False,False,False,False,False
952,BRCA,STES,LUAD,False,False,False,False,True
953,COAD,UCEC,UCEC,False,False,False,False,False
954,KIPAN,LIHC,LIHC,False,False,False,False,False
955,THCA,PCPG,PCPG,False,False,False,False,False
956,GBMLGG,LGG,LGG,False,False,False,False,False
957,PRAD,OV,OV,False,False,False,False,False
958,GBMLGG,GBMLGG,GBMLGG,True,True,False,False,False
959,STES,STES,COAD,True,False,False,True,True
960,GBMLGG,TGCT,TGCT,False,False,False,False,False
961,STES,COAD,COAD,False,False,False,False,False
962,PCPG,PCPG,PCPG,True,True,False,False,False
963,SKCM,BRCA,BRCA,False,False,False,False,False
964,THCA,THCA,THCA,True,True,False,False,False
965,UCEC,UCEC,UCEC,True,True,False,False,False
966,LGG,LGG,LGG,True,True,False,False,False
967,HNSC,BLCA,BLCA,False,False,False,False,False
968,THCA,BRCA,PCPG,False,False,False,False,True
969,BLCA,HNSC,HNSC,False,False,False,False,False
970,SKCM,SKCM,SKCM,True,True,False,False,False
971,LIHC,STES,STES,False,False,False,False,False
972,KIPAN,KIPAN,KIPAN,True,True,False,False,False
973,CESC,BRCA,SARC,False,False,False,False,True
974,THCA,PRAD,PCPG,False,False,False,False,True
975,CESC,SARC,SARC,False,False,False,False,False
976,THCA,THCA,THCA,True,True,False,False,False
977,KIRC,KIRC,KIRC,True,True,False,False,False
978,STES,BLCA,BLCA,False,False,False,False,False
979,OV,BRCA,BRCA,False,False,False,False,False
980,TGCT,TGCT,TGCT,True,True,False,False,False
981,LGG,LGG,LGG,True,True,False,False,False
982,UCEC,UCEC,UCEC,True,True,False,False,False
983,KIPAN,KIPAN,KIPAN,True,True,False,False,False
984,COAD,COAD,COAD,True,True,False,False,False
985,KIPAN,KIPAN,KIPAN,True,True,False,False,False
986,GBMLGG,LGG,LGG,False,False,False,False,False
987,KIPAN,GBMLGG,GBMLGG,False,False,False,False,False
988,UCEC,BRCA,BRCA,False,False,False,False,False
989,STES,STES,STES,True,True,False,False,False
990,LUSC,LUSC,LUSC,True,True,False,False,False
991,OV,OV,OV,True,True,False,False,False
992,PRAD,PCPG,PCPG,False,False,False,False,False
993,UCEC,STES,STES,False,False,False,False,False
994,BRCA,STES,STES,False,False,False,False,False
995,GBMLGG,GBMLGG,GBMLGG,True,True,False,False,False
996,SKCM,SKCM,SKCM,True,True,False,False,False
997,PCPG,PRAD,PRAD,False,False,False,False,False
998,LIHC,LIHC,LIHC,True,True,False,False,False
999,COAD,COAD,COAD,True,True,False,False,False
1000,BRCA,BRCA,BRCA,True,True,False,False,False
1001,PRAD,LGG,GBMLGG,False,False,False,False,True
1002,CESC,CESC,CESC,True,True,False,False,False
1003,KIPAN,KIPAN,KIPAN,True,True,False,False,False
1004,BRCA,BLCA,OV,False,False,False,False,True
1005,CESC,CESC,CESC,True,True,False,False,False
1006,PCPG,KIRC,SARC,False,False,False,False,True
1007,LAML,THYM,THYM,False,False,False,False,False
1008,BRCA,BRCA,BRCA,True,True,False,False,False
1009,OV,BRCA,BRCA,False,False,False,False,False
1010,LIHC,LIHC,LIHC,True,True,False,False,False
1011,PAAD,GBMLGG,LGG,False,False,False,False,True
1012,LUSC,LUSC,LUSC,True,True,False,False,False
1013,BRCA,STES,STES,False,False,False,False,False
1014,SKCM,SKCM,SKCM,True,True,False,False,False
1015,BRCA,COAD,COAD,False,False,False,False,False
1016,LUSC,LUSC,LUSC,True,True,False,False,False
1017,KIRC,KIRC,KIRC,True,True,False,False,False
1018,KIPAN,PRAD,PRAD,False,False,False,False,False
1019,COAD,COAD,COAD,True,True,False,False,False
1020,CESC,HNSC,HNSC,False,False,False,False,False
1021,GBMLGG,LGG,LGG,False,False,False,False,False
1022,KIRC,KIRC,KIRC,True,True,False,False,False
1023,LAML,OV,OV,False,False,False,False,False
1024,SARC,BRCA,BRCA,False,False,False,False,False
1025,STES,STES,STES,True,True,False,False,False
1026,PCPG,SARC,KIPAN,False,False,False,False,True
1027,LGG,LGG,LGG,True,True,False,False,False
1028,BRCA,PRAD,PRAD,False,False,False,False,False
1029,BRCA,BRCA,BRCA,True,True,False,False,False
1030,LUSC,LUSC,LUSC,True,True,False,False,False
1031,KIRC,KIRC,KIRC,True,True,False,False,False
1032,KIPAN,KIPAN,KIPAN,True,True,False,False,False
1033,GBMLGG,KIPAN,KIPAN,False,False,False,False,False
1034,BLCA,BLCA,BLCA,True,True,False,False,False
1035,LUAD,LUSC,LUSC,False,False,False,False,False
1036,OV,OV,OV,True,True,False,False,False
1037,STES,PAAD,GBMLGG,False,False,False,False,True
1038,UCEC,UCEC,UCEC,True,True,False,False,False
1039,HNSC,HNSC,HNSC,True,True,False,False,False
1040,BRCA,PRAD,PRAD,False,False,False,False,False
1041,LIHC,KIPAN,KIRC,False,False,False,False,True
1042,CESC,CESC,CESC,True,True,False,False,False
1043,LIHC,STES,STES,False,False,False,False,False
1044,SKCM,SKCM,SKCM,True,True,False,False,False
1045,COAD,THCA,THCA,False,False,False,False,False
1046,SARC,GBMLGG,SARC,False,True,True,False,True
1047,DLBC,STES,STES,False,False,False,False,False
1048,LIHC,OV,HNSC,False,False,False,False,True
1049,BRCA,LAML,LAML,False,False,False,False,False
1050,PRAD,KIPAN,KIPAN,False,False,False,False,False
1051,PAAD,PAAD,OV,True,False,False,True,True
1052,KIPAN,KIRC,KIRC,False,False,False,False,False
1053,LUAD,LUAD,LUAD,True,True,False,False,False
1054,SARC,STES,STES,False,False,False,False,False
1055,OV,KIRC,KIRC,False,False,False,False,False
1056,LGG,LGG,LGG,True,True,False,False,False
1057,LAML,PCPG,PCPG,False,False,False,False,False
1058,GBMLGG,LGG,LGG,False,False,False,False,False
1059,LIHC,SARC,PRAD,False,False,False,False,True
1060,PAAD,STES,TGCT,False,False,False,False,True
1061,GBMLGG,GBMLGG,GBMLGG,True,True,False,False,False
1062,GBMLGG,LGG,LGG,False,False,False,False,False
1063,KIPAN,KIRC,KIRC,False,False,False,False,False
1064,PRAD,PRAD,PRAD,True,True,False,False,False
1065,LGG,GBMLGG,GBMLGG,False,False,False,False,False
1066,KIRC,KIRC,KIRC,True,True,False,False,False
1067,PRAD,PRAD,PRAD,True,True,False,False,False
1068,STES,TGCT,TGCT,False,False,False,False,False
1069,LGG,GBMLGG,GBMLGG,False,False,False,False,False
1070,BRCA,BRCA,BRCA,True,True,False,False,False
1071,PRAD,KIRC,KIRC,False,False,False,False,False
1072,PAAD,PAAD,PAAD,True,True,False,False,False
1073,KIRC,THYM,THYM,False,False,False,False,False
1074,HNSC,HNSC,HNSC,True,True,False,False,False
1075,PAAD,LIHC,LIHC,False,False,False,False,False
1076,BRCA,HNSC,HNSC,False,False,False,False,False
1077,SARC,PRAD,PRAD,False,False,False,False,False
1078,HNSC,LUSC,LUSC,False,False,False,False,False
1079,OV,BRCA,PRAD,False,False,False,False,True
1080,BRCA,BRCA,BRCA,True,True,False,False,False
1081,LUAD,LUSC,LUSC,False,False,False,False,False
1082,SKCM,SKCM,SKCM,True,True,False,False,False
1083,KIPAN,KIPAN,KIPAN,True,True,False,False,False
1084,CESC,PRAD,PRAD,False,False,False,False,False
1085,SKCM,SKCM,SKCM,True,True,False,False,False
1086,LUAD,STES,LUAD,False,True,True,False,True
1087,PRAD,KIRC,GBMLGG,False,False,False,False,True
1088,HNSC,LUSC,STES,False,False,False,False,True
1089,PRAD,PRAD,PRAD,True,True,False,False,False
1090,THCA,THCA,THCA,True,True,False,False,False
1091,SKCM,SKCM,SKCM,True,True,False,False,False
1092,THYM,LAML,LAML,False,False,False,False,False
1093,LGG,LGG,LGG,True,True,False,False,False
1094,GBMLGG,LGG,LGG,False,False,False,False,False
1095,BRCA,STES,LUSC,False,False,False,False,True
1096,THCA,THCA,THCA,True,True,False,False,False
1097,STES,STES,STES,True,True,False,False,False
1098,HNSC,HNSC,SARC,True,False,False,True,True
1099,STES,STES,LIHC,True,False,False,True,True
1100,SARC,PRAD,PRAD,False,False,False,False,False
1101,LUAD,BRCA,TGCT,False,False,False,False,True
1102,OV,OV,OV,True,True,False,False,False
1103,PRAD,PRAD,PRAD,True,True,False,False,False
1104,OV,PCPG,BRCA,False,False,False,False,True
1105,GBMLGG,GBMLGG,GBMLGG,True,True,False,False,False
1106,BRCA,BRCA,BRCA,True,True,False,False,False
1107,LAML,GBMLGG,GBMLGG,False,False,False,False,False
1108,LUSC,LUSC,LUSC,True,True,False,False,False
1109,STES,STES,STES,True,True,False,False,False
1110,LUSC,HNSC,HNSC,False,False,False,False,False
1111,LAML,LAML,LAML,True,True,False,False,False
1112,HNSC,CESC,CESC,False,False,False,False,False
1113,ACC,ACC,ACC,True,True,False,False,False
1114,SKCM,SKCM,SKCM,True,True,False,False,False
1115,HNSC,HNSC,HNSC,True,True,False,False,False
1116,DLBC,KIPAN,KIPAN,False,False,False,False,False
1117,BRCA,BRCA,BRCA,True,True,False,False,False
1118,LGG,LGG,LGG,True,True,False,False,False
1119,BRCA,BRCA,BRCA,True,True,False,False,False
1120,STES,STES,STES,True,True,False,False,False
1121,THCA,THYM,THYM,False,False,False,False,False
1122,SKCM,SKCM,SKCM,True,True,False,False,False
1123,PRAD,PRAD,PRAD,True,True,False,False,False
1124,GBMLGG,GBMLGG,GBMLGG,True,True,False,False,False
1125,CESC,TGCT,PAAD,False,False,False,False,True
1126,KIRC,KIRC,KIRC,True,True,False,False,False
1127,GBMLGG,SARC,GBMLGG,False,True,True,False,True
1128,SKCM,SKCM,SKCM,True,True,False,False,False
1129,GBMLGG,GBMLGG,GBMLGG,True,True,False,False,False
1130,STES,STES,STES,True,True,False,False,False
1131,COAD,COAD,COAD,True,True,False,False,False
1132,BRCA,HNSC,HNSC,False,False,False,False,False
1133,OV,GBMLGG,HNSC,False,False,False,False,True
1134,SKCM,LIHC,LIHC,False,False,False,False,False
1135,PCPG,SARC,SARC,False,False,False,False,False
1136,STES,PAAD,STES,False,True,True,False,True
1137,KIPAN,BRCA,PRAD,False,False,False,False,True
1138,BRCA,BRCA,PRAD,True,False,False,True,True
1139,BRCA,BRCA,BRCA,True,True,False,False,False
1140,LAML,LAML,LAML,True,True,False,False,False
1141,BRCA,BRCA,KIPAN,True,False,False,True,True
1142,BRCA,BRCA,PRAD,True,False,False,True,True
1143,KIRC,KIRC,KIRC,True,True,False,False,False
1144,BRCA,PRAD,PRAD,False,False,False,False,False
1145,LGG,GBMLGG,GBMLGG,False,False,False,False,False
1146,KIPAN,BRCA,BRCA,False,False,False,False,False
1147,LUSC,LUSC,LIHC,True,False,False,True,True
1148,COAD,PAAD,PAAD,False,False,False,False,False
1149,OV,LUAD,LUAD,False,False,False,False,False
1150,STES,SARC,SARC,False,False,False,False,False
1151,LUSC,LUSC,LUSC,True,True,False,False,False
1152,KIPAN,KIPAN,KIPAN,True,True,False,False,False
1153,GBMLGG,GBMLGG,GBMLGG,True,True,False,False,False
1154,PCPG,THYM,THYM,False,False,False,False,False
1155,BRCA,PRAD,PRAD,False,False,False,False,False
1156,KIRC,KIRC,KIRC,True,True,False,False,False
1157,DLBC,STES,GBMLGG,False,False,False,False,True
1158,THCA,PCPG,PCPG,False,False,False,False,False
1159,STES,STES,STES,True,True,False,False,False
1160,CESC,CESC,CESC,True,True,False,False,False
1161,OV,STES,STES,False,False,False,False,False
1162,LIHC,LUSC,UCEC,False,False,False,False,True
1163,BRCA,LAML,LAML,False,False,False,False,False
1164,SARC,SARC,OV,True,False,False,True,True
1165,OV,COAD,COAD,False,False,False,False,False
1166,OV,OV,OV,True,True,False,False,False
1167,COAD,PAAD,PAAD,False,False,False,False,False
1168,DLBC,HNSC,HNSC,False,False,False,False,False
1169,LIHC,LIHC,LIHC,True,True,False,False,False
1170,LUSC,LUSC,LUSC,True,True,False,False,False
1171,BRCA,BRCA,BRCA,True,True,False,False,False
1172,BRCA,BRCA,BRCA,True,True,False,False,False
1173,STES,STES,STES,True,True,False,False,False
1174,BLCA,BLCA,BLCA,True,True,False,False,False
1175,UCEC,BRCA,BRCA,False,False,False,False,False
1176,BRCA,BRCA,PRAD,True,False,False,True,True
1177,PRAD,BRCA,BRCA,False,False,False,False,False
1178,LUAD,LUSC,LUSC,False,False,False,False,False
1179,BRCA,BRCA,BRCA,True,True,False,False,False
1180,GBMLGG,OV,OV,False,False,False,False,False
1181,BRCA,BRCA,OV,True,False,False,True,True
1182,BLCA,STES,STES,False,False,False,False,False
1183,BRCA,BRCA,BRCA,True,True,False,False,False
1184,ACC,ACC,ACC,True,True,False,False,False
1185,UCEC,UCEC,STES,True,False,False,True,True
1186,UCEC,UCEC,UCEC,True,True,False,False,False
1187,PCPG,PRAD,LAML,False,False,False,False,True
1188,OV,STES,BRCA,False,False,False,False,True
1189,BLCA,BLCA,BLCA,True,True,False,False,False
1190,LAML,LAML,LAML,True,True,False,False,False
1191,GBMLGG,GBMLGG,GBMLGG,True,True,False,False,False
1192,LIHC,SARC,PRAD,False,False,False,False,True
1193,LAML,BRCA,BRCA,False,False,False,False,False
1194,THCA,BRCA,PRAD,False,False,False,False,True
1195,GBMLGG,GBMLGG,GBMLGG,True,True,False,False,False
1196,STES,BRCA,BRCA,False,False,False,False,False
1197,KIPAN,KIPAN,KIPAN,True,True,False,False,False
1198,KIPAN,KIPAN,KIPAN,True,True,False,False,False
1199,BRCA,BRCA,BRCA,True,True,False,False,False
1200,PRAD,PRAD,PRAD,True,True,False,False,False
1201,BRCA,OV,OV,False,False,False,False,False
1202,UCEC,UCEC,UCEC,True,True,False,False,False
1203,PCPG,THCA,THCA,False,False,False,False,False
1204,CESC,HNSC,HNSC,False,False,False,False,False
1205,BRCA,GBMLGG,BRCA,False,True,True,False,True
1206,KIPAN,BRCA,PRAD,False,False,False,False,True
1207,STES,BRCA,PRAD,False,False,False,False,True
1208,TGCT,STES,STES,False,False,False,False,False
1209,UCEC,UCEC,GBMLGG,True,False,False,True,True
1210,BRCA,BRCA,BRCA,True,True,False,False,False
1211,GBMLGG,UCEC,UCEC,False,False,False,False,False
1212,BRCA,BRCA,BRCA,True,True,False,False,False
1213,GBMLGG,KIPAN,KIPAN,False,False,False,False,False
1214,UCEC,SARC,CESC,False,False,False,False,True
1215,CESC,BLCA,HNSC,False,False,False,False,True
1216,GBMLGG,GBMLGG,LGG,True,False,False,True,True
1217,SARC,BRCA,PRAD,False,False,False,False,True
1218,THCA,PCPG,PCPG,False,False,False,False,False
1219,SARC,SARC,SARC,True,True,False,False,False
1220,KIPAN,KIPAN,KIPAN,True,True,False,False,False
1221,HNSC,HNSC,HNSC,True,True,False,False,False
1222,BRCA,BRCA,BRCA,True,True,False,False,False
1223,GBMLGG,GBMLGG,GBMLGG,True,True,False,False,False
1224,SKCM,SKCM,SKCM,True,True,False,False,False
1225,OV,BRCA,OV,False,True,True,False,True
1226,THCA,THCA,THCA,True,True,False,False,False
1227,KIPAN,KIRC,KIRC,False,False,False,False,False
1228,LUAD,LUAD,LUAD,True,True,False,False,False
1229,BRCA,BRCA,BRCA,True,True,False,False,False
1230,LUAD,LUSC,LUSC,False,False,False,False,False
1231,UCEC,UCEC,UCEC,True,True,False,False,False
1232,SKCM,SKCM,SKCM,True,True,False,False,False
1233,TGCT,TGCT,TGCT,True,True,False,False,False
1234,COAD,COAD,COAD,True,True,False,False,False
1235,ACC,LUSC,LUSC,False,False,False,False,False
1236,GBMLGG,BRCA,BRCA,False,False,False,False,False
1237,PCPG,PCPG,TGCT,True,False,False,True,True
1238,UCEC,UCEC,UCEC,True,True,False,False,False
1239,LUAD,BRCA,STES,False,False,False,False,True
1240,LUSC,BRCA,LUAD,False,False,False,False,True
1241,KIPAN,KIPAN,KIPAN,True,True,False,False,False
1242,GBMLGG,GBMLGG,GBMLGG,True,True,False,False,False
1243,KIPAN,KIRC,KIRC,False,False,False,False,False
1244,OV,OV,OV,True,True,False,False,False
1245,LGG,SARC,PCPG,False,False,False,False,True
1246,PRAD,PRAD,PRAD,True,True,False,False,False
1247,OV,OV,OV,True,True,False,False,False
1248,STES,COAD,COAD,False,False,False,False,False
1249,KIRC,KIRC,KIRC,True,True,False,False,False
1250,OV,OV,OV,True,True,False,False,False
1251,THCA,THYM,PCPG,False,False,False,False,True
1252,KIPAN,KIPAN,KIPAN,True,True,False,False,False
1253,COAD,COAD,COAD,True,True,False,False,False
1254,UCEC,SARC,SARC,False,False,False,False,False
1255,PAAD,PAAD,PAAD,True,True,False,False,False
1256,KIRC,KIRC,KIRC,True,True,False,False,False
1257,BRCA,BRCA,BRCA,True,True,False,False,False
1258,GBMLGG,GBMLGG,GBMLGG,True,True,False,False,False
1259,SARC,GBMLGG,GBMLGG,False,False,False,False,False
1260,BRCA,GBMLGG,GBMLGG,False,False,False,False,False
1261,BLCA,BLCA,BLCA,True,True,False,False,False
1262,PCPG,THYM,THYM,False,False,False,False,False
1263,DLBC,OV,OV,False,False,False,False,False
1264,COAD,COAD,COAD,True,True,False,False,False
1265,LAML,LAML,LAML,True,True,False,False,False
1266,SARC,SARC,SARC,True,True,False,False,False
1267,CESC,LUSC,STES,False,False,False,False,True
1268,LAML,LAML,LAML,True,True,False,False,False
1269,COAD,COAD,COAD,True,True,False,False,False
1270,BRCA,BRCA,PRAD,True,False,False,True,True
1271,LGG,LGG,LGG,True,True,False,False,False
1272,KIPAN,KIRC,KIRC,False,False,False,False,False
1273,THCA,KIPAN,KIPAN,False,False,False,False,False
1274,STES,STES,STES,True,True,False,False,False
1275,THCA,THCA,THCA,True,True,False,False,False
1276,BRCA,BRCA,BRCA,True,True,False,False,False
1277,SARC,OV,OV,False,False,False,False,False
1278,HNSC,HNSC,HNSC,True,True,False,False,False
1279,SKCM,SKCM,SKCM,True,True,False,False,False
1280,KIPAN,KIRC,KIRC,False,False,False,False,False
1281,KIRC,BRCA,BRCA,False,False,False,False,False
1282,THCA,PCPG,PCPG,False,False,False,False,False
1283,OV,BRCA,BRCA,False,False,False,False,False
1284,KIPAN,KIPAN,KIPAN,True,True,False,False,False
1285,OV,OV,PAAD,True,False,False,True,True
1286,PCPG,THYM,PCPG,False,True,True,False,True
1287,KIPAN,BRCA,BRCA,False,False,False,False,False
1288,HNSC,STES,HNSC,False,True,True,False,True
1289,BRCA,PRAD,PRAD,False,False,False,False,False
1290,PAAD,PAAD,PAAD,True,True,False,False,False
1291,BRCA,BRCA,BRCA,True,True,False,False,False
1292,THCA,SARC,PAAD,False,False,False,False,True
1293,KIRC,KIRC,KIRC,True,True,False,False,False
1294,GBMLGG,LGG,GBMLGG,False,True,True,False,True
1295,BRCA,BRCA,BRCA,True,True,False,False,False
1296,LAML,THCA,THCA,False,False,False,False,False
1297,LUSC,LUSC,LUSC,True,True,False,False,False
1298,OV,LAML,LAML,False,False,False,False,False
1299,PRAD,PRAD,PRAD,True,True,False,False,False
1300,KIRC,KIRC,KIRC,True,True,False,False,False
1301,PRAD,PRAD,PRAD,True,True,False,False,False
1302,LUSC,LUSC,LUSC,True,True,False,False,False
1303,PCPG,PRAD,PRAD,False,False,False,False,False
1304,THCA,THCA,THCA,True,True,False,False,False
1305,BLCA,BLCA,BLCA,True,True,False,False,False
1306,UCEC,UCEC,UCEC,True,True,False,False,False
1307,LUAD,SARC,PRAD,False,False,False,False,True
1308,PRAD,PCPG,PCPG,False,False,False,False,False
1309,COAD,STES,STES,False,False,False,False,False
1310,KIPAN,KIPAN,KIPAN,True,True,False,False,False
1311,LGG,LGG,LGG,True,True,False,False,False
1312,STES,BRCA,COAD,False,False,False,False,True
1313,KIPAN,KIRC,KIRC,False,False,False,False,False
1314,BRCA,BRCA,BRCA,True,True,False,False,False
1315,SARC,OV,OV,False,False,False,False,False
1316,OV,OV,OV,True,True,False,False,False
1317,HNSC,LUSC,LUSC,False,False,False,False,False
1318,PAAD,OV,OV,False,False,False,False,False
1319,PAAD,STES,STES,False,False,False,False,False
1320,GBMLGG,GBMLGG,GBMLGG,True,True,False,False,False
1321,LGG,LGG,GBMLGG,True,False,False,True,True
1322,STES,BRCA,BRCA,False,False,False,False,False
1323,BRCA,LAML,GBMLGG,False,False,False,False,True
1324,COAD,COAD,COAD,True,True,False,False,False
1325,UCEC,UCEC,UCEC,True,True,False,False,False
1326,COAD,COAD,COAD,True,True,False,False,False
1327,OV,OV,OV,True,True,False,False,False
1328,STES,KIRC,KIRC,False,False,False,False,False
1329,TGCT,TGCT,TGCT,True,True,False,False,False
1330,SKCM,SKCM,SKCM,True,True,False,False,False
1331,KIPAN,BRCA,BRCA,False,False,False,False,False
1332,LGG,LGG,LGG,True,True,False,False,False
1333,KIPAN,KIPAN,KIPAN,True,True,False,False,False
1334,SKCM,SKCM,SKCM,True,True,False,False,False
1335,PCPG,PCPG,PCPG,True,True,False,False,False
1336,GBMLGG,GBMLGG,GBMLGG,True,True,False,False,False
1337,LGG,LGG,LGG,True,True,False,False,False
1338,BRCA,BRCA,BRCA,True,True,False,False,False
1339,SKCM,SARC,SARC,False,False,False,False,False
1340,SKCM,GBMLGG,GBMLGG,False,False,False,False,False
1341,KIPAN,PRAD,KIPAN,False,True,True,False,True
1342,KIPAN,PCPG,KIPAN,False,True,True,False,True
1343,LUSC,LUSC,LUAD,True,False,False,True,True
1344,KIPAN,KIPAN,KIPAN,True,True,False,False,False
1345,BRCA,SARC,LIHC,False,False,False,False,True
1346,PRAD,BRCA,BRCA,False,False,False,False,False
1347,BRCA,BRCA,OV,True,False,False,True,True
1348,OV,OV,OV,True,True,False,False,False
1349,BLCA,CESC,CESC,False,False,False,False,False
1350,TGCT,KIPAN,KIPAN,False,False,False,False,False
1351,KIPAN,BRCA,KIRC,False,False,False,False,True
1352,THCA,THCA,THCA,True,True,False,False,False
1353,THCA,PCPG,PCPG,False,False,False,False,False
1354,TGCT,KIRC,KIRC,False,False,False,False,False
1355,COAD,BRCA,OV,False,False,False,False,True
1356,LAML,LAML,LAML,True,True,False,False,False
1357,KIRC,KIRC,KIRC,True,True,False,False,False
1358,SKCM,SKCM,SKCM,True,True,False,False,False
1359,GBMLGG,BRCA,BRCA,False,False,False,False,False
1360,LGG,LGG,LGG,True,True,False,False,False
1361,BRCA,BRCA,BRCA,True,True,False,False,False
1362,SKCM,SKCM,SKCM,True,True,False,False,False
1363,BRCA,SARC,PRAD,False,False,False,False,True
1364,STES,LIHC,LIHC,False,False,False,False,False
1365,BRCA,BRCA,BRCA,True,True,False,False,False
1366,GBMLGG,LGG,GBMLGG,False,True,True,False,True
1367,LGG,LGG,LGG,True,True,False,False,False
1368,SARC,BRCA,SARC,False,True,True,False,True
1369,SKCM,PAAD,CESC,False,False,False,False,True
1370,COAD,COAD,COAD,True,True,False,False,False
1371,GBMLGG,LGG,LGG,False,False,False,False,False
1372,OV,OV,OV,True,True,False,False,False
1373,LUAD,LIHC,SARC,False,False,False,False,True
1374,KIPAN,KIPAN,KIPAN,True,True,False,False,False
1375,PCPG,PCPG,PCPG,True,True,False,False,False
1376,KIPAN,KIPAN,KIPAN,True,True,False,False,False
1377,KIPAN,KIPAN,KIPAN,True,True,False,False,False
1378,BRCA,PCPG,BRCA,False,True,True,False,True
1379,CESC,CESC,LUSC,True,False,False,True,True
1380,GBMLGG,LGG,LGG,False,False,False,False,False
1381,SKCM,PRAD,PRAD,False,False,False,False,False
1382,OV,STES,OV,False,True,True,False,True
1383,BRCA,BRCA,BRCA,True,True,False,False,False
1384,LIHC,LIHC,STES,True,False,False,True,True
1385,HNSC,OV,OV,False,False,False,False,False
1386,THCA,THYM,THYM,False,False,False,False,False
1387,KIPAN,PRAD,PRAD,False,False,False,False,False
1388,PCPG,PCPG,PCPG,True,True,False,False,False
1389,KIRC,KIRC,KIRC,True,True,False,False,False
1390,BRCA,BRCA,BRCA,True,True,False,False,False
1391,PAAD,LIHC,LIHC,False,False,False,False,False
1392,COAD,COAD,COAD,True,True,False,False,False
1393,LGG,LGG,LGG,True,True,False,False,False
1394,LUAD,LUSC,LUSC,False,False,False,False,False
1395,KIPAN,KIRC,KIPAN,False,True,True,False,True
1396,KIRC,KIRC,KIRC,True,True,False,False,False
1397,OV,BRCA,LGG,False,False,False,False,True
1398,KIRC,KIRC,KIPAN,True,False,False,True,True
1399,STES,STES,STES,True,True,False,False,False
1400,THCA,SARC,UCEC,False,False,False,False,True
1401,OV,OV,OV,True,True,False,False,False
1402,LAML,LAML,LAML,True,True,False,False,False
1403,CESC,HNSC,LUAD,False,False,False,False,True
1404,PCPG,PCPG,PCPG,True,True,False,False,False
1405,STES,STES,STES,True,True,False,False,False
1406,DLBC,DLBC,DLBC,True,True,False,False,False
1407,LGG,LGG,LGG,True,True,False,False,False
1408,GBMLGG,GBMLGG,GBMLGG,True,True,False,False,False
1409,OV,OV,OV,True,True,False,False,False
1410,PRAD,PRAD,PRAD,True,True,False,False,False
1411,LAML,GBMLGG,GBMLGG,False,False,False,False,False
1412,KIPAN,KIRC,KIRC,False,False,False,False,False
1413,THCA,THCA,THCA,True,True,False,False,False
1414,UCEC,UCEC,UCEC,True,True,False,False,False
1415,LUAD,CESC,BRCA,False,False,False,False,True
1416,THYM,PCPG,PCPG,False,False,False,False,False
1417,HNSC,LUAD,LUAD,False,False,False,False,False
1418,LUAD,HNSC,LUAD,False,True,True,False,True
1419,BRCA,THYM,THYM,False,False,False,False,False
1420,BRCA,PCPG,PRAD,False,False,False,False,True
1421,LIHC,KIPAN,KIPAN,False,False,False,False,False
1422,STES,STES,STES,True,True,False,False,False
1423,COAD,LUSC,LUSC,False,False,False,False,False
1424,PAAD,COAD,COAD,False,False,False,False,False
1425,THYM,THYM,THYM,True,True,False,False,False
1426,PCPG,THCA,THCA,False,False,False,False,False
1427,KIRC,GBMLGG,LUAD,False,False,False,False,True
1428,GBMLGG,GBMLGG,GBMLGG,True,True,False,False,False
1429,STES,HNSC,HNSC,False,False,False,False,False
1430,SARC,BRCA,PRAD,False,False,False,False,True
1431,PRAD,PRAD,PRAD,True,True,False,False,False
1432,LGG,LGG,LGG,True,True,False,False,False
1433,LGG,LGG,LGG,True,True,False,False,False
1434,BRCA,OV,OV,False,False,False,False,False
1435,SKCM,SKCM,SKCM,True,True,False,False,False
1436,OV,OV,OV,True,True,False,False,False
1437,LGG,LGG,LGG,True,True,False,False,False
1438,COAD,COAD,COAD,True,True,False,False,False
1439,GBMLGG,LGG,LGG,False,False,False,False,False
1440,PAAD,STES,SARC,False,False,False,False,True
1441,LGG,LGG,LGG,True,True,False,False,False
1442,SKCM,SKCM,SKCM,True,True,False,False,False
1443,LGG,GBMLGG,GBMLGG,False,False,False,False,False
1444,GBMLGG,PRAD,PRAD,False,False,False,False,False
1445,STES,STES,LUAD,True,False,False,True,True
1446,BRCA,OV,OV,False,False,False,False,False
1447,STES,STES,STES,True,True,False,False,False
1448,BRCA,BRCA,BRCA,True,True,False,False,False
1449,LIHC,LIHC,LIHC,True,True,False,False,False
1450,KIPAN,KIPAN,KIPAN,True,True,False,False,False
1451,GBMLGG,GBMLGG,PCPG,True,False,False,True,True
1452,UCEC,BRCA,BRCA,False,False,False,False,False
1453,STES,HNSC,HNSC,False,False,False,False,False
1454,HNSC,STES,STES,False,False,False,False,False
1455,LUSC,STES,LUAD,False,False,False,False,True
1456,BRCA,BRCA,BRCA,True,True,False,False,False
1457,GBMLGG,BRCA,BRCA,False,False,False,False,False
1458,BRCA,KIPAN,CESC,False,False,False,False,True
1459,PRAD,PRAD,PRAD,True,True,False,False,False
1460,THYM,THYM,THYM,True,True,False,False,False
1461,HNSC,HNSC,HNSC,True,True,False,False,False
1462,THCA,PRAD,PRAD,False,False,False,False,False
1463,SARC,LAML,LAML,False,False,False,False,False
1464,BRCA,BRCA,BRCA,True,True,False,False,False
1465,OV,PAAD,PAAD,False,False,False,False,False
1466,PRAD,PRAD,PRAD,True,True,False,False,False
1467,LIHC,LGG,LGG,False,False,False,False,False
1468,BRCA,HNSC,KIPAN,False,False,False,False,True
1469,COAD,COAD,COAD,True,True,False,False,False
1470,PRAD,PRAD,PRAD,True,True,False,False,False
1471,BRCA,BLCA,BLCA,False,False,False,False,False
1472,STES,STES,STES,True,True,False,False,False
1473,THCA,THCA,THCA,True,True,False,False,False
1474,BLCA,HNSC,BLCA,False,True,True,False,True
1475,BRCA,LIHC,PRAD,False,False,False,False,True
1476,UCEC,OV,OV,False,False,False,False,False
1477,PRAD,PRAD,PRAD,True,True,False,False,False
1478,STES,KIPAN,BRCA,False,False,False,False,True
1479,STES,TGCT,TGCT,False,False,False,False,False
1480,THYM,THYM,THYM,True,True,False,False,False
1481,CESC,SARC,SARC,False,False,False,False,False
1482,GBMLGG,GBMLGG,GBMLGG,True,True,False,False,False
1483,COAD,COAD,COAD,True,True,False,False,False
1484,BRCA,BRCA,BRCA,True,True,False,False,False
1485,PRAD,OV,BRCA,False,False,False,False,True
1486,THCA,PRAD,PRAD,False,False,False,False,False
1487,BRCA,OV,OV,False,False,False,False,False
1488,GBMLGG,GBMLGG,GBMLGG,True,True,False,False,False
1489,LIHC,LIHC,LIHC,True,True,False,False,False
1490,SKCM,SKCM,SKCM,True,True,False,False,False
1491,SARC,LAML,PCPG,False,False,False,False,True
1492,STES,STES,STES,True,True,False,False,False
1493,KIPAN,PCPG,PCPG,False,False,False,False,False
1494,SKCM,SKCM,SKCM,True,True,False,False,False
1495,HNSC,PAAD,HNSC,False,True,True,False,True
1496,LUSC,LUSC,LUSC,True,True,False,False,False
1497,BRCA,SARC,SARC,False,False,False,False,False
1498,KIRC,KIRC,KIRC,True,True,False,False,False
1499,BLCA,CESC,CESC,False,False,False,False,False
1500,COAD,STES,STES,False,False,False,False,False
1501,PCPG,LAML,LAML,False,False,False,False,False
1502,COAD,COAD,COAD,True,True,False,False,False
1503,BRCA,BRCA,BRCA,True,True,False,False,False
1504,OV,OV,SARC,True,False,False,True,True
1505,GBMLGG,GBMLGG,GBMLGG,True,True,False,False,False
1506,GBMLGG,GBMLGG,GBMLGG,True,True,False,False,False
1507,LIHC,LIHC,LIHC,True,True,False,False,False
1508,KIPAN,KIRC,KIRC,False,False,False,False,False
1509,STES,STES,STES,True,True,False,False,False
1510,PAAD,PAAD,PAAD,True,True,False,False,False
1511,COAD,COAD,COAD,True,True,False,False,False
1512,BRCA,BRCA,BRCA,True,True,False,False,False
1513,LUSC,LUSC,LUSC,True,True,False,False,False
1514,GBMLGG,PAAD,PAAD,False,False,False,False,False
1515,SKCM,SKCM,SKCM,True,True,False,False,False
1516,BRCA,HNSC,HNSC,False,False,False,False,False
1517,OV,OV,OV,True,True,False,False,False
1518,CESC,STES,STES,False,False,False,False,False
1519,THCA,THCA,THCA,True,True,False,False,False
1520,OV,OV,SARC,True,False,False,True,True
1521,LUSC,DLBC,DLBC,False,False,False,False,False
1522,GBMLGG,GBMLGG,GBMLGG,True,True,False,False,False
1523,OV,KIPAN,KIPAN,False,False,False,False,False
1524,SARC,PCPG,PCPG,False,False,False,False,False
1525,OV,OV,OV,True,True,False,False,False
1526,BRCA,BRCA,BRCA,True,True,False,False,False
1527,KIPAN,KIPAN,KIPAN,True,True,False,False,False
1528,CESC,PRAD,PRAD,False,False,False,False,False
1529,COAD,COAD,COAD,True,True,False,False,False
1530,BRCA,OV,OV,False,False,False,False,False
1531,THCA,THCA,THCA,True,True,False,False,False
1532,KIRC,KIRC,KIRC,True,True,False,False,False
1533,LUSC,HNSC,HNSC,False,False,False,False,False
1534,BRCA,LUSC,LIHC,False,False,False,False,True
1535,GBMLGG,GBMLGG,GBMLGG,True,True,False,False,False
1536,HNSC,LUAD,STES,False,False,False,False,True
1537,KIRC,KIRC,KIRC,True,True,False,False,False
1538,UCEC,UCEC,UCEC,True,True,False,False,False
1539,BRCA,BRCA,BRCA,True,True,False,False,False
1540,STES,STES,STES,True,True,False,False,False
1541,LAML,LAML,LAML,True,True,False,False,False
1542,GBMLGG,GBMLGG,GBMLGG,True,True,False,False,False
1543,THCA,PCPG,PCPG,False,False,False,False,False
1544,THCA,UCEC,BRCA,False,False,False,False,True
1545,BLCA,HNSC,HNSC,False,False,False,False,False
1546,LIHC,STES,HNSC,False,False,False,False,True
1547,BRCA,OV,OV,False,False,False,False,False
1548,GBMLGG,GBMLGG,GBMLGG,True,True,False,False,False
1549,LIHC,LIHC,LIHC,True,True,False,False,False
1550,STES,STES,STES,True,True,False,False,False
1551,BLCA,CESC,BLCA,False,True,True,False,True
1552,TGCT,TGCT,TGCT,True,True,False,False,False
1553,BRCA,OV,OV,False,False,False,False,False
1554,TGCT,TGCT,TGCT,True,True,False,False,False
1555,THCA,THYM,THYM,False,False,False,False,False
1556,HNSC,LUSC,LUSC,False,False,False,False,False
1557,PAAD,PAAD,PAAD,True,True,False,False,False
1558,GBMLGG,GBMLGG,GBMLGG,True,True,False,False,False
1559,LIHC,OV,OV,False,False,False,False,False
1560,COAD,COAD,COAD,True,True,False,False,False
1561,STES,STES,STES,True,True,False,False,False
1562,GBMLGG,LGG,LGG,False,False,False,False,False
1563,PRAD,SARC,SARC,False,False,False,False,False
1564,STES,STES,STES,True,True,False,False,False
1565,BRCA,BRCA,BRCA,True,True,False,False,False
1566,ACC,STES,STES,False,False,False,False,False
1567,KIPAN,KIPAN,KIPAN,True,True,False,False,False
1568,KIPAN,KIPAN,KIPAN,True,True,False,False,False
1569,LUSC,LUSC,LUAD,True,False,False,True,True
1570,LUAD,LUAD,LUAD,True,True,False,False,False
1571,LGG,LGG,LGG,True,True,False,False,False
1572,COAD,STES,STES,False,False,False,False,False
1573,BRCA,BRCA,OV,True,False,False,True,True
1574,LGG,LGG,LGG,True,True,False,False,False
1575,THCA,THCA,THCA,True,True,False,False,False
1576,KIRC,KIRC,KIRC,True,True,False,False,False
1577,COAD,STES,STES,False,False,False,False,False
1578,THCA,THCA,THCA,True,True,False,False,False
1579,OV,KIRC,SARC,False,False,False,False,True
1580,SKCM,PRAD,PRAD,False,False,False,False,False
1581,THYM,BRCA,BRCA,False,False,False,False,False
1582,SKCM,THCA,THCA,False,False,False,False,False
1583,PCPG,PCPG,KIRC,True,False,False,True,True
1584,PCPG,LAML,LAML,False,False,False,False,False
1585,TGCT,GBMLGG,GBMLGG,False,False,False,False,False
1586,COAD,COAD,COAD,True,True,False,False,False
1587,THYM,THYM,THYM,True,True,False,False,False
1588,UCEC,UCEC,UCEC,True,True,False,False,False
1589,THCA,BRCA,KIRC,False,False,False,False,True
1590,THCA,THCA,THCA,True,True,False,False,False
1591,PRAD,PRAD,PRAD,True,True,False,False,False
1592,BRCA,LAML,LAML,False,False,False,False,False
1593,KIRC,KIRC,KIRC,True,True,False,False,False
1594,LGG,LGG,LGG,True,True,False,False,False
1595,PRAD,PRAD,PRAD,True,True,False,False,False
1596,PAAD,GBMLGG,GBMLGG,False,False,False,False,False
1597,STES,LIHC,LIHC,False,False,False,False,False
1598,LGG,LGG,LGG,True,True,False,False,False
1599,KIPAN,KIPAN,KIPAN,True,True,False,False,False
1600,HNSC,BRCA,BRCA,False,False,False,False,False
1601,THCA,THCA,THCA,True,True,False,False,False
1602,PCPG,PCPG,PCPG,True,True,False,False,False
1603,BLCA,BLCA,LUSC,True,False,False,True,True
1604,GBMLGG,BRCA,BRCA,False,False,False,False,False
1605,COAD,UCEC,BRCA,False,False,False,False,True
1606,BRCA,GBMLGG,OV,False,False,False,False,True
1607,KIPAN,KIPAN,KIPAN,True,True,False,False,False
1608,GBMLGG,LGG,GBMLGG,False,True,True,False,True
1609,PRAD,PRAD,PRAD,True,True,False,False,False
1610,PRAD,PCPG,PCPG,False,False,False,False,False
1611,GBMLGG,GBMLGG,GBMLGG,True,True,False,False,False
1612,HNSC,HNSC,HNSC,True,True,False,False,False
1613,BRCA,BRCA,BRCA,True,True,False,False,False
1614,KIPAN,KIPAN,KIPAN,True,True,False,False,False
1615,OV,KIPAN,KIRC,False,False,False,False,True
1616,CESC,CESC,BRCA,True,False,False,True,True
1617,OV,OV,BRCA,True,False,False,True,True
1618,SKCM,SKCM,SKCM,True,True,False,False,False
1619,LGG,LGG,GBMLGG,True,False,False,True,True
1620,LUAD,LUAD,LUSC,True,False,False,True,True
1621,DLBC,HNSC,CESC,False,False,False,False,True
1622,HNSC,LUAD,LUAD,False,False,False,False,False
1623,KIPAN,KIPAN,BRCA,True,False,False,True,True
1624,BRCA,BRCA,BRCA,True,True,False,False,False
1625,SARC,SARC,SARC,True,True,False,False,False
1626,HNSC,STES,STES,False,False,False,False,False
1627,SARC,PRAD,OV,False,False,False,False,True
1628,KIRC,KIRC,KIRC,True,True,False,False,False
1629,LIHC,TGCT,TGCT,False,False,False,False,False
1630,THCA,THCA,THCA,True,True,False,False,False
1631,BRCA,BRCA,BRCA,True,True,False,False,False
1632,OV,OV,OV,True,True,False,False,False
1633,STES,HNSC,HNSC,False,False,False,False,False
1634,PRAD,KIRC,KIRC,False,False,False,False,False
1635,SARC,LUSC,LUSC,False,False,False,False,False
1636,KIRC,KIRC,KIPAN,True,False,False,True,True
1637,LAML,LAML,LAML,True,True,False,False,False
1638,KIRC,KIPAN,OV,False,False,False,False,True
1639,GBMLGG,GBMLGG,GBMLGG,True,True,False,False,False
1640,COAD,STES,STES,False,False,False,False,False
1641,STES,STES,STES,True,True,False,False,False
1642,LUAD,OV,OV,False,False,False,False,False
1643,UCEC,UCEC,UCEC,True,True,False,False,False
1644,COAD,COAD,COAD,True,True,False,False,False
1645,LIHC,OV,STES,False,False,False,False,True
1646,CESC,KIPAN,KIPAN,False,False,False,False,False
1647,STES,STES,STES,True,True,False,False,False
1648,KIPAN,KIPAN,KIPAN,True,True,False,False,False
1649,BRCA,BRCA,BRCA,True,True,False,False,False
1650,KIPAN,BRCA,KIPAN,False,True,True,False,True
1651,HNSC,STES,HNSC,False,True,True,False,True
1652,LAML,THCA,LAML,False,True,True,False,True
1653,GBMLGG,GBMLGG,GBMLGG,True,True,False,False,False
1654,PRAD,THCA,THCA,False,False,False,False,False
1655,COAD,COAD,COAD,True,True,False,False,False
1656,OV,OV,OV,True,True,False,False,False
1657,GBMLGG,LGG,LGG,False,False,False,False,False
1658,CESC,BRCA,BRCA,False,False,False,False,False
1659,STES,STES,STES,True,True,False,False,False
1660,KIRC,KIRC,KIRC,True,True,False,False,False
1661,STES,STES,STES,True,True,False,False,False
1662,OV,LIHC,LIHC,False,False,False,False,False
1663,UCEC,HNSC,UCEC,False,True,True,False,True
1664,STES,STES,STES,True,True,False,False,False
1665,STES,STES,STES,True,True,False,False,False
1666,SKCM,SKCM,SKCM,True,True,False,False,False
1667,SKCM,SKCM,SKCM,True,True,False,False,False
1668,GBMLGG,PCPG,PCPG,False,False,False,False,False
1669,LAML,LAML,LAML,True,True,False,False,False
1670,LIHC,LIHC,LIHC,True,True,False,False,False
1671,LGG,GBMLGG,GBMLGG,False,False,False,False,False
1672,BRCA,CESC,CESC,False,False,False,False,False
1673,KIRC,PRAD,KIRC,False,True,True,False,True
1674,CESC,BLCA,BLCA,False,False,False,False,False
1675,THCA,THCA,THCA,True,True,False,False,False
1676,STES,STES,STES,True,True,False,False,False
1677,SARC,GBMLGG,KIPAN,False,False,False,False,True
1678,SARC,SARC,SARC,True,True,False,False,False
1679,BRCA,PAAD,PAAD,False,False,False,False,False
1680,THCA,THCA,THCA,True,True,False,False,False
1681,LIHC,LIHC,LIHC,True,True,False,False,False
1682,COAD,COAD,COAD,True,True,False,False,False
1683,COAD,COAD,COAD,True,True,False,False,False
1684,LGG,LGG,LGG,True,True,False,False,False
1685,BRCA,BRCA,BRCA,True,True,False,False,False
1686,SKCM,SKCM,SKCM,True,True,False,False,False
1687,BRCA,BRCA,BRCA,True,True,False,False,False
1688,KIRC,PRAD,BRCA,False,False,False,False,True
1689,LIHC,LIHC,LIHC,True,True,False,False,False
1690,KIPAN,KIPAN,KIPAN,True,True,False,False,False
1691,KIPAN,KIRC,KIRC,False,False,False,False,False
1692,BRCA,PRAD,PRAD,False,False,False,False,False
1693,KIRC,BRCA,KIRC,False,True,True,False,True
1694,LGG,GBMLGG,GBMLGG,False,False,False,False,False
1695,TGCT,KIPAN,KIPAN,False,False,False,False,False
1696,PRAD,PCPG,PCPG,False,False,False,False,False
1697,KIPAN,KIPAN,LIHC,True,False,False,True,True
1698,GBMLGG,GBMLGG,GBMLGG,True,True,False,False,False
1699,LIHC,COAD,COAD,False,False,False,False,False
1700,KIPAN,KIPAN,KIPAN,True,True,False,False,False
1701,PRAD,PRAD,PRAD,True,True,False,False,False
1702,KIPAN,PRAD,PRAD,False,False,False,False,False
1703,LUAD,PRAD,PRAD,False,False,False,False,False
1704,THYM,GBMLGG,GBMLGG,False,False,False,False,False
1705,STES,STES,STES,True,True,False,False,False
1706,STES,STES,STES,True,True,False,False,False
1707,BRCA,STES,LUAD,False,False,False,False,True
1708,KIRC,KIRC,KIRC,True,True,False,False,False
1709,GBMLGG,GBMLGG,LGG,True,False,False,True,True
1710,LUAD,LUSC,LUSC,False,False,False,False,False
1711,KIRC,KIRC,KIRC,True,True,False,False,False
1712,BRCA,SARC,BRCA,False,True,True,False,True
1713,COAD,COAD,COAD,True,True,False,False,False
1714,LAML,LAML,LAML,True,True,False,False,False
1715,COAD,COAD,COAD,True,True,False,False,False
1716,THYM,PRAD,LAML,False,False,False,False,True
1717,GBMLGG,GBMLGG,GBMLGG,True,True,False,False,False
1718,PRAD,PCPG,LAML,False,False,False,False,True
1719,PRAD,BRCA,PRAD,False,True,True,False,True
1720,LUAD,LUAD,LUAD,True,True,False,False,False
1721,STES,STES,STES,True,True,False,False,False
1722,KIRC,KIRC,KIRC,True,True,False,False,False
1723,KIRC,KIRC,KIPAN,True,False,False,True,True
1724,GBMLGG,GBMLGG,GBMLGG,True,True,False,False,False
1725,SKCM,SKCM,SKCM,True,True,False,False,False
1726,BRCA,BRCA,BRCA,True,True,False,False,False
1727,BRCA,LUSC,LUSC,False,False,False,False,False
1728,KIRC,KIRC,KIRC,True,True,False,False,False
1729,STES,STES,STES,True,True,False,False,False
1730,GBMLGG,LGG,LGG,False,False,False,False,False
1731,KIRC,KIRC,KIRC,True,True,False,False,False
1732,PCPG,KIRC,THCA,False,False,False,False,True
1733,UCEC,UCEC,UCEC,True,True,False,False,False
1734,SARC,BRCA,SARC,False,True,True,False,True
1735,BRCA,BRCA,BRCA,True,True,False,False,False
1736,OV,OV,OV,True,True,False,False,False
1737,KIPAN,BRCA,BRCA,False,False,False,False,False
1738,PRAD,PCPG,PCPG,False,False,False,False,False
1739,BRCA,BRCA,BRCA,True,True,False,False,False
1740,LIHC,LIHC,LIHC,True,True,False,False,False
1741,PRAD,PRAD,PRAD,True,True,False,False,False
1742,PAAD,OV,GBMLGG,False,False,False,False,True
1743,HNSC,LUSC,LUSC,False,False,False,False,False
1744,HNSC,COAD,COAD,False,False,False,False,False
1745,LUAD,LUSC,LUSC,False,False,False,False,False
1746,OV,KIPAN,KIPAN,False,False,False,False,False
1747,STES,BLCA,BLCA,False,False,False,False,False
1748,THCA,LAML,THYM,False,False,False,False,True
1749,HNSC,OV,OV,False,False,False,False,False
1750,CESC,BRCA,BRCA,False,False,False,False,False
1751,COAD,COAD,COAD,True,True,False,False,False
1752,BRCA,BRCA,BRCA,True,True,False,False,False
1753,LAML,THYM,THYM,False,False,False,False,False
1754,STES,STES,STES,True,True,False,False,False
1755,PRAD,PCPG,SARC,False,False,False,False,True
1756,ACC,UCEC,ACC,False,True,True,False,True
1757,OV,OV,BRCA,True,False,False,True,True
1758,STES,STES,STES,True,True,False,False,False
1759,LAML,THYM,THYM,False,False,False,False,False
1760,PRAD,PRAD,PRAD,True,True,False,False,False
1761,UCEC,SARC,UCEC,False,True,True,False,True
1762,BRCA,LUSC,LUSC,False,False,False,False,False
1763,OV,STES,OV,False,True,True,False,True
1764,STES,STES,STES,True,True,False,False,False
1765,UCEC,UCEC,UCEC,True,True,False,False,False
1766,GBMLGG,GBMLGG,GBMLGG,True,True,False,False,False
1767,BRCA,BRCA,BRCA,True,True,False,False,False
1768,STES,STES,STES,True,True,False,False,False
1769,STES,STES,STES,True,True,False,False,False
1770,COAD,COAD,COAD,True,True,False,False,False
1771,BRCA,SARC,SARC,False,False,False,False,False
1772,KIPAN,KIPAN,KIPAN,True,True,False,False,False
1773,BRCA,BRCA,BRCA,True,True,False,False,False
1774,SKCM,SKCM,SKCM,True,True,False,False,False
1775,GBMLGG,GBMLGG,GBMLGG,True,True,False,False,False
1776,BRCA,THYM,THYM,False,False,False,False,False
1777,LIHC,SARC,SARC,False,False,False,False,False
1778,HNSC,STES,STES,False,False,False,False,False
1779,GBMLGG,GBMLGG,GBMLGG,True,True,False,False,False
1780,BRCA,BRCA,BRCA,True,True,False,False,False
1781,OV,BRCA,PRAD,False,False,False,False,True
1782,PRAD,PCPG,PRAD,False,True,True,False,True
1783,BRCA,OV,OV,False,False,False,False,False
1784,TGCT,TGCT,KIRC,True,False,False,True,True
1785,OV,OV,OV,True,True,False,False,False
1786,THCA,THYM,THYM,False,False,False,False,False
1787,LIHC,LIHC,LIHC,True,True,False,False,False
1788,OV,OV,SARC,True,False,False,True,True
1789,PAAD,UCEC,KIPAN,False,False,False,False,True
1790,KIRC,KIRC,KIRC,True,True,False,False,False
1791,GBMLGG,GBMLGG,GBMLGG,True,True,False,False,False
1792,ACC,ACC,ACC,True,True,False,False,False
1793,PCPG,BRCA,THCA,False,False,False,False,True
1794,BRCA,BRCA,BRCA,True,True,False,False,False
1795,BRCA,HNSC,STES,False,False,False,False,True
1796,LUSC,HNSC,HNSC,False,False,False,False,False
1797,PCPG,PCPG,PCPG,True,True,False,False,False
1798,BRCA,BRCA,BRCA,True,True,False,False,False
1799,KIRC,KIRC,KIRC,True,True,False,False,False
1800,LUSC,LUSC,LUSC,True,True,False,False,False
1801,THCA,PCPG,PCPG,False,False,False,False,False
1802,LUAD,PRAD,PRAD,False,False,False,False,False
1803,GBMLGG,GBMLGG,GBMLGG,True,True,False,False,False
1804,STES,STES,STES,True,True,False,False,False
1805,KIRC,KIRC,KIRC,True,True,False,False,False
1806,OV,OV,BRCA,True,False,False,True,True
1807,OV,KIPAN,KIPAN,False,False,False,False,False
1808,BRCA,THYM,THYM,False,False,False,False,False
1809,LUSC,LUSC,LUSC,True,True,False,False,False
1810,ACC,ACC,ACC,True,True,False,False,False
1811,COAD,STES,STES,False,False,False,False,False
1812,PRAD,PRAD,PRAD,True,True,False,False,False
1813,BRCA,SARC,SARC,False,False,False,False,False
1814,HNSC,LIHC,LIHC,False,False,False,False,False
1815,HNSC,GBMLGG,GBMLGG,False,False,False,False,False
1816,HNSC,DLBC,DLBC,False,False,False,False,False
1817,CESC,BRCA,BRCA,False,False,False,False,False
1818,COAD,STES,STES,False,False,False,False,False
1819,KIPAN,KIPAN,KIPAN,True,True,False,False,False
1820,HNSC,HNSC,HNSC,True,True,False,False,False
1821,BRCA,BRCA,BRCA,True,True,False,False,False
1822,BRCA,BRCA,BRCA,True,True,False,False,False
1823,BRCA,OV,OV,False,False,False,False,False
1824,KIPAN,PCPG,PCPG,False,False,False,False,False
1825,KIRC,KIRC,KIRC,True,True,False,False,False
1826,THCA,THCA,THCA,True,True,False,False,False
1827,BRCA,KIPAN,BRCA,False,True,True,False,True
1828,SKCM,SKCM,SKCM,True,True,False,False,False
1829,KIPAN,OV,OV,False,False,False,False,False
1830,KIPAN,KIPAN,KIPAN,True,True,False,False,False
1831,BRCA,BRCA,BRCA,True,True,False,False,False
1832,BRCA,BRCA,BRCA,True,True,False,False,False
1833,CESC,CESC,CESC,True,True,False,False,False
1834,LIHC,LIHC,LIHC,True,True,False,False,False
1835,THCA,PCPG,PCPG,False,False,False,False,False
1836,KIPAN,KIPAN,KIPAN,True,True,False,False,False
1837,BLCA,GBMLGG,BRCA,False,False,False,False,True
1838,THYM,PCPG,PRAD,False,False,False,False,True
1839,SKCM,SKCM,SKCM,True,True,False,False,False
1840,COAD,COAD,COAD,True,True,False,False,False
1841,ACC,LUAD,LUAD,False,False,False,False,False
1842,BRCA,BRCA,BRCA,True,True,False,False,False
1843,OV,STES,COAD,False,False,False,False,True
1844,BRCA,BRCA,BRCA,True,True,False,False,False
1845,STES,KIPAN,KIPAN,False,False,False,False,False
1846,OV,OV,OV,True,True,False,False,False
1847,ACC,ACC,ACC,True,True,False,False,False
1848,TGCT,TGCT,TGCT,True,True,False,False,False
1849,SARC,SARC,TGCT,True,False,False,True,True
1850,SKCM,SKCM,SKCM,True,True,False,False,False
1851,KIRC,KIRC,KIRC,True,True,False,False,False
1852,PAAD,PAAD,PAAD,True,True,False,False,False
1853,PRAD,GBMLGG,GBMLGG,False,False,False,False,False
1854,KIRC,KIRC,KIRC,True,True,False,False,False
1855,TGCT,TGCT,TGCT,True,True,False,False,False
1856,KIPAN,LIHC,LIHC,False,False,False,False,False
1857,PCPG,GBMLGG,GBMLGG,False,False,False,False,False
1858,TGCT,TGCT,TGCT,True,True,False,False,False
1859,DLBC,DLBC,DLBC,True,True,False,False,False
1860,BRCA,OV,OV,False,False,False,False,False
1861,LAML,LAML,LAML,True,True,False,False,False
1862,CESC,BRCA,CESC,False,True,True,False,True
1863,SKCM,PCPG,PCPG,False,False,False,False,False
1864,KIPAN,KIPAN,KIPAN,True,True,False,False,False
1865,BRCA,BRCA,BRCA,True,True,False,False,False
1866,BLCA,HNSC,BRCA,False,False,False,False,True
1867,BLCA,LUAD,LUAD,False,False,False,False,False
1868,GBMLGG,LGG,GBMLGG,False,True,True,False,True
1869,PRAD,PRAD,PRAD,True,True,False,False,False
1870,PRAD,BRCA,PRAD,False,True,True,False,True
1871,UCEC,UCEC,UCEC,True,True,False,False,False
1872,GBMLGG,STES,LIHC,False,False,False,False,True
1873,KIPAN,KIPAN,KIPAN,True,True,False,False,False
1874,CESC,CESC,CESC,True,True,False,False,False
1875,PCPG,PCPG,PCPG,True,True,False,False,False
1876,SKCM,PCPG,PCPG,False,False,False,False,False
1877,BLCA,HNSC,HNSC,False,False,False,False,False
1878,BRCA,OV,OV,False,False,False,False,False
1879,ACC,ACC,ACC,True,True,False,False,False
1880,PRAD,PRAD,PCPG,True,False,False,True,True
1881,LUAD,PRAD,PRAD,False,False,False,False,False
1882,KIRC,KIRC,KIRC,True,True,False,False,False
1883,SKCM,SKCM,SKCM,True,True,False,False,False
1884,PCPG,PCPG,PCPG,True,True,False,False,False
1885,STES,BRCA,BRCA,False,False,False,False,False
1886,LAML,PCPG,PCPG,False,False,False,False,False
1887,PRAD,KIPAN,KIPAN,False,False,False,False,False
1888,GBMLGG,LGG,LGG,False,False,False,False,False
1889,HNSC,CESC,CESC,False,False,False,False,False
1890,LIHC,STES,STES,False,False,False,False,False
1891,OV,OV,OV,True,True,False,False,False
1892,HNSC,HNSC,HNSC,True,True,False,False,False
1893,KIRC,BRCA,BRCA,False,False,False,False,False
1894,SKCM,THCA,THCA,False,False,False,False,False
1895,KIPAN,KIPAN,PRAD,True,False,False,True,True
1896,BRCA,CESC,BRCA,False,True,True,False,True
1897,KIPAN,STES,KIPAN,False,True,True,False,True
1898,THCA,THCA,THCA,True,True,False,False,False
1899,HNSC,LUSC,LUSC,False,False,False,False,False
1900,LGG,LGG,LGG,True,True,False,False,False
1901,KIPAN,KIPAN,KIPAN,True,True,False,False,False
1902,HNSC,PAAD,PAAD,False,False,False,False,False
1903,BRCA,BRCA,BRCA,True,True,False,False,False
1904,LGG,LGG,LGG,True,True,False,False,False
1905,HNSC,HNSC,HNSC,True,True,False,False,False
1906,BRCA,BLCA,BLCA,False,False,False,False,False
1907,KIRC,KIPAN,KIPAN,False,False,False,False,False
1908,SKCM,SKCM,SKCM,True,True,False,False,False
1909,CESC,LUSC,LUSC,False,False,False,False,False
1910,KIRC,KIRC,KIRC,True,True,False,False,False
1911,THCA,PRAD,PRAD,False,False,False,False,False
1912,PRAD,OV,PAAD,False,False,False,False,True
1913,KIPAN,KIPAN,KIPAN,True,True,False,False,False
1914,HNSC,KIPAN,KIPAN,False,False,False,False,False
1915,STES,BRCA,GBMLGG,False,False,False,False,True
1916,HNSC,BRCA,BRCA,False,False,False,False,False
1917,BRCA,BRCA,BRCA,True,True,False,False,False
1918,BRCA,BRCA,BRCA,True,True,False,False,False
1919,LGG,LGG,LGG,True,True,False,False,False
1920,THCA,THCA,THCA,True,True,False,False,False
1921,HNSC,STES,STES,False,False,False,False,False
1922,GBMLGG,GBMLGG,GBMLGG,True,True,False,False,False
1923,PRAD,PRAD,PRAD,True,True,False,False,False
1924,STES,STES,STES,True,True,False,False,False
1925,PRAD,KIPAN,KIPAN,False,False,False,False,False
1926,OV,OV,OV,True,True,False,False,False
1927,GBMLGG,LGG,LGG,False,False,False,False,False
1928,KIRC,KIRC,KIRC,True,True,False,False,False
1929,KIPAN,KIRC,KIRC,False,False,False,False,False
1930,KIPAN,KIPAN,KIPAN,True,True,False,False,False
1931,BRCA,BRCA,BRCA,True,True,False,False,False
1932,KIPAN,KIRC,KIPAN,False,True,True,False,True
1933,LGG,LGG,LGG,True,True,False,False,False
1934,PCPG,PCPG,PCPG,True,True,False,False,False
1935,STES,COAD,COAD,False,False,False,False,False
1936,LAML,LAML,LAML,True,True,False,False,False
1937,KIRC,KIRC,KIRC,True,True,False,False,False
1938,HNSC,KIPAN,BRCA,False,False,False,False,True
1939,BRCA,BRCA,BRCA,True,True,False,False,False
1940,BRCA,BRCA,BRCA,True,True,False,False,False
1941,GBMLGG,GBMLGG,GBMLGG,True,True,False,False,False
1942,LUSC,HNSC,HNSC,False,False,False,False,False
1943,KIRC,KIPAN,KIPAN,False,False,False,False,False
1944,PAAD,STES,STES,False,False,False,False,False
1945,HNSC,HNSC,HNSC,True,True,False,False,False
1946,PRAD,PRAD,PRAD,True,True,False,False,False
1947,PRAD,PRAD,PRAD,True,True,False,False,False
1948,THCA,THCA,THCA,True,True,False,False,False
1949,GBMLGG,GBMLGG,GBMLGG,True,True,False,False,False
1950,BRCA,BRCA,BRCA,True,True,False,False,False
1951,PRAD,PRAD,PRAD,True,True,False,False,False
1952,OV,KIPAN,BLCA,False,False,False,False,True
1953,KIRC,KIRC,KIRC,True,True,False,False,False
1954,GBMLGG,LGG,GBMLGG,False,True,True,False,True
1955,OV,OV,OV,True,True,False,False,False
1956,COAD,COAD,COAD,True,True,False,False,False
1957,OV,LAML,OV,False,True,True,False,True
1958,TGCT,KIPAN,KIPAN,False,False,False,False,False
1959,PRAD,PRAD,THCA,True,False,False,True,True
1960,THCA,THCA,THCA,True,True,False,False,False
1961,PRAD,PRAD,PRAD,True,True,False,False,False
1962,THCA,LAML,LAML,False,False,False,False,False
1963,OV,PAAD,OV,False,True,True,False,True
1964,STES,STES,STES,True,True,False,False,False
1965,PRAD,PRAD,PRAD,True,True,False,False,False
1966,BRCA,OV,OV,False,False,False,False,False
1967,PAAD,PAAD,PAAD,True,True,False,False,False
1968,THCA,PCPG,PCPG,False,False,False,False,False
1969,STES,STES,OV,True,False,False,True,True
1970,GBMLGG,GBMLGG,GBMLGG,True,True,False,False,False
1971,PCPG,SARC,SARC,False,False,False,False,False
1972,KIPAN,KIPAN,KIPAN,True,True,False,False,False
1973,LIHC,LIHC,LIHC,True,True,False,False,False
1974,STES,STES,STES,True,True,False,False,False
1975,KIPAN,KIPAN,KIPAN,True,True,False,False,False
1976,KIPAN,LIHC,LIHC,False,False,False,False,False
1977,STES,STES,STES,True,True,False,False,False
1978,THCA,PRAD,PRAD,False,False,False,False,False
1979,HNSC,HNSC,HNSC,True,True,False,False,False
1980,HNSC,CESC,CESC,False,False,False,False,False
1981,KIPAN,PRAD,PRAD,False,False,False,False,False
1982,PCPG,PCPG,THCA,True,False,False,True,True
1983,BRCA,OV,OV,False,False,False,False,False
1984,THCA,PCPG,PCPG,False,False,False,False,False
1985,CESC,CESC,CESC,True,True,False,False,False
1986,KIPAN,BRCA,TGCT,False,False,False,False,True
1987,UCEC,BLCA,CESC,False,False,False,False,True
1988,KIPAN,KIPAN,KIPAN,True,True,False,False,False
1989,KIPAN,COAD,COAD,False,False,False,False,False
1990,KIRC,KIRC,KIRC,True,True,False,False,False
1991,GBMLGG,GBMLGG,GBMLGG,True,True,False,False,False
1992,OV,OV,OV,True,True,False,False,False
1993,KIPAN,TGCT,KIPAN,False,True,True,False,True
1994,LUAD,LUAD,LUAD,True,True,False,False,False
1995,LIHC,LIHC,LIHC,True,True,False,False,False
1996,LUAD,LUAD,LUAD,True,True,False,False,False
1997,GBMLGG,GBMLGG,GBMLGG,True,True,False,False,False
1998,TGCT,TGCT,TGCT,True,True,False,False,False
1999,LGG,LGG,LGG,True,True,False,False,False
2000,PCPG,PRAD,PCPG,False,True,True,False,True
2001,SARC,BRCA,BRCA,False,False,False,False,False
2002,THYM,PCPG,PCPG,False,False,False,False,False
2003,SARC,KIPAN,CESC,False,False,False,False,True
2004,KIRC,KIRC,KIRC,True,True,False,False,False
2005,BRCA,SARC,SARC,False,False,False,False,False
2006,KIPAN,KIPAN,KIPAN,True,True,False,False,False
2007,THCA,THCA,THCA,True,True,False,False,False
2008,GBMLGG,GBMLGG,GBMLGG,True,True,False,False,False
2009,LUSC,LUAD,LUAD,False,False,False,False,False
2010,COAD,STES,STES,False,False,False,False,False
2011,THYM,THYM,THYM,True,True,False,False,False
2012,UCEC,COAD,BRCA,False,False,False,False,True
2013,KIPAN,KIRC,KIRC,False,False,False,False,False
2014,OV,BRCA,BRCA,False,False,False,False,False
2015,TGCT,TGCT,TGCT,True,True,False,False,False
2016,PAAD,LUAD,HNSC,False,False,False,False,True
2017,STES,STES,STES,True,True,False,False,False
2018,HNSC,GBMLGG,PAAD,False,False,False,False,True
2019,LUSC,LUSC,LUSC,True,True,False,False,False
2020,KIPAN,TGCT,BRCA,False,False,False,False,True
2021,GBMLGG,LGG,LGG,False,False,False,False,False
2022,PRAD,PRAD,PRAD,True,True,False,False,False
2023,BRCA,BRCA,BRCA,True,True,False,False,False
2024,PRAD,BRCA,BRCA,False,False,False,False,False
2025,PAAD,PAAD,PAAD,True,True,False,False,False
2026,HNSC,HNSC,HNSC,True,True,False,False,False
2027,TGCT,KIPAN,KIPAN,False,False,False,False,False
2028,PAAD,GBMLGG,GBMLGG,False,False,False,False,False
2029,LUAD,LUSC,LUSC,False,False,False,False,False
2030,BRCA,BRCA,BRCA,True,True,False,False,False
2031,BRCA,KIPAN,PRAD,False,False,False,False,True
2032,PCPG,THCA,LAML,False,False,False,False,True
2033,UCEC,GBMLGG,GBMLGG,False,False,False,False,False
2034,KIPAN,KIPAN,KIPAN,True,True,False,False,False
2035,KIPAN,KIRC,KIRC,False,False,False,False,False
2036,COAD,BRCA,GBMLGG,False,False,False,False,True
2037,GBMLGG,PRAD,PRAD,False,False,False,False,False
2038,COAD,COAD,COAD,True,True,False,False,False
2039,PCPG,PCPG,PCPG,True,True,False,False,False
2040,KIRC,KIPAN,KIPAN,False,False,False,False,False
2041,LUAD,BRCA,BRCA,False,False,False,False,False
2042,COAD,STES,STES,False,False,False,False,False
2043,THCA,THCA,THCA,True,True,False,False,False
2044,OV,PRAD,PRAD,False,False,False,False,False
2045,BRCA,BRCA,BRCA,True,True,False,False,False
2046,OV,BRCA,BRCA,False,False,False,False,False
2047,STES,STES,STES,True,True,False,False,False
2048,GBMLGG,TGCT,GBMLGG,False,True,True,False,True
2049,STES,HNSC,CESC,False,False,False,False,True
2050,OV,OV,OV,True,True,False,False,False
2051,OV,OV,OV,True,True,False,False,False
2052,TGCT,OV,OV,False,False,False,False,False
2053,OV,OV,OV,True,True,False,False,False
2054,COAD,COAD,COAD,True,True,False,False,False
2055,CESC,BLCA,BLCA,False,False,False,False,False
2056,LGG,LGG,LGG,True,True,False,False,False
2057,LUAD,CESC,BRCA,False,False,False,False,True
2058,BRCA,BRCA,BRCA,True,True,False,False,False
2059,THYM,THCA,LAML,False,False,False,False,True
2060,HNSC,HNSC,BRCA,True,False,False,True,True
2061,OV,OV,OV,True,True,False,False,False
2062,SARC,LIHC,KIPAN,False,False,False,False,True
2063,STES,STES,STES,True,True,False,False,False
2064,PRAD,BRCA,BRCA,False,False,False,False,False
2065,COAD,COAD,COAD,True,True,False,False,False
2066,PAAD,OV,OV,False,False,False,False,False
2067,CESC,GBMLGG,KIPAN,False,False,False,False,True
2068,STES,STES,STES,True,True,False,False,False
2069,BRCA,PCPG,PCPG,False,False,False,False,False
2070,COAD,UCEC,UCEC,False,False,False,False,False
2071,LAML,LAML,LAML,True,True,False,False,False
2072,LIHC,LIHC,LIHC,True,True,False,False,False
2073,BRCA,BRCA,BRCA,True,True,False,False,False
2074,KIRC,KIRC,KIRC,True,True,False,False,False
2075,THCA,THCA,THCA,True,True,False,False,False
2076,KIRC,KIPAN,KIPAN,False,False,False,False,False
2077,PCPG,PRAD,PCPG,False,True,True,False,True
2078,KIRC,KIRC,KIRC,True,True,False,False,False
2079,KIPAN,KIRC,KIRC,False,False,False,False,False
2080,SKCM,SKCM,SKCM,True,True,False,False,False
2081,LUSC,LUSC,LUSC,True,True,False,False,False
2082,THYM,THYM,THYM,True,True,False,False,False
2083,COAD,COAD,COAD,True,True,False,False,False
2084,STES,STES,STES,True,True,False,False,False
2085,COAD,PAAD,PAAD,False,False,False,False,False
2086,GBMLGG,GBMLGG,OV,True,False,False,True,True
2087,LAML,LAML,LAML,True,True,False,False,False
2088,KIPAN,KIPAN,KIRC,True,False,False,True,True
2089,OV,OV,OV,True,True,False,False,False
2090,SKCM,SKCM,SKCM,True,True,False,False,False
2091,KIPAN,KIPAN,KIPAN,True,True,False,False,False
2092,SKCM,SKCM,SKCM,True,True,False,False,False
2093,HNSC,GBMLGG,GBMLGG,False,False,False,False,False
2094,TGCT,TGCT,KIPAN,True,False,False,True,True
2095,KIRC,KIRC,KIRC,True,True,False,False,False
2096,SARC,OV,OV,False,False,False,False,False
2097,KIPAN,KIPAN,KIPAN,True,True,False,False,False
2098,KIRC,KIRC,KIRC,True,True,False,False,False
2099,BLCA,BLCA,BLCA,True,True,False,False,False
2100,PRAD,BRCA,BRCA,False,False,False,False,False
2101,GBMLGG,LGG,LGG,False,False,False,False,False
2102,PRAD,THCA,THCA,False,False,False,False,False
2103,BRCA,BRCA,BRCA,True,True,False,False,False
2104,LIHC,LUSC,STES,False,False,False,False,True
2105,TGCT,TGCT,TGCT,True,True,False,False,False
2106,BRCA,PCPG,LAML,False,False,False,False,True
2107,OV,OV,OV,True,True,False,False,False
2108,COAD,COAD,COAD,True,True,False,False,False
2109,BRCA,LUAD,LUAD,False,False,False,False,False
2110,STES,BRCA,BRCA,False,False,False,False,False
2111,CESC,BRCA,BRCA,False,False,False,False,False
2112,ACC,ACC,ACC,True,True,False,False,False
2113,STES,STES,STES,True,True,False,False,False
2114,STES,STES,STES,True,True,False,False,False
2115,GBMLGG,LAML,LAML,False,False,False,False,False
2116,HNSC,LUSC,LUSC,False,False,False,False,False
2117,BRCA,PCPG,PCPG,False,False,False,False,False
2118,BRCA,BRCA,BRCA,True,True,False,False,False
2119,KIPAN,LIHC,KIPAN,False,True,True,False,True
2120,KIPAN,UCEC,UCEC,False,False,False,False,False
2121,SARC,SARC,SARC,True,True,False,False,False
2122,LGG,LGG,LGG,True,True,False,False,False
2123,STES,LUSC,LUSC,False,False,False,False,False
2124,BRCA,KIRC,KIRC,False,False,False,False,False
2125,KIPAN,SARC,GBMLGG,False,False,False,False,True
2126,BRCA,BRCA,BRCA,True,True,False,False,False
2127,KIPAN,TGCT,TGCT,False,False,False,False,False
2128,LUSC,STES,DLBC,False,False,False,False,True
2129,THCA,THCA,THCA,True,True,False,False,False
2130,LGG,LGG,LGG,True,True,False,False,False
2131,GBMLGG,STES,GBMLGG,False,True,True,False,True
2132,STES,HNSC,HNSC,False,False,False,False,False
2133,GBMLGG,GBMLGG,OV,True,False,False,True,True
2134,UCEC,UCEC,UCEC,True,True,False,False,False
2135,DLBC,LUSC,LUSC,False,False,False,False,False
2136,LUAD,LUAD,LUAD,True,True,False,False,False
2137,KIPAN,KIPAN,HNSC,True,False,False,True,True
2138,LUAD,LIHC,LIHC,False,False,False,False,False
2139,KIPAN,BRCA,BRCA,False,False,False,False,False
2140,LGG,GBMLGG,GBMLGG,False,False,False,False,False
2141,LGG,LGG,LGG,True,True,False,False,False
2142,KIPAN,KIPAN,KIPAN,True,True,False,False,False
2143,KIPAN,KIRC,KIRC,False,False,False,False,False
2144,KIRC,KIRC,KIRC,True,True,False,False,False
2145,BRCA,GBMLGG,SARC,False,False,False,False,True
2146,LUAD,LUSC,LIHC,False,False,False,False,True
2147,SARC,SARC,SARC,True,True,False,False,False
2148,BRCA,BRCA,BRCA,True,True,False,False,False
2149,UCEC,UCEC,LUSC,True,False,False,True,True
2150,KIRC,OV,OV,False,False,False,False,False
2151,OV,OV,OV,True,True,False,False,False
2152,LGG,GBMLGG,LGG,False,True,True,False,True
2153,BRCA,KIRC,UCEC,False,False,False,False,True
2154,PAAD,STES,STES,False,False,False,False,False
2155,OV,OV,OV,True,True,False,False,False
2156,LAML,LAML,PRAD,True,False,False,True,True
2157,ACC,BRCA,KIPAN,False,False,False,False,True
2158,HNSC,KIPAN,KIRC,False,False,False,False,True
2159,PAAD,STES,PAAD,False,True,True,False,True
2160,GBMLGG,GBMLGG,LGG,True,False,False,True,True
2161,SKCM,SKCM,SKCM,True,True,False,False,False
2162,THCA,THCA,THCA,True,True,False,False,False
2163,STES,STES,STES,True,True,False,False,False
2164,BRCA,BRCA,BRCA,True,True,False,False,False
2165,COAD,OV,HNSC,False,False,False,False,True
2166,SARC,BRCA,BRCA,False,False,False,False,False
2167,GBMLGG,GBMLGG,GBMLGG,True,True,False,False,False
2168,KIPAN,KIPAN,KIPAN,True,True,False,False,False
2169,COAD,OV,OV,False,False,False,False,False
2170,LAML,LAML,LAML,True,True,False,False,False
2171,COAD,COAD,COAD,True,True,False,False,False
2172,BRCA,PRAD,BRCA,False,True,True,False,True
2173,OV,STES,STES,False,False,False,False,False
2174,UCEC,KIRC,PAAD,False,False,False,False,True
2175,BRCA,STES,BRCA,False,True,True,False,True
2176,KIRC,KIRC,KIRC,True,True,False,False,False
2177,PRAD,LIHC,LIHC,False,False,False,False,False
2178,SARC,BRCA,SARC,False,True,True,False,True
2179,THCA,THCA,THCA,True,True,False,False,False
2180,SARC,KIPAN,LIHC,False,False,False,False,True
2181,TGCT,TGCT,TGCT,True,True,False,False,False
2182,LIHC,LIHC,HNSC,True,False,False,True,True
2183,BRCA,PCPG,PCPG,False,False,False,False,False
2184,SKCM,SARC,PRAD,False,False,False,False,True
2185,BRCA,BRCA,UCEC,True,False,False,True,True
2186,SARC,SARC,SARC,True,True,False,False,False
2187,UCEC,UCEC,OV,True,False,False,True,True
2188,KIRC,KIRC,KIRC,True,True,False,False,False
2189,UCEC,COAD,COAD,False,False,False,False,False
2190,SARC,OV,OV,False,False,False,False,False
2191,PRAD,THCA,THCA,False,False,False,False,False
2192,KIPAN,KIPAN,KIPAN,True,True,False,False,False
2193,LUAD,LUAD,LUAD,True,True,False,False,False
2194,PAAD,PAAD,PAAD,True,True,False,False,False
2195,KIPAN,KIPAN,KIPAN,True,True,False,False,False
2196,THCA,THCA,THCA,True,True,False,False,False
2197,THYM,SARC,GBMLGG,False,False,False,False,True
2198,KIPAN,KIRC,KIPAN,False,True,True,False,True
2199,SKCM,BRCA,LAML,False,False,False,False,True
2200,GBMLGG,GBMLGG,GBMLGG,True,True,False,False,False
2201,LGG,LGG,LGG,True,True,False,False,False
2202,LAML,LAML,LAML,True,True,False,False,False
2203,KIRC,KIPAN,HNSC,False,False,False,False,True
2204,LGG,LGG,LGG,True,True,False,False,False
2205,THYM,PRAD,PRAD,False,False,False,False,False
2206,KIPAN,KIPAN,KIPAN,True,True,False,False,False
2207,STES,STES,STES,True,True,False,False,False
2208,BRCA,BRCA,BRCA,True,True,False,False,False
2209,PRAD,PRAD,PRAD,True,True,False,False,False
2210,THCA,THCA,THCA,True,True,False,False,False
2211,BRCA,STES,STES,False,False,False,False,False
2212,CESC,CESC,CESC,True,True,False,False,False
2213,THCA,THCA,THCA,True,True,False,False,False
2214,KIPAN,KIPAN,KIPAN,True,True,False,False,False
2215,LUSC,LUSC,LUSC,True,True,False,False,False
2216,THYM,PCPG,PCPG,False,False,False,False,False
2217,LIHC,LIHC,LIHC,True,True,False,False,False
2218,OV,BRCA,BRCA,False,False,False,False,False
2219,GBMLGG,LIHC,LIHC,False,False,False,False,False
2220,KIPAN,LIHC,LIHC,False,False,False,False,False
2221,BRCA,LAML,LAML,False,False,False,False,False
2222,LAML,THCA,THCA,False,False,False,False,False
2223,GBMLGG,GBMLGG,GBMLGG,True,True,False,False,False
2224,SARC,SARC,KIPAN,True,False,False,True,True
2225,GBMLGG,LGG,LGG,False,False,False,False,False
2226,BLCA,OV,OV,False,False,False,False,False
2227,THCA,THCA,THCA,True,True,False,False,False
2228,BRCA,BRCA,BRCA,True,True,False,False,False
2229,UCEC,UCEC,UCEC,True,True,False,False,False
2230,STES,STES,STES,True,True,False,False,False
2231,LGG,LGG,LGG,True,True,False,False,False
2232,SARC,BRCA,PRAD,False,False,False,False,True
2233,OV,OV,OV,True,True,False,False,False
2234,THCA,PRAD,BRCA,False,False,False,False,True
2235,KIPAN,KIPAN,KIPAN,True,True,False,False,False
2236,LGG,LGG,LGG,True,True,False,False,False
2237,BRCA,OV,OV,False,False,False,False,False
2238,STES,STES,STES,True,True,False,False,False
2239,THCA,PRAD,PRAD,False,False,False,False,False
2240,GBMLGG,GBMLGG,GBMLGG,True,True,False,False,False
2241,KIPAN,KIPAN,KIPAN,True,True,False,False,False
2242,BRCA,BRCA,OV,True,False,False,True,True
2243,LUSC,LUAD,UCEC,False,False,False,False,True
2244,PAAD,STES,HNSC,False,False,False,False,True
2245,SARC,SARC,SARC,True,True,False,False,False
2246,THYM,PCPG,PCPG,False,False,False,False,False
2247,UCEC,BRCA,OV,False,False,False,False,True
2248,BRCA,PRAD,THYM,False,False,False,False,True
2249,GBMLGG,SARC,GBMLGG,False,True,True,False,True
2250,BRCA,BRCA,BRCA,True,True,False,False,False
2251,BRCA,PRAD,PRAD,False,False,False,False,False
2252,HNSC,CESC,CESC,False,False,False,False,False
2253,STES,STES,STES,True,True,False,False,False
2254,GBMLGG,GBMLGG,GBMLGG,True,True,False,False,False
2255,OV,PRAD,PRAD,False,False,False,False,False
2256,GBMLGG,LGG,LGG,False,False,False,False,False
2257,THCA,THCA,THCA,True,True,False,False,False
2258,HNSC,STES,GBMLGG,False,False,False,False,True
2259,SARC,OV,OV,False,False,False,False,False
2260,UCEC,UCEC,UCEC,True,True,False,False,False
2261,PCPG,PCPG,PCPG,True,True,False,False,False
2262,PCPG,PCPG,PCPG,True,True,False,False,False
2263,KIPAN,KIPAN,KIPAN,True,True,False,False,False
2264,LGG,LGG,LGG,True,True,False,False,False
2265,CESC,CESC,CESC,True,True,False,False,False
2266,OV,BRCA,BRCA,False,False,False,False,False
2267,PCPG,THYM,THYM,False,False,False,False,False
2268,BLCA,STES,STES,False,False,False,False,False
2269,GBMLGG,GBMLGG,GBMLGG,True,True,False,False,False
2270,THCA,BRCA,BRCA,False,False,False,False,False
2271,LGG,LGG,LGG,True,True,False,False,False
2272,LUAD,LUSC,LUSC,False,False,False,False,False
2273,STES,PRAD,LIHC,False,False,False,False,True
2274,BRCA,BRCA,PRAD,True,False,False,True,True
2275,CESC,SARC,GBMLGG,False,False,False,False,True
2276,BRCA,KIPAN,BRCA,False,True,True,False,True
2277,COAD,COAD,COAD,True,True,False,False,False
2278,LGG,LGG,LGG,True,True,False,False,False
2279,PRAD,PRAD,PRAD,True,True,False,False,False
2280,KIRC,KIRC,KIRC,True,True,False,False,False
2281,THCA,THCA,THCA,True,True,False,False,False
2282,HNSC,OV,OV,False,False,False,False,False
2283,OV,KIPAN,KIPAN,False,False,False,False,False
2284,BRCA,THYM,THYM,False,False,False,False,False
2285,HNSC,HNSC,PAAD,True,False,False,True,True
2286,ACC,ACC,ACC,True,True,False,False,False
2287,SKCM,SKCM,SKCM,True,True,False,False,False
2288,STES,STES,STES,True,True,False,False,False
2289,BRCA,STES,STES,False,False,False,False,False
2290,LGG,LGG,LGG,True,True,False,False,False
2291,GBMLGG,GBMLGG,GBMLGG,True,True,False,False,False
2292,GBMLGG,GBMLGG,GBMLGG,True,True,False,False,False
2293,KIPAN,KIPAN,KIPAN,True,True,False,False,False
2294,TGCT,BRCA,STES,False,False,False,False,True
2295,PRAD,THYM,THYM,False,False,False,False,False
2296,LIHC,LIHC,LIHC,True,True,False,False,False
2297,LIHC,KIRC,KIPAN,False,False,False,False,True
2298,BLCA,BLCA,HNSC,True,False,False,True,True
2299,COAD,STES,STES,False,False,False,False,False
2300,THCA,THCA,THCA,True,True,False,False,False
2301,BRCA,OV,PAAD,False,False,False,False,True
2302,BLCA,CESC,CESC,False,False,False,False,False
2303,SARC,PRAD,PRAD,False,False,False,False,False
2304,PCPG,PCPG,PRAD,True,False,False,True,True
2305,STES,HNSC,HNSC,False,False,False,False,False
2306,BRCA,BRCA,BRCA,True,True,False,False,False
2307,LUSC,LUSC,LUSC,True,True,False,False,False
2308,STES,STES,STES,True,True,False,False,False
2309,BRCA,BRCA,BRCA,True,True,False,False,False
2310,COAD,STES,STES,False,False,False,False,False
2311,BLCA,LUSC,LUSC,False,False,False,False,False
2312,SKCM,SKCM,SKCM,True,True,False,False,False
2313,KIPAN,KIPAN,KIPAN,True,True,False,False,False
2314,SKCM,KIRC,TGCT,False,False,False,False,True
2315,THCA,THCA,THCA,True,True,False,False,False
2316,STES,STES,STES,True,True,False,False,False
2317,LAML,THYM,THYM,False,False,False,False,False
2318,UCEC,BRCA,BRCA,False,False,False,False,False
2319,BRCA,KIRC,KIRC,False,False,False,False,False
2320,KIPAN,KIPAN,KIPAN,True,True,False,False,False
2321,GBMLGG,LGG,LGG,False,False,False,False,False
2322,LUSC,LUSC,LUSC,True,True,False,False,False
2323,BLCA,BRCA,GBMLGG,False,False,False,False,True
2324,BRCA,BRCA,BRCA,True,True,False,False,False
2325,THCA,LAML,LAML,False,False,False,False,False
2326,CESC,BLCA,BLCA,False,False,False,False,False
2327,GBMLGG,LGG,LGG,False,False,False,False,False
2328,LUSC,LUAD,LUAD,False,False,False,False,False
2329,SARC,CESC,TGCT,False,False,False,False,True
2330,PCPG,PCPG,PCPG,True,True,False,False,False
2331,KIPAN,KIRC,KIPAN,False,True,True,False,True
2332,PRAD,KIPAN,KIPAN,False,False,False,False,False
2333,CESC,CESC,CESC,True,True,False,False,False
2334,GBMLGG,GBMLGG,GBMLGG,True,True,False,False,False
2335,GBMLGG,GBMLGG,OV,True,False,False,True,True
2336,KIRC,KIRC,KIRC,True,True,False,False,False
2337,HNSC,HNSC,HNSC,True,True,False,False,False
2338,UCEC,UCEC,UCEC,True,True,False,False,False
2339,THYM,PRAD,PRAD,False,False,False,False,False
2340,GBMLGG,GBMLGG,GBMLGG,True,True,False,False,False
2341,GBMLGG,LGG,GBMLGG,False,True,True,False,True
2342,STES,LUAD,LUAD,False,False,False,False,False
2343,BRCA,BRCA,BRCA,True,True,False,False,False
2344,UCEC,STES,STES,False,False,False,False,False
2345,ACC,ACC,ACC,True,True,False,False,False
2346,BRCA,LUAD,BRCA,False,True,True,False,True
2347,UCEC,UCEC,STES,True,False,False,True,True
2348,PRAD,PCPG,PCPG,False,False,False,False,False
2349,TGCT,KIPAN,KIPAN,False,False,False,False,False
2350,LUAD,STES,LUAD,False,True,True,False,True
2351,KIPAN,KIPAN,LUAD,True,False,False,True,True
2352,CESC,GBMLGG,GBMLGG,False,False,False,False,False
2353,LGG,GBMLGG,LGG,False,True,True,False,True
2354,BLCA,BLCA,BLCA,True,True,False,False,False
2355,PCPG,PCPG,PCPG,True,True,False,False,False
2356,THCA,THCA,THCA,True,True,False,False,False
2357,STES,STES,STES,True,True,False,False,False
2358,PAAD,STES,STES,False,False,False,False,False
2359,KIRC,KIRC,KIRC,True,True,False,False,False
2360,KIRC,KIRC,KIRC,True,True,False,False,False
2361,COAD,STES,STES,False,False,False,False,False
2362,SKCM,SKCM,SKCM,True,True,False,False,False
2363,BRCA,SARC,SARC,False,False,False,False,False
2364,UCEC,UCEC,UCEC,True,True,False,False,False
2365,LIHC,LUAD,LIHC,False,True,True,False,True
2366,PCPG,PCPG,PCPG,True,True,False,False,False
2367,BRCA,LIHC,LIHC,False,False,False,False,False
2368,TGCT,TGCT,TGCT,True,True,False,False,False
2369,LUAD,LUSC,LUSC,False,False,False,False,False
2370,BRCA,BRCA,BRCA,True,True,False,False,False
2371,LGG,GBMLGG,LAML,False,False,False,False,True
2372,SARC,OV,OV,False,False,False,False,False
2373,CESC,BRCA,BRCA,False,False,False,False,False
2374,HNSC,THYM,THCA,False,False,False,False,True
2375,BRCA,BRCA,BRCA,True,True,False,False,False
2376,LUAD,LUAD,LUAD,True,True,False,False,False
2377,KIPAN,KIPAN,KIPAN,True,True,False,False,False
2378,TGCT,TGCT,TGCT,True,True,False,False,False
2379,SKCM,SKCM,SKCM,True,True,False,False,False
2380,PRAD,PRAD,PRAD,True,True,False,False,False
2381,PCPG,SARC,BRCA,False,False,False,False,True
2382,PCPG,PCPG,PCPG,True,True,False,False,False
2383,LUAD,LUSC,LUSC,False,False,False,False,False
2384,LUSC,STES,SKCM,False,False,False,False,True
2385,LAML,LAML,LAML,True,True,False,False,False
2386,PAAD,STES,STES,False,False,False,False,False
2387,SARC,STES,STES,False,False,False,False,False
2388,STES,STES,STES,True,True,False,False,False
2389,COAD,COAD,COAD,True,True,False,False,False
2390,OV,OV,OV,True,True,False,False,False
2391,OV,LAML,LAML,False,False,False,False,False
2392,STES,STES,STES,True,True,False,False,False
2393,GBMLGG,GBMLGG,GBMLGG,True,True,False,False,False
2394,KIPAN,KIPAN,KIPAN,True,True,False,False,False
2395,THCA,PCPG,PCPG,False,False,False,False,False
2396,PRAD,GBMLGG,GBMLGG,False,False,False,False,False
2397,CESC,CESC,CESC,True,True,False,False,False
2398,LIHC,LIHC,LIHC,True,True,False,False,False
2399,LUAD,BLCA,BLCA,False,False,False,False,False
2400,SKCM,SKCM,SKCM,True,True,False,False,False
2401,LUAD,LUSC,LUSC,False,False,False,False,False
2402,PCPG,PRAD,PRAD,False,False,False,False,False
2403,STES,PRAD,BRCA,False,False,False,False,True
2404,THYM,THYM,THYM,True,True,False,False,False
2405,BRCA,PRAD,PRAD,False,False,False,False,False
2406,BRCA,BLCA,CESC,False,False,False,False,True
2407,PRAD,LAML,LAML,False,False,False,False,False
2408,KIRC,SARC,SARC,False,False,False,False,False
2409,KIPAN,BRCA,KIPAN,False,True,True,False,True
2410,KIRC,BRCA,BRCA,False,False,False,False,False
2411,COAD,COAD,COAD,True,True,False,False,False
2412,STES,STES,STES,True,True,False,False,False
2413,KIRC,BRCA,KIPAN,False,False,False,False,True
2414,LAML,THYM,THYM,False,False,False,False,False
2415,BRCA,BRCA,BRCA,True,True,False,False,False
2416,LUSC,LUSC,LUSC,True,True,False,False,False
2417,LUAD,KIPAN,STES,False,False,False,False,True
2418,LGG,LGG,LGG,True,True,False,False,False
2419,KIPAN,KIPAN,KIPAN,True,True,False,False,False
2420,LIHC,LUSC,LUSC,False,False,False,False,False
2421,PRAD,PRAD,PRAD,True,True,False,False,False
2422,COAD,UCEC,UCEC,False,False,False,False,False
2423,KIPAN,KIPAN,SARC,True,False,False,True,True
2424,OV,OV,OV,True,True,False,False,False
2425,OV,OV,OV,True,True,False,False,False
2426,KIPAN,THYM,THYM,False,False,False,False,False
2427,BRCA,PRAD,BRCA,False,True,True,False,True
2428,THCA,THCA,THCA,True,True,False,False,False
2429,PRAD,PRAD,BRCA,True,False,False,True,True
2430,BRCA,BRCA,OV,True,False,False,True,True
2431,LGG,GBMLGG,GBMLGG,False,False,False,False,False
2432,LUSC,STES,STES,False,False,False,False,False
2433,THCA,THCA,THCA,True,True,False,False,False
2434,PCPG,BRCA,CESC,False,False,False,False,True
2435,CESC,HNSC,HNSC,False,False,False,False,False
2436,SKCM,PRAD,PRAD,False,False,False,False,False
2437,KIRC,KIRC,KIRC,True,True,False,False,False
2438,LAML,LAML,LAML,True,True,False,False,False
2439,LIHC,KIPAN,SARC,False,False,False,False,True
2440,HNSC,LUSC,LUSC,False,False,False,False,False
2441,THCA,THCA,THCA,True,True,False,False,False
2442,KIPAN,KIPAN,KIPAN,True,True,False,False,False
2443,LUAD,HNSC,BRCA,False,False,False,False,True
2444,KIPAN,KIRC,KIPAN,False,True,True,False,True
2445,GBMLGG,GBMLGG,GBMLGG,True,True,False,False,False
2446,BRCA,OV,BRCA,False,True,True,False,True
2447,THCA,THCA,THCA,True,True,False,False,False
2448,BRCA,BRCA,BRCA,True,True,False,False,False
2449,PRAD,BRCA,BRCA,False,False,False,False,False
2450,BRCA,PCPG,PCPG,False,False,False,False,False
2451,GBMLGG,GBMLGG,GBMLGG,True,True,False,False,False
2452,UCEC,UCEC,UCEC,True,True,False,False,False
2453,BRCA,SARC,SARC,False,False,False,False,False
2454,KIRC,KIRC,KIRC,True,True,False,False,False
2455,STES,STES,STES,True,True,False,False,False
2456,BRCA,PRAD,PRAD,False,False,False,False,False
2457,GBMLGG,GBMLGG,GBMLGG,True,True,False,False,False
2458,KIRC,KIRC,KIRC,True,True,False,False,False
2459,BRCA,BRCA,BRCA,True,True,False,False,False
2460,PRAD,SARC,SARC,False,False,False,False,False
2461,KIPAN,KIPAN,KIPAN,True,True,False,False,False
2462,HNSC,STES,STES,False,False,False,False,False
2463,BLCA,CESC,BRCA,False,False,False,False,True
2464,PRAD,GBMLGG,KIRC,False,False,False,False,True
2465,COAD,COAD,COAD,True,True,False,False,False
2466,HNSC,HNSC,CESC,True,False,False,True,True
2467,KIPAN,KIPAN,KIPAN,True,True,False,False,False
2468,THYM,SARC,PCPG,False,False,False,False,True
2469,BRCA,HNSC,HNSC,False,False,False,False,False
2470,PCPG,PRAD,PRAD,False,False,False,False,False
2471,LGG,GBMLGG,GBMLGG,False,False,False,False,False
2472,KIPAN,KIPAN,KIPAN,True,True,False,False,False
2473,BRCA,PRAD,PRAD,False,False,False,False,False
2474,KIPAN,STES,LUSC,False,False,False,False,True
2475,HNSC,COAD,COAD,False,False,False,False,False
2476,KIRC,KIRC,KIRC,True,True,False,False,False
2477,BRCA,STES,STES,False,False,False,False,False
2478,GBMLGG,GBMLGG,GBMLGG,True,True,False,False,False
2479,OV,OV,OV,True,True,False,False,False
2480,BRCA,OV,OV,False,False,False,False,False
2481,UCEC,STES,STES,False,False,False,False,False
2482,PCPG,BRCA,BRCA,False,False,False,False,False
2483,BRCA,BRCA,BRCA,True,True,False,False,False
2484,KIPAN,KIPAN,KIPAN,True,True,False,False,False
2485,PRAD,PCPG,THCA,False,False,False,False,True
2486,LUSC,LIHC,LIHC,False,False,False,False,False
2487,TGCT,TGCT,TGCT,True,True,False,False,False
2488,GBMLGG,SARC,SARC,False,False,False,False,False
2489,BLCA,BLCA,BLCA,True,True,False,False,False
2490,SKCM,SKCM,SKCM,True,True,False,False,False
2491,SKCM,SKCM,SKCM,True,True,False,False,False
2492,PAAD,HNSC,HNSC,False,False,False,False,False
2493,SARC,SARC,PRAD,True,False,False,True,True
2494,KIPAN,KIPAN,KIPAN,True,True,False,False,False
2495,ACC,ACC,ACC,True,True,False,False,False
2496,GBMLGG,LGG,LGG,False,False,False,False,False
2497,CESC,BRCA,SARC,False,False,False,False,True
2498,KIRC,KIRC,KIRC,True,True,False,False,False
2499,OV,OV,OV,True,True,False,False,False
2500,GBMLGG,STES,GBMLGG,False,True,True,False,True
2501,SARC,SKCM,SKCM,False,False,False,False,False
2502,SARC,KIPAN,KIPAN,False,False,False,False,False
2503,PCPG,PRAD,PRAD,False,False,False,False,False
2504,SARC,BRCA,BRCA,False,False,False,False,False
2505,LUAD,CESC,BRCA,False,False,False,False,True
2506,KIPAN,KIPAN,KIPAN,True,True,False,False,False
2507,OV,OV,OV,True,True,False,False,False
2508,PAAD,BRCA,BRCA,False,False,False,False,False
2509,PAAD,HNSC,KIPAN,False,False,False,False,True
2510,LUAD,LUSC,LUSC,False,False,False,False,False
2511,CESC,SARC,SARC,False,False,False,False,False
2512,GBMLGG,GBMLGG,GBMLGG,True,True,False,False,False
2513,UCEC,HNSC,BRCA,False,False,False,False,True
2514,LAML,LAML,LAML,True,True,False,False,False
2515,THYM,THYM,THYM,True,True,False,False,False
2516,KIPAN,KIPAN,KIPAN,True,True,False,False,False
2517,KIPAN,KIPAN,KIRC,True,False,False,True,True
2518,BRCA,BRCA,BRCA,True,True,False,False,False
2519,BRCA,PAAD,STES,False,False,False,False,True
2520,COAD,COAD,COAD,True,True,False,False,False
2521,LUSC,LUSC,LUSC,True,True,False,False,False
2522,PRAD,KIPAN,KIPAN,False,False,False,False,False
2523,BLCA,LUSC,LUSC,False,False,False,False,False
2524,TGCT,KIPAN,KIPAN,False,False,False,False,False
2525,LAML,LAML,LAML,True,True,False,False,False
2526,STES,STES,UCEC,True,False,False,True,True
2527,PCPG,PCPG,PCPG,True,True,False,False,False
2528,BRCA,THCA,THCA,False,False,False,False,False
2529,KIPAN,KIPAN,KIPAN,True,True,False,False,False
2530,UCEC,UCEC,UCEC,True,True,False,False,False
2531,CESC,THYM,THYM,False,False,False,False,False
2532,PAAD,HNSC,PAAD,False,True,True,False,True
2533,BRCA,BRCA,BRCA,True,True,False,False,False
2534,BRCA,BRCA,BRCA,True,True,False,False,False
2535,LGG,LGG,LGG,True,True,False,False,False
2536,KIRC,KIRC,KIRC,True,True,False,False,False
2537,PRAD,PRAD,BRCA,True,False,False,True,True
2538,LUSC,LUSC,LUSC,True,True,False,False,False
2539,GBMLGG,GBMLGG,GBMLGG,True,True,False,False,False
2540,BLCA,BLCA,BLCA,True,True,False,False,False
2541,DLBC,LUSC,LIHC,False,False,False,False,True
2542,LUAD,KIPAN,COAD,False,False,False,False,True
2543,LUAD,LUAD,LUAD,True,True,False,False,False
2544,HNSC,CESC,HNSC,False,True,True,False,True
2545,THYM,THYM,THYM,True,True,False,False,False
2546,BRCA,OV,OV,False,False,False,False,False
2547,GBMLGG,SARC,SARC,False,False,False,False,False
2548,LGG,LGG,LGG,True,True,False,False,False
2549,BRCA,HNSC,HNSC,False,False,False,False,False
2550,LIHC,LIHC,LIHC,True,True,False,False,False
2551,HNSC,BLCA,CESC,False,False,False,False,True
2552,SKCM,SKCM,SKCM,True,True,False,False,False
2553,CESC,HNSC,HNSC,False,False,False,False,False
2554,COAD,COAD,COAD,True,True,False,False,False
2555,KIPAN,KIPAN,KIPAN,True,True,False,False,False
2556,STES,LIHC,LIHC,False,False,False,False,False
2557,PRAD,PRAD,PRAD,True,True,False,False,False
2558,BRCA,OV,OV,False,False,False,False,False
2559,THCA,PRAD,PRAD,False,False,False,False,False
2560,HNSC,HNSC,HNSC,True,True,False,False,False
2561,CESC,KIRC,KIPAN,False,False,False,False,True
2562,STES,GBMLGG,GBMLGG,False,False,False,False,False
2563,BRCA,BRCA,BRCA,True,True,False,False,False
2564,ACC,ACC,ACC,True,True,False,False,False
2565,KIRC,KIRC,KIRC,True,True,False,False,False
2566,LGG,LGG,LGG,True,True,False,False,False
2567,LIHC,SARC,CESC,False,False,False,False,True
2568,SARC,SARC,SARC,True,True,False,False,False
2569,KIPAN,KIPAN,KIPAN,True,True,False,False,False
2570,THCA,THCA,THCA,True,True,False,False,False
2571,BRCA,BRCA,BRCA,True,True,False,False,False
2572,HNSC,HNSC,HNSC,True,True,False,False,False
2573,GBMLGG,LGG,GBMLGG,False,True,True,False,True
2574,HNSC,BRCA,BRCA,False,False,False,False,False
2575,UCEC,UCEC,UCEC,True,True,False,False,False
2576,SKCM,SKCM,SKCM,True,True,False,False,False
2577,COAD,COAD,COAD,True,True,False,False,False
2578,LUAD,LUAD,LUAD,True,True,False,False,False
2579,LUAD,SARC,SARC,False,False,False,False,False
2580,LGG,LGG,LGG,True,True,False,False,False
2581,BRCA,BRCA,BRCA,True,True,False,False,False
2582,LUSC,LUSC,LUSC,True,True,False,False,False
2583,HNSC,BRCA,BRCA,False,False,False,False,False
2584,LIHC,STES,STES,False,False,False,False,False
2585,GBMLGG,GBMLGG,GBMLGG,True,True,False,False,False
2586,BRCA,PRAD,LAML,False,False,False,False,True
2587,OV,BRCA,BRCA,False,False,False,False,False
2588,COAD,COAD,COAD,True,True,False,False,False
2589,SARC,PCPG,THCA,False,False,False,False,True
2590,GBMLGG,LGG,GBMLGG,False,True,True,False,True
2591,LAML,OV,OV,False,False,False,False,False
2592,ACC,ACC,ACC,True,True,False,False,False
2593,CESC,CESC,BLCA,True,False,False,True,True
2594,LGG,LGG,LGG,True,True,False,False,False
2595,KIPAN,KIPAN,KIPAN,True,True,False,False,False
2596,PRAD,THCA,THCA,False,False,False,False,False
2597,LUSC,LUSC,LUSC,True,True,False,False,False
2598,BRCA,BRCA,BRCA,True,True,False,False,False
2599,GBMLGG,HNSC,HNSC,False,False,False,False,False
2600,PCPG,PRAD,PRAD,False,False,False,False,False
2601,BRCA,CESC,BLCA,False,False,False,False,True
2602,STES,STES,STES,True,True,False,False,False
2603,CESC,BRCA,BRCA,False,False,False,False,False
2604,PRAD,SARC,SARC,False,False,False,False,False
2605,KIRC,PRAD,UCEC,False,False,False,False,True
2606,OV,BRCA,BRCA,False,False,False,False,False
2607,KIRC,KIRC,KIRC,True,True,False,False,False
2608,PRAD,OV,OV,False,False,False,False,False
2609,PRAD,LAML,LAML,False,False,False,False,False
2610,KIPAN,KIRC,KIRC,False,False,False,False,False
2611,BRCA,PRAD,PRAD,False,False,False,False,False
2612,BRCA,OV,OV,False,False,False,False,False
2613,PRAD,THYM,THYM,False,False,False,False,False
2614,BRCA,LIHC,LIHC,False,False,False,False,False
2615,LGG,LGG,LGG,True,True,False,False,False
2616,BRCA,BRCA,BRCA,True,True,False,False,False
2617,LAML,LAML,LAML,True,True,False,False,False
2618,GBMLGG,GBMLGG,GBMLGG,True,True,False,False,False
2619,BRCA,BRCA,PRAD,True,False,False,True,True
2620,GBMLGG,GBMLGG,GBMLGG,True,True,False,False,False
2621,GBMLGG,GBMLGG,GBMLGG,True,True,False,False,False
2622,BRCA,STES,STES,False,False,False,False,False
2623,BRCA,PRAD,PRAD,False,False,False,False,False
2624,BRCA,BRCA,SARC,True,False,False,True,True
2625,SARC,PAAD,SARC,False,True,True,False,True
2626,BLCA,CESC,CESC,False,False,False,False,False
2627,OV,COAD,COAD,False,False,False,False,False
2628,THYM,THYM,THYM,True,True,False,False,False
2629,GBMLGG,KIPAN,KIPAN,False,False,False,False,False
2630,THCA,THYM,THYM,False,False,False,False,False
2631,PRAD,PRAD,THCA,True,False,False,True,True
2632,UCEC,LUSC,LUSC,False,False,False,False,False
2633,GBMLGG,KIPAN,KIPAN,False,False,False,False,False
2634,KIRC,KIRC,KIRC,True,True,False,False,False
2635,GBMLGG,STES,UCEC,False,False,False,False,True
2636,BLCA,BLCA,BLCA,True,True,False,False,False
2637,LUAD,SARC,GBMLGG,False,False,False,False,True
2638,STES,BRCA,LIHC,False,False,False,False,True
2639,STES,THYM,THYM,False,False,False,False,False
2640,OV,OV,OV,True,True,False,False,False
2641,STES,UCEC,GBMLGG,False,False,False,False,True
2642,PCPG,THCA,SARC,False,False,False,False,True
2643,BRCA,TGCT,TGCT,False,False,False,False,False
2644,THCA,THCA,THCA,True,True,False,False,False
2645,GBMLGG,PCPG,UCEC,False,False,False,False,True
2646,THCA,THYM,THYM,False,False,False,False,False
2647,COAD,COAD,COAD,True,True,False,False,False
2648,BRCA,UCEC,UCEC,False,False,False,False,False
2649,SKCM,SKCM,SKCM,True,True,False,False,False
2650,GBMLGG,LGG,LGG,False,False,False,False,False
2651,BRCA,BRCA,BRCA,True,True,False,False,False
2652,KIRC,KIRC,KIRC,True,True,False,False,False
2653,PRAD,PRAD,PRAD,True,True,False,False,False
2654,HNSC,BRCA,CESC,False,False,False,False,True
2655,PRAD,PRAD,PRAD,True,True,False,False,False
2656,LUAD,LUAD,OV,True,False,False,True,True
2657,KIPAN,KIPAN,KIRC,True,False,False,True,True
2658,BRCA,BRCA,PCPG,True,False,False,True,True
2659,PRAD,PRAD,PRAD,True,True,False,False,False
2660,KIPAN,KIPAN,KIPAN,True,True,False,False,False
2661,PRAD,DLBC,STES,False,False,False,False,True
2662,BRCA,BRCA,BRCA,True,True,False,False,False
2663,STES,STES,UCEC,True,False,False,True,True
2664,TGCT,KIPAN,TGCT,False,True,True,False,True
2665,KIPAN,OV,PAAD,False,False,False,False,True
2666,LAML,THYM,THYM,False,False,False,False,False
2667,SKCM,OV,OV,False,False,False,False,False
2668,BRCA,PRAD,PRAD,False,False,False,False,False
2669,ACC,ACC,ACC,True,True,False,False,False
2670,UCEC,GBMLGG,GBMLGG,False,False,False,False,False
2671,PAAD,PAAD,PAAD,True,True,False,False,False
2672,OV,OV,OV,True,True,False,False,False
2673,KIPAN,KIPAN,KIPAN,True,True,False,False,False
2674,KIPAN,LIHC,LIHC,False,False,False,False,False
2675,SKCM,LUSC,LUSC,False,False,False,False,False
2676,OV,OV,OV,True,True,False,False,False
2677,BRCA,OV,OV,False,False,False,False,False
2678,GBMLGG,GBMLGG,GBMLGG,True,True,False,False,False
2679,PAAD,KIRC,TGCT,False,False,False,False,True
2680,THCA,THCA,THCA,True,True,False,False,False
2681,TGCT,KIRC,KIPAN,False,False,False,False,True
2682,LIHC,LIHC,LIHC,True,True,False,False,False
2683,GBMLGG,BRCA,BRCA,False,False,False,False,False
2684,KIPAN,KIPAN,KIPAN,True,True,False,False,False
2685,STES,STES,STES,True,True,False,False,False
2686,LUSC,CESC,HNSC,False,False,False,False,True
2687,LAML,LAML,LAML,True,True,False,False,False
2688,PRAD,PRAD,PRAD,True,True,False,False,False
2689,PRAD,PRAD,BRCA,True,False,False,True,True
2690,PAAD,PAAD,PAAD,True,True,False,False,False
2691,PAAD,PAAD,PAAD,True,True,False,False,False
2692,PAAD,PAAD,PAAD,True,True,False,False,False
2693,GBMLGG,LGG,LGG,False,False,False,False,False
2694,KIRC,KIRC,KIRC,True,True,False,False,False
2695,LIHC,LIHC,LIHC,True,True,False,False,False
2696,PAAD,STES,HNSC,False,False,False,False,True
2697,BRCA,OV,OV,False,False,False,False,False
2698,BRCA,BRCA,BRCA,True,True,False,False,False
2699,COAD,COAD,COAD,True,True,False,False,False
2700,KIPAN,BRCA,LIHC,False,False,False,False,True
2701,SARC,SARC,BRCA,True,False,False,True,True
2702,UCEC,UCEC,UCEC,True,True,False,False,False
2703,STES,STES,PAAD,True,False,False,True,True
2704,SARC,LAML,PRAD,False,False,False,False,True
2705,BRCA,OV,OV,False,False,False,False,False
2706,STES,LUSC,BRCA,False,False,False,False,True
2707,BRCA,BRCA,BRCA,True,True,False,False,False
2708,THYM,PRAD,PRAD,False,False,False,False,False
2709,LIHC,BRCA,BRCA,False,False,False,False,False
2710,SARC,BRCA,PRAD,False,False,False,False,True
2711,BRCA,BRCA,BRCA,True,True,False,False,False
2712,KIPAN,BRCA,BRCA,False,False,False,False,False
2713,BRCA,BRCA,BRCA,True,True,False,False,False
2714,SKCM,BRCA,PRAD,False,False,False,False,True
2715,THCA,THCA,THCA,True,True,False,False,False
2716,KIRC,KIRC,KIRC,True,True,False,False,False
2717,BRCA,PCPG,PCPG,False,False,False,False,False
2718,UCEC,UCEC,UCEC,True,True,False,False,False
2719,LGG,LGG,GBMLGG,True,False,False,True,True
2720,KIRC,KIRC,KIRC,True,True,False,False,False
2721,KIPAN,TGCT,TGCT,False,False,False,False,False
2722,KIPAN,KIPAN,BRCA,True,False,False,True,True
2723,BLCA,LIHC,LUAD,False,False,False,False,True
2724,SKCM,SKCM,SKCM,True,True,False,False,False
2725,CESC,CESC,CESC,True,True,False,False,False
2726,LIHC,BRCA,BRCA,False,False,False,False,False
2727,PAAD,OV,OV,False,False,False,False,False
2728,BRCA,THYM,THYM,False,False,False,False,False
2729,BRCA,KIRC,KIRC,False,False,False,False,False
2730,GBMLGG,GBMLGG,GBMLGG,True,True,False,False,False
2731,SKCM,SKCM,SKCM,True,True,False,False,False
2732,LUSC,LUSC,LUSC,True,True,False,False,False
2733,KIPAN,KIPAN,KIPAN,True,True,False,False,False
2734,STES,HNSC,HNSC,False,False,False,False,False
2735,STES,STES,STES,True,True,False,False,False
2736,GBMLGG,GBMLGG,GBMLGG,True,True,False,False,False
2737,LAML,LAML,LAML,True,True,False,False,False
2738,LUSC,LUSC,LUSC,True,True,False,False,False
2739,PCPG,PCPG,PCPG,True,True,False,False,False
2740,UCEC,UCEC,UCEC,True,True,False,False,False
2741,BRCA,BRCA,PCPG,True,False,False,True,True
2742,KIRC,KIRC,KIRC,True,True,False,False,False
2743,COAD,COAD,COAD,True,True,False,False,False
2744,HNSC,HNSC,HNSC,True,True,False,False,False
2745,KIRC,KIRC,KIRC,True,True,False,False,False
2746,BRCA,BRCA,BRCA,True,True,False,False,False
2747,BRCA,BRCA,BRCA,True,True,False,False,False
2748,LUAD,STES,STES,False,False,False,False,False
2749,GBMLGG,LGG,GBMLGG,False,True,True,False,True
2750,HNSC,HNSC,HNSC,True,True,False,False,False
2751,LUAD,THCA,THCA,False,False,False,False,False
2752,THYM,HNSC,HNSC,False,False,False,False,False
2753,THCA,THCA,THCA,True,True,False,False,False
2754,THYM,LAML,LAML,False,False,False,False,False
2755,KIRC,KIRC,KIRC,True,True,False,False,False
2756,PRAD,THYM,THYM,False,False,False,False,False
2757,STES,STES,STES,True,True,False,False,False
2758,TGCT,TGCT,TGCT,True,True,False,False,False
2759,LUSC,LUSC,LIHC,True,False,False,True,True
2760,BRCA,LAML,LAML,False,False,False,False,False
2761,LGG,GBMLGG,GBMLGG,False,False,False,False,False
2762,SKCM,SKCM,SKCM,True,True,False,False,False
2763,GBMLGG,PAAD,PAAD,False,False,False,False,False
2764,GBMLGG,LGG,GBMLGG,False,True,True,False,True
2765,STES,LUAD,LIHC,False,False,False,False,True
2766,OV,OV,OV,True,True,False,False,False
2767,KIRC,KIRC,KIRC,True,True,False,False,False
2768,SKCM,SKCM,SKCM,True,True,False,False,False
2769,STES,STES,STES,True,True,False,False,False
2770,THYM,PRAD,PRAD,False,False,False,False,False
2771,KIPAN,KIRC,KIRC,False,False,False,False,False
2772,CESC,BRCA,BRCA,False,False,False,False,False
2773,SARC,PCPG,PCPG,False,False,False,False,False
2774,LIHC,KIRC,LIHC,False,True,True,False,True
2775,CESC,CESC,CESC,True,True,False,False,False
2776,THYM,THYM,THYM,True,True,False,False,False
2777,ACC,ACC,ACC,True,True,False,False,False
2778,THCA,THYM,THYM,False,False,False,False,False
2779,BRCA,BRCA,BRCA,True,True,False,False,False
2780,CESC,CESC,CESC,True,True,False,False,False
2781,KIPAN,BRCA,KIPAN,False,True,True,False,True
2782,UCEC,UCEC,UCEC,True,True,False,False,False
2783,STES,STES,STES,True,True,False,False,False
2784,OV,OV,OV,True,True,False,False,False
2785,LUSC,LUSC,LUSC,True,True,False,False,False
2786,COAD,COAD,COAD,True,True,False,False,False
2787,SARC,BRCA,BRCA,False,False,False,False,False
2788,OV,OV,OV,True,True,False,False,False
2789,KIPAN,KIPAN,KIPAN,True,True,False,False,False
2790,UCEC,UCEC,UCEC,True,True,False,False,False
2791,LUSC,LUSC,LUSC,True,True,False,False,False
2792,GBMLGG,SARC,SARC,False,False,False,False,False
2793,LGG,BRCA,BRCA,False,False,False,False,False
2794,THYM,THYM,THYM,True,True,False,False,False
2795,COAD,UCEC,COAD,False,True,True,False,True
2796,BRCA,THYM,THYM,False,False,False,False,False
2797,SARC,GBMLGG,PRAD,False,False,False,False,True
2798,KIRC,KIRC,KIRC,True,True,False,False,False
2799,KIRC,KIRC,KIRC,True,True,False,False,False
2800,COAD,COAD,COAD,True,True,False,False,False
2801,STES,STES,LIHC,True,False,False,True,True
2802,UCEC,PRAD,PRAD,False,False,False,False,False
2803,BRCA,CESC,SARC,False,False,False,False,True
2804,GBMLGG,SARC,SARC,False,False,False,False,False
2805,KIPAN,KIPAN,KIPAN,True,True,False,False,False
2806,LGG,LGG,LGG,True,True,False,False,False
2807,PCPG,BRCA,PRAD,False,False,False,False,True
2808,TGCT,TGCT,TGCT,True,True,False,False,False
2809,KIRC,KIRC,KIRC,True,True,False,False,False
2810,KIRC,KIRC,KIRC,True,True,False,False,False
2811,PCPG,BRCA,PRAD,False,False,False,False,True
2812,LUSC,STES,STES,False,False,False,False,False
2813,THCA,LAML,LAML,False,False,False,False,False
2814,DLBC,DLBC,DLBC,True,True,False,False,False
2815,GBMLGG,GBMLGG,GBMLGG,True,True,False,False,False
2816,KIPAN,KIRC,KIRC,False,False,False,False,False
2817,LAML,LAML,LAML,True,True,False,False,False
2818,LUAD,HNSC,CESC,False,False,False,False,True
2819,KIPAN,KIPAN,SARC,True,False,False,True,True
2820,LUAD,SARC,SARC,False,False,False,False,False
2821,LGG,LGG,LGG,True,True,False,False,False
2822,UCEC,UCEC,UCEC,True,True,False,False,False
2823,LUSC,THYM,THYM,False,False,False,False,False
2824,PRAD,PRAD,PRAD,True,True,False,False,False
2825,PAAD,OV,OV,False,False,False,False,False
2826,PRAD,KIPAN,KIPAN,False,False,False,False,False
2827,LUSC,LUSC,LUAD,True,False,False,True,True
2828,GBMLGG,GBMLGG,GBMLGG,True,True,False,False,False
2829,LUAD,STES,KIPAN,False,False,False,False,True
2830,LIHC,KIPAN,KIPAN,False,False,False,False,False
2831,THCA,THCA,PCPG,True,False,False,True,True
2832,BRCA,OV,OV,False,False,False,False,False
2833,BRCA,THYM,THYM,False,False,False,False,False
2834,BRCA,BRCA,BRCA,True,True,False,False,False
2835,BRCA,BRCA,BRCA,True,True,False,False,False
2836,PRAD,OV,OV,False,False,False,False,False
2837,LUAD,LUAD,LUAD,True,True,False,False,False
2838,THCA,THCA,THCA,True,True,False,False,False
2839,SKCM,SKCM,SKCM,True,True,False,False,False
2840,PRAD,PRAD,PRAD,True,True,False,False,False
2841,SKCM,LIHC,LIHC,False,False,False,False,False
2842,OV,OV,SARC,True,False,False,True,True
2843,THYM,THCA,PRAD,False,False,False,False,True
2844,HNSC,HNSC,HNSC,True,True,False,False,False
2845,COAD,LIHC,CESC,False,False,False,False,True
2846,UCEC,UCEC,UCEC,True,True,False,False,False
2847,KIPAN,TGCT,TGCT,False,False,False,False,False
2848,BLCA,LUSC,LUSC,False,False,False,False,False
2849,HNSC,HNSC,HNSC,True,True,False,False,False
2850,KIPAN,KIRC,KIPAN,False,True,True,False,True
2851,THCA,PRAD,PRAD,False,False,False,False,False
2852,GBMLGG,BRCA,PAAD,False,False,False,False,True
2853,KIRC,KIRC,KIRC,True,True,False,False,False
2854,KIPAN,PRAD,PRAD,False,False,False,False,False
2855,BRCA,OV,OV,False,False,False,False,False
2856,HNSC,BLCA,BLCA,False,False,False,False,False
2857,KIRC,KIRC,KIRC,True,True,False,False,False
2858,SARC,OV,OV,False,False,False,False,False
2859,THCA,THCA,THCA,True,True,False,False,False
2860,STES,LUSC,COAD,False,False,False,False,True
2861,PRAD,KIRC,KIRC,False,False,False,False,False
2862,STES,STES,STES,True,True,False,False,False
2863,TGCT,TGCT,TGCT,True,True,False,False,False
2864,THYM,PRAD,PRAD,False,False,False,False,False
2865,KIRC,KIRC,KIRC,True,True,False,False,False
2866,KIPAN,KIPAN,KIPAN,True,True,False,False,False
2867,BLCA,BLCA,BLCA,True,True,False,False,False
2868,KIPAN,KIPAN,KIPAN,True,True,False,False,False
2869,THCA,THCA,THCA,True,True,False,False,False
2870,BRCA,HNSC,HNSC,False,False,False,False,False
2871,COAD,COAD,COAD,True,True,False,False,False
2872,SKCM,SKCM,SKCM,True,True,False,False,False
2873,THCA,PCPG,PCPG,False,False,False,False,False
2874,GBMLGG,LGG,LGG,False,False,False,False,False
2875,SKCM,SKCM,SKCM,True,True,False,False,False
2876,HNSC,STES,STES,False,False,False,False,False
2877,HNSC,STES,LIHC,False,False,False,False,True
2878,KIPAN,KIPAN,KIPAN,True,True,False,False,False
2879,GBMLGG,GBMLGG,LIHC,True,False,False,True,True
2880,TGCT,TGCT,TGCT,True,True,False,False,False
2881,TGCT,KIPAN,KIPAN,False,False,False,False,False
2882,LUAD,KIRC,KIRC,False,False,False,False,False
2883,PCPG,PRAD,SARC,False,False,False,False,True
2884,STES,PAAD,PAAD,False,False,False,False,False
2885,STES,COAD,COAD,False,False,False,False,False
2886,SKCM,SKCM,SKCM,True,True,False,False,False
2887,PRAD,KIPAN,LIHC,False,False,False,False,True
2888,LIHC,LIHC,LIHC,True,True,False,False,False
2889,COAD,COAD,COAD,True,True,False,False,False
2890,OV,OV,OV,True,True,False,False,False
2891,LGG,LGG,LGG,True,True,False,False,False
2892,STES,COAD,COAD,False,False,False,False,False
2893,KIRC,KIRC,KIRC,True,True,False,False,False
2894,BLCA,BLCA,BLCA,True,True,False,False,False
2895,KIRC,KIRC,KIRC,True,True,False,False,False
2896,KIRC,KIPAN,BRCA,False,False,False,False,True
2897,LIHC,LIHC,GBMLGG,True,False,False,True,True
2898,THCA,THCA,THCA,True,True,False,False,False
2899,COAD,COAD,COAD,True,True,False,False,False
2900,BRCA,BRCA,BRCA,True,True,False,False,False
2901,GBMLGG,LGG,LGG,False,False,False,False,False
2902,BLCA,HNSC,HNSC,False,False,False,False,False
2903,LUAD,LUAD,LUAD,True,True,False,False,False
2904,LIHC,LIHC,LIHC,True,True,False,False,False
2905,PAAD,OV,PAAD,False,True,True,False,True
2906,OV,OV,OV,True,True,False,False,False
2907,GBMLGG,GBMLGG,GBMLGG,True,True,False,False,False
2908,THCA,THCA,THCA,True,True,False,False,False
2909,KIRC,KIRC,KIRC,True,True,False,False,False
2910,KIPAN,KIPAN,KIPAN,True,True,False,False,False
2911,LUSC,OV,OV,False,False,False,False,False
2912,CESC,BRCA,TGCT,False,False,False,False,True
2913,LUAD,BRCA,BRCA,False,False,False,False,False
2914,STES,STES,STES,True,True,False,False,False
2915,COAD,COAD,COAD,True,True,False,False,False
2916,LGG,LGG,LGG,True,True,False,False,False
2917,THCA,THCA,THCA,True,True,False,False,False
2918,PRAD,PRAD,PRAD,True,True,False,False,False
2919,SKCM,SKCM,SKCM,True,True,False,False,False
2920,ACC,ACC,ACC,True,True,False,False,False
2921,LIHC,GBMLGG,GBMLGG,False,False,False,False,False
2922,LUAD,LUSC,LIHC,False,False,False,False,True
2923,COAD,BLCA,BLCA,False,False,False,False,False
2924,LGG,LGG,LGG,True,True,False,False,False
2925,LGG,LGG,LGG,True,True,False,False,False
2926,LGG,LGG,LGG,True,True,False,False,False
2927,CESC,CESC,CESC,True,True,False,False,False
2928,LGG,LGG,LGG,True,True,False,False,False
2929,PRAD,PCPG,PCPG,False,False,False,False,False
2930,LGG,LGG,LGG,True,True,False,False,False
2931,GBMLGG,KIPAN,KIRC,False,False,False,False,True
2932,UCEC,STES,UCEC,False,True,True,False,True
2933,THYM,OV,OV,False,False,False,False,False
2934,LGG,LGG,LGG,True,True,False,False,False
2935,LUAD,LUAD,LUAD,True,True,False,False,False
2936,PCPG,PCPG,PCPG,True,True,False,False,False
2937,BRCA,PRAD,PRAD,False,False,False,False,False
2938,BRCA,OV,OV,False,False,False,False,False
2939,SKCM,SKCM,SKCM,True,True,False,False,False
2940,HNSC,SARC,PRAD,False,False,False,False,True
2941,TGCT,TGCT,TGCT,True,True,False,False,False
2942,STES,STES,COAD,True,False,False,True,True
2943,THCA,PRAD,PRAD,False,False,False,False,False
2944,KIPAN,KIPAN,KIPAN,True,True,False,False,False
2945,THYM,THYM,THCA,True,False,False,True,True
2946,LGG,LGG,LGG,True,True,False,False,False
2947,STES,COAD,COAD,False,False,False,False,False
2948,BRCA,OV,OV,False,False,False,False,False
2949,HNSC,HNSC,HNSC,True,True,False,False,False
2950,UCEC,UCEC,UCEC,True,True,False,False,False
2951,GBMLGG,GBMLGG,LGG,True,False,False,True,True
2952,KIRC,KIRC,KIRC,True,True,False,False,False
2953,SARC,OV,OV,False,False,False,False,False
2954,KIPAN,KIPAN,KIPAN,True,True,False,False,False
2955,BRCA,CESC,CESC,False,False,False,False,False
2956,LAML,LAML,LAML,True,True,False,False,False
2957,LUSC,LUSC,LUSC,True,True,False,False,False
2958,CESC,BLCA,BLCA,False,False,False,False,False
2959,THCA,PCPG,SARC,False,False,False,False,True
2960,KIPAN,KIRC,KIRC,False,False,False,False,False
2961,SKCM,SKCM,SKCM,True,True,False,False,False
2962,BLCA,BLCA,HNSC,True,False,False,True,True
2963,GBMLGG,GBMLGG,GBMLGG,True,True,False,False,False
2964,LUSC,STES,STES,False,False,False,False,False
2965,BRCA,BRCA,BRCA,True,True,False,False,False
2966,LUAD,LUAD,LUAD,True,True,False,False,False
2967,KIPAN,KIPAN,KIPAN,True,True,False,False,False
2968,KIRC,KIRC,KIPAN,True,False,False,True,True
2969,BLCA,BLCA,BLCA,True,True,False,False,False
2970,SKCM,SKCM,SKCM,True,True,False,False,False
2971,KIPAN,KIPAN,KIPAN,True,True,False,False,False
2972,THCA,BRCA,SARC,False,False,False,False,True
2973,ACC,ACC,ACC,True,True,False,False,False
2974,HNSC,HNSC,HNSC,True,True,False,False,False
2975,OV,OV,OV,True,True,False,False,False
2976,BRCA,BRCA,BRCA,True,True,False,False,False
2977,BRCA,BRCA,BRCA,True,True,False,False,False
2978,KIPAN,KIPAN,KIPAN,True,True,False,False,False
2979,STES,LUAD,LUAD,False,False,False,False,False
2980,THCA,THCA,THCA,True,True,False,False,False
2981,KIPAN,KIPAN,KIPAN,True,True,False,False,False
2982,BRCA,BRCA,BRCA,True,True,False,False,False
2983,TGCT,TGCT,TGCT,True,True,False,False,False
2984,COAD,COAD,COAD,True,True,False,False,False
2985,CESC,BRCA,BRCA,False,False,False,False,False
2986,CESC,BRCA,BRCA,False,False,False,False,False
2987,STES,STES,STES,True,True,False,False,False
2988,LUAD,LUAD,LUAD,True,True,False,False,False
2989,THCA,THCA,THCA,True,True,False,False,False
2990,GBMLGG,GBMLGG,GBMLGG,True,True,False,False,False
2991,HNSC,OV,OV,False,False,False,False,False
2992,BRCA,BRCA,BRCA,True,True,False,False,False
2993,COAD,COAD,COAD,True,True,False,False,False
2994,GBMLGG,KIPAN,KIPAN,False,False,False,False,False
2995,BRCA,PRAD,PRAD,False,False,False,False,False
2996,COAD,COAD,STES,True,False,False,True,True
2997,BRCA,BRCA,BRCA,True,True,False,False,False
2998,BRCA,BRCA,BRCA,True,True,False,False,False
2999,STES,STES,STES,True,True,False,False,False
3000,PRAD,BRCA,PRAD,False,True,True,False,True
3001,UCEC,UCEC,UCEC,True,True,False,False,False
3002,LIHC,BRCA,BRCA,False,False,False,False,False
3003,PAAD,OV,OV,False,False,False,False,False
3004,KIRC,KIRC,KIRC,True,True,False,False,False
3005,PCPG,THYM,PRAD,False,False,False,False,True
3006,KIPAN,KIPAN,KIPAN,True,True,False,False,False
3007,PRAD,LIHC,LIHC,False,False,False,False,False
3008,UCEC,BRCA,OV,False,False,False,False,True
3009,GBMLGG,LGG,GBMLGG,False,True,True,False,True
3010,LIHC,LIHC,LIHC,True,True,False,False,False
3011,STES,STES,STES,True,True,False,False,False
3012,THCA,PCPG,PCPG,False,False,False,False,False
3013,BRCA,PRAD,PRAD,False,False,False,False,False
3014,GBMLGG,GBMLGG,GBMLGG,True,True,False,False,False
3015,STES,PAAD,PAAD,False,False,False,False,False
3016,THCA,THYM,THYM,False,False,False,False,False
3017,BRCA,BRCA,BRCA,True,True,False,False,False
3018,BRCA,BRCA,BRCA,True,True,False,False,False
3019,SKCM,SKCM,SKCM,True,True,False,False,False
3020,KIRC,KIRC,KIRC,True,True,False,False,False
3021,BRCA,SARC,SARC,False,False,False,False,False
3022,SARC,PRAD,PRAD,False,False,False,False,False
3023,GBMLGG,LGG,LGG,False,False,False,False,False
3024,KIPAN,KIPAN,KIPAN,True,True,False,False,False
3025,STES,GBMLGG,GBMLGG,False,False,False,False,False
3026,LUAD,LUAD,LUAD,True,True,False,False,False
3027,GBMLGG,SARC,SARC,False,False,False,False,False
3028,BRCA,BRCA,BRCA,True,True,False,False,False
3029,LUAD,BRCA,BRCA,False,False,False,False,False
3030,KIPAN,KIPAN,KIPAN,True,True,False,False,False
3031,BRCA,BRCA,BRCA,True,True,False,False,False
3032,OV,OV,OV,True,True,False,False,False
3033,GBMLGG,HNSC,SARC,False,False,False,False,True
3034,KIRC,KIRC,KIRC,True,True,False,False,False
3035,SKCM,BRCA,PRAD,False,False,False,False,True
3036,SKCM,STES,BRCA,False,False,False,False,True
3037,GBMLGG,BRCA,BRCA,False,False,False,False,False
3038,THCA,THCA,THCA,True,True,False,False,False
3039,TGCT,TGCT,TGCT,True,True,False,False,False
3040,LGG,LGG,LGG,True,True,False,False,False
3041,BRCA,BRCA,BRCA,True,True,False,False,False
3042,STES,BRCA,PRAD,False,False,False,False,True
3043,KIRC,KIRC,KIRC,True,True,False,False,False
3044,PAAD,PAAD,PAAD,True,True,False,False,False
3045,KIPAN,KIPAN,KIPAN,True,True,False,False,False
3046,STES,STES,LUAD,True,False,False,True,True
3047,STES,STES,PAAD,True,False,False,True,True
3048,LAML,LAML,LAML,True,True,False,False,False
3049,PCPG,KIRC,KIRC,False,False,False,False,False
3050,GBMLGG,SARC,LAML,False,False,False,False,True
3051,HNSC,HNSC,HNSC,True,True,False,False,False
3052,KIRC,KIRC,BRCA,True,False,False,True,True
3053,UCEC,UCEC,GBMLGG,True,False,False,True,True
3054,BRCA,PCPG,PCPG,False,False,False,False,False
3055,THCA,THYM,THYM,False,False,False,False,False
3056,GBMLGG,GBMLGG,GBMLGG,True,True,False,False,False
3057,KIRC,KIPAN,KIPAN,False,False,False,False,False
3058,STES,STES,STES,True,True,False,False,False
3059,KIRC,KIRC,KIPAN,True,False,False,True,True
3060,GBMLGG,SARC,SARC,False,False,False,False,False
3061,STES,STES,STES,True,True,False,False,False
3062,GBMLGG,GBMLGG,GBMLGG,True,True,False,False,False
3063,STES,STES,STES,True,True,False,False,False
3064,LGG,LGG,LGG,True,True,False,False,False
3065,CESC,CESC,CESC,True,True,False,False,False
3066,LGG,LGG,LGG,True,True,False,False,False
3067,SKCM,SKCM,SKCM,True,True,False,False,False
3068,GBMLGG,GBMLGG,GBMLGG,True,True,False,False,False
3069,BLCA,HNSC,LUSC,False,False,False,False,True
3070,PRAD,KIPAN,PRAD,False,True,True,False,True
3071,BRCA,CESC,CESC,False,False,False,False,False
3072,THCA,PRAD,PRAD,False,False,False,False,False
3073,COAD,COAD,COAD,True,True,False,False,False
3074,BLCA,BRCA,KIPAN,False,False,False,False,True
3075,COAD,COAD,COAD,True,True,False,False,False
3076,GBMLGG,LAML,LAML,False,False,False,False,False
3077,HNSC,PAAD,PAAD,False,False,False,False,False
3078,SKCM,SKCM,SKCM,True,True,False,False,False
3079,STES,STES,STES,True,True,False,False,False
3080,LAML,LAML,LAML,True,True,False,False,False
3081,STES,STES,STES,True,True,False,False,False
3082,PRAD,THCA,PRAD,False,True,True,False,True
3083,GBMLGG,GBMLGG,GBMLGG,True,True,False,False,False
3084,CESC,CESC,CESC,True,True,False,False,False
3085,LUAD,GBMLGG,PCPG,False,False,False,False,True
3086,UCEC,BRCA,BRCA,False,False,False,False,False
3087,THCA,CESC,CESC,False,False,False,False,False
3088,LUSC,LUSC,LUSC,True,True,False,False,False
3089,PRAD,PRAD,PRAD,True,True,False,False,False
3090,STES,STES,STES,True,True,False,False,False
3091,LIHC,KIPAN,KIPAN,False,False,False,False,False
3092,BRCA,HNSC,UCEC,False,False,False,False,True
3093,GBMLGG,THYM,THYM,False,False,False,False,False
3094,KIRC,KIRC,KIRC,True,True,False,False,False
3095,STES,STES,STES,True,True,False,False,False
3096,STES,STES,STES,True,True,False,False,False
3097,CESC,STES,LUAD,False,False,False,False,True
3098,KIRC,KIRC,KIRC,True,True,False,False,False
3099,LAML,THYM,THYM,False,False,False,False,False
3100,BRCA,BRCA,BRCA,True,True,False,False,False
3101,ACC,ACC,ACC,True,True,False,False,False
3102,LAML,LAML,LAML,True,True,False,False,False
3103,LUSC,LUSC,LUSC,True,True,False,False,False
3104,PAAD,BRCA,PRAD,False,False,False,False,True
3105,SARC,SARC,SARC,True,True,False,False,False
3106,UCEC,UCEC,UCEC,True,True,False,False,False
3107,UCEC,UCEC,UCEC,True,True,False,False,False
3108,LAML,THYM,THYM,False,False,False,False,False
3109,LUSC,LUSC,LUAD,True,False,False,True,True
3110,PAAD,PAAD,PAAD,True,True,False,False,False
3111,LUSC,LUSC,STES,True,False,False,True,True
3112,UCEC,UCEC,UCEC,True,True,False,False,False
3113,TGCT,TGCT,TGCT,True,True,False,False,False
3114,HNSC,STES,STES,False,False,False,False,False
3115,GBMLGG,STES,LUAD,False,False,False,False,True
3116,LUSC,LUSC,LUSC,True,True,False,False,False
3117,BRCA,PRAD,PRAD,False,False,False,False,False
3118,LUSC,LUSC,LUSC,True,True,False,False,False
3119,BRCA,KIRC,KIRC,False,False,False,False,False
3120,BRCA,KIRC,BRCA,False,True,True,False,True
3121,HNSC,SARC,SARC,False,False,False,False,False
3122,THCA,THCA,THCA,True,True,False,False,False
3123,KIPAN,LIHC,LIHC,False,False,False,False,False
3124,PCPG,PRAD,THCA,False,False,False,False,True
3125,UCEC,BRCA,BRCA,False,False,False,False,False
3126,LUAD,LUAD,LUAD,True,True,False,False,False
3127,THCA,THCA,THCA,True,True,False,False,False
3128,STES,CESC,STES,False,True,True,False,True
3129,SKCM,SKCM,SKCM,True,True,False,False,False
3130,GBMLGG,PAAD,GBMLGG,False,True,True,False,True
3131,COAD,COAD,COAD,True,True,False,False,False
3132,CESC,STES,STES,False,False,False,False,False
3133,PRAD,PCPG,PRAD,False,True,True,False,True
3134,BRCA,BRCA,BRCA,True,True,False,False,False
3135,OV,BRCA,BRCA,False,False,False,False,False
3136,LIHC,LIHC,UCEC,True,False,False,True,True
3137,LUSC,LUSC,LUSC,True,True,False,False,False
3138,COAD,COAD,COAD,True,True,False,False,False
3139,SKCM,SKCM,SKCM,True,True,False,False,False
3140,LIHC,LIHC,LIHC,True,True,False,False,False
3141,BRCA,BRCA,BRCA,True,True,False,False,False
3142,LUAD,LUSC,LUAD,False,True,True,False,True
3143,KIRC,TGCT,TGCT,False,False,False,False,False
3144,STES,KIRC,PRAD,False,False,False,False,True
3145,BRCA,BRCA,BRCA,True,True,False,False,False
3146,TGCT,TGCT,TGCT,True,True,False,False,False
3147,BRCA,BRCA,BRCA,True,True,False,False,False
3148,PCPG,PCPG,PCPG,True,True,False,False,False
3149,KIPAN,PCPG,PCPG,False,False,False,False,False
3150,KIPAN,CESC,CESC,False,False,False,False,False
3151,BRCA,BRCA,BRCA,True,True,False,False,False
3152,STES,STES,STES,True,True,False,False,False
3153,UCEC,BRCA,BRCA,False,False,False,False,False
3154,STES,STES,STES,True,True,False,False,False
3155,UCEC,UCEC,UCEC,True,True,False,False,False
3156,LIHC,SARC,KIRC,False,False,False,False,True
3157,HNSC,HNSC,HNSC,True,True,False,False,False
3158,SARC,SARC,SARC,True,True,False,False,False
3159,PAAD,COAD,OV,False,False,False,False,True
3160,LUSC,LUSC,LUSC,True,True,False,False,False
3161,PRAD,LAML,LAML,False,False,False,False,False
3162,SKCM,SKCM,SKCM,True,True,False,False,False
3163,BRCA,BRCA,BRCA,True,True,False,False,False
3164,CESC,HNSC,BRCA,False,False,False,False,True
3165,LUSC,CESC,CESC,False,False,False,False,False
3166,KIRC,KIPAN,KIPAN,False,False,False,False,False
3167,KIPAN,KIRC,KIRC,False,False,False,False,False
3168,BRCA,BRCA,BRCA,True,True,False,False,False
3169,DLBC,DLBC,DLBC,True,True,False,False,False
3170,BRCA,LUAD,LUAD,False,False,False,False,False
3171,COAD,COAD,COAD,True,True,False,False,False
3172,GBMLGG,GBMLGG,GBMLGG,True,True,False,False,False
3173,TGCT,TGCT,TGCT,True,True,False,False,False
3174,THCA,THCA,THCA,True,True,False,False,False
3175,HNSC,HNSC,HNSC,True,True,False,False,False
3176,HNSC,HNSC,HNSC,True,True,False,False,False
3177,HNSC,HNSC,HNSC,True,True,False,False,False
3178,LGG,LAML,LAML,False,False,False,False,False
3179,SKCM,SKCM,SKCM,True,True,False,False,False
3180,GBMLGG,BRCA,SARC,False,False,False,False,True
3181,KIPAN,BRCA,BLCA,False,False,False,False,True
3182,BRCA,BRCA,BRCA,True,True,False,False,False
3183,SKCM,THCA,THCA,False,False,False,False,False
3184,LAML,PRAD,THYM,False,False,False,False,True
3185,GBMLGG,GBMLGG,GBMLGG,True,True,False,False,False
3186,LGG,LGG,LGG,True,True,False,False,False
3187,SKCM,SKCM,SKCM,True,True,False,False,False
3188,PRAD,PRAD,PRAD,True,True,False,False,False
3189,STES,STES,STES,True,True,False,False,False
3190,LIHC,LIHC,LIHC,True,True,False,False,False
3191,SKCM,SKCM,SKCM,True,True,False,False,False
3192,SKCM,TGCT,TGCT,False,False,False,False,False
3193,COAD,COAD,COAD,True,True,False,False,False
3194,PCPG,PRAD,PRAD,False,False,False,False,False
3195,STES,STES,STES,True,True,False,False,False
3196,STES,STES,STES,True,True,False,False,False
3197,CESC,KIRC,KIPAN,False,False,False,False,True
3198,CESC,LUSC,LUSC,False,False,False,False,False
3199,COAD,COAD,COAD,True,True,False,False,False
3200,SARC,PCPG,PCPG,False,False,False,False,False
3201,SKCM,SKCM,SKCM,True,True,False,False,False
3202,GBMLGG,GBMLGG,GBMLGG,True,True,False,False,False
3203,GBMLGG,STES,STES,False,False,False,False,False
3204,PAAD,STES,PAAD,False,True,True,False,True
3205,GBMLGG,GBMLGG,GBMLGG,True,True,False,False,False
3206,PRAD,BRCA,BRCA,False,False,False,False,False
3207,LUSC,LUAD,LUAD,False,False,False,False,False
3208,BRCA,BRCA,BRCA,True,True,False,False,False
3209,STES,STES,STES,True,True,False,False,False
3210,PRAD,THCA,PCPG,False,False,False,False,True
3211,THCA,THYM,THYM,False,False,False,False,False
3212,ACC,ACC,ACC,True,True,False,False,False
3213,LUSC,LUSC,LUSC,True,True,False,False,False
3214,KIPAN,BRCA,BRCA,False,False,False,False,False
3215,THCA,THCA,THCA,True,True,False,False,False
3216,LUSC,LUSC,LUSC,True,True,False,False,False
3217,STES,KIRC,KIRC,False,False,False,False,False
3218,BRCA,PCPG,BRCA,False,True,True,False,True
3219,PRAD,PRAD,PCPG,True,False,False,True,True
3220,OV,OV,SARC,True,False,False,True,True
3221,LGG,TGCT,TGCT,False,False,False,False,False
3222,LGG,GBMLGG,GBMLGG,False,False,False,False,False
3223,OV,STES,PAAD,False,False,False,False,True
3224,GBMLGG,LGG,LGG,False,False,False,False,False
3225,GBMLGG,LGG,LGG,False,False,False,False,False
3226,BRCA,BRCA,BRCA,True,True,False,False,False
3227,KIPAN,KIPAN,STES,True,False,False,True,True
3228,BRCA,BRCA,BRCA,True,True,False,False,False
3229,SARC,PCPG,SARC,False,True,True,False,True
3230,BLCA,HNSC,COAD,False,False,False,False,True
3231,GBMLGG,STES,STES,False,False,False,False,False
3232,STES,STES,STES,True,True,False,False,False
3233,STES,HNSC,HNSC,False,False,False,False,False
3234,UCEC,UCEC,UCEC,True,True,False,False,False
3235,CESC,PCPG,PCPG,False,False,False,False,False
3236,LGG,LGG,LGG,True,True,False,False,False
3237,LUSC,LUAD,LUAD,False,False,False,False,False
3238,GBMLGG,GBMLGG,GBMLGG,True,True,False,False,False
3239,CESC,CESC,CESC,True,True,False,False,False
3240,UCEC,UCEC,UCEC,True,True,False,False,False
3241,BRCA,PRAD,BRCA,False,True,True,False,True
3242,LIHC,BRCA,BRCA,False,False,False,False,False
3243,CESC,CESC,CESC,True,True,False,False,False
3244,COAD,COAD,COAD,True,True,False,False,False
3245,BRCA,OV,OV,False,False,False,False,False
3246,UCEC,BLCA,BLCA,False,False,False,False,False
3247,KIPAN,KIPAN,KIPAN,True,True,False,False,False
3248,CESC,BRCA,KIRC,False,False,False,False,True
3249,LUSC,LUSC,LUSC,True,True,False,False,False
3250,PCPG,LAML,LAML,False,False,False,False,False
3251,BRCA,KIRC,KIRC,False,False,False,False,False
3252,SARC,PRAD,PRAD,False,False,False,False,False
3253,SKCM,SKCM,SKCM,True,True,False,False,False
3254,THCA,THCA,THCA,True,True,False,False,False
3255,THCA,THCA,THCA,True,True,False,False,False
3256,LGG,THCA,THCA,False,False,False,False,False
3257,SKCM,SKCM,SKCM,True,True,False,False,False
3258,THYM,THYM,THYM,True,True,False,False,False
3259,ACC,ACC,ACC,True,True,False,False,False
3260,BRCA,BRCA,BRCA,True,True,False,False,False
3261,HNSC,LUSC,LUSC,False,False,False,False,False
3262,BRCA,KIPAN,BRCA,False,True,True,False,True
3263,SKCM,SARC,PRAD,False,False,False,False,True
3264,STES,COAD,COAD,False,False,False,False,False
3265,KIRC,KIRC,KIRC,True,True,False,False,False
3266,KIRC,KIRC,KIRC,True,True,False,False,False
3267,UCEC,UCEC,UCEC,True,True,False,False,False
3268,CESC,BRCA,BRCA,False,False,False,False,False
3269,KIPAN,KIPAN,KIPAN,True,True,False,False,False
3270,HNSC,HNSC,HNSC,True,True,False,False,False
3271,SARC,PRAD,PRAD,False,False,False,False,False
3272,GBMLGG,LGG,LGG,False,False,False,False,False
3273,LGG,LGG,LGG,True,True,False,False,False
3274,LGG,LGG,LGG,True,True,False,False,False
3275,THCA,THCA,THCA,True,True,False,False,False
3276,OV,BRCA,THCA,False,False,False,False,True
3277,SARC,OV,OV,False,False,False,False,False
3278,KIRC,KIRC,KIRC,True,True,False,False,False
3279,PRAD,KIRC,CESC,False,False,False,False,True
3280,LUAD,STES,STES,False,False,False,False,False
3281,SARC,SARC,SARC,True,True,False,False,False
3282,KIPAN,KIPAN,KIPAN,True,True,False,False,False
3283,BRCA,BRCA,BRCA,True,True,False,False,False
3284,UCEC,BRCA,BRCA,False,False,False,False,False
3285,GBMLGG,GBMLGG,GBMLGG,True,True,False,False,False
3286,OV,LUSC,OV,False,True,True,False,True
3287,LUSC,LUSC,LUSC,True,True,False,False,False
3288,SARC,PCPG,PCPG,False,False,False,False,False
3289,LUAD,OV,BRCA,False,False,False,False,True
3290,SARC,SARC,SARC,True,True,False,False,False
3291,KIRC,TGCT,TGCT,False,False,False,False,False
3292,COAD,PAAD,PAAD,False,False,False,False,False
3293,BRCA,BRCA,BRCA,True,True,False,False,False
3294,COAD,COAD,COAD,True,True,False,False,False
3295,CESC,BRCA,CESC,False,True,True,False,True
3296,KIRC,BRCA,BRCA,False,False,False,False,False
3297,BRCA,BRCA,BRCA,True,True,False,False,False
3298,STES,STES,STES,True,True,False,False,False
3299,BRCA,BRCA,BRCA,True,True,False,False,False
3300,LGG,LGG,LGG,True,True,False,False,False
3301,BRCA,OV,BRCA,False,True,True,False,True
3302,TGCT,TGCT,KIPAN,True,False,False,True,True
3303,COAD,COAD,COAD,True,True,False,False,False
3304,LAML,PCPG,PCPG,False,False,False,False,False
3305,KIPAN,KIRC,KIPAN,False,True,True,False,True
3306,KIRC,KIRC,KIRC,True,True,False,False,False
3307,SARC,PRAD,PCPG,False,False,False,False,True
3308,KIRC,BRCA,BRCA,False,False,False,False,False
3309,BRCA,BRCA,SARC,True,False,False,True,True
3310,STES,SARC,GBMLGG,False,False,False,False,True
3311,TGCT,KIRC,SARC,False,False,False,False,True
3312,UCEC,KIRC,GBMLGG,False,False,False,False,True
3313,KIPAN,KIRC,KIRC,False,False,False,False,False
3314,BRCA,BRCA,BRCA,True,True,False,False,False
3315,SKCM,SKCM,SKCM,True,True,False,False,False
3316,TGCT,TGCT,SARC,True,False,False,True,True
3317,STES,OV,BRCA,False,False,False,False,True
3318,KIRC,KIRC,KIRC,True,True,False,False,False
3319,LAML,LAML,LAML,True,True,False,False,False
3320,BRCA,BRCA,BRCA,True,True,False,False,False
3321,LGG,LGG,LGG,True,True,False,False,False
3322,STES,COAD,COAD,False,False,False,False,False
3323,HNSC,LUAD,LUAD,False,False,False,False,False
3324,PCPG,THYM,THYM,False,False,False,False,False
3325,PCPG,OV,OV,False,False,False,False,False
3326,BRCA,BRCA,BRCA,True,True,False,False,False
3327,PAAD,BRCA,THYM,False,False,False,False,True
3328,BRCA,BRCA,BRCA,True,True,False,False,False
3329,GBMLGG,PRAD,PRAD,False,False,False,False,False
3330,KIPAN,UCEC,GBMLGG,False,False,False,False,True
3331,PRAD,PRAD,PRAD,True,True,False,False,False
3332,BRCA,BRCA,BRCA,True,True,False,False,False
3333,PRAD,LIHC,LIHC,False,False,False,False,False
3334,BRCA,BRCA,BRCA,True,True,False,False,False
3335,BRCA,UCEC,OV,False,False,False,False,True
3336,STES,STES,STES,True,True,False,False,False
3337,PRAD,LGG,LGG,False,False,False,False,False
3338,HNSC,BRCA,OV,False,False,False,False,True
3339,GBMLGG,LGG,LGG,False,False,False,False,False
3340,GBMLGG,PAAD,TGCT,False,False,False,False,True
3341,LUSC,LUSC,LUSC,True,True,False,False,False
3342,PRAD,PRAD,PRAD,True,True,False,False,False
3343,LGG,LGG,LGG,True,True,False,False,False
3344,PCPG,LAML,LAML,False,False,False,False,False
3345,KIRC,OV,OV,False,False,False,False,False
3346,HNSC,HNSC,HNSC,True,True,False,False,False
3347,BRCA,GBMLGG,GBMLGG,False,False,False,False,False
3348,COAD,PAAD,PAAD,False,False,False,False,False
3349,LAML,LAML,LAML,True,True,False,False,False
3350,LGG,SARC,SARC,False,False,False,False,False
3351,THCA,PRAD,PRAD,False,False,False,False,False
3352,LAML,PRAD,LAML,False,True,True,False,True
3353,UCEC,UCEC,UCEC,True,True,False,False,False
3354,PRAD,PCPG,PCPG,False,False,False,False,False
3355,ACC,ACC,ACC,True,True,False,False,False
3356,KIRC,PRAD,SARC,False,False,False,False,True
3357,GBMLGG,LGG,LGG,False,False,False,False,False
3358,SKCM,SKCM,SKCM,True,True,False,False,False
3359,LUSC,LUAD,LUAD,False,False,False,False,False
3360,LGG,LGG,LGG,True,True,False,False,False
3361,BRCA,BRCA,BRCA,True,True,False,False,False
3362,GBMLGG,GBMLGG,GBMLGG,True,True,False,False,False
3363,PAAD,BRCA,BRCA,False,False,False,False,False
3364,COAD,COAD,COAD,True,True,False,False,False
3365,KIPAN,LIHC,LIHC,False,False,False,False,False
3366,COAD,COAD,COAD,True,True,False,False,False
3367,LUAD,LUAD,LUAD,True,True,False,False,False
3368,HNSC,HNSC,STES,True,False,False,True,True
3369,PRAD,PCPG,PCPG,False,False,False,False,False
3370,LGG,LGG,LGG,True,True,False,False,False
3371,THCA,PCPG,PCPG,False,False,False,False,False
3372,SKCM,SKCM,SKCM,True,True,False,False,False
3373,BRCA,OV,OV,False,False,False,False,False
3374,STES,STES,STES,True,True,False,False,False
3375,HNSC,CESC,BRCA,False,False,False,False,True
3376,GBMLGG,LGG,GBMLGG,False,True,True,False,True
3377,PCPG,PCPG,PCPG,True,True,False,False,False
3378,LGG,LGG,LGG,True,True,False,False,False
3379,BRCA,BRCA,BRCA,True,True,False,False,False
3380,COAD,COAD,COAD,True,True,False,False,False
3381,KIRC,BRCA,BRCA,False,False,False,False,False
3382,STES,STES,STES,True,True,False,False,False
3383,THCA,PCPG,LAML,False,False,False,False,True
3384,DLBC,DLBC,DLBC,True,True,False,False,False
3385,LUAD,STES,STES,False,False,False,False,False
3386,THCA,THCA,THCA,True,True,False,False,False
3387,PRAD,BRCA,BRCA,False,False,False,False,False
3388,THCA,THCA,THCA,True,True,False,False,False
3389,GBMLGG,LGG,LGG,False,False,False,False,False
3390,LUSC,LUSC,LUSC,True,True,False,False,False
3391,KIPAN,KIPAN,KIPAN,True,True,False,False,False
3392,KIRC,KIRC,KIRC,True,True,False,False,False
3393,LAML,LAML,PRAD,True,False,False,True,True
3394,KIPAN,KIPAN,KIPAN,True,True,False,False,False
3395,GBMLGG,LGG,GBMLGG,False,True,True,False,True
3396,HNSC,SKCM,SKCM,False,False,False,False,False
3397,OV,STES,OV,False,True,True,False,True
3398,THCA,THCA,THCA,True,True,False,False,False
3399,THCA,THCA,THCA,True,True,False,False,False
3400,GBMLGG,KIPAN,KIPAN,False,False,False,False,False
3401,PAAD,PAAD,OV,True,False,False,True,True
3402,GBMLGG,SARC,LIHC,False,False,False,False,True
3403,THCA,THCA,THCA,True,True,False,False,False
3404,GBMLGG,LGG,LGG,False,False,False,False,False
3405,SKCM,SKCM,SKCM,True,True,False,False,False
3406,LGG,GBMLGG,GBMLGG,False,False,False,False,False
3407,BLCA,CESC,CESC,False,False,False,False,False
3408,KIPAN,KIRC,KIPAN,False,True,True,False,True
3409,CESC,BRCA,BRCA,False,False,False,False,False
3410,LIHC,KIPAN,KIPAN,False,False,False,False,False
3411,GBMLGG,PCPG,PCPG,False,False,False,False,False
3412,KIRC,KIRC,KIRC,True,True,False,False,False
3413,OV,OV,OV,True,True,False,False,False
3414,BRCA,SARC,SARC,False,False,False,False,False
3415,SKCM,SKCM,SKCM,True,True,False,False,False
3416,PRAD,PRAD,PRAD,True,True,False,False,False
3417,SARC,BRCA,OV,False,False,False,False,True
3418,OV,OV,OV,True,True,False,False,False
3419,KIPAN,KIPAN,KIPAN,True,True,False,False,False
3420,OV,LUSC,LUSC,False,False,False,False,False
3421,KIRC,KIRC,KIRC,True,True,False,False,False
3422,SARC,OV,OV,False,False,False,False,False
3423,SKCM,SKCM,SKCM,True,True,False,False,False
3424,THCA,BRCA,KIPAN,False,False,False,False,True
3425,PAAD,PAAD,PAAD,True,True,False,False,False
3426,SKCM,SKCM,SKCM,True,True,False,False,False
3427,LUAD,LUAD,LUAD,True,True,False,False,False
3428,HNSC,HNSC,HNSC,True,True,False,False,False
3429,BRCA,THYM,THYM,False,False,False,False,False
3430,OV,BRCA,BRCA,False,False,False,False,False
3431,LUAD,LUSC,LUSC,False,False,False,False,False
3432,STES,STES,STES,True,True,False,False,False
3433,PAAD,OV,OV,False,False,False,False,False
3434,THCA,THCA,THCA,True,True,False,False,False
3435,OV,OV,OV,True,True,False,False,False
3436,DLBC,STES,STES,False,False,False,False,False
3437,COAD,STES,STES,False,False,False,False,False
3438,GBMLGG,LGG,LGG,False,False,False,False,False
3439,PAAD,PAAD,PAAD,True,True,False,False,False
3440,SKCM,SKCM,SKCM,True,True,False,False,False
3441,LAML,LAML,LAML,True,True,False,False,False
3442,LUSC,LUSC,LUSC,True,True,False,False,False
3443,PRAD,PRAD,PRAD,True,True,False,False,False
3444,HNSC,HNSC,HNSC,True,True,False,False,False
3445,PCPG,THCA,THCA,False,False,False,False,False
3446,BRCA,BRCA,BRCA,True,True,False,False,False
3447,OV,OV,OV,True,True,False,False,False
3448,CESC,THYM,LAML,False,False,False,False,True
3449,KIPAN,PRAD,PRAD,False,False,False,False,False
3450,BRCA,BRCA,PRAD,True,False,False,True,True
3451,TGCT,TGCT,TGCT,True,True,False,False,False
3452,SKCM,SKCM,SKCM,True,True,False,False,False
3453,STES,STES,STES,True,True,False,False,False
3454,KIPAN,KIPAN,KIPAN,True,True,False,False,False
3455,BLCA,BLCA,BLCA,True,True,False,False,False
3456,BRCA,BRCA,BRCA,True,True,False,False,False
3457,CESC,BRCA,SARC,False,False,False,False,True
3458,UCEC,UCEC,UCEC,True,True,False,False,False
3459,SARC,GBMLGG,GBMLGG,False,False,False,False,False
3460,KIPAN,KIRC,TGCT,False,False,False,False,True
3461,PRAD,KIPAN,KIPAN,False,False,False,False,False
3462,THCA,PCPG,PCPG,False,False,False,False,False
3463,KIRC,THYM,GBMLGG,False,False,False,False,True
3464,PRAD,SARC,PRAD,False,True,True,False,True
3465,KIRC,KIRC,KIRC,True,True,False,False,False
3466,LAML,LAML,LAML,True,True,False,False,False
3467,LIHC,LUSC,UCEC,False,False,False,False,True
3468,KIPAN,KIPAN,KIPAN,True,True,False,False,False
3469,THYM,THYM,THYM,True,True,False,False,False
3470,HNSC,BRCA,BRCA,False,False,False,False,False
3471,LUSC,LUSC,LUSC,True,True,False,False,False
3472,LIHC,OV,OV,False,False,False,False,False
3473,LAML,PCPG,PCPG,False,False,False,False,False
3474,THCA,THCA,THCA,True,True,False,False,False
3475,PRAD,THYM,THYM,False,False,False,False,False
3476,THCA,THYM,THYM,False,False,False,False,False
3477,CESC,CESC,HNSC,True,False,False,True,True
3478,STES,STES,STES,True,True,False,False,False
3479,LUSC,LUSC,HNSC,True,False,False,True,True
3480,TGCT,TGCT,TGCT,True,True,False,False,False
3481,PAAD,PAAD,PAAD,True,True,False,False,False
3482,THYM,BRCA,BRCA,False,False,False,False,False
3483,LUSC,LUSC,LUSC,True,True,False,False,False
3484,OV,PCPG,PCPG,False,False,False,False,False
3485,SARC,OV,OV,False,False,False,False,False
3486,OV,BRCA,PRAD,False,False,False,False,True
3487,TGCT,CESC,CESC,False,False,False,False,False
3488,LAML,LAML,LAML,True,True,False,False,False
3489,BRCA,GBMLGG,SARC,False,False,False,False,True
3490,KIPAN,KIPAN,PRAD,True,False,False,True,True
3491,SARC,SARC,TGCT,True,False,False,True,True
3492,PAAD,BRCA,BRCA,False,False,False,False,False
3493,KIRC,BRCA,LIHC,False,False,False,False,True
3494,KIRC,KIRC,KIRC,True,True,False,False,False
3495,SARC,GBMLGG,GBMLGG,False,False,False,False,False
3496,SARC,PRAD,SARC,False,True,True,False,True
3497,DLBC,DLBC,DLBC,True,True,False,False,False
3498,LGG,LGG,LGG,True,True,False,False,False
3499,BRCA,BRCA,BRCA,True,True,False,False,False
3500,SKCM,SKCM,SKCM,True,True,False,False,False
3501,PAAD,COAD,GBMLGG,False,False,False,False,True
3502,KIRC,KIPAN,KIPAN,False,False,False,False,False
3503,BRCA,PRAD,LAML,False,False,False,False,True
3504,SARC,OV,OV,False,False,False,False,False
3505,LUAD,LUSC,LUAD,False,True,True,False,True
3506,BRCA,UCEC,BRCA,False,True,True,False,True
3507,GBMLGG,LGG,LGG,False,False,False,False,False
3508,KIPAN,KIPAN,KIPAN,True,True,False,False,False
3509,COAD,SARC,PRAD,False,False,False,False,True
3510,TGCT,PAAD,TGCT,False,True,True,False,True
3511,BRCA,OV,BRCA,False,True,True,False,True
3512,GBMLGG,LGG,LGG,False,False,False,False,False
3513,PRAD,THYM,THYM,False,False,False,False,False
3514,LUAD,LIHC,LIHC,False,False,False,False,False
3515,BRCA,SARC,SARC,False,False,False,False,False
3516,PRAD,OV,OV,False,False,False,False,False
3517,SKCM,SKCM,SKCM,True,True,False,False,False
3518,PCPG,SARC,SARC,False,False,False,False,False
3519,THCA,THYM,THYM,False,False,False,False,False
3520,KIPAN,KIPAN,KIPAN,True,True,False,False,False
3521,SKCM,SKCM,SKCM,True,True,False,False,False
3522,LGG,LGG,LGG,True,True,False,False,False
3523,UCEC,KIRC,KIRC,False,False,False,False,False
3524,GBMLGG,GBMLGG,GBMLGG,True,True,False,False,False
3525,BRCA,BRCA,BRCA,True,True,False,False,False
3526,UCEC,UCEC,OV,True,False,False,True,True
3527,STES,STES,STES,True,True,False,False,False
3528,STES,STES,STES,True,True,False,False,False
3529,LIHC,KIPAN,SARC,False,False,False,False,True
3530,KIRC,KIRC,KIRC,True,True,False,False,False
3531,BRCA,CESC,CESC,False,False,False,False,False
3532,STES,LIHC,LIHC,False,False,False,False,False
3533,CESC,CESC,BLCA,True,False,False,True,True
3534,COAD,COAD,COAD,True,True,False,False,False
3535,LGG,LGG,LGG,True,True,False,False,False
3536,LAML,LAML,LAML,True,True,False,False,False
3537,SKCM,KIRC,TGCT,False,False,False,False,True
3538,GBMLGG,GBMLGG,GBMLGG,True,True,False,False,False
3539,LUAD,STES,STES,False,False,False,False,False
3540,GBMLGG,GBMLGG,GBMLGG,True,True,False,False,False
3541,BRCA,BRCA,BRCA,True,True,False,False,False
3542,HNSC,GBMLGG,SARC,False,False,False,False,True
3543,SKCM,SKCM,SKCM,True,True,False,False,False
3544,PCPG,PCPG,PCPG,True,True,False,False,False
3545,BRCA,BRCA,BRCA,True,True,False,False,False
3546,BRCA,LUAD,LUSC,False,False,False,False,True
3547,THCA,PAAD,PAAD,False,False,False,False,False
3548,HNSC,HNSC,HNSC,True,True,False,False,False
3549,LGG,PAAD,PAAD,False,False,False,False,False
3550,LGG,LGG,LGG,True,True,False,False,False
3551,LUAD,LIHC,LIHC,False,False,False,False,False
3552,LUSC,LUSC,OV,True,False,False,True,True
3553,LUSC,HNSC,HNSC,False,False,False,False,False
3554,HNSC,HNSC,STES,True,False,False,True,True
3555,THCA,OV,OV,False,False,False,False,False
3556,BRCA,THCA,THCA,False,False,False,False,False
3557,COAD,COAD,STES,True,False,False,True,True
3558,LAML,GBMLGG,GBMLGG,False,False,False,False,False
3559,GBMLGG,GBMLGG,GBMLGG,True,True,False,False,False
3560,PRAD,PRAD,PRAD,True,True,False,False,False
3561,BRCA,BRCA,BRCA,True,True,False,False,False
3562,PRAD,LAML,LAML,False,False,False,False,False
3563,HNSC,HNSC,BRCA,True,False,False,True,True
3564,GBMLGG,KIPAN,GBMLGG,False,True,True,False,True
3565,LUAD,LIHC,LIHC,False,False,False,False,False
3566,CESC,BRCA,CESC,False,True,True,False,True
3567,COAD,COAD,STES,True,False,False,True,True
3568,SARC,SARC,BRCA,True,False,False,True,True
3569,BLCA,CESC,BRCA,False,False,False,False,True
3570,KIPAN,KIPAN,PCPG,True,False,False,True,True
3571,LAML,PCPG,PCPG,False,False,False,False,False
3572,UCEC,HNSC,HNSC,False,False,False,False,False
3573,PRAD,SARC,BRCA,False,False,False,False,True
3574,LAML,LAML,LAML,True,True,False,False,False
3575,SARC,BRCA,KIPAN,False,False,False,False,True
3576,KIPAN,KIPAN,KIPAN,True,True,False,False,False
3577,LIHC,LIHC,LIHC,True,True,False,False,False
3578,KIRC,KIRC,KIRC,True,True,False,False,False
3579,GBMLGG,GBMLGG,GBMLGG,True,True,False,False,False
3580,COAD,COAD,COAD,True,True,False,False,False
3581,LUSC,HNSC,HNSC,False,False,False,False,False
3582,LUAD,BRCA,GBMLGG,False,False,False,False,True
3583,KIRC,THYM,THYM,False,False,False,False,False
3584,PRAD,PRAD,PRAD,True,True,False,False,False
3585,LUSC,LUSC,LUSC,True,True,False,False,False
3586,THCA,THCA,THCA,True,True,False,False,False
3587,KIRC,KIRC,KIRC,True,True,False,False,False
3588,STES,STES,STES,True,True,False,False,False
3589,ACC,ACC,ACC,True,True,False,False,False
3590,BRCA,BRCA,PRAD,True,False,False,True,True
3591,LIHC,LIHC,LIHC,True,True,False,False,False
3592,BRCA,PRAD,PRAD,False,False,False,False,False
3593,BRCA,OV,OV,False,False,False,False,False
3594,GBMLGG,GBMLGG,LGG,True,False,False,True,True
3595,THCA,BRCA,BRCA,False,False,False,False,False
3596,KIRC,KIRC,KIRC,True,True,False,False,False
3597,THYM,THYM,THYM,True,True,False,False,False
3598,LAML,BRCA,SARC,False,False,False,False,True
3599,BRCA,CESC,HNSC,False,False,False,False,True
3600,BRCA,BRCA,BRCA,True,True,False,False,False
3601,LGG,GBMLGG,GBMLGG,False,False,False,False,False
3602,KIRC,SARC,SARC,False,False,False,False,False
3603,PCPG,PRAD,PCPG,False,True,True,False,True
3604,HNSC,HNSC,HNSC,True,True,False,False,False
3605,GBMLGG,GBMLGG,GBMLGG,True,True,False,False,False
3606,COAD,COAD,COAD,True,True,False,False,False
3607,BRCA,PCPG,THYM,False,False,False,False,True
3608,TGCT,CESC,SARC,False,False,False,False,True
3609,KIRC,KIRC,KIRC,True,True,False,False,False
3610,SARC,BRCA,SARC,False,True,True,False,True
3611,CESC,CESC,CESC,True,True,False,False,False
3612,OV,BRCA,KIRC,False,False,False,False,True
3613,GBMLGG,KIPAN,GBMLGG,False,True,True,False,True
3614,KIPAN,KIPAN,KIPAN,True,True,False,False,False
3615,THCA,THCA,THCA,True,True,False,False,False
3616,LIHC,BRCA,SKCM,False,False,False,False,True
3617,OV,OV,OV,True,True,False,False,False
3618,PCPG,PCPG,LAML,True,False,False,True,True
3619,LAML,BRCA,BRCA,False,False,False,False,False
3620,HNSC,OV,OV,False,False,False,False,False
3621,ACC,ACC,ACC,True,True,False,False,False
3622,LUAD,LUAD,LUAD,True,True,False,False,False
3623,LIHC,STES,HNSC,False,False,False,False,True
3624,SKCM,SKCM,SKCM,True,True,False,False,False
3625,UCEC,STES,STES,False,False,False,False,False
3626,LUAD,BRCA,BRCA,False,False,False,False,False
3627,STES,STES,STES,True,True,False,False,False
3628,TGCT,KIPAN,KIPAN,False,False,False,False,False
3629,HNSC,BRCA,LUAD,False,False,False,False,True
3630,GBMLGG,GBMLGG,GBMLGG,True,True,False,False,False
3631,BRCA,BRCA,BRCA,True,True,False,False,False
3632,SARC,KIRC,KIRC,False,False,False,False,False
3633,THCA,THCA,THCA,True,True,False,False,False
3634,THCA,THCA,THCA,True,True,False,False,False
3635,THCA,THCA,THCA,True,True,False,False,False
3636,BRCA,OV,OV,False,False,False,False,False
3637,GBMLGG,GBMLGG,GBMLGG,True,True,False,False,False
3638,KIRC,KIRC,KIRC,True,True,False,False,False
3639,LGG,LGG,LGG,True,True,False,False,False
3640,GBMLGG,LAML,LAML,False,False,False,False,False
3641,BLCA,BLCA,BLCA,True,True,False,False,False
3642,STES,HNSC,HNSC,False,False,False,False,False
3643,BLCA,HNSC,HNSC,False,False,False,False,False
3644,PAAD,PRAD,PRAD,False,False,False,False,False
3645,TGCT,TGCT,TGCT,True,True,False,False,False
3646,STES,STES,STES,True,True,False,False,False
3647,LAML,LAML,LAML,True,True,False,False,False
3648,PCPG,PCPG,PCPG,True,True,False,False,False
3649,BLCA,BLCA,BLCA,True,True,False,False,False
3650,PCPG,PCPG,PCPG,True,True,False,False,False
3651,PCPG,PCPG,PCPG,True,True,False,False,False
3652,OV,OV,OV,True,True,False,False,False
3653,BLCA,LIHC,LIHC,False,False,False,False,False
3654,BRCA,BRCA,BRCA,True,True,False,False,False
3655,BRCA,BRCA,BRCA,True,True,False,False,False
3656,STES,STES,STES,True,True,False,False,False
3657,OV,KIPAN,BRCA,False,False,False,False,True
3658,GBMLGG,THCA,THCA,False,False,False,False,False
3659,OV,OV,OV,True,True,False,False,False
3660,HNSC,BRCA,BRCA,False,False,False,False,False
3661,ACC,ACC,ACC,True,True,False,False,False
3662,OV,OV,OV,True,True,False,False,False
3663,THYM,THYM,THYM,True,True,False,False,False
3664,HNSC,LIHC,GBMLGG,False,False,False,False,True
3665,BRCA,BRCA,BRCA,True,True,False,False,False
3666,LUAD,LUAD,LUAD,True,True,False,False,False
3667,KIRC,KIRC,KIRC,True,True,False,False,False
3668,THCA,THYM,THYM,False,False,False,False,False
3669,KIPAN,KIPAN,KIPAN,True,True,False,False,False
3670,SKCM,COAD,COAD,False,False,False,False,False
3671,STES,STES,HNSC,True,False,False,True,True
3672,BRCA,BRCA,BRCA,True,True,False,False,False
3673,BRCA,BRCA,KIPAN,True,False,False,True,True
3674,BRCA,BRCA,BRCA,True,True,False,False,False
3675,UCEC,UCEC,UCEC,True,True,False,False,False
3676,SKCM,SKCM,SKCM,True,True,False,False,False
3677,LIHC,LIHC,LIHC,True,True,False,False,False
3678,SARC,PCPG,PCPG,False,False,False,False,False
3679,CESC,CESC,BRCA,True,False,False,True,True
3680,SKCM,SKCM,SKCM,True,True,False,False,False
3681,PRAD,KIRC,KIRC,False,False,False,False,False
3682,OV,OV,OV,True,True,False,False,False
3683,STES,STES,SARC,True,False,False,True,True
3684,PAAD,PAAD,PAAD,True,True,False,False,False
3685,HNSC,BLCA,BLCA,False,False,False,False,False
3686,HNSC,PAAD,PAAD,False,False,False,False,False
3687,BRCA,OV,PAAD,False,False,False,False,True
3688,LIHC,LIHC,LIHC,True,True,False,False,False
3689,LUAD,LUAD,LUAD,True,True,False,False,False
3690,HNSC,HNSC,HNSC,True,True,False,False,False
3691,STES,STES,STES,True,True,False,False,False
3692,STES,LUSC,LUSC,False,False,False,False,False
3693,KIRC,KIRC,KIRC,True,True,False,False,False
3694,THCA,THCA,THCA,True,True,False,False,False
3695,THCA,THCA,THCA,True,True,False,False,False
3696,LUAD,LUAD,LUAD,True,True,False,False,False
3697,BRCA,PCPG,LAML,False,False,False,False,True
3698,LIHC,LIHC,LIHC,True,True,False,False,False
3699,BRCA,BRCA,BRCA,True,True,False,False,False
3700,BRCA,BRCA,BRCA,True,True,False,False,False
3701,GBMLGG,UCEC,UCEC,False,False,False,False,False
3702,LIHC,LUAD,SARC,False,False,False,False,True
3703,OV,GBMLGG,GBMLGG,False,False,False,False,False
3704,UCEC,UCEC,UCEC,True,True,False,False,False
3705,THCA,THCA,THCA,True,True,False,False,False
3706,KIRC,KIRC,KIRC,True,True,False,False,False
3707,THCA,PRAD,PCPG,False,False,False,False,True
3708,COAD,OV,OV,False,False,False,False,False
3709,BRCA,BRCA,BRCA,True,True,False,False,False
3710,LUSC,LUSC,LUSC,True,True,False,False,False
3711,THYM,STES,STES,False,False,False,False,False
3712,BLCA,HNSC,HNSC,False,False,False,False,False
3713,OV,PCPG,PCPG,False,False,False,False,False
3714,GBMLGG,GBMLGG,GBMLGG,True,True,False,False,False
3715,UCEC,UCEC,STES,True,False,False,True,True
3716,SARC,PRAD,PRAD,False,False,False,False,False
3717,BLCA,HNSC,HNSC,False,False,False,False,False
3718,STES,LUAD,LUAD,False,False,False,False,False
3719,DLBC,DLBC,DLBC,True,True,False,False,False
3720,SKCM,SKCM,SKCM,True,True,False,False,False
3721,PRAD,PRAD,PRAD,True,True,False,False,False
3722,OV,LUSC,OV,False,True,True,False,True
3723,KIRC,LIHC,LIHC,False,False,False,False,False
3724,THCA,BRCA,THCA,False,True,True,False,True
3725,BRCA,BRCA,BRCA,True,True,False,False,False
3726,CESC,BRCA,BRCA,False,False,False,False,False
3727,HNSC,STES,STES,False,False,False,False,False
3728,BRCA,BRCA,BRCA,True,True,False,False,False
3729,COAD,COAD,COAD,True,True,False,False,False
3730,GBMLGG,GBMLGG,GBMLGG,True,True,False,False,False
3731,PCPG,PCPG,THCA,True,False,False,True,True
3732,OV,BRCA,BRCA,False,False,False,False,False
3733,KIPAN,KIPAN,KIPAN,True,True,False,False,False
3734,LUAD,LUSC,LUSC,False,False,False,False,False
3735,SKCM,SKCM,SKCM,True,True,False,False,False
3736,BRCA,CESC,CESC,False,False,False,False,False
3737,KIPAN,KIPAN,KIPAN,True,True,False,False,False
3738,KIRC,KIRC,KIRC,True,True,False,False,False
3739,THYM,LAML,THYM,False,True,True,False,True
3740,STES,OV,OV,False,False,False,False,False
3741,LUAD,LUAD,LUAD,True,True,False,False,False
3742,PRAD,PRAD,PRAD,True,True,False,False,False
3743,TGCT,TGCT,TGCT,True,True,False,False,False
3744,KIPAN,KIPAN,KIPAN,True,True,False,False,False
3745,STES,HNSC,BRCA,False,False,False,False,True
3746,SKCM,SKCM,SKCM,True,True,False,False,False
3747,KIRC,GBMLGG,GBMLGG,False,False,False,False,False
3748,LIHC,UCEC,LIHC,False,True,True,False,True
3749,SARC,KIRC,KIRC,False,False,False,False,False
3750,LIHC,LIHC,LIHC,True,True,False,False,False
3751,KIPAN,KIRC,KIRC,False,False,False,False,False
3752,PCPG,SARC,SARC,False,False,False,False,False
3753,PCPG,PCPG,PCPG,True,True,False,False,False
3754,KIRC,KIRC,KIRC,True,True,False,False,False
3755,KIPAN,KIRC,KIRC,False,False,False,False,False
3756,GBMLGG,GBMLGG,UCEC,True,False,False,True,True
3757,STES,LIHC,LIHC,False,False,False,False,False
3758,SARC,SARC,PRAD,True,False,False,True,True
3759,LGG,LGG,LGG,True,True,False,False,False
3760,CESC,PRAD,PRAD,False,False,False,False,False
3761,GBMLGG,UCEC,UCEC,False,False,False,False,False
3762,THCA,PRAD,PRAD,False,False,False,False,False
3763,UCEC,UCEC,UCEC,True,True,False,False,False
3764,ACC,ACC,ACC,True,True,False,False,False
3765,LUSC,LUSC,LUSC,True,True,False,False,False
3766,BRCA,GBMLGG,OV,False,False,False,False,True
3767,LUAD,LUSC,LUSC,False,False,False,False,False
3768,PRAD,SARC,SARC,False,False,False,False,False
3769,LIHC,LIHC,LIHC,True,True,False,False,False
3770,LGG,GBMLGG,GBMLGG,False,False,False,False,False
3771,LAML,LAML,LAML,True,True,False,False,False
3772,BRCA,BRCA,STES,True,False,False,True,True
3773,THYM,BRCA,THYM,False,True,True,False,True
3774,KIPAN,KIRC,KIRC,False,False,False,False,False
3775,KIPAN,KIPAN,KIPAN,True,True,False,False,False
3776,KIRC,KIRC,KIRC,True,True,False,False,False
3777,BRCA,LIHC,LIHC,False,False,False,False,False
3778,KIPAN,KIPAN,KIPAN,True,True,False,False,False
3779,BRCA,PRAD,PRAD,False,False,False,False,False
3780,GBMLGG,GBMLGG,GBMLGG,True,True,False,False,False
3781,BRCA,BRCA,BRCA,True,True,False,False,False
3782,LGG,GBMLGG,GBMLGG,False,False,False,False,False
3783,KIRC,KIRC,KIRC,True,True,False,False,False
3784,STES,STES,STES,True,True,False,False,False
3785,LUAD,CESC,CESC,False,False,False,False,False
3786,KIPAN,KIPAN,KIPAN,True,True,False,False,False
3787,OV,KIPAN,KIPAN,False,False,False,False,False
3788,HNSC,HNSC,HNSC,True,True,False,False,False
3789,THYM,THYM,THYM,True,True,False,False,False
3790,STES,STES,STES,True,True,False,False,False
3791,SKCM,SKCM,SKCM,True,True,False,False,False
3792,KIPAN,KIPAN,KIPAN,True,True,False,False,False
3793,SKCM,SKCM,SKCM,True,True,False,False,False
3794,GBMLGG,OV,OV,False,False,False,False,False
3795,LGG,LGG,LGG,True,True,False,False,False
3796,CESC,BRCA,CESC,False,True,True,False,True
3797,BRCA,BRCA,BRCA,True,True,False,False,False
3798,BRCA,SARC,SARC,False,False,False,False,False
3799,KIPAN,KIRC,KIPAN,False,True,True,False,True
3800,HNSC,HNSC,HNSC,True,True,False,False,False
3801,HNSC,LUAD,LUAD,False,False,False,False,False
3802,GBMLGG,LGG,LGG,False,False,False,False,False
3803,PRAD,PRAD,SARC,True,False,False,True,True
3804,CESC,STES,CESC,False,True,True,False,True
3805,KIPAN,KIPAN,KIPAN,True,True,False,False,False
3806,PAAD,OV,OV,False,False,False,False,False
3807,TGCT,TGCT,TGCT,True,True,False,False,False
3808,PAAD,OV,HNSC,False,False,False,False,True
3809,LGG,GBMLGG,GBMLGG,False,False,False,False,False
3810,CESC,CESC,CESC,True,True,False,False,False
3811,HNSC,GBMLGG,OV,False,False,False,False,True
3812,STES,HNSC,BRCA,False,False,False,False,True
3813,SKCM,THCA,THCA,False,False,False,False,False
3814,THCA,PRAD,PRAD,False,False,False,False,False
3815,PRAD,THYM,THYM,False,False,False,False,False
3816,LAML,OV,OV,False,False,False,False,False
3817,UCEC,UCEC,UCEC,True,True,False,False,False
3818,GBMLGG,GBMLGG,GBMLGG,True,True,False,False,False
3819,GBMLGG,KIPAN,KIPAN,False,False,False,False,False
3820,BRCA,PRAD,KIRC,False,False,False,False,True
3821,KIPAN,PRAD,SARC,False,False,False,False,True
3822,SKCM,KIRC,KIRC,False,False,False,False,False
3823,LAML,BRCA,PRAD,False,False,False,False,True
3824,GBMLGG,GBMLGG,GBMLGG,True,True,False,False,False
3825,BRCA,PRAD,PRAD,False,False,False,False,False
3826,HNSC,SARC,SARC,False,False,False,False,False
3827,BRCA,BRCA,BRCA,True,True,False,False,False
3828,UCEC,STES,UCEC,False,True,True,False,True
3829,HNSC,OV,OV,False,False,False,False,False
3830,BRCA,PRAD,PRAD,False,False,False,False,False
3831,LUSC,LUSC,LUSC,True,True,False,False,False
3832,BRCA,BRCA,BRCA,True,True,False,False,False
3833,BRCA,BRCA,BRCA,True,True,False,False,False
3834,HNSC,STES,STES,False,False,False,False,False
3835,STES,STES,STES,True,True,False,False,False
3836,BRCA,THYM,PRAD,False,False,False,False,True
3837,LAML,LAML,LAML,True,True,False,False,False
3838,PRAD,PCPG,PRAD,False,True,True,False,True
3839,KIRC,KIRC,TGCT,True,False,False,True,True
3840,KIRC,KIPAN,KIPAN,False,False,False,False,False
3841,BRCA,PRAD,PCPG,False,False,False,False,True
3842,COAD,STES,STES,False,False,False,False,False
3843,KIRC,STES,KIPAN,False,False,False,False,True
3844,STES,STES,STES,True,True,False,False,False
3845,GBMLGG,BRCA,BRCA,False,False,False,False,False
3846,GBMLGG,GBMLGG,GBMLGG,True,True,False,False,False
3847,HNSC,BLCA,BLCA,False,False,False,False,False
3848,BRCA,OV,OV,False,False,False,False,False
3849,LUSC,LUSC,LUSC,True,True,False,False,False
3850,THCA,PCPG,PCPG,False,False,False,False,False
3851,KIPAN,BRCA,BRCA,False,False,False,False,False
3852,THCA,THCA,THCA,True,True,False,False,False
3853,STES,BRCA,GBMLGG,False,False,False,False,True
3854,CESC,LUAD,CESC,False,True,True,False,True
3855,KIRC,KIRC,KIRC,True,True,False,False,False
3856,PRAD,OV,OV,False,False,False,False,False
3857,OV,LIHC,PRAD,False,False,False,False,True
3858,PRAD,PRAD,PRAD,True,True,False,False,False
3859,SKCM,SKCM,SKCM,True,True,False,False,False
3860,LIHC,OV,OV,False,False,False,False,False
3861,GBMLGG,GBMLGG,GBMLGG,True,True,False,False,False
3862,BRCA,BRCA,BRCA,True,True,False,False,False
3863,LGG,GBMLGG,GBMLGG,False,False,False,False,False
3864,GBMLGG,GBMLGG,GBMLGG,True,True,False,False,False
3865,CESC,BLCA,BLCA,False,False,False,False,False
3866,SARC,PCPG,PCPG,False,False,False,False,False
3867,PCPG,PCPG,PCPG,True,True,False,False,False
3868,THYM,PRAD,PRAD,False,False,False,False,False
3869,THYM,SARC,SARC,False,False,False,False,False
3870,SARC,SARC,SARC,True,True,False,False,False
3871,KIPAN,KIRC,PRAD,False,False,False,False,True
3872,THCA,PRAD,PRAD,False,False,False,False,False
3873,COAD,COAD,COAD,True,True,False,False,False
3874,BRCA,LIHC,LIHC,False,False,False,False,False
3875,BRCA,BRCA,BRCA,True,True,False,False,False
3876,GBMLGG,STES,BRCA,False,False,False,False,True
3877,KIPAN,KIPAN,STES,True,False,False,True,True
3878,TGCT,TGCT,TGCT,True,True,False,False,False
3879,GBMLGG,UCEC,UCEC,False,False,False,False,False
3880,LAML,LAML,LAML,True,True,False,False,False
3881,KIPAN,KIPAN,KIPAN,True,True,False,False,False
3882,KIPAN,HNSC,HNSC,False,False,False,False,False
3883,PRAD,PCPG,PCPG,False,False,False,False,False
3884,LUAD,LUSC,LUSC,False,False,False,False,False
3885,KIPAN,KIPAN,KIPAN,True,True,False,False,False
3886,LGG,LGG,LGG,True,True,False,False,False
3887,COAD,COAD,COAD,True,True,False,False,False
3888,KIRC,KIRC,KIRC,True,True,False,False,False
3889,BRCA,PRAD,PRAD,False,False,False,False,False
3890,DLBC,STES,HNSC,False,False,False,False,True
3891,BRCA,KIPAN,KIPAN,False,False,False,False,False
3892,KIPAN,KIPAN,KIPAN,True,True,False,False,False
3893,LAML,LGG,LGG,False,False,False,False,False
3894,CESC,CESC,CESC,True,True,False,False,False
3895,CESC,BRCA,BRCA,False,False,False,False,False
3896,PCPG,SARC,SARC,False,False,False,False,False
3897,TGCT,PRAD,SARC,False,False,False,False,True
3898,BRCA,BRCA,SARC,True,False,False,True,True
3899,PRAD,THCA,PCPG,False,False,False,False,True
3900,PAAD,PAAD,PAAD,True,True,False,False,False
3901,KIPAN,KIPAN,KIPAN,True,True,False,False,False
3902,LUAD,KIRC,KIRC,False,False,False,False,False
3903,GBMLGG,GBMLGG,GBMLGG,True,True,False,False,False
3904,THYM,THYM,THYM,True,True,False,False,False
3905,STES,HNSC,HNSC,False,False,False,False,False
3906,GBMLGG,GBMLGG,GBMLGG,True,True,False,False,False
3907,KIPAN,LIHC,LIHC,False,False,False,False,False
3908,LUSC,KIPAN,LUAD,False,False,False,False,True
3909,COAD,COAD,COAD,True,True,False,False,False
3910,OV,OV,OV,True,True,False,False,False
3911,OV,OV,OV,True,True,False,False,False
3912,BRCA,SARC,PRAD,False,False,False,False,True
3913,OV,OV,OV,True,True,False,False,False
3914,THCA,THCA,THCA,True,True,False,False,False
3915,CESC,LUAD,BRCA,False,False,False,False,True
3916,KIRC,KIRC,SARC,True,False,False,True,True
3917,BRCA,BRCA,BRCA,True,True,False,False,False
3918,LUAD,GBMLGG,GBMLGG,False,False,False,False,False
3919,HNSC,CESC,CESC,False,False,False,False,False
3920,BRCA,PRAD,THYM,False,False,False,False,True
3921,KIPAN,SARC,KIPAN,False,True,True,False,True
3922,LIHC,SARC,SARC,False,False,False,False,False
3923,CESC,CESC,CESC,True,True,False,False,False
3924,OV,PAAD,PAAD,False,False,False,False,False
3925,HNSC,STES,STES,False,False,False,False,False
3926,LAML,THYM,THYM,False,False,False,False,False
3927,KIPAN,KIRC,KIRC,False,False,False,False,False
3928,LAML,THYM,THYM,False,False,False,False,False
3929,LUSC,LUSC,LUSC,True,True,False,False,False
3930,ACC,ACC,ACC,True,True,False,False,False
3931,LUSC,LUSC,STES,True,False,False,True,True
3932,KIPAN,OV,OV,False,False,False,False,False
3933,SARC,PCPG,PCPG,False,False,False,False,False
3934,GBMLGG,SARC,BRCA,False,False,False,False,True
3935,PRAD,THYM,THYM,False,False,False,False,False
3936,PCPG,TGCT,TGCT,False,False,False,False,False
3937,THCA,THCA,THCA,True,True,False,False,False
3938,SKCM,HNSC,HNSC,False,False,False,False,False
3939,BRCA,OV,OV,False,False,False,False,False
3940,OV,OV,OV,True,True,False,False,False
3941,KIRC,KIRC,KIRC,True,True,False,False,False
3942,SKCM,SKCM,SKCM,True,True,False,False,False
3943,PRAD,OV,OV,False,False,False,False,False
3944,COAD,UCEC,UCEC,False,False,False,False,False
3945,OV,BRCA,OV,False,True,True,False,True
3946,LGG,LGG,LGG,True,True,False,False,False
3947,GBMLGG,LGG,LGG,False,False,False,False,False
3948,SARC,BRCA,BRCA,False,False,False,False,False
3949,SKCM,SKCM,SKCM,True,True,False,False,False
3950,PRAD,PRAD,PRAD,True,True,False,False,False
3951,KIPAN,KIRC,KIRC,False,False,False,False,False
3952,CESC,UCEC,UCEC,False,False,False,False,False
3953,STES,HNSC,HNSC,False,False,False,False,False
3954,GBMLGG,GBMLGG,GBMLGG,True,True,False,False,False
3955,PRAD,PRAD,PRAD,True,True,False,False,False
3956,PAAD,PAAD,PAAD,True,True,False,False,False
3957,KIPAN,KIPAN,KIPAN,True,True,False,False,False
3958,GBMLGG,GBMLGG,LGG,True,False,False,True,True
3959,UCEC,SARC,SARC,False,False,False,False,False
3960,THYM,THYM,THYM,True,True,False,False,False
3961,THCA,THCA,THCA,True,True,False,False,False
3962,UCEC,STES,STES,False,False,False,False,False
3963,GBMLGG,GBMLGG,GBMLGG,True,True,False,False,False
3964,PRAD,PRAD,PRAD,True,True,False,False,False
3965,HNSC,HNSC,HNSC,True,True,False,False,False
3966,KIPAN,BRCA,KIRC,False,False,False,False,True
3967,COAD,COAD,COAD,True,True,False,False,False
3968,ACC,ACC,ACC,True,True,False,False,False
3969,THCA,THCA,THCA,True,True,False,False,False
3970,KIPAN,PRAD,PRAD,False,False,False,False,False
3971,THYM,THCA,THCA,False,False,False,False,False
3972,BRCA,BRCA,BRCA,True,True,False,False,False
3973,BRCA,BRCA,BRCA,True,True,False,False,False
3974,KIRC,KIRC,KIRC,True,True,False,False,False
3975,TGCT,TGCT,TGCT,True,True,False,False,False
3976,LUSC,LUSC,LUSC,True,True,False,False,False
3977,KIPAN,SARC,SARC,False,False,False,False,False
3978,GBMLGG,GBMLGG,GBMLGG,True,True,False,False,False
3979,BRCA,KIPAN,KIPAN,False,False,False,False,False
3980,KIRC,KIRC,KIRC,True,True,False,False,False
3981,LUAD,CESC,CESC,False,False,False,False,False
3982,KIPAN,KIPAN,TGCT,True,False,False,True,True
3983,UCEC,COAD,STES,False,False,False,False,True
3984,HNSC,STES,STES,False,False,False,False,False
3985,STES,COAD,UCEC,False,False,False,False,True
3986,SKCM,SARC,SARC,False,False,False,False,False
3987,GBMLGG,GBMLGG,GBMLGG,True,True,False,False,False
3988,BRCA,BRCA,BRCA,True,True,False,False,False
3989,OV,PCPG,SARC,False,False,False,False,True
3990,OV,TGCT,KIPAN,False,False,False,False,True
3991,KIPAN,KIPAN,KIPAN,True,True,False,False,False
3992,SKCM,SKCM,SKCM,True,True,False,False,False
3993,GBMLGG,LGG,LGG,False,False,False,False,False
3994,BRCA,BRCA,BRCA,True,True,False,False,False
3995,BRCA,BRCA,BRCA,True,True,False,False,False
3996,LUAD,BRCA,BRCA,False,False,False,False,False
3997,ACC,ACC,ACC,True,True,False,False,False
3998,KIPAN,KIRC,KIRC,False,False,False,False,False
3999,COAD,COAD,COAD,True,True,False,False,False
4000,BRCA,BRCA,BRCA,True,True,False,False,False
4001,OV,BRCA,BRCA,False,False,False,False,False
4002,HNSC,STES,STES,False,False,False,False,False
4003,PCPG,PCPG,PCPG,True,True,False,False,False
4004,KIRC,THYM,THYM,False,False,False,False,False
4005,BRCA,HNSC,HNSC,False,False,False,False,False
4006,STES,PAAD,PAAD,False,False,False,False,False
4007,LAML,OV,OV,False,False,False,False,False
4008,KIRC,PRAD,PCPG,False,False,False,False,True
4009,UCEC,UCEC,UCEC,True,True,False,False,False
4010,KIPAN,HNSC,KIPAN,False,True,True,False,True
4011,KIRC,KIRC,KIRC,True,True,False,False,False
4012,COAD,COAD,COAD,True,True,False,False,False
4013,BRCA,BRCA,PCPG,True,False,False,True,True
4014,KIPAN,KIRC,KIPAN,False,True,True,False,True
4015,THCA,THCA,THCA,True,True,False,False,False
4016,PCPG,PCPG,PCPG,True,True,False,False,False
4017,KIPAN,TGCT,TGCT,False,False,False,False,False
4018,OV,OV,OV,True,True,False,False,False
4019,LUAD,STES,STES,False,False,False,False,False
4020,BRCA,PRAD,THCA,False,False,False,False,True
4021,LUSC,LUSC,LUAD,True,False,False,True,True
4022,GBMLGG,LGG,LGG,False,False,False,False,False
4023,LUSC,LUAD,LUAD,False,False,False,False,False
4024,CESC,LUSC,LUSC,False,False,False,False,False
4025,LAML,LAML,LGG,True,False,False,True,True
4026,SKCM,SKCM,SKCM,True,True,False,False,False
4027,GBMLGG,THCA,THCA,False,False,False,False,False
4028,KIPAN,BRCA,BRCA,False,False,False,False,False
4029,LGG,LGG,LGG,True,True,False,False,False
4030,KIPAN,KIPAN,KIPAN,True,True,False,False,False
4031,GBMLGG,GBMLGG,GBMLGG,True,True,False,False,False
4032,BLCA,HNSC,HNSC,False,False,False,False,False
4033,GBMLGG,GBMLGG,GBMLGG,True,True,False,False,False
4034,KIPAN,KIPAN,KIPAN,True,True,False,False,False
4035,LAML,LAML,LAML,True,True,False,False,False
4036,LAML,LAML,LGG,True,False,False,True,True
4037,BRCA,BRCA,BRCA,True,True,False,False,False
4038,BRCA,KIPAN,TGCT,False,False,False,False,True
4039,BRCA,BRCA,BRCA,True,True,False,False,False
4040,LUSC,LIHC,LIHC,False,False,False,False,False
4041,KIRC,KIRC,KIRC,True,True,False,False,False
4042,KIRC,KIRC,KIRC,True,True,False,False,False
4043,TGCT,TGCT,TGCT,True,True,False,False,False
4044,PRAD,THYM,THYM,False,False,False,False,False
4045,UCEC,GBMLGG,GBMLGG,False,False,False,False,False
4046,DLBC,BRCA,PCPG,False,False,False,False,True
4047,PRAD,KIRC,KIRC,False,False,False,False,False
4048,BLCA,BRCA,LIHC,False,False,False,False,True
4049,ACC,ACC,ACC,True,True,False,False,False
4050,LGG,GBMLGG,GBMLGG,False,False,False,False,False
4051,LGG,LGG,LGG,True,True,False,False,False
4052,LGG,LGG,PRAD,True,False,False,True,True
4053,THCA,THCA,THCA,True,True,False,False,False
4054,KIPAN,KIPAN,KIPAN,True,True,False,False,False
4055,SARC,GBMLGG,GBMLGG,False,False,False,False,False
4056,KIRC,KIRC,KIRC,True,True,False,False,False
4057,BRCA,BRCA,BRCA,True,True,False,False,False
4058,LGG,LGG,LGG,True,True,False,False,False
4059,LGG,GBMLGG,GBMLGG,False,False,False,False,False
4060,LUSC,STES,STES,False,False,False,False,False
4061,BRCA,BRCA,BRCA,True,True,False,False,False
4062,KIPAN,LIHC,LIHC,False,False,False,False,False
4063,CESC,CESC,CESC,True,True,False,False,False
4064,KIPAN,PRAD,SARC,False,False,False,False,True
4065,KIPAN,KIPAN,BRCA,True,False,False,True,True
4066,BRCA,PRAD,PRAD,False,False,False,False,False
4067,CESC,CESC,CESC,True,True,False,False,False
4068,KIPAN,KIPAN,KIPAN,True,True,False,False,False
4069,KIRC,KIRC,KIPAN,True,False,False,True,True
4070,LIHC,LIHC,LIHC,True,True,False,False,False
4071,BRCA,BRCA,BRCA,True,True,False,False,False
4072,STES,PAAD,STES,False,True,True,False,True
4073,KIRC,KIRC,KIRC,True,True,False,False,False
4074,BRCA,BRCA,BRCA,True,True,False,False,False
4075,LUAD,LUAD,LUAD,True,True,False,False,False
4076,GBMLGG,GBMLGG,GBMLGG,True,True,False,False,False
4077,COAD,COAD,COAD,True,True,False,False,False
4078,LGG,LGG,LGG,True,True,False,False,False
4079,KIRC,KIRC,KIRC,True,True,False,False,False
4080,OV,OV,SARC,True,False,False,True,True
4081,COAD,UCEC,STES,False,False,False,False,True
4082,LAML,LAML,LAML,True,True,False,False,False
4083,PCPG,PCPG,PCPG,True,True,False,False,False
4084,KIPAN,KIPAN,KIPAN,True,True,False,False,False
4085,CESC,KIPAN,CESC,False,True,True,False,True
4086,SKCM,LUAD,LUAD,False,False,False,False,False
4087,OV,OV,BRCA,True,False,False,True,True
4088,SKCM,SKCM,SKCM,True,True,False,False,False
4089,GBMLGG,GBMLGG,GBMLGG,True,True,False,False,False
4090,STES,STES,STES,True,True,False,False,False
4091,SKCM,SKCM,SKCM,True,True,False,False,False
4092,LGG,LGG,LGG,True,True,False,False,False
4093,KIPAN,PRAD,KIRC,False,False,False,False,True
4094,HNSC,LUSC,LUSC,False,False,False,False,False
4095,GBMLGG,STES,SARC,False,False,False,False,True
4096,CESC,KIPAN,GBMLGG,False,False,False,False,True
4097,BRCA,BRCA,BRCA,True,True,False,False,False
4098,UCEC,COAD,COAD,False,False,False,False,False
4099,THCA,PRAD,PRAD,False,False,False,False,False
4100,KIPAN,KIPAN,HNSC,True,False,False,True,True
4101,THCA,THCA,THCA,True,True,False,False,False
4102,LUSC,LUSC,LUSC,True,True,False,False,False
4103,GBMLGG,OV,HNSC,False,False,False,False,True
4104,KIRC,PRAD,PRAD,False,False,False,False,False
4105,THCA,THCA,THCA,True,True,False,False,False
4106,KIPAN,BRCA,KIPAN,False,True,True,False,True
4107,BRCA,THCA,LAML,False,False,False,False,True
4108,COAD,COAD,COAD,True,True,False,False,False
4109,KIRC,KIRC,KIRC,True,True,False,False,False
4110,LGG,LGG,LGG,True,True,False,False,False
4111,SKCM,SKCM,SKCM,True,True,False,False,False
4112,TGCT,TGCT,TGCT,True,True,False,False,False
4113,KIRC,KIRC,KIRC,True,True,False,False,False
4114,GBMLGG,GBMLGG,UCEC,True,False,False,True,True
4115,SARC,PCPG,PRAD,False,False,False,False,True
4116,LGG,LGG,LGG,True,True,False,False,False
4117,SARC,BRCA,BRCA,False,False,False,False,False
4118,PRAD,PRAD,LAML,True,False,False,True,True
4119,THCA,THCA,THCA,True,True,False,False,False
4120,BRCA,BRCA,OV,True,False,False,True,True
4121,THYM,THYM,THYM,True,True,False,False,False
4122,THYM,THYM,THYM,True,True,False,False,False
4123,LGG,BRCA,PAAD,False,False,False,False,True
4124,PAAD,OV,OV,False,False,False,False,False
4125,KIPAN,ACC,ACC,False,False,False,False,False
4126,PAAD,OV,SARC,False,False,False,False,True
4127,GBMLGG,BRCA,BRCA,False,False,False,False,False
4128,ACC,ACC,ACC,True,True,False,False,False
4129,PRAD,PRAD,PRAD,True,True,False,False,False
4130,THCA,PRAD,THCA,False,True,True,False,True
4131,CESC,LUSC,LUSC,False,False,False,False,False
4132,GBMLGG,THCA,LAML,False,False,False,False,True
4133,UCEC,KIPAN,UCEC,False,True,True,False,True
4134,BRCA,BRCA,BRCA,True,True,False,False,False
4135,GBMLGG,GBMLGG,GBMLGG,True,True,False,False,False
4136,BRCA,BRCA,BRCA,True,True,False,False,False
4137,LUSC,LUSC,LUSC,True,True,False,False,False
4138,COAD,COAD,COAD,True,True,False,False,False
4139,LIHC,SARC,SARC,False,False,False,False,False
4140,KIRC,KIRC,KIRC,True,True,False,False,False
4141,GBMLGG,GBMLGG,GBMLGG,True,True,False,False,False
4142,LAML,LAML,LAML,True,True,False,False,False
4143,SKCM,SKCM,SKCM,True,True,False,False,False
4144,KIPAN,KIPAN,KIPAN,True,True,False,False,False
4145,BRCA,THYM,PRAD,False,False,False,False,True
4146,COAD,COAD,COAD,True,True,False,False,False
4147,LGG,LGG,LGG,True,True,False,False,False
4148,GBMLGG,GBMLGG,GBMLGG,True,True,False,False,False
4149,KIRC,KIRC,KIRC,True,True,False,False,False
4150,BRCA,BRCA,BRCA,True,True,False,False,False
4151,OV,BRCA,BRCA,False,False,False,False,False
4152,KIPAN,KIRC,KIPAN,False,True,True,False,True
4153,LAML,LAML,LAML,True,True,False,False,False
4154,OV,OV,BRCA,True,False,False,True,True
4155,TGCT,TGCT,TGCT,True,True,False,False,False
4156,PRAD,LAML,LAML,False,False,False,False,False
4157,OV,BRCA,OV,False,True,True,False,True
4158,HNSC,GBMLGG,SARC,False,False,False,False,True
4159,LUAD,KIPAN,BRCA,False,False,False,False,True
4160,HNSC,HNSC,HNSC,True,True,False,False,False
4161,COAD,COAD,COAD,True,True,False,False,False
4162,PCPG,PCPG,PCPG,True,True,False,False,False
4163,HNSC,OV,OV,False,False,False,False,False
4164,BRCA,BRCA,BRCA,True,True,False,False,False
4165,ACC,ACC,ACC,True,True,False,False,False
4166,THCA,BRCA,PCPG,False,False,False,False,True
4167,STES,LUSC,STES,False,True,True,False,True
4168,THYM,PRAD,PRAD,False,False,False,False,False
4169,LIHC,LIHC,LIHC,True,True,False,False,False
4170,UCEC,PRAD,PRAD,False,False,False,False,False
4171,KIPAN,BRCA,BRCA,False,False,False,False,False
4172,LUSC,LUSC,LUSC,True,True,False,False,False
4173,GBMLGG,GBMLGG,GBMLGG,True,True,False,False,False
4174,LIHC,LIHC,LIHC,True,True,False,False,False
4175,BRCA,HNSC,HNSC,False,False,False,False,False
4176,UCEC,UCEC,UCEC,True,True,False,False,False
4177,BRCA,PCPG,PCPG,False,False,False,False,False
4178,LUAD,LUAD,LUAD,True,True,False,False,False
4179,COAD,COAD,COAD,True,True,False,False,False
4180,BRCA,STES,SARC,False,False,False,False,True
4181,THCA,THCA,THCA,True,True,False,False,False
4182,SARC,BRCA,SARC,False,True,True,False,True
4183,SKCM,SKCM,SKCM,True,True,False,False,False
4184,GBMLGG,GBMLGG,GBMLGG,True,True,False,False,False
4185,OV,OV,OV,True,True,False,False,False
4186,BRCA,BRCA,BRCA,True,True,False,False,False
4187,KIRC,KIPAN,KIPAN,False,False,False,False,False
4188,TGCT,TGCT,TGCT,True,True,False,False,False
4189,CESC,BRCA,CESC,False,True,True,False,True
4190,KIRC,KIPAN,STES,False,False,False,False,True
4191,SKCM,SKCM,SKCM,True,True,False,False,False
4192,BRCA,BRCA,BRCA,True,True,False,False,False
4193,STES,PAAD,PAAD,False,False,False,False,False
4194,CESC,LAML,PCPG,False,False,False,False,True
4195,CESC,TGCT,TGCT,False,False,False,False,False
4196,CESC,BRCA,BRCA,False,False,False,False,False
4197,PAAD,PAAD,PAAD,True,True,False,False,False
4198,GBMLGG,GBMLGG,GBMLGG,True,True,False,False,False
4199,KIPAN,KIPAN,KIPAN,True,True,False,False,False
4200,THCA,THCA,THCA,True,True,False,False,False
4201,SARC,PCPG,TGCT,False,False,False,False,True
4202,KIPAN,KIPAN,KIPAN,True,True,False,False,False
4203,BLCA,THYM,PCPG,False,False,False,False,True
4204,THCA,THCA,THCA,True,True,False,False,False
4205,HNSC,LAML,LAML,False,False,False,False,False
4206,PCPG,PCPG,PCPG,True,True,False,False,False
4207,KIPAN,KIRC,KIRC,False,False,False,False,False
4208,SKCM,SKCM,SKCM,True,True,False,False,False
4209,BRCA,BRCA,BRCA,True,True,False,False,False
4210,LUAD,LUAD,LUAD,True,True,False,False,False
4211,LUSC,LUSC,LUSC,True,True,False,False,False
4212,GBMLGG,GBMLGG,GBMLGG,True,True,False,False,False
4213,LIHC,LUSC,STES,False,False,False,False,True
4214,LUSC,LIHC,LUAD,False,False,False,False,True
4215,PRAD,BRCA,BRCA,False,False,False,False,False
4216,TGCT,TGCT,TGCT,True,True,False,False,False
4217,COAD,COAD,COAD,True,True,False,False,False
4218,LIHC,BRCA,BRCA,False,False,False,False,False
4219,OV,OV,OV,True,True,False,False,False
4220,LUSC,LUSC,LUSC,True,True,False,False,False
4221,HNSC,BRCA,BRCA,False,False,False,False,False
4222,STES,PRAD,PRAD,False,False,False,False,False
4223,SKCM,SKCM,SKCM,True,True,False,False,False
4224,LUAD,LUSC,LUSC,False,False,False,False,False
4225,BRCA,BRCA,BRCA,True,True,False,False,False
4226,OV,GBMLGG,OV,False,True,True,False,True
4227,LIHC,LIHC,LIHC,True,True,False,False,False
4228,BRCA,COAD,COAD,False,False,False,False,False
4229,SKCM,SKCM,SKCM,True,True,False,False,False
4230,PRAD,UCEC,UCEC,False,False,False,False,False
4231,GBMLGG,OV,OV,False,False,False,False,False
4232,SARC,SARC,SARC,True,True,False,False,False
4233,THCA,THCA,THCA,True,True,False,False,False
4234,KIPAN,KIRC,KIRC,False,False,False,False,False
4235,SARC,PRAD,PRAD,False,False,False,False,False
4236,LGG,LGG,GBMLGG,True,False,False,True,True
4237,GBMLGG,SARC,KIPAN,False,False,False,False,True
4238,KIPAN,LIHC,LIHC,False,False,False,False,False
4239,BRCA,BRCA,BRCA,True,True,False,False,False
4240,HNSC,LUSC,LUSC,False,False,False,False,False
4241,SKCM,SKCM,SKCM,True,True,False,False,False
4242,LAML,PRAD,PRAD,False,False,False,False,False
4243,THCA,THCA,THCA,True,True,False,False,False
4244,TGCT,TGCT,TGCT,True,True,False,False,False
4245,THCA,THCA,THCA,True,True,False,False,False
4246,BRCA,BRCA,OV,True,False,False,True,True
4247,KIPAN,LUAD,KIPAN,False,True,True,False,True
4248,SKCM,SKCM,SKCM,True,True,False,False,False
4249,PRAD,SARC,THCA,False,False,False,False,True
4250,LIHC,LUAD,LUAD,False,False,False,False,False
4251,SARC,BRCA,BRCA,False,False,False,False,False
4252,BRCA,BRCA,BRCA,True,True,False,False,False
4253,PAAD,GBMLGG,PAAD,False,True,True,False,True
4254,LAML,LAML,LAML,True,True,False,False,False
4255,STES,UCEC,STES,False,True,True,False,True
4256,LGG,LGG,LGG,True,True,False,False,False
4257,SKCM,SKCM,SKCM,True,True,False,False,False
4258,GBMLGG,GBMLGG,GBMLGG,True,True,False,False,False
4259,BRCA,BRCA,BRCA,True,True,False,False,False
4260,BRCA,BRCA,BRCA,True,True,False,False,False
4261,LIHC,BRCA,BRCA,False,False,False,False,False
4262,PRAD,PRAD,PRAD,True,True,False,False,False
4263,GBMLGG,GBMLGG,UCEC,True,False,False,True,True
4264,BRCA,BRCA,BRCA,True,True,False,False,False
4265,LAML,PRAD,PRAD,False,False,False,False,False
4266,THCA,THCA,THCA,True,True,False,False,False
4267,LGG,LGG,LGG,True,True,False,False,False
4268,PCPG,PCPG,PCPG,True,True,False,False,False
4269,THCA,THCA,THCA,True,True,False,False,False
4270,THCA,THCA,THCA,True,True,False,False,False
4271,COAD,COAD,COAD,True,True,False,False,False
4272,KIRC,UCEC,UCEC,False,False,False,False,False
4273,BRCA,DLBC,UCEC,False,False,False,False,True
4274,BRCA,BRCA,BRCA,True,True,False,False,False
4275,STES,OV,LIHC,False,False,False,False,True
4276,BRCA,BRCA,BRCA,True,True,False,False,False
4277,BRCA,BRCA,BRCA,True,True,False,False,False
4278,LUAD,LUAD,LUAD,True,True,False,False,False
4279,KIRC,KIRC,KIRC,True,True,False,False,False
4280,TGCT,TGCT,TGCT,True,True,False,False,False
4281,BRCA,SARC,PRAD,False,False,False,False,True
4282,STES,STES,STES,True,True,False,False,False
4283,SKCM,SKCM,SKCM,True,True,False,False,False
4284,THCA,BRCA,LAML,False,False,False,False,True
4285,LIHC,LIHC,LIHC,True,True,False,False,False
4286,SKCM,SKCM,SKCM,True,True,False,False,False
4287,GBMLGG,GBMLGG,GBMLGG,True,True,False,False,False
4288,UCEC,UCEC,UCEC,True,True,False,False,False
4289,OV,OV,OV,True,True,False,False,False
4290,SKCM,SKCM,SKCM,True,True,False,False,False
4291,GBMLGG,GBMLGG,GBMLGG,True,True,False,False,False
4292,THCA,THCA,THCA,True,True,False,False,False
4293,BRCA,BRCA,BRCA,True,True,False,False,False
4294,BRCA,BRCA,BRCA,True,True,False,False,False
4295,STES,STES,STES,True,True,False,False,False
4296,LGG,LGG,LGG,True,True,False,False,False
4297,BRCA,SARC,PRAD,False,False,False,False,True
4298,HNSC,HNSC,HNSC,True,True,False,False,False
4299,ACC,LIHC,ACC,False,True,True,False,True
4300,PCPG,PCPG,PAAD,True,False,False,True,True
4301,GBMLGG,GBMLGG,GBMLGG,True,True,False,False,False
4302,LUAD,GBMLGG,LUAD,False,True,True,False,True
4303,STES,UCEC,UCEC,False,False,False,False,False
4304,PCPG,PCPG,PCPG,True,True,False,False,False
4305,THYM,BRCA,THCA,False,False,False,False,True
4306,COAD,COAD,COAD,True,True,False,False,False
4307,BRCA,BRCA,BRCA,True,True,False,False,False
4308,PCPG,PCPG,PCPG,True,True,False,False,False
4309,BRCA,BRCA,BRCA,True,True,False,False,False
4310,PCPG,THYM,THYM,False,False,False,False,False
4311,PAAD,HNSC,PAAD,False,True,True,False,True
4312,LUSC,HNSC,HNSC,False,False,False,False,False
4313,SARC,SARC,SARC,True,True,False,False,False
4314,STES,BRCA,THCA,False,False,False,False,True
4315,BRCA,STES,BRCA,False,True,True,False,True
4316,HNSC,STES,LUSC,False,False,False,False,True
4317,KIRC,KIRC,KIRC,True,True,False,False,False
4318,COAD,COAD,COAD,True,True,False,False,False
4319,LUSC,LUSC,HNSC,True,False,False,True,True
4320,PCPG,PCPG,PCPG,True,True,False,False,False
4321,KIRC,KIRC,KIRC,True,True,False,False,False
4322,STES,PAAD,PAAD,False,False,False,False,False
4323,KIPAN,KIPAN,KIPAN,True,True,False,False,False
4324,KIPAN,BRCA,PRAD,False,False,False,False,True
4325,OV,BRCA,UCEC,False,False,False,False,True
4326,SKCM,SKCM,SKCM,True,True,False,False,False
4327,ACC,ACC,ACC,True,True,False,False,False
4328,STES,HNSC,HNSC,False,False,False,False,False
4329,KIRC,KIRC,KIRC,True,True,False,False,False
4330,ACC,ACC,ACC,True,True,False,False,False
4331,THCA,THCA,THCA,True,True,False,False,False
4332,GBMLGG,GBMLGG,GBMLGG,True,True,False,False,False
4333,TGCT,KIPAN,KIPAN,False,False,False,False,False
4334,OV,BRCA,BRCA,False,False,False,False,False
4335,COAD,COAD,COAD,True,True,False,False,False
4336,STES,BRCA,BRCA,False,False,False,False,False
4337,STES,BLCA,BLCA,False,False,False,False,False
4338,LAML,LAML,LAML,True,True,False,False,False
4339,LUAD,LUAD,LUAD,True,True,False,False,False
4340,SKCM,SKCM,SKCM,True,True,False,False,False
4341,HNSC,HNSC,HNSC,True,True,False,False,False
4342,BRCA,KIPAN,KIPAN,False,False,False,False,False
4343,LUSC,LUSC,LUSC,True,True,False,False,False
4344,BRCA,BRCA,BRCA,True,True,False,False,False
4345,COAD,COAD,COAD,True,True,False,False,False
4346,THCA,THCA,THCA,True,True,False,False,False
4347,LUSC,LUAD,LUAD,False,False,False,False,False
4348,KIPAN,KIPAN,KIPAN,True,True,False,False,False
4349,THCA,THCA,PRAD,True,False,False,True,True
4350,LIHC,THYM,THYM,False,False,False,False,False
4351,KIPAN,OV,OV,False,False,False,False,False
4352,GBMLGG,GBMLGG,GBMLGG,True,True,False,False,False
4353,THCA,THYM,THCA,False,True,True,False,True
4354,CESC,PCPG,THCA,False,False,False,False,True
4355,PRAD,SARC,SARC,False,False,False,False,False
4356,KIRC,KIRC,KIRC,True,True,False,False,False
4357,ACC,ACC,ACC,True,True,False,False,False
4358,KIPAN,TGCT,KIPAN,False,True,True,False,True
4359,OV,OV,OV,True,True,False,False,False
4360,KIRC,KIRC,KIRC,True,True,False,False,False
4361,UCEC,BRCA,BRCA,False,False,False,False,False
4362,LAML,LGG,OV,False,False,False,False,True
4363,GBMLGG,LGG,LGG,False,False,False,False,False
4364,PRAD,BRCA,BRCA,False,False,False,False,False
4365,BLCA,BLCA,BLCA,True,True,False,False,False
4366,GBMLGG,GBMLGG,GBMLGG,True,True,False,False,False
4367,LUSC,LUSC,LUSC,True,True,False,False,False
4368,LUAD,BRCA,BRCA,False,False,False,False,False
4369,KIPAN,KIPAN,KIPAN,True,True,False,False,False
4370,BRCA,BRCA,BRCA,True,True,False,False,False
4371,STES,STES,STES,True,True,False,False,False
4372,OV,OV,OV,True,True,False,False,False
4373,KIRC,KIRC,KIPAN,True,False,False,True,True
4374,OV,BRCA,LAML,False,False,False,False,True
4375,KIRC,KIRC,KIRC,True,True,False,False,False
4376,GBMLGG,LGG,LGG,False,False,False,False,False
4377,KIPAN,KIPAN,KIPAN,True,True,False,False,False
4378,KIPAN,KIPAN,KIPAN,True,True,False,False,False
4379,HNSC,LUSC,HNSC,False,True,True,False,True
4380,SARC,BRCA,SARC,False,True,True,False,True
4381,BRCA,BRCA,BRCA,True,True,False,False,False
4382,BRCA,STES,SARC,False,False,False,False,True
4383,BLCA,BLCA,CESC,True,False,False,True,True
4384,LUAD,LUAD,LUAD,True,True,False,False,False
4385,CESC,UCEC,STES,False,False,False,False,True
4386,LGG,LGG,LGG,True,True,False,False,False
4387,SARC,GBMLGG,SARC,False,True,True,False,True
4388,BRCA,BRCA,LUSC,True,False,False,True,True
4389,THCA,THYM,THYM,False,False,False,False,False
4390,KIPAN,KIPAN,KIPAN,True,True,False,False,False
4391,UCEC,SARC,SARC,False,False,False,False,False
4392,GBMLGG,GBMLGG,GBMLGG,True,True,False,False,False
4393,BRCA,BRCA,BRCA,True,True,False,False,False
4394,KIPAN,KIPAN,KIPAN,True,True,False,False,False
4395,THCA,BRCA,BRCA,False,False,False,False,False
4396,BRCA,PCPG,PCPG,False,False,False,False,False
4397,KIPAN,KIRC,KIRC,False,False,False,False,False
4398,KIPAN,TGCT,TGCT,False,False,False,False,False
4399,BRCA,BRCA,BRCA,True,True,False,False,False
4400,LUSC,LUSC,CESC,True,False,False,True,True
4401,KIPAN,KIRC,KIPAN,False,True,True,False,True
4402,STES,STES,STES,True,True,False,False,False
4403,KIPAN,KIPAN,KIPAN,True,True,False,False,False
4404,GBMLGG,LGG,LGG,False,False,False,False,False
4405,OV,OV,OV,True,True,False,False,False
4406,OV,BRCA,BRCA,False,False,False,False,False
4407,PCPG,PRAD,THCA,False,False,False,False,True
4408,GBMLGG,GBMLGG,GBMLGG,True,True,False,False,False
4409,LUSC,LUSC,LUSC,True,True,False,False,False
4410,KIPAN,KIPAN,KIPAN,True,True,False,False,False
4411,SARC,SARC,BRCA,True,False,False,True,True
4412,PRAD,BRCA,PRAD,False,True,True,False,True
4413,HNSC,STES,OV,False,False,False,False,True
4414,BRCA,BRCA,BRCA,True,True,False,False,False
4415,GBMLGG,LGG,LGG,False,False,False,False,False
4416,THCA,THCA,THCA,True,True,False,False,False
4417,STES,STES,STES,True,True,False,False,False
4418,THYM,THYM,THYM,True,True,False,False,False
4419,STES,STES,STES,True,True,False,False,False
4420,BRCA,BRCA,BRCA,True,True,False,False,False
4421,BRCA,THYM,THYM,False,False,False,False,False
4422,STES,STES,STES,True,True,False,False,False
4423,GBMLGG,PCPG,THYM,False,False,False,False,True
4424,BLCA,HNSC,HNSC,False,False,False,False,False
4425,LIHC,KIPAN,KIRC,False,False,False,False,True
4426,SARC,OV,OV,False,False,False,False,False
4427,OV,OV,OV,True,True,False,False,False
4428,OV,COAD,COAD,False,False,False,False,False
4429,KIRC,GBMLGG,GBMLGG,False,False,False,False,False
4430,BRCA,KIPAN,KIPAN,False,False,False,False,False
4431,HNSC,BRCA,BRCA,False,False,False,False,False
4432,KIRC,KIRC,KIRC,True,True,False,False,False
4433,KIPAN,THCA,THCA,False,False,False,False,False
4434,STES,HNSC,HNSC,False,False,False,False,False
4435,LAML,LAML,LAML,True,True,False,False,False
4436,STES,HNSC,STES,False,True,True,False,True
4437,GBMLGG,BRCA,GBMLGG,False,True,True,False,True
4438,KIPAN,KIPAN,KIPAN,True,True,False,False,False
4439,KIPAN,KIPAN,LIHC,True,False,False,True,True
4440,BRCA,BRCA,BRCA,True,True,False,False,False
4441,KIPAN,KIPAN,KIPAN,True,True,False,False,False
4442,TGCT,TGCT,TGCT,True,True,False,False,False
4443,BRCA,BRCA,OV,True,False,False,True,True
4444,PRAD,PRAD,PRAD,True,True,False,False,False
4445,SARC,OV,OV,False,False,False,False,False
4446,PAAD,CESC,CESC,False,False,False,False,False
4447,LUAD,LUAD,TGCT,True,False,False,True,True
4448,BRCA,BRCA,BRCA,True,True,False,False,False
4449,COAD,COAD,COAD,True,True,False,False,False
4450,LIHC,LIHC,LIHC,True,True,False,False,False
4451,KIPAN,KIPAN,KIPAN,True,True,False,False,False
4452,GBMLGG,LGG,GBMLGG,False,True,True,False,True
4453,LAML,THCA,THCA,False,False,False,False,False
4454,LUAD,LUAD,LUAD,True,True,False,False,False
4455,KIPAN,LIHC,LIHC,False,False,False,False,False
4456,BRCA,STES,STES,False,False,False,False,False
4457,LIHC,LIHC,KIPAN,True,False,False,True,True
4458,PCPG,PRAD,PRAD,False,False,False,False,False
4459,OV,OV,OV,True,True,False,False,False
4460,LUAD,LUAD,LUAD,True,True,False,False,False
4461,BRCA,BRCA,BRCA,True,True,False,False,False
4462,PRAD,PRAD,PRAD,True,True,False,False,False
4463,LUSC,STES,STES,False,False,False,False,False
4464,COAD,COAD,COAD,True,True,False,False,False
4465,SARC,BRCA,OV,False,False,False,False,True
4466,LAML,LAML,LAML,True,True,False,False,False
4467,PCPG,THYM,THYM,False,False,False,False,False
4468,LAML,PRAD,THCA,False,False,False,False,True
4469,BRCA,BLCA,BLCA,False,False,False,False,False
4470,KIRC,KIRC,KIRC,True,True,False,False,False
4471,THCA,PRAD,PRAD,False,False,False,False,False
4472,LUSC,LUSC,LUSC,True,True,False,False,False
4473,KIPAN,KIPAN,KIPAN,True,True,False,False,False
4474,ACC,ACC,ACC,True,True,False,False,False
4475,BRCA,PAAD,STES,False,False,False,False,True
4476,HNSC,KIRC,KIRC,False,False,False,False,False
4477,KIPAN,KIRC,KIRC,False,False,False,False,False
4478,PAAD,OV,OV,False,False,False,False,False
4479,LGG,GBMLGG,GBMLGG,False,False,False,False,False
4480,BLCA,BLCA,BLCA,True,True,False,False,False
4481,BRCA,BRCA,BRCA,True,True,False,False,False
4482,LAML,LAML,BRCA,True,False,False,True,True
4483,LGG,GBMLGG,GBMLGG,False,False,False,False,False
4484,BRCA,OV,OV,False,False,False,False,False
4485,UCEC,UCEC,UCEC,True,True,False,False,False
4486,BRCA,BRCA,OV,True,False,False,True,True
4487,UCEC,LIHC,STES,False,False,False,False,True
4488,OV,OV,OV,True,True,False,False,False
4489,THCA,THCA,THCA,True,True,False,False,False
4490,KIPAN,KIPAN,KIPAN,True,True,False,False,False
4491,OV,STES,HNSC,False,False,False,False,True
4492,GBMLGG,GBMLGG,SARC,True,False,False,True,True
4493,KIPAN,KIPAN,KIPAN,True,True,False,False,False
4494,GBMLGG,KIPAN,KIPAN,False,False,False,False,False
4495,GBMLGG,GBMLGG,GBMLGG,True,True,False,False,False
4496,STES,STES,COAD,True,False,False,True,True
4497,PAAD,HNSC,HNSC,False,False,False,False,False
4498,OV,OV,OV,True,True,False,False,False
4499,BRCA,BRCA,LUAD,True,False,False,True,True
4500,THCA,BRCA,BRCA,False,False,False,False,False
4501,BRCA,BRCA,BRCA,True,True,False,False,False
4502,BRCA,BRCA,PRAD,True,False,False,True,True
4503,KIPAN,LIHC,PAAD,False,False,False,False,True
4504,KIPAN,PRAD,PRAD,False,False,False,False,False
4505,KIRC,KIRC,KIRC,True,True,False,False,False
4506,BRCA,BRCA,BRCA,True,True,False,False,False
4507,LAML,LAML,LAML,True,True,False,False,False
4508,ACC,ACC,ACC,True,True,False,False,False
4509,LUAD,BRCA,SARC,False,False,False,False,True
4510,TGCT,TGCT,TGCT,True,True,False,False,False
4511,KIRC,KIRC,KIRC,True,True,False,False,False
4512,KIPAN,KIPAN,KIPAN,True,True,False,False,False
4513,BRCA,LUSC,LUAD,False,False,False,False,True
4514,CESC,CESC,CESC,True,True,False,False,False
4515,PCPG,PCPG,PCPG,True,True,False,False,False
4516,OV,OV,OV,True,True,False,False,False
4517,KIPAN,KIPAN,KIPAN,True,True,False,False,False
4518,LGG,GBMLGG,GBMLGG,False,False,False,False,False
4519,KIPAN,KIPAN,KIPAN,True,True,False,False,False
4520,LIHC,LIHC,LIHC,True,True,False,False,False
4521,THCA,PCPG,PCPG,False,False,False,False,False
4522,CESC,CESC,UCEC,True,False,False,True,True
4523,BLCA,STES,STES,False,False,False,False,False
4524,KIRC,KIRC,KIRC,True,True,False,False,False
4525,PRAD,PRAD,PRAD,True,True,False,False,False
4526,THCA,SARC,SARC,False,False,False,False,False
4527,LUSC,HNSC,LUSC,False,True,True,False,True
4528,KIPAN,KIPAN,KIPAN,True,True,False,False,False
4529,PRAD,BRCA,BRCA,False,False,False,False,False
4530,GBMLGG,GBMLGG,GBMLGG,True,True,False,False,False
4531,BRCA,OV,OV,False,False,False,False,False
4532,STES,STES,HNSC,True,False,False,True,True
4533,KIPAN,KIPAN,KIPAN,True,True,False,False,False
4534,CESC,CESC,CESC,True,True,False,False,False
4535,LUAD,BRCA,CESC,False,False,False,False,True
4536,LUAD,LUSC,LUSC,False,False,False,False,False
4537,PAAD,LIHC,STES,False,False,False,False,True
4538,KIPAN,PRAD,UCEC,False,False,False,False,True
4539,KIRC,CESC,LUSC,False,False,False,False,True
4540,CESC,BLCA,BLCA,False,False,False,False,False
4541,CESC,STES,STES,False,False,False,False,False
4542,SARC,OV,OV,False,False,False,False,False
4543,SKCM,SKCM,SKCM,True,True,False,False,False
4544,PRAD,PCPG,THCA,False,False,False,False,True
4545,LGG,LGG,LGG,True,True,False,False,False
4546,GBMLGG,GBMLGG,GBMLGG,True,True,False,False,False
4547,KIPAN,KIPAN,KIPAN,True,True,False,False,False
4548,GBMLGG,GBMLGG,GBMLGG,True,True,False,False,False
4549,CESC,SARC,BRCA,False,False,False,False,True
4550,GBMLGG,LGG,LGG,False,False,False,False,False
4551,THCA,THCA,THCA,True,True,False,False,False
4552,KIRC,KIPAN,PRAD,False,False,False,False,True
4553,GBMLGG,GBMLGG,GBMLGG,True,True,False,False,False
4554,KIPAN,KIPAN,KIPAN,True,True,False,False,False
4555,SKCM,BRCA,SKCM,False,True,True,False,True
4556,KIPAN,KIPAN,KIPAN,True,True,False,False,False
4557,PRAD,SARC,PRAD,False,True,True,False,True
4558,GBMLGG,KIPAN,KIPAN,False,False,False,False,False
4559,GBMLGG,GBMLGG,GBMLGG,True,True,False,False,False
4560,GBMLGG,PRAD,PRAD,False,False,False,False,False
4561,OV,BRCA,BRCA,False,False,False,False,False
4562,GBMLGG,GBMLGG,GBMLGG,True,True,False,False,False
4563,KIRC,KIRC,KIPAN,True,False,False,True,True
4564,TGCT,TGCT,TGCT,True,True,False,False,False
4565,GBMLGG,GBMLGG,GBMLGG,True,True,False,False,False
4566,LAML,PCPG,PCPG,False,False,False,False,False
4567,SKCM,THCA,THCA,False,False,False,False,False
4568,STES,STES,STES,True,True,False,False,False
4569,LGG,LGG,LGG,True,True,False,False,False
4570,PAAD,PAAD,PAAD,True,True,False,False,False
4571,KIRC,KIRC,KIRC,True,True,False,False,False
4572,STES,THYM,THYM,False,False,False,False,False
4573,KIRC,KIRC,KIRC,True,True,False,False,False
4574,KIPAN,KIPAN,KIPAN,True,True,False,False,False
4575,COAD,COAD,COAD,True,True,False,False,False
4576,ACC,ACC,ACC,True,True,False,False,False
4577,SKCM,SKCM,SKCM,True,True,False,False,False
4578,HNSC,HNSC,HNSC,True,True,False,False,False
4579,THCA,THYM,THYM,False,False,False,False,False
4580,BLCA,HNSC,HNSC,False,False,False,False,False
4581,BRCA,BRCA,BRCA,True,True,False,False,False
4582,THCA,THCA,THCA,True,True,False,False,False
4583,BRCA,BRCA,BRCA,True,True,False,False,False
4584,GBMLGG,GBMLGG,GBMLGG,True,True,False,False,False
4585,LIHC,LIHC,LIHC,True,True,False,False,False
4586,GBMLGG,GBMLGG,GBMLGG,True,True,False,False,False
4587,STES,STES,STES,True,True,False,False,False
4588,SKCM,SKCM,SKCM,True,True,False,False,False
4589,GBMLGG,LGG,GBMLGG,False,True,True,False,True
4590,COAD,COAD,COAD,True,True,False,False,False
4591,LUAD,LUAD,LUAD,True,True,False,False,False
4592,LGG,LGG,LGG,True,True,False,False,False
4593,BLCA,BLCA,LUSC,True,False,False,True,True
4594,BRCA,BRCA,BRCA,True,True,False,False,False
4595,SKCM,SKCM,SKCM,True,True,False,False,False
4596,GBMLGG,BRCA,GBMLGG,False,True,True,False,True
4597,PCPG,PCPG,PCPG,True,True,False,False,False
4598,KIRC,KIRC,KIRC,True,True,False,False,False
4599,PAAD,PAAD,PAAD,True,True,False,False,False
4600,COAD,COAD,COAD,True,True,False,False,False
4601,THCA,PRAD,PRAD,False,False,False,False,False
4602,SARC,THCA,THCA,False,False,False,False,False
4603,GBMLGG,GBMLGG,GBMLGG,True,True,False,False,False
4604,BRCA,PRAD,PRAD,False,False,False,False,False
4605,KIRC,KIPAN,SARC,False,False,False,False,True
4606,TGCT,TGCT,TGCT,True,True,False,False,False
4607,BRCA,BRCA,LAML,True,False,False,True,True
4608,COAD,COAD,COAD,True,True,False,False,False
4609,BRCA,BRCA,BRCA,True,True,False,False,False
4610,GBMLGG,GBMLGG,GBMLGG,True,True,False,False,False
4611,STES,STES,STES,True,True,False,False,False
4612,BRCA,SKCM,SKCM,False,False,False,False,False
4613,LGG,GBMLGG,GBMLGG,False,False,False,False,False
4614,GBMLGG,LGG,LGG,False,False,False,False,False
4615,HNSC,STES,BRCA,False,False,False,False,True
4616,THYM,THCA,PRAD,False,False,False,False,True
4617,HNSC,BRCA,LAML,False,False,False,False,True
4618,PCPG,PCPG,PCPG,True,True,False,False,False
4619,OV,KIPAN,KIPAN,False,False,False,False,False
4620,GBMLGG,GBMLGG,GBMLGG,True,True,False,False,False
4621,STES,LUSC,STES,False,True,True,False,True
4622,LIHC,LUAD,LIHC,False,True,True,False,True
4623,UCEC,UCEC,UCEC,True,True,False,False,False
4624,UCEC,UCEC,UCEC,True,True,False,False,False
4625,SKCM,SKCM,SKCM,True,True,False,False,False
4626,LUSC,LUSC,COAD,True,False,False,True,True
4627,COAD,COAD,COAD,True,True,False,False,False
4628,LAML,LAML,LAML,True,True,False,False,False
4629,LIHC,LUSC,LUSC,False,False,False,False,False
4630,LIHC,STES,STES,False,False,False,False,False
4631,SARC,SARC,GBMLGG,True,False,False,True,True
4632,KIPAN,KIPAN,KIPAN,True,True,False,False,False
4633,BRCA,BRCA,BRCA,True,True,False,False,False
4634,LGG,LGG,LGG,True,True,False,False,False
4635,KIPAN,KIPAN,KIPAN,True,True,False,False,False
4636,OV,OV,OV,True,True,False,False,False
4637,BRCA,BRCA,BRCA,True,True,False,False,False
4638,KIPAN,OV,OV,False,False,False,False,False
4639,SARC,KIPAN,SARC,False,True,True,False,True
4640,OV,OV,OV,True,True,False,False,False
4641,OV,BRCA,BRCA,False,False,False,False,False
4642,KIPAN,KIPAN,KIPAN,True,True,False,False,False
4643,KIPAN,SARC,SARC,False,False,False,False,False
4644,LGG,LGG,LGG,True,True,False,False,False
4645,KIPAN,KIPAN,KIPAN,True,True,False,False,False
4646,DLBC,SARC,SARC,False,False,False,False,False
4647,SKCM,GBMLGG,GBMLGG,False,False,False,False,False
4648,LGG,LGG,LGG,True,True,False,False,False
4649,STES,LUAD,LUAD,False,False,False,False,False
4650,BRCA,BLCA,BRCA,False,True,True,False,True
4651,PRAD,PCPG,PCPG,False,False,False,False,False
4652,LGG,LGG,LGG,True,True,False,False,False
4653,BRCA,BRCA,BRCA,True,True,False,False,False
4654,GBMLGG,GBMLGG,GBMLGG,True,True,False,False,False
4655,LGG,THYM,THYM,False,False,False,False,False
4656,COAD,STES,STES,False,False,False,False,False
4657,BLCA,LIHC,LIHC,False,False,False,False,False
4658,THYM,LAML,LAML,False,False,False,False,False
4659,TGCT,TGCT,TGCT,True,True,False,False,False
4660,KIPAN,KIRC,KIRC,False,False,False,False,False
4661,LUSC,STES,STES,False,False,False,False,False
4662,GBMLGG,GBMLGG,UCEC,True,False,False,True,True
4663,LUSC,LUSC,STES,True,False,False,True,True
4664,UCEC,GBMLGG,BRCA,False,False,False,False,True
4665,SKCM,SKCM,SKCM,True,True,False,False,False
4666,BRCA,LIHC,LIHC,False,False,False,False,False
4667,DLBC,STES,HNSC,False,False,False,False,True
4668,GBMLGG,GBMLGG,GBMLGG,True,True,False,False,False
4669,STES,STES,STES,True,True,False,False,False
4670,KIRC,KIRC,KIRC,True,True,False,False,False
4671,LGG,GBMLGG,GBMLGG,False,False,False,False,False
4672,KIRC,KIPAN,PRAD,False,False,False,False,True
4673,BRCA,BRCA,BRCA,True,True,False,False,False
4674,LUSC,LUSC,LUSC,True,True,False,False,False
4675,STES,STES,STES,True,True,False,False,False
4676,LAML,LAML,OV,True,False,False,True,True
4677,THCA,THCA,THCA,True,True,False,False,False
4678,KIPAN,KIPAN,KIPAN,True,True,False,False,False
4679,KIPAN,GBMLGG,LUAD,False,False,False,False,True
4680,SKCM,SKCM,SKCM,True,True,False,False,False
4681,SARC,GBMLGG,LIHC,False,False,False,False,True
4682,OV,HNSC,OV,False,True,True,False,True
4683,SKCM,SKCM,SKCM,True,True,False,False,False
4684,OV,OV,OV,True,True,False,False,False
4685,GBMLGG,GBMLGG,GBMLGG,True,True,False,False,False
4686,THYM,THYM,THYM,True,True,False,False,False
4687,KIPAN,KIPAN,KIPAN,True,True,False,False,False
4688,OV,PRAD,THCA,False,False,False,False,True
4689,SARC,SARC,SARC,True,True,False,False,False
4690,STES,STES,HNSC,True,False,False,True,True
4691,KIRC,KIRC,KIPAN,True,False,False,True,True
4692,BRCA,PRAD,PRAD,False,False,False,False,False
4693,OV,LUAD,OV,False,True,True,False,True
4694,LGG,GBMLGG,GBMLGG,False,False,False,False,False
4695,LGG,GBMLGG,GBMLGG,False,False,False,False,False
4696,THCA,PCPG,PCPG,False,False,False,False,False
4697,GBMLGG,GBMLGG,GBMLGG,True,True,False,False,False
4698,SKCM,SKCM,SKCM,True,True,False,False,False
4699,SARC,SARC,SARC,True,True,False,False,False
4700,THCA,THCA,THCA,True,True,False,False,False
4701,BRCA,BRCA,BRCA,True,True,False,False,False
4702,COAD,COAD,COAD,True,True,False,False,False
4703,SKCM,SKCM,SKCM,True,True,False,False,False
4704,TGCT,THYM,LAML,False,False,False,False,True
4705,LUAD,SARC,SARC,False,False,False,False,False
4706,OV,OV,OV,True,True,False,False,False
4707,HNSC,BRCA,BRCA,False,False,False,False,False
4708,GBMLGG,GBMLGG,GBMLGG,True,True,False,False,False
4709,HNSC,LUSC,LUSC,False,False,False,False,False
4710,BRCA,BRCA,BRCA,True,True,False,False,False
4711,KIRC,KIRC,KIRC,True,True,False,False,False
4712,STES,STES,STES,True,True,False,False,False
4713,KIPAN,KIPAN,KIPAN,True,True,False,False,False
4714,CESC,SARC,SARC,False,False,False,False,False
4715,LUAD,HNSC,HNSC,False,False,False,False,False
4716,BRCA,LUAD,LUAD,False,False,False,False,False
4717,KIPAN,KIPAN,KIPAN,True,True,False,False,False
4718,THCA,THCA,THCA,True,True,False,False,False
4719,PCPG,KIPAN,KIPAN,False,False,False,False,False
4720,KIPAN,KIRC,KIRC,False,False,False,False,False
4721,BRCA,BRCA,BRCA,True,True,False,False,False
4722,COAD,COAD,COAD,True,True,False,False,False
4723,SARC,OV,OV,False,False,False,False,False
4724,BLCA,BLCA,BLCA,True,True,False,False,False
4725,PAAD,STES,PAAD,False,True,True,False,True
4726,LGG,LGG,LGG,True,True,False,False,False
4727,GBMLGG,GBMLGG,GBMLGG,True,True,False,False,False
4728,THCA,THCA,THCA,True,True,False,False,False
4729,SKCM,SKCM,SKCM,True,True,False,False,False
4730,THCA,THCA,THCA,True,True,False,False,False
4731,UCEC,UCEC,UCEC,True,True,False,False,False
4732,LUAD,LUAD,LUAD,True,True,False,False,False
4733,OV,OV,OV,True,True,False,False,False
4734,GBMLGG,GBMLGG,GBMLGG,True,True,False,False,False
4735,COAD,COAD,COAD,True,True,False,False,False
4736,HNSC,HNSC,HNSC,True,True,False,False,False
4737,KIPAN,KIPAN,KIPAN,True,True,False,False,False
4738,KIPAN,KIPAN,KIPAN,True,True,False,False,False
4739,STES,STES,LUAD,True,False,False,True,True
4740,LAML,PCPG,PCPG,False,False,False,False,False
4741,GBMLGG,GBMLGG,GBMLGG,True,True,False,False,False
4742,LUSC,HNSC,LUAD,False,False,False,False,True
4743,CESC,BRCA,CESC,False,True,True,False,True
4744,LUSC,LUSC,LUAD,True,False,False,True,True
4745,SKCM,KIRC,KIRC,False,False,False,False,False
4746,THCA,THCA,THCA,True,True,False,False,False
4747,THYM,LAML,PCPG,False,False,False,False,True
4748,COAD,STES,STES,False,False,False,False,False
4749,SKCM,SKCM,SKCM,True,True,False,False,False
4750,LIHC,KIPAN,BRCA,False,False,False,False,True
4751,KIRC,KIRC,KIRC,True,True,False,False,False
4752,BRCA,BRCA,BRCA,True,True,False,False,False
4753,UCEC,GBMLGG,GBMLGG,False,False,False,False,False
4754,CESC,CESC,CESC,True,True,False,False,False
4755,BRCA,BRCA,BRCA,True,True,False,False,False
4756,CESC,PCPG,THCA,False,False,False,False,True
4757,UCEC,SARC,SARC,False,False,False,False,False
4758,THYM,LAML,SARC,False,False,False,False,True
4759,UCEC,UCEC,UCEC,True,True,False,False,False
4760,STES,STES,HNSC,True,False,False,True,True
4761,KIRC,KIRC,KIRC,True,True,False,False,False
4762,THCA,THCA,THCA,True,True,False,False,False
4763,DLBC,BRCA,BRCA,False,False,False,False,False
4764,STES,LUSC,LUSC,False,False,False,False,False
4765,STES,STES,STES,True,True,False,False,False
4766,LUAD,LUAD,LUAD,True,True,False,False,False
4767,LUAD,STES,LUAD,False,True,True,False,True
4768,HNSC,PAAD,PAAD,False,False,False,False,False
4769,THCA,THCA,THCA,True,True,False,False,False
4770,THCA,THCA,THCA,True,True,False,False,False
4771,LUSC,LUSC,STES,True,False,False,True,True
4772,OV,OV,OV,True,True,False,False,False
4773,SKCM,SKCM,SKCM,True,True,False,False,False
4774,BRCA,PRAD,PRAD,False,False,False,False,False
4775,LIHC,LUSC,LUSC,False,False,False,False,False
4776,KIRC,KIRC,KIRC,True,True,False,False,False
4777,KIRC,BRCA,BRCA,False,False,False,False,False
4778,SKCM,THCA,THCA,False,False,False,False,False
4779,TGCT,GBMLGG,TGCT,False,True,True,False,True
4780,THYM,BRCA,LAML,False,False,False,False,True
4781,BRCA,BLCA,BLCA,False,False,False,False,False
4782,BRCA,THYM,LAML,False,False,False,False,True
4783,GBMLGG,GBMLGG,GBMLGG,True,True,False,False,False
4784,STES,STES,STES,True,True,False,False,False
4785,BRCA,KIPAN,KIPAN,False,False,False,False,False
4786,SKCM,SKCM,SKCM,True,True,False,False,False
4787,LGG,PRAD,PCPG,False,False,False,False,True
4788,THCA,THYM,THYM,False,False,False,False,False
4789,KIPAN,KIPAN,KIPAN,True,True,False,False,False
4790,PAAD,PAAD,PAAD,True,True,False,False,False
4791,BRCA,BRCA,BRCA,True,True,False,False,False
4792,LIHC,SARC,SARC,False,False,False,False,False
4793,KIPAN,KIPAN,KIRC,True,False,False,True,True
4794,KIPAN,KIPAN,KIPAN,True,True,False,False,False
4795,PCPG,THYM,THYM,False,False,False,False,False
4796,SKCM,SKCM,SKCM,True,True,False,False,False
4797,LAML,OV,OV,False,False,False,False,False
4798,PCPG,PCPG,BRCA,True,False,False,True,True
4799,LUSC,STES,STES,False,False,False,False,False
4800,LIHC,LIHC,LIHC,True,True,False,False,False
4801,LIHC,GBMLGG,LIHC,False,True,True,False,True
4802,BRCA,BRCA,LIHC,True,False,False,True,True
4803,LGG,LGG,LGG,True,True,False,False,False
4804,LUSC,LUSC,BLCA,True,False,False,True,True
4805,STES,STES,STES,True,True,False,False,False
4806,DLBC,DLBC,DLBC,True,True,False,False,False
4807,SARC,GBMLGG,UCEC,False,False,False,False,True
4808,SKCM,SKCM,SKCM,True,True,False,False,False
4809,SKCM,LGG,LGG,False,False,False,False,False
4810,THCA,THCA,THCA,True,True,False,False,False
4811,PRAD,PRAD,PRAD,True,True,False,False,False
4812,STES,STES,LIHC,True,False,False,True,True
4813,BRCA,LIHC,LIHC,False,False,False,False,False
4814,LUAD,LUSC,LIHC,False,False,False,False,True
4815,HNSC,OV,OV,False,False,False,False,False
4816,LIHC,UCEC,UCEC,False,False,False,False,False
4817,BRCA,BRCA,BRCA,True,True,False,False,False
4818,BRCA,BRCA,BRCA,True,True,False,False,False
4819,THCA,THCA,THCA,True,True,False,False,False
4820,SKCM,SKCM,SKCM,True,True,False,False,False
4821,HNSC,OV,OV,False,False,False,False,False
4822,LIHC,STES,LIHC,False,True,True,False,True
4823,KIPAN,THYM,THYM,False,False,False,False,False
4824,GBMLGG,PAAD,PAAD,False,False,False,False,False
4825,BRCA,BRCA,BRCA,True,True,False,False,False
4826,TGCT,TGCT,TGCT,True,True,False,False,False
4827,PRAD,PRAD,PRAD,True,True,False,False,False
4828,LGG,GBMLGG,GBMLGG,False,False,False,False,False
4829,GBMLGG,GBMLGG,GBMLGG,True,True,False,False,False
4830,TGCT,TGCT,TGCT,True,True,False,False,False
4831,CESC,HNSC,LIHC,False,False,False,False,True
4832,PAAD,PAAD,PAAD,True,True,False,False,False
4833,BLCA,HNSC,HNSC,False,False,False,False,False
4834,LIHC,GBMLGG,GBMLGG,False,False,False,False,False
4835,ACC,KIPAN,KIRC,False,False,False,False,True
4836,THCA,THCA,THCA,True,True,False,False,False
4837,GBMLGG,GBMLGG,GBMLGG,True,True,False,False,False
4838,THCA,THCA,THCA,True,True,False,False,False
4839,LAML,LAML,LAML,True,True,False,False,False
4840,TGCT,TGCT,TGCT,True,True,False,False,False
4841,KIPAN,BRCA,BRCA,False,False,False,False,False
4842,BRCA,BRCA,BRCA,True,True,False,False,False
4843,UCEC,UCEC,STES,True,False,False,True,True
4844,GBMLGG,LGG,LGG,False,False,False,False,False
4845,BRCA,BRCA,BRCA,True,True,False,False,False
4846,LAML,PRAD,THCA,False,False,False,False,True
4847,KIPAN,KIPAN,KIPAN,True,True,False,False,False
4848,KIPAN,KIPAN,KIPAN,True,True,False,False,False
4849,KIPAN,KIPAN,KIPAN,True,True,False,False,False
4850,GBMLGG,BRCA,BRCA,False,False,False,False,False
4851,LUSC,LUSC,LUSC,True,True,False,False,False
4852,SARC,GBMLGG,GBMLGG,False,False,False,False,False
4853,COAD,COAD,COAD,True,True,False,False,False
4854,BRCA,PCPG,THCA,False,False,False,False,True
4855,KIPAN,KIPAN,KIPAN,True,True,False,False,False
4856,STES,GBMLGG,GBMLGG,False,False,False,False,False
4857,GBMLGG,GBMLGG,GBMLGG,True,True,False,False,False
4858,PRAD,PRAD,PRAD,True,True,False,False,False
4859,SARC,BRCA,BRCA,False,False,False,False,False
4860,LUAD,LUAD,LUAD,True,True,False,False,False
4861,OV,OV,OV,True,True,False,False,False
4862,CESC,CESC,CESC,True,True,False,False,False
4863,ACC,STES,STES,False,False,False,False,False
4864,SKCM,SKCM,SKCM,True,True,False,False,False
4865,STES,HNSC,STES,False,True,True,False,True
4866,THCA,THCA,PCPG,True,False,False,True,True
4867,GBMLGG,LGG,LGG,False,False,False,False,False
4868,TGCT,TGCT,TGCT,True,True,False,False,False
4869,GBMLGG,GBMLGG,GBMLGG,True,True,False,False,False
4870,HNSC,HNSC,HNSC,True,True,False,False,False
4871,LGG,BRCA,LIHC,False,False,False,False,True
4872,HNSC,HNSC,HNSC,True,True,False,False,False
4873,BRCA,COAD,UCEC,False,False,False,False,True
4874,HNSC,HNSC,HNSC,True,True,False,False,False
4875,STES,LUSC,STES,False,True,True,False,True
4876,PRAD,PRAD,PRAD,True,True,False,False,False
4877,OV,OV,OV,True,True,False,False,False
4878,DLBC,DLBC,DLBC,True,True,False,False,False
4879,LAML,THYM,THYM,False,False,False,False,False
4880,BRCA,BRCA,STES,True,False,False,True,True
4881,KIPAN,PRAD,PRAD,False,False,False,False,False
4882,THCA,THCA,THCA,True,True,False,False,False
4883,STES,STES,STES,True,True,False,False,False
4884,GBMLGG,LGG,LGG,False,False,False,False,False
4885,BRCA,PRAD,PCPG,False,False,False,False,True
4886,COAD,COAD,STES,True,False,False,True,True
4887,KIRC,KIRC,KIRC,True,True,False,False,False
4888,BRCA,BRCA,BRCA,True,True,False,False,False
4889,GBMLGG,STES,STES,False,False,False,False,False
4890,BRCA,BRCA,BRCA,True,True,False,False,False
4891,LGG,GBMLGG,LGG,False,True,True,False,True
4892,LUAD,BRCA,PRAD,False,False,False,False,True
4893,KIRC,PRAD,PRAD,False,False,False,False,False
4894,KIRC,KIRC,KIRC,True,True,False,False,False
4895,SARC,PRAD,PRAD,False,False,False,False,False
4896,CESC,CESC,CESC,True,True,False,False,False
4897,LGG,LGG,LGG,True,True,False,False,False
4898,KIPAN,KIPAN,KIPAN,True,True,False,False,False
4899,THCA,THCA,THCA,True,True,False,False,False
4900,COAD,COAD,COAD,True,True,False,False,False
4901,GBMLGG,BRCA,KIRC,False,False,False,False,True
4902,SKCM,SARC,SARC,False,False,False,False,False
4903,BRCA,BRCA,KIPAN,True,False,False,True,True
4904,THCA,THYM,THYM,False,False,False,False,False
4905,UCEC,UCEC,UCEC,True,True,False,False,False
4906,DLBC,PRAD,PCPG,False,False,False,False,True
4907,PRAD,PRAD,PRAD,True,True,False,False,False
4908,COAD,COAD,COAD,True,True,False,False,False
4909,CESC,PCPG,PCPG,False,False,False,False,False
4910,THCA,THCA,THCA,True,True,False,False,False
4911,BRCA,CESC,CESC,False,False,False,False,False
4912,KIRC,TGCT,TGCT,False,False,False,False,False
4913,STES,COAD,COAD,False,False,False,False,False
4914,COAD,COAD,COAD,True,True,False,False,False
4915,HNSC,STES,STES,False,False,False,False,False
4916,GBMLGG,GBMLGG,GBMLGG,True,True,False,False,False
4917,THYM,CESC,CESC,False,False,False,False,False
4918,TGCT,KIPAN,KIPAN,False,False,False,False,False
4919,COAD,COAD,COAD,True,True,False,False,False
4920,GBMLGG,STES,COAD,False,False,False,False,True
4921,SARC,SARC,BRCA,True,False,False,True,True
4922,BLCA,GBMLGG,GBMLGG,False,False,False,False,False
4923,THCA,THCA,THCA,True,True,False,False,False
4924,BLCA,BLCA,HNSC,True,False,False,True,True
4925,KIRC,KIRC,KIRC,True,True,False,False,False
4926,PRAD,KIRC,LIHC,False,False,False,False,True
4927,BRCA,SARC,SARC,False,False,False,False,False
4928,LGG,LGG,LGG,True,True,False,False,False
4929,KIPAN,TGCT,TGCT,False,False,False,False,False
4930,KIPAN,KIPAN,STES,True,False,False,True,True
4931,KIPAN,KIPAN,KIPAN,True,True,False,False,False
4932,KIPAN,KIPAN,KIPAN,True,True,False,False,False
4933,BLCA,BLCA,BLCA,True,True,False,False,False
4934,OV,PAAD,OV,False,True,True,False,True
4935,SARC,PRAD,DLBC,False,False,False,False,True
4936,PCPG,PCPG,PCPG,True,True,False,False,False
4937,BRCA,BRCA,BRCA,True,True,False,False,False
4938,THCA,THCA,THCA,True,True,False,False,False
4939,STES,STES,COAD,True,False,False,True,True
4940,BRCA,BRCA,BRCA,True,True,False,False,False
4941,THYM,THYM,THYM,True,True,False,False,False
4942,OV,OV,OV,True,True,False,False,False
4943,TGCT,TGCT,TGCT,True,True,False,False,False
4944,GBMLGG,LGG,LGG,False,False,False,False,False
4945,SKCM,SKCM,SKCM,True,True,False,False,False
4946,CESC,LUSC,LUSC,False,False,False,False,False
4947,CESC,CESC,BRCA,True,False,False,True,True
4948,ACC,ACC,ACC,True,True,False,False,False
4949,BRCA,BRCA,BRCA,True,True,False,False,False
4950,KIRC,KIRC,KIRC,True,True,False,False,False
4951,LGG,LGG,LGG,True,True,False,False,False
4952,LUAD,LUAD,HNSC,True,False,False,True,True
4953,LUAD,HNSC,LUAD,False,True,True,False,True
4954,BRCA,UCEC,UCEC,False,False,False,False,False
4955,PAAD,OV,OV,False,False,False,False,False
4956,COAD,COAD,COAD,True,True,False,False,False
4957,PCPG,PCPG,PCPG,True,True,False,False,False
4958,LGG,LGG,GBMLGG,True,False,False,True,True
4959,KIRC,KIRC,KIRC,True,True,False,False,False
4960,PCPG,PCPG,PCPG,True,True,False,False,False
4961,STES,STES,STES,True,True,False,False,False
4962,THCA,THYM,THCA,False,True,True,False,True
4963,STES,HNSC,HNSC,False,False,False,False,False
4964,TGCT,TGCT,TGCT,True,True,False,False,False
4965,SARC,OV,OV,False,False,False,False,False
4966,SKCM,SKCM,SKCM,True,True,False,False,False
4967,PCPG,LAML,LAML,False,False,False,False,False
4968,LUAD,SKCM,SKCM,False,False,False,False,False
4969,THCA,THCA,THCA,True,True,False,False,False
4970,KIRC,KIRC,KIRC,True,True,False,False,False
4971,PAAD,PAAD,PAAD,True,True,False,False,False
4972,UCEC,UCEC,OV,True,False,False,True,True
4973,PCPG,BRCA,PRAD,False,False,False,False,True
4974,GBMLGG,GBMLGG,GBMLGG,True,True,False,False,False
4975,GBMLGG,LIHC,LIHC,False,False,False,False,False
4976,BRCA,STES,STES,False,False,False,False,False
4977,BRCA,BRCA,BRCA,True,True,False,False,False
4978,KIRC,KIPAN,KIRC,False,True,True,False,True
4979,HNSC,BLCA,BRCA,False,False,False,False,True
4980,COAD,STES,PAAD,False,False,False,False,True
4981,KIRC,KIRC,KIRC,True,True,False,False,False
4982,DLBC,DLBC,DLBC,True,True,False,False,False
4983,STES,STES,STES,True,True,False,False,False
4984,UCEC,UCEC,UCEC,True,True,False,False,False
4985,COAD,OV,OV,False,False,False,False,False
4986,OV,BRCA,OV,False,True,True,False,True
4987,GBMLGG,GBMLGG,GBMLGG,True,True,False,False,False
4988,LGG,LGG,LGG,True,True,False,False,False
4989,PRAD,PRAD,PRAD,True,True,False,False,False
4990,HNSC,LUSC,LUSC,False,False,False,False,False
4991,COAD,COAD,COAD,True,True,False,False,False
4992,KIRC,KIRC,KIRC,True,True,False,False,False
4993,BRCA,BRCA,BRCA,True,True,False,False,False
4994,BRCA,GBMLGG,SARC,False,False,False,False,True
4995,COAD,COAD,COAD,True,True,False,False,False
4996,BRCA,PCPG,PCPG,False,False,False,False,False
4997,OV,BRCA,BRCA,False,False,False,False,False
4998,OV,OV,OV,True,True,False,False,False
4999,KIPAN,KIPAN,KIPAN,True,True,False,False,False
5000,LUSC,LUAD,LUAD,False,False,False,False,False
5001,GBMLGG,GBMLGG,GBMLGG,True,True,False,False,False
5002,PAAD,OV,OV,False,False,False,False,False
5003,LUAD,LUSC,LUSC,False,False,False,False,False
5004,KIPAN,KIPAN,KIPAN,True,True,False,False,False
5005,KIPAN,KIPAN,KIPAN,True,True,False,False,False
5006,BRCA,BRCA,BRCA,True,True,False,False,False
5007,PAAD,BRCA,HNSC,False,False,False,False,True
5008,STES,STES,SARC,True,False,False,True,True
5009,LUAD,LUAD,LUAD,True,True,False,False,False
5010,KIPAN,TGCT,TGCT,False,False,False,False,False
5011,PCPG,PCPG,PCPG,True,True,False,False,False
5012,KIRC,THYM,THYM,False,False,False,False,False
5013,KIRC,KIRC,KIRC,True,True,False,False,False
5014,THCA,PRAD,PRAD,False,False,False,False,False
5015,THCA,THCA,THCA,True,True,False,False,False
5016,GBMLGG,GBMLGG,GBMLGG,True,True,False,False,False
5017,UCEC,SARC,BRCA,False,False,False,False,True
5018,OV,OV,OV,True,True,False,False,False
5019,STES,STES,STES,True,True,False,False,False
5020,PAAD,PAAD,PAAD,True,True,False,False,False
5021,THCA,PCPG,PCPG,False,False,False,False,False
5022,LUSC,LUAD,LUAD,False,False,False,False,False
5023,BRCA,OV,OV,False,False,False,False,False
5024,STES,STES,STES,True,True,False,False,False
5025,KIPAN,KIPAN,KIPAN,True,True,False,False,False
5026,BRCA,OV,GBMLGG,False,False,False,False,True
5027,SKCM,SKCM,SKCM,True,True,False,False,False
5028,OV,OV,OV,True,True,False,False,False
5029,LUAD,STES,STES,False,False,False,False,False
5030,OV,KIPAN,KIPAN,False,False,False,False,False
5031,CESC,CESC,CESC,True,True,False,False,False
5032,KIPAN,PRAD,PRAD,False,False,False,False,False
5033,THCA,THCA,THCA,True,True,False,False,False
5034,KIPAN,KIPAN,KIPAN,True,True,False,False,False
5035,KIPAN,KIPAN,KIPAN,True,True,False,False,False
5036,LAML,PCPG,PCPG,False,False,False,False,False
5037,LGG,LGG,LGG,True,True,False,False,False
5038,HNSC,HNSC,BRCA,True,False,False,True,True
5039,LAML,KIRC,SARC,False,False,False,False,True
5040,SARC,BRCA,OV,False,False,False,False,True
5041,DLBC,DLBC,DLBC,True,True,False,False,False
5042,UCEC,UCEC,UCEC,True,True,False,False,False
5043,STES,STES,STES,True,True,False,False,False
5044,PCPG,PCPG,PCPG,True,True,False,False,False
5045,TGCT,TGCT,TGCT,True,True,False,False,False
5046,SKCM,SKCM,SKCM,True,True,False,False,False
5047,UCEC,BRCA,BRCA,False,False,False,False,False
5048,LIHC,BRCA,PRAD,False,False,False,False,True
5049,UCEC,UCEC,BRCA,True,False,False,True,True
5050,GBMLGG,GBMLGG,GBMLGG,True,True,False,False,False
5051,HNSC,LUSC,HNSC,False,True,True,False,True
5052,LGG,GBMLGG,GBMLGG,False,False,False,False,False
5053,PAAD,TGCT,SARC,False,False,False,False,True
5054,GBMLGG,GBMLGG,GBMLGG,True,True,False,False,False
5055,BRCA,BRCA,BRCA,True,True,False,False,False
5056,CESC,BLCA,BLCA,False,False,False,False,False
5057,LUAD,HNSC,SKCM,False,False,False,False,True
5058,SKCM,SKCM,SKCM,True,True,False,False,False
5059,THCA,BRCA,BRCA,False,False,False,False,False
5060,THCA,PCPG,PCPG,False,False,False,False,False
5061,PRAD,OV,OV,False,False,False,False,False
5062,KIPAN,KIRC,KIRC,False,False,False,False,False
5063,LAML,THCA,LAML,False,True,True,False,True
5064,ACC,ACC,ACC,True,True,False,False,False
5065,UCEC,OV,SARC,False,False,False,False,True
5066,KIPAN,PRAD,THCA,False,False,False,False,True
5067,LUSC,LUSC,STES,True,False,False,True,True
5068,LUAD,KIRC,KIRC,False,False,False,False,False
5069,KIRC,KIRC,KIRC,True,True,False,False,False
5070,UCEC,UCEC,UCEC,True,True,False,False,False
5071,LUAD,LIHC,LIHC,False,False,False,False,False
5072,PRAD,PCPG,KIRC,False,False,False,False,True
5073,BRCA,OV,OV,False,False,False,False,False
5074,BLCA,BLCA,BLCA,True,True,False,False,False
5075,BRCA,BRCA,BRCA,True,True,False,False,False
5076,SKCM,SKCM,SKCM,True,True,False,False,False
5077,BRCA,BRCA,BRCA,True,True,False,False,False
5078,LGG,LGG,LGG,True,True,False,False,False
5079,PRAD,THYM,PCPG,False,False,False,False,True
5080,PRAD,PRAD,PRAD,True,True,False,False,False
5081,BRCA,BRCA,BRCA,True,True,False,False,False
5082,BRCA,BRCA,BRCA,True,True,False,False,False
5083,UCEC,UCEC,UCEC,True,True,False,False,False
5084,THYM,THYM,THYM,True,True,False,False,False
5085,BRCA,BRCA,BRCA,True,True,False,False,False
5086,LUSC,LUAD,LUAD,False,False,False,False,False
5087,LAML,LAML,LAML,True,True,False,False,False
5088,THCA,PRAD,PRAD,False,False,False,False,False
5089,COAD,BRCA,BRCA,False,False,False,False,False
5090,LUAD,THCA,THCA,False,False,False,False,False
5091,KIRC,KIRC,KIRC,True,True,False,False,False
5092,PRAD,PRAD,THYM,True,False,False,True,True
5093,PRAD,BRCA,PCPG,False,False,False,False,True
5094,LAML,PCPG,PCPG,False,False,False,False,False
5095,BRCA,BRCA,UCEC,True,False,False,True,True
5096,KIPAN,KIPAN,KIPAN,True,True,False,False,False
5097,THCA,THCA,THCA,True,True,False,False,False
5098,COAD,COAD,COAD,True,True,False,False,False
5099,LIHC,LIHC,KIRC,True,False,False,True,True
5100,UCEC,UCEC,UCEC,True,True,False,False,False
5101,SARC,SARC,SARC,True,True,False,False,False
5102,UCEC,STES,OV,False,False,False,False,True
5103,LGG,GBMLGG,GBMLGG,False,False,False,False,False
5104,SKCM,SKCM,SKCM,True,True,False,False,False
5105,HNSC,HNSC,HNSC,True,True,False,False,False
5106,SKCM,SKCM,SKCM,True,True,False,False,False
5107,PRAD,PRAD,PCPG,True,False,False,True,True
5108,THCA,THCA,THCA,True,True,False,False,False
5109,LUAD,PAAD,PAAD,False,False,False,False,False
5110,STES,STES,STES,True,True,False,False,False
5111,SKCM,SKCM,SKCM,True,True,False,False,False
5112,KIPAN,KIPAN,KIRC,True,False,False,True,True
5113,THCA,THCA,THCA,True,True,False,False,False
5114,SARC,THYM,THYM,False,False,False,False,False
5115,KIRC,KIRC,KIRC,True,True,False,False,False
5116,COAD,COAD,COAD,True,True,False,False,False
5117,SKCM,SKCM,SKCM,True,True,False,False,False
5118,STES,UCEC,UCEC,False,False,False,False,False
5119,LGG,GBMLGG,GBMLGG,False,False,False,False,False
5120,SKCM,SKCM,SKCM,True,True,False,False,False
5121,THCA,THCA,THCA,True,True,False,False,False
5122,STES,UCEC,UCEC,False,False,False,False,False
5123,GBMLGG,GBMLGG,GBMLGG,True,True,False,False,False
5124,SKCM,SKCM,SKCM,True,True,False,False,False
5125,THCA,THCA,THCA,True,True,False,False,False
5126,KIRC,SARC,SARC,False,False,False,False,False
5127,OV,OV,OV,True,True,False,False,False
5128,THCA,BRCA,BRCA,False,False,False,False,False
5129,STES,STES,STES,True,True,False,False,False
5130,BRCA,BRCA,BRCA,True,True,False,False,False
5131,KIPAN,PCPG,PCPG,False,False,False,False,False
5132,KIRC,PRAD,PRAD,False,False,False,False,False
5133,BRCA,BRCA,CESC,True,False,False,True,True
5134,BRCA,BRCA,BRCA,True,True,False,False,False
5135,KIRC,KIRC,KIRC,True,True,False,False,False
5136,BRCA,BRCA,BRCA,True,True,False,False,False
5137,HNSC,BRCA,HNSC,False,True,True,False,True
5138,THCA,THYM,THYM,False,False,False,False,False
5139,SKCM,SKCM,SKCM,True,True,False,False,False
5140,KIPAN,KIPAN,KIPAN,True,True,False,False,False
5141,PAAD,KIPAN,KIPAN,False,False,False,False,False
5142,BRCA,BRCA,BRCA,True,True,False,False,False
5143,BRCA,LAML,LAML,False,False,False,False,False
5144,STES,STES,OV,True,False,False,True,True
5145,SKCM,SKCM,SKCM,True,True,False,False,False
5146,CESC,UCEC,UCEC,False,False,False,False,False
5147,KIPAN,KIRC,KIRC,False,False,False,False,False
5148,PCPG,SARC,SARC,False,False,False,False,False
5149,BRCA,BRCA,BRCA,True,True,False,False,False
5150,KIRC,KIRC,KIRC,True,True,False,False,False
5151,SARC,PAAD,PAAD,False,False,False,False,False
5152,BRCA,LAML,LAML,False,False,False,False,False
5153,THCA,THCA,THCA,True,True,False,False,False
5154,STES,STES,STES,True,True,False,False,False
5155,LAML,THYM,PCPG,False,False,False,False,True
5156,TGCT,TGCT,TGCT,True,True,False,False,False
5157,PRAD,BRCA,BRCA,False,False,False,False,False
5158,GBMLGG,KIRC,KIRC,False,False,False,False,False
5159,BRCA,THYM,CESC,False,False,False,False,True
5160,PCPG,PRAD,KIPAN,False,False,False,False,True
5161,SARC,KIPAN,KIPAN,False,False,False,False,False
5162,CESC,CESC,LIHC,True,False,False,True,True
5163,KIPAN,KIPAN,KIPAN,True,True,False,False,False
5164,BRCA,BRCA,BRCA,True,True,False,False,False
5165,TGCT,KIRC,TGCT,False,True,True,False,True
5166,STES,STES,STES,True,True,False,False,False
5167,HNSC,HNSC,HNSC,True,True,False,False,False
5168,BRCA,BRCA,BRCA,True,True,False,False,False
5169,PAAD,PAAD,GBMLGG,True,False,False,True,True
5170,STES,OV,OV,False,False,False,False,False
5171,KIRC,KIRC,KIRC,True,True,False,False,False
5172,LGG,LGG,LGG,True,True,False,False,False
5173,UCEC,STES,STES,False,False,False,False,False
5174,GBMLGG,PRAD,PRAD,False,False,False,False,False
5175,KIRC,PCPG,PCPG,False,False,False,False,False
5176,LUAD,LUAD,LUAD,True,True,False,False,False
5177,ACC,ACC,ACC,True,True,False,False,False
5178,STES,STES,STES,True,True,False,False,False
5179,COAD,COAD,COAD,True,True,False,False,False
5180,LUAD,GBMLGG,OV,False,False,False,False,True
5181,LAML,LAML,OV,True,False,False,True,True
5182,SKCM,SKCM,SKCM,True,True,False,False,False
5183,PRAD,THYM,PRAD,False,True,True,False,True
5184,KIRC,KIRC,KIRC,True,True,False,False,False
5185,KIRC,KIRC,KIRC,True,True,False,False,False
5186,LUSC,LUSC,LUSC,True,True,False,False,False
5187,TGCT,KIRC,KIRC,False,False,False,False,False
5188,LAML,THYM,THYM,False,False,False,False,False
5189,LAML,LAML,LAML,True,True,False,False,False
5190,KIRC,KIRC,KIRC,True,True,False,False,False
5191,COAD,COAD,COAD,True,True,False,False,False
5192,DLBC,STES,STES,False,False,False,False,False
5193,LAML,THYM,THYM,False,False,False,False,False
5194,COAD,STES,STES,False,False,False,False,False
5195,KIPAN,TGCT,STES,False,False,False,False,True
5196,KIRC,KIRC,KIRC,True,True,False,False,False
5197,PRAD,BRCA,BRCA,False,False,False,False,False
5198,LGG,LGG,GBMLGG,True,False,False,True,True
5199,COAD,COAD,COAD,True,True,False,False,False
5200,BRCA,KIRC,BRCA,False,True,True,False,True
5201,SARC,UCEC,BRCA,False,False,False,False,True
5202,UCEC,UCEC,STES,True,False,False,True,True
5203,PRAD,PRAD,LAML,True,False,False,True,True
5204,OV,OV,OV,True,True,False,False,False
5205,COAD,COAD,COAD,True,True,False,False,False
5206,KIRC,KIRC,PRAD,True,False,False,True,True
5207,GBMLGG,THYM,THYM,False,False,False,False,False
5208,KIRC,KIRC,KIRC,True,True,False,False,False
5209,THCA,THCA,THCA,True,True,False,False,False
5210,BRCA,PRAD,PRAD,False,False,False,False,False
5211,KIRC,KIRC,KIRC,True,True,False,False,False
5212,LAML,PCPG,PCPG,False,False,False,False,False
5213,LGG,LGG,LGG,True,True,False,False,False
5214,HNSC,HNSC,HNSC,True,True,False,False,False
5215,THCA,THCA,THCA,True,True,False,False,False
5216,STES,LUSC,LUSC,False,False,False,False,False
5217,LIHC,LIHC,LIHC,True,True,False,False,False
5218,STES,STES,PAAD,True,False,False,True,True
5219,PRAD,PRAD,PRAD,True,True,False,False,False
5220,PRAD,SARC,OV,False,False,False,False,True
5221,COAD,COAD,COAD,True,True,False,False,False
5222,KIRC,KIRC,KIRC,True,True,False,False,False
5223,GBMLGG,GBMLGG,OV,True,False,False,True,True
5224,STES,STES,STES,True,True,False,False,False
5225,HNSC,PAAD,PAAD,False,False,False,False,False
5226,KIPAN,KIPAN,KIPAN,True,True,False,False,False
5227,LGG,LGG,LGG,True,True,False,False,False
5228,UCEC,STES,STES,False,False,False,False,False
5229,GBMLGG,GBMLGG,GBMLGG,True,True,False,False,False
5230,KIPAN,KIRC,KIRC,False,False,False,False,False
5231,PRAD,KIPAN,STES,False,False,False,False,True
5232,LGG,LGG,LGG,True,True,False,False,False
5233,SKCM,SKCM,SKCM,True,True,False,False,False
5234,THCA,THCA,THCA,True,True,False,False,False
5235,LUAD,LUSC,LUSC,False,False,False,False,False
5236,BRCA,BRCA,BRCA,True,True,False,False,False
5237,BRCA,BRCA,BRCA,True,True,False,False,False
5238,GBMLGG,GBMLGG,GBMLGG,True,True,False,False,False
5239,BLCA,BLCA,BLCA,True,True,False,False,False
5240,LUSC,LUSC,LUSC,True,True,False,False,False
5241,BRCA,BRCA,BRCA,True,True,False,False,False
5242,BRCA,BRCA,OV,True,False,False,True,True
5243,GBMLGG,LGG,LGG,False,False,False,False,False
5244,UCEC,UCEC,UCEC,True,True,False,False,False
5245,STES,STES,STES,True,True,False,False,False
5246,STES,STES,STES,True,True,False,False,False
5247,BRCA,PCPG,PCPG,False,False,False,False,False
5248,HNSC,STES,STES,False,False,False,False,False
5249,KIRC,LAML,LAML,False,False,False,False,False
5250,BRCA,SARC,SARC,False,False,False,False,False
5251,STES,STES,STES,True,True,False,False,False
5252,LAML,LAML,LAML,True,True,False,False,False
5253,HNSC,HNSC,HNSC,True,True,False,False,False
5254,GBMLGG,GBMLGG,GBMLGG,True,True,False,False,False
5255,GBMLGG,GBMLGG,GBMLGG,True,True,False,False,False
5256,LUSC,LUSC,LUSC,True,True,False,False,False
5257,BRCA,BRCA,BRCA,True,True,False,False,False
5258,LGG,LGG,LGG,True,True,False,False,False
5259,BLCA,BLCA,BLCA,True,True,False,False,False
5260,UCEC,LIHC,UCEC,False,True,True,False,True
5261,THYM,THCA,PRAD,False,False,False,False,True
5262,OV,OV,OV,True,True,False,False,False
5263,GBMLGG,LGG,GBMLGG,False,True,True,False,True
5264,OV,OV,OV,True,True,False,False,False
5265,GBMLGG,GBMLGG,GBMLGG,True,True,False,False,False
5266,BRCA,OV,OV,False,False,False,False,False
5267,GBMLGG,LGG,LGG,False,False,False,False,False
5268,BRCA,BRCA,PRAD,True,False,False,True,True
5269,LGG,BRCA,BRCA,False,False,False,False,False
5270,UCEC,STES,STES,False,False,False,False,False
5271,KIPAN,KIPAN,KIPAN,True,True,False,False,False
5272,KIRC,KIRC,KIRC,True,True,False,False,False
5273,DLBC,DLBC,DLBC,True,True,False,False,False
5274,LUSC,OV,OV,False,False,False,False,False
5275,SARC,THCA,THCA,False,False,False,False,False
5276,KIPAN,KIPAN,KIPAN,True,True,False,False,False
5277,ACC,LIHC,HNSC,False,False,False,False,True
5278,HNSC,KIPAN,KIRC,False,False,False,False,True
5279,THCA,THCA,THCA,True,True,False,False,False
5280,KIPAN,KIRC,KIRC,False,False,False,False,False
5281,HNSC,HNSC,HNSC,True,True,False,False,False
5282,LUAD,LUSC,OV,False,False,False,False,True
5283,PRAD,PRAD,PRAD,True,True,False,False,False
5284,TGCT,TGCT,TGCT,True,True,False,False,False
5285,OV,OV,OV,True,True,False,False,False
5286,SARC,PAAD,PAAD,False,False,False,False,False
5287,THCA,THCA,THCA,True,True,False,False,False
5288,COAD,PAAD,GBMLGG,False,False,False,False,True
5289,BRCA,BRCA,BRCA,True,True,False,False,False
5290,KIPAN,KIPAN,KIPAN,True,True,False,False,False
5291,LAML,THYM,THYM,False,False,False,False,False
5292,BRCA,BRCA,BRCA,True,True,False,False,False
5293,UCEC,PCPG,LUAD,False,False,False,False,True
5294,COAD,COAD,COAD,True,True,False,False,False
5295,LUSC,LUSC,LUSC,True,True,False,False,False
5296,GBMLGG,GBMLGG,GBMLGG,True,True,False,False,False
5297,LAML,THYM,THYM,False,False,False,False,False
5298,THCA,THCA,THCA,True,True,False,False,False
5299,BRCA,CESC,BRCA,False,True,True,False,True
5300,BRCA,BRCA,BRCA,True,True,False,False,False
5301,KIPAN,KIPAN,KIPAN,True,True,False,False,False
5302,LAML,LAML,LAML,True,True,False,False,False
5303,GBMLGG,STES,GBMLGG,False,True,True,False,True
5304,BRCA,PRAD,PRAD,False,False,False,False,False
5305,STES,UCEC,STES,False,True,True,False,True
5306,KIRC,KIPAN,KIPAN,False,False,False,False,False
5307,BRCA,CESC,CESC,False,False,False,False,False
5308,BRCA,BRCA,BRCA,True,True,False,False,False
5309,HNSC,HNSC,HNSC,True,True,False,False,False
5310,KIPAN,TGCT,TGCT,False,False,False,False,False
5311,LUAD,BRCA,GBMLGG,False,False,False,False,True
5312,UCEC,PRAD,PRAD,False,False,False,False,False
5313,BRCA,BRCA,BRCA,True,True,False,False,False
5314,COAD,COAD,COAD,True,True,False,False,False
5315,KIPAN,KIPAN,KIPAN,True,True,False,False,False
5316,KIRC,KIRC,KIPAN,True,False,False,True,True
5317,SKCM,BRCA,STES,False,False,False,False,True
5318,BLCA,BLCA,BLCA,True,True,False,False,False
5319,DLBC,DLBC,DLBC,True,True,False,False,False
5320,TGCT,TGCT,TGCT,True,True,False,False,False
5321,PRAD,PRAD,PRAD,True,True,False,False,False
5322,BRCA,PCPG,THYM,False,False,False,False,True
5323,LGG,LGG,LGG,True,True,False,False,False
5324,STES,STES,STES,True,True,False,False,False
5325,KIPAN,KIPAN,TGCT,True,False,False,True,True
5326,GBMLGG,GBMLGG,GBMLGG,True,True,False,False,False
5327,STES,HNSC,COAD,False,False,False,False,True
5328,BRCA,BRCA,BRCA,True,True,False,False,False
5329,ACC,LIHC,LIHC,False,False,False,False,False
5330,SARC,SARC,SARC,True,True,False,False,False
5331,SARC,PRAD,PRAD,False,False,False,False,False
5332,PCPG,BRCA,BRCA,False,False,False,False,False
5333,THCA,PCPG,PCPG,False,False,False,False,False
5334,THCA,THCA,THCA,True,True,False,False,False
5335,OV,OV,OV,True,True,False,False,False
5336,LUSC,LUSC,LUSC,True,True,False,False,False
5337,KIPAN,KIPAN,KIPAN,True,True,False,False,False
5338,COAD,COAD,COAD,True,True,False,False,False
5339,LUSC,LUSC,LUAD,True,False,False,True,True
5340,UCEC,UCEC,UCEC,True,True,False,False,False
5341,GBMLGG,HNSC,GBMLGG,False,True,True,False,True
5342,STES,STES,STES,True,True,False,False,False
5343,SKCM,HNSC,SKCM,False,True,True,False,True
5344,CESC,SARC,SKCM,False,False,False,False,True
5345,KIPAN,THYM,THYM,False,False,False,False,False
5346,BRCA,OV,HNSC,False,False,False,False,True
5347,THCA,THCA,THCA,True,True,False,False,False
5348,BRCA,BRCA,BRCA,True,True,False,False,False
5349,SARC,OV,OV,False,False,False,False,False
5350,KIRC,KIRC,KIRC,True,True,False,False,False
5351,PCPG,GBMLGG,PCPG,False,True,True,False,True
5352,COAD,COAD,COAD,True,True,False,False,False
5353,HNSC,OV,OV,False,False,False,False,False
5354,PRAD,THYM,THYM,False,False,False,False,False
5355,BRCA,OV,OV,False,False,False,False,False
5356,LIHC,LIHC,LIHC,True,True,False,False,False
5357,GBMLGG,LGG,LGG,False,False,False,False,False
5358,THCA,PCPG,SARC,False,False,False,False,True
5359,LIHC,LIHC,LIHC,True,True,False,False,False
5360,KIRC,KIPAN,OV,False,False,False,False,True
5361,LIHC,LIHC,KIPAN,True,False,False,True,True
5362,UCEC,OV,OV,False,False,False,False,False
5363,KIPAN,LIHC,LIHC,False,False,False,False,False
5364,TGCT,TGCT,TGCT,True,True,False,False,False
5365,TGCT,PRAD,PRAD,False,False,False,False,False
5366,DLBC,DLBC,DLBC,True,True,False,False,False
5367,THCA,THCA,THCA,True,True,False,False,False
5368,BRCA,BRCA,BRCA,True,True,False,False,False
5369,KIRC,OV,PAAD,False,False,False,False,True
5370,STES,STES,STES,True,True,False,False,False
5371,BRCA,BRCA,BRCA,True,True,False,False,False
5372,UCEC,UCEC,UCEC,True,True,False,False,False
5373,THCA,PCPG,SARC,False,False,False,False,True
5374,BRCA,HNSC,HNSC,False,False,False,False,False
5375,COAD,UCEC,UCEC,False,False,False,False,False
5376,HNSC,LUSC,LUAD,False,False,False,False,True
5377,SKCM,SKCM,SKCM,True,True,False,False,False
5378,KIPAN,LIHC,LIHC,False,False,False,False,False
5379,THYM,THYM,THYM,True,True,False,False,False
5380,GBMLGG,GBMLGG,SARC,True,False,False,True,True
5381,BRCA,KIPAN,KIPAN,False,False,False,False,False
5382,GBMLGG,GBMLGG,SARC,True,False,False,True,True
5383,PRAD,UCEC,PRAD,False,True,True,False,True
5384,COAD,COAD,COAD,True,True,False,False,False
5385,LIHC,UCEC,LIHC,False,True,True,False,True
5386,SKCM,SKCM,SKCM,True,True,False,False,False
5387,BRCA,CESC,BRCA,False,True,True,False,True
5388,HNSC,LAML,LAML,False,False,False,False,False
5389,PCPG,BRCA,SARC,False,False,False,False,True
5390,KIPAN,KIPAN,KIPAN,True,True,False,False,False
5391,KIPAN,KIPAN,KIPAN,True,True,False,False,False
5392,BRCA,BRCA,BRCA,True,True,False,False,False
5393,PAAD,PAAD,PAAD,True,True,False,False,False
5394,LAML,LAML,LAML,True,True,False,False,False
5395,LIHC,LIHC,LIHC,True,True,False,False,False
5396,KIPAN,KIPAN,KIPAN,True,True,False,False,False
5397,CESC,BRCA,BRCA,False,False,False,False,False
5398,BRCA,BRCA,BRCA,True,True,False,False,False
5399,HNSC,HNSC,HNSC,True,True,False,False,False
5400,BLCA,BRCA,PCPG,False,False,False,False,True
5401,LUAD,OV,OV,False,False,False,False,False
5402,LUSC,LUAD,LUAD,False,False,False,False,False
5403,LUAD,LUSC,LUSC,False,False,False,False,False
5404,GBMLGG,LGG,LGG,False,False,False,False,False
5405,SKCM,SKCM,SKCM,True,True,False,False,False
5406,LAML,LAML,THYM,True,False,False,True,True
5407,THCA,THCA,THCA,True,True,False,False,False
5408,BLCA,BRCA,LUAD,False,False,False,False,True
5409,KIRC,PRAD,PRAD,False,False,False,False,False
5410,KIPAN,KIPAN,KIPAN,True,True,False,False,False
5411,PAAD,BRCA,TGCT,False,False,False,False,True
5412,KIPAN,KIPAN,KIPAN,True,True,False,False,False
5413,SARC,BRCA,BRCA,False,False,False,False,False
5414,PRAD,LUSC,LUSC,False,False,False,False,False
5415,HNSC,BLCA,BLCA,False,False,False,False,False
5416,LUAD,PAAD,PAAD,False,False,False,False,False
5417,THCA,THCA,THCA,True,True,False,False,False
5418,GBMLGG,GBMLGG,GBMLGG,True,True,False,False,False
5419,THCA,THCA,THCA,True,True,False,False,False
5420,THCA,THCA,THCA,True,True,False,False,False
5421,LIHC,LIHC,LIHC,True,True,False,False,False
5422,KIPAN,KIPAN,KIPAN,True,True,False,False,False
5423,STES,COAD,COAD,False,False,False,False,False
5424,GBMLGG,BRCA,BRCA,False,False,False,False,False
5425,UCEC,UCEC,UCEC,True,True,False,False,False
5426,SARC,HNSC,HNSC,False,False,False,False,False
5427,LAML,THYM,THYM,False,False,False,False,False
5428,SKCM,SKCM,SKCM,True,True,False,False,False
5429,ACC,ACC,ACC,True,True,False,False,False
5430,OV,KIPAN,KIPAN,False,False,False,False,False
5431,SARC,PRAD,PRAD,False,False,False,False,False
5432,GBMLGG,TGCT,TGCT,False,False,False,False,False
5433,KIPAN,KIRC,KIRC,False,False,False,False,False
5434,KIRC,KIRC,KIRC,True,True,False,False,False
5435,KIRC,KIRC,KIRC,True,True,False,False,False
5436,HNSC,PRAD,PRAD,False,False,False,False,False
5437,BRCA,SARC,SARC,False,False,False,False,False
5438,LIHC,LIHC,LIHC,True,True,False,False,False
5439,LUAD,STES,BRCA,False,False,False,False,True
5440,PRAD,PRAD,PRAD,True,True,False,False,False
5441,KIPAN,KIRC,KIRC,False,False,False,False,False
5442,SARC,BRCA,OV,False,False,False,False,True
5443,BLCA,BLCA,BLCA,True,True,False,False,False
5444,OV,STES,STES,False,False,False,False,False
5445,KIPAN,KIRC,KIPAN,False,True,True,False,True
5446,SKCM,SKCM,SKCM,True,True,False,False,False
5447,BRCA,KIPAN,KIPAN,False,False,False,False,False
5448,PRAD,PCPG,PCPG,False,False,False,False,False
5449,KIPAN,KIPAN,KIPAN,True,True,False,False,False
5450,SKCM,SKCM,SKCM,True,True,False,False,False
5451,PAAD,HNSC,COAD,False,False,False,False,True
5452,STES,STES,STES,True,True,False,False,False
5453,KIRC,KIRC,KIPAN,True,False,False,True,True
5454,ACC,ACC,ACC,True,True,False,False,False
5455,STES,CESC,CESC,False,False,False,False,False
5456,KIPAN,STES,STES,False,False,False,False,False
5457,LGG,GBMLGG,GBMLGG,False,False,False,False,False
5458,OV,LUSC,SARC,False,False,False,False,True
5459,KIRC,KIRC,KIRC,True,True,False,False,False
5460,STES,STES,STES,True,True,False,False,False
5461,STES,STES,STES,True,True,False,False,False
5462,OV,SARC,SARC,False,False,False,False,False
5463,BRCA,BRCA,BRCA,True,True,False,False,False
5464,PRAD,PRAD,PRAD,True,True,False,False,False
5465,KIPAN,KIPAN,KIPAN,True,True,False,False,False
5466,PRAD,PRAD,PRAD,True,True,False,False,False
5467,LUAD,PCPG,PRAD,False,False,False,False,True
5468,KIRC,KIRC,KIRC,True,True,False,False,False
5469,BRCA,BRCA,CESC,True,False,False,True,True
5470,GBMLGG,GBMLGG,GBMLGG,True,True,False,False,False
5471,BRCA,CESC,CESC,False,False,False,False,False
5472,SKCM,SKCM,SKCM,True,True,False,False,False
5473,PAAD,PAAD,PAAD,True,True,False,False,False
5474,STES,HNSC,STES,False,True,True,False,True
5475,KIPAN,KIPAN,KIPAN,True,True,False,False,False
5476,BRCA,OV,COAD,False,False,False,False,True
5477,LUSC,LUSC,LUSC,True,True,False,False,False
5478,KIRC,KIRC,KIRC,True,True,False,False,False
5479,LGG,LGG,LGG,True,True,False,False,False
5480,COAD,COAD,COAD,True,True,False,False,False
5481,LGG,GBMLGG,GBMLGG,False,False,False,False,False
5482,KIRC,KIRC,KIRC,True,True,False,False,False
5483,GBMLGG,PAAD,GBMLGG,False,True,True,False,True
5484,KIRC,KIRC,KIRC,True,True,False,False,False
5485,OV,OV,OV,True,True,False,False,False
5486,LUSC,HNSC,HNSC,False,False,False,False,False
5487,GBMLGG,GBMLGG,GBMLGG,True,True,False,False,False
5488,BRCA,BRCA,BRCA,True,True,False,False,False
5489,UCEC,UCEC,BRCA,True,False,False,True,True
5490,BRCA,BRCA,BRCA,True,True,False,False,False
5491,BRCA,SARC,SARC,False,False,False,False,False
5492,GBMLGG,GBMLGG,GBMLGG,True,True,False,False,False
5493,THCA,PCPG,PCPG,False,False,False,False,False
5494,UCEC,UCEC,UCEC,True,True,False,False,False
5495,SKCM,SKCM,SKCM,True,True,False,False,False
5496,LIHC,TGCT,PRAD,False,False,False,False,True
5497,BLCA,BLCA,UCEC,True,False,False,True,True
5498,BRCA,GBMLGG,BRCA,False,True,True,False,True
5499,SARC,OV,OV,False,False,False,False,False
5500,UCEC,UCEC,UCEC,True,True,False,False,False
5501,PRAD,BRCA,BRCA,False,False,False,False,False
5502,LIHC,LUSC,LIHC,False,True,True,False,True
5503,COAD,COAD,COAD,True,True,False,False,False
5504,KIRC,KIPAN,LIHC,False,False,False,False,True
5505,PRAD,OV,OV,False,False,False,False,False
5506,STES,STES,STES,True,True,False,False,False
5507,LUAD,LUAD,LUAD,True,True,False,False,False
5508,THCA,THCA,THCA,True,True,False,False,False
5509,UCEC,UCEC,GBMLGG,True,False,False,True,True
5510,THCA,PRAD,PRAD,False,False,False,False,False
5511,PRAD,PRAD,PRAD,True,True,False,False,False
5512,GBMLGG,GBMLGG,GBMLGG,True,True,False,False,False
5513,SARC,BRCA,BRCA,False,False,False,False,False
5514,HNSC,HNSC,HNSC,True,True,False,False,False
5515,KIPAN,LIHC,LIHC,False,False,False,False,False
5516,SARC,THYM,THYM,False,False,False,False,False
5517,HNSC,CESC,CESC,False,False,False,False,False
5518,THCA,PCPG,PCPG,False,False,False,False,False
5519,BRCA,BRCA,BRCA,True,True,False,False,False
5520,PAAD,PAAD,PAAD,True,True,False,False,False
5521,SARC,KIRC,KIRC,False,False,False,False,False
5522,PAAD,OV,GBMLGG,False,False,False,False,True
5523,UCEC,COAD,COAD,False,False,False,False,False
5524,KIRC,KIRC,KIRC,True,True,False,False,False
5525,THYM,PCPG,THCA,False,False,False,False,True
5526,LGG,GBMLGG,GBMLGG,False,False,False,False,False
5527,BRCA,PRAD,THCA,False,False,False,False,True
5528,GBMLGG,SARC,SARC,False,False,False,False,False
5529,THYM,THYM,THYM,True,True,False,False,False
5530,UCEC,UCEC,UCEC,True,True,False,False,False
5531,HNSC,HNSC,HNSC,True,True,False,False,False
5532,BRCA,BRCA,BRCA,True,True,False,False,False
5533,THCA,THCA,THCA,True,True,False,False,False
5534,STES,STES,STES,True,True,False,False,False
5535,KIRC,KIRC,KIRC,True,True,False,False,False
5536,BRCA,BRCA,BRCA,True,True,False,False,False
5537,GBMLGG,LGG,LGG,False,False,False,False,False
5538,BRCA,BRCA,BRCA,True,True,False,False,False
5539,SARC,OV,OV,False,False,False,False,False
5540,SARC,BRCA,BRCA,False,False,False,False,False
5541,COAD,COAD,COAD,True,True,False,False,False
5542,UCEC,STES,UCEC,False,True,True,False,True
5543,STES,LUAD,LUAD,False,False,False,False,False
5544,UCEC,UCEC,GBMLGG,True,False,False,True,True
5545,LGG,LGG,LGG,True,True,False,False,False
5546,GBMLGG,GBMLGG,GBMLGG,True,True,False,False,False
5547,BRCA,OV,OV,False,False,False,False,False
5548,UCEC,UCEC,UCEC,True,True,False,False,False
5549,PRAD,PCPG,PCPG,False,False,False,False,False
5550,CESC,CESC,CESC,True,True,False,False,False
5551,BRCA,BRCA,BRCA,True,True,False,False,False
5552,KIPAN,KIRC,KIRC,False,False,False,False,False
5553,SKCM,SKCM,SKCM,True,True,False,False,False
5554,GBMLGG,GBMLGG,LUAD,True,False,False,True,True
5555,THCA,SKCM,SKCM,False,False,False,False,False
5556,GBMLGG,GBMLGG,GBMLGG,True,True,False,False,False
5557,LGG,GBMLGG,GBMLGG,False,False,False,False,False
5558,KIPAN,KIPAN,KIPAN,True,True,False,False,False
5559,LUAD,LUSC,LUAD,False,True,True,False,True
5560,UCEC,UCEC,UCEC,True,True,False,False,False
5561,PRAD,PRAD,PRAD,True,True,False,False,False
5562,ACC,COAD,COAD,False,False,False,False,False
5563,LUAD,LUAD,LUAD,True,True,False,False,False
5564,SARC,SARC,PRAD,True,False,False,True,True
5565,GBMLGG,GBMLGG,GBMLGG,True,True,False,False,False
5566,BLCA,BLCA,LUSC,True,False,False,True,True
5567,ACC,ACC,ACC,True,True,False,False,False
5568,KIRC,KIPAN,KIPAN,False,False,False,False,False
5569,OV,LUSC,LUSC,False,False,False,False,False
5570,STES,STES,STES,True,True,False,False,False
5571,UCEC,BRCA,BRCA,False,False,False,False,False
5572,HNSC,LUSC,LUSC,False,False,False,False,False
5573,BRCA,OV,OV,False,False,False,False,False
5574,LAML,LAML,LAML,True,True,False,False,False
5575,STES,STES,STES,True,True,False,False,False
5576,KIPAN,KIPAN,KIPAN,True,True,False,False,False
5577,PRAD,PRAD,PCPG,True,False,False,True,True
5578,LGG,LGG,LGG,True,True,False,False,False
5579,LUAD,COAD,LUAD,False,True,True,False,True
5580,STES,KIPAN,PRAD,False,False,False,False,True
5581,BRCA,GBMLGG,SARC,False,False,False,False,True
5582,TGCT,TGCT,TGCT,True,True,False,False,False
5583,BRCA,BRCA,BRCA,True,True,False,False,False
5584,BRCA,BRCA,LUAD,True,False,False,True,True
5585,BRCA,STES,STES,False,False,False,False,False
5586,OV,OV,OV,True,True,False,False,False
5587,LGG,LGG,LGG,True,True,False,False,False
5588,LGG,GBMLGG,GBMLGG,False,False,False,False,False
5589,PRAD,SARC,SARC,False,False,False,False,False
5590,PRAD,PRAD,PRAD,True,True,False,False,False
5591,SARC,KIPAN,KIPAN,False,False,False,False,False
5592,BRCA,KIPAN,STES,False,False,False,False,True
5593,DLBC,GBMLGG,BRCA,False,False,False,False,True
5594,BRCA,BRCA,BRCA,True,True,False,False,False
5595,OV,KIPAN,BRCA,False,False,False,False,True
5596,COAD,SARC,PCPG,False,False,False,False,True
5597,STES,STES,STES,True,True,False,False,False
5598,KIRC,KIRC,KIRC,True,True,False,False,False
5599,PAAD,OV,OV,False,False,False,False,False
5600,GBMLGG,GBMLGG,GBMLGG,True,True,False,False,False
5601,BRCA,SARC,BRCA,False,True,True,False,True
5602,LUSC,LUSC,LUSC,True,True,False,False,False
5603,THCA,PRAD,PRAD,False,False,False,False,False
5604,STES,STES,STES,True,True,False,False,False
5605,UCEC,BRCA,BRCA,False,False,False,False,False
5606,LUSC,LUSC,LUAD,True,False,False,True,True
5607,LGG,GBMLGG,GBMLGG,False,False,False,False,False
5608,LAML,LAML,LAML,True,True,False,False,False
5609,TGCT,TGCT,TGCT,True,True,False,False,False
5610,COAD,COAD,COAD,True,True,False,False,False
5611,PAAD,PAAD,PAAD,True,True,False,False,False
5612,COAD,COAD,COAD,True,True,False,False,False
5613,STES,BRCA,OV,False,False,False,False,True
5614,BRCA,BRCA,BRCA,True,True,False,False,False
5615,KIPAN,KIPAN,KIPAN,True,True,False,False,False
5616,KIPAN,KIPAN,KIPAN,True,True,False,False,False
5617,KIPAN,STES,LIHC,False,False,False,False,True
5618,THCA,PCPG,PCPG,False,False,False,False,False
5619,STES,HNSC,STES,False,True,True,False,True
5620,BRCA,PRAD,PRAD,False,False,False,False,False
5621,THCA,THCA,THCA,True,True,False,False,False
5622,STES,LUAD,LUAD,False,False,False,False,False
5623,KIPAN,KIPAN,KIPAN,True,True,False,False,False
5624,STES,STES,STES,True,True,False,False,False
5625,THCA,THYM,THYM,False,False,False,False,False
5626,KIRC,KIRC,KIRC,True,True,False,False,False
5627,HNSC,LUSC,LUSC,False,False,False,False,False
5628,LUAD,LUSC,LUSC,False,False,False,False,False
5629,LIHC,LIHC,LIHC,True,True,False,False,False
5630,THCA,THCA,THCA,True,True,False,False,False
5631,KIPAN,KIRC,KIRC,False,False,False,False,False
5632,HNSC,CESC,HNSC,False,True,True,False,True
5633,THCA,THCA,THCA,True,True,False,False,False
5634,TGCT,TGCT,TGCT,True,True,False,False,False
5635,BRCA,BRCA,BRCA,True,True,False,False,False
5636,KIPAN,KIPAN,KIPAN,True,True,False,False,False
5637,OV,STES,STES,False,False,False,False,False
5638,BRCA,PRAD,THCA,False,False,False,False,True
5639,THCA,THCA,THCA,True,True,False,False,False
5640,PRAD,PRAD,PRAD,True,True,False,False,False
5641,LUSC,LUSC,LUSC,True,True,False,False,False
5642,SKCM,SKCM,SKCM,True,True,False,False,False
5643,SARC,BRCA,BRCA,False,False,False,False,False
5644,COAD,KIPAN,CESC,False,False,False,False,True
5645,KIPAN,KIPAN,KIPAN,True,True,False,False,False
5646,TGCT,TGCT,TGCT,True,True,False,False,False
5647,LGG,LGG,LGG,True,True,False,False,False
5648,THYM,THYM,THYM,True,True,False,False,False
5649,GBMLGG,GBMLGG,GBMLGG,True,True,False,False,False
5650,PRAD,PRAD,PRAD,True,True,False,False,False
5651,LUAD,BRCA,BRCA,False,False,False,False,False
5652,STES,STES,STES,True,True,False,False,False
5653,KIPAN,LIHC,LIHC,False,False,False,False,False
5654,LIHC,LGG,LGG,False,False,False,False,False
5655,HNSC,PAAD,SARC,False,False,False,False,True
5656,GBMLGG,GBMLGG,GBMLGG,True,True,False,False,False
5657,GBMLGG,LGG,GBMLGG,False,True,True,False,True
5658,KIPAN,KIPAN,KIPAN,True,True,False,False,False
5659,UCEC,UCEC,UCEC,True,True,False,False,False
5660,SKCM,SKCM,SKCM,True,True,False,False,False
5661,LIHC,STES,STES,False,False,False,False,False
5662,HNSC,HNSC,CESC,True,False,False,True,True
5663,GBMLGG,GBMLGG,GBMLGG,True,True,False,False,False
5664,BRCA,BRCA,BRCA,True,True,False,False,False
5665,BRCA,PAAD,PAAD,False,False,False,False,False
5666,BRCA,BRCA,BRCA,True,True,False,False,False
5667,STES,PAAD,PAAD,False,False,False,False,False
5668,KIPAN,KIPAN,KIPAN,True,True,False,False,False
5669,STES,HNSC,HNSC,False,False,False,False,False
5670,BRCA,BRCA,BRCA,True,True,False,False,False
5671,PRAD,THYM,THYM,False,False,False,False,False
5672,BRCA,GBMLGG,GBMLGG,False,False,False,False,False
5673,LUAD,LUAD,LUAD,True,True,False,False,False
5674,HNSC,HNSC,HNSC,True,True,False,False,False
5675,BRCA,BRCA,BRCA,True,True,False,False,False
5676,LGG,LGG,LGG,True,True,False,False,False
5677,KIPAN,KIPAN,KIPAN,True,True,False,False,False
5678,UCEC,UCEC,UCEC,True,True,False,False,False
5679,STES,LUSC,LUSC,False,False,False,False,False
5680,LUSC,HNSC,HNSC,False,False,False,False,False
5681,TGCT,TGCT,TGCT,True,True,False,False,False
5682,LUAD,LUSC,LUSC,False,False,False,False,False
5683,UCEC,COAD,COAD,False,False,False,False,False
5684,THYM,HNSC,PAAD,False,False,False,False,True
5685,BRCA,BRCA,PRAD,True,False,False,True,True
5686,BRCA,BRCA,BRCA,True,True,False,False,False
5687,GBMLGG,GBMLGG,GBMLGG,True,True,False,False,False
5688,KIPAN,TGCT,TGCT,False,False,False,False,False
5689,BLCA,HNSC,LUSC,False,False,False,False,True
5690,CESC,CESC,CESC,True,True,False,False,False
5691,LGG,LAML,LAML,False,False,False,False,False
5692,KIPAN,KIPAN,KIPAN,True,True,False,False,False
5693,BRCA,OV,OV,False,False,False,False,False
5694,PCPG,PCPG,PCPG,True,True,False,False,False
5695,BRCA,BRCA,BRCA,True,True,False,False,False
5696,BRCA,BRCA,BRCA,True,True,False,False,False
5697,PRAD,PRAD,PCPG,True,False,False,True,True
5698,LAML,LAML,LAML,True,True,False,False,False
5699,HNSC,HNSC,HNSC,True,True,False,False,False
5700,TGCT,KIPAN,KIPAN,False,False,False,False,False
5701,LUAD,LUAD,LUAD,True,True,False,False,False
5702,TGCT,TGCT,TGCT,True,True,False,False,False
5703,KIRC,KIRC,KIRC,True,True,False,False,False
5704,PRAD,PRAD,PRAD,True,True,False,False,False
5705,UCEC,UCEC,UCEC,True,True,False,False,False
5706,SKCM,SKCM,SKCM,True,True,False,False,False
5707,SKCM,SKCM,SKCM,True,True,False,False,False
5708,LAML,THYM,THYM,False,False,False,False,False
5709,BRCA,CESC,CESC,False,False,False,False,False
5710,OV,OV,BRCA,True,False,False,True,True
5711,KIPAN,KIPAN,KIPAN,True,True,False,False,False
5712,KIRC,KIPAN,KIPAN,False,False,False,False,False
5713,THCA,BRCA,BRCA,False,False,False,False,False
5714,SKCM,SKCM,SKCM,True,True,False,False,False
5715,BRCA,BRCA,BRCA,True,True,False,False,False
5716,THCA,BRCA,PRAD,False,False,False,False,True
5717,BLCA,BRCA,BRCA,False,False,False,False,False
5718,BRCA,PRAD,THCA,False,False,False,False,True
5719,OV,PRAD,PRAD,False,False,False,False,False
5720,STES,STES,STES,True,True,False,False,False
5721,STES,SARC,SARC,False,False,False,False,False
5722,SARC,PRAD,PRAD,False,False,False,False,False
5723,LAML,LAML,LAML,True,True,False,False,False
5724,HNSC,STES,HNSC,False,True,True,False,True
5725,TGCT,TGCT,TGCT,True,True,False,False,False
5726,THCA,THCA,THCA,True,True,False,False,False
5727,THCA,THCA,THCA,True,True,False,False,False
5728,KIPAN,KIPAN,KIPAN,True,True,False,False,False
5729,HNSC,HNSC,GBMLGG,True,False,False,True,True
5730,THYM,THYM,THYM,True,True,False,False,False
5731,STES,GBMLGG,HNSC,False,False,False,False,True
5732,SKCM,SKCM,SKCM,True,True,False,False,False
5733,BRCA,SARC,SARC,False,False,False,False,False
5734,THCA,THCA,THCA,True,True,False,False,False
5735,PCPG,PRAD,PRAD,False,False,False,False,False
5736,STES,BRCA,BRCA,False,False,False,False,False
5737,KIRC,BRCA,KIPAN,False,False,False,False,True
5738,OV,OV,OV,True,True,False,False,False
5739,PCPG,PCPG,PCPG,True,True,False,False,False
5740,PCPG,PRAD,PRAD,False,False,False,False,False
5741,LGG,GBMLGG,GBMLGG,False,False,False,False,False
5742,TGCT,TGCT,TGCT,True,True,False,False,False
5743,THCA,THCA,THCA,True,True,False,False,False
5744,SKCM,SKCM,SKCM,True,True,False,False,False
5745,BRCA,UCEC,UCEC,False,False,False,False,False
5746,GBMLGG,LGG,LGG,False,False,False,False,False
5747,LAML,PRAD,PRAD,False,False,False,False,False
5748,LUSC,SKCM,SKCM,False,False,False,False,False
5749,PAAD,THYM,THYM,False,False,False,False,False
5750,KIPAN,KIPAN,KIPAN,True,True,False,False,False
5751,GBMLGG,LGG,LGG,False,False,False,False,False
5752,KIPAN,PRAD,BRCA,False,False,False,False,True
5753,LGG,LGG,LGG,True,True,False,False,False
5754,LUSC,CESC,BLCA,False,False,False,False,True
5755,GBMLGG,GBMLGG,LGG,True,False,False,True,True
5756,CESC,BRCA,PRAD,False,False,False,False,True
5757,KIPAN,KIPAN,KIPAN,True,True,False,False,False
5758,BRCA,OV,OV,False,False,False,False,False
5759,SKCM,SKCM,SKCM,True,True,False,False,False
5760,SARC,OV,SARC,False,True,True,False,True
5761,GBMLGG,GBMLGG,GBMLGG,True,True,False,False,False
5762,BRCA,OV,OV,False,False,False,False,False
5763,LGG,LGG,LGG,True,True,False,False,False
5764,STES,STES,STES,True,True,False,False,False
5765,OV,KIRC,KIPAN,False,False,False,False,True
5766,LUSC,LUSC,LUSC,True,True,False,False,False
5767,KIRC,KIRC,KIPAN,True,False,False,True,True
5768,LUAD,LUSC,LUSC,False,False,False,False,False
5769,BRCA,BRCA,BRCA,True,True,False,False,False
5770,KIPAN,KIPAN,KIPAN,True,True,False,False,False
5771,PCPG,PCPG,PCPG,True,True,False,False,False
5772,TGCT,TGCT,TGCT,True,True,False,False,False
5773,KIRC,KIRC,KIRC,True,True,False,False,False
5774,THCA,THCA,THCA,True,True,False,False,False
5775,PAAD,OV,OV,False,False,False,False,False
5776,LAML,LAML,LAML,True,True,False,False,False
5777,COAD,COAD,COAD,True,True,False,False,False
5778,COAD,COAD,COAD,True,True,False,False,False
5779,GBMLGG,LGG,LGG,False,False,False,False,False
5780,KIPAN,LIHC,LIHC,False,False,False,False,False
5781,THCA,KIRC,KIRC,False,False,False,False,False
5782,STES,STES,STES,True,True,False,False,False
5783,BRCA,OV,OV,False,False,False,False,False
5784,LGG,LGG,LGG,True,True,False,False,False
5785,SKCM,SKCM,SKCM,True,True,False,False,False
5786,PAAD,PAAD,PAAD,True,True,False,False,False
5787,LGG,LGG,LGG,True,True,False,False,False
5788,COAD,COAD,STES,True,False,False,True,True
5789,SKCM,SKCM,SKCM,True,True,False,False,False
5790,BRCA,CESC,CESC,False,False,False,False,False
5791,LUAD,GBMLGG,GBMLGG,False,False,False,False,False
5792,LIHC,LIHC,LIHC,True,True,False,False,False
5793,KIPAN,KIRC,KIRC,False,False,False,False,False
5794,STES,STES,STES,True,True,False,False,False
5795,BRCA,BRCA,BRCA,True,True,False,False,False
5796,KIRC,KIRC,KIRC,True,True,False,False,False
5797,SARC,SARC,SARC,True,True,False,False,False
5798,SARC,THYM,THYM,False,False,False,False,False
5799,UCEC,UCEC,UCEC,True,True,False,False,False
5800,TGCT,TGCT,TGCT,True,True,False,False,False
5801,KIPAN,CESC,KIPAN,False,True,True,False,True
5802,STES,PAAD,PAAD,False,False,False,False,False
5803,GBMLGG,LGG,GBMLGG,False,True,True,False,True
5804,THYM,THYM,THYM,True,True,False,False,False
5805,PCPG,PCPG,PCPG,True,True,False,False,False
5806,BRCA,OV,OV,False,False,False,False,False
5807,HNSC,CESC,CESC,False,False,False,False,False
5808,BRCA,BRCA,BRCA,True,True,False,False,False
5809,UCEC,UCEC,UCEC,True,True,False,False,False
5810,GBMLGG,LGG,LGG,False,False,False,False,False
5811,OV,OV,OV,True,True,False,False,False
5812,PRAD,BRCA,PCPG,False,False,False,False,True
5813,TGCT,TGCT,TGCT,True,True,False,False,False
5814,COAD,STES,COAD,False,True,True,False,True
5815,HNSC,GBMLGG,GBMLGG,False,False,False,False,False
5816,LAML,PRAD,THYM,False,False,False,False,True
5817,GBMLGG,GBMLGG,GBMLGG,True,True,False,False,False
5818,SKCM,SKCM,SKCM,True,True,False,False,False
5819,SKCM,KIPAN,KIPAN,False,False,False,False,False
5820,OV,KIRC,KIRC,False,False,False,False,False
5821,SKCM,SKCM,SKCM,True,True,False,False,False
5822,OV,SARC,SARC,False,False,False,False,False
5823,THCA,THCA,THCA,True,True,False,False,False
5824,SKCM,BRCA,BRCA,False,False,False,False,False
5825,LIHC,LUAD,LUAD,False,False,False,False,False
5826,THCA,PRAD,PRAD,False,False,False,False,False
5827,ACC,ACC,HNSC,True,False,False,True,True
5828,KIPAN,KIPAN,KIPAN,True,True,False,False,False
5829,COAD,COAD,COAD,True,True,False,False,False
5830,BRCA,BRCA,BRCA,True,True,False,False,False
5831,THCA,THCA,THCA,True,True,False,False,False
5832,GBMLGG,GBMLGG,GBMLGG,True,True,False,False,False
5833,UCEC,UCEC,UCEC,True,True,False,False,False
5834,PCPG,BRCA,THCA,False,False,False,False,True
5835,BRCA,BRCA,OV,True,False,False,True,True
5836,KIPAN,KIPAN,KIPAN,True,True,False,False,False
5837,KIPAN,KIRC,KIRC,False,False,False,False,False
5838,SKCM,SKCM,SKCM,True,True,False,False,False
5839,PAAD,PAAD,PAAD,True,True,False,False,False
5840,COAD,COAD,COAD,True,True,False,False,False
5841,GBMLGG,GBMLGG,GBMLGG,True,True,False,False,False
5842,COAD,COAD,COAD,True,True,False,False,False
5843,GBMLGG,GBMLGG,GBMLGG,True,True,False,False,False
5844,UCEC,UCEC,UCEC,True,True,False,False,False
5845,LIHC,LUAD,COAD,False,False,False,False,True
5846,SARC,STES,COAD,False,False,False,False,True
5847,KIPAN,KIRC,KIPAN,False,True,True,False,True
5848,BRCA,PCPG,PCPG,False,False,False,False,False
5849,COAD,COAD,COAD,True,True,False,False,False
5850,COAD,COAD,COAD,True,True,False,False,False
5851,BRCA,LIHC,OV,False,False,False,False,True
5852,KIPAN,KIPAN,KIPAN,True,True,False,False,False
5853,SKCM,SKCM,SKCM,True,True,False,False,False
5854,THCA,PRAD,PRAD,False,False,False,False,False
5855,PCPG,PCPG,THCA,True,False,False,True,True
5856,OV,LIHC,LIHC,False,False,False,False,False
5857,KIRC,KIPAN,KIPAN,False,False,False,False,False
5858,BRCA,PCPG,PCPG,False,False,False,False,False
5859,SARC,BRCA,CESC,False,False,False,False,True
5860,LIHC,LIHC,LIHC,True,True,False,False,False
5861,STES,GBMLGG,LUAD,False,False,False,False,True
5862,LIHC,LIHC,LIHC,True,True,False,False,False
5863,BRCA,BRCA,BRCA,True,True,False,False,False
5864,BRCA,OV,OV,False,False,False,False,False
5865,BRCA,OV,OV,False,False,False,False,False
5866,UCEC,UCEC,UCEC,True,True,False,False,False
5867,LUAD,LUAD,LUAD,True,True,False,False,False
5868,BRCA,KIPAN,BRCA,False,True,True,False,True
5869,COAD,COAD,COAD,True,True,False,False,False
5870,LGG,SARC,SARC,False,False,False,False,False
5871,KIPAN,BRCA,BRCA,False,False,False,False,False
5872,BRCA,SARC,BRCA,False,True,True,False,True
5873,KIPAN,KIPAN,KIPAN,True,True,False,False,False
5874,OV,KIPAN,KIPAN,False,False,False,False,False
5875,LGG,LGG,LGG,True,True,False,False,False
5876,BRCA,LIHC,LIHC,False,False,False,False,False
5877,KIRC,KIRC,KIPAN,True,False,False,True,True
5878,KIRC,KIPAN,KIPAN,False,False,False,False,False
5879,THCA,THCA,THCA,True,True,False,False,False
5880,PAAD,PAAD,PAAD,True,True,False,False,False
5881,SKCM,SKCM,SKCM,True,True,False,False,False
5882,KIRC,KIRC,KIRC,True,True,False,False,False
5883,BRCA,STES,STES,False,False,False,False,False
5884,KIRC,KIRC,KIRC,True,True,False,False,False
5885,GBMLGG,GBMLGG,GBMLGG,True,True,False,False,False
5886,KIPAN,KIPAN,KIPAN,True,True,False,False,False
5887,GBMLGG,BRCA,GBMLGG,False,True,True,False,True
5888,GBMLGG,GBMLGG,GBMLGG,True,True,False,False,False
5889,STES,STES,STES,True,True,False,False,False
5890,UCEC,UCEC,UCEC,True,True,False,False,False
5891,SARC,PRAD,PRAD,False,False,False,False,False
5892,PCPG,PCPG,PCPG,True,True,False,False,False
5893,KIRC,KIRC,KIRC,True,True,False,False,False
5894,CESC,CESC,BLCA,True,False,False,True,True
5895,HNSC,HNSC,HNSC,True,True,False,False,False
5896,BLCA,HNSC,HNSC,False,False,False,False,False
5897,SKCM,SKCM,SKCM,True,True,False,False,False
5898,GBMLGG,GBMLGG,GBMLGG,True,True,False,False,False
5899,PRAD,PRAD,PRAD,True,True,False,False,False
5900,PAAD,HNSC,PAAD,False,True,True,False,True
5901,ACC,ACC,ACC,True,True,False,False,False
5902,PRAD,LUSC,LUSC,False,False,False,False,False
5903,SARC,PRAD,PRAD,False,False,False,False,False
5904,KIPAN,KIPAN,KIPAN,True,True,False,False,False
5905,GBMLGG,SARC,SARC,False,False,False,False,False
5906,HNSC,OV,SARC,False,False,False,False,True
5907,STES,PRAD,STES,False,True,True,False,True
5908,KIPAN,KIPAN,KIPAN,True,True,False,False,False
5909,PRAD,KIRC,BRCA,False,False,False,False,True
5910,HNSC,LIHC,LIHC,False,False,False,False,False
5911,PRAD,BRCA,PRAD,False,True,True,False,True
5912,CESC,UCEC,GBMLGG,False,False,False,False,True
5913,HNSC,PRAD,PRAD,False,False,False,False,False
5914,STES,COAD,COAD,False,False,False,False,False
5915,UCEC,UCEC,UCEC,True,True,False,False,False
5916,OV,SARC,SARC,False,False,False,False,False
5917,ACC,ACC,ACC,True,True,False,False,False
5918,KIRC,KIRC,KIRC,True,True,False,False,False
5919,PCPG,PRAD,PRAD,False,False,False,False,False
5920,BRCA,STES,STES,False,False,False,False,False
5921,COAD,COAD,COAD,True,True,False,False,False
5922,PRAD,PRAD,PRAD,True,True,False,False,False
5923,LAML,LAML,LAML,True,True,False,False,False
5924,HNSC,PAAD,PAAD,False,False,False,False,False
5925,UCEC,UCEC,BRCA,True,False,False,True,True
5926,KIPAN,STES,HNSC,False,False,False,False,True
5927,PCPG,THCA,THCA,False,False,False,False,False
5928,LGG,LGG,LGG,True,True,False,False,False
5929,BRCA,BRCA,BRCA,True,True,False,False,False
5930,SARC,OV,OV,False,False,False,False,False
5931,KIPAN,KIPAN,KIPAN,True,True,False,False,False
5932,STES,STES,STES,True,True,False,False,False
5933,SKCM,SKCM,SKCM,True,True,False,False,False
5934,KIPAN,OV,KIRC,False,False,False,False,True
5935,UCEC,UCEC,UCEC,True,True,False,False,False
5936,KIRC,KIRC,KIRC,True,True,False,False,False
5937,LUAD,CESC,CESC,False,False,False,False,False
5938,PAAD,PAAD,OV,True,False,False,True,True
5939,GBMLGG,GBMLGG,GBMLGG,True,True,False,False,False
5940,PAAD,PAAD,PAAD,True,True,False,False,False
5941,KIRC,KIRC,KIRC,True,True,False,False,False
5942,SARC,SKCM,SKCM,False,False,False,False,False
5943,CESC,CESC,CESC,True,True,False,False,False
5944,BRCA,OV,OV,False,False,False,False,False
5945,LAML,LAML,LAML,True,True,False,False,False
5946,KIRC,TGCT,TGCT,False,False,False,False,False
5947,KIPAN,KIPAN,KIPAN,True,True,False,False,False
5948,BRCA,SARC,BRCA,False,True,True,False,True
5949,SARC,BRCA,BRCA,False,False,False,False,False
5950,PCPG,PCPG,PCPG,True,True,False,False,False
5951,LGG,LGG,LGG,True,True,False,False,False
5952,STES,BRCA,KIPAN,False,False,False,False,True
5953,CESC,CESC,CESC,True,True,False,False,False
5954,TGCT,TGCT,TGCT,True,True,False,False,False
5955,BRCA,GBMLGG,GBMLGG,False,False,False,False,False
5956,THCA,PCPG,PCPG,False,False,False,False,False
5957,BRCA,BRCA,BRCA,True,True,False,False,False
5958,KIRC,KIRC,KIRC,True,True,False,False,False
5959,BRCA,BRCA,BRCA,True,True,False,False,False
5960,KIPAN,KIRC,KIRC,False,False,False,False,False
5961,OV,PRAD,PCPG,False,False,False,False,True
5962,SARC,BRCA,PRAD,False,False,False,False,True
5963,THCA,PCPG,PCPG,False,False,False,False,False
5964,SARC,PRAD,PRAD,False,False,False,False,False
5965,LIHC,LIHC,LIHC,True,True,False,False,False
5966,BRCA,CESC,CESC,False,False,False,False,False
5967,SARC,SARC,SARC,True,True,False,False,False
5968,BRCA,BRCA,BRCA,True,True,False,False,False
5969,LAML,LAML,LAML,True,True,False,False,False
5970,THCA,SARC,THYM,False,False,False,False,True
5971,THCA,PCPG,PCPG,False,False,False,False,False
5972,THCA,THYM,THYM,False,False,False,False,False
5973,THCA,THCA,THCA,True,True,False,False,False
5974,GBMLGG,GBMLGG,GBMLGG,True,True,False,False,False
5975,BRCA,BRCA,BRCA,True,True,False,False,False
5976,BRCA,PAAD,PAAD,False,False,False,False,False
5977,HNSC,KIPAN,BRCA,False,False,False,False,True
5978,SKCM,SKCM,SKCM,True,True,False,False,False
5979,KIPAN,KIPAN,KIPAN,True,True,False,False,False
5980,UCEC,UCEC,UCEC,True,True,False,False,False
5981,BRCA,BRCA,BRCA,True,True,False,False,False
5982,GBMLGG,GBMLGG,GBMLGG,True,True,False,False,False
5983,THCA,THCA,THCA,True,True,False,False,False
5984,THYM,PCPG,PCPG,False,False,False,False,False
5985,LIHC,HNSC,HNSC,False,False,False,False,False
5986,LIHC,LIHC,LIHC,True,True,False,False,False
5987,LUSC,LUSC,KIPAN,True,False,False,True,True
5988,LAML,LAML,LAML,True,True,False,False,False
5989,KIPAN,SARC,KIRC,False,False,False,False,True
5990,LIHC,LIHC,LIHC,True,True,False,False,False
5991,STES,STES,STES,True,True,False,False,False
5992,HNSC,PAAD,PAAD,False,False,False,False,False
5993,HNSC,BRCA,BRCA,False,False,False,False,False
5994,PRAD,PRAD,SARC,True,False,False,True,True
5995,LUSC,LUSC,LUSC,True,True,False,False,False
5996,GBMLGG,LGG,GBMLGG,False,True,True,False,True
5997,SARC,BRCA,KIRC,False,False,False,False,True
5998,STES,COAD,GBMLGG,False,False,False,False,True
5999,THCA,THCA,THCA,True,True,False,False,False
6000,PCPG,PRAD,PRAD,False,False,False,False,False
6001,SKCM,SKCM,SKCM,True,True,False,False,False
6002,BRCA,PCPG,PCPG,False,False,False,False,False
6003,THCA,PCPG,PCPG,False,False,False,False,False
6004,STES,BRCA,BRCA,False,False,False,False,False
6005,BRCA,BRCA,BRCA,True,True,False,False,False
6006,KIPAN,KIPAN,KIPAN,True,True,False,False,False
6007,LAML,PRAD,LAML,False,True,True,False,True
6008,THYM,PRAD,SARC,False,False,False,False,True
6009,LGG,LGG,LGG,True,True,False,False,False
6010,KIPAN,KIPAN,KIPAN,True,True,False,False,False
6011,BRCA,BRCA,BRCA,True,True,False,False,False
6012,BRCA,PRAD,PRAD,False,False,False,False,False
6013,PRAD,LAML,LAML,False,False,False,False,False
6014,SKCM,SKCM,SKCM,True,True,False,False,False
6015,SKCM,SKCM,SKCM,True,True,False,False,False
6016,LUAD,LUAD,LUSC,True,False,False,True,True
6017,BRCA,STES,STES,False,False,False,False,False
6018,GBMLGG,LGG,LGG,False,False,False,False,False
6019,BRCA,BRCA,BRCA,True,True,False,False,False
6020,KIPAN,LIHC,KIPAN,False,True,True,False,True
6021,KIRC,KIRC,KIRC,True,True,False,False,False
6022,KIPAN,KIPAN,KIPAN,True,True,False,False,False
6023,LUAD,GBMLGG,SARC,False,False,False,False,True
6024,KIPAN,KIRC,KIPAN,False,True,True,False,True
6025,STES,LUSC,LUAD,False,False,False,False,True
6026,CESC,BRCA,SKCM,False,False,False,False,True
6027,KIPAN,KIPAN,KIPAN,True,True,False,False,False
6028,PRAD,THCA,LAML,False,False,False,False,True
6029,LIHC,LIHC,LIHC,True,True,False,False,False
6030,BRCA,BRCA,BRCA,True,True,False,False,False
6031,GBMLGG,GBMLGG,GBMLGG,True,True,False,False,False
6032,THYM,THCA,THCA,False,False,False,False,False
6033,BRCA,BRCA,BRCA,True,True,False,False,False
6034,OV,OV,OV,True,True,False,False,False
6035,ACC,ACC,ACC,True,True,False,False,False
6036,LGG,GBMLGG,GBMLGG,False,False,False,False,False
6037,THYM,BRCA,THCA,False,False,False,False,True
6038,UCEC,COAD,COAD,False,False,False,False,False
6039,GBMLGG,GBMLGG,GBMLGG,True,True,False,False,False
6040,BRCA,BRCA,BRCA,True,True,False,False,False
6041,KIPAN,LAML,LAML,False,False,False,False,False
6042,STES,STES,STES,True,True,False,False,False
6043,TGCT,TGCT,TGCT,True,True,False,False,False
6044,KIRC,KIRC,KIRC,True,True,False,False,False
6045,BRCA,BRCA,BRCA,True,True,False,False,False
6046,THCA,THCA,THCA,True,True,False,False,False
6047,GBMLGG,TGCT,TGCT,False,False,False,False,False
6048,KIPAN,KIRC,KIPAN,False,True,True,False,True
6049,UCEC,UCEC,UCEC,True,True,False,False,False
6050,LGG,GBMLGG,GBMLGG,False,False,False,False,False
6051,DLBC,STES,LIHC,False,False,False,False,True
6052,THCA,SARC,SARC,False,False,False,False,False
6053,GBMLGG,LGG,LGG,False,False,False,False,False
6054,KIPAN,KIPAN,KIPAN,True,True,False,False,False
6055,STES,GBMLGG,GBMLGG,False,False,False,False,False
6056,LUSC,LUSC,LUSC,True,True,False,False,False
6057,KIPAN,KIPAN,KIPAN,True,True,False,False,False
6058,STES,STES,STES,True,True,False,False,False
6059,SKCM,SKCM,SKCM,True,True,False,False,False
6060,SARC,KIPAN,SARC,False,True,True,False,True
6061,BRCA,OV,OV,False,False,False,False,False
6062,SKCM,SKCM,SKCM,True,True,False,False,False
6063,KIRC,KIRC,KIRC,True,True,False,False,False
6064,KIRC,KIRC,KIRC,True,True,False,False,False
6065,BRCA,BRCA,BRCA,True,True,False,False,False
6066,BRCA,GBMLGG,PAAD,False,False,False,False,True
6067,PCPG,KIRC,KIRC,False,False,False,False,False
6068,UCEC,UCEC,UCEC,True,True,False,False,False
6069,LGG,PRAD,GBMLGG,False,False,False,False,True
6070,PRAD,PRAD,PRAD,True,True,False,False,False
6071,GBMLGG,LGG,LGG,False,False,False,False,False
6072,STES,STES,STES,True,True,False,False,False
6073,LUAD,CESC,CESC,False,False,False,False,False
6074,THCA,THYM,THYM,False,False,False,False,False
6075,KIRC,KIRC,KIRC,True,True,False,False,False
6076,LUAD,SARC,SARC,False,False,False,False,False
6077,OV,OV,OV,True,True,False,False,False
6078,SARC,OV,OV,False,False,False,False,False
6079,GBMLGG,DLBC,DLBC,False,False,False,False,False
6080,TGCT,TGCT,TGCT,True,True,False,False,False
6081,SKCM,SKCM,SKCM,True,True,False,False,False
6082,ACC,KIPAN,ACC,False,True,True,False,True
6083,BRCA,BRCA,BRCA,True,True,False,False,False
6084,THCA,THCA,THCA,True,True,False,False,False
6085,HNSC,HNSC,HNSC,True,True,False,False,False
6086,GBMLGG,GBMLGG,GBMLGG,True,True,False,False,False
6087,GBMLGG,UCEC,GBMLGG,False,True,True,False,True
6088,KIPAN,TGCT,KIPAN,False,True,True,False,True
6089,LIHC,LIHC,UCEC,True,False,False,True,True
6090,STES,STES,STES,True,True,False,False,False
6091,KIPAN,KIRC,KIRC,False,False,False,False,False
6092,THCA,THCA,THCA,True,True,False,False,False
6093,KIPAN,KIPAN,KIPAN,True,True,False,False,False
6094,BRCA,BRCA,BRCA,True,True,False,False,False
6095,SARC,KIPAN,PCPG,False,False,False,False,True
6096,KIPAN,KIRC,KIPAN,False,True,True,False,True
6097,BRCA,BRCA,BRCA,True,True,False,False,False
6098,OV,TGCT,SARC,False,False,False,False,True
6099,STES,STES,STES,True,True,False,False,False
6100,STES,STES,OV,True,False,False,True,True
6101,BRCA,BRCA,BRCA,True,True,False,False,False
6102,PAAD,GBMLGG,GBMLGG,False,False,False,False,False
6103,LAML,LAML,LAML,True,True,False,False,False
6104,PCPG,THYM,THYM,False,False,False,False,False
6105,THCA,BRCA,PCPG,False,False,False,False,True
6106,GBMLGG,GBMLGG,GBMLGG,True,True,False,False,False
6107,LGG,LGG,LGG,True,True,False,False,False
6108,LIHC,OV,PRAD,False,False,False,False,True
6109,LGG,LGG,LGG,True,True,False,False,False
6110,TGCT,KIPAN,KIRC,False,False,False,False,True
6111,KIPAN,KIPAN,KIPAN,True,True,False,False,False
6112,COAD,COAD,COAD,True,True,False,False,False
6113,THCA,THCA,THCA,True,True,False,False,False
6114,BRCA,KIPAN,KIPAN,False,False,False,False,False
6115,PCPG,KIRC,KIRC,False,False,False,False,False
6116,LGG,THYM,THYM,False,False,False,False,False
6117,CESC,BLCA,BLCA,False,False,False,False,False
6118,LIHC,LIHC,GBMLGG,True,False,False,True,True
6119,KIRC,KIRC,KIRC,True,True,False,False,False
6120,KIPAN,KIPAN,KIPAN,True,True,False,False,False
6121,BRCA,BRCA,BRCA,True,True,False,False,False
6122,STES,COAD,COAD,False,False,False,False,False
6123,BLCA,BLCA,BLCA,True,True,False,False,False
6124,LIHC,KIPAN,STES,False,False,False,False,True
6125,LGG,LGG,LGG,True,True,False,False,False
6126,BRCA,BRCA,BRCA,True,True,False,False,False
6127,HNSC,BLCA,BLCA,False,False,False,False,False
6128,GBMLGG,LGG,GBMLGG,False,True,True,False,True
6129,OV,OV,OV,True,True,False,False,False
6130,GBMLGG,GBMLGG,GBMLGG,True,True,False,False,False
6131,DLBC,SKCM,STES,False,False,False,False,True
6132,KIPAN,BRCA,STES,False,False,False,False,True
6133,BRCA,BRCA,BRCA,True,True,False,False,False
6134,CESC,THYM,THYM,False,False,False,False,False
6135,STES,LUAD,LUAD,False,False,False,False,False
6136,SARC,BRCA,PAAD,False,False,False,False,True
6137,KIPAN,TGCT,TGCT,False,False,False,False,False
6138,HNSC,KIPAN,KIPAN,False,False,False,False,False
6139,OV,STES,OV,False,True,True,False,True
6140,UCEC,UCEC,STES,True,False,False,True,True
6141,HNSC,LIHC,LIHC,False,False,False,False,False
6142,KIRC,KIRC,KIRC,True,True,False,False,False
6143,GBMLGG,GBMLGG,LGG,True,False,False,True,True
6144,THYM,BRCA,PRAD,False,False,False,False,True
6145,SARC,OV,OV,False,False,False,False,False
6146,BRCA,THCA,THCA,False,False,False,False,False
6147,PRAD,PRAD,THCA,True,False,False,True,True
6148,ACC,ACC,TGCT,True,False,False,True,True
6149,THCA,THCA,THCA,True,True,False,False,False
6150,BRCA,BRCA,BRCA,True,True,False,False,False
6151,SKCM,LUAD,SKCM,False,True,True,False,True
6152,PRAD,PCPG,KIRC,False,False,False,False,True
6153,SKCM,SKCM,SKCM,True,True,False,False,False
6154,GBMLGG,GBMLGG,GBMLGG,True,True,False,False,False
6155,LGG,LGG,LGG,True,True,False,False,False
6156,COAD,UCEC,UCEC,False,False,False,False,False
6157,BRCA,SARC,BRCA,False,True,True,False,True
6158,HNSC,LUSC,LUSC,False,False,False,False,False
6159,THCA,THCA,THCA,True,True,False,False,False
6160,KIRC,KIRC,KIRC,True,True,False,False,False
6161,LUSC,LUSC,LUSC,True,True,False,False,False
6162,BRCA,OV,OV,False,False,False,False,False
6163,KIPAN,KIPAN,KIPAN,True,True,False,False,False
6164,LIHC,LUSC,LUSC,False,False,False,False,False
6165,BRCA,BRCA,BRCA,True,True,False,False,False
6166,COAD,PAAD,PAAD,False,False,False,False,False
6167,KIRC,KIRC,KIRC,True,True,False,False,False
6168,PAAD,PAAD,PAAD,True,True,False,False,False
6169,BLCA,LUSC,LUSC,False,False,False,False,False
6170,PRAD,PRAD,PRAD,True,True,False,False,False
6171,GBMLGG,GBMLGG,GBMLGG,True,True,False,False,False
6172,SKCM,SKCM,SKCM,True,True,False,False,False
6173,PRAD,PRAD,PRAD,True,True,False,False,False
6174,COAD,OV,OV,False,False,False,False,False
6175,LUAD,OV,STES,False,False,False,False,True
6176,KIRC,KIRC,KIRC,True,True,False,False,False
6177,KIRC,KIRC,KIRC,True,True,False,False,False
6178,LAML,LAML,LAML,True,True,False,False,False
6179,BRCA,PCPG,PCPG,False,False,False,False,False
6180,CESC,KIRC,KIRC,False,False,False,False,False
6181,KIRC,KIPAN,KIPAN,False,False,False,False,False
6182,LIHC,TGCT,TGCT,False,False,False,False,False
6183,THCA,THCA,THCA,True,True,False,False,False
6184,THCA,PCPG,PCPG,False,False,False,False,False
6185,BRCA,PCPG,PCPG,False,False,False,False,False
6186,KIPAN,KIPAN,KIPAN,True,True,False,False,False
6187,COAD,COAD,COAD,True,True,False,False,False
6188,PRAD,KIPAN,KIPAN,False,False,False,False,False
6189,TGCT,PCPG,PCPG,False,False,False,False,False
6190,PCPG,PCPG,PCPG,True,True,False,False,False
6191,OV,BRCA,BRCA,False,False,False,False,False
6192,LIHC,STES,LIHC,False,True,True,False,True
6193,COAD,COAD,COAD,True,True,False,False,False
6194,KIPAN,KIPAN,KIPAN,True,True,False,False,False
6195,SARC,OV,OV,False,False,False,False,False
6196,LUAD,LUAD,LUAD,True,True,False,False,False
6197,LGG,GBMLGG,GBMLGG,False,False,False,False,False
6198,COAD,COAD,COAD,True,True,False,False,False
6199,TGCT,PRAD,PRAD,False,False,False,False,False
6200,SKCM,SKCM,SKCM,True,True,False,False,False
