true_class,true_rank,top1_class,top1_probability,margin,entropy,correct
KIPAN,6,LIHC,0.13815834232079255,0.028827292858176132,2.8769308942718754,False
SARC,7,GBMLGG,0.22858000872696907,0.0975461498906749,2.5930689208445554,False
SKCM,1,SKCM,0.9752298627187138,0.9693316541908114,0.1651691786726939,True
KIRC,2,PRAD,0.18812359312323979,0.022972450799572303,2.715606939117437,False
GBMLGG,2,PAAD,0.20688090222744235,0.04707488191051856,2.3567541557871197,False
STES,1,STES,0.9286136233955298,0.8804606801334581,0.34854807865533466,True
BRCA,1,BRCA,0.43420842245694674,0.27446313174423387,2.0532739399168,True
THCA,2,PCPG,0.22300633700829273,0.01526087414561636,2.0348690753204424,False
LIHC,6,PRAD,0.13400177975841368,0.01929263071339772,2.8986854739339205,False
STES,3,COAD,0.16959718626929923,0.027023972287272713,2.625978904473882,False
STES,24,PCPG,0.12673672434697975,0.0035507826318943725,2.8979042343258437,False
HNSC,4,LUAD,0.14739788320979247,0.009899749849711537,2.6704366277597007,False
KIRC,6,BRCA,0.21337414672146507,0.03040003902539773,2.656516758212102,False
PAAD,1,PAAD,0.22744466263169397,0.07752185517565405,2.5688553366218927,True
SKCM,1,SKCM,0.9967077953643076,0.9954636709596743,0.027699871426352572,True
OV,21,KIPAN,0.1269470956899153,0.013283730145505226,2.851682410752822,False
KIPAN,9,STES,0.15576557866306298,0.05724710047478268,2.906640173993264,False
KIPAN,2,KIRC,0.42562463280387014,0.16297731715219177,1.6287096356868886,False
BRCA,7,LAML,0.41899782563314675,0.28824343816429093,1.8969773874821276,False
PRAD,3,BRCA,0.11859613894955848,6.734580359772646e-05,2.919607484410715,False
GBMLGG,13,THYM,0.3653799254112498,0.20850927892007587,2.009855356817581,False
UCEC,4,OV,0.30843171928838,0.0860063893272662,2.1419202038701286,False
GBMLGG,1,GBMLGG,0.41947332055285974,0.25627174661632923,2.0580190538322496,True
LAML,1,LAML,0.17731030832151756,0.053080466545911836,2.7425979717428826,True
COAD,1,COAD,0.7467349305317881,0.5870893702702722,0.8182632663001184,True
STES,1,STES,0.4262331916352026,0.3254536234985291,2.132723583062318,True
BRCA,1,BRCA,0.2776689995208535,0.09377395183181869,2.570365332528794,True
THCA,1,THCA,0.8682856376941808,0.8393747293328496,0.6878747502025911,True
BRCA,7,PCPG,0.17221960191330646,0.011481107118645861,2.5389551377577977,False
SKCM,1,SKCM,0.9785516218348825,0.9716559340145603,0.14514222967520107,True
ACC,1,ACC,0.9779936232790851,0.9723421799226472,0.16150353362073805,True
GBMLGG,2,LGG,0.5556385304185959,0.2418949213311094,1.2564592383424154,False
HNSC,1,HNSC,0.5306853608382186,0.44964128197911357,1.8689564367325293,True
KIRC,1,KIRC,0.3076588906910292,0.14474697869401174,2.503778735952372,True
KIRC,1,KIRC,0.7915807369591455,0.6474148593272465,0.820647933797963,True
PRAD,2,PCPG,0.20124813193948793,0.07167396652228344,2.5366737668145434,False
LGG,1,LGG,0.5313226284106746,0.1733408771577195,1.2363098930075096,True
LUSC,2,STES,0.334318649255442,0.006501823305970156,1.870808753698159,False
LUSC,1,LUSC,0.37469973354356306,0.25415490552436837,2.1856163595582894,True
BRCA,2,OV,0.3343008685115615,0.21414225509283047,2.4538918190697387,False
BRCA,4,OV,0.19907878742460727,0.04858752819854406,2.663159301156144,False
UCEC,1,UCEC,0.9696443166208704,0.9582094457482058,0.1948535559410314,True
KIRC,1,KIRC,0.7602328832565001,0.5467839962552297,0.7032956306903648,True
GBMLGG,2,LGG,0.496049273472072,0.13467809246694656,1.388777770164689,False
ACC,1,ACC,0.6532529072739357,0.48605159528031094,1.290871813885048,True
LUAD,2,LIHC,0.2702244213513132,0.0646654812411521,2.4053954906202963,False
BRCA,1,BRCA,0.5330368707050726,0.47143563620025186,2.061073354105241,True
SKCM,1,SKCM,0.8673320542816726,0.7711126166650707,0.5240701570565839,True
STES,1,STES,0.09458901125319137,0.009471736239688666,2.9554854173292364,True
LUSC,1,LUSC,0.45373093900284556,0.32000397629434674,1.8676348506803124,True
ACC,1,ACC,0.9884919283383858,0.9868745004813404,0.09466620020649759,True
BRCA,2,PRAD,0.0977509479945983,0.0028198510730109982,2.9836895971663617,False
KIRC,1,KIRC,0.4368544017140609,0.20200981747522423,1.680866781815153,True
GBMLGG,1,GBMLGG,0.33949491231460044,0.08853155335362545,2.2031538721030026,True
UCEC,2,COAD,0.5798805707844883,0.3654786790461343,1.2386461773556285,False
PRAD,7,PCPG,0.14069033281295346,0.06338617555156931,2.935345873320578,False
BRCA,1,BRCA,0.20395876752155043,0.06415692061405054,2.828065125022761,True
BRCA,4,PCPG,0.1477895282099876,0.0014812350794758677,2.707121889305096,False
STES,1,STES,0.9925610413078378,0.9900819497908481,0.05428254040958705,True
KIPAN,1,KIPAN,0.5758220034954596,0.2539115880376465,1.1852632460810997,True
UCEC,1,UCEC,0.8893304006393048,0.8652138264172892,0.6398824560530989,True
KIRC,2,PRAD,0.16656226967738505,0.017930000544521013,2.725975219867289,False
KIRC,1,KIRC,0.5650964724137197,0.22616728134830133,1.1813615781730216,True
BRCA,1,BRCA,0.19750858571840804,0.026865558493736424,2.5559951644352306,True
OV,1,OV,0.27538381387273875,0.09083726467849593,2.3702222984846135,True
BRCA,2,PRAD,0.21132700416610284,0.04556128762451489,2.653784624362073,False
KIPAN,13,THYM,0.471051004341506,0.25934736256238977,1.5862568707162252,False
BRCA,7,HNSC,0.3582714590394332,0.19565250483827484,2.0499703723568916,False
OV,3,LUAD,0.2933839229939025,0.16005799001951654,2.3079240599940407,False
LGG,1,LGG,0.6871824674919021,0.4819934506973531,1.116156718967971,True
BRCA,1,BRCA,0.22444933912864762,0.05704882807055936,2.633211632539515,True
UCEC,1,UCEC,0.852955386174732,0.7695166409883383,0.5729028313664221,True
GBMLGG,2,CESC,0.14529792638087802,0.008949578525185353,2.884688848340599,False
SKCM,1,SKCM,0.998206607729344,0.997169189818896,0.015344562368785484,True
STES,1,STES,0.9344669250600387,0.8825919622948046,0.29888463986914515,True
BRCA,9,SARC,0.17489765138568059,0.046205087318211546,2.812847383485468,False
LUSC,1,LUSC,0.47428522718242794,0.322562812415684,1.9676280754623503,True
PRAD,1,PRAD,0.46063656309270007,0.39184198974118445,2.2384870451125516,True
SKCM,1,SKCM,0.9929005682652948,0.9901398758816742,0.05574814527575522,True
KIPAN,11,STES,0.17184146074696421,0.07692136016420341,2.8606407962592177,False
UCEC,2,STES,0.3649781892450385,0.13685822299699818,1.9410561276223905,False
LAML,1,LAML,0.18349820860894023,0.024511933975193773,2.5823294152706557,True
BRCA,4,SARC,0.19291718927374632,0.10222421872213616,2.862863173617597,False
GBMLGG,2,UCEC,0.38241158221165467,0.1934845810603202,2.144807004484653,False
OV,1,OV,0.2733450491227947,0.06749883193524431,2.4705204865023482,True
STES,5,HNSC,0.22544158000407022,0.06505401575459929,2.4534062274765915,False
BRCA,1,BRCA,0.36648611189947566,0.2791741786681833,2.4179168250801006,True
PRAD,10,LUSC,0.7473567020961326,0.5145606771795432,0.6709888365162651,False
BRCA,3,KIPAN,0.21559068626563826,0.011818648237684026,2.6328329761211378,False
BRCA,14,LUAD,0.13744798272048442,0.01753116395146545,2.757924622416915,False
LUSC,1,LUSC,0.7728214249398636,0.6819328135789683,0.9226750215647904,True
KIPAN,6,LIHC,0.09518294850147128,0.0010190084650156112,2.9793615817515464,False
KIPAN,18,STES,0.7037164473257449,0.565101392337324,1.0061985813342502,False
CESC,2,BLCA,0.28188784516210447,0.008243114219918468,2.2489650975240894,False
UCEC,2,LIHC,0.6992139575741148,0.4517208778429602,0.8069293036313283,False
KIPAN,1,KIPAN,0.10105180338028391,0.0015025808808996066,2.9317496688056197,True
STES,1,STES,0.2981011371813355,0.07233451550287623,2.212728303644815,True
KIPAN,2,SARC,0.19099007017728445,0.0696614961396628,2.8662602053959687,False
KIPAN,12,PCPG,0.38968779076789006,0.2613302317320282,2.1081135916094933,False
PCPG,1,PCPG,0.28472056022222064,0.11168868462105952,2.0621278669495178,True
SKCM,2,THCA,0.45629915382573777,0.3121679559714722,2.1783617538468563,False
BRCA,5,PRAD,0.2492118366525437,0.14245205588158769,2.747696997135035,False
THYM,1,THYM,0.471051004341506,0.25934736256238977,1.5862568707162252,True
BRCA,1,BRCA,0.9118470302669979,0.8666922923184487,0.46752156910832837,True
BRCA,2,OV,0.28201952449453144,0.19833428929006885,2.6337247800796995,False
SKCM,1,SKCM,0.9866482366637133,0.9837739720097872,0.09855956611706845,True
LGG,1,LGG,0.5749649599171809,0.22987262188915514,1.0448397502029891,True
THCA,1,THCA,0.9137328752981894,0.8926087733776313,0.48648062930069913,True
KIPAN,4,BRCA,0.1344411774458337,0.003654375953121125,2.8558012533998904,False
BRCA,1,BRCA,0.20866301942409904,0.09356093535201977,2.7064748860514394,True
BRCA,4,CESC,0.8303369406694057,0.7845785328690877,0.7756994866327915,False
SKCM,1,SKCM,0.9514300919378115,0.9124011415077516,0.23731456656944394,True
GBMLGG,2,LGG,0.44546162193706607,0.07129141069210687,1.4766493339229434,False
LUSC,2,LUAD,0.8743978819394995,0.7666295466020425,0.43545099614335686,False
PRAD,2,BRCA,0.13338423068747152,0.026375897809053375,2.863775595942042,False
BRCA,7,PRAD,0.18333611590581725,0.0019395648595436354,2.3534784654766137,False
BLCA,1,BLCA,0.6573946989161922,0.5104663770523014,1.1145359172051554,True
GBMLGG,1,GBMLGG,0.48052974718653796,0.42023044855407843,2.234461059555943,True
BRCA,1,BRCA,0.24805582233816892,0.14502184607394705,2.657610907629113,True
TGCT,1,TGCT,0.5020060840163995,0.37475266339605506,1.9406136630725803,True
KIPAN,1,KIPAN,0.8945403498922282,0.8007192746100839,0.4037731207736842,True
LGG,1,LGG,0.6401912812759781,0.4521878857222399,1.1705507976445257,True
THCA,3,THYM,0.5293989698264331,0.3612675612693449,1.5185777561627403,False
KIPAN,2,LIHC,0.3550557727912473,0.267256053914512,2.468777989364113,False
OV,5,CESC,0.14661048038672558,0.05140426644841384,2.9901180504405427,False
STES,2,COAD,0.32174815440787113,0.12644904027306716,2.2206394268788943,False
THYM,4,PRAD,0.17615235962576856,0.009840473320744059,2.6520959739049768,False
LUSC,2,HNSC,0.41105421689818816,0.14395314214172877,1.3738521192371105,False
HNSC,5,PAAD,0.36017371704118817,0.26200266514054277,2.2828759672736574,False
LUSC,26,THYM,0.5293989698264331,0.3612675612693449,1.5185777561627403,False
PCPG,8,BRCA,0.15123328973246855,0.0031496287239208276,2.7716923826922897,False
KIRC,2,TGCT,0.20191205253051778,0.06874929608600083,2.748057011159966,False
SKCM,1,SKCM,0.8508125260647673,0.8220383864658469,0.7768856637970508,True
SARC,6,THYM,0.5347016919658176,0.33302860641605325,1.4695847261221497,False
DLBC,1,DLBC,0.2979733937001475,0.2030275459330819,2.5544139950681912,True
LUAD,2,HNSC,0.20065161634240422,0.02290837302119919,2.322697148807282,False
BRCA,7,THYM,0.1834006128135579,0.006498365951659868,2.4622060855124492,False
BRCA,2,UCEC,0.3174006083801027,0.073114783468711,2.1836462232757556,False
KIRC,2,SARC,0.13667241805758523,0.0005578994578214758,2.8799016266784965,False
LUSC,1,LUSC,0.5144770784036095,0.21164471614390062,1.2565816566066084,True
THCA,3,LAML,0.27172747708901784,0.06901681538634627,2.0863536983964632,False
LUSC,2,STES,0.3226936885532737,0.06988561430551948,1.9341813460013304,False
SKCM,1,SKCM,0.9869436863323635,0.9814678122743379,0.08970598351126297,True
KIRC,9,SKCM,0.11182305605156379,0.00027798115320425143,2.8755821276224918,False
BRCA,18,SARC,0.13110426373556872,0.008211203110665172,2.952483888910208,False
STES,1,STES,0.39707631727354964,0.13285146446581286,1.9382763432125505,True
LUAD,2,TGCT,0.13006240709380967,0.0060220214429351215,2.8915180379312577,False
STES,1,STES,0.2541192684648546,0.12176285213002358,2.4803642599312923,True
LGG,1,LGG,0.5740278590142651,0.35265327893987175,1.4043661055084533,True
KIRC,1,KIRC,0.10888293185500203,0.007668450858610898,3.001207667997833,True
BLCA,1,BLCA,0.7024224835885774,0.6053775120272521,1.1492286175517605,True
GBMLGG,1,GBMLGG,0.4987611272287801,0.1493600844953641,1.442386700376719,True
LIHC,1,LIHC,0.6672707158491268,0.5690390357696931,1.4586011539220693,True
BRCA,2,PCPG,0.32492310144909897,0.09576384822267711,2.140226918843314,False
SARC,3,PRAD,0.19516826010739194,0.06294227763938853,2.7031245002061586,False
BRCA,7,PRAD,0.23817010892770937,0.12112255734633852,2.57352672247196,False
KIPAN,2,KIRC,0.24908458867584066,0.1243296026163436,2.6084552898163342,False
GBMLGG,1,GBMLGG,0.6011644386356345,0.3305372179294766,1.2384860997130234,True
OV,3,LUSC,0.43329934335543124,0.15579528831086004,1.770453809656491,False
BRCA,5,OV,0.3433124898773316,0.23860829232480657,2.413817991903727,False
LGG,1,LGG,0.549471148095595,0.23377582779192668,1.3213772046983732,True
KIPAN,1,KIPAN,0.2865464044599216,0.16565005956322323,2.623116929909687,True
GBMLGG,8,COAD,0.14431850679367086,0.01945152887819117,2.85094882379662,False
PRAD,1,PRAD,0.21304176682561893,0.04262099848958972,2.27868396240381,True
BRCA,1,BRCA,0.4946982419285705,0.18839388540212776,1.5390231160612666,True
SARC,5,OV,0.10096685353278058,0.0071127562058913435,2.96801133203793,False
THCA,1,THCA,0.776325948993736,0.7509656159334689,1.1977812775150252,True
BRCA,2,CESC,0.300138880534628,0.044756858018623724,1.6253042357083214,False
PRAD,1,PRAD,0.2355047057466583,0.09120357192004133,2.2671734702282373,True
KIRC,1,KIRC,0.7564068822990757,0.5854168655750771,0.8953208027758319,True
THYM,2,PCPG,0.28966804053990725,0.1156700768220624,2.1367882699758964,False
BRCA,1,BRCA,0.32426599444347964,0.13647425737236132,2.1492476499350794,True
BRCA,1,BRCA,0.21109163621065402,0.004070147844962957,2.5517461704216955,True
SKCM,1,SKCM,0.4673177660152334,0.31308151172169557,1.9561886572096285,True
CESC,1,CESC,0.18009494930081296,0.019215508436463385,2.7183857354804926,True
PAAD,1,PAAD,0.4205838569442577,0.2096550380576101,1.909773588803737,True
THCA,5,THYM,0.23219372451745227,0.05066205262140597,2.2097801205545466,False
BRCA,1,BRCA,0.5067755033458982,0.44792851126124095,2.1366409536331505,True
CESC,2,BRCA,0.4517447901225585,0.3096517385814378,1.8870391746849,False
GBMLGG,1,GBMLGG,0.44050593094315876,0.356863163335157,2.2397509275661496,True
BRCA,1,BRCA,0.4308992205259346,0.2538466435383041,2.0683640311780156,True
KIPAN,5,PCPG,0.17310206692841643,0.0806215633674383,2.875584730312914,False
SKCM,1,SKCM,0.8837517586058884,0.8535136363864356,0.6270610360638055,True
ACC,1,ACC,0.8319959122565522,0.7845150420962583,0.8584167351412519,True
PAAD,1,PAAD,0.2398380327612547,0.1274059553096974,2.643112945368677,True
OV,10,LIHC,0.235154594592338,0.13567784692754584,2.6495482736487945,False
KIPAN,6,BRCA,0.15485205519881817,0.0012247114799033287,2.7537224668914133,False
CESC,1,CESC,0.15322322237335648,0.053407911778052916,2.892128173197395,True
LUAD,6,HNSC,0.2542011776517953,0.07988424720770373,2.2294315005454375,False
BRCA,1,BRCA,0.61772010423767,0.5733093407107086,1.7727641114291686,True
BRCA,3,PAAD,0.3239324467440935,0.1503500079877036,2.3708782432138578,False
LUSC,2,LUAD,0.25295095597640094,0.018259467096314597,2.3767732866950264,False
KIRC,1,KIRC,0.7091661696867363,0.5285402087629119,1.0802305995616484,True
KIPAN,1,KIPAN,0.17007563574628856,0.040701373373903255,2.685111737634795,True
UCEC,1,UCEC,0.9056877490201247,0.869712880034994,0.5029641484698779,True
OV,1,OV,0.17594099528180376,0.02610610497196214,2.6645277892277424,True
LAML,1,LAML,0.19128016896874753,0.011976583714724376,2.525757466690793,True
BRCA,4,PRAD,0.22669293782067493,0.11397730214104015,2.687057932719262,False
LIHC,2,KIPAN,0.16009625830244614,0.036544934001289664,2.7669622153450653,False
THCA,1,THCA,0.7491621142440715,0.707957901427549,1.2707720647038465,True
PRAD,1,PRAD,0.23961919583400576,0.15984612230238748,2.7385239786890687,True
BRCA,1,BRCA,0.2282687953098969,0.0189023757264003,2.499039199423082,True
KIRC,1,KIRC,0.7264799380720783,0.4732982246704863,0.7163408555030214,True
LIHC,2,LUAD,0.24528917052978516,0.11817559248189241,2.624486835452401,False
BRCA,7,PRAD,0.16975519523575186,0.0441721651040104,2.6807800020615073,False
SARC,1,SARC,0.46349690017326795,0.36522917218887363,2.1524868919134033,True
KIPAN,1,KIPAN,0.7440500424462413,0.5155149365586479,0.7308631552786791,True
SARC,5,TGCT,0.1603858309582033,0.00047066807385251486,2.7841706671885595,False
BRCA,5,LIHC,0.17437930488879166,0.03619335609173588,2.629503441634,False
LUSC,1,LUSC,0.4063431848004206,0.17532740228656984,1.8126206206110642,True
SKCM,22,PRAD,0.21032147638828053,0.09715397268869837,2.689990240027717,False
UCEC,1,UCEC,0.777923921651401,0.7012140049419031,0.9729607280918233,True
OV,1,OV,0.23604952207677607,0.056237519761236754,2.371834916299223,True
THYM,12,LAML,0.1609689749787904,0.045347806749099245,2.784645422620869,False
THCA,4,THYM,0.22008353794510918,0.028098268806669657,2.2325575510015083,False
SKCM,1,SKCM,0.9918170566813517,0.9885422340031544,0.06048893885455083,True
STES,1,STES,0.2881215169279679,0.13534696276795533,2.2228731071136183,True
LUAD,1,LUAD,0.694302775369055,0.5231388045874532,1.1659608400429973,True
KIPAN,1,KIPAN,0.2107377639276328,0.055814981220155685,2.5745301082399004,True
CESC,1,CESC,0.15209347001846465,0.027532090515346677,2.923234827794352,True
KIPAN,3,TGCT,0.1897819102843334,0.030569343335491467,2.7515749110762613,False
COAD,1,COAD,0.7964488842938392,0.731468429722319,0.9355656470453333,True
SKCM,1,SKCM,0.9055963914980298,0.8591907996058153,0.4566660535555671,True
BRCA,1,BRCA,0.4327439206183641,0.30016513538104866,2.1919535536617474,True
KIPAN,1,KIPAN,0.3402247134831556,0.21576658661450093,2.4309708722696186,True
KIPAN,1,KIPAN,0.23453164580549243,0.04835739523495591,2.499563278624058,True
THCA,3,THYM,0.27049993765208113,0.0721196294928077,2.0561149111950296,False
KIPAN,5,TGCT,0.11087828822956286,0.0019241943865819094,2.910429908893124,False
GBMLGG,2,LGG,0.6515678129322086,0.40624969960617996,1.114123813009951,False
BLCA,2,CESC,0.8396208218189931,0.7612175432695694,0.6922237343174804,False
LUSC,1,LUSC,0.8040151079646827,0.7521588541549984,0.9516470390685751,True
KIPAN,1,KIPAN,0.2983734452000958,0.04049980833600236,2.212368898079874,True
PRAD,1,PRAD,0.17216311121551112,0.024279889957245532,2.760467150262336,True
TGCT,1,TGCT,0.4433747382419808,0.3724100194589143,2.2717349598686396,True
HNSC,4,KIPAN,0.22614596341807552,0.08260959769583073,2.757877765147872,False
THYM,3,PCPG,0.20585779700127183,0.046709507373440706,2.273878695320803,False
OV,1,OV,0.5413490814453439,0.37481994233124644,1.7263153442204748,True
UCEC,11,PAAD,0.25695751029672576,0.023457662103998828,2.447155557559093,False
STES,1,STES,0.3902198788695674,0.08408478153234017,1.673988936357536,True
GBMLGG,1,GBMLGG,0.3801842337861293,0.2635266412465844,2.2366177372749965,True
CESC,1,CESC,0.20418222251190288,0.05862003993398801,2.609304982479321,True
BRCA,1,BRCA,0.3561510757673318,0.22881059451135896,2.220128326433242,True
BRCA,1,BRCA,0.4256977216288562,0.30887264633073513,2.137803630577643,True
PRAD,4,PCPG,0.13006949735156342,0.009004011965103281,2.702451891361775,False
LUSC,1,LUSC,0.9364650638342112,0.9030051521229817,0.32663520045621325,True
UCEC,1,UCEC,0.24692965134510184,0.07523679910202435,2.464965528272163,True
OV,1,OV,0.5547094737763033,0.4528955874692411,1.7577589457545806,True
KIPAN,1,KIPAN,0.13989727848826491,0.0040655878724246974,2.765776633999608,True
LUAD,5,BRCA,0.1950086879517481,0.04793949248864321,2.5477428639596393,False
SKCM,1,SKCM,0.9281071318304258,0.8889592771239825,0.36985710342496264,True
KIPAN,13,OV,0.49791460720070246,0.43922595209278825,2.0851230409897146,False
BRCA,6,PRAD,0.1770248877431837,0.07896898764108713,2.7653894127344443,False
GBMLGG,1,GBMLGG,0.5168579644731505,0.3629449485100043,1.9204944265354056,True
SARC,1,SARC,0.25935123255595616,0.14918024377768285,2.795749977645354,True
THYM,4,LAML,0.20261066826522905,0.009590014661263885,2.207686211063851,False
LGG,1,LGG,0.44546162193706607,0.07129141069210687,1.4766493339229434,True
LAML,2,THYM,0.5347016919658176,0.33302860641605325,1.4695847261221497,False
BLCA,3,LUSC,0.21863032757398,0.018401966652101975,2.2969180682579298,False
COAD,1,COAD,0.8065704786782096,0.749521166390471,0.9731943366082195,True
STES,2,LIHC,0.33179379372655277,0.1459817775316865,2.131118685799936,False
PRAD,3,LAML,0.21976701011833158,0.05970083741263427,2.3609273729326263,False
GBMLGG,13,SARC,0.10350313032814155,0.0072225332226499295,2.9675999484167295,False
BLCA,1,BLCA,0.4084949789062497,0.06187260147321327,1.4629460252455004,True
BRCA,8,HNSC,0.15506195184440053,0.03628141237020313,2.770138534128197,False
KIPAN,15,PRAD,0.15963715709906598,0.06391875752432646,2.8791120163456907,False
BRCA,11,PRAD,0.11101937195781243,0.025559633744120125,2.9896231033125678,False
PRAD,1,PRAD,0.23289811685997794,0.13324203277561567,2.6266803017268976,True
GBMLGG,2,LGG,0.4476765118337064,0.04239645621295196,1.3293406404577472,False
PAAD,1,PAAD,0.7388936455114679,0.6763484166099241,1.2205471985201655,True
BRCA,3,CESC,0.2955916182551831,0.1559538669360118,2.5676545579076677,False
GBMLGG,2,UCEC,0.3048651299688633,0.09503375247152629,2.4258633624515733,False
KIPAN,2,PRAD,0.169786746281671,0.02238085996638997,2.6287025185087542,False
KIPAN,6,ACC,0.15245564608506845,0.008076816970265271,2.6996113860081743,False
STES,1,STES,0.7757169626451962,0.6193766015572886,0.7632903166780157,True
UCEC,1,UCEC,0.40009304390402184,0.14909202788137932,2.0561489603580414,True
CESC,1,CESC,0.2736113219598626,0.13689775015106523,2.526377658647376,True
SARC,3,BRCA,0.21530011140874042,0.03142718948092246,2.501416741803994,False
PAAD,1,PAAD,0.22224402088888331,0.05211346121394195,2.4340866597040116,True
GBMLGG,1,GBMLGG,0.5496277704547433,0.12846085184727152,0.8633767384162399,True
LAML,1,LAML,0.8591554909519982,0.8236326779619942,0.7293127885564444,True
GBMLGG,5,PRAD,0.10807621517408693,0.025763303132935053,3.0088221916341626,False
BRCA,7,OV,0.2750693426217933,0.1774783166153187,2.556790720054396,False
BRCA,1,BRCA,0.3417894491187184,0.1885139765011941,2.226011065496754,True
SKCM,1,SKCM,0.8731707133338739,0.8466689094613956,0.6939568936486398,True
OV,1,OV,0.3223974370993434,0.10723017037299323,2.172170338049427,True
KIPAN,8,OV,0.18605022627277312,0.06678487003226209,2.8392448954801295,False
STES,1,STES,0.656226403852425,0.4521557142908572,1.0782619136206681,True
THCA,1,THCA,0.6071175400094385,0.5429530200308998,1.7302949215015435,True
SARC,1,SARC,0.17164658105920952,0.05350614369012123,2.7802167138767033,True
PRAD,1,PRAD,0.23379257581263732,0.08584685171922007,2.7612768626733115,True
GBMLGG,2,LGG,0.37495622564831577,0.004042565879310622,1.8165544468374055,False
SARC,4,PCPG,0.20054528437027522,0.037621856335806,2.511682350013441,False
PRAD,1,PRAD,0.1568175574265796,0.0551590032456339,2.8652190150142762,True
LAML,5,THYM,0.2528298017884045,0.04232853846475873,2.073555523345484,False
LUAD,2,LUSC,0.36283507394727943,0.1613738959477878,1.8942532017429383,False
LUAD,12,HNSC,0.34199035270710015,0.24857204482329565,2.4400185400024266,False
THCA,1,THCA,0.6793515476127728,0.6254720396379688,1.5092537475014813,True
THCA,1,THCA,0.5472840651479995,0.48079015925305857,1.9480777660947801,True
THCA,1,THCA,0.8865692875204562,0.8625124370598495,0.6341787706614234,True
TGCT,6,PCPG,0.17698932605166912,0.048911584803816466,2.7433559938283225,False
GBMLGG,2,LGG,0.500701326808285,0.18127537445555758,1.4884429569658746,False
UCEC,1,UCEC,0.49602053337649127,0.29167403732493397,1.7438267745745275,True
GBMLGG,4,SARC,0.24321623989499427,0.05649030750477843,2.472464103010502,False
GBMLGG,2,LGG,0.4948810570887754,0.29960022466500225,1.6275466063247102,False
TGCT,1,TGCT,0.47826651206407544,0.4221328091178038,2.242796981870565,True
HNSC,1,HNSC,0.347272389363046,0.18848932914522604,2.061535065099099,True
PCPG,1,PCPG,0.12345391863184356,0.008145034053393257,2.8866452231146615,True
TGCT,4,KIPAN,0.13810201449054016,0.06232006310293661,2.9945562897256837,False
COAD,2,PAAD,0.7037470987569914,0.655338731667842,1.3602685398968504,False
PRAD,1,PRAD,0.2009747444409596,0.032001452537338826,2.681016379194094,True
LUSC,4,BLCA,0.15985326111644668,0.008658200308869768,2.529874632461802,False
SARC,1,SARC,0.19939361155064372,0.09146694736465695,2.808474218215734,True
PAAD,10,BRCA,0.13828675184875874,0.03804543541750738,2.885212369222079,False
KIRC,1,KIRC,0.5576117407085469,0.36958169918149,1.6692021129986419,True
SARC,1,SARC,0.3890904928445557,0.2436940424686615,2.2464350208784154,True
PAAD,2,STES,0.3873278301939976,0.13031414492055304,1.923941424206918,False
GBMLGG,7,PCPG,0.33893491716035923,0.18775364146216253,2.396859910637044,False
OV,8,LUAD,0.11825294261852748,0.004410593948006636,2.8580078894147096,False
BLCA,1,BLCA,0.24059334362451437,0.05387842981070659,2.3081797038246723,True
SKCM,1,SKCM,0.9769298620155294,0.9686041756867799,0.1566991044615111,True
BRCA,7,LIHC,0.180921364009637,0.025022194226427125,2.742257250349445,False
OV,1,OV,0.36875706387353574,0.2749785667346575,2.371104729394913,True
STES,2,UCEC,0.9083504304550138,0.8407788036768579,0.3850316610689273,False
UCEC,1,UCEC,0.624293542347089,0.3156679157678353,0.9307315524603872,True
PRAD,1,PRAD,0.35829222319091,0.293332369091607,2.5884379993777706,True
TGCT,1,TGCT,0.5580155413215774,0.491577669154865,1.9521602973602228,True
GBMLGG,2,LGG,0.6794532379398902,0.45675864216612305,1.0639486462262273,False
COAD,1,COAD,0.7943791701892063,0.7060397069933422,0.9454141860677269,True
LIHC,6,OV,0.3591757941479477,0.22693383243258364,2.330478088223346,False
BRCA,2,CESC,0.15042452602605785,0.037025690296408426,2.6955657365949874,False
KIPAN,1,KIPAN,0.2562818573167787,0.1273655020182821,2.6505136317940177,True
LAML,5,THYM,0.17911530892728145,0.00472725924176956,2.4115608016105323,False
OV,1,OV,0.4288329093679782,0.33341862966775737,2.243928175524912,True
LGG,1,LGG,0.5693887878290974,0.38916486693828667,1.5843813226571186,True
OV,1,OV,0.3769830416602644,0.28851889446079765,2.415962299434987,True
LIHC,1,LIHC,0.25530294226497446,0.09981023026407268,2.5231065637920524,True
THCA,5,THYM,0.22248885182996472,0.04600762169439332,2.2999731743648018,False
LUSC,1,LUSC,0.9419354452033608,0.8953342461210232,0.2666315818917867,True
STES,3,LUSC,0.33085745948402834,0.04972156938695377,2.0092983869481404,False
LAML,1,LAML,0.26768988903786184,0.03284579580843344,2.3557253838967243,True
BRCA,8,PCPG,0.14511254179796015,0.0181461420508999,2.5683233066668594,False
GBMLGG,2,LGG,0.6399176400288699,0.32894731921126463,0.9114072690801678,False
UCEC,1,UCEC,0.837309657113977,0.7574859025208809,0.7668389561473593,True
KIRC,1,KIRC,0.32145130035558156,0.17361835811998028,2.483114447118692,True
SARC,2,GBMLGG,0.23601555954550582,0.029029356446124505,2.3087945303942154,False
BRCA,1,BRCA,0.8566030994072925,0.8365271818489891,0.826772377497273,True
KIPAN,3,BRCA,0.15480996325591898,0.020291743260260786,2.7117481822287637,False
KIPAN,1,KIPAN,0.8935885027434369,0.8178944565862846,0.47960728209209164,True
PRAD,3,COAD,0.29296748858227695,0.1703866812679679,2.51755874904973,False
STES,5,KIPAN,0.1341039045999051,0.0455650200898728,2.942116921385256,False
LAML,1,LAML,0.3166083534343863,0.18872083061148562,2.401957533608366,True
LUAD,14,SARC,0.1966480972796822,0.07618849387489869,2.8398140519336694,False
KIPAN,1,KIPAN,0.202866883905343,0.029564234070884737,2.677867353195376,True
KIPAN,2,LIHC,0.2859036412363191,0.094996321077086,2.3483817053078937,False
DLBC,5,LUSC,0.8010625899235575,0.6306967164237784,0.6170411935154646,False
BLCA,1,BLCA,0.6658273485370012,0.5709689544236105,1.3775829388298673,True
LUAD,1,LUAD,0.452125573770302,0.12119815409050966,1.6108557846181106,True
KIRC,1,KIRC,0.3473307309990333,0.21356735356944845,2.430572872388943,True
SARC,5,TGCT,0.24194199387599513,0.14378463798279995,2.7226196235280926,False
KIRC,3,PRAD,0.19247141018869465,0.01622414550020196,2.708484688185934,False
COAD,1,COAD,0.688751861540728,0.5208018012090897,1.2161253096705882,True
COAD,1,COAD,0.7776860999032347,0.707377177915614,1.0723243669478195,True
LUSC,1,LUSC,0.4562431524154626,0.3041692939040329,1.8388921958592293,True
HNSC,2,LUSC,0.8024892150992458,0.6969602722596437,0.7388891813829704,False
COAD,1,COAD,0.8650692618633838,0.8280954542561273,0.7249375197820973,True
KIPAN,12,THYM,0.5745785202997383,0.47383378916042157,1.5673369094466916,False
PCPG,3,SARC,0.19727362225796954,0.11406028629520862,2.813839065298682,False
STES,1,STES,0.5488292256911214,0.3138622608734877,1.4738149155151488,True
BRCA,4,LAML,0.17640337449381088,0.040340170496119626,2.5021711169691234,False
TGCT,1,TGCT,0.16748530499811706,0.08165751819457437,2.8966283628314033,True
THCA,1,THCA,0.7757652898402742,0.7489739094657855,1.1781872585955344,True
GBMLGG,12,PCPG,0.168969727565451,0.04166975789134092,2.789513215006462,False
BRCA,2,UCEC,0.4301128897567098,0.08799557482707626,1.676534357136528,False
KIPAN,1,KIPAN,0.7230993890680437,0.6677083882659628,1.3468315413971037,True
SKCM,1,SKCM,0.8449829376927038,0.8014105005210306,0.8051096349737143,True
BRCA,4,UCEC,0.2717102391308019,0.006316840470322216,2.296799355527133,False
KIRC,1,KIRC,0.24139653460303673,0.11008116066584295,2.6604794088034978,True
COAD,1,COAD,0.7429454442587006,0.6687696620989271,1.1828445621260504,True
THCA,4,LAML,0.26591885495121126,0.007097303975499403,2.0543423706514266,False
LUSC,1,LUSC,0.9483301488856974,0.9354553742112244,0.31243365482690244,True
BRCA,1,BRCA,0.28366387016723665,0.1561874158184706,2.3741953441582444,True
GBMLGG,2,LGG,0.5465297088727143,0.192693939457951,1.2164371518987462,False
LAML,1,LAML,0.21914311478832077,0.009938344688412842,2.0456062992945228,True
OV,3,BRCA,0.12802523243401426,0.021139360747735036,2.9315654863791325,False
HNSC,1,HNSC,0.3644427921233743,0.22129215413638928,2.212812675362087,True
LGG,1,LGG,0.7270580653816177,0.48359053180903083,0.7432565385993993,True
GBMLGG,2,UCEC,0.15399809474233453,0.0372113854557735,2.805024662414276,False
LUAD,3,LUSC,0.28492557022787335,0.046974602659647036,2.096890737461723,False
LIHC,1,LIHC,0.2158072391067326,0.09302460928552654,2.82485992685018,True
LAML,2,THYM,0.6040709995886124,0.4836809239562805,1.4479831380069967,False
KIRC,1,KIRC,0.7535371156913856,0.5818035743569262,0.9083087605920789,True
LUSC,1,LUSC,0.7735729943791241,0.6856995855118726,0.9657980263911891,True
THCA,1,THCA,0.9011403955114722,0.8853442593358594,0.5963635684531026,True
STES,11,TGCT,0.11067093383502905,0.004772446501810065,3.033189389088833,False
LUAD,1,LUAD,0.228026115754535,0.0755074699715447,2.435956293553271,True
STES,2,UCEC,0.41026233261021805,0.10544752723615058,1.3003235104166864,False
PRAD,1,PRAD,0.31307856762829994,0.21478430475607502,2.579492116157849,True
PRAD,1,PRAD,0.13968229669456028,0.013660341868589054,2.7099894267696856,True
STES,1,STES,0.2931731839411324,0.07954492893951337,2.182051242619922,True
PAAD,1,PAAD,0.2932282333592282,0.17354659412900741,2.480251151393335,True
BRCA,2,CESC,0.15955609768584836,0.005182415469585838,2.738784736139217,False
HNSC,1,HNSC,0.3550698385088533,0.05918776368745554,1.8660092222095295,True
KIPAN,13,LIHC,0.3108815494594408,0.2136473915094847,2.5118371009998866,False
BRCA,1,BRCA,0.9317257301014938,0.9190182228862124,0.423619978991424,True
SKCM,1,SKCM,0.8917288169327406,0.8753936130373623,0.6384471774729837,True
STES,1,STES,0.6466640936382503,0.5513225450840358,1.4680702970838087,True
UCEC,1,UCEC,0.7117439128991998,0.477676316731404,0.7861991069460055,True
STES,2,BRCA,0.22345729243767862,0.06626565775628035,2.5817741714580706,False
LIHC,11,THYM,0.12341279272970505,0.0030681190367532474,2.908769699427064,False
HNSC,3,BLCA,0.34648058249909686,0.17375079013724606,2.0674956250968473,False
CESC,15,KIRC,0.10853197849738382,0.011349893770777497,2.967470409584437,False
SARC,6,PCPG,0.17525215980717287,0.010382980424497201,2.4346315077515435,False
THYM,1,THYM,0.49067237795949636,0.3130447961110153,1.6107348949245783,True
THYM,1,THYM,0.49067237795949636,0.3130447961110153,1.6107348949245783,True
PCPG,1,PCPG,0.1795493907497735,0.028684674848660052,2.678523483769064,True
BRCA,1,BRCA,0.8416306148810675,0.8130506036927723,0.8611307338765466,True
STES,2,HNSC,0.3036321199325895,0.09742628345171858,1.978756183710708,False
STES,1,STES,0.6199718512366101,0.4506544026371345,1.4252729602354712,True
PCPG,1,PCPG,0.13096443812491784,0.0071643215683304395,2.787236044700172,True
LGG,1,LGG,0.5346480859509938,0.3219419930135492,1.6203492952612089,True
GBMLGG,1,GBMLGG,0.16308294512662763,0.05430470002723674,2.807583885538194,True
TGCT,3,SARC,0.15524134390484784,0.06451401260165947,2.9109622659384273,False
KIPAN,1,KIPAN,0.5711586818916828,0.4865846567809904,1.7085109166541288,True
KIPAN,3,PRAD,0.17325839105810445,0.05490558501144226,2.715496714840568,False
COAD,1,COAD,0.9109756759445331,0.8807122152761004,0.49899496343290267,True
LAML,1,LAML,0.6277496857662096,0.5303515977177485,1.5453729452484783,True
BRCA,4,LAML,0.16726087989810529,0.0008725971482280992,2.444534561169141,False
PRAD,7,BRCA,0.18280671999795148,0.0242915904712189,2.7292569719995448,False
THYM,4,PCPG,0.29183954376741655,0.09124533949715799,2.11652024903462,False
PCPG,4,THYM,0.33898193498545665,0.11795013403307383,1.953410024893037,False
THCA,1,THCA,0.7475133275548268,0.6985398915177914,1.2266038993795578,True
LIHC,14,KIPAN,0.11539083694218293,0.02025415874740913,2.9456171129060724,False
PRAD,3,PCPG,0.2227201942458648,0.033800212778023586,2.370514122639389,False
UCEC,18,PCPG,0.13396106180036357,0.05070347902170945,2.8925612370453604,False
STES,1,STES,0.8271187534801316,0.7723243523864404,0.7815253562478334,True
PRAD,1,PRAD,0.23549883767050236,0.08676101525021995,2.445387573684106,True
TGCT,1,TGCT,0.35885948159972825,0.2642028869291011,2.4934148884849647,True
OV,1,OV,0.37503213876180713,0.2622365006502716,2.38847497760641,True
HNSC,1,HNSC,0.3515039586405174,0.02879962002276626,1.8842993694827845,True
LUAD,3,LIHC,0.5623461249681267,0.4190791578342209,1.6275204971281874,False
OV,14,PRAD,0.23864054392689787,0.13802673618374123,2.697294604033399,False
BRCA,1,BRCA,0.4615211233018147,0.34881987029200623,2.209003246671515,True
SKCM,1,SKCM,0.7982384038692764,0.7217600393537285,0.8336462254102883,True
BRCA,1,BRCA,0.1584480713667828,0.022185966523582956,2.6725968635540704,True
LUSC,1,LUSC,0.7085004904998289,0.5931041123545707,1.1482658633297953,True
OV,6,LUSC,0.16436566285292945,0.03591732653011351,2.5734974894817757,False
OV,1,OV,0.38452177482133976,0.3069749949980859,2.361857801456915,True
STES,1,STES,0.9457064781056899,0.9290877243572454,0.3252351311431135,True
SARC,1,SARC,0.3306496392773658,0.16492883615124573,2.4072485114337367,True
COAD,1,COAD,0.5305893908197726,0.45339046232129715,2.0150322586505776,True
KIPAN,1,KIPAN,0.867788639288721,0.8230681334929313,0.692026804658027,True
LIHC,5,COAD,0.15699743789923615,0.059959035672520186,2.85389792068201,False
KIPAN,5,STES,0.1361028296059551,0.045869031474781274,2.82956375538707,False
KIPAN,1,KIPAN,0.31394948713253834,0.21431535451841568,2.572910423272762,True
GBMLGG,2,LGG,0.582387146808449,0.2530699957363707,1.09794472042326,False
GBMLGG,1,GBMLGG,0.18820393740583413,0.04584816257802313,2.6846591574631655,True
PRAD,1,PRAD,0.16372746694245166,0.062439957544597524,2.8993212593440987,True
SARC,4,PRAD,0.1935972450308104,0.06691245831283099,2.815397649696313,False
PRAD,4,PAAD,0.16257021250031653,0.03962442762830458,2.834829794207482,False
BRCA,8,SARC,0.12987103183632812,0.01240444844868345,2.922880326344494,False
BRCA,1,BRCA,0.6617655448482384,0.6145226629072618,1.583618892232808,True
LIHC,1,LIHC,0.11343977562894034,0.016367802629780825,3.0105821768333856,True
COAD,1,COAD,0.7938310064670612,0.7457487767675933,1.011055312665115,True
THCA,1,THCA,0.9174275561938147,0.8941255178117369,0.4808237548099102,True
PRAD,1,PRAD,0.13784486005627658,0.021983466963110543,2.8642243436771104,True
BRCA,9,PCPG,0.2972614945895988,0.08783717987511389,2.1318042021909966,False
BRCA,4,SARC,0.17535866618344056,0.0220957545175475,2.720849614038198,False
GBMLGG,1,GBMLGG,0.2934277525101981,0.17906996896708208,2.6298125343201826,True
OV,1,OV,0.2801376175428212,0.06863375474298969,2.1025097302000546,True
LUAD,1,LUAD,0.6017892582708032,0.20384036227745345,0.674696043812898,True
KIPAN,2,STES,0.1739763411794119,0.00011311471093536363,2.5944444481984466,False
KIRC,1,KIRC,0.28151982039493206,0.17545746399121837,2.6479191737161485,True
TGCT,7,SARC,0.1178294634547579,0.03446961385285671,2.962353637042245,False
KIPAN,3,BRCA,0.20050255078713697,0.06214132171820039,2.395864238764313,False
GBMLGG,1,GBMLGG,0.6014340163685784,0.27057332879395934,1.0067026761142386,True
BRCA,1,BRCA,0.2109279308416477,0.0028048155363026572,2.4963888613338745,True
GBMLGG,1,GBMLGG,0.6448111972907897,0.3853584135964539,1.0868828307729528,True
OV,5,LGG,0.12835888810398025,0.004823714587080891,2.747605253434527,False
THYM,2,PCPG,0.4255898865143128,0.2420247905967641,2.0339556155829897,False
BLCA,5,STES,0.24816616117158752,0.14829244606628245,2.5931762958658733,False
OV,1,OV,0.20354824366095547,0.006999045303657109,2.423337419440948,True
LAML,12,SARC,0.17340326790659216,0.008283063999320245,2.627577385539825,False
OV,1,OV,0.2415658671933234,0.08250686998867662,2.6637970499054178,True
HNSC,1,HNSC,0.23311615692661555,0.08591675468052992,2.3852465468092436,True
PCPG,1,PCPG,0.3362430906373966,0.19904051306381104,2.1742247964407873,True
THCA,1,THCA,0.8878167430410068,0.8637796254725709,0.6132865303425568,True
SKCM,1,SKCM,0.8616367109274846,0.7461032615544735,0.4842979016845026,True
LIHC,1,LIHC,0.45294594693524176,0.3713954979304877,2.2256001008296518,True
LGG,1,LGG,0.5755969661260926,0.21649827722894832,1.0300445749779514,True
CESC,7,PAAD,0.19068984081289655,0.022136255395226456,2.6601146564764395,False
LUSC,1,LUSC,0.9911762386867259,0.9875708257013417,0.06247550921216627,True
PRAD,1,PRAD,0.13500407622611824,0.0015133321604124672,2.7919027092532533,True
KIPAN,1,KIPAN,0.4161791063812161,0.007275908937865783,1.4969353690490494,True
COAD,2,STES,0.1455797029423963,0.06582717251103813,2.894924776370045,False
CESC,6,UCEC,0.08909633242962631,0.010339796812752544,3.1201335831847063,False
SKCM,1,SKCM,0.9986092244826935,0.9974430801673239,0.011503921967107646,True
UCEC,3,PRAD,0.24956483119096023,0.06399240102372977,2.2780385282395565,False
HNSC,1,HNSC,0.774439683963512,0.6611613422060583,0.7752489779483801,True
LAML,13,GBMLGG,0.11979644366253253,0.016057982532334147,3.0133132718938285,False
SARC,3,CESC,0.13174922531169347,0.03201166483739239,2.8928717791214664,False
LGG,1,LGG,0.680129536511532,0.3966023325739042,0.8115652514532562,True
STES,20,PRAD,0.09812218679603599,0.0018526913111583665,2.9654308525164472,False
HNSC,17,KIPAN,0.12760932791087526,0.009060166809932019,2.8638990578509276,False
BLCA,3,UCEC,0.2505186386757856,0.13464788493752805,2.6363290387382587,False
UCEC,1,UCEC,0.9475519829585635,0.9248339194871765,0.29057811972039993,True
PAAD,11,CESC,0.12024017600838662,0.01786596243681296,2.8296719491428863,False
KIPAN,1,KIPAN,0.573637893587771,0.2646554666271202,1.2510194147567872,True
LGG,1,LGG,0.684753629349967,0.4304207393449488,0.9094195691974362,True
COAD,1,COAD,0.3568828531082432,0.289162385333759,2.5434150605309935,True
THCA,7,PRAD,0.15367341099036372,0.0004719793814190465,2.389885917349455,False
GBMLGG,4,OV,0.3814402288859944,0.28724913788679407,2.4008592147490146,False
KIRC,1,KIRC,0.24293891950470314,0.1057037536913967,2.702025038515891,True
STES,1,STES,0.6551552272826986,0.5171336568512876,1.1486330747684292,True
KIRC,1,KIRC,0.7388073898458232,0.5140750028259032,0.7775376542587101,True
SKCM,1,SKCM,0.9765847770584201,0.9703271201096275,0.16464028166140524,True
COAD,6,STES,0.31649440957326797,0.04704693023759193,1.9560945887521228,False
SARC,2,OV,0.45743533109653817,0.3338526579658773,2.1349079084729596,False
HNSC,1,HNSC,0.30560155325495925,0.12836577909741007,2.112084723646949,True
BRCA,1,BRCA,0.4340903687243312,0.353973986317368,2.2937830844198315,True
STES,24,PCPG,0.12554158783344288,0.0242008800262712,2.909828349913766,False
UCEC,2,COAD,0.8928564266813673,0.80665195504833,0.4105850357995936,False
BRCA,1,BRCA,0.31225426268851064,0.11961126018574597,2.4551385781719826,True
BRCA,1,BRCA,0.13983007030949474,0.00900591926345709,2.7440089414085183,True
STES,1,STES,0.38834917557327453,0.22555932409585708,2.1936008279359314,True
BRCA,5,PRAD,0.14303536473341605,0.0484041116467919,2.932877111562847,False
STES,1,STES,0.6020707569142918,0.3782037100465919,1.1335268259368583,True
UCEC,5,BRCA,0.3294849700476235,0.1993384930075163,2.385967691363784,False
BRCA,2,COAD,0.17804304602514492,0.020267545433682754,2.4046818000832086,False
THCA,1,THCA,0.8144138953472754,0.7896320947899141,1.0137195011957838,True
LUSC,2,HNSC,0.47782219092157424,0.34472920289204584,1.8399692774758942,False
HNSC,2,UCEC,0.2736564946966274,0.08158520079681655,2.2761896501978933,False
SKCM,1,SKCM,0.914801547472714,0.883975086437215,0.45207932892449304,True
LUSC,1,LUSC,0.7956565283258243,0.757914406908347,0.9488499120296506,True
PAAD,15,PRAD,0.22853500273274166,0.1347844501746415,2.778645419168169,False
BRCA,1,BRCA,0.7860602974855233,0.7329122013090676,1.1004775346830955,True
KIRC,2,KIPAN,0.3910511515244315,0.012334076926363513,1.7154070898311387,False
CESC,2,BLCA,0.5299076383991215,0.3145600525296556,1.574793570247922,False
KIRC,1,KIRC,0.5039530339553668,0.2100557661178279,1.5812074964116714,True
PAAD,1,PAAD,0.2895470654699796,0.09520501721261296,2.5002008963575713,True
STES,1,STES,0.30805481732647927,0.19978307557155614,2.427725103387202,True
CESC,2,BLCA,0.5909138272094273,0.2597618939207996,0.9830505821589992,False
PCPG,4,KIRC,0.28846101757463505,0.12042304374386978,2.3232579302013328,False
BRCA,5,OV,0.22919216976799228,0.026012627834397284,2.3755860959683286,False
COAD,1,COAD,0.808842834514857,0.7651041938482497,0.9801650366286534,True
LAML,5,OV,0.2629797621124553,0.0020822285532594575,2.321793740807654,False
COAD,1,COAD,0.5429780923793313,0.4866631189688193,2.0337729070592023,True
KIRC,3,TGCT,0.2127360504921032,0.07115072844390777,2.7065861209376734,False
SARC,2,PRAD,0.21463107154809866,0.10693394682784677,2.7133725180533634,False
LGG,1,LGG,0.6272279074142119,0.39533929842067206,1.243990422778006,True
BRCA,6,PRAD,0.19784414524078842,0.09616591662708819,2.7524766171545454,False
UCEC,1,UCEC,0.4382933543197587,0.3027144429584976,2.079988756035833,True
KIPAN,3,SARC,0.1720949355340621,0.0054309967113638224,2.653715811167465,False
BRCA,1,BRCA,0.49243457286129716,0.40946262550030155,2.1277542738370796,True
PRAD,1,PRAD,0.17370034990666702,0.03355613108668462,2.5388959621210767,True
LUSC,1,LUSC,0.903949853716635,0.8566103878029736,0.47968056326871006,True
BRCA,2,HNSC,0.24920937012772637,0.06887486464780743,2.3493150262088696,False
BLCA,1,BLCA,0.42086352227728374,0.2861213719538005,1.8681607695018787,True
SKCM,1,SKCM,0.994471526583919,0.9915780238280062,0.0418529329005184,True
LAML,3,THYM,0.3167611110373114,0.16870634512622473,2.0991891454367546,False
STES,2,LUAD,0.1116074188155089,0.001980446303026559,2.872900735833092,False
SKCM,1,SKCM,0.8658556999118404,0.7812385316049677,0.5885088184325171,True
BLCA,1,BLCA,0.8755102488677426,0.7642703719108629,0.437203737079122,True
BLCA,1,BLCA,0.837773697187454,0.7582406291615607,0.6163680511321411,True
STES,7,KIPAN,0.14686910575983567,0.028143390568384746,2.7336099417779325,False
DLBC,1,DLBC,0.5982218510098678,0.5229298283959937,1.8287594707870212,True
SARC,18,STES,0.3350885315883574,0.05693674263322679,1.79749790510244,False
SARC,1,SARC,0.18503398844262317,0.04338630160740198,2.6483088370517502,True
PAAD,1,PAAD,0.4837341429086881,0.4088431223193423,2.0464126769272153,True
KIPAN,5,BRCA,0.14003259237111512,0.003344252419811511,2.6625888498133756,False
BRCA,6,THYM,0.31343441686213347,0.17092506306441904,2.31009316699076,False
STES,1,STES,0.8731188496137624,0.8081836876024231,0.5641503383100505,True
BRCA,9,OV,0.4317078837659535,0.3779382996663502,2.372572632316402,False
BLCA,1,BLCA,0.36221192327907187,0.1327157952776254,1.9540004673229463,True
HNSC,2,PAAD,0.1963902978798048,0.025279402332613388,2.535342431923558,False
LGG,1,LGG,0.6637199169064517,0.36560456005906133,0.8333103168598751,True
SARC,5,THYM,0.23167505311309908,0.026930599766543578,2.1014164601753906,False
THYM,1,THYM,0.49067237795949636,0.3130447961110153,1.6107348949245783,True
SKCM,1,SKCM,0.9659589761487417,0.9509894136157949,0.20751481238117314,True
PAAD,9,BLCA,0.15363744462865378,0.02057187334396507,2.7533745443109354,False
PCPG,1,PCPG,0.3030705092441234,0.18244787376439392,2.3914491979213297,True
KIPAN,1,KIPAN,0.8791222740496841,0.7699185757563259,0.4360207998867118,True
GBMLGG,1,GBMLGG,0.5660443732415243,0.27065154099150784,1.3442943579620157,True
COAD,1,COAD,0.7748892383658448,0.7071503947241642,1.0521220849455057,True
LIHC,5,OV,0.19476959370059233,0.0402573501492845,2.5767870511904367,False
LAML,15,PRAD,0.12006945291608452,0.02310051048701245,2.918012098623617,False
HNSC,8,KIPAN,0.10386290938071112,0.014586501577450742,2.9628932144983096,False
BLCA,3,LUAD,0.44929694789669866,0.16339196547519685,1.2972764393680414,False
KIRC,1,KIRC,0.38579676069829955,0.16753921136217292,1.7908645144410698,True
TGCT,3,SARC,0.17546185964470573,0.036415037635744635,2.8215343710200047,False
PRAD,2,BRCA,0.24575077225311626,0.1334884240739206,2.621007782695888,False
BRCA,1,BRCA,0.5956296294501258,0.5160720689588701,1.6778630932798526,True
LUAD,16,BLCA,0.16523278575142628,0.013019413398605711,2.7549405766632904,False
SKCM,1,SKCM,0.900602254370314,0.8781135663618095,0.5520522345545342,True
KIRC,1,KIRC,0.8081368389158224,0.6579832322450264,0.6854943729765479,True
CESC,7,KIPAN,0.20401639295852608,0.0505642271573383,2.776349103583793,False
THYM,1,THYM,0.37401729866244426,0.1989222469290355,1.9831866546140036,True
STES,2,LUAD,0.4323422527830352,0.17912779660195233,1.7684699680084064,False
PRAD,1,PRAD,0.4308836605144296,0.36400208074824947,2.3058319932948277,True
PRAD,2,UCEC,0.21327520161664118,0.08902105999951226,2.6575857919465538,False
GBMLGG,2,UCEC,0.29488507984254336,0.08145241735190553,2.4684374690440487,False
STES,5,COAD,0.20887555393362045,0.06558158592231145,2.4606023473417524,False
STES,3,COAD,0.8938920593024512,0.794558690830574,0.3670539301727449,False
STES,8,BRCA,0.34704258520837744,0.23432401963585583,2.459223084540532,False
BRCA,5,OV,0.17693504748798225,0.04429405942096301,2.6075156400687343,False
SKCM,1,SKCM,0.7497531280918546,0.6897388394222422,1.0737841497445881,True
STES,1,STES,0.509135085597107,0.37603117374795403,1.8557567606492893,True
OV,11,PRAD,0.13359632119009826,0.040430644241192595,2.812605833835037,False
LGG,1,LGG,0.46281912986803897,0.10773829334323942,1.5754777696671696,True
LUAD,2,TGCT,0.21427197569793482,0.13026655353143285,2.7765108396838745,False
OV,1,OV,0.23569312321271613,0.09118246888862536,2.4714035641891403,True
KIPAN,12,BRCA,0.18543763049640333,0.034128620467687304,2.7251457034974638,False
SKCM,1,SKCM,0.9740444602493928,0.963621065204609,0.16374203533832365,True
SKCM,1,SKCM,0.9903140928023786,0.9869600771237786,0.07097242057802158,True
GBMLGG,1,GBMLGG,0.47461697834939165,0.34745018459235,2.103152077003099,True
DLBC,12,SARC,0.17969812952248942,0.07703028833388599,2.8903428585935416,False
THCA,1,THCA,0.7645117341266786,0.7200164590176997,1.2208792519694676,True
STES,11,TGCT,0.24904355189122285,0.17794965157768855,2.76748765160988,False
BRCA,1,BRCA,0.18189300964548077,0.0697845922566678,2.8936310606053377,True
STES,23,PAAD,0.1225422138644633,0.008667364468312386,2.885211060992442,False
HNSC,3,LUSC,0.5092137521421216,0.38015622409942146,1.730320260225704,False
HNSC,1,HNSC,0.6483421901106552,0.3849178354053997,1.0160210206913691,True
STES,3,LUAD,0.6378775809661633,0.5545481570356118,1.5205570942128768,False
THYM,1,THYM,0.29122301139259005,0.15898228883563936,2.339107358351296,True
PCPG,4,KIRC,0.20617271568167383,0.041634108796582886,2.6245643776991607,False
GBMLGG,16,PRAD,0.16173236406132677,0.0367977890891672,2.8505564765355578,False
STES,1,STES,0.40918772811768683,0.27468275620463845,2.0777658061711186,True
LUAD,1,LUAD,0.5202814809450422,0.06595215040151942,0.8136259555776345,True
OV,1,OV,0.24059593022074402,0.0901271732125778,2.6341435135534663,True
KIPAN,2,KIRC,0.4486905677495493,0.2655984663227862,1.7506372789281275,False
LUSC,1,LUSC,0.5284702800452522,0.24415993794859253,1.3396206809238722,True
KIRC,1,KIRC,0.5539726533854775,0.20744242960518633,1.1966021446257478,True
KIRC,1,KIRC,0.3059182962179565,0.09704641139238884,2.313820064262342,True
LAML,8,PCPG,0.14348927800145803,0.019971138573524574,2.7685786642906853,False
BRCA,2,OV,0.34013341666076397,0.14986990044266682,2.3071677814977876,False
PRAD,1,PRAD,0.11414631931020552,0.003687031239167332,2.9327998676612315,True
LUAD,4,HNSC,0.16863461386223397,0.0735905874360725,2.7359307198132203,False
THYM,1,THYM,0.5347016919658176,0.33302860641605325,1.4695847261221497,True
OV,2,PAAD,0.2792644202058985,0.11613257226624232,2.5834207527970867,False
LGG,1,LGG,0.684764133422312,0.4893678182092702,1.0259297791056097,True
STES,2,COAD,0.755724491502513,0.5835512430263168,0.8443812798380614,False
KIPAN,1,KIPAN,0.2829060571630386,0.17965491224802743,2.6793969372324113,True
KIPAN,1,KIPAN,0.5315032041816378,0.40363610068039624,1.918646071386712,True
KIPAN,2,HNSC,0.13639454279288032,0.02381244515804662,2.835797840542039,False
BRCA,6,PAAD,0.3183689091487527,0.20174693151816198,2.5129794724937575,False
HNSC,1,HNSC,0.554618816237749,0.42446811608402446,1.7118384385054242,True
SARC,4,CESC,0.10186967941518105,0.000283963997464054,2.9476420597455504,False
SKCM,1,SKCM,0.9359002056398823,0.895863431887193,0.3258403372719927,True
BRCA,3,UCEC,0.18299468693493887,0.04040190432171939,2.6079111770379866,False
SARC,1,SARC,0.35726642155297567,0.2601320039999685,2.2949932567614324,True
STES,5,KIPAN,0.17763570854752378,0.06464580775357526,2.7921892816906104,False
LUAD,2,LIHC,0.3050469866214047,0.17447910342464712,2.347792746116781,False
UCEC,5,BRCA,0.24050246035699774,0.10659090281350356,2.53885855793346,False
LAML,1,LAML,0.6321610153543459,0.5760718828516848,1.6622939677172182,True
HNSC,4,PAAD,0.24008772897943614,0.09111346729757502,2.462225626204532,False
UCEC,1,UCEC,0.16054523219197503,0.03655827097363176,2.8923248888144224,True
PRAD,1,PRAD,0.38416130913705304,0.22445304114910983,2.1585885547221055,True
ACC,1,ACC,0.6098716567845748,0.5001394852950093,1.6541624111428108,True
SARC,2,OV,0.19264407273003853,0.001987457102788276,2.626651468547363,False
BRCA,1,BRCA,0.14938502170199666,0.015613958403148692,2.8658907296065337,True
LAML,2,PCPG,0.342781808038778,0.22254148616613217,2.1895911697625454,False
THYM,3,PRAD,0.1244408534023085,0.0034703537019825093,2.791687441754399,False
GBMLGG,1,GBMLGG,0.42016832501689055,0.22232469199452337,1.9897120957843986,True
LGG,1,LGG,0.6665176875899793,0.49828996711245704,1.292682754482762,True
THYM,1,THYM,0.26325242578312935,0.1129925798416363,2.342363883468815,True
LUAD,2,LUSC,0.3343293743093143,0.006777793323608894,1.7355782693845367,False
BRCA,1,BRCA,0.19608560145154763,0.02479614309911854,2.6931042563082963,True
KIPAN,16,OV,0.3393650440167209,0.1939621021525392,2.3427666000147864,False
KIPAN,6,PCPG,0.11805990312764879,0.017721311337909024,2.8881036421241255,False
LGG,1,LGG,0.6592277892241698,0.35116356652579783,0.8194343937013688,True
BLCA,2,LUSC,0.3654232071784447,0.10781690615928652,1.693428222349582,False
BRCA,2,CESC,0.4429835486224834,0.09428357671648868,1.5038534757127824,False
LGG,8,THYM,0.471051004341506,0.25934736256238977,1.5862568707162252,False
TGCT,1,TGCT,0.5599079699120595,0.4975441892001875,1.9464703548478333,True
KIRC,1,KIRC,0.5474988515313566,0.25328267976991287,1.4087955814420166,True
THCA,5,PRAD,0.21292846448385616,0.09276721309984913,2.71118215950119,False
COAD,1,COAD,0.787619368300445,0.7468275386502607,1.0330687584452305,True
PAAD,13,UCEC,0.0877205065059511,0.0012742132037473902,2.9712682672374786,False
THYM,16,PRAD,0.13354034414037735,0.0109857988805524,2.8958220393494645,False
ACC,1,ACC,0.6279904833476591,0.5343437694414565,1.5837231841271602,True
STES,1,STES,0.7187838680877292,0.543213391580941,0.81420585871891,True
KIRC,1,KIRC,0.6854798910750131,0.43536332992463583,0.9539904420293289,True
LUSC,2,BLCA,0.35102173684170895,0.1398192525336466,1.924250759113626,False
STES,2,UCEC,0.8724196426203691,0.8261802746760918,0.5434374763303531,False
KIPAN,1,KIPAN,0.6171560704624441,0.5326815689171536,1.687361323818375,True
LUAD,3,TGCT,0.28268808959354896,0.13325943530632864,2.5149755602299533,False
SARC,2,PAAD,0.15846641055477967,0.019315167888263485,2.635617774746801,False
UCEC,1,UCEC,0.6541653366844762,0.5407669917761938,1.2864410469153307,True
THCA,1,THCA,0.9054477960539036,0.8872158916183581,0.5349940748364124,True
BRCA,1,BRCA,0.4842000484456878,0.3671440689765184,2.048890227960834,True
KIPAN,1,KIPAN,0.14136918698829132,0.015634016097981457,2.7693046980890075,True
ACC,1,ACC,0.6197904691094812,0.5336741363432196,1.5859612174164501,True
LUSC,1,LUSC,0.38217172520307663,0.1523867716208352,1.8260800722793402,True
KIRC,1,KIRC,0.3365924971263713,0.2093063901411573,2.418186608973198,True
LGG,1,LGG,0.5750146437761966,0.40078973279065455,1.447035418229888,True
SKCM,1,SKCM,0.2513718845002522,0.15159766333062247,2.756249575939064,True
KIRC,3,KIPAN,0.12667476519688034,0.013710604069232954,2.8977886637489507,False
BRCA,1,BRCA,0.6664296149283722,0.5989410960146542,1.5309610062632222,True
BRCA,7,PRAD,0.2644726311382484,0.16306934701343767,2.644258513383196,False
SKCM,6,KIRC,0.1744644419001233,0.005674854165373361,2.830323865074745,False
LIHC,1,LIHC,0.47739773786434303,0.36312259579809675,2.015664210111059,True
STES,10,SARC,0.12712742364569116,0.010804831961533368,2.9293088479527776,False
LGG,1,LGG,0.6208223081918551,0.2892118065489419,0.8883216796780631,True
GBMLGG,9,PRAD,0.11932237235668672,0.028441985653703317,2.992912042531013,False
COAD,19,THYM,0.11067572346866505,0.001586169020320577,2.958043092801572,False
ACC,1,ACC,0.9721172843435159,0.9620623941870444,0.17845104706385198,True
LIHC,3,COAD,0.21461167527908287,0.03881153121838746,2.3640248694197767,False
CESC,1,CESC,0.1780283046322203,0.04694302098643316,2.8099820792769052,True
KIPAN,8,LAML,0.2688602548371002,0.0041997135329961965,2.0768154007297306,False
KIPAN,3,ACC,0.17125578909328454,0.016521587190832798,2.8407159619597513,False
KIRC,1,KIRC,0.27043691693079575,0.12244495937632566,2.61732751590909,True
KIRC,4,PRAD,0.1822080230372761,0.08936967289761863,2.8597590516561606,False
KIPAN,1,KIPAN,0.2584488996591604,0.11372596063613069,2.4605074607815576,True
GBMLGG,2,LGG,0.6830433940127388,0.4524170678898137,1.0347183984193726,False
GBMLGG,2,LGG,0.5055505492100709,0.1342832566899464,1.2616792427360857,False
CESC,1,CESC,0.7074287728424556,0.6099968430005942,1.1761723025960968,True
OV,1,OV,0.3137145958401817,0.18353058525964563,2.44070459043767,True
KIPAN,1,KIPAN,0.4217012098695658,0.21902956894398637,2.0699965472700868,True
STES,1,STES,0.9650853503819002,0.9463717422633765,0.19363589068840925,True
TGCT,1,TGCT,0.4698421023994019,0.37977335650105615,2.207473122289067,True
PRAD,2,KIRC,0.1299595539491561,0.04393254236340392,2.855905257005286,False
LUSC,1,LUSC,0.9157155217283233,0.8897677902194173,0.41664013232436553,True
STES,2,COAD,0.7537090451086386,0.6510571554732779,1.0407767703734123,False
KIPAN,1,KIPAN,0.621599810862498,0.3257605524800477,1.050677607372506,True
ACC,1,ACC,0.8759518646406685,0.8472707006494449,0.7105183031151084,True
GBMLGG,1,GBMLGG,0.1743086215025461,0.0027806161822585274,2.50968565717006,True
OV,2,SARC,0.18396846207696152,0.00830604102473223,2.446429790166163,False
BRCA,7,PRAD,0.24314836959936745,0.07537440894325417,2.3713533611787585,False
LGG,1,LGG,0.33815082497778876,0.04932275354679072,1.7883058420135851,True
KIRC,1,KIRC,0.668026681301357,0.45916822249328293,1.180431695891566,True
PCPG,3,SARC,0.16791012995216978,0.019620551048721152,2.662066815603812,False
THCA,1,THCA,0.9371142437167166,0.922141101410794,0.3894449203045688,True
BRCA,1,BRCA,0.4013698884053927,0.30709908752873877,2.333605472580663,True
STES,1,STES,0.766163780206482,0.7163589652974194,1.0927176708699207,True
GBMLGG,12,COAD,0.24103307738162127,0.14720156632503217,2.695683712651635,False
ACC,1,ACC,0.9907625245955224,0.9893835373212587,0.07925645166193263,True
STES,2,OV,0.2130903871729075,0.025413837121592148,2.4187403302971626,False
LUAD,1,LUAD,0.9806809904881107,0.961966553449242,0.09838378020140165,True
STES,2,PAAD,0.22514653051327327,0.10675878081429961,2.7629223857897203,False
HNSC,3,CESC,0.3181657336738897,0.14071791672504674,2.087115183995614,False
LUSC,1,LUSC,0.7792939204909055,0.6516421801370912,0.7901003814970362,True
KIPAN,1,KIPAN,0.4617021356963794,0.00518575240964525,1.1526069038120623,True
THCA,1,THCA,0.8524618645599003,0.824031840854172,0.8033655324854557,True
LUSC,2,STES,0.3053681868048501,0.14932434379772255,2.198926223278184,False
STES,1,STES,0.5195077687136592,0.2825229955128634,1.4861337733604862,True
PRAD,1,PRAD,0.270070250023776,0.17256398193657807,2.639975014221832,True
BRCA,1,BRCA,0.30933047896609256,0.18404413195176342,2.542535240365425,True
LUSC,1,LUSC,0.7762694776874636,0.6997143242252148,0.8972771306465991,True
UCEC,1,UCEC,0.8588973187727748,0.7944109276514817,0.651606584355459,True
OV,8,SARC,0.2310836311045668,0.11615254705392546,2.5103723598572243,False
BRCA,4,OV,0.23177374859623198,0.048852261656518986,2.6253067766452065,False
CESC,8,THYM,0.357077519356818,0.1652420221417067,1.9012606155211453,False
BRCA,3,STES,0.16551913319091321,0.010775491594013809,2.649880248697435,False
LAML,1,LAML,0.588168730737919,0.44440583197536926,1.610154317529438,True
STES,2,UCEC,0.2997074596809118,0.1397824675480752,2.311878210932275,False
KIPAN,1,KIPAN,0.36188864842760804,0.20046170130544044,2.3294947605953347,True
SKCM,1,SKCM,0.999247569380316,0.9989214708784445,0.007431247241902778,True
LIHC,4,KIRC,0.14164039459628894,0.014563217725224759,2.8033794712540465,False
UCEC,1,UCEC,0.8249170157484912,0.7713856710840673,0.8882605616753425,True
BRCA,8,SARC,0.11701019523706435,0.001016616792648417,2.941646299996681,False
SARC,6,THYM,0.23889218950750543,0.06220802841822884,2.1090276753319785,False
LIHC,6,LUSC,0.17857710505533161,0.02928939622200008,2.6058141495535447,False
THCA,1,THCA,0.5310880660508885,0.43895411727474887,1.980909578058141,True
LAML,1,LAML,0.41021231361248106,0.2852979116751768,2.140943625067322,True
LGG,1,LGG,0.6202695064829771,0.37496842090918725,1.2236412051261598,True
BRCA,6,PRAD,0.19254466947326632,0.09362820563147603,2.7529913334093212,False
SARC,1,SARC,0.4781845108639644,0.41605794290339376,2.2267281027753416,True
STES,1,STES,0.21479212508895174,0.06282001956421529,2.5485259502332145,True
ACC,1,ACC,0.3559988144375373,0.13480941963829976,2.284332852280048,True
OV,7,KIPAN,0.1616323078906325,0.03741950737763876,2.8210382546670334,False
BRCA,1,BRCA,0.6098615652349682,0.5462858354391208,1.6926491502203602,True
HNSC,1,HNSC,0.4091517408701122,0.1333510901607763,1.8401892503070958,True
PCPG,1,PCPG,0.4528324772308821,0.35865436211766155,2.0093162250433947,True
BRCA,1,BRCA,0.5963754314938564,0.5446900624865079,1.8458127657897387,True
BLCA,1,BLCA,0.6931153620341465,0.5045846762182891,1.0417878358424106,True
BRCA,9,OV,0.25289728508888765,0.15916729259841317,2.6153623078385793,False
LUAD,1,LUAD,0.46623424909093686,0.3081692292450121,1.723958763142824,True
GBMLGG,2,LGG,0.5526124035872709,0.26510040856975164,1.3119663946349636,False
GBMLGG,1,GBMLGG,0.1521524514744489,0.008171200090661912,2.6261698291657294,True
BLCA,1,BLCA,0.41493090503350294,0.25885281785935266,1.7966589854233703,True
KIRC,1,KIRC,0.9037364907293467,0.8228345140000163,0.40091887319670694,True
PAAD,1,PAAD,0.21216862667613007,0.07733159992663532,2.782907903048404,True
CESC,9,THYM,0.471051004341506,0.25934736256238977,1.5862568707162252,False
BRCA,1,BRCA,0.43031921657607713,0.34563314067031775,2.296570926020013,True
BRCA,2,LIHC,0.13801149868894025,0.05232610494719481,2.8233550584323903,False
COAD,1,COAD,0.4669236335178159,0.3579904954948444,2.128582591537355,True
GBMLGG,1,GBMLGG,0.4807893953639465,0.0037340226272899457,0.9229786968575443,True
TGCT,1,TGCT,0.17043039182849415,0.08133269836970988,2.9153142400390966,True
KIRC,1,KIRC,0.5061935321185471,0.4066464487719787,1.9083697401135256,True
KIPAN,5,PRAD,0.2530643836565317,0.1340913866802495,2.7374971828770405,False
OV,1,OV,0.3571341183265836,0.19152439420967574,2.206180312126684,True
GBMLGG,1,GBMLGG,0.5677541196185563,0.17249501656461008,0.9075853567237735,True
BRCA,1,BRCA,0.8509179637876574,0.8244077838425155,0.8515416690093844,True
LGG,13,TGCT,0.1185354889532458,0.03853995114294184,2.9811870983188378,False
OV,2,PAAD,0.2517721575605858,0.029518484162064262,2.485499092275844,False
COAD,1,COAD,0.5784506249534802,0.4693506622348481,1.7118167209226443,True
UCEC,14,OV,0.34115783708150726,0.08499845450751514,2.195885567011008,False
KIRC,8,PAAD,0.1410785161298511,0.013178230657474033,2.803908478307637,False
TGCT,1,TGCT,0.21073393226605028,0.1135206647799578,2.7100131059400048,True
SKCM,1,SKCM,0.9990540011230841,0.9988192419172912,0.009376900562149713,True
KIPAN,1,KIPAN,0.8172507782119486,0.6804539874517499,0.7030612981784825,True
STES,15,BRCA,0.3469870953652411,0.15852738775693054,2.2363084361646566,False
LAML,1,LAML,0.7153508194494022,0.6560109076472778,1.270372061772109,True
LGG,1,LGG,0.6568418199470929,0.41829941022434014,1.1619119809813925,True
UCEC,1,UCEC,0.6536230416373741,0.5518348565448765,1.494473802867358,True
THCA,3,PRAD,0.22305659820840357,0.0315555162175018,2.376579151211058,False
GBMLGG,1,GBMLGG,0.3369262241985733,0.16910699133591917,2.3431820503740295,True
KIPAN,1,KIPAN,0.5612410491834414,0.271431276203954,1.3656513341326024,True
SKCM,1,SKCM,0.5260573628280093,0.4058585826757421,1.7968043418573967,True
GBMLGG,2,LGG,0.6163029093898674,0.34925637155645145,1.1442796155355737,False
BRCA,1,BRCA,0.3275029561095858,0.18900013893522138,2.476405057732481,True
PCPG,4,THYM,0.2574133443217992,0.11581439527945042,2.2714424053757183,False
THCA,1,THCA,0.9089580344425999,0.882230704014398,0.48547623647015764,True
GBMLGG,2,LGG,0.547507846031022,0.15982697100508464,1.0157235589539142,False
LAML,2,THYM,0.471051004341506,0.25934736256238977,1.5862568707162252,False
UCEC,8,LIHC,0.1566327158078928,0.03445163245649277,2.836555496321635,False
THYM,1,THYM,0.18151755453379487,0.05476567545164493,2.616332755826583,True
COAD,1,COAD,0.6055526310506818,0.49662835080925594,1.6563677767586351,True
STES,17,KIPAN,0.1634498108579988,0.011169985066749932,2.7826557642810057,False
THCA,15,PRAD,0.09643103613044483,0.020777373828731405,3.084536673145053,False
PCPG,1,PCPG,0.34375352558308847,0.14109613367024887,2.0394919131316795,True
ACC,1,ACC,0.9551333330259439,0.9447066203687039,0.29183217912006737,True
BLCA,1,BLCA,0.5884910254361166,0.45277816276426586,1.5803690762892448,True
PRAD,3,DLBC,0.1564946563463409,0.024045066440764984,2.6968705665077,False
KIRC,11,PRAD,0.1736841519216167,0.03530433813450118,2.819041400964976,False
TGCT,1,TGCT,0.6238018191718963,0.5554974741404424,1.6678962580521017,True
BRCA,7,THYM,0.5347016919658176,0.33302860641605325,1.4695847261221497,False
LUSC,1,LUSC,0.6407678638270881,0.5352210405941873,1.3955780022092061,True
UCEC,1,UCEC,0.6869109797670266,0.6142785187350164,1.3688644462309132,True
GBMLGG,7,BRCA,0.42402963354428524,0.3470016224596783,2.3351317589944616,False
KIRC,1,KIRC,0.7699571126019338,0.6033608049699445,0.8306200723103129,True
TGCT,1,TGCT,0.5034974276029671,0.38922849750645105,2.0484678562414573,True
KIPAN,1,KIPAN,0.20873984461690417,0.03609485626322531,2.629084338229851,True
GBMLGG,14,KIPAN,0.18548715654593556,0.08533410290873082,2.73539039375739,False
KIPAN,2,KIRC,0.45187371930632303,0.266682177554308,1.7420892878883174,False
OV,6,SARC,0.24218257912077942,0.12770401502082845,2.69103601177251,False
KIPAN,1,KIPAN,0.5498643843047241,0.1943583988900563,1.153220956269242,True
BRCA,1,BRCA,0.17134410051142,0.02198691654352028,2.695693240310741,True
GBMLGG,1,GBMLGG,0.46799567533853087,0.3473953246425005,2.030974789554674,True
PRAD,1,PRAD,0.20322307440376436,0.09925520173956665,2.836947660175641,True
HNSC,1,HNSC,0.5409899563073024,0.4384080639052528,1.8556905942206068,True
DLBC,8,PAAD,0.5207948363293033,0.4539303869975807,2.0355657208936297,False
KIRC,1,KIRC,0.784798780649397,0.6158325384559518,0.7630238340993072,True
COAD,1,COAD,0.4915479279700799,0.4223807257657847,2.18223153991152,True
SKCM,1,SKCM,0.4273087770449226,0.2111573412839066,1.7939761937572132,True
THCA,4,LAML,0.3220621095004962,0.136952238233855,1.9692596904527238,False
UCEC,1,UCEC,0.47052440154077785,0.35572923055578953,1.9894622749017314,True
BLCA,2,HNSC,0.3173368270326525,0.0017040966314915695,1.8405270021889693,False
LIHC,1,LIHC,0.2571117820491243,0.157783191849667,2.6504271787195317,True
SARC,2,OV,0.2520302635694084,0.13993756127448317,2.479666659549328,False
COAD,1,COAD,0.7951248220801329,0.7561249772662624,1.0150638639774157,True
KIPAN,1,KIPAN,0.4228783620799506,0.28948908993405215,2.1912901387746935,True
STES,9,HNSC,0.20079083161008007,0.05737675560761299,2.535228515558246,False
LGG,1,LGG,0.6014419014963481,0.28400685518759794,1.0652895106976479,True
PRAD,1,PRAD,0.16785458060533553,0.03375850684302714,2.6532182023362956,True
LGG,14,GBMLGG,0.3572109343923174,0.21613915278533924,1.9091264316654637,False
THCA,5,LAML,0.2072191754416252,0.03889885674261512,2.1605898545836237,False
KIRC,1,KIRC,0.7443505202370295,0.6896876803071349,1.1870971951551157,True
SKCM,1,SKCM,0.7547070125057671,0.7021453772952007,1.088350284024791,True
CESC,1,CESC,0.2902622791576147,0.061243771929207075,2.3068481958607188,True
BLCA,1,BLCA,0.43323001134277306,0.23889834799898366,1.7931146874841195,True
UCEC,5,OV,0.30759146007470706,0.22194913195951313,2.661454517813804,False
LUSC,1,LUSC,0.375789973152831,0.21218520571921365,1.9936926561275694,True
LUAD,3,CESC,0.12133593602270788,0.0037711036077303223,2.958947645149657,False
BLCA,4,STES,0.22557690712878659,0.10750965761308853,2.584142175641559,False
STES,1,STES,0.28493205666592364,0.1185737614937642,2.1783432847525104,True
SARC,4,OV,0.22031315074970254,0.1105386038761238,2.616731450264927,False
OV,1,OV,0.1837438233591282,0.004601433967455798,2.655305208804502,True
KIPAN,2,KIRC,0.478675312512418,0.08520330506078816,1.3271195691132476,False
STES,1,STES,0.2771163590383057,0.06749905664313441,2.1981583707095065,True
GBMLGG,13,LUAD,0.1647681312972216,0.06874880887759714,2.779635501398866,False
KIRC,1,KIRC,0.729274440695364,0.5880399737967664,1.115168100823175,True
BRCA,1,BRCA,0.7801980771477196,0.7462042638821179,1.0729048334180358,True
SKCM,8,LIHC,0.27943330157400825,0.15899662937280679,2.661279279104783,False
LUSC,2,LUAD,0.15457142376881858,0.01781271338993723,2.5613740562333374,False
CESC,1,CESC,0.5543293247664232,0.45196336362256423,1.6435299637518062,True
BLCA,3,ACC,0.3326741183235555,0.16344632327604644,2.0845922299868245,False
LAML,1,LAML,0.6037306353845157,0.39081689900817657,1.191569581873478,True
SKCM,1,SKCM,0.9995917324611321,0.999379854786129,0.003994025693739038,True
KIPAN,2,KIRC,0.2642374232131145,0.10756866208122284,2.525983602748206,False
GBMLGG,13,THYM,0.3414460136323734,0.15262878002543379,1.9691073736411489,False
TGCT,1,TGCT,0.8199804650521126,0.7981063849703766,0.990248342460534,True
SARC,2,PRAD,0.2446275074773783,0.13775123019785196,2.768589884094607,False
BRCA,7,PAAD,0.20093136838701212,0.10588724812597737,2.82561399384585,False
COAD,15,CESC,0.1165942175571481,0.007174701405657194,2.9989365828217034,False
PAAD,1,PAAD,0.14626580517627058,0.05647067741436142,2.9596112729520785,True
TGCT,1,TGCT,0.359882264267564,0.1942802524748553,2.357347125757208,True
KIRC,3,LAML,0.23331860687593534,0.04344868287444639,2.3600039493487683,False
LUAD,4,CESC,0.6066577483093971,0.5333140907652377,1.5828356460979962,False
KIPAN,14,OV,0.20660558150517214,0.10566722503241874,2.8599702706471604,False
SKCM,1,SKCM,0.7596074583296138,0.6699625316843592,1.0122246595942086,True
ACC,1,ACC,0.9997199213466772,0.9996566338959643,0.00330560981517684,True
THCA,3,THYM,0.22857761159533177,0.08105739871868614,2.263248959184173,False
LGG,3,OV,0.18145018446331584,0.029628887168940243,2.5551574734181455,False
LGG,1,LGG,0.6755536120671667,0.39379536651205127,0.8587643383410482,True
THYM,1,THYM,0.5293989698264331,0.3612675612693449,1.5185777561627403,True
LAML,3,THYM,0.3235106526835082,0.15769216704074052,1.9983564389223891,False
OV,3,BRCA,0.1942311571021985,0.020638762806552163,2.5056309578745872,False
PRAD,21,STES,0.27589699173296894,0.10972802160950462,2.219820378220879,False
SARC,7,CESC,0.4107028026792643,0.33798070156094806,2.4024400394858247,False
SKCM,1,SKCM,0.6151613804896913,0.5281682484548704,1.5339097984880055,True
KIPAN,1,KIPAN,0.23266710144217836,0.043870615417628905,2.4778124152719987,True
LUSC,15,LUAD,0.17493205788674496,0.08271943513269049,2.904848700964063,False
BRCA,3,KIPAN,0.2473534161535703,0.08952388579732329,2.332766677169666,False
OV,1,OV,0.3067919408532313,0.21138903587287572,2.422510729173191,True
LGG,2,GBMLGG,0.5434957871222363,0.17541445772922143,1.115628606913229,False
KIPAN,1,KIPAN,0.27681077325822223,0.12933709100768884,2.510292741024003,True
CESC,2,TGCT,0.14356470616111422,0.026904352961448386,2.920874756146721,False
COAD,1,COAD,0.14257958798614723,0.024551704986116904,2.8498704631710523,True
PRAD,1,PRAD,0.14806607082487874,0.031163602471512078,2.6946242796597484,True
THYM,3,LAML,0.5449410512885802,0.4123550231282928,1.630310878890568,False
THYM,19,TGCT,0.13749427288392893,0.013014041535790277,2.913356942049101,False
COAD,1,COAD,0.7503737904553183,0.6550508523250084,1.0911223491429662,True
BRCA,10,LIHC,0.17071085528007587,0.056692051729529486,2.6959345534909094,False
PRAD,5,THYM,0.5321670889767997,0.314301408412199,1.50526824853538,False
BRCA,7,THYM,0.2493980654332816,0.08647072240314885,2.130548317253994,False
THCA,1,THCA,0.7326765101366295,0.6925069281412676,1.3510663146143729,True
PCPG,5,THYM,0.21221387724779792,0.09155347344265619,2.5945886440232035,False
HNSC,4,LUSC,0.2530353710833459,0.08198906628636454,2.0408698269758245,False
BRCA,1,BRCA,0.8006154186937666,0.7649086681440193,1.0387129977428715,True
BRCA,6,PCPG,0.24228705121543195,0.08503555163574555,2.2473219166988834,False
OV,1,OV,0.3782984456615586,0.23159345353051494,2.2104094731146335,True
STES,1,STES,0.4677922566753187,0.31493212702846485,1.8081072290841447,True
GBMLGG,1,GBMLGG,0.31867740196813915,0.04955142372331589,2.083062452307811,True
LUSC,1,LUSC,0.4288482925226441,0.20973859537561224,1.7285897142368927,True
KIPAN,1,KIPAN,0.13065962941977413,0.01592897496798941,2.7841110414571872,True
PCPG,1,PCPG,0.16239751467398544,0.05187590558973498,2.8234338543171256,True
THYM,6,PCPG,0.17264065252965718,0.03438738009689041,2.590745894852993,False
COAD,1,COAD,0.701832758060101,0.5834031889043074,1.2481708362030521,True
SKCM,1,SKCM,0.4026155201167241,0.13944936809281983,1.9846595585947555,True
KIRC,7,PRAD,0.21808899479308771,0.1086170501753345,2.7444068991555093,False
BRCA,1,BRCA,0.2649473379765206,0.13169450213240758,2.4110720955194638,True
HNSC,2,LUSC,0.22054256432651848,0.033538413661355265,2.2313958370433085,False
STES,1,STES,0.19098078057609846,0.029940975894476196,2.47189298656128,True
COAD,1,COAD,0.4710411604787863,0.35430212135030714,2.0904516217385423,True
BLCA,7,TGCT,0.20534829586036385,0.069053887617014,2.646078776958159,False
BLCA,3,HNSC,0.4475913651247783,0.12009480615472884,1.3604879651925188,False
BRCA,1,BRCA,0.28892632080985164,0.17040472015152278,2.5778951937164054,True
THYM,1,THYM,0.13798245745856036,0.03627479810463907,2.845847294203835,True
KIPAN,3,BRCA,0.10229203584391924,0.0003565326759829984,2.896668487702936,False
TGCT,1,TGCT,0.14938127205019147,0.006307661199979692,2.8872639407578298,True
PCPG,2,BRCA,0.18301978513426143,0.017983481097442938,2.6604033860295533,False
SKCM,1,SKCM,0.3839062063734751,0.2392024192413792,2.2160113217720574,True
PRAD,1,PRAD,0.44980476346650805,0.3628292746809025,2.1797697404670533,True
OV,9,PRAD,0.15409068981209056,0.03272671298779263,2.7664046394036523,False
SKCM,1,SKCM,0.8083708843474596,0.7618594508482249,0.9202184220074339,True
KIRC,1,KIRC,0.18176992633274947,0.08135114787293886,2.9127573264741304,True
LUSC,1,LUSC,0.6586778071267619,0.4574250216520771,1.0718800178313672,True
UCEC,1,UCEC,0.7602080961422548,0.7130413298013537,1.1839716570345018,True
SKCM,1,SKCM,0.9947547830393271,0.9932867932938012,0.042896172854476576,True
LIHC,1,LIHC,0.4420217650459648,0.34177000738658125,2.065823039461854,True
BRCA,1,BRCA,0.21235839023804412,0.040840161906156525,2.684193835021059,True
CESC,9,PAAD,0.2113704480429236,0.11119436277010977,2.8759683771889697,False
BRCA,8,OV,0.53361707757681,0.42886268957447066,1.8664237647335067,False
COAD,2,UCEC,0.500974538376984,0.28906765720674005,1.7052938590935103,False
KIPAN,4,LIHC,0.23002166827664677,0.1157057347928057,2.736571818528051,False
THCA,3,PCPG,0.3175754363375027,0.09517387495126856,2.2215829926989192,False
GBMLGG,2,LGG,0.5536061052858741,0.3606318076620584,1.3782773227435163,False
PRAD,3,OV,0.1813849496303927,0.0047609209687339005,2.6394787818194825,False
GBMLGG,2,UCEC,0.5030671996760809,0.10483703106023534,1.2004130226356537,False
STES,2,COAD,0.3382748147863401,0.0998805338066629,1.993423932235792,False
GBMLGG,18,TGCT,0.23262499215275967,0.042024359003056566,2.5020639585522844,False
STES,2,COAD,0.7299268101824292,0.6932877947829792,1.3073285305392173,False
PCPG,2,PRAD,0.19202505534950318,0.007562354397199655,2.5361728581327596,False
SKCM,20,BRCA,0.14444669176212613,0.03398204732520417,2.8213070815869834,False
THCA,1,THCA,0.6574319114295422,0.595174957703418,1.640506477235401,True
UCEC,1,UCEC,0.9267226691570464,0.9035726250105102,0.3789901381891562,True
LGG,1,LGG,0.45272990777922884,0.12142744584396425,1.5834852814973004,True
HNSC,4,BLCA,0.8145659980942218,0.6686295569357844,0.6250552946932747,False
THCA,6,LAML,0.26293232825120827,0.025155111944628245,2.1179877466479877,False
BLCA,2,HNSC,0.5023792383701329,0.32069006547208534,1.6430080400045504,False
SKCM,1,SKCM,0.9894820098225324,0.982918299217466,0.07207267492566284,True
LIHC,5,STES,0.22475005383481497,0.11572306491677402,2.5779262607463083,False
KIPAN,1,KIPAN,0.19215878913608875,0.0406792463340164,2.57996993411594,True
CESC,1,CESC,0.15047670031939128,0.009909882569301198,2.8034438600424068,True
THCA,2,PRAD,0.1577345596205415,0.05045336537183606,2.701852935155942,False
CESC,4,SARC,0.1350163252795191,0.00443030904117761,2.880213505310246,False
THCA,1,THCA,0.8676911494817017,0.8410003425886132,0.7254615428327366,True
KIRC,1,KIRC,0.8250443563851665,0.6533879840512292,0.48868936265065727,True
STES,9,BLCA,0.4883335425603293,0.37731537968021167,1.806007441827695,False
OV,1,OV,0.16191740216744777,0.061641463478473255,2.6853659246520847,True
TGCT,1,TGCT,0.3387786698698252,0.25735101489325496,2.528479273602189,True
LGG,1,LGG,0.5281502161227782,0.3244287763513335,1.581876507879178,True
UCEC,1,UCEC,0.6520023598911862,0.5848174606988332,1.5233610608739054,True
KIPAN,2,LUAD,0.18475206299546396,0.030613839797380415,2.667795906366257,False
COAD,1,COAD,0.7490293919596593,0.6993771844890915,1.182274959648617,True
KIPAN,2,KIRC,0.49669431399776015,0.14985617621054992,1.4084496793465098,False
GBMLGG,8,PRAD,0.14543383858146813,0.04631259147332897,2.820224878730815,False
KIPAN,4,GBMLGG,0.2868842137671226,0.0670426844637956,2.4764211036776156,False
UCEC,4,PRAD,0.14095961327903653,0.02053515725318067,2.8658607508867098,False
STES,1,STES,0.7722409318579057,0.7377293707015391,1.0794497370178464,True
LUSC,1,LUSC,0.45311371054936883,0.22089605307842294,1.8308235878480805,True
OV,1,OV,0.4084487559788679,0.32030893135833843,2.2934752845300372,True
PRAD,1,PRAD,0.1428013633521661,0.0017827302723874006,2.720120930313348,True
UCEC,2,STES,0.5805840716402335,0.3560495148519691,1.1992524300836511,False
BRCA,4,OV,0.18463960346379196,0.016259461690998983,2.5144467959542207,False
GBMLGG,3,PCPG,0.15528065212617062,0.03711934835439179,2.8313407901173124,False
SKCM,1,SKCM,0.9075042877549803,0.8595067663688725,0.46188334799768554,True
PCPG,2,PRAD,0.17181388683529092,0.018298761270475417,2.5241643008215204,False
LIHC,1,LIHC,0.6702909297955315,0.5950197507180701,1.4800185652065443,True
COAD,1,COAD,0.679583469280744,0.5759735007214948,1.343544742973726,True
BRCA,1,BRCA,0.596438806932717,0.4368061577536425,1.5098366298020265,True
PRAD,3,LGG,0.38850970215914366,0.06867468558554785,1.9128370092171838,False
CESC,1,CESC,0.3206215401546413,0.2377610431001012,2.608191023617637,True
KIPAN,1,KIPAN,0.3430396000552548,0.2451412301589247,2.46706413753305,True
BRCA,4,COAD,0.19405582239102073,0.05900522972843164,2.387783262586468,False
CESC,1,CESC,0.4508115704013062,0.20697786165496396,1.7621490663343093,True
PCPG,14,SARC,0.14332150359990004,0.04054630671431453,2.9546590421462477,False
LAML,2,THYM,0.5117298131007656,0.33372309770457026,1.532678251040923,False
BRCA,1,BRCA,0.41705013574088634,0.3271241956853823,2.3720066822405363,True
OV,3,BRCA,0.24147273611572348,0.002159058915490175,2.354836340428931,False
LIHC,1,LIHC,0.21322337657535786,0.12255890307891605,2.889333454611795,True
PAAD,10,STES,0.13167676375718887,0.027403672014565783,2.9483599288906275,False
LUSC,1,LUSC,0.5412149401080856,0.3677336405400926,1.4655468303171328,True
BRCA,12,STES,0.6754911373010457,0.4875955029476804,1.0831115951938453,False
SKCM,1,SKCM,0.9707133979069519,0.9642663572921851,0.19093295701253918,True
BRCA,2,COAD,0.26664140876377296,0.08108547346893913,2.519291187116894,False
LUSC,1,LUSC,0.8099901387379197,0.7407868240399618,0.821039229578466,True
KIRC,1,KIRC,0.7324557630019223,0.548210243013318,0.9714365582194623,True
KIPAN,11,PRAD,0.1521104601473793,0.06245681010400281,2.9562650601456064,False
COAD,1,COAD,0.5533964631339583,0.14607304327772153,0.8875222198043138,True
CESC,9,HNSC,0.21763499530176866,0.044024703780884605,2.355216909703842,False
GBMLGG,3,LGG,0.3679330086803533,0.05871930300026629,1.57878659464691,False
KIRC,1,KIRC,0.47790459403008434,0.3219692845036177,1.980184806583471,True
LAML,9,SARC,0.22239011148288085,0.0060098911244263475,2.33417193994177,False
SARC,4,PRAD,0.14070100717056488,0.018420837341359964,2.840877526015244,False
STES,1,STES,0.23440579399235148,0.0869554107339672,2.441524054168414,True
PCPG,1,PCPG,0.25544251373217114,0.13065352953176673,2.5765130272831525,True
LGG,1,LGG,0.5751116908832614,0.2619945748283679,1.2529039152739878,True
BRCA,7,PRAD,0.25681197355259,0.09785036278355999,2.4312210809260226,False
BRCA,1,BRCA,0.38923742329766337,0.26350667897827096,2.2358485406616526,True
LUSC,1,LUSC,0.45499999010847664,0.32716925931015217,1.915062147642547,True
KIRC,1,KIRC,0.8332758337823084,0.6840794703003963,0.5537432291921403,True
KIPAN,1,KIPAN,0.49020032793633017,0.35986003829299257,2.088795714342857,True
GBMLGG,16,KIPAN,0.30553309672566004,0.14339643042393055,2.5366873873348155,False
BLCA,1,BLCA,0.7668220218651051,0.6713502992652228,0.9522693317862776,True
LUAD,2,LUSC,0.6414527553154176,0.3121225660501176,0.8067308237512403,False
OV,1,OV,0.34058750841449104,0.2455852786314292,2.4617349783699565,True
STES,4,PAAD,0.18248964545715152,0.028952511052299068,2.694308497629349,False
UCEC,1,UCEC,0.7048248252599792,0.5943474640222492,1.2851341647137122,True
HNSC,1,HNSC,0.3426380402970834,0.18487840725421933,2.254885622729759,True
BRCA,7,PRAD,0.22004492966931258,0.09719894338716466,2.605341619356029,False
LIHC,4,KIPAN,0.20076701089443794,0.032652497363788724,2.6272287961983496,False
CESC,1,CESC,0.2724895340256068,0.1761198476790713,2.6765274434440904,True
LIHC,3,STES,0.256732798935418,0.07502372775426386,2.177367327138872,False
SKCM,1,SKCM,0.9996803558876964,0.9995580870051436,0.003402373703159251,True
COAD,17,THCA,0.5225197885746515,0.3950394552973808,1.9016912884554409,False
SARC,2,TGCT,0.1416874870489842,0.001440763518797017,2.899537847974394,False
DLBC,5,TGCT,0.1852139515027179,0.030768947997289492,2.620333165067562,False
LIHC,8,HNSC,0.15900258233099254,0.043222999739501514,2.8344611755964917,False
BRCA,6,LAML,0.2968407480074985,0.02397215292679644,2.017793037202691,False
PRAD,3,KIRC,0.1436202306189833,0.004761472109371778,2.8058682073973005,False
PAAD,1,PAAD,0.21421887320893035,0.06929115053030016,2.4394734390834554,True
KIPAN,1,KIPAN,0.2913364771080702,0.0622173995431462,2.2458565676568836,True
LUAD,1,LUAD,0.5448946552375852,0.4336123547641026,1.6550740839251998,True
SARC,3,STES,0.30170566671226545,0.17403598607167933,2.310749314764792,False
OV,6,KIRC,0.3419041215776069,0.2081246303108621,2.4247453444264893,False
LGG,1,LGG,0.7641292470654597,0.5654438780641775,0.7298266663154925,True
LAML,4,PCPG,0.21589914476676295,0.020189194957074164,2.5034606299029654,False
GBMLGG,2,LGG,0.47057855480473765,0.18745486275246231,1.5206306610269005,False
LIHC,6,GBMLGG,0.17494600648754402,0.07310382125288245,2.851625653435389,False
PAAD,6,TGCT,0.32444511400163756,0.1931799443643473,2.444179275337933,False
GBMLGG,2,SARC,0.25667705408811486,0.09248444177428786,2.4924548011806578,False
GBMLGG,2,LGG,0.578237699735553,0.2918967245631163,1.2684445789809513,False
KIPAN,2,KIRC,0.16832210236316078,0.011272550702670886,2.6923883580034547,False
PRAD,1,PRAD,0.14228067576591252,0.04438826218529962,2.9104924644209222,True
LGG,2,GBMLGG,0.265692174682107,0.14583246423474744,2.723862704875527,False
KIRC,2,PRAD,0.14042472388162,0.004768624748552636,2.849840544871988,False
PRAD,1,PRAD,0.1527580107460745,0.05175487238859283,2.9530601995635575,True
STES,4,TGCT,0.176045340818763,0.0662081735427912,2.8228443154984686,False
LGG,16,COAD,0.11332904293183284,0.02812186750366058,2.9940707949827186,False
BRCA,1,BRCA,0.19917057590806755,0.05828930477431238,2.525989021610221,True
PRAD,1,PRAD,0.14675425581095658,0.039857034915532635,2.9857607695989095,True
PAAD,1,PAAD,0.2353578797196078,0.05348182043324831,2.626499276015086,True
KIRC,10,THYM,0.2245084603846787,0.07247491534362313,2.294061447133763,False
HNSC,1,HNSC,0.8159852538357207,0.759112991310465,0.8287607231212203,True
PAAD,10,LIHC,0.17974753204931712,0.08176956110634832,2.835195992543594,False
BRCA,3,HNSC,0.23379313219053366,0.0638586371190776,2.393183113063974,False
SARC,7,PRAD,0.18465435235803856,0.0566791482495326,2.737651834377079,False
HNSC,2,LUSC,0.5220008802026592,0.32650950249167665,1.4592126593963224,False
OV,6,PRAD,0.23888301131395728,0.13603237504026552,2.7511466802385613,False
BRCA,2,THYM,0.16207657098043532,0.0033512713248891324,2.4725165057086,False
LUAD,2,LUSC,0.8534406304823913,0.7086284062017879,0.4269169909639888,False
SKCM,1,SKCM,0.9503461411004641,0.9408291664973624,0.32013597123287113,True
KIPAN,1,KIPAN,0.10908740530305856,0.0006473138792770228,2.975411386516586,True
CESC,14,PRAD,0.17816992843319732,0.04179943921843113,2.7966463009478812,False
SKCM,1,SKCM,0.9833659059887891,0.9769682552516444,0.11112207791972331,True
LUAD,1,LUAD,0.32441101210044065,0.10382358964065508,2.150142702586565,True
PRAD,9,SARC,0.11792848480796442,0.01895990763803075,3.000706474366433,False
HNSC,4,LUSC,0.4269526288694883,0.03198224295529828,1.2128864650970352,False
PRAD,2,THYM,0.1858246926753843,0.012143089421414233,2.402236616312089,False
THCA,1,THCA,0.8419007309652526,0.8161220175049638,0.8737763936207753,True
SKCM,1,SKCM,0.9998037421007385,0.9997342313983384,0.002211698793348221,True
THYM,1,THYM,0.29385894409113356,0.06315405639349683,1.983862501703719,True
LGG,1,LGG,0.7701466864322256,0.5847719153970903,0.7482093463404187,True
GBMLGG,2,LGG,0.562974996246647,0.35966816981036764,1.547539058366738,False
BRCA,4,LUSC,0.21014806710030254,0.000623911621615042,2.1629507965254264,False
THCA,1,THCA,0.8656064118637956,0.8442214991582815,0.7681824820269262,True
STES,1,STES,0.6848678281943976,0.47165876003347873,1.0289571370190238,True
HNSC,1,HNSC,0.17412744764276125,0.0059816689335881745,2.525559784396725,True
STES,1,STES,0.3296123097700595,0.10680066854976528,2.0937733733781654,True
SARC,2,PRAD,0.24779527917164454,0.15592153824558175,2.715779589441701,False
LUAD,8,TGCT,0.2725296164705314,0.19843484021125302,2.7319985342144997,False
OV,1,OV,0.4675760802615954,0.3521709990090124,2.041432741237475,True
PRAD,1,PRAD,0.32045808227436806,0.2135120243940133,2.4592726480475955,True
OV,13,LAML,0.22576339185517535,0.038402201672008834,2.4340357013824496,False
GBMLGG,1,GBMLGG,0.6622379348843033,0.5467667564176792,1.4334583977831374,True
BRCA,1,BRCA,0.24530164943132857,0.13044378930785466,2.6720354118721743,True
LAML,4,GBMLGG,0.38890996082989265,0.14853292867485943,2.1021948135355015,False
LUSC,1,LUSC,0.8068150018755232,0.7362677311701016,0.8351373918332122,True
STES,1,STES,0.6347722178038863,0.5611365976491154,1.5797322124688675,True
LUSC,4,HNSC,0.2742080659538494,0.10749025851291402,2.3120406219023706,False
LAML,1,LAML,0.8547871159534112,0.8259978415464198,0.7634578429077883,True
HNSC,1,HNSC,0.2861363228023386,0.0324298136165348,2.228625991323639,True
ACC,1,ACC,0.9879305146377008,0.9850303723628477,0.09426025614273525,True
SKCM,1,SKCM,0.9712548418111662,0.9651730576579918,0.18990893497749217,True
HNSC,1,HNSC,0.25737976964970877,0.13884413208396562,2.595347346442547,True
DLBC,5,LUAD,0.1408373457910173,0.0003309994685522233,2.682530137308021,False
BRCA,1,BRCA,0.2878686457283227,0.03894612151990573,2.133669450592069,True
LGG,1,LGG,0.6883348310783497,0.42984393023156314,0.8893346006240711,True
BRCA,1,BRCA,0.19174611988108028,0.041959599578800216,2.568391962703922,True
STES,1,STES,0.937879924945767,0.9139824229363472,0.33607417450950006,True
THCA,3,THYM,0.471051004341506,0.25934736256238977,1.5862568707162252,False
SKCM,1,SKCM,0.9942659906616865,0.9929345049473148,0.04744741341113731,True
PRAD,1,PRAD,0.17211462372977457,0.04334869934384708,2.732825940472297,True
GBMLGG,4,CESC,0.09862254299441273,0.018631958386707864,3.052380709447569,False
CESC,17,PAAD,0.196539621652581,0.10111548573915662,2.8368522184685245,False
KIRC,1,KIRC,0.6241337590128758,0.45576025057468295,1.4593186931499404,True
GBMLGG,4,PCPG,0.09928725373195031,0.02477586197848272,3.033939882261091,False
SKCM,1,SKCM,0.5554448784208437,0.48841004743588523,1.8566961928808565,True
GBMLGG,1,GBMLGG,0.5990124359444089,0.29618462959418607,1.1333948271966061,True
STES,1,STES,0.9418118853196239,0.9160051689031365,0.29637258437966896,True
COAD,1,COAD,0.829932989161426,0.7914187242059556,0.875181619324778,True
BRCA,5,OV,0.4543053363472396,0.2400052339056239,1.7578901633186692,False
OV,8,HNSC,0.17743987213997137,0.0403807171635569,2.674649855165945,False
SKCM,11,LIHC,0.16819531019186792,0.030155286719474594,2.679055386241538,False
PCPG,6,SARC,0.11638774251452694,0.00795999188068304,2.8573136843055416,False
STES,4,PAAD,0.2518701586624681,0.10594421765122897,2.4276766904233975,False
KIPAN,4,PRAD,0.19201460567009956,0.1015229597971287,2.871186358685919,False
BRCA,5,PRAD,0.1452571624349806,0.03996712034514603,2.9569743511029976,False
BRCA,1,BRCA,0.24444959649367756,0.07071050883422628,2.4122384407022572,True
LAML,1,LAML,0.8703715401274706,0.8331298955065954,0.6649359927294038,True
BRCA,9,KIPAN,0.1571750833498258,0.022739334369793446,2.857960237314488,False
BRCA,6,PCPG,0.15222636757488084,0.016940177479919438,2.6697557892018473,False
KIRC,2,KIPAN,0.40985832192754024,0.07110289355875643,1.7604009084990544,False
BRCA,5,PRAD,0.1515074008655789,0.04867406723709393,2.861830019740432,False
LGG,2,GBMLGG,0.41538945715516395,0.024125459049132436,1.6085842571815918,False
KIPAN,6,LIHC,0.23829640567093174,0.04240186268497251,2.487222630169444,False
LUSC,1,LUSC,0.28983955743648576,0.09627779541820311,1.9095505533527108,True
COAD,7,PAAD,0.4078868936908301,0.27731258708198153,2.2273724581853367,False
OV,3,LUAD,0.17142607706725654,0.040815279923580944,2.6781547487486326,False
STES,7,CESC,0.22592983470416028,0.12443229262983373,2.789255551873902,False
LUSC,1,LUSC,0.40044961813027746,0.23408649209619484,1.7928056178261862,True
KIPAN,1,KIPAN,0.19657475756632653,0.08453882275017584,2.790454696517271,True
GBMLGG,1,GBMLGG,0.6084271663003155,0.5160476022411172,1.714733507864456,True
PCPG,2,THYM,0.31870346082861695,0.14331377512722784,2.0849262220604756,False
BRCA,2,PRAD,0.18238389036992408,0.030418934164246347,2.566095620722286,False
KIRC,1,KIRC,0.3725206938025671,0.1893880408532679,2.10294342066598,True
DLBC,4,STES,0.17094178707155935,0.06832519107844134,2.7930156802697987,False
THCA,3,THYM,0.2936187175567458,0.038482160517402275,2.137660543836373,False
STES,1,STES,0.9850258495971577,0.9773412074058925,0.09485389333328581,True
CESC,1,CESC,0.5219028435706616,0.3670514264973967,1.7005928207487657,True
OV,4,PAAD,0.2840851303698163,0.11340081916829103,2.3418047668013386,False
LIHC,1,LIHC,0.21397340515450372,0.00993131111238102,2.1795818161193097,True
BRCA,7,LAML,0.2270881364857668,0.0627331322376361,2.283276632432467,False
SARC,3,PAAD,0.26104908968864055,0.10862606675319555,2.514782627343413,False
OV,3,COAD,0.2376980562603353,0.03792241104123073,2.3502402884447204,False
OV,1,OV,0.4089634188350695,0.31823258714070923,2.195211638426117,True
COAD,5,PAAD,0.3788105675536755,0.2794519161317476,2.2939976392969297,False
DLBC,1,DLBC,0.295308440657258,0.19536421430366196,2.5329310271509726,True
LIHC,1,LIHC,0.8926035528135086,0.8674922768145733,0.6108690805492488,True
LUSC,1,LUSC,0.7639844811808437,0.6441774347135298,0.9249478954126512,True
BRCA,1,BRCA,0.30750363574735845,0.16206061581588535,2.515659807056373,True
BRCA,1,BRCA,0.1783795000374504,0.028237610131645524,2.62880935828598,True
STES,1,STES,0.811975929505511,0.7534213230386346,0.8128243174140216,True
BLCA,1,BLCA,0.9771419558059451,0.9677736065648129,0.14266943520383257,True
UCEC,1,UCEC,0.14915972357682114,0.04212284666465503,2.8681468870642166,True
BRCA,4,PRAD,0.1913040638071334,0.02022612000458479,2.557262957495919,False
PRAD,1,PRAD,0.14718334770046387,0.004933089149666947,2.782668019708298,True
LUAD,5,LUSC,0.37552313848298735,0.23755983281809426,1.9784528079887933,False
BRCA,1,BRCA,0.715832294887778,0.6586635390593745,1.356480437145413,True
GBMLGG,9,OV,0.19573180247602137,0.06145332712879875,2.691473414353854,False
BRCA,3,OV,0.4189908504486084,0.30746544897556305,2.1541486240500136,False
BLCA,5,STES,0.22637147199692934,0.07147494583155675,2.4604314948225023,False
BRCA,1,BRCA,0.6195413270543748,0.5470412499968855,1.6461635219697826,True
ACC,1,ACC,0.7706040143440862,0.7072019849101407,1.1381194834799901,True
UCEC,1,UCEC,0.4269770101555619,0.1142970923823568,1.6488339520753466,True
UCEC,1,UCEC,0.7146589742661403,0.6299944284710286,1.2703041013897411,True
PCPG,6,PRAD,0.19824981526166963,0.07314947187256474,2.540611950762475,False
OV,1,OV,0.20313233496576022,0.0912753732262478,2.6731545915259476,True
BLCA,1,BLCA,0.9079079858629124,0.8716562906672449,0.4508294269025951,True
LAML,1,LAML,0.4150492481297237,0.3088043505287951,2.1617010236000707,True
GBMLGG,1,GBMLGG,0.5458342302076226,0.4603203275676365,1.9351183673256638,True
LIHC,4,TGCT,0.09992596540196207,0.008673793949610334,2.940872790881937,False
LAML,10,PCPG,0.2073779699048128,0.06324943890536172,2.71249421973327,False
THCA,6,PCPG,0.21781950594679692,0.025407106729114948,2.5200765205535074,False
GBMLGG,2,UCEC,0.3123589541171672,0.08531244331541374,2.38613231956039,False
STES,9,HNSC,0.13055185428858423,0.013484814249392879,2.763244079582822,False
KIPAN,1,KIPAN,0.37069573273452894,0.23780785035904045,2.3920362348406043,True
KIPAN,1,KIPAN,0.7587523628105531,0.6727137043759592,1.1134988324827768,True
BRCA,2,SARC,0.1644783164052716,0.061155363732245796,2.933118072099385,False
PRAD,2,KIRC,0.11430229715006526,0.001321405226496819,2.8691013191350345,False
BRCA,3,OV,0.15722031829116273,0.04535816591906154,2.7999250120749988,False
UCEC,1,UCEC,0.9410523565067003,0.8921127315457211,0.25860500943609355,True
PCPG,4,THCA,0.2713502370213644,0.0399898144974451,2.243446307928322,False
CESC,1,CESC,0.30886829095349205,0.051436573593329316,2.277083507745852,True
BRCA,3,OV,0.18512267591965514,0.0799691931612023,2.7600804273475563,False
KIPAN,5,PRAD,0.14848653737057826,0.03678835125136937,2.812792661464367,False
STES,23,PRAD,0.1829645998727797,0.05485017351837401,2.8217999174396664,False
TGCT,4,STES,0.49232807202711243,0.11202082590255702,1.1646519378222497,False
UCEC,1,UCEC,0.4907011603210387,0.3269951883243295,1.9837541483514527,True
BRCA,1,BRCA,0.35093974213274126,0.239208178362517,2.347574747761737,True
GBMLGG,2,UCEC,0.3517018056867935,0.21525768035084117,2.3248016822850452,False
BRCA,1,BRCA,0.28459581817305357,0.17310400036013496,2.6470671767090113,True
GBMLGG,2,KIPAN,0.12974145733600653,0.026995591247314862,2.918258617064326,False
UCEC,5,CESC,0.2195444012738883,0.0964947664935468,2.6900763887687287,False
CESC,3,BLCA,0.33475521490281107,0.05482996044659727,1.69944032053962,False
GBMLGG,2,LGG,0.6339436558323064,0.3152127756981347,0.9139598408978518,False
SARC,2,PRAD,0.1940193392918764,0.08294791488362555,2.867987689656467,False
THCA,4,PCPG,0.20843406227240185,0.06798881359422254,2.4129635738656106,False
SARC,1,SARC,0.18815179783144045,0.05083705248138623,2.878639096644352,True
KIPAN,1,KIPAN,0.26022314607272923,0.06571303202440049,2.3733683939362895,True
HNSC,1,HNSC,0.4464183854148454,0.3250781741178447,1.9491060731018846,True
BRCA,1,BRCA,0.7640960360690036,0.7297718279617735,1.2358534457082306,True
GBMLGG,1,GBMLGG,0.5868489390611077,0.4780866440740531,1.7425940031047271,True
SKCM,1,SKCM,0.7180766478909674,0.6098017497690511,1.1475283994296293,True
OV,3,CESC,0.1735474952699179,0.06590260711050305,2.8382105976397467,False
THCA,1,THCA,0.868155312373783,0.8334384572108567,0.7184328710891043,True
KIPAN,2,KIRC,0.5759645021516351,0.216724720458431,1.0424046433714154,False
LUAD,1,LUAD,0.8957910487081274,0.8433832483294111,0.49429010019561875,True
BRCA,1,BRCA,0.6505172323462741,0.607896587909005,1.650016207265114,True
LUAD,2,LUSC,0.6470932869134431,0.3012266435103986,0.6940899712065604,False
UCEC,1,UCEC,0.5045616652584534,0.402972998299032,2.0428866060588433,True
SKCM,1,SKCM,0.9999585929456091,0.9999384008671269,0.0005056300009416419,True
TGCT,1,TGCT,0.6216215157937969,0.547642455295917,1.7182705270729275,True
COAD,1,COAD,0.2557496374108737,0.056560879373615425,2.314995737456531,True
ACC,4,LUAD,0.7657285980979528,0.531554955891164,0.5453710003841051,False
GBMLGG,3,BRCA,0.14502828758508798,0.0483725996220508,2.930707057874946,False
PCPG,1,PCPG,0.21328330199196838,0.07580243107639612,2.5237922860576685,True
UCEC,1,UCEC,0.6784386117760862,0.5740414552162572,1.4274537438468065,True
LUAD,5,CESC,0.1342691320397608,0.006545781305724446,2.7038365285581234,False
LUSC,19,LIHC,0.11634733793477556,0.04330493331305375,2.9438318743497907,False
KIPAN,1,KIPAN,0.2692890513585031,0.08839220479079624,2.478727636675748,True
GBMLGG,3,OV,0.22046641013241414,0.02954149312934018,2.384142904971695,False
KIPAN,2,KIRC,0.4222524843077775,0.022215575405540755,1.506090428726596,False
OV,1,OV,0.48269823527901257,0.35340827948271675,2.040581484385251,True
LGG,6,SARC,0.21227803270920553,0.053668795611934994,2.416029466491925,False
PRAD,2,KIPAN,0.326598186290709,0.17942320699987796,2.25545209024896,False
OV,1,OV,0.26108849688422964,0.15085860711472768,2.6691277967660354,True
STES,2,COAD,0.6782259018475112,0.40830911219982197,0.8524319911498883,False
KIRC,1,KIRC,0.5526096477128023,0.21224824563301797,1.2216285790807226,True
OV,1,OV,0.6250796793373902,0.5452408761412064,1.6478708968087457,True
THCA,4,THYM,0.24836391856401877,0.08164816817254,2.3575235106700894,False
KIPAN,1,KIPAN,0.721671387376943,0.48495428276082614,0.8190226523905513,True
COAD,1,COAD,0.7395915973688074,0.5255190769005267,0.7055738541383012,True
UCEC,11,SARC,0.23077537779351792,0.1138037476728952,2.8393303646153867,False
PAAD,1,PAAD,0.2413262205807707,0.11261891187838999,2.7095238346037447,True
KIRC,1,KIRC,0.6934521528318892,0.4473524220051916,0.9381850418532542,True
BRCA,1,BRCA,0.2654439165953742,0.16559761106321164,2.5990369105787043,True
GBMLGG,1,GBMLGG,0.631053247689889,0.5563004057233876,1.6171569607413192,True
SARC,2,GBMLGG,0.15194904683943194,0.03521072091600752,2.8599623945135333,False
BRCA,8,UCEC,0.2116867392893933,0.08393614655618412,2.7260019298336693,False
BLCA,1,BLCA,0.6658319089494836,0.42107238446363526,0.9402840555164937,True
PCPG,3,THYM,0.40633412391154594,0.2733317261464572,1.9186421435689445,False
DLBC,13,LIHC,0.09242886434433628,0.004206336754604176,2.9823872479122078,False
COAD,1,COAD,0.42001541894032296,0.31707115037803985,2.3239239919728485,True
LAML,1,LAML,0.6152999936118876,0.5478534048108545,1.6644070947449234,True
SARC,1,SARC,0.40906984914953287,0.2876866686426004,2.250937568120846,True
CESC,1,CESC,0.2580356264670168,0.07040659987229464,2.0938465153667525,True
LAML,1,LAML,0.6044446425905723,0.5485013603183475,1.7512345611187767,True
COAD,1,COAD,0.5397586715328794,0.44339525990205725,2.0300920654826635,True
BRCA,4,PRAD,0.24530250017382962,0.14655487494091,2.735219297891592,False
LGG,1,LGG,0.7591640383555252,0.5698368125094955,0.7848040637874885,True
KIPAN,2,KIRC,0.47867806693035514,0.13553552677693803,1.5069619066832898,False
THCA,15,PAAD,0.14850540846414068,0.06169343900626181,2.9433607320967234,False
STES,1,STES,0.44058571991084944,0.03010222230048315,1.1668784630556843,True
THCA,1,THCA,0.6700944203054213,0.6182173508722038,1.5356726547518362,True
BRCA,1,BRCA,0.2322435447431189,0.1118456605236223,2.671440649219016,True
SARC,2,OV,0.25091478059149147,0.14100279563826484,2.5419815207534477,False
HNSC,1,HNSC,0.4419920529682465,0.29824888760186774,1.9638617403007073,True
SKCM,1,SKCM,0.8322903098303439,0.7512224032428034,0.7381904831756084,True
KIPAN,2,KIRC,0.48196910934802295,0.29068863477603335,1.899195171813241,False
KIRC,3,BRCA,0.19575300657496894,0.07531063370706076,2.723631113656325,False
THCA,3,PCPG,0.36344543602899726,0.15302020523340956,2.1419921584657655,False
OV,1,OV,0.19752479030794579,0.014503879463585279,2.400958117008503,True
KIPAN,1,KIPAN,0.18664806407633006,0.06862563392217894,2.7276975176998848,True
OV,2,HNSC,0.19850711530841592,0.0004778206349949077,2.421740391378412,False
PCPG,2,THYM,0.29027110410863866,0.07496470231699534,2.020000452609957,False
KIPAN,3,BRCA,0.23659651961973413,0.11002998510034226,2.7174490951218835,False
HNSC,1,HNSC,0.17231270729988143,0.04118187383537655,2.621625726407981,True
BRCA,4,LAML,0.24424229076424364,0.05368372691175821,2.357398604179842,False
PAAD,1,PAAD,0.42117666251220476,0.2262399454855916,1.9602498222665397,True
BRCA,1,BRCA,0.5568726722434083,0.4615306012900186,1.799894454539668,True
THCA,16,PCPG,0.14187635306281812,0.038855850217081586,2.892830296534657,False
KIRC,1,KIRC,0.6833520322233774,0.40752210538551953,0.8642542526479717,True
GBMLGG,2,LGG,0.4650182102500308,0.1090711121118284,1.5436638425052056,False
BRCA,1,BRCA,0.7751640910499411,0.7091328193356226,1.1263981488484527,True
LAML,3,THCA,0.23004959853016144,0.055237476426055726,2.1255128117641147,False
LUSC,1,LUSC,0.3221971989058926,0.0812455117798544,1.966498557122308,True
OV,13,THYM,0.23832751208484754,0.0022157877123884506,2.001320258387934,False
PRAD,1,PRAD,0.3845171324525669,0.24785670587589356,2.2178232203016783,True
KIRC,1,KIRC,0.37920018544979156,0.17286515014535206,2.2565517845198446,True
PRAD,1,PRAD,0.20129862145914706,0.026904999833166826,2.3654281375788617,True
LUSC,1,LUSC,0.4679433458597075,0.14686507153580386,1.3526071879701038,True
PCPG,3,PRAD,0.16844996904812834,0.031212625302399627,2.664839114399574,False
THCA,1,THCA,0.853226013810994,0.8255630770305247,0.8236590250568987,True
BLCA,1,BLCA,0.5902953326068784,0.3972530782924269,1.422233639883196,True
UCEC,1,UCEC,0.2933704297482497,0.16773508720526095,2.4770936581844434,True
LUAD,15,PAAD,0.2893568443092014,0.15214062608466344,2.512267396633061,False
PRAD,2,PCPG,0.24555261483216545,0.10667587191122926,2.4342942541752834,False
COAD,5,STES,0.3869819681912258,0.23828748119761117,1.9994355032258584,False
KIPAN,1,KIPAN,0.5365083591516653,0.4513576459979503,1.9570819659820293,True
LGG,1,LGG,0.6794532379398902,0.45675864216612305,1.0639486462262273,True
STES,4,PAAD,0.2157506114108295,0.10272809429567638,2.5221073331640547,False
KIPAN,2,KIRC,0.39291578776160707,0.1854915638775617,1.7961577001392182,False
BRCA,1,BRCA,0.5483245786242276,0.3791815445710469,1.4648883514687325,True
SARC,3,OV,0.3108988811752855,0.11345186141454383,2.4073836168974054,False
OV,1,OV,0.3190263418965855,0.18143941150549703,2.39031575175775,True
HNSC,4,LUSC,0.664132297624185,0.5000161087678412,1.1804999747948548,False
PAAD,4,OV,0.19473698353702026,0.06552595273151421,2.687995469631172,False
PAAD,1,PAAD,0.22540715407613962,0.022520451319782392,2.232372785131123,True
GBMLGG,2,LGG,0.40409649632136524,0.040415914080490556,1.7025379240945586,False
LGG,1,LGG,0.4656267916205133,0.03637602347154567,1.245571688912983,True
STES,3,BRCA,0.2516013910640347,0.09635013076630353,2.5392859651840918,False
BRCA,9,LAML,0.30133681846988564,0.11388523633880146,2.1164981288789457,False
COAD,1,COAD,0.563592457644982,0.49720956944236133,1.8444962306189483,True
UCEC,1,UCEC,0.6233688776335805,0.44574137061805236,1.2988163196520048,True
COAD,1,COAD,0.2736336348812703,0.12148350734612884,2.2674333783170324,True
OV,1,OV,0.33895228696654445,0.20628734451380829,2.3529732437469693,True
STES,12,BRCA,0.0927105636727409,0.007343418434559601,2.984428702491235,False
TGCT,1,TGCT,0.232230013682106,0.1494822966598215,2.8057830661251475,True
SKCM,1,SKCM,0.9431480882670973,0.9182228578860772,0.3097992971901887,True
KIPAN,8,BRCA,0.1493339850331406,0.023784369449010717,2.7941682767950597,False
LGG,1,LGG,0.4760199676132259,0.3009632905884474,1.7637276357735021,True
KIPAN,3,STES,0.12044903575900871,0.011727095317175376,2.829759328302798,False
SKCM,1,SKCM,0.999935949494297,0.9999190807908733,0.0008034341804519558,True
PCPG,1,PCPG,0.35779933910529005,0.20654984839866497,2.1207272662448347,True
GBMLGG,1,GBMLGG,0.47963599350358055,0.22919244174383835,1.763888834576468,True
LGG,1,LGG,0.843467327078298,0.7034485953137327,0.5189466181616025,True
BRCA,1,BRCA,0.6061462182624818,0.5530855896250307,1.742899685036011,True
SKCM,10,SARC,0.18967572121773407,0.0562474139507321,2.697562753005665,False
SKCM,2,GBMLGG,0.3776372506531078,0.22640273774895245,2.1657895105975022,False
KIPAN,3,KIRC,0.15822275099893388,0.0069559664048375325,2.569934636249618,False
KIPAN,1,KIPAN,0.22242002784668938,0.08519008413036655,2.6156775215357744,True
LUSC,1,LUSC,0.36078236206124437,0.0751327886835308,1.7891233483044249,True
KIPAN,1,KIPAN,0.29194380912440226,0.19895638438961105,2.634242058890089,True
BRCA,10,TGCT,0.2075582586913799,0.12018532266779931,2.8958257651837225,False
PRAD,9,OV,0.12814737517742275,0.003528639580937895,2.709609858407355,False
BRCA,1,BRCA,0.21747161943158758,0.006322622009926643,2.5627222245178594,True
OV,1,OV,0.24062672156734088,0.046155768317782925,2.5318676743817075,True
BLCA,14,CESC,0.16797600006036834,0.013894631895780107,2.7822532604022667,False
TGCT,6,KIPAN,0.21307882383803536,0.0756669034452612,2.5892198988344424,False
KIPAN,3,PRAD,0.12692959379088628,0.01672246277154664,2.917198909799838,False
THCA,1,THCA,0.9037580732550192,0.8823760384040568,0.544501866025734,True
THCA,2,PCPG,0.44841494527902115,0.21966738691059154,1.7710726020641312,False
TGCT,1,TGCT,0.1661965874102342,0.07541948679819799,2.8620314874790824,True
COAD,7,OV,0.2400236633518715,0.09073598897310506,2.4449423346481467,False
LAML,1,LAML,0.6949058558774741,0.5858162498880697,1.202979290185332,True
KIRC,1,KIRC,0.7405223881673129,0.5366757835653404,0.8568859027702103,True
SKCM,1,SKCM,0.7533805670830208,0.6918832153380484,1.1859554456306527,True
GBMLGG,5,BRCA,0.32705020432427695,0.2062698945429331,2.555232630553053,False
LGG,1,LGG,0.743530981689562,0.5687386918240105,0.9130553098922373,True
BRCA,1,BRCA,0.8847433071134349,0.8700747767557979,0.6821626046748702,True
SKCM,1,SKCM,0.9984141507351416,0.9977283142611626,0.013844554624649381,True
BRCA,4,SARC,0.17933817111223355,0.02051544007941447,2.841262908153284,False
STES,2,LIHC,0.5735803662392601,0.4416497807070748,1.5410126890330686,False
BRCA,1,BRCA,0.20521708133186836,0.003543212804417134,2.7403572969020256,True
GBMLGG,2,LGG,0.5015532440351482,0.05965802860923791,0.9889553138860777,False
LGG,1,LGG,0.5536883012691094,0.2508099140439001,1.316187677597994,True
SARC,2,PRAD,0.13172276433082383,0.0518120680802857,2.960631731267143,False
SKCM,1,SKCM,0.999999963558281,0.9999999468282296,7.058187542365932e-07,True
COAD,1,COAD,0.6652173318552248,0.558306614824255,1.444963249619748,True
GBMLGG,2,LGG,0.6523575810213663,0.4616892258602563,1.1700227633303328,False
OV,1,OV,0.513530312354523,0.450810632182764,2.0435662758782027,True
LUAD,19,SARC,0.14113410392274806,0.03770116125179995,2.906305358404812,False
KIPAN,3,PRAD,0.2030720997859869,0.09291249526952126,2.656149578976982,False
PCPG,1,PCPG,0.230078572075888,0.14594284069568758,2.7909934587737273,True
KIPAN,1,KIPAN,0.49143186624337676,0.10796104281542379,1.2923696386892716,True
KIPAN,2,LIHC,0.30824458743525257,0.07560022210736164,2.177140082666396,False
BRCA,2,PCPG,0.18886314517172334,0.0015990883268326705,2.6809841282375175,False
CESC,1,CESC,0.7170135853977997,0.5954941559750899,1.0019277031852722,True
GBMLGG,2,LGG,0.6503545027691766,0.3926254140076499,1.0413344105636357,False
SKCM,9,PRAD,0.1885289158539782,0.10251980578061551,2.8442314751927684,False
OV,1,OV,0.4581311896657043,0.2780183910042245,1.782277662626184,True
BRCA,1,BRCA,0.6441900581411387,0.4916946625442712,1.4410532034808636,True
LIHC,1,LIHC,0.15716054679820535,0.016648636469868305,2.7561513796129713,True
HNSC,11,OV,0.49618692025846006,0.40833463232066103,2.0123638890056155,False
THCA,3,THYM,0.5347016919658176,0.33302860641605325,1.4695847261221497,False
KIPAN,1,KIPAN,0.14813573837941965,0.05535659449279637,2.9551370493684894,True
PCPG,1,PCPG,0.2763683551474627,0.168712246707942,2.4955607519146574,True
KIRC,1,KIRC,0.39019629898381225,0.1883343037163056,1.8100443563372253,True
BRCA,1,BRCA,0.19057967096290696,0.018009646628394854,2.770100720993226,True
PAAD,9,LIHC,0.16984330310751605,0.03725093318654549,2.8450876810834185,False
COAD,1,COAD,0.7832242758386948,0.7064486215519022,0.9842532320948019,True
LGG,1,LGG,0.6134392593066985,0.32795393327596617,1.1813876393169453,True
LUAD,2,LUSC,0.8836926646160037,0.7815654727582588,0.4282844744899693,False
KIPAN,2,KIRC,0.42562463280387014,0.16297731715219177,1.6287096356868886,False
KIRC,1,KIRC,0.6612647132468484,0.5733759435457093,1.538704739237479,True
OV,14,PAAD,0.15925430408443234,0.02938617885296424,2.840210448936317,False
KIRC,3,PCPG,0.1441501438916048,0.02239496122443531,2.833108998790113,False
STES,1,STES,0.5922891940295145,0.4977782984826734,1.6860657548212339,True
THCA,14,UCEC,0.19559159222730738,0.08731371538381177,2.7464198356248333,False
OV,1,OV,0.3393322652406604,0.15313526207194145,2.2674864630369767,True
LAML,1,LAML,0.7216194383561355,0.6614415747819432,1.350965440637747,True
CESC,2,LUAD,0.19730589581267666,0.01603419900561598,2.3963253639323097,False
PCPG,2,TGCT,0.15202504028319283,0.010638534765129992,2.8823063252894747,False
STES,1,STES,0.9865735891053544,0.9774805828516274,0.08627032525804122,True
DLBC,1,DLBC,0.5744790280176433,0.5149383728836752,1.9049566341006845,True
LGG,1,LGG,0.5331008936009212,0.24471380873624016,1.3829905903671984,True
GBMLGG,1,GBMLGG,0.3000277664753178,0.15395416760266817,2.484687688550659,True
OV,1,OV,0.2743848064098208,0.14378436422789326,2.5170478611309557,True
PRAD,1,PRAD,0.22371053367970134,0.10317664500124542,2.8195798962169096,True
LAML,1,LAML,0.3347901102433156,0.18548914932122196,2.27593421693759,True
KIPAN,1,KIPAN,0.39519371471376136,0.06878554627628658,1.8865102937932239,True
THCA,1,THCA,0.9115487158326203,0.8913684057175231,0.5034141691303513,True
UCEC,1,UCEC,0.48424164622018334,0.41522329551354037,2.152457449014802,True
LUAD,11,SARC,0.22639071647792416,0.10274894333537903,2.7799126671250027,False
THYM,2,PCPG,0.1917786516520411,0.027971013189072913,2.4798989358175327,False
HNSC,2,LUAD,0.29291257590091396,0.14422755104806897,2.1843141775662605,False
LUAD,1,LUAD,0.1788097456459766,0.023348407713122604,2.5897501526197657,True
BRCA,8,THYM,0.2953252250547002,0.14490522710359652,2.2388345245992913,False
BRCA,3,PRAD,0.20820354326448381,0.056209605972728977,2.541718026629281,False
LIHC,2,KIPAN,0.4495880803514433,0.24261463648103393,1.8401489567416764,False
STES,1,STES,0.23832099660918135,0.03696861481692812,2.3686251310873487,True
COAD,3,LUSC,0.695287322228311,0.5834043617614721,1.0831244383533034,False
PAAD,15,COAD,0.34268496103884055,0.16600260506314074,2.3392513251729583,False
THYM,1,THYM,0.49067237795949636,0.3130447961110153,1.6107348949245783,True
PCPG,2,THCA,0.2623211517632054,0.01664659428004206,2.294802618476105,False
KIRC,8,GBMLGG,0.11378486141874138,0.004816546903841076,2.8773677778648894,False
GBMLGG,1,GBMLGG,0.5756841084525829,0.5302416248696994,1.9435261621448285,True
STES,2,HNSC,0.2768665267895027,0.150458664450807,2.459987351173655,False
SARC,9,LAML,0.19058911508827484,0.035522413468757424,2.3722004781343493,False
PRAD,1,PRAD,0.22557308711728455,0.12013672691459687,2.808487617552025,True
LGG,1,LGG,0.7510470965861754,0.5207989068935845,0.6691572104640209,True
LGG,1,LGG,0.5315725611769415,0.2750147779994353,1.5493391495819016,True
BRCA,2,OV,0.32549159942127553,0.17338789585692355,2.4776088840648463,False
SKCM,1,SKCM,0.9726139584289353,0.9652464091779915,0.17968771775105447,True
OV,1,OV,0.379713245330822,0.26738611430212306,2.303918602253075,True
LGG,1,LGG,0.6880285382541483,0.4552511879784118,1.0282142231265317,True
COAD,1,COAD,0.505280623016704,0.39696621866079096,1.9848820951735304,True
GBMLGG,2,LGG,0.7124498465065723,0.44727001221155266,0.7285120801879605,False
PAAD,1,PAAD,0.18942836885663716,0.023247643652991146,2.711259029106185,True
LGG,1,LGG,0.6398673350086607,0.42103189116325423,1.250293890851275,True
SKCM,1,SKCM,0.9910224153331277,0.9880403294540895,0.0670063799742596,True
LGG,1,LGG,0.3489282141959525,0.02022409445326062,1.7520698234047205,True
GBMLGG,12,PRAD,0.1357268632916401,0.0137382441833995,2.946936237116623,False
STES,1,STES,0.2536921801358692,0.09583197542303384,2.4774278814926447,True
BRCA,2,OV,0.2685604370659087,0.09777654624338172,2.4810248706864826,False
STES,1,STES,0.45497347141550504,0.2778587415643076,1.8384838913407737,True
BRCA,4,SARC,0.15556889155230086,0.027160362933214638,2.7718334680140253,False
LIHC,1,LIHC,0.5101900620284757,0.44650375918865215,2.1231462038970426,True
KIPAN,1,KIPAN,0.557200437256314,0.23852339619495144,1.281328542838122,True
GBMLGG,2,PCPG,0.25788390174110876,0.13712046794633473,2.654483948150661,False
UCEC,2,BRCA,0.4542230201939134,0.18907536125985303,1.8130096135599079,False
STES,2,HNSC,0.2076467759798077,0.0343359118881551,2.4790357366580054,False
HNSC,4,LUAD,0.2841879560698826,0.03659029476566103,2.118799472025677,False
LUSC,5,LUAD,0.18733048144691083,0.03520284257774173,2.5813798466786255,False
BRCA,1,BRCA,0.4942781019911143,0.4364845705554531,2.078542199891409,True
GBMLGG,1,GBMLGG,0.10889645802073447,0.03760759809928542,3.012943116620218,True
BRCA,10,PRAD,0.12306134162165655,0.022940708349551156,2.873815832920508,False
PRAD,1,PRAD,0.16960645843860642,0.04497223994842234,2.7801410880308213,True
THYM,1,THYM,0.49067237795949636,0.3130447961110153,1.6107348949245783,True
HNSC,1,HNSC,0.4655852310034553,0.3211602917850642,1.9851859494767883,True
THCA,6,PRAD,0.19652455249383338,0.005162716485725971,2.2704847561725403,False
SARC,2,PRAD,0.1714509544623838,0.05031877662392749,2.7775759979459815,False
BRCA,1,BRCA,0.29189831021906343,0.18074366097205236,2.617571619755722,True
OV,2,PAAD,0.44961928716054983,0.34734939249065544,2.1161879338211627,False
PRAD,1,PRAD,0.19949711031008935,0.06985384457608984,2.8033779008149384,True
LIHC,13,LGG,0.24282519876201952,0.08173739543312639,2.579378848183221,False
BRCA,2,HNSC,0.2871958125039014,0.16750580452406852,2.347458497582828,False
COAD,1,COAD,0.7358296626149833,0.6263784205643086,1.1876725455261168,True
PRAD,1,PRAD,0.3407011782241063,0.23665592399668256,2.5230698500119706,True
BRCA,3,BLCA,0.4786021054099132,0.3067897264204118,1.71511405706412,False
STES,2,BLCA,0.36144235852998047,0.16062141843751557,1.7888186782139113,False
THCA,1,THCA,0.43235067263469673,0.3424214691549543,2.332950541870439,True
BLCA,2,HNSC,0.3854590424434637,0.016782105265451597,1.5503645862558395,False
BRCA,8,LIHC,0.14379843726303898,0.013562038217180189,2.764611698600554,False
UCEC,3,OV,0.28793823906739024,0.16038131818423906,2.591133211772627,False
PRAD,1,PRAD,0.48986511333330574,0.43249097994927116,2.176904803598098,True
STES,6,KIPAN,0.2991722647351589,0.11272955772114943,2.394834528190607,False
STES,3,TGCT,0.4398338256541099,0.3073715697790884,2.22550722912712,False
THYM,1,THYM,0.471051004341506,0.25934736256238977,1.5862568707162252,True
CESC,11,PRAD,0.12942905063337662,0.013149819596880594,2.882921134809071,False
GBMLGG,2,LGG,0.46434007892304524,0.11915201409929954,1.5757358266091483,False
COAD,1,COAD,0.5894476356810074,0.5130006381879407,1.7189792083691249,True
BRCA,1,BRCA,0.30744070898896136,0.17923616257608438,2.326533597719122,True
PRAD,6,OV,0.1778409274428564,0.04915378416708244,2.781679539044416,False
THCA,4,PRAD,0.16990819971667065,0.028403563462341325,2.7004659600065475,False
BRCA,2,OV,0.19839115092538342,0.07717432111609267,2.8090720667918183,False
GBMLGG,1,GBMLGG,0.5539849359382507,0.5068524567445011,2.0347170018512895,True
LIHC,1,LIHC,0.49776688074967285,0.34078383897962483,1.9756465411472435,True
SKCM,1,SKCM,0.9969991140404102,0.9947457402573764,0.02347400956002528,True
SARC,7,LAML,0.28425635543092764,0.10271402707663557,2.078781535944458,False
STES,1,STES,0.2141506440256393,0.020745783243717175,2.2200950867855824,True
KIPAN,5,PCPG,0.2190265116881027,0.0654807808431831,2.530127175978607,False
SKCM,1,SKCM,0.9898030220356051,0.9861426223267943,0.07637975485300581,True
HNSC,2,PAAD,0.18632198788841783,0.01858320824139864,2.5892741946265274,False
LUSC,1,LUSC,0.8561716481438442,0.7222893521168969,0.46384261300464585,True
BRCA,2,SARC,0.2261592265828483,0.04559728136429081,2.5646747321442813,False
KIRC,1,KIRC,0.8182985028159306,0.7227469314350424,0.8181600911770814,True
BLCA,7,CESC,0.2580683500535598,0.1509590579089628,2.689644239071627,False
COAD,2,DLBC,0.26027248509809314,0.1303021669675918,2.6454935873954546,False
PCPG,3,THYM,0.3497843020954803,0.2261687256274209,2.2133749993816556,False
COAD,1,COAD,0.4834071135904696,0.046035796748115476,0.9375794117021772,True
BRCA,1,BRCA,0.3309161469666397,0.24808011244328032,2.5649186114794453,True
OV,1,OV,0.20655699497484964,0.013460234083351813,2.5202679616201955,True
GBMLGG,1,GBMLGG,0.4170178263628272,0.2761863875182413,2.2598681287941167,True
GBMLGG,1,GBMLGG,0.29468928820753426,0.1529315809941482,2.603499404212394,True
LIHC,2,TGCT,0.4310131997675408,0.15578708163264815,1.8996677410264857,False
KIPAN,1,KIPAN,0.28992445064910677,0.12082666487118998,2.252811923422968,True
STES,1,STES,0.545710760999902,0.3588971319446891,1.5794319712106173,True
PAAD,1,PAAD,0.19298037654592318,0.11468095334960776,2.903992712574642,True
COAD,1,COAD,0.5412722258785745,0.41513230127658496,1.8595351087657426,True
BRCA,1,BRCA,0.41912164066292285,0.3202624087332586,2.3016876243836464,True
LUSC,1,LUSC,0.8195059799948687,0.7312470653433172,0.7783567856305785,True
GBMLGG,3,PAAD,0.18423092139596853,0.0501954210740122,2.844228999668627,False
SKCM,1,SKCM,0.9959794747466183,0.9951634144014707,0.03488013931590107,True
BRCA,6,HNSC,0.2728177431322817,0.07813066594334647,2.1878100485773513,False
OV,1,OV,0.5519134347544831,0.49281238382617404,1.9421694917317023,True
CESC,1,CESC,0.1714976258766562,0.06262330629965442,2.8335310922503067,True
THCA,1,THCA,0.8601097850061798,0.8431535405821764,0.8151946519000101,True
OV,1,OV,0.2378921037676552,0.10234803706785625,2.485837201121029,True
LUSC,10,DLBC,0.2297717723929619,0.14227091529816138,2.773909786220248,False
GBMLGG,2,PAAD,0.2730176824079008,0.13267469781450367,2.3709812345755883,False
OV,7,KIPAN,0.2516919120760171,0.06129300702253443,2.4681739059324435,False
SARC,4,PCPG,0.1568015504304206,0.007760837617221683,2.5918276092051533,False
OV,1,OV,0.3081439435482025,0.18000277876853943,2.5226636073168076,True
BRCA,1,BRCA,0.2261491104592276,0.12298010271902803,2.6598250471892997,True
KIPAN,1,KIPAN,0.7047882195971134,0.46237117812385886,0.8978575485894564,True
CESC,19,PRAD,0.14147453272775606,0.032215282919157484,2.8832437324465956,False
COAD,1,COAD,0.6938319818646107,0.6212387484283483,1.3093676131054968,True
BRCA,7,OV,0.36564043314761235,0.279626639288081,2.3328784459507,False
THCA,1,THCA,0.7633501054448072,0.7305190001284572,1.2352177391545744,True
KIRC,1,KIRC,0.7645835499566342,0.6283560979564748,0.9741576784244308,True
LUSC,6,HNSC,0.22896885015838375,0.06934257043698616,2.5014816437566116,False
BRCA,15,LUSC,0.16833704802741772,0.0026713754124817746,2.4345642235624863,False
GBMLGG,2,LGG,0.4888631823245882,0.012072622340784822,0.9060830343067865,False
HNSC,4,LUAD,0.3140790788454414,0.0020144285862148115,1.6715718387083318,False
KIRC,1,KIRC,0.6744293208961954,0.5209341962018286,1.332567334994601,True
UCEC,1,UCEC,0.6000569220725769,0.49139469369916927,1.6143942898672587,True
BRCA,1,BRCA,0.14616446190226615,0.05233205107397769,2.9889903516242087,True
STES,1,STES,0.29313217870479036,0.06630925670602747,2.1336345115105,True
LAML,1,LAML,0.6368077780597052,0.5657417667646443,1.514120949992021,True
GBMLGG,1,GBMLGG,0.36376213596519114,0.12073071157974774,1.901927967383564,True
THCA,9,PCPG,0.23669264279281332,0.1117297814035944,2.6767076517077584,False
THCA,17,UCEC,0.2554857356106723,0.10328598010263138,2.5691420107776586,False
BLCA,4,HNSC,0.46273875006771964,0.368098792231075,2.1794686341951808,False
LIHC,6,HNSC,0.18235722821626518,0.0068397231929336055,2.396284478456349,False
BRCA,2,OV,0.6101483361179926,0.5223263582321354,1.6775768956931407,False
GBMLGG,1,GBMLGG,0.6257959126965997,0.433838062770153,1.4374200534965202,True
LIHC,2,KIPAN,0.2471663573571232,0.08863897333733345,2.5620541619194954,False
STES,1,STES,0.3695553421512929,0.17518355797796203,2.0243019777011173,True
BLCA,2,CESC,0.4566510070938699,0.1226627919973653,1.5678963555959935,False
TGCT,1,TGCT,0.8259424585108948,0.8003090861017527,0.953175420753444,True
BRCA,5,OV,0.26827895205643565,0.14666310459613996,2.5512581829986662,False
TGCT,1,TGCT,0.5221073637804744,0.43988289026054656,1.9624820346833631,True
THCA,3,THYM,0.5347016919658176,0.33302860641605325,1.4695847261221497,False
HNSC,4,LUSC,0.9755262012902897,0.960328803338986,0.1355203117176811,False
PAAD,1,PAAD,0.35107626198315,0.2605278466706352,2.353150411460797,True
GBMLGG,1,GBMLGG,0.33394020673769004,0.24864587858093307,2.5396570406336387,True
LIHC,8,OV,0.3445495108636404,0.2234772469462336,2.353700766585083,False
COAD,1,COAD,0.7728573564196963,0.688998279089294,1.044733412911862,True
STES,1,STES,0.4672233374240103,0.3414592667110582,2.0829951533361557,True
GBMLGG,2,LGG,0.611203205764763,0.278254929046543,0.9460705095734363,False
PRAD,2,SARC,0.1824517384776863,0.042432758364940176,2.6830679553722803,False
STES,1,STES,0.6769743659164166,0.5317484514940194,1.1864711849931953,True
BRCA,1,BRCA,0.32298248926887646,0.15638382647304358,2.4555628172607653,True
ACC,4,STES,0.5204468813721254,0.3777689376550605,1.4877069902029036,False
KIPAN,1,KIPAN,0.5326595289808882,0.15922641704565538,1.1611175206019335,True
KIPAN,1,KIPAN,0.2577205956795352,0.0747140663496155,2.3651318274229194,True
LUSC,2,LUAD,0.4133483035792232,0.008398235779579544,1.4147001439132842,False
LUAD,1,LUAD,0.6199779165831448,0.4358335016059609,1.1685833741335288,True
LGG,1,LGG,0.7782253456479467,0.5764771129512578,0.6517391106781565,True
COAD,3,STES,0.22420803262524341,0.05599771577416904,2.5236752184742044,False
BRCA,3,OV,0.30840367355524023,0.18876986040923455,2.482482258373346,False
LGG,1,LGG,0.5579782287705615,0.34487016780313917,1.5896625791662529,True
THCA,1,THCA,0.7326675053842766,0.6920796960438571,1.3575196324975936,True
KIRC,1,KIRC,0.5409701736069942,0.385050929192348,1.7355753702377203,True
COAD,3,STES,0.2830695506697604,0.07255934170593348,2.123768046146443,False
THCA,1,THCA,0.9254718745968146,0.9024688245989747,0.41108974336228427,True
OV,10,SARC,0.11187143147167006,0.008331782760863132,2.8995887536325307,False
SKCM,15,PRAD,0.3537202778154963,0.21692325191223077,2.377407473550259,False
THYM,4,PCPG,0.13901217738183147,0.007501244791242201,2.822591203701105,False
SKCM,3,THCA,0.6779298071076917,0.6277266745865235,1.559648767280641,False
PCPG,2,KIRC,0.2686518410713264,0.08098119437022425,2.1841694940673926,False
PCPG,3,LAML,0.28798994961256597,0.08795038610308223,2.10266684284541,False
TGCT,2,GBMLGG,0.5117381396200967,0.4502775679440681,2.0431060297274226,False
COAD,1,COAD,0.8475454308709737,0.7805640716685741,0.7191529981480042,True
THYM,1,THYM,0.471051004341506,0.25934736256238977,1.5862568707162252,True
UCEC,1,UCEC,0.30035381633338626,0.15065396882840212,2.543637263178857,True
THCA,12,SARC,0.11639786991785546,0.0038591778850234765,2.967131805249655,False
THCA,1,THCA,0.20390892187557288,0.021097347304560837,2.117006885308334,True
PRAD,1,PRAD,0.20223011700037194,0.022410050725548303,2.3440631344324716,True
BRCA,1,BRCA,0.22663992859708076,0.0271911772701047,2.437027594068273,True
KIRC,1,KIRC,0.6566200807198577,0.42888417544800594,1.1625610758377822,True
LGG,1,LGG,0.6525218460768376,0.4416749161752679,1.2631137959279077,True
PRAD,1,PRAD,0.21437488074014568,0.07816543074383325,2.624084942402557,True
PAAD,2,STES,0.11603508508742158,0.023437573736371023,2.9858215893818727,False
STES,7,LIHC,0.2607095208730063,0.15451974972297344,2.4877075057342166,False
LGG,1,LGG,0.5638680281890658,0.32322869621510086,1.391419562095873,True
KIPAN,1,KIPAN,0.9411877749549618,0.915825060220765,0.34593976092534967,True
HNSC,6,OV,0.3183791293094155,0.12093401137416993,2.229562527702782,False
THCA,1,THCA,0.8301929424670252,0.8062201886267755,0.9346991955363015,True
PCPG,1,PCPG,0.2247675088575693,0.10784167897483468,2.71004796760266,True
BLCA,1,BLCA,0.8609254522087801,0.7827718703120067,0.5776057087850108,True
GBMLGG,13,PRAD,0.14802512176694585,0.011504858460337136,2.7479882241170523,False
COAD,6,OV,0.16435429654750056,0.020261302838036427,2.673478913181719,False
BRCA,14,OV,0.3127124964379552,0.18844421562200186,2.3476900331895205,False
KIPAN,1,KIPAN,0.603586789959525,0.4769368148094725,1.6173292265637265,True
GBMLGG,1,GBMLGG,0.3960774087160116,0.013044864407970036,1.5804771814916352,True
PRAD,1,PRAD,0.24897664196995806,0.1636089494902854,2.7173694850221652,True
PRAD,2,PCPG,0.1800251908380153,0.06802226630351135,2.7157205682918133,False
GBMLGG,2,LGG,0.5175910423696323,0.1011988604238595,1.0244820134182413,False
HNSC,1,HNSC,0.23804122241417341,0.09035784018215665,2.401795659099728,True
BRCA,1,BRCA,0.4812019589055709,0.4134975403817767,2.131889962782272,True
KIPAN,1,KIPAN,0.32068764561765317,0.15009362618769537,2.208205077163504,True
OV,7,SARC,0.16991947810286995,0.0667019255494773,2.8877213618215407,False
CESC,1,CESC,0.3196343584953843,0.17890856070802813,2.332884759831788,True
OV,1,OV,0.22637654942593488,0.056794185459577484,2.5028756468749123,True
SKCM,1,SKCM,0.528348636242479,0.40183360261918977,1.7473453955924396,True
LGG,2,GBMLGG,0.39551770991557816,0.018806250465091878,1.53031847468055,False
LUAD,2,LUSC,0.564787586917362,0.17832753701801646,0.8615880464288217,False
DLBC,1,DLBC,0.3148334055176766,0.1408363891628179,2.3718069841859317,True
HNSC,4,LUSC,0.41315490968550905,0.09501689893514376,1.47646378031786,False
KIPAN,3,OV,0.2847994533180681,0.027043970957768226,2.2808710836866775,False
BRCA,1,BRCA,0.22296671138067153,0.03084302301144326,2.3621632128332037,True
SARC,2,OV,0.36613806594939474,0.022520897639828008,1.8356682403900986,False
HNSC,2,STES,0.1531477540759748,0.01739422943153926,2.679630378826396,False
SARC,13,OV,0.1390513188161483,0.014553561874449075,2.9799924443616,False
KIRC,1,KIRC,0.7602505474784453,0.543799010773903,0.6881721151963859,True
LIHC,2,TGCT,0.38205243166894337,0.13383770788902133,2.1091486148522014,False
THCA,1,THCA,0.7954481857091473,0.7658425511355152,1.0686395373387574,True
BRCA,1,BRCA,0.527732836000651,0.3933160657077221,1.8193185824186897,True
OV,1,OV,0.5426705688731697,0.46878850776341235,1.9145448029166157,True
STES,6,OV,0.1763559978289241,0.012229620040044048,2.6338117507826926,False
PRAD,9,KIRC,0.4068126076692315,0.15934775424509331,1.8643254964494291,False
SARC,12,LUSC,0.3686660781634012,0.11246721891490585,1.6615600786733347,False
KIRC,1,KIRC,0.3940903171990871,0.019463631106790724,1.6628132336056909,True
LAML,6,PRAD,0.2261053217808202,0.0832188498146082,2.5656162101135602,False
KIRC,5,OV,0.1501481650161976,0.01819196304771664,2.669347496444105,False
GBMLGG,1,GBMLGG,0.5131165191139185,0.13171652991193816,1.1722021680847212,True
COAD,2,STES,0.5934444494722806,0.2674013895147344,1.0199856285421993,False
STES,1,STES,0.7851718565651297,0.7306225659353526,1.003352755439008,True
LUAD,3,OV,0.23459221010282064,0.02052402590626079,2.2934586264991084,False
UCEC,1,UCEC,0.9145055469208243,0.8748014648692869,0.4581916152517803,True
COAD,1,COAD,0.5953592156811185,0.24759694826800405,0.9424256633553842,True
LIHC,8,OV,0.2411785055616824,0.08585322184077876,2.4264747594142446,False
CESC,5,KIPAN,0.21408793599076004,0.09933235674714032,2.708302489102899,False
STES,1,STES,0.6736554145461633,0.5785085261152566,1.4200519264689366,True
KIPAN,7,THYM,0.18804613508149662,0.07116189319855092,2.7412291374832694,False
BRCA,1,BRCA,0.6391383110018016,0.5425778745688039,1.523817811783303,True
KIPAN,1,KIPAN,0.17071505455336014,0.08672325599815284,2.9337362464284586,True
HNSC,1,HNSC,0.3010929894471316,0.13447414658143364,2.4192434243540757,True
LAML,2,THYM,0.2340112156570761,0.03494571337605931,2.166521902629234,False
GBMLGG,6,COAD,0.15311587161650114,0.0379251696268567,2.717564649900921,False
PRAD,3,TGCT,0.17482925597051216,0.06788586521059192,2.7826189840256212,False
COAD,1,COAD,0.8368510552383229,0.8128057186948479,0.9171241648286323,True
OV,1,OV,0.25753092307855274,0.1028385740112755,2.529928760709406,True
GBMLGG,2,LGG,0.6189648708263163,0.35798330267220535,1.1840203534446205,False
CESC,5,BRCA,0.11065696707566774,0.022016334085741315,2.983036495578921,False
STES,1,STES,0.7684032884712638,0.7227853504346621,1.053378998212541,True
KIRC,1,KIRC,0.7572878939549568,0.5472618901745943,0.7455802235966085,True
STES,1,STES,0.23513514286298937,0.08533064246900154,2.3728577260115116,True
OV,11,BRCA,0.2688124707039977,0.0724123846820178,2.3897720234060746,False
UCEC,5,HNSC,0.3508449643952242,0.13705071225221097,1.8291570485045974,False
STES,1,STES,0.8407416894563472,0.7641310074923722,0.67928975981135,True
STES,1,STES,0.25836742555922354,0.13228705848803304,2.5644874069630146,True
SKCM,1,SKCM,0.9637873044907171,0.9522273656321361,0.23211372671090233,True
SKCM,1,SKCM,0.8124421298390059,0.7346277829689489,0.813884811471824,True
GBMLGG,10,PCPG,0.12344877624491665,0.018327892127473933,2.8977250404394366,False
LAML,1,LAML,0.9430506355862942,0.9246552622045526,0.33234851575022695,True
LIHC,1,LIHC,0.43883388299331677,0.2203840715410119,1.975112856421213,True
LGG,11,GBMLGG,0.23483262318975506,0.10472353183125865,2.7531679715273984,False
BRCA,5,HNSC,0.2731141823701251,0.08482825071623976,2.123847345048281,False
KIRC,1,KIRC,0.2606343636988818,0.07930569381186364,2.4624191655029857,True
CESC,2,BLCA,0.9587820525812852,0.918889757597635,0.17892704148869734,False
THCA,1,THCA,0.9349617055636695,0.9225112634598406,0.4054680022541438,True
STES,1,STES,0.4940869975771755,0.32474822907371304,1.688128119633371,True
SARC,1,SARC,0.1427152021109611,0.007547199796393511,2.8440650929426083,True
SARC,1,SARC,0.3751915152270965,0.2951659976028506,2.496081035819422,True
BRCA,7,OV,0.22621402962578946,0.00042659040188525177,2.479826788837273,False
THCA,1,THCA,0.8554710184622878,0.8325462500310105,0.8155970235250772,True
LIHC,1,LIHC,0.257801982421262,0.17123747792431365,2.6348717224271914,True
COAD,1,COAD,0.8658172141668875,0.8255579103905325,0.6710156135193655,True
COAD,1,COAD,0.8925725965146327,0.8350466291315519,0.5399669445320956,True
LGG,1,LGG,0.5781233829011616,0.2490431334864719,1.1759556556753905,True
BRCA,1,BRCA,0.6297897437914542,0.5602575161499178,1.5551985634112746,True
SKCM,1,SKCM,0.9483282357865067,0.9349136938021052,0.3058366497139089,True
BRCA,1,BRCA,0.2455000480687619,0.07553609443578543,2.427734290636713,True
KIRC,11,PRAD,0.1353288671570341,0.004234120502121463,2.7988728485038616,False
LIHC,2,PRAD,0.1767853827970293,0.05458425827689836,2.842902545292857,False
KIPAN,1,KIPAN,0.30592948924862035,0.1640404203748617,2.437719313688912,True
KIPAN,2,KIRC,0.48853565962808765,0.32095356380389806,1.6539575077654514,False
BRCA,3,PRAD,0.19620808644634807,0.10386278270143103,2.7234776769152735,False
KIRC,2,PRAD,0.12692959379088628,0.01672246277154664,2.917198909799838,False
LGG,1,LGG,0.5030906392339919,0.06459277349419273,1.0084114579903063,True
TGCT,1,TGCT,0.3616484611115396,0.16803021308424695,2.1953332434660724,True
PRAD,1,PRAD,0.15633289286657884,0.012231737195840253,2.9102387525837017,True
KIPAN,5,LIHC,0.14449294765973666,0.03404162280414537,2.8579975188189892,False
GBMLGG,1,GBMLGG,0.4625065501087971,0.12380765152974138,1.5402592749435429,True
LIHC,11,COAD,0.456583503735486,0.3717575551437382,2.187762849873921,False
KIPAN,6,PRAD,0.1702021482560794,0.04492025006484546,2.74810699921558,False
PRAD,1,PRAD,0.19519269166451003,0.09430374805255623,2.7091520246751024,True
KIPAN,5,PRAD,0.22502124075518048,0.10929743065593277,2.7370020925047474,False
LUAD,8,PRAD,0.21451753103210028,0.10329166667511648,2.773190877601689,False
THYM,26,GBMLGG,0.13567582883846493,0.005525231207015979,2.8516535920707677,False
STES,1,STES,0.2565095106537593,0.12446658215785084,2.3893398710469445,True
STES,1,STES,0.8126039281643238,0.7214513826443942,0.8022437917550446,True
BRCA,8,LUAD,0.24361720559836295,0.0762122912311411,2.544604253145604,False
KIRC,1,KIRC,0.47867806693035514,0.13553552677693803,1.5069619066832898,True
GBMLGG,2,LGG,0.39435631509980995,0.046732158029575754,1.5818667963574171,False
LUAD,2,LUSC,0.6625833340725019,0.454819589253157,1.0698355303642546,False
KIRC,1,KIRC,0.40614395148113885,0.2843345991223002,2.116620573769459,True
BRCA,2,PRAD,0.11993353340729596,0.00025206062920629657,2.9415219630194476,False
COAD,1,COAD,0.7168151013189114,0.6734207190448348,1.3401479615109262,True
LAML,1,LAML,0.9306343264829736,0.90914632240911,0.38681164094263054,True
COAD,1,COAD,0.4975248164823495,0.29362291924622297,1.8216646001567196,True
THYM,2,PRAD,0.19946738474110762,0.04924250990188478,2.5362552741855002,False
GBMLGG,1,GBMLGG,0.6307684097420476,0.5815922045389402,1.7180165214358452,True
PRAD,3,PCPG,0.22211954511584153,0.07288093544629484,2.5029358615691613,False
PRAD,1,PRAD,0.1806454524307986,0.005391166103039691,2.4862409356013258,True
LUAD,1,LUAD,0.3553822537500925,0.02963304685519813,1.747555755949731,True
STES,1,STES,0.2438663314113672,0.05260412224276889,2.2438355773407044,True
KIRC,1,KIRC,0.7964524452558093,0.633053932343556,0.7242849451778457,True
KIRC,1,KIRC,0.49645679669505693,0.05471914620885354,1.0490991466831647,True
GBMLGG,1,GBMLGG,0.5121940018774745,0.2143708270095564,1.48339812948641,True
SKCM,1,SKCM,0.9969300935504528,0.9949480541871202,0.02471763097368722,True
BRCA,1,BRCA,0.4175003583694441,0.3377074394024624,2.3707041219612024,True
BRCA,7,LUSC,0.48896533173882634,0.2804047864158895,1.4826861866155714,False
KIRC,1,KIRC,0.3657055484823113,0.24290846206197217,2.3234504787647796,True
STES,1,STES,0.8491574444812868,0.8099596423116429,0.7298155534893865,True
GBMLGG,2,LGG,0.7803916266474379,0.5993975188426894,0.7194784833370483,False
KIRC,1,KIRC,0.24105627161293464,0.10647022426677241,2.6804179436793447,True
PCPG,8,PRAD,0.17516260260471414,0.04025131216122024,2.8520702646578253,False
UCEC,1,UCEC,0.8901783748663302,0.8676770222382275,0.6228712142308335,True
SARC,1,SARC,0.13405420939261342,0.02200045364907395,2.876304274611611,True
BRCA,1,BRCA,0.44766608229217936,0.35901279436883315,2.095788624960699,True
OV,1,OV,0.2638459533752063,0.1340613678491225,2.6480233440738083,True
KIPAN,1,KIPAN,0.24487481650702372,0.13971181753166662,2.521675337224857,True
PRAD,3,PCPG,0.18245276174294123,0.060767300801527147,2.672435994278738,False
BRCA,1,BRCA,0.4604026813320707,0.33559001435821406,2.0755459026509286,True
LIHC,1,LIHC,0.21515691453193164,0.10645496930756988,2.691750562755495,True
PRAD,1,PRAD,0.27737155779885464,0.11247097046283955,2.1956948124959763,True
PAAD,2,OV,0.22411863508449387,0.063316211111764,2.526769522617391,False
HNSC,2,LUSC,0.3787382336038348,0.004386722801720977,1.4218959544521548,False
HNSC,6,COAD,0.4977852716934225,0.3430305822221333,1.7954009901636658,False
LUAD,2,LUSC,0.7058690774799815,0.5224898001934132,0.9655992183685301,False
OV,9,SARC,0.10740966134769123,0.035767308651472304,3.0684482484843363,False
STES,5,HNSC,0.19076348349357136,0.01535496076095802,2.356513255148402,False
THCA,4,THYM,0.3707649307286485,0.21939215947735055,1.9894686657413365,False
HNSC,4,OV,0.32838522072828885,0.12625583500694396,2.3468912135850637,False
CESC,1,CESC,0.36243128933334534,0.05264547922903601,1.954808607650261,True
COAD,1,COAD,0.7323004017853801,0.7057911853970061,1.357203978331708,True
BRCA,2,OV,0.29599220921715286,0.13509777809535412,2.402426596479188,False
LAML,2,THYM,0.5293989698264331,0.3612675612693449,1.5185777561627403,False
STES,1,STES,0.979818219599176,0.9714305180587239,0.1360002532104575,True
PRAD,3,SARC,0.15185180902934056,0.004603504863675695,2.5545820222606124,False
ACC,3,STES,0.45338706489353026,0.09304225713067898,1.2949064546076214,False
OV,1,OV,0.25224583392550654,0.12341415418046855,2.6124774937154314,True
STES,1,STES,0.7378111517753613,0.49120344461844245,0.6529658583806786,True
LAML,2,THYM,0.5117298131007656,0.33372309770457026,1.532678251040923,False
PRAD,1,PRAD,0.2713377839078063,0.16027980208884024,2.65594184650867,True
UCEC,3,LUSC,0.4422678533232378,0.16505835138864794,1.1286963106767665,False
BRCA,8,LUSC,0.2515776940174633,0.0729134944613824,2.2768291522689217,False
OV,1,OV,0.2672464149783391,0.0761776388494661,2.339030004962783,True
STES,1,STES,0.6118461939359408,0.2641089793445048,0.8555449625911085,True
UCEC,1,UCEC,0.5455424428045735,0.30883325496303005,1.5721630650728098,True
GBMLGG,1,GBMLGG,0.17586305141032463,0.06310867838875135,2.716167131081307,True
BRCA,1,BRCA,0.7245824226978328,0.6738767223550478,1.3088470261810816,True
STES,1,STES,0.5561380483646294,0.41545350068644415,1.6482721011251948,True
STES,1,STES,0.34966496704002703,0.19585341994114402,2.2709256201115045,True
COAD,1,COAD,0.8407169346514135,0.7906817797341321,0.791540895448618,True
BRCA,2,SARC,0.09982249159332829,0.017790749702212866,3.0103839380440784,False
KIPAN,1,KIPAN,0.8435497222801662,0.690891595359921,0.4615065343150434,True
BRCA,1,BRCA,0.22536931197465884,0.1312575384278515,2.8052220427760375,True
SKCM,1,SKCM,0.9976491203141775,0.996870207780983,0.020326360723747126,True
GBMLGG,1,GBMLGG,0.49973257928162246,0.21649321719655096,1.6730313062617421,True
BRCA,6,THYM,0.29848839165541585,0.1224287653182132,2.039438751067021,False
LIHC,9,SARC,0.22467970757321962,0.14253828817256542,2.8389649485028974,False
HNSC,2,STES,0.5508864890977639,0.45527365127963443,1.8306349632796086,False
GBMLGG,2,LGG,0.5320916234140702,0.10032026945956352,0.9039327933512551,False
BRCA,1,BRCA,0.6421256462215041,0.5444698670233414,1.5338731395840348,True
OV,7,PRAD,0.1581518532710754,0.0266372715800082,2.8426573421678505,False
PRAD,1,PRAD,0.17411578231622432,0.03188818790236969,2.69810474730686,True
BRCA,3,OV,0.46007402766908967,0.3831329017205417,2.132633476568558,False
TGCT,1,TGCT,0.16045518975988401,0.034789161534236085,2.7768416693241402,True
OV,1,OV,0.26043960239845654,0.110000490245871,2.5950290316137417,True
THCA,3,THYM,0.5293989698264331,0.3612675612693449,1.5185777561627403,False
LIHC,1,LIHC,0.5483294870318071,0.4782937595115375,1.9231718422702524,True
OV,1,OV,0.17416116118298225,0.016336798220496662,2.444512175939462,True
PAAD,17,UCEC,0.6994533372509995,0.46885132689961595,0.8230477696288503,False
KIRC,1,KIRC,0.6806370224926654,0.4789644353593526,1.1390776542428651,True
GBMLGG,2,LGG,0.5532702912523584,0.15795576883355777,0.9628741947928987,False
ACC,1,ACC,0.767224871224816,0.7084573011465285,1.1388837306209898,True
PCPG,3,SARC,0.10448935902847387,0.0007448345618709801,2.9184565281249073,False
BRCA,1,BRCA,0.4663388209053589,0.29566345100673885,2.0683271480260994,True
BRCA,4,STES,0.14908766300427823,5.9142712919985074e-05,2.4715194729264627,False
LUSC,2,HNSC,0.3981375138772433,0.2568113426203677,2.1283599620291023,False
PCPG,1,PCPG,0.6730454681231987,0.598958741121964,1.4636991973935756,True
BRCA,1,BRCA,0.20430776394208722,0.05662268377285937,2.5833264860136063,True
KIRC,1,KIRC,0.666638823537689,0.4122681148853794,1.0379422435129702,True
LUSC,2,HNSC,0.26233966202758285,0.02269142698683177,1.9816067809387277,False
THCA,3,PCPG,0.17904308221714144,0.0062113706715343775,2.4062483695492487,False
LUAD,24,PRAD,0.18862913835339398,0.08286362921780395,2.8185195811933643,False
GBMLGG,1,GBMLGG,0.1549580913337535,0.04202227828167096,2.805501562556791,True
STES,1,STES,0.4633357909134549,0.28947019744018354,1.830526508190964,True
KIRC,1,KIRC,0.47517199884164024,0.32913299411245434,1.9717692351023755,True
OV,1,OV,0.4411276766685183,0.3223069458927468,2.0976528222734383,True
OV,4,KIPAN,0.28076329466954886,0.1123183057197494,2.50301797571967,False
BRCA,7,THYM,0.471051004341506,0.25934736256238977,1.5862568707162252,False
LUSC,1,LUSC,0.5542343213386388,0.41715187982205326,1.4726476194604738,True
ACC,1,ACC,0.9981631347940588,0.9973184802495504,0.016676291080063292,True
COAD,5,UCEC,0.25812911560216445,0.11985072295253815,2.2567068872553895,False
PRAD,1,PRAD,0.2175563233518151,0.09707949866863476,2.7534752735451002,True
BRCA,3,OV,0.17793602091335628,0.007411927747125541,2.4916277112696275,False
HNSC,7,LIHC,0.15729164587912559,0.021929265463924263,2.537144501164251,False
HNSC,7,CESC,0.14645146085820349,0.0029048026108544622,2.8238344471108596,False
HNSC,1,HNSC,0.23507726787569544,0.007366165705234268,2.0761927225346115,True
CESC,5,ACC,0.17349790525465425,0.0018498153015570062,2.6357917276619167,False
COAD,2,STES,0.8472227320415249,0.7592218696404817,0.6165651179159284,False
KIPAN,1,KIPAN,0.76933058912307,0.7159883590692333,1.159208735957442,True
HNSC,1,HNSC,0.18333346397878586,0.04104675186028753,2.621869888151496,True
BRCA,1,BRCA,0.6814951470401093,0.6069424676110139,1.480765271151133,True
BRCA,1,BRCA,0.4245291168896729,0.3322874258109369,2.313147364975808,True
BRCA,3,OV,0.2851982889583596,0.1531247729562989,2.501728110221051,False
KIPAN,1,KIPAN,0.3699430973307094,0.2149053154095048,2.297825333176384,True
KIRC,1,KIRC,0.7368457353103336,0.535748617094429,0.8711267942846903,True
THCA,1,THCA,0.8451262661393497,0.8100207759077701,0.8099113119436379,True
BRCA,2,KIPAN,0.46666691258071336,0.22691530216111047,1.6583095849240148,False
SKCM,1,SKCM,0.8144760516958307,0.7042234723963838,0.7182340345417091,True
KIPAN,2,OV,0.2021545254576943,0.004237398678851811,2.645413120638745,False
KIPAN,2,PRAD,0.1987380604658252,0.060914598874465736,2.6604471657961515,False
BRCA,1,BRCA,0.2188943919782049,0.01698820175178417,2.241151313630449,True
BRCA,1,BRCA,0.4486170571098648,0.2701830574222548,2.015255809542731,True
CESC,1,CESC,0.30531198680189714,0.1506743924173214,2.5394709837932252,True
LIHC,1,LIHC,0.6871764461049393,0.5832513849058527,1.3654133674090554,True
THCA,5,PCPG,0.1446646250478189,0.0029700546379699266,2.780234665958345,False
KIPAN,1,KIPAN,0.31435534578020224,0.1858992115344759,2.428054599368519,True
BLCA,7,BRCA,0.14090062239490317,0.006852566982695291,2.6222022409637495,False
THYM,5,PRAD,0.20957258772481957,0.04209306922250622,2.409462162800234,False
SKCM,1,SKCM,0.9914862704300952,0.9879068982338198,0.06623111208970152,True
COAD,1,COAD,0.7750353257379308,0.7284683025516018,1.0554568335823016,True
ACC,9,LUAD,0.6343941840121721,0.5112690932079925,1.3246040680844833,False
BRCA,1,BRCA,0.28763353978646256,0.08138461454581614,2.3277375998166736,True
OV,4,STES,0.18165582430601598,0.009577810770724032,2.4611751327976523,False
BRCA,1,BRCA,0.522296564763769,0.3165499286444373,1.5872265601477236,True
STES,2,LIHC,0.1197804522559125,0.007139622792354694,2.8771833579249964,False
OV,1,OV,0.3192132675910942,0.16745815911636483,2.3806964832704427,True
ACC,1,ACC,0.9633869810548941,0.9543583245685079,0.2463670026949345,True
TGCT,1,TGCT,0.2996446607321016,0.22012645120877125,2.56970621241467,True
SARC,3,DLBC,0.11861554229452516,0.0020350962356057573,2.9459787591708753,False
SKCM,1,SKCM,0.8257469256239439,0.7823107866776653,0.8490713528989088,True
KIRC,1,KIRC,0.37469340315675365,0.010036110332842685,1.7563554365486194,True
PAAD,1,PAAD,0.5455732933212017,0.418574094126687,1.7011704229697895,True
PRAD,1,PRAD,0.10648002285778642,0.006745919937055103,2.991505008507597,True
KIRC,1,KIRC,0.3625860026462333,0.16895676274325702,1.8813039105609994,True
TGCT,1,TGCT,0.49463991090800474,0.44026733493843206,2.169048068623073,True
KIPAN,2,LIHC,0.24375111629029875,0.050115226207188196,2.438092834575544,False
PCPG,1,PCPG,0.17062507729059995,0.06919232216211316,2.833601305460914,True
TGCT,1,TGCT,0.17583468863362794,0.04880413084654281,2.816540688125982,True
DLBC,1,DLBC,0.42277394504659593,0.3253756816623303,2.2588470881225637,True
BRCA,4,OV,0.30101998212448755,0.18051317222892332,2.459244304921594,False
LAML,1,LAML,0.2349487433891094,0.027465463149853153,2.228296001647761,True
CESC,1,CESC,0.21356341062904305,0.1329930506282646,2.836061173229483,True
SKCM,15,PRAD,0.1844508352053105,0.05665916668810572,2.668477820302919,False
KIPAN,1,KIPAN,0.7849017128045112,0.5834626817904225,0.6092801763069831,True
BRCA,1,BRCA,0.18387470852322715,0.015616954394700983,2.5624498568267517,True
BLCA,4,LUSC,0.2930940604371387,0.06014200874137998,1.9272884402503312,False
BLCA,6,LUAD,0.29118516868610356,0.14391636745989456,2.434838006738861,False
GBMLGG,2,LGG,0.5709133237874382,0.21627591122230405,1.067006729624922,False
PRAD,1,PRAD,0.24520876118730026,0.025569335257250247,2.4028851545168033,True
PRAD,2,OV,0.11424566452914138,0.006032734923218985,2.9870304510819747,False
UCEC,1,UCEC,0.9587029233400448,0.9466485183282525,0.2699167754195181,True
GBMLGG,17,LIHC,0.1293598981503233,0.030186302306287438,2.888554205205411,False
KIPAN,1,KIPAN,0.8735593874171664,0.7634004556833648,0.47174087344587673,True
CESC,1,CESC,0.3316227912792972,0.24702803187632794,2.522551894107422,True
PCPG,2,THCA,0.15611956932030924,0.003227353387186188,2.5284974576659645,False
SKCM,8,PCPG,0.2433774629361088,0.16694541337693264,2.849632185226355,False
BLCA,2,HNSC,0.38007792677158647,0.22246280222805348,2.133596018931566,False
BRCA,5,OV,0.2489394689784966,0.10483932474979096,2.426609358981513,False
ACC,1,ACC,0.9426367942682664,0.9333702553147072,0.3667295365665316,True
PRAD,1,PRAD,0.1780048701720294,0.044665368743289496,2.763753011606462,True
LUAD,21,PRAD,0.1824950499605425,0.08090298116005869,2.8962180293339936,False
KIRC,1,KIRC,0.26084978466127184,0.12021037059465922,2.5969388201729835,True
SKCM,1,SKCM,0.9999456961379315,0.9999056082515632,0.0006427520416997695,True
PCPG,1,PCPG,0.30052743679107746,0.17376219264671647,2.268500199228982,True
STES,13,BRCA,0.2742127334151949,0.15369133589384232,2.5995102256821725,False
LAML,6,PCPG,0.2122680472446483,0.006256669985545749,2.485680444143781,False
PRAD,3,KIPAN,0.15628614341246225,0.033631166841595395,2.7583100565046856,False
GBMLGG,2,LGG,0.7258092639423869,0.5141800431628218,0.870810203489448,False
HNSC,14,DLBC,0.24566548873973984,0.12119066622124705,2.6315407706156693,False
LIHC,4,PAAD,0.2952862871416438,0.17459740604679147,2.4736835007867324,False
OV,1,OV,0.4254551616623167,0.3562118182162215,2.303438432776144,True
HNSC,1,HNSC,0.674766202090992,0.5696450726752416,1.3386066635679619,True
KIRC,14,BRCA,0.11678136050380186,0.02386739831705946,2.902453398336491,False
SKCM,2,THCA,0.8294751018628613,0.7958969756719366,0.9175094676297045,False
KIPAN,3,PRAD,0.15509794861909026,0.004139527734390608,2.679200549638261,False
BRCA,1,BRCA,0.21895590031668938,0.03015343790786812,2.064527262442843,True
KIPAN,1,KIPAN,0.18872701266619876,0.04181017452395652,2.6526225610536778,True
THCA,1,THCA,0.753642955688098,0.7191402641103863,1.263130640660259,True
HNSC,3,CESC,0.4090588337811929,0.1830827421063722,1.9135176870051795,False
LGG,1,LGG,0.6297142285861514,0.2968688520628582,0.8739203478737849,True
KIPAN,1,KIPAN,0.4565610400506428,0.33541223522449065,2.122044776561201,True
HNSC,2,PAAD,0.2499129740765084,0.06679300879900751,2.4546365673772867,False
BRCA,1,BRCA,0.7599017084398153,0.7088528701533598,1.1578415562927664,True
LGG,1,LGG,0.45125505421126805,0.10629490741790748,1.5807824426627732,True
HNSC,1,HNSC,0.3527789247677058,0.22977253456893443,2.2856339099384657,True
BRCA,3,BLCA,0.6445716562380224,0.48553287572198467,1.1346151299802025,False
KIRC,2,KIPAN,0.621599810862498,0.3257605524800477,1.050677607372506,False
SKCM,1,SKCM,0.9836677795992346,0.9766258862462817,0.10845126106329855,True
CESC,3,LUSC,0.7599047796251905,0.6489950675734611,0.9703123758492673,False
KIRC,1,KIRC,0.5355320822229647,0.4147158681748373,1.8244277288969475,True
THCA,3,PRAD,0.23659708923796507,0.10483506905887979,2.597808626130161,False
PRAD,9,PAAD,0.20746225063136975,0.04567048269420243,2.6896704770840105,False
KIPAN,1,KIPAN,0.7168593817144161,0.49070549231015215,0.9014260567752036,True
HNSC,8,TGCT,0.19493820400680573,0.006445393173740155,2.6636444099153804,False
STES,3,GBMLGG,0.13342081445244003,0.02655248430495799,2.9523835027879928,False
HNSC,8,OV,0.2713206367767083,0.09649742988087784,2.4426294780471873,False
BRCA,1,BRCA,0.40716836957234676,0.24838495598120675,2.117453157655014,True
BRCA,1,BRCA,0.5169085275789826,0.402745307394402,1.985866997258017,True
LGG,1,LGG,0.7271909163612322,0.5051819001919007,0.8408953289130147,True
THCA,1,THCA,0.8576275600339203,0.8384984968693403,0.8160314834004924,True
HNSC,2,PAAD,0.18637616808176558,0.009161412654853096,2.512346739266892,False
GBMLGG,1,GBMLGG,0.5525339464495822,0.4836235759351421,1.9532049028750034,True
PRAD,1,PRAD,0.19190642007552539,0.04164819369444578,2.629410104914854,True
STES,1,STES,0.9732195652079138,0.9534733500153759,0.14936790133485703,True
PRAD,1,PRAD,0.16723590750491155,0.06982020892334213,2.851256667270357,True
OV,1,OV,0.4584614743541349,0.3528010544913166,2.1638427940734903,True
GBMLGG,3,LGG,0.3082652163221093,0.049938555858325406,1.930815861844344,False
KIRC,1,KIRC,0.5129573198879902,0.2987444911626633,1.7832398640443072,True
KIPAN,2,KIRC,0.4146812944705969,0.20102441785337902,2.0627180488931707,False
KIPAN,1,KIPAN,0.5374912389278912,0.21195094239494372,1.3362346773723563,True
BRCA,1,BRCA,0.1242136222639088,0.026134573184835405,2.9500439039889446,True
KIPAN,2,KIRC,0.49645679669505693,0.05471914620885354,1.0490991466831647,False
LGG,1,LGG,0.7311105047815029,0.48766867254226953,0.7245814433554894,True
PCPG,1,PCPG,0.18347561831447665,0.06388569787595645,2.7427248202170604,True
STES,3,COAD,0.6046436246772979,0.4120903039936697,1.3198254639818356,False
LAML,1,LAML,0.3549016651624999,0.14313202844443612,1.8740075355868044,True
KIRC,1,KIRC,0.7620402592725383,0.601707653647173,0.9230870251651986,True
HNSC,7,COAD,0.20789057020203594,0.06733098102490179,2.6738286592340748,False
BRCA,1,BRCA,0.26911522656621556,0.12440491620341942,2.368892857676966,True
BRCA,2,PCPG,0.235271538017925,0.02957731606741479,2.2998062806816053,False
GBMLGG,2,PAAD,0.2252611291474067,0.03883871559553889,2.4058799508152844,False
LUSC,3,HNSC,0.30969069310984787,0.06305251316088595,1.793542582973975,False
KIRC,6,TGCT,0.2508460521656896,0.07813064568231529,2.499720344926979,False
PAAD,3,STES,0.34029957197137506,0.04559058289289791,1.7003180398731677,False
HNSC,1,HNSC,0.7400607768075854,0.6670910822971742,1.1523218723989102,True
PRAD,1,PRAD,0.23601938517387389,0.09364642688260316,2.674587717761297,True
PRAD,1,PRAD,0.22445606769522428,0.03593395822371223,2.334743572290546,True
THCA,1,THCA,0.7284992595311539,0.6866490671376635,1.3692700540190947,True
GBMLGG,2,LGG,0.15810510254803525,0.02359625658129011,2.8599369556584624,False
BRCA,1,BRCA,0.4554814779848957,0.3230325576538837,2.107479758172138,True
PRAD,3,PCPG,0.18805861988661404,0.03854604171095333,2.4168659625537567,False
OV,10,BLCA,0.2485856874162928,0.10604504661924127,2.3799505632625273,False
KIRC,1,KIRC,0.6886779802240497,0.5152951580938158,1.2452431255273317,True
GBMLGG,2,LGG,0.4344815240474626,0.12853017232417185,1.8116777809923879,False
OV,1,OV,0.29299898860418105,0.08361477843025245,2.3158091446673335,True
COAD,1,COAD,0.7245758860782003,0.6253388749779067,1.2044501830163836,True
OV,3,LAML,0.2895912918876976,0.09229106006781601,2.210734651132067,False
TGCT,1,TGCT,0.19426339656670666,0.0011897235981357945,2.6082999319613687,True
PRAD,1,PRAD,0.14830996069372582,0.005821228016839708,2.7306183206045436,True
THCA,1,THCA,0.9192711855369716,0.8982718951579457,0.47577529404131563,True
PRAD,1,PRAD,0.2434458509279263,0.13826976193155016,2.7261800547740025,True
THCA,5,LAML,0.12966675059127086,0.017574459982344554,2.7954652867026524,False
OV,2,PAAD,0.23257731844431043,0.12565362157974957,2.5490067401007392,False
STES,2,COAD,0.5390044617065519,0.08218378990981406,0.7215689148869487,False
PRAD,1,PRAD,0.2226623978324457,0.09918185704504288,2.7871850275220673,True
BRCA,9,OV,0.2540363773347096,0.13261832094464215,2.5095674123803247,False
PAAD,1,PAAD,0.1561159060497535,0.047540933380788436,3.0053933305684146,True
THCA,6,PCPG,0.2527455992092832,0.07838098725117473,2.3632440709695177,False
STES,2,OV,0.36833930389158914,0.15463631011926202,2.0251611082998067,False
GBMLGG,2,KIRC,0.30970571269234454,0.11366144521516466,2.2725462010931508,False
PCPG,3,SARC,0.15075198726731834,0.00038544835988987836,2.760513004252364,False
KIPAN,1,KIPAN,0.4598821705152735,0.3119869736135721,2.109648761093568,True
LIHC,3,HNSC,0.26062024406594364,0.04998459987531351,2.3040029946675196,False
STES,1,STES,0.24829441278173037,0.08020165552680278,2.3071941098356503,True
KIPAN,1,KIPAN,0.5267900109633972,0.10506616597053559,0.9941130957630482,True
KIPAN,2,LIHC,0.26057360116184003,0.11244067782704262,2.618135135629007,False
STES,1,STES,0.08983372992676669,0.008695670286114204,2.9141389772939883,True
THCA,9,PRAD,0.17679203669544005,0.06578199234460624,2.651898871389937,False
HNSC,2,CESC,0.27645589122971254,0.07187129869576733,1.9330143934459934,False
HNSC,8,UCEC,0.23366242433636214,0.10111158993825553,2.638328706563811,False
KIPAN,11,PRAD,0.1751777862204525,0.04214339041177101,2.6879846656990507,False
PCPG,1,PCPG,0.15019565026871567,0.004240393414495225,2.666714166611567,True
BRCA,2,OV,0.5580539399020163,0.45437926193888867,1.859979092808988,False
THCA,4,PCPG,0.2680273270118806,0.12356324106937835,2.251782391687003,False
CESC,1,CESC,0.6996664878432304,0.519525668315976,1.0107527971521246,True
KIPAN,8,TGCT,0.14332332052526323,0.04488176490899859,2.914241275847568,False
UCEC,8,BLCA,0.44775624900638866,0.12698062479908806,1.4875462760090195,False
KIPAN,2,KIRC,0.48115055151178293,0.10285240069313595,1.3975219015533944,False
KIPAN,6,COAD,0.5746779848802603,0.39667555518712594,1.6325682267364356,False
KIRC,1,KIRC,0.6770851045307685,0.4192089754579511,0.9727344218617046,True
GBMLGG,1,GBMLGG,0.6306393240395354,0.5670181135832809,1.7015202947531531,True
OV,1,OV,0.5077982401677235,0.42882129648666745,2.053104662929001,True
KIPAN,1,KIPAN,0.19929943392949828,0.030522514076348678,2.7798811629046503,True
LUAD,1,LUAD,0.9403221176412266,0.9015771048260154,0.2954809605982389,True
LIHC,1,LIHC,0.6897619507274747,0.5430315269839893,1.1493845581414064,True
LUAD,2,LUSC,0.38520251253742743,0.008427292443121293,1.499026996772751,False
GBMLGG,1,GBMLGG,0.24845770417405608,0.1329489601325901,2.5433015774440486,True
TGCT,1,TGCT,0.5390782442239253,0.45384450235598456,1.9008100530681271,True
LGG,1,LGG,0.7839893191290277,0.5943075038634842,0.6548612504324638,True
PCPG,2,PRAD,0.19154537821190049,0.038922279274550775,2.55731752866005,False
SARC,4,THYM,0.2363862028259504,0.0624779295564698,2.374027764055408,False
THYM,3,PCPG,0.19604737343093367,0.01547528864646644,2.5111707045473453,False
SARC,4,CESC,0.14300467934741537,0.0296525644128363,2.9565142617978237,False
KIRC,1,KIRC,0.34629759386977677,0.1564398133079625,2.3147290167929446,True
BRCA,4,SARC,0.35842017650510294,0.252826991825039,2.373012990655048,False
KIPAN,1,KIPAN,0.40289758658177316,0.22802291453717427,2.0939716370951555,True
THCA,1,THCA,0.7889877848230986,0.759706415265933,1.1136516988887524,True
GBMLGG,1,GBMLGG,0.5600623086754482,0.2672452138923394,1.3186729341132175,True
LUSC,2,LUAD,0.2549651212069496,0.05444219595113009,2.262878660658765,False
COAD,2,STES,0.735592065349187,0.5223752544792035,0.7806618255460968,False
THYM,2,PRAD,0.1741965887860143,0.01424302183414497,2.689310385962625,False
UCEC,1,UCEC,0.2299671518130362,0.026565297259788706,2.2616128234584743,True
KIPAN,2,KIRC,0.6004803283367711,0.2479795855961276,0.9520199469017494,False
OV,7,TGCT,0.13165931267225198,0.00035434960951830075,2.8069653472521825,False
TGCT,1,TGCT,0.2748219337568757,0.10531501344489386,2.5869582491308782,True
PAAD,3,HNSC,0.35260643903442285,0.10640850466532284,2.1295098996316435,False
STES,1,STES,0.5257010623718384,0.3989809572482706,1.6656616612201662,True
HNSC,4,PAAD,0.3420156902406426,0.017396806489869687,1.941395084190994,False
LUSC,1,LUSC,0.9032010219436267,0.8743684362331622,0.5046634005396564,True
KIPAN,5,KIRC,0.09503162591915768,0.017803764324502508,3.0405279580430533,False
GBMLGG,2,LGG,0.7839893191290277,0.5943075038634842,0.6548612504324638,False
PRAD,1,PRAD,0.22338648938315073,0.038256557162104854,2.415520854464518,True
BRCA,1,BRCA,0.24923226742735125,0.12253920249795289,2.5315134227699585,True
PRAD,1,PRAD,0.16237658079442638,0.012480034138445006,2.756022870605915,True
PAAD,1,PAAD,0.6326900986669162,0.5388752015521645,1.5008541138373668,True
HNSC,1,HNSC,0.18650526660386993,0.08694997877436397,2.708497893828767,True
TGCT,3,KIPAN,0.15307362263594848,0.019887611121776616,2.8341084036705024,False
PAAD,10,SARC,0.11012326529639868,0.006939672153395471,2.978246924269677,False
LUAD,2,LUSC,0.9031762110888937,0.8129083255836844,0.34475977504866534,False
BRCA,1,BRCA,0.823394935218804,0.7919769081752998,0.9612018194085058,True
BRCA,6,LIHC,0.10537647133297148,0.0008137747396222833,2.8901063355999757,False
PCPG,3,LAML,0.2303419092574038,0.07725116050871811,2.297200538231306,False
UCEC,3,GBMLGG,0.4228474634436786,0.29985500974254375,2.188964147962781,False
KIPAN,1,KIPAN,0.456508389740409,0.31382090213149294,1.9554657628028158,True
KIPAN,2,KIRC,0.43417717415006624,0.04612347314563481,1.528996161941556,False
COAD,13,HNSC,0.11296557321361127,0.0043466763368004285,3.005499422258887,False
GBMLGG,1,GBMLGG,0.209669564819093,0.014787509312673752,2.6270059876906338,True
COAD,1,COAD,0.47216923249528486,0.23280403632720656,1.7443249249171675,True
PCPG,2,PRAD,0.17524430179029551,0.013225762929147622,2.434618652899447,False
KIRC,1,KIRC,0.4260051309192232,0.09576969800879254,1.7867412798515003,True
LUAD,7,HNSC,0.34196924097126286,0.08400013780970705,1.7492389499117216,False
COAD,2,STES,0.7996405174005532,0.7165009756577125,0.85832383247109,False
THCA,1,THCA,0.9267705561330971,0.9011013412118091,0.4083199136236318,True
OV,13,THYM,0.2347013500546338,0.02912911584353728,2.1962840609648198,False
BRCA,1,BRCA,0.4392534548191327,0.3677761998295348,2.2765787969370903,True
OV,2,BRCA,0.14051995141037116,0.0030872524794561262,2.5814128254180093,False
STES,1,STES,0.4525984196715792,0.16541759155806135,1.715132159346045,True
GBMLGG,1,GBMLGG,0.333335656750249,0.21600455816633723,2.5194261198128114,True
STES,5,HNSC,0.36986331595472893,0.10271200938660541,1.8744419561627126,False
OV,1,OV,0.2214953095792519,0.08531977010802508,2.6319594130820145,True
OV,1,OV,0.34061571567082544,0.17726585066736986,2.382786678946863,True
TGCT,5,OV,0.27595604108544164,0.11795373535607326,2.540943375667866,False
OV,1,OV,0.3874649464436316,0.28944807203865164,2.3148588473661786,True
COAD,1,COAD,0.9960474787331043,0.9949277340541068,0.03285814191177498,True
CESC,3,BLCA,0.6562680301908592,0.40707841087641683,0.9923230993538364,False
LGG,1,LGG,0.7240715477657087,0.4704836125306807,0.7098211392435728,True
LUAD,7,BRCA,0.12542557260804127,0.017479791602388148,2.9652577717376785,False
BRCA,1,BRCA,0.8160262337678446,0.7898591067070739,1.029308621504219,True
THYM,1,THYM,0.17093068237908857,0.03437571202738979,2.4933874838040992,True
HNSC,1,HNSC,0.34341562179826945,0.007223546586071716,1.8755062445684798,True
OV,1,OV,0.3649282683154512,0.2388819605159493,2.2548244285924284,True
SARC,4,OV,0.20570385700953128,0.08583984749429852,2.7635564831790953,False
STES,1,STES,0.16966674928111852,0.018019541786004928,2.6094014189959407,True
PRAD,4,BRCA,0.18283365068576526,0.01671061001272703,2.5743009660634564,False
COAD,1,COAD,0.8889921940151364,0.8591544795222127,0.6109504072049644,True
PAAD,2,OV,0.3421880802863431,0.20723290147966542,2.339786618357312,False
CESC,10,KIRC,0.16767627591048795,0.007648765630312138,2.6429762373418497,False
STES,1,STES,0.8477060892877228,0.69834226297778,0.44731319018420107,True
BRCA,1,BRCA,0.2203519514604388,0.05944250179427141,2.545745936716569,True
COAD,2,STES,0.5124568812551183,0.13137951168548317,1.0106517428021788,False
LAML,1,LAML,0.884230498008473,0.8563802443610512,0.6098369755540353,True
LIHC,1,LIHC,0.20368676722256257,0.06870904846414749,2.7922131414250346,True
BRCA,3,PAAD,0.27271114967134147,0.09908625188212833,2.463713836295985,False
KIRC,1,KIRC,0.6654429633853768,0.42571712807719075,1.1075051050707143,True
THCA,1,THCA,0.9352667850760877,0.9198675135805379,0.38479163759739904,True
KIRC,2,KIPAN,0.3004684042833047,0.13442511376127253,2.3619650424038405,False
PCPG,2,PRAD,0.16367249467090142,0.03298561330685787,2.729225750684671,False
KIRC,1,KIRC,0.8599738478214517,0.7335767237150365,0.48503424271616913,True
KIPAN,2,KIRC,0.688900877640584,0.46263619563956626,1.0449223262984482,False
SKCM,1,SKCM,0.8657861690758236,0.7824708323162426,0.5920144049043551,True
LUSC,1,LUSC,0.615534941705067,0.4646183701051143,1.4286367480962892,True
THYM,1,THYM,0.471051004341506,0.25934736256238977,1.5862568707162252,True
COAD,1,COAD,0.24608498775911722,0.06070528915631396,2.4565639587623624,True
STES,1,STES,0.43635244758178077,0.22746401295700963,1.8363531110571152,True
COAD,2,PAAD,0.4733314221287553,0.2965571100800177,1.8879837981342569,False
GBMLGG,2,OV,0.2964401627517794,0.11162634511625413,2.313906268703078,False
LAML,1,LAML,0.7993750803399607,0.7285152043188582,0.9479958631253148,True
KIPAN,4,PRAD,0.17673702270539793,0.053880571503602634,2.768493464553558,False
OV,1,OV,0.34958097198273247,0.24034287683993705,2.410626902817185,True
SKCM,1,SKCM,0.9966928599564417,0.9958185600826992,0.029205510083597258,True
KIPAN,2,LIHC,0.1591289641625754,0.031100663516919758,2.7512655022832786,False
SKCM,1,SKCM,0.9993885763037567,0.9992277161439688,0.0062235119497204205,True
HNSC,19,PAAD,0.10264561854072722,0.016864666945502968,2.997655075899976,False
TGCT,1,TGCT,0.2583331407528065,0.11900607973480642,2.5253888855314757,True
KIRC,1,KIRC,0.24205380777884414,0.099020568214995,2.551746958769823,True
SARC,4,OV,0.3215958635181005,0.2163811358578949,2.5229425624567923,False
KIPAN,1,KIPAN,0.6505363257536795,0.37683699626611467,1.0378833741985733,True
KIRC,1,KIRC,0.28283156683616223,0.06560316389356602,2.3385931361925314,True
BLCA,1,BLCA,0.5679948715293971,0.3528915734107343,1.3250348124530356,True
PRAD,2,BRCA,0.15367601565000483,0.012544005907714262,2.832709180189952,False
GBMLGG,2,LGG,0.6096966376825472,0.47420778237524885,1.3739988821989269,False
PRAD,4,PCPG,0.2663685600051713,0.02026423751520401,2.293278260994452,False
BRCA,1,BRCA,0.5424066110456559,0.4824764391973506,1.9703242189113495,True
LIHC,3,LUSC,0.21291880905370875,0.013635008954492489,2.222115067429458,False
TGCT,1,TGCT,0.3144719804019765,0.04593792419406867,1.8150425592817196,True
BRCA,8,THYM,0.24012300431176536,0.08152085562727043,2.3951087969500975,False
OV,1,OV,0.24076379938915138,0.06172590366229139,2.437571256952915,True
COAD,1,COAD,0.9129008691708079,0.8960470563514424,0.5095561738211924,True
BRCA,3,LUAD,0.5225873000087656,0.3697874699745889,1.5960819376295563,False
STES,25,LAML,0.15461581827521603,0.0012343972827246197,2.5339419191873125,False
CESC,9,SARC,0.20996716628315262,0.07824580375023457,2.8139301424601944,False
ACC,1,ACC,0.5924559396815354,0.5106069964944817,1.6959528065832499,True
STES,1,STES,0.7404740472672183,0.5611016765419488,0.8240080011859707,True
STES,2,PAAD,0.18981555194855174,0.04102449138672137,2.6355075606086262,False
GBMLGG,13,LAML,0.18580065567049542,0.09560491837961266,2.824577249553884,False
HNSC,3,LUSC,0.48223417810530383,0.2074575714180123,1.4739209543919796,False
BRCA,7,PCPG,0.178467602654434,0.016861692176470072,2.3583244955211424,False
BRCA,3,OV,0.18591108234812925,0.011239722858835816,2.605868491832686,False
KIPAN,2,LIHC,0.2980872378426631,0.1181336188638259,2.4249934248819662,False
KIPAN,3,UCEC,0.17552139966875943,0.06908779438507266,2.764455156261461,False
SARC,1,SARC,0.18153911277572823,0.0904634046149849,2.906293009231843,True
LGG,1,LGG,0.489737292818405,0.004084497861640168,0.8459668144338818,True
STES,2,LUSC,0.33303886213897604,0.14129939489459156,2.2064400137332414,False
BRCA,2,KIRC,0.12401800108108707,0.0027750805580844806,2.7928587353074645,False
KIPAN,5,SARC,0.10109606617154963,0.01550610284778979,3.0261018953577405,False
BRCA,1,BRCA,0.3015536238705118,0.1319777014935629,2.5386097675637984,True
KIPAN,3,TGCT,0.1869823060780991,0.07791950646180075,2.7860622112089755,False
LUSC,3,DLBC,0.416391381884423,0.3027537985877783,2.1184202289812912,False
THCA,1,THCA,0.7685008659819449,0.7261719345093981,1.158530738160685,True
LGG,1,LGG,0.49605427744269687,0.2869457543264925,1.7132287886759563,True
GBMLGG,1,GBMLGG,0.19028583466376567,0.007782653095761927,2.3417733209076967,True
STES,3,HNSC,0.25863047585949106,0.07639136659874723,2.3501852179929794,False
GBMLGG,6,LIHC,0.09551457664892202,0.007553979441381906,2.941769968317112,False
UCEC,1,UCEC,0.43888385239557004,0.37231931760822495,2.287347735811959,True
DLBC,1,DLBC,0.5158271929547034,0.30548008615351363,1.478680424702078,True
LUAD,1,LUAD,0.7764974781839614,0.5558403694103317,0.5493361068073227,True
KIPAN,1,KIPAN,0.1733049860199486,0.03732165609947391,2.686270113837637,True
LUAD,5,LIHC,0.2617790498083166,0.12716520304302836,2.5083048300733117,False
KIPAN,1,KIPAN,0.109065057119319,0.000909425390974522,2.8030240227105483,True
LGG,2,GBMLGG,0.41277475820399173,0.11174241156494952,1.7331963564357735,False
LGG,1,LGG,0.7124863498060745,0.4901426854537326,0.8875701726320135,True
KIPAN,1,KIPAN,0.18465865741809404,0.04564385383907965,2.7586111740061625,True
KIPAN,2,KIRC,0.43892372592907125,0.24570535648653805,1.7552695143608468,False
KIRC,1,KIRC,0.19219753378868842,0.07815578674527372,2.8173286029888307,True
BRCA,6,LIHC,0.09585162312444155,0.006332404951326295,2.973553845229575,False
LUAD,3,LUSC,0.22321973284661212,0.002165943484474603,2.2909000609844683,False
SARC,2,KIPAN,0.12954839694554018,0.007304906636744032,2.7842398646984488,False
BRCA,1,BRCA,0.306264182310691,0.08737545932915261,2.3332005643344003,True
UCEC,3,LIHC,0.9253753899935303,0.8623776358134118,0.3129608671261166,False
KIRC,2,OV,0.21036540575415397,0.0609429601974143,2.720180120309994,False
OV,1,OV,0.4637484159054612,0.3587900625925184,2.130520231512309,True
LGG,1,LGG,0.6429907100821333,0.397590086934421,1.1413749292933546,True
BRCA,6,UCEC,0.2133737147864923,0.08874532956435577,2.5494630805867917,False
PAAD,2,STES,0.1869597271917191,0.0552720020372236,2.7260233687369495,False
OV,1,OV,0.39617589208338383,0.28210035777208475,2.3050463114917363,True
LAML,3,THCA,0.1361364913737145,0.003528401365691297,2.5720490618719407,False
ACC,19,KIPAN,0.08435619046320961,0.013159424330040456,3.075768687105289,False
HNSC,3,LIHC,0.13956012826885314,0.041928651938366174,2.8229856352805105,False
PAAD,1,PAAD,0.4046890797342953,0.22690123665659478,2.0440007673086353,True
GBMLGG,2,LGG,0.5490452070399935,0.26757150906732113,1.3263098632196453,False
SKCM,1,SKCM,0.9916079062153672,0.9884659144156142,0.0633643741959398,True
THCA,1,THCA,0.8634761198147057,0.8259530082476852,0.6812007664151171,True
STES,1,STES,0.4264601162468188,0.32556210393018875,2.150174391052703,True
BRCA,1,BRCA,0.39334986900137203,0.19480235021570239,1.7422149096970083,True
COAD,3,HNSC,0.13793188259647385,0.02027565975060218,2.8140698024427824,False
SARC,3,BRCA,0.24952435667690198,0.04776446269390855,2.5369999120543807,False
GBMLGG,1,GBMLGG,0.3066057052070973,0.22944760220698418,2.6326566988125197,True
KIPAN,1,KIPAN,0.7233221211827039,0.648523615003806,1.252260138813265,True
COAD,3,OV,0.4311490749507421,0.29727489768821025,2.045317336504873,False
LAML,1,LAML,0.7398766077178653,0.6600326353129556,1.1891326062428844,True
COAD,1,COAD,0.8023949406851778,0.6756460581826884,0.785417132108315,True
BRCA,1,BRCA,0.20178975606114533,0.030607221919795896,2.4893660049438555,True
OV,9,STES,0.2840393115772833,0.1765484095911572,2.441200504184895,False
UCEC,7,KIRC,0.21138508083726865,0.0198991470713811,2.4336613130204046,False
BRCA,1,BRCA,0.17520869043389448,0.0054561794629906235,2.395544831319742,True
KIRC,1,KIRC,0.45187371930632303,0.266682177554308,1.7420892878883174,True
PRAD,7,LIHC,0.3336177360778092,0.240159860555829,2.47450744931444,False
SARC,1,SARC,0.2313729492626691,0.11435159137714054,2.6475156793461965,True
THCA,1,THCA,0.8578042008116153,0.8302543633326503,0.8007167531651358,True
SARC,10,LUAD,0.1124357599463554,0.012441873753194499,2.9922107628213657,False
TGCT,1,TGCT,0.5307951482120536,0.45547446603308933,2.004007904564257,True
LIHC,1,LIHC,0.1457534348747334,0.008631602316657772,2.7398782187702833,True
BRCA,5,PCPG,0.2688820232970367,0.10983314582773337,2.3077594712703893,False
SKCM,14,PRAD,0.15584155438209762,0.04218779374640695,2.828817412091243,False
BRCA,3,UCEC,0.36273138794080506,0.11429148071112383,2.006596559379116,False
SARC,1,SARC,0.15166644293037274,0.035243051660007574,2.9573123539923563,True
UCEC,2,OV,0.2036539140138139,0.09144107131004774,2.643921211414425,False
KIRC,1,KIRC,0.8276177565574214,0.6929761105063001,0.656481686962012,True
UCEC,1,UCEC,0.9624385833054924,0.9352565388460584,0.19256091578187812,True
SARC,2,OV,0.28603174211081306,0.15901365447260643,2.4679969575354095,False
PRAD,4,THCA,0.30992503141294553,0.1299336452541796,2.1851722991281544,False
KIPAN,1,KIPAN,0.2646087753836019,0.05922673749506288,2.354375467031544,True
LUAD,1,LUAD,0.4203449388104264,0.3012071925569717,2.132365401822887,True
PAAD,1,PAAD,0.6428391611320577,0.5367166083228142,1.494451793516952,True
KIPAN,1,KIPAN,0.2282340349185108,0.12348688301432934,2.718747268538928,True
THCA,1,THCA,0.7975296916634801,0.7691243847473692,1.0857682825383839,True
THYM,5,SARC,0.09920041749476298,0.01358200574266151,3.027570526900093,False
KIPAN,2,KIRC,0.13235452100934733,0.0028521119103920023,2.8477990632568675,False
SKCM,23,SARC,0.1390286186071279,0.011951745399594954,2.6436588099595966,False
GBMLGG,1,GBMLGG,0.3350892873643897,0.2252915666362607,2.511484599862739,True
LGG,1,LGG,0.5776633200629251,0.3543040495033228,1.512258732555116,True
LAML,1,LAML,0.5391533787694239,0.42570871158807766,1.6754578022953424,True
KIRC,1,KIRC,0.27449040517530915,0.08019025306103919,2.3842048431035034,True
LGG,1,LGG,0.5325119888063969,0.3688032933289034,1.5470719271654365,True
THYM,5,PRAD,0.2605164085743674,0.09585324057415293,2.34304778501297,False
KIPAN,1,KIPAN,0.2767232501167338,0.1649495224785803,2.567681135533778,True
STES,1,STES,0.8646957573878387,0.8260834089715346,0.6329815199911619,True
BRCA,1,BRCA,0.280853552799887,0.18379533402738524,2.6240655001495403,True
PRAD,1,PRAD,0.25018108926473387,0.13181926110546888,2.578404890253371,True
THCA,1,THCA,0.7429256288719993,0.7101271716456246,1.3111299748635765,True
BRCA,10,STES,0.20940675296056543,0.0862334687358865,2.7179477641977106,False
CESC,1,CESC,0.5484693718204062,0.25825786754906954,1.1812129225618093,True
THCA,1,THCA,0.8749782758147985,0.8486812345128398,0.6609825209045894,True
KIPAN,1,KIPAN,0.44648728992799397,0.3198703699237603,2.1469864440310165,True
LUSC,1,LUSC,0.4691256068597954,0.22537200487977654,1.689439804573885,True
THYM,4,PCPG,0.33899378913009653,0.18777149991281175,1.9626033689023783,False
LIHC,1,LIHC,0.3828220882138242,0.23132895063223147,2.2009861783266698,True
OV,2,BRCA,0.17258550110157125,0.005043193663877288,2.677364283339031,False
GBMLGG,14,LIHC,0.2239614985591667,0.15508441367045095,2.8435268905403457,False
KIPAN,3,LIHC,0.1894721180898324,0.06897220343527675,2.7501739470145337,False
BRCA,3,LAML,0.5390408701691557,0.4187692455496222,1.6432956107405103,False
LAML,3,THYM,0.24519782215839897,0.07756244806460055,2.080137976955138,False
GBMLGG,1,GBMLGG,0.49332055676334563,0.09747055217741141,1.2603171668871251,True
SARC,2,KIPAN,0.1440634335117274,0.04786481889941856,2.9510127023991304,False
GBMLGG,2,LGG,0.5125640922286117,0.09772694666774823,1.0836889763659288,False
BLCA,17,OV,0.22683158594243014,0.049752619744086235,2.4875453698564596,False
THCA,1,THCA,0.9254718745968146,0.9024688245989747,0.41108974336228427,True
BRCA,2,PAAD,0.18856293260472332,0.036151216004333686,2.502281112510677,False
UCEC,1,UCEC,0.8555913048944479,0.7780491407608938,0.6727554284075442,True
STES,1,STES,0.8656365762531162,0.7691822923813232,0.536259849452037,True
LGG,1,LGG,0.42607179261775185,0.050672978136219515,1.6337302047827444,True
SARC,3,PCPG,0.2570682775275852,0.09671768588327259,2.3740925313063515,False
OV,1,OV,0.2873142389737065,0.18733611141054812,2.5629967793228268,True
THCA,15,BRCA,0.28774492022750225,0.18018652423862305,2.5607112463835824,False
KIPAN,1,KIPAN,0.44335389986734297,0.1858465832073899,1.8504296582905115,True
LGG,1,LGG,0.578237699735553,0.2918967245631163,1.2684445789809513,True
BRCA,6,OV,0.3521922244301637,0.1984261151873329,2.3526845618248884,False
STES,1,STES,0.4078330725286322,0.25058846016841807,1.9694467452426971,True
THCA,5,PRAD,0.17540288036073512,0.004066556707094993,2.372906592331401,False
GBMLGG,1,GBMLGG,0.23427638518228935,0.019344568340673135,2.3939551192022224,True
KIPAN,1,KIPAN,0.7982454496672318,0.6283592013722452,0.6819249219303775,True
BRCA,2,OV,0.32022994991560544,0.17762401830292224,2.4344413075128326,False
LUSC,8,LUAD,0.16049726170397952,0.04129561746634919,2.5841966419144637,False
PAAD,2,HNSC,0.16297307864448551,0.010076494103159889,2.706548128710939,False
SARC,1,SARC,0.15657224891181037,0.06733376273733248,2.9210262715105517,True
THYM,3,PRAD,0.16784769883035208,0.03667990665830942,2.6196707806068753,False
UCEC,16,OV,0.2552535364824275,0.0763864466613289,2.5942623789105075,False
BRCA,6,THYM,0.187298077088085,0.03202307016066219,2.569495110955094,False
GBMLGG,2,SARC,0.11976745032602491,0.014755509859033553,2.970373970154329,False
BRCA,1,BRCA,0.4251358252490318,0.32078386410903753,2.150904253276538,True
BRCA,3,PRAD,0.17896672781657125,0.0463797254619929,2.611240373938938,False
HNSC,3,CESC,0.44912601824872334,0.1642552771027483,1.446337874636703,False
STES,1,STES,0.3501383329954591,0.16403455871838774,2.208390650561277,True
GBMLGG,1,GBMLGG,0.23483262318975506,0.10472353183125865,2.7531679715273984,True
OV,8,PRAD,0.2279008248817687,0.08805255858130426,2.4734184158742933,False
GBMLGG,2,LGG,0.6706702127058889,0.373118162928867,0.7976181661351569,False
THCA,1,THCA,0.8340717297933823,0.8054323507841767,0.8837198697929346,True
HNSC,6,PAAD,0.19169558065836056,0.03886869444547089,2.6661018805043457,False
SARC,2,OV,0.35901176402105217,0.18592105479512303,2.236277264434062,False
UCEC,1,UCEC,0.6077600162470027,0.4127927939584549,1.3314021947177284,True
PCPG,1,PCPG,0.36384389300012676,0.24669805505122902,2.287991153967657,True
PCPG,2,THYM,0.2334567168756708,0.06736989346284422,2.409901298162448,False
KIPAN,1,KIPAN,0.5885945500989977,0.4992416973765587,1.745572517975495,True
LGG,1,LGG,0.6181096201451126,0.34593783504284703,1.1731398883129969,True
CESC,1,CESC,0.26109248290311904,0.14530903040069099,2.7183711726033195,True
OV,2,BRCA,0.7416957145419809,0.7076300613307499,1.2684935035431197,False
PCPG,3,THYM,0.2983467242018999,0.051614194436380045,1.8884400201337241,False
BLCA,5,STES,0.35566287000403696,0.18015589685842476,1.9729344046598285,False
GBMLGG,1,GBMLGG,0.5509583410304687,0.21729440348534373,1.2369664132989084,True
THCA,5,PRAD,0.18545100701079514,0.059200358555728305,2.6523812158043167,False
LGG,1,LGG,0.6003193888569031,0.33264455383669084,1.3020311716057897,True
LUAD,2,LUSC,0.8688791219158867,0.758505470426405,0.46857656734714404,False
STES,10,TGCT,0.10682706737697574,0.00260751681205848,2.997199414519684,False
BRCA,2,PRAD,0.13529051085708996,0.03994310864403748,2.875208755318089,False
CESC,2,PAAD,0.08561421475228329,0.004513882646035652,3.0598900831232863,False
BRCA,1,BRCA,0.2217045665972753,0.09216596562767562,2.779385055960759,True
COAD,1,COAD,0.8358693740897193,0.7720140553628085,0.7541426337691511,True
LGG,1,LGG,0.5983879421601425,0.23063587585099055,0.8720062405525417,True
PRAD,1,PRAD,0.16401514638028813,0.025036422470399,2.7157649072743957,True
KIRC,1,KIRC,0.8552932821766099,0.7175570795615828,0.4581852090676525,True
THCA,1,THCA,0.7095746451252565,0.6749523556249247,1.44296173539131,True
HNSC,1,HNSC,0.28590969051714993,0.08818985768706314,2.1735112378678836,True
OV,7,KIPAN,0.1811982292348049,0.08042673980087235,2.815553689295066,False
BRCA,7,THYM,0.5117298131007656,0.33372309770457026,1.532678251040923,False
HNSC,1,HNSC,0.12249324718884018,0.023990639040056994,2.905230070341055,True
ACC,1,ACC,0.8519036660540633,0.8170227501380602,0.8023974709167901,True
SKCM,1,SKCM,0.8922761234758737,0.856434437013195,0.5789911327491286,True
STES,1,STES,0.7440610219939989,0.6781214418396833,1.093755446351525,True
BRCA,3,BLCA,0.22656319905463082,0.031228003653022307,2.4030336311849108,False
LGG,1,LGG,0.7099054821843682,0.4540683563260935,0.7727313696863282,True
GBMLGG,2,OV,0.22390931624214994,0.003414734937143532,2.3596566828330015,False
GBMLGG,1,GBMLGG,0.22446502121950607,0.10570022828662838,2.68566522137512,True
KIPAN,1,KIPAN,0.4621410133720162,0.3597329009055723,2.023161782146518,True
TGCT,2,ACC,0.15078112497067184,0.05338845406974521,2.8658816686893522,False
PRAD,5,THYM,0.5117298131007656,0.33372309770457026,1.532678251040923,False
LIHC,1,LIHC,0.49162698633548807,0.35021018724106867,1.974062368746107,True
LIHC,1,LIHC,0.15028665959835052,0.026196680963039398,2.869641565284495,True
BLCA,1,BLCA,0.32322212744865186,0.03613898123542697,1.702672167689559,True
COAD,2,STES,0.22885045231215312,0.04805677778907702,2.4519452214401403,False
THCA,1,THCA,0.19155666493487983,0.0712946160599434,2.832533176815878,True
BRCA,2,OV,0.21820216583522603,0.08414277130688319,2.693491135752556,False
BLCA,2,LUSC,0.2542198535301082,0.08097125388920207,1.965643422636041,False
SARC,2,PRAD,0.14133925344965204,0.024380976367566295,2.9255006517171074,False
PCPG,9,PRAD,0.13958668330988103,0.0083333251604929,2.747760252666908,False
STES,3,HNSC,0.39918763179845645,0.14430457619072778,1.887497270934956,False
BRCA,1,BRCA,0.24113333680010407,0.03949824050053896,2.430851653968412,True
LUSC,1,LUSC,0.3357184669504794,0.16012424899274735,2.1011671124834157,True
STES,1,STES,0.6286032364012473,0.5520594709298342,1.5456981307399285,True
BRCA,1,BRCA,0.2122179497928414,0.010109394455829757,2.3951764573899417,True
COAD,3,STES,0.7829693149884873,0.6699084641623317,0.706305380927197,False
BLCA,5,LUSC,0.4197138559751051,0.11807101159918199,1.5002349683426388,False
SKCM,1,SKCM,0.9945408704208425,0.9920019833348592,0.04269975282151259,True
KIPAN,1,KIPAN,0.46347603293568623,0.3268256255048475,1.9890477181643256,True
SKCM,20,TGCT,0.1559663703536788,0.03198308478306043,2.938144698714518,False
THCA,1,THCA,0.40136838439711303,0.29732092108266744,2.269935382236906,True
STES,1,STES,0.3267507936569584,0.18317884505163498,2.207140770079888,True
LAML,2,THYM,0.49067237795949636,0.3130447961110153,1.6107348949245783,False
UCEC,4,BRCA,0.26784629371802066,0.009407818578074323,2.243374728672125,False
BRCA,5,KIRC,0.1945678515651785,0.03699614246291549,2.722001334982315,False
KIPAN,1,KIPAN,0.526208104173303,0.41701911506341527,1.9374955619888101,True
GBMLGG,2,LGG,0.7302552250407399,0.4928359902269004,0.7446090889177551,False
LUSC,1,LUSC,0.7318720371535782,0.6371384917823941,0.8880053160927385,True
BLCA,20,SARC,0.09632165866174494,0.006743341258071092,3.04467378797987,False
BRCA,1,BRCA,0.7386443410089688,0.66592561096689,1.210554062745398,True
THCA,5,LAML,0.32921810574094673,0.10881725487805388,1.9516099399779436,False
CESC,3,BLCA,0.8793620491186173,0.7895166211320644,0.4784581396229634,False
GBMLGG,2,LGG,0.5619257150287955,0.2890909045874617,1.3314530347923461,False
LUSC,3,STES,0.23850283679435574,0.014165847996217673,2.1109732627775997,False
SARC,7,CESC,0.23260257879024535,0.11872003079704707,2.7804745436957203,False
PCPG,1,PCPG,0.21748598182622467,0.07745289896099575,2.483743972703571,True
KIPAN,2,KIRC,0.18127690640994576,0.05761415905307371,2.666015731635814,False
PRAD,6,KIPAN,0.19298829052905145,0.06738771468392421,2.806712080417316,False
CESC,1,CESC,0.7943027534921102,0.6792707436978956,0.7979983080034077,True
GBMLGG,1,GBMLGG,0.6108206163378451,0.5289568297023525,1.7218201786190412,True
GBMLGG,2,OV,0.20194404760134183,0.058452306565223655,2.5196328887501442,False
KIRC,1,KIRC,0.3607530098198877,0.19850358919267982,2.356475583824079,True
HNSC,1,HNSC,0.8159903801937523,0.7681705653304582,0.9180251239219851,True
UCEC,1,UCEC,0.8638432162878537,0.8215294677032854,0.6992204852494674,True
THYM,1,THYM,0.2424899957665697,0.06375437640847653,2.212905208959897,True
GBMLGG,1,GBMLGG,0.298245215482646,0.15044833422421888,2.334500866972922,True
GBMLGG,2,LGG,0.6474409788520344,0.34333950753538384,0.915206454778737,False
STES,4,TGCT,0.3712966420860096,0.07785121186747684,1.674413404839051,False
BRCA,2,HNSC,0.31843890962103755,0.008967786808333655,1.850123554628097,False
UCEC,1,UCEC,0.7583722176552009,0.568471349966619,0.7096834263450349,True
ACC,1,ACC,0.859656298195792,0.8147165101424565,0.7044525146864514,True
BRCA,2,LUAD,0.3888887964012563,0.1933454226046224,1.960154138159957,False
UCEC,1,UCEC,0.40679855609769816,0.056155739109526814,1.4887902265540347,True
PRAD,1,PRAD,0.1646250549143559,0.04571639506933538,2.6972057147811137,True
TGCT,5,KIPAN,0.20418857461139167,0.008225351742481873,2.569034753993606,False
LUAD,1,LUAD,0.25400291214090115,0.06814146396239168,2.316722200627085,True
KIPAN,5,PAAD,0.1410785161298511,0.013178230657474033,2.803908478307637,False
CESC,1,CESC,0.12351976317598021,0.02828290480085996,3.0259022613728517,True
LGG,1,LGG,0.6339436558323064,0.3152127756981347,0.9139598408978518,True
BLCA,1,BLCA,0.5897133418434007,0.5145286977070729,1.6836233444541877,True
PCPG,1,PCPG,0.34270460464789804,0.2238816911113478,2.435437440779807,True
THCA,1,THCA,0.9243156506852912,0.904347421853787,0.41880271678119746,True
STES,1,STES,0.3358850185334322,0.16578604320968648,2.2139410018124632,True
PAAD,4,STES,0.23429098687133823,0.14813740527328062,2.721912980398301,False
KIRC,1,KIRC,0.298974126298936,0.1912706641561625,2.565664222079125,True
KIRC,3,LIHC,0.15351574337364748,0.018717155121972168,2.6616151653855677,False
COAD,2,STES,0.47057703775695,0.05723980146801322,1.0930467093691,False
SKCM,1,SKCM,0.7763152700484023,0.6862870151565569,0.8299203113607245,True
BRCA,4,CESC,0.1732214931834923,0.06501087152457846,2.904344732702851,False
UCEC,1,UCEC,0.6176367005344852,0.4919450441803763,1.4119536555109191,True
LIHC,1,LIHC,0.17858742505973357,0.04102626518371397,2.730528721824153,True
PCPG,1,PCPG,0.26664237804679847,0.15627106970152033,2.5598252240713775,True
BRCA,5,LIHC,0.228766085826258,0.07889953328388008,2.5404973241063775,False
TGCT,1,TGCT,0.5245349035864748,0.4428716640659576,2.0706068918783673,True
LUAD,2,LUSC,0.562186512761394,0.2132892138527473,1.0648756599779148,False
BRCA,1,BRCA,0.48287138252915557,0.398851013930792,2.058838158101674,True
LGG,6,PRAD,0.1670470973261041,0.04758337857998145,2.788778755020151,False
SARC,1,SARC,0.2045845580690212,0.02274693430044844,2.5935715472173144,True
CESC,10,BRCA,0.22531516863354017,0.021948857657005216,2.4645165427416567,False
HNSC,21,THCA,0.11715061326651474,0.0024906918638450265,2.7891548179992687,False
BRCA,1,BRCA,0.2683072963915795,0.09703954980853355,2.5047834456194895,True
LUAD,1,LUAD,0.4801025719595657,0.2725085017483431,1.705231667790243,True
KIPAN,1,KIPAN,0.5443359300592145,0.16700831924591686,1.1044699664134197,True
TGCT,1,TGCT,0.31427736211883606,0.22165361971128283,2.593850893855706,True
SKCM,1,SKCM,0.9746611843602871,0.9579590137451346,0.14848873146765518,True
PRAD,1,PRAD,0.2542936981666912,0.14742735087671005,2.6036239651604576,True
PCPG,9,SARC,0.09796509130723877,0.0017304718466211871,2.893610013053663,False
PCPG,1,PCPG,0.19626377139525555,0.043507172807463496,2.3351383525630887,True
LUAD,3,LUSC,0.4388707469323014,0.16272281091779778,1.3784021061988632,False
LUSC,1,LUSC,0.19543947200034056,0.03581030652276199,2.4684985878982286,True
LAML,1,LAML,0.5067328868061041,0.41724642838551845,1.993369852494017,True
PAAD,3,STES,0.3830271305674528,0.23582867578680522,2.0573296147958615,False
SARC,9,PAAD,0.20420692599579204,0.047061234109949335,2.7508308514429176,False
STES,1,STES,0.3568533264311751,0.2586852838074898,2.230238435475802,True
COAD,1,COAD,0.8209543631632955,0.7452936652434986,0.8225063835399955,True
OV,1,OV,0.39511080621910605,0.3038577736529419,2.366096425590482,True
OV,2,LAML,0.3525759165365639,0.21157070308121767,2.181607411140747,False
STES,1,STES,0.3506039281507141,0.1491180168977978,2.0547690223494115,True
GBMLGG,1,GBMLGG,0.13560502185210513,0.04221626638010759,2.929853637202535,True
KIPAN,1,KIPAN,0.7213799914120819,0.5006615160838291,0.8941650195350372,True
THCA,5,PCPG,0.20513649564247693,0.029878154803968965,2.640773457403805,False
PRAD,11,GBMLGG,0.39133111116225316,0.17188379376613475,2.2160934887667922,False
CESC,1,CESC,0.8196791278098509,0.6757838512293377,0.6471243627089904,True
LIHC,1,LIHC,0.7062422830936099,0.6336546047146764,1.246343104620478,True
LUAD,6,BLCA,0.3572262559381706,0.2392118148803225,2.0914027178628523,False
SKCM,1,SKCM,0.8286640644038965,0.7801770383973831,0.8246777355642646,True
LUAD,3,LUSC,0.21290687553903215,0.03963652129761719,2.2897264499351695,False
PCPG,3,PRAD,0.19672699535199564,0.10631501756319202,2.871828501606792,False
STES,24,THYM,0.2740159245187683,0.1341708557645441,2.2657839205297696,False
THYM,1,THYM,0.3349181142481376,0.17831948542522205,2.0783609197926003,True
BRCA,5,PRAD,0.19456537275420815,0.07655125779276338,2.634138274699241,False
BRCA,3,CESC,0.3658861294488943,0.04833418623124208,1.6621614079153681,False
PRAD,1,PRAD,0.1877698768171558,0.015997873186874983,2.310999878346395,True
KIRC,13,SARC,0.3044518124244871,0.20301059657728393,2.4801139372106578,False
KIPAN,1,KIPAN,0.22728676687602534,0.11491551036414549,2.541887341973012,True
KIRC,7,BRCA,0.1586065697617903,0.0516918585990459,2.922217182537741,False
COAD,1,COAD,0.7183294223033763,0.5418156178627965,1.0496985636171592,True
STES,1,STES,0.3345377241621861,0.21573018146497855,2.4003244963562924,True
KIRC,6,DLBC,0.14713980546782662,0.0039636493508426185,2.6652971726451855,False
LAML,2,THYM,0.28034356199742005,0.13529574853343926,2.2013641871666714,False
BRCA,2,OV,0.11736660117313141,0.009353443714529244,2.841209648172722,False
LUSC,1,LUSC,0.40262029026384266,0.18646778155643293,1.5959926611030906,True
LUAD,11,STES,0.10256464594305492,0.011397793683379662,2.931268152277093,False
LGG,1,LGG,0.5152408184507407,0.15525052855085397,1.3032178974732815,True
KIPAN,1,KIPAN,0.4170988647730619,0.32559060712572474,2.2913072844226035,True
LIHC,4,LUSC,0.33210912854305885,0.1027438564095067,1.7597138842158966,False
PRAD,1,PRAD,0.22868605728949865,0.06517433490527896,2.4273679007226328,True
COAD,1,COAD,0.3579807317659527,0.09620979525488299,1.6309680530784414,True
KIPAN,4,BRCA,0.1761466050503519,0.038611842752601266,2.6734146112430035,False
OV,1,OV,0.2898903841427662,0.17116888188021184,2.4350787484385927,True
OV,1,OV,0.4134665637679805,0.3072418356736983,2.3193218508147817,True
KIPAN,14,THYM,0.5117298131007656,0.33372309770457026,1.532678251040923,False
BRCA,3,KIRC,0.18019789172023148,0.011495396312864753,2.6411885983197996,False
THCA,1,THCA,0.861658477142811,0.8414246857394556,0.7746414669668096,True
PRAD,2,BRCA,0.16761437066253945,0.07555887851657295,2.9096524237404373,False
BRCA,3,OV,0.32843150807415344,0.17657929297327435,2.393240568713013,False
LGG,4,GBMLGG,0.17072817184347996,0.036081283230287725,2.8207303639394357,False
LUSC,3,STES,0.3172873402136812,0.01831090533128471,2.0125059155878655,False
THCA,1,THCA,0.7557067979963864,0.7106902552707958,1.213007518086587,True
PCPG,4,GBMLGG,0.15925923516387386,0.008537709995255549,2.7807969876205476,False
CESC,3,HNSC,0.2462228488055995,0.15775833712887039,2.6516472412864753,False
SKCM,12,PRAD,0.15035680637977303,0.013952835662552093,2.9064768714329103,False
KIRC,1,KIRC,0.7888525423641252,0.6146589598655775,0.7166334422682724,True
LAML,1,LAML,0.9587299569769115,0.9450527906453928,0.26101598168249396,True
LIHC,10,SARC,0.16709466220195873,0.06375449128534708,2.846867618052897,False
HNSC,2,LUSC,0.195137627898071,0.024009582688888975,2.611951832988004,False
THCA,1,THCA,0.7121578341334639,0.6619255804873476,1.3766852471682747,True
KIPAN,5,BLCA,0.1832472554320383,0.046151772678733965,2.5827895748831917,False
LUAD,10,HNSC,0.31336849410244033,0.1232823113103435,1.9391822137930386,False
KIPAN,2,KIRC,0.4960753002863417,0.11231150501454823,1.2238862811000464,False
GBMLGG,2,PAAD,0.2661959687494456,0.15311355831787207,2.650827197194221,False
BRCA,2,OV,0.27184009550419636,0.04152777790781531,2.334933785064935,False
THCA,2,PCPG,0.28778699400986957,0.021386295824975254,1.8667072527592279,False
BRCA,1,BRCA,0.22288363349248436,0.10449695108565674,2.7085630164170795,True
PRAD,3,BRCA,0.100849793777243,0.002369649566477172,2.9447497023134153,False
BRCA,4,KIPAN,0.17387065265091153,0.04195828729478435,2.635523067907709,False
GBMLGG,1,GBMLGG,0.55862719939347,0.18671606352900744,1.0838784152319065,True
UCEC,1,UCEC,0.41379516253419196,0.26735284237445567,2.1192438189458707,True
BRCA,8,PRAD,0.1436788911373351,0.0035419464717463267,2.812942302274993,False
KIRC,1,KIRC,0.35690929444905156,0.1368884106294081,2.276436372953574,True
STES,1,STES,0.667540634019018,0.5436176929114365,1.2304847662332299,True
BRCA,8,GBMLGG,0.2994584321391997,0.05105599556768817,2.107894567065923,False
GBMLGG,1,GBMLGG,0.5380249285642887,0.47434270418893293,1.9985057751174238,True
KIRC,1,KIRC,0.5611231399104804,0.19382240695784175,1.0651301434873415,True
BRCA,1,BRCA,0.5993395853304377,0.4755002730990984,1.5154513321467975,True
PRAD,3,SARC,0.17300366936428901,0.04176784950684376,2.8270820016556,False
KIPAN,1,KIPAN,0.24998537026094164,0.10350766910540912,2.658118888934222,True
HNSC,2,STES,0.2058087173355785,0.068159690567826,2.4904622048135288,False
BLCA,2,CESC,0.44031604269086183,0.02990418412064494,1.2129515476439094,False
PRAD,2,GBMLGG,0.16183003626946194,0.031023475104549475,2.7772835952609145,False
COAD,1,COAD,0.8444443970478795,0.7979244402867179,0.8005237020135947,True
HNSC,2,CESC,0.3863799047274602,0.15714715989317057,1.8167924402195554,False
KIPAN,2,KIRC,0.34749166132550086,0.011115640707393237,1.8869348246487139,False
THYM,2,PRAD,0.1247859177935503,0.017475748004266822,2.8244440724177933,False
BRCA,10,HNSC,0.2514368507525973,0.0422146007852951,2.319613328058212,False
PCPG,3,PRAD,0.18727953653525756,0.06527109416786589,2.644774379897422,False
LGG,5,LUAD,0.18931882294996258,0.012838497901393076,2.748363967045244,False
KIPAN,1,KIPAN,0.7246651652086699,0.47553085366889897,0.7458386676172533,True
BRCA,4,PRAD,0.20594989915341008,0.10063376078596388,2.7891178020754537,False
KIPAN,14,LUSC,0.18685143534740345,0.026754467746888416,2.419338241830433,False
HNSC,1,HNSC,0.31276089171386906,0.025231150544843706,2.0166376921178237,True
KIRC,1,KIRC,0.39019629898381225,0.1883343037163056,1.8100443563372253,True
BRCA,9,STES,0.6921676982438228,0.5968057950846116,1.1873451859268285,False
GBMLGG,1,GBMLGG,0.46686142158553384,0.3566966240269569,2.0412886118186226,True
OV,1,OV,0.23761308355556335,0.07491303561741289,2.47720506193932,True
BRCA,6,OV,0.315900631595049,0.1638622020777495,2.273481835449159,False
UCEC,2,STES,0.377025727881984,0.07454100338676639,1.7131772842711044,False
PCPG,3,KIRC,0.1149111856819916,0.012441762811388007,2.908733791545002,False
BRCA,1,BRCA,0.7944660441263168,0.7590164652265443,1.053768638428142,True
KIPAN,2,LIHC,0.230115569080157,0.03083259152709722,2.4303938558525306,False
PRAD,1,PRAD,0.21457161461532745,0.04070921045324333,2.384472081856231,True
LUSC,2,LIHC,0.36795887283234635,0.20409081838671408,2.202175792254419,False
TGCT,1,TGCT,0.23116039593975143,0.05670315995864844,2.5991014422090246,True
GBMLGG,3,SARC,0.19686845637092762,0.11142962817705095,2.9157241500889084,False
BLCA,1,BLCA,0.39705323947374305,0.2626479104139188,1.979361534405947,True
SKCM,1,SKCM,0.6957545373658713,0.5514170303301915,1.0592847022897665,True
SKCM,1,SKCM,0.9737212485871092,0.9659715184598678,0.17708723972135754,True
PAAD,7,HNSC,0.24142443413208764,0.12494522012490279,2.6241820155101188,False
SARC,1,SARC,0.19361926096812473,0.04441994309697919,2.718824852224521,True
KIPAN,1,KIPAN,0.5391388669186945,0.18185440156783295,1.232477967317225,True
ACC,1,ACC,0.6757686340531196,0.5589966866888453,1.3528619757315488,True
GBMLGG,2,LGG,0.6798738176572794,0.39177205786253594,0.797779972161817,False
CESC,3,SARC,0.13269989047271785,0.02996445414416274,2.9980321085010613,False
KIRC,1,KIRC,0.8017963736420676,0.6339295059445778,0.6675748930279557,True
OV,1,OV,0.3629608397389635,0.24015804761781517,2.4779799638673032,True
GBMLGG,3,PAAD,0.24370457547557375,0.08431778441793719,2.4556121403703925,False
SARC,13,SKCM,0.8933493858335431,0.8322840563227474,0.4843490168753309,False
SARC,4,KIPAN,0.3332531046813704,0.2502691814451598,2.532153604063636,False
PCPG,3,PRAD,0.14348735794001574,0.008868857840308692,2.8006197763253424,False
SARC,3,OV,0.3019033674467225,0.011286497131198947,2.223000587832702,False
LUAD,4,CESC,0.3236326557948368,0.19489808276233825,2.379110239232635,False
KIPAN,1,KIPAN,0.6420632653106503,0.39662169243250023,1.1746491711631313,True
OV,1,OV,0.3071929457680694,0.18843372563245944,2.3482169688125447,True
PAAD,3,OV,0.1827025771728751,0.03561757622284048,2.4990968896962475,False
PAAD,11,KIPAN,0.15897465764830568,0.013474553418760804,2.7734004806743915,False
LUAD,2,LUSC,0.6753228585258346,0.3871191558000191,0.7977261781301775,False
CESC,2,SARC,0.20341997331679734,0.07459306894067977,2.8922493132569076,False
GBMLGG,1,GBMLGG,0.19212646680022075,0.04924666473366959,2.731326408538965,True
UCEC,11,HNSC,0.38185382127170214,0.15387638009064675,2.10602642862803,False
LAML,1,LAML,0.24344993096835535,0.0736541120810803,2.1857796162618714,True
THYM,1,THYM,0.5117298131007656,0.33372309770457026,1.532678251040923,True
KIPAN,1,KIPAN,0.31889585358468125,0.20175575906528193,2.5296124800826627,True
KIPAN,1,KIPAN,0.34992227566264333,0.11270559029901742,2.1512083239890156,True
BRCA,1,BRCA,0.6733446011172669,0.5748852608293367,1.483790045736837,True
BRCA,4,PAAD,0.20727717061964884,0.09167039693190146,2.6788973211488414,False
COAD,1,COAD,0.8429638754476912,0.7908523688765529,0.7502652035243285,True
LUSC,1,LUSC,0.23808733447854666,0.08420844665768457,2.2353002567906635,True
PRAD,8,KIPAN,0.09794346634735417,0.011980726882579576,3.009301491455927,False
BLCA,2,LUSC,0.30789659962393806,0.02802744647532901,1.657404417940002,False
TGCT,4,KIPAN,0.17539177059092642,0.06931823930459435,2.8227140019835866,False
LAML,1,LAML,0.7872699917964912,0.7167806187136032,0.9789820711477077,True
STES,2,COAD,0.2662673514899084,0.06498318721047255,2.0866299287717984,False
PCPG,1,PCPG,0.22570573255199186,0.1345991491091805,2.7421200939740773,True
BRCA,6,THCA,0.22740823295181783,0.012339993646382996,2.166788088085222,False
KIPAN,2,LIHC,0.14298317713921316,0.009272470673049177,2.8618849555331685,False
UCEC,1,UCEC,0.4159201724223065,0.3250460285465292,2.275985423018017,True
CESC,9,THYM,0.5117298131007656,0.33372309770457026,1.532678251040923,False
PAAD,1,PAAD,0.3153833679858493,0.19372795855398656,2.299716640239583,True
BRCA,1,BRCA,0.3747161343642935,0.04411024223512938,1.873679469274935,True
BRCA,1,BRCA,0.22106917421249395,0.04183904304014366,2.633126308338778,True
LGG,1,LGG,0.5726870327959813,0.17906922194447816,0.8642089879622556,True
KIRC,1,KIRC,0.5854516576673144,0.36741512708014556,1.5038684080473685,True
PRAD,4,KIPAN,0.19406985766516774,0.07488346493452373,2.7107946389026387,False
LUSC,1,LUSC,0.4939162499226757,0.34234124304549274,1.6858051496939161,True
GBMLGG,13,LIHC,0.10850696134103564,0.036351968391301795,2.999452762592778,False
BLCA,1,BLCA,0.5781338994803503,0.40017658254757194,1.346286693787353,True
DLBC,1,DLBC,0.20278771822632705,0.04735928566233594,2.5309323490817937,True
LUAD,1,LUAD,0.1158625372706521,0.01164989956885508,2.849998391251654,True
LUAD,1,LUAD,0.5251795000846443,0.30140733416789456,1.4922140365690546,True
HNSC,2,CESC,0.19997168907032217,0.03247532704818526,2.623729151223156,False
THYM,1,THYM,0.5117298131007656,0.33372309770457026,1.532678251040923,True
BRCA,5,OV,0.3706369084115155,0.2458682767616094,2.263811848850578,False
GBMLGG,5,CESC,0.1616302896857133,0.011566773194331997,2.793169222658005,False
LGG,1,LGG,0.4989469957084074,0.0936530234616848,1.1802915998713788,True
BRCA,4,HNSC,0.16845642280768464,0.0025413632770836247,2.6433880360339974,False
LIHC,1,LIHC,0.2301502990901984,0.06200806443737339,2.543857784051109,True
HNSC,3,CESC,0.554916877357978,0.298116962218907,1.282627623742839,False
SKCM,1,SKCM,0.975401111399581,0.9641911863571194,0.1546377436301453,True
CESC,1,CESC,0.3471297061950495,0.02825489427179778,1.5065672301698867,True
COAD,1,COAD,0.7626056780125317,0.6854013735395473,1.0496476268395425,True
KIPAN,1,KIPAN,0.6513074194226586,0.33357465982467166,0.8310588465978175,True
STES,7,LIHC,0.1226650491841917,0.00897216753632793,2.9007840856263094,False
PRAD,1,PRAD,0.2311127298132561,0.10998934368601249,2.610415263446147,True
BRCA,5,OV,0.2431420384830236,0.01086623899649053,2.378729318081646,False
THCA,6,PRAD,0.19986933319884537,0.06618337776996491,2.640345865237855,False
HNSC,1,HNSC,0.3911886082780053,0.2116976755716579,2.027956644437878,True
CESC,6,KIPAN,0.14967628157905374,0.05972217156862107,2.8356108681097543,False
STES,12,KIRC,0.08591143228875447,0.003403045311147518,3.0276617464710656,False
BRCA,1,BRCA,0.8273734631179096,0.80365793487136,0.9424773779067851,True
ACC,1,ACC,0.9980665537484451,0.9974853902028138,0.018389249204234258,True
KIRC,1,KIRC,0.27575654173444825,0.1329593080820234,2.5951729807270647,True
LGG,1,LGG,0.49069337776148536,0.1261069222770379,1.389802098989388,True
LIHC,15,CESC,0.17135081112073544,0.06337456008238795,2.867188598895285,False
SARC,1,SARC,0.5189756510415379,0.38027545433689797,1.8829808870119997,True
KIPAN,1,KIPAN,0.7656378498245819,0.5529458790879052,0.6787146833615809,True
THCA,1,THCA,0.8942173757928781,0.8696818815347502,0.6017572736507768,True
BRCA,6,CESC,0.1362017261661055,0.008849680537835497,2.7796103306857183,False
HNSC,1,HNSC,0.7844022750258398,0.6936210380686795,0.8603248316874283,True
GBMLGG,2,LGG,0.44022164306069067,0.12310710705210198,1.553407082040671,False
HNSC,7,PAAD,0.1523179198154201,0.014704375834309363,2.7302741941302804,False
UCEC,1,UCEC,0.1840252999680318,0.05491224299527844,2.8238771374923046,True
SKCM,1,SKCM,0.9326814570048106,0.9021824078739827,0.35865890390278504,True
COAD,1,COAD,0.8343291918806299,0.7894066306952596,0.8331242642247365,True
LUAD,1,LUAD,0.8454562805094806,0.7248593979174377,0.55468401965737,True
LUAD,10,OV,0.22674126287596777,0.02235713538452047,2.4882851286210057,False
LGG,1,LGG,0.6099368728055139,0.2758410751298229,0.9452671470346483,True
BRCA,1,BRCA,0.528486594200987,0.4595395938998764,2.0331614622811864,True
LUSC,1,LUSC,0.9320238326104979,0.87506038464007,0.2922241653138901,True
HNSC,3,BRCA,0.38006822872309465,0.2846581161772295,2.3699348965090135,False
LIHC,8,BRCA,0.18726623500676604,0.0212081973794101,2.1907943134436376,False
GBMLGG,2,PCPG,0.17150498035497663,0.017765194798069844,2.810509089676891,False
BRCA,7,PCPG,0.15279954152888778,0.011983885954099383,2.361485736399529,False
OV,1,OV,0.2944178844467894,0.06386188243584773,2.3280552766956424,True
COAD,1,COAD,0.7546954895063086,0.7048199569949312,1.140510061399565,True
SARC,6,PCPG,0.30702619359681266,0.14729043176921058,2.257607234844174,False
GBMLGG,2,LGG,0.6374949275564619,0.32639760079633096,0.9258978220884541,False
LAML,4,OV,0.22642831593441662,0.06271537750339798,2.5484826339756355,False
ACC,1,ACC,0.9973857339972069,0.9967651327309337,0.024262034223610812,True
CESC,1,CESC,0.4411110506553686,0.28068831095848257,1.7039810208817563,True
LGG,1,LGG,0.6753489377176977,0.3887446866996494,0.8413996054719414,True
KIPAN,1,KIPAN,0.20406593241007964,0.08138818237434645,2.646912419229149,True
PRAD,2,THCA,0.3224512618361624,0.18541651858959168,2.415812050600138,False
LUSC,1,LUSC,0.8540919232134413,0.7717437216092491,0.6323244760298137,True
BRCA,1,BRCA,0.594310533858701,0.5181719839821588,1.736526575493444,True
GBMLGG,12,HNSC,0.3477873011156763,0.250199094376954,2.3369223241893775,False
PCPG,2,PRAD,0.17349239086549148,0.06316093498431169,2.854742295660305,False
BRCA,4,CESC,0.29860911002710944,0.12978586654247104,2.547526165401551,False
STES,1,STES,0.8360322053724112,0.7753790563546357,0.7760732609943014,True
CESC,1,CESC,0.4260630083826211,0.2658555329843142,2.1667953347734237,True
PRAD,3,SARC,0.2454973729973427,0.015283092686494887,2.416357107164684,False
KIRC,3,UCEC,0.14857343829449887,0.01231511019291362,2.6778518379996514,False
OV,5,BRCA,0.12137906536719274,0.022482288628831212,2.8950960050394032,False
KIRC,1,KIRC,0.8973895184920863,0.8131818321412769,0.42534342745099063,True
PRAD,5,OV,0.31444135180666255,0.14200572756085747,2.3074156866803928,False
PRAD,4,PCPG,0.18230282954073312,0.0458616755648501,2.412523016461843,False
KIPAN,2,KIRC,0.48853565962808765,0.32095356380389806,1.6539575077654514,False
BRCA,7,PRAD,0.27837163287691297,0.1731392075488508,2.6554076588916757,False
BRCA,2,OV,0.46603407156477217,0.38964140818930265,2.1721753200643255,False
PRAD,5,THYM,0.49067237795949636,0.3130447961110153,1.6107348949245783,False
BRCA,3,LIHC,0.3906452412761711,0.3077008704250679,2.3560676116721604,False
LGG,1,LGG,0.7467467662021239,0.537740670529342,0.7872058221395358,True
BRCA,1,BRCA,0.4485010992048401,0.2992255515987011,2.0366795102972763,True
LAML,1,LAML,0.9101122433342378,0.871668702303717,0.46373561736086844,True
GBMLGG,2,LGG,0.5549601925328796,0.1492348912828267,0.9123556739475065,False
BRCA,3,PRAD,0.12714108481342767,0.03350807635883407,2.890113506828448,False
GBMLGG,2,LGG,0.536452101592203,0.10806101298929532,0.9068561105879543,False
GBMLGG,1,GBMLGG,0.2839835829621426,0.19065367822605947,2.7025417530642493,True
BRCA,4,STES,0.1831828266008559,0.051772149091087544,2.632183594024321,False
BRCA,6,PRAD,0.1974143064564124,0.0847859213102957,2.755581393771881,False
BRCA,3,OV,0.21079099653730204,0.058034238405856586,2.4870785374486855,False
SARC,2,PRAD,0.10415286989683262,0.022505670081122628,2.985311870400258,False
BLCA,1,BLCA,0.21544626257691268,0.056774932835749525,2.5536622182115263,True
OV,1,OV,0.3031093533955605,0.05038488003900404,2.1855438895013224,True
THYM,1,THYM,0.471051004341506,0.25934736256238977,1.5862568707162252,True
GBMLGG,12,PRAD,0.13747082100133848,0.008314087653992913,2.9425328769956374,False
THCA,3,THYM,0.5117298131007656,0.33372309770457026,1.532678251040923,False
PRAD,1,PRAD,0.21562357206712743,0.056233763590019636,2.4181460234700305,True
UCEC,9,BLCA,0.3615828875830225,0.022450328638865424,1.636094400794413,False
GBMLGG,17,LIHC,0.210336503820145,0.011332586270455608,2.6196309219107055,False
KIRC,1,KIRC,0.5833433131578253,0.3179176970135689,1.3574049732600075,True
GBMLGG,8,STES,0.22299049850486868,0.07364217955424765,2.489485391009803,False
BLCA,1,BLCA,0.27135473439217594,0.10868410745880733,2.5112488397501265,True
LUAD,11,SARC,0.17568093292860873,0.050525262246021135,2.9260844436912348,False
STES,11,LIHC,0.11615139930190146,0.002860613335793641,2.8153729729872228,False
STES,25,THYM,0.5117298131007656,0.33372309770457026,1.532678251040923,False
OV,1,OV,0.3212631293557295,0.17818894698146198,2.4077817958793695,True
STES,5,UCEC,0.5124293382759556,0.3754487350619282,1.9083754830273834,False
PCPG,5,THYM,0.14297897529073933,0.004514425808366862,2.6002005920942066,False
BRCA,14,PRAD,0.1302844501408503,0.03291240502330865,2.8742090006713865,False
THCA,1,THCA,0.7468000949990432,0.7083786184018118,1.2970909511155995,True
GBMLGG,2,UCEC,0.1621833098228077,0.011086865935613949,2.6015248811661973,False
THCA,3,THYM,0.471051004341506,0.25934736256238977,1.5862568707162252,False
COAD,1,COAD,0.6125683869346555,0.5455483050225592,1.7515379153647872,True
BRCA,2,UCEC,0.4024280892775269,0.1656604675581207,2.0056226191329665,False
SKCM,1,SKCM,0.9857456688566932,0.9792028721190162,0.0973282067275894,True
GBMLGG,2,LGG,0.5312209071630029,0.10978980501397195,0.9323459263959167,False
BRCA,1,BRCA,0.1999468490445736,0.09157502520214934,2.7371648234239396,True
KIRC,1,KIRC,0.4838424325607712,0.20223899432665332,1.7160826935571643,True
PRAD,1,PRAD,0.1929734880080343,0.04911437843922328,2.6737894067362795,True
HNSC,5,DLBC,0.12092135901515523,0.007339276406708145,2.9467320066958465,False
PRAD,1,PRAD,0.16396309420097332,0.03172127899553509,2.7703114291764463,True
LUAD,2,LUSC,0.2791942990351942,0.014131069367019411,2.005242239234984,False
KIPAN,3,LIHC,0.17205484659008827,0.015929697978844914,2.6387025471085463,False
BRCA,2,PCPG,0.15013509837599867,0.010171979563325162,2.57489105834233,False
PRAD,1,PRAD,0.2927893809366764,0.20000968342003075,2.4785867635546697,True
KIPAN,1,KIPAN,0.5229592600537666,0.08807260264945938,0.94472369860226,True
PRAD,12,STES,0.16382241222384458,0.06045263995808352,2.909895966239018,False
BRCA,1,BRCA,0.1606609623866168,0.012426852805242528,2.653391540376934,True
STES,1,STES,0.35120672891595406,0.10276403415677421,1.859859429285105,True
TGCT,1,TGCT,0.1579724838290361,0.014513404454585821,2.851238757803445,True
KIPAN,5,PAAD,0.25392398776185765,0.07194011065795786,2.5672544721626953,False
LAML,2,THYM,0.32628881209114796,0.09158201312971881,1.9294693328707038,False
SKCM,14,OV,0.23639261505235737,0.11681670579450745,2.5358642373304865,False
BRCA,8,PRAD,0.14683043173882904,0.04915837681450222,2.900345317770569,False
ACC,1,ACC,0.9440183019018985,0.9218382830128419,0.33978308407976937,True
UCEC,1,UCEC,0.23139836983270295,0.07517061513269183,2.665858253428476,True
PAAD,1,PAAD,0.3964349193438721,0.2860737634370908,2.2251495333938243,True
OV,1,OV,0.29028001706443046,0.13313748070316417,2.4361042642431214,True
KIPAN,1,KIPAN,0.3468957661698176,0.21507667738681968,2.266635133248594,True
KIPAN,2,LIHC,0.1897657582879254,0.08063634146124599,2.7999043840881277,False
SKCM,2,LUSC,0.8862085852490434,0.7906801623895167,0.4258195523615605,False
OV,1,OV,0.3106399175611884,0.20461886357085884,2.5661361530681503,True
BRCA,7,OV,0.3677054652530722,0.13811726530898355,2.200196476117325,False
GBMLGG,1,GBMLGG,0.3079198967144242,0.0640133782926274,2.366599670585125,True
PAAD,3,THYM,0.09686086890642001,0.0014961213744316137,3.027660037861338,False
THCA,1,THCA,0.8811996039134099,0.8614541072819576,0.6841334895357033,True
TGCT,17,PRAD,0.13106666914255677,0.025145002493967852,2.8872251144972623,False
LIHC,2,LUSC,0.4215212258052088,0.25033723642562666,1.948541020755294,False
GBMLGG,4,UCEC,0.19865403297381443,0.009746939296185114,2.4326678885737083,False
KIPAN,1,KIPAN,0.6590253218729755,0.37631554428813213,0.9490792658568417,True
STES,1,STES,0.1647393373409904,0.0029388367558380313,2.539221447506762,True
LUSC,10,CESC,0.31488574911172185,0.12484516742610802,2.2953429504207974,False
LAML,1,LAML,0.4483366565348487,0.30964975328395483,1.9521304874014103,True
PRAD,1,PRAD,0.2107873897265098,0.06730450818291159,2.7335934672412856,True
PRAD,3,PCPG,0.2227082119887636,0.10248697683889317,2.6682951869888556,False
PAAD,1,PAAD,0.44921305282649665,0.32894610146912157,2.032780113470343,True
PAAD,1,PAAD,0.5220035762329501,0.4632107074112384,2.072922498283155,True
PAAD,1,PAAD,0.20611841734289654,0.11885169753757986,2.8551272744990777,True
GBMLGG,2,LGG,0.6507977747202067,0.3313781266648495,0.8147540800710728,False
KIRC,1,KIRC,0.8738899923650955,0.7604462513982311,0.4557121530624112,True
LIHC,1,LIHC,0.779178142306132,0.6867110354560311,0.9626213024542905,True
PAAD,13,LUSC,0.31394028071191665,0.0827550574421411,1.9841357019740955,False
BRCA,2,OV,0.3154512109633287,0.20435530788593478,2.474600167704629,False
BRCA,1,BRCA,0.3381707467526336,0.22911436985615538,2.499831278030328,True
COAD,1,COAD,0.600371843372823,0.5195323507921764,1.5308963237466096,True
KIPAN,3,UCEC,0.21543548830672946,0.04060205785081025,2.4789532923719055,False
SARC,5,THYM,0.14076796453866758,0.014553875020364565,2.6255028753661223,False
UCEC,1,UCEC,0.4509504747240752,0.24128452006378806,1.9036779333274938,True
STES,3,OV,0.22621903858427914,0.004150837849741712,2.358242122108041,False
SARC,8,LAML,0.2963894253215234,0.1314934766000639,2.061528589654902,False
BRCA,2,OV,0.41421454315302964,0.33366618547764587,2.299026461450899,False
STES,3,LUSC,0.21160095757991498,0.0176162420270502,2.2872202197749067,False
BRCA,1,BRCA,0.3283816605903324,0.07570451566960917,1.5287028787577301,True
THYM,4,PRAD,0.20652074725285904,0.041245924650211735,2.6167811809580677,False
LIHC,7,LUAD,0.10732530405169274,0.01001393012883725,2.8758757339302754,False
SARC,4,CESC,0.12871700145048798,0.0023604481715052694,2.88513413596047,False
BRCA,1,BRCA,0.5991024331449378,0.5358773270389637,1.8456541970058642,True
KIPAN,4,BRCA,0.2732850862386137,0.1532352689462838,2.4133898382035466,False
BRCA,2,CESC,0.3541386054499851,0.18743633837715815,2.3253597466541382,False
SKCM,19,PRAD,0.18226874710687976,0.06438134905954958,2.7761506147359047,False
THCA,1,THCA,0.8556512127545903,0.8336513258323951,0.8313987902007339,True
KIRC,1,KIRC,0.942503185833966,0.893869873261821,0.2696551524194591,True
BRCA,7,PRAD,0.19034348461487707,0.01261101665314815,2.454825616562624,False
UCEC,1,UCEC,0.7832110679635647,0.7142665527973379,1.0479179909506715,True
LGG,1,LGG,0.37495622564831577,0.004042565879310622,1.8165544468374055,True
KIRC,1,KIRC,0.43814963451621364,0.2487550546687435,1.7625088032051703,True
KIPAN,2,TGCT,0.31887047848735733,0.21399016762638767,2.525853774565667,False
KIPAN,1,KIPAN,0.20571756249847803,0.055929590035173365,2.531369223755938,True
BLCA,6,CESC,0.19938126868202632,0.022047967450510075,2.6144524180998996,False
SKCM,1,SKCM,0.9721623885458346,0.9641696825882291,0.1845313555308916,True
CESC,1,CESC,0.3635588125033242,0.1773031717689293,1.9103178137761687,True
LIHC,2,BRCA,0.3762945006812753,0.23367356559543562,2.2280304962216886,False
PAAD,2,OV,0.5186240584312779,0.4277891592489315,2.0245440312976823,False
BRCA,7,THYM,0.3629788080803032,0.17812887934017593,1.9497555177619947,False
BRCA,4,KIRC,0.25548473369331415,0.1582573153572049,2.698603316025325,False
GBMLGG,2,LGG,0.4470750264417697,0.09535186576207211,1.5709526671450142,False
SKCM,1,SKCM,0.9222152007617498,0.897337079457607,0.4596185281042302,True
LUSC,1,LUSC,0.9112576316200721,0.8593836448794738,0.4257117290014978,True
KIPAN,1,KIPAN,0.8720559744653672,0.7632684196292312,0.48922626355003684,True
STES,2,HNSC,0.39726853869279316,0.13534921577576753,1.8627709674279471,False
STES,1,STES,0.24815423614502619,0.11159750741794214,2.4652109653659613,True
GBMLGG,1,GBMLGG,0.41820726319544216,0.041720927281321374,1.6611558061257488,True
LAML,1,LAML,0.5941683475967019,0.51385194048076,1.7206943091506883,True
LUSC,1,LUSC,0.9764475763887618,0.9535160300793711,0.11492562179173108,True
PCPG,1,PCPG,0.22241572728886796,0.09205662460447087,2.7332509998464753,True
UCEC,1,UCEC,0.257070597365319,0.067439078334704,2.4259677557814303,True
BRCA,4,THYM,0.13010473221451108,0.016505993486667564,2.799547021821013,False
KIRC,1,KIRC,0.6396749649854888,0.41691850934119257,1.2965436920552043,True
COAD,1,COAD,0.8187422857791861,0.767668525327386,0.8789620361419108,True
HNSC,1,HNSC,0.3979488978549027,0.2618574600513172,2.134418732611997,True
KIRC,1,KIRC,0.3928723451436469,0.29602637272219856,2.3774394706821425,True
BRCA,2,OV,0.2649773538713585,0.04912851530943135,2.3423938571350016,False
BRCA,1,BRCA,0.8887977033022716,0.8732244447397864,0.6663175742083149,True
LUAD,2,STES,0.31117684065319645,0.19433226696331896,2.373519678704487,False
GBMLGG,2,LGG,0.5060393769329254,0.09358948393439998,1.1122944945237467,False
HNSC,1,HNSC,0.30187106114780815,0.1020573626778038,2.372084653488794,True
LUAD,4,THCA,0.6143335844088782,0.5172013557898746,1.716716139880473,False
THYM,25,HNSC,0.1489763937620308,0.024732658133036697,2.7585330705060294,False
THCA,1,THCA,0.9254718745968146,0.9024688245989747,0.41108974336228427,True
THYM,2,PCPG,0.20960002296375949,0.047626418944074767,2.2837808273365963,False
KIRC,1,KIRC,0.8962744076590026,0.796562830020179,0.36087241727449126,True
PRAD,4,THYM,0.3001916661000009,0.08560156692281551,2.1513254230247942,False
STES,1,STES,0.958332641695975,0.941623838505952,0.2548279342979433,True
TGCT,1,TGCT,0.2639890671407172,0.19018435912161766,2.704194527364326,True
LUSC,1,LUSC,0.23667932138093584,0.029158712149681076,2.0979376898350157,True
BRCA,3,LAML,0.16509668523850604,0.027268377456954013,2.592721694732523,False
LGG,1,LGG,0.5730185089124594,0.2977152260422796,1.283864302621624,True
SKCM,1,SKCM,0.6645755579746482,0.5551247961180295,1.278495306617151,True
GBMLGG,5,PAAD,0.22051613018586622,0.05877105490772075,2.636140693571245,False
GBMLGG,1,GBMLGG,0.3337958710364129,0.11171835517871434,2.1974893738520205,True
STES,3,LUAD,0.31083779472176587,0.10096827774777206,2.0679824792596757,False
OV,1,OV,0.41925492798535297,0.3038658419109781,2.20823241291321,True
KIRC,1,KIRC,0.1641977025277767,0.0013629793240160781,2.7648299838613415,True
SKCM,1,SKCM,0.7477038043206548,0.6909740970116969,1.2067764927422837,True
STES,1,STES,0.37797576014605194,0.1339383566158752,1.8886030331300108,True
THYM,1,THYM,0.1901180076660352,0.039579348390411384,2.394980279283579,True
KIPAN,3,KIRC,0.17631322010506478,0.011719241648616735,2.5343104853294545,False
CESC,9,BRCA,0.2725036731420431,0.08751910896383519,2.4110298804986483,False
SARC,2,PCPG,0.14293179996763092,0.02650694473172674,2.8751260766231033,False
LIHC,1,LIHC,0.1507521809648757,0.04192405446859311,2.905622421181923,True
CESC,3,HNSC,0.3094113806020767,0.0246785286189235,1.8034894961412635,False
THYM,1,THYM,0.5293989698264331,0.3612675612693449,1.5185777561627403,True
ACC,1,ACC,0.8771216760023415,0.8120905611533721,0.5808722816585844,True
THCA,3,THYM,0.471051004341506,0.25934736256238977,1.5862568707162252,False
BRCA,1,BRCA,0.4327046461649149,0.30319066456355964,2.1248121806075626,True
CESC,1,CESC,0.21527467260587246,0.0635532023682007,2.7994867735909064,True
KIPAN,3,BRCA,0.149418602483672,0.02434104601672235,2.7411487867560527,False
UCEC,1,UCEC,0.6895428378549444,0.5190761744574456,1.0537562950192634,True
STES,1,STES,0.3262255552658449,0.10928759189335627,2.011524695718495,True
OV,1,OV,0.3443687902846219,0.2602844573300753,2.3715946754291655,True
LUSC,2,LUAD,0.36943210640411056,0.11685503936517233,1.6987964554182673,False
COAD,1,COAD,0.7759695179569224,0.7426364021339799,1.155598767578312,True
SARC,4,BRCA,0.16031597120906688,0.03223479006496388,2.892578287297448,False
OV,1,OV,0.42436741715486653,0.2751483743255036,2.1876606953621662,True
KIPAN,1,KIPAN,0.7273012513159475,0.4770483654123087,0.724086499658667,True
UCEC,1,UCEC,0.36764268629160446,0.1466386707883103,2.106734589729753,True
LUSC,1,LUSC,0.5907900952515973,0.4699671808351724,1.414596162662467,True
GBMLGG,3,SARC,0.24528598420609668,0.04791143465313527,2.448215114335151,False
LGG,9,BRCA,0.16100686698589362,0.0468936187388732,2.8907370062036053,False
THYM,1,THYM,0.5117298131007656,0.33372309770457026,1.532678251040923,True
COAD,1,COAD,0.7201506241072884,0.5810463555137406,0.8811383922233944,True
BRCA,7,THYM,0.5347016919658176,0.33302860641605325,1.4695847261221497,False
SARC,1,SARC,0.12887729033545375,0.00960687497916235,2.7808606922777748,True
KIRC,1,KIRC,0.6974386469511997,0.43296860287101824,0.8283205502280239,True
KIRC,1,KIRC,0.21022934392127676,0.11492743709708071,2.776349767149773,True
COAD,1,COAD,0.7243516832741609,0.6516825085889517,1.196903375101732,True
STES,2,LIHC,0.2002957810850173,0.055392381778819166,2.516681847243052,False
UCEC,14,PRAD,0.21302228909053342,0.08007925092058346,2.5207217573359695,False
BRCA,1,BRCA,0.27089254383023254,0.10675083619019698,2.2745242794068146,True
GBMLGG,2,SARC,0.4005365536369553,0.315991331546856,2.430315483919735,False
KIPAN,1,KIPAN,0.11306415420598524,0.012589886698079839,2.8230900662164267,True
LGG,1,LGG,0.49995781506379355,0.14917679294783442,1.4238720951054868,True
PCPG,2,PRAD,0.20422434120863783,0.06310590320466977,2.617249701694153,False
TGCT,1,TGCT,0.36957399224272564,0.2055627189300094,2.329649289896851,True
KIRC,1,KIRC,0.5361907787072933,0.4246001634068298,1.8494789221104977,True
KIRC,1,KIRC,0.5235575515409556,0.11446514895918353,1.078269880555252,True
PCPG,1,PCPG,0.21748939760479968,0.04630324055834972,2.5175664756817118,True
LUSC,3,STES,0.29152383933610493,0.16461431909297009,2.151484122692142,False
THCA,2,PRAD,0.15679120754614312,0.010812818822794862,2.4933671508851516,False
DLBC,1,DLBC,0.8393155578958255,0.808617184005193,0.8283972017255217,True
GBMLGG,2,LGG,0.6357466895932428,0.3082784884239387,0.864098974616164,False
KIPAN,2,KIRC,0.4683521849664947,0.2859642687467464,1.6639170356273587,False
LAML,1,LAML,0.88936112223365,0.8661235833238771,0.6351592376617441,True
LUAD,2,CESC,0.2995402160613437,0.04109030884762088,1.9166326809856533,False
KIPAN,3,SARC,0.11385371530714737,0.007833525534796743,2.986846547222267,False
LUAD,10,SARC,0.22489399531047005,0.040601600394497867,2.5310040907647107,False
LGG,1,LGG,0.7297313704057058,0.5260193289380162,0.9091634002531733,True
UCEC,1,UCEC,0.8106703646445651,0.7490443558513301,0.855187536602066,True
LUSC,26,THYM,0.5117298131007656,0.33372309770457026,1.532678251040923,False
PRAD,1,PRAD,0.221028535403101,0.10978711343985531,2.7176726938325007,True
PAAD,2,OV,0.38474385153991514,0.2644353778066147,2.291907794851414,False
PRAD,2,KIPAN,0.2312912901890586,0.12797658515317778,2.671958852718579,False
LUSC,2,LUAD,0.2735675585371413,0.0035392940199943657,2.082273704622328,False
GBMLGG,2,LGG,0.5117237699733664,0.07245966978779744,0.9648338249638941,False
LUAD,6,STES,0.19453870351413718,0.05053684269036551,2.682226989014123,False
LIHC,2,KIPAN,0.18341097171624085,0.03227299440556791,2.7498276768263623,False
THCA,5,PCPG,0.20480629474556425,0.03349499594620245,2.310656535107143,False
BRCA,5,OV,0.2364597913987972,0.06124074750326258,2.340119672574851,False
BRCA,7,THYM,0.21672101841089908,0.041016371046471045,2.28545685526482,False
BRCA,1,BRCA,0.6361978753040899,0.5876794478026501,1.7279992505947304,True
BRCA,1,BRCA,0.7443423288943034,0.687760406883793,1.2043530394479796,True
PRAD,3,OV,0.38627716691500574,0.23789302877001278,2.1888679496084187,False
LUAD,2,LIHC,0.27841588811844,0.05957484236110855,2.3600875150960254,False
THCA,1,THCA,0.8503803577926157,0.8278817170021604,0.8316634768474571,True
SKCM,1,SKCM,0.9391514076599524,0.8994055750799208,0.30297228716601304,True
PRAD,2,PCPG,0.23595350522032993,0.10111561220997162,2.648977487487803,False
SKCM,10,LIHC,0.2553120319282309,0.13447182137009278,2.612240707145684,False
OV,1,OV,0.21756804266391588,0.054896899335716454,2.538946789845686,True
THYM,3,PRAD,0.1893339922011691,0.066048952901656,2.697588123045052,False
HNSC,1,HNSC,0.40807229146725477,0.22999693188333342,1.6860589915668729,True
COAD,3,CESC,0.25636884790976705,0.11329092182958594,2.552340530571223,False
UCEC,1,UCEC,0.9793098924778721,0.9665902476249252,0.12423318521573973,True
KIPAN,8,TGCT,0.18062432498587921,0.0800333644801887,2.961687718078953,False
BLCA,2,LUSC,0.6326907169317254,0.4567441564469998,1.1309095481043951,False
HNSC,1,HNSC,0.3565422680739116,0.20242910576468207,2.096927449966055,True
KIPAN,1,KIPAN,0.3910511515244315,0.012334076926363513,1.7154070898311387,True
THCA,6,PRAD,0.1918582077804829,0.02708123702826304,2.411259871912624,False
GBMLGG,6,CESC,0.11854339937327318,0.02596443847998986,3.0428054734982437,False
KIRC,1,KIRC,0.40758591620294,0.28128720066955637,2.3414496377756486,True
KIPAN,7,PRAD,0.12568677996071684,0.007200240254839993,2.902142867333379,False
BRCA,2,OV,0.3686753731553233,0.21471312188421937,2.3935996762760996,False
HNSC,4,BLCA,0.7190956909443807,0.5517847425587642,0.9263298209365449,False
KIRC,1,KIRC,0.38613615077161223,0.25530335728419606,2.264152084139787,True
SARC,7,OV,0.24296747079248937,0.12196600405591505,2.6593428511670254,False
THCA,1,THCA,0.5779037640051375,0.4884477638011751,1.8380261558520012,True
STES,3,HNSC,0.2542777072243941,0.0587615522253567,2.212872371339088,False
PRAD,3,KIRC,0.5147571772711311,0.19413322998489763,1.4564461711992935,False
STES,1,STES,0.46344704363303724,0.16660991644477136,1.3760588648676275,True
TGCT,1,TGCT,0.1690829554707722,0.07544120443300086,2.9924594377037437,True
THYM,3,PRAD,0.1640002307011783,0.015493467700852998,2.786208354242408,False
KIRC,1,KIRC,0.22857519824611944,0.14376641901712975,2.792175797449138,True
KIPAN,1,KIPAN,0.40995860548411833,0.3079174641687704,2.3536612278586153,True
BLCA,1,BLCA,0.35771540127569895,0.1540156339321418,2.215944762646729,True
KIPAN,1,KIPAN,0.34225886671796824,0.17483414543438838,2.297765400474997,True
THCA,1,THCA,0.8165360839829046,0.7792308362559517,0.9906650143705164,True
BRCA,3,BLCA,0.18639106806570152,0.023869126725312384,2.608905710633915,False
COAD,1,COAD,0.9203650281313271,0.9060281852002334,0.47445260235714454,True
SKCM,1,SKCM,0.7207948573180357,0.6456464250272376,1.1932075556307933,True
THCA,3,PCPG,0.3597037777362484,0.13424264951394774,2.0063908498120346,False
GBMLGG,2,LGG,0.7346857797947062,0.6048288845719568,1.0059749640178095,False
SKCM,1,SKCM,0.9843334567220909,0.9802464728321635,0.11192172672271826,True
HNSC,3,STES,0.3254660175594227,0.12695756966729238,2.185500452052655,False
HNSC,11,STES,0.12379190008698575,0.02348757757792344,2.738303838163619,False
KIPAN,1,KIPAN,0.7357354339048708,0.4916579888977104,0.7053290382816113,True
GBMLGG,10,LIHC,0.1437184933215005,0.028550795685613334,2.8733303145475353,False
TGCT,1,TGCT,0.4630913461420255,0.4074824924371009,2.307183414641639,True
TGCT,3,KIPAN,0.16306366806549347,0.0371996744171858,2.8098187232129748,False
LUAD,8,KIRC,0.23333200267510687,0.0934973247974493,2.59452368877442,False
PCPG,3,SARC,0.18351263478665697,0.02675236859361685,2.674813339989347,False
STES,3,PAAD,0.22225957666449392,0.07737906123141064,2.563701495519866,False
STES,3,COAD,0.38189025132893767,0.2552876962867128,2.1957859173365666,False
SKCM,1,SKCM,0.9393110094035327,0.9186783739995938,0.3355447981391523,True
PRAD,3,LIHC,0.15790103081798124,0.04446744090938119,2.907352069422249,False
LIHC,1,LIHC,0.28704946951557786,0.12133994579470223,2.3738601964974584,True
COAD,1,COAD,0.66355058126256,0.5675526181898336,1.3091344404474772,True
OV,2,STES,0.25358242990059615,0.01642626601286984,2.305647461437616,False
LGG,1,LGG,0.605614976188971,0.3504064175647749,1.3098899390389869,True
STES,2,COAD,0.7108212463007693,0.5205608862383573,1.01444191703031,False
KIRC,1,KIRC,0.7117276600438572,0.49892026362999375,0.9598402075211978,True
BLCA,1,BLCA,0.5022645824729186,0.3935725572736479,1.9861821884759265,True
KIRC,1,KIRC,0.41836583840823865,0.25703010102174007,2.1713068435277103,True
KIRC,1,KIRC,0.18090768892391695,0.0012580305848298168,2.5376442205767455,True
LIHC,1,LIHC,0.20931170433727037,0.080735571660942,2.772679106671454,True
THCA,1,THCA,0.9243156506852912,0.904347421853787,0.41880271678119746,True
COAD,1,COAD,0.4297161082413695,0.3548019087489067,2.3741496090321577,True
BRCA,1,BRCA,0.5448678443941751,0.4663208327594145,1.8641163533811858,True
GBMLGG,2,LGG,0.6677654593564798,0.372712146924319,0.8157107926538967,False
BLCA,1,BLCA,0.39679869778999416,0.141515920432491,1.8561231801829423,True
LUAD,3,TGCT,0.24989507776395734,0.08743610867558194,2.4118477965777507,False
LIHC,1,LIHC,0.5398614094161116,0.4430146748111835,1.763386081945124,True
PAAD,1,PAAD,0.39491273875975447,0.20022910308265696,2.1761186094179616,True
OV,1,OV,0.3585073852719028,0.2636557668606637,2.4933742136075114,True
GBMLGG,1,GBMLGG,0.4927309241506316,0.4040570031628653,2.1381158111370153,True
THCA,1,THCA,0.6983821114818216,0.6628277001408573,1.499702844179964,True
KIRC,1,KIRC,0.8113926590503183,0.6895682955488975,0.7884941717306037,True
KIPAN,1,KIPAN,0.18231865458028784,0.089257663482206,2.8082441805060916,True
LUSC,3,OV,0.32943043484757095,0.20543294631957493,2.431741065742268,False
CESC,2,TGCT,0.12191851207246304,0.02116009682429898,2.926994977461895,False
LUAD,3,BRCA,0.3814466813084171,0.15754983727168662,1.9792097921844807,False
STES,1,STES,0.6218424357684081,0.528493905577467,1.4530817300723988,True
COAD,1,COAD,0.6411396637592289,0.5667955076390101,1.6007263283108628,True
LGG,1,LGG,0.7229819963739579,0.523232779572032,0.9776670448059791,True
THCA,1,THCA,0.8540001023179443,0.8249511600871038,0.8113102611438929,True
PRAD,1,PRAD,0.1786677539296603,0.007706299423947155,2.3763766262474095,True
SKCM,1,SKCM,0.915172304826879,0.8862069109243814,0.4497626661034568,True
ACC,1,ACC,0.9697058694854068,0.9605570088624442,0.20326038448175798,True
LIHC,9,UCEC,0.3177409850961972,0.07138601131626249,2.2434477651720313,False
LUAD,1,LUAD,0.33485423259135844,0.05452337655988482,1.7008004842552837,True
COAD,5,BLCA,0.29458178599966134,0.13253963673131916,2.1159474044340714,False
LGG,1,LGG,0.6047322584211317,0.28052987878911056,1.0204178969735669,True
LGG,1,LGG,0.6107131443421572,0.4012754095322434,1.3406692748223745,True
LGG,1,LGG,0.6776984412194795,0.5075885861683104,1.2500727919495556,True
CESC,1,CESC,0.5431568989459857,0.4536664443526263,1.7768831194139156,True
LGG,1,LGG,0.562974996246647,0.35966816981036764,1.547539058366738,True
PRAD,2,PCPG,0.16374381270659835,0.004527390109406448,2.5891724879062057,False
LGG,2,PRAD,0.12630510846921456,0.0035924536201399487,2.943933152199863,False
GBMLGG,5,KIRC,0.1380088404742944,0.01856469263990536,2.850558649098194,False
UCEC,2,LIHC,0.19769849758764044,0.024837016287319907,2.62833257114858,False
THYM,5,OV,0.21766713090697254,0.053443994020049235,2.392629762716928,False
LGG,1,LGG,0.7372944486275148,0.5814205935644858,0.9992452374851128,True
LUAD,1,LUAD,0.21998443023163042,0.09080317745956001,2.6630229685461666,True
PCPG,1,PCPG,0.20774074043528415,0.1248992705289166,2.8765277850644164,True
BRCA,8,PRAD,0.1986781512097981,0.06639098637745913,2.4056744931744105,False
BRCA,2,OV,0.3203042561385894,0.2249749322494473,2.505648066839713,False
SKCM,1,SKCM,0.9125175640089114,0.8920246169115095,0.5158704885898588,True
HNSC,6,PRAD,0.19332290954046655,0.08661150083400024,2.8826040754812228,False
TGCT,1,TGCT,0.643118671278866,0.6008757832693852,1.7103609636445767,True
STES,3,COAD,0.3998982882643784,0.10679611500395725,1.357739029530211,False
THCA,4,LAML,0.20377031642963556,0.000251457103467162,2.3985351469479936,False
KIPAN,1,KIPAN,0.28888982430151844,0.07788541884924657,2.221365418293634,True
THYM,1,THYM,0.18557617317275774,0.08792917548374245,2.75489356213731,True
LGG,1,LGG,0.6343005815773212,0.32450061558984805,0.9465114885730443,True
STES,3,COAD,0.8086489388175492,0.7841807275142335,1.0378334635163136,False
BRCA,2,OV,0.301079708822743,0.1809513008709161,2.594503189312005,False
HNSC,1,HNSC,0.38685204819674274,0.22668316515508563,2.1318492656822943,True
UCEC,1,UCEC,0.6767738930768624,0.5944455007634359,1.4462850975261747,True
GBMLGG,2,LGG,0.6250656401814794,0.2918546570042794,0.8804135487291211,False
KIRC,1,KIRC,0.6027222608832913,0.3666999180078513,1.3065183891927898,True
SARC,4,PRAD,0.13609662869074826,0.008250713479978466,2.8460046651718995,False
KIPAN,1,KIPAN,0.7453266599523967,0.6390651661260118,1.1688071358400927,True
BRCA,3,CESC,0.45726864543871293,0.24608666664134302,1.6802514944602591,False
LAML,1,LAML,0.9135186271289677,0.8905958615427483,0.4672596437529095,True
LUSC,1,LUSC,0.8702811420615716,0.776539995270369,0.5005095631548507,True
CESC,2,BLCA,0.945008190970499,0.9018334289376607,0.2579465343070965,False
THCA,10,PRAD,0.1422376169593715,0.02415943863528483,2.8065328536370244,False
KIPAN,2,KIRC,0.3884322376062565,0.19647982872384462,1.8205081247181873,False
SKCM,1,SKCM,0.8020613685426791,0.7178679697909206,0.9017236238250117,True
BLCA,1,BLCA,0.4902139868854207,0.2904581286426178,1.6519003207837304,True
GBMLGG,1,GBMLGG,0.6464514269742008,0.32874900832079856,0.8554699951100757,True
LUSC,1,LUSC,0.2083742343051532,0.010672002382912243,2.165341101072659,True
BRCA,2,CESC,0.2586011802151763,0.03497744982466397,2.4388267026474884,False
LUAD,1,LUAD,0.7508931899301701,0.557426521966131,0.7893766162761027,True
KIPAN,1,KIPAN,0.21917589697724815,0.06226340131963584,2.505888550378461,True
KIRC,2,KIPAN,0.42208076169430303,0.025803001951730742,1.5414266559541647,False
BLCA,1,BLCA,0.7625908815806943,0.6159396440664222,0.8140022328191214,True
SKCM,1,SKCM,0.9988717108313366,0.998386753866234,0.010665708546704145,True
KIPAN,1,KIPAN,0.801554354996506,0.655214153633235,0.7573733486564387,True
THCA,5,PRAD,0.1632880262232832,0.04152950257442388,2.770915264106667,False
ACC,1,ACC,0.6735018145190782,0.5651730157194574,1.4362739299037093,True
HNSC,1,HNSC,0.39611775308863495,0.024608910472590784,1.514903654786019,True
OV,1,OV,0.40248295712813853,0.2793888453002711,2.290428734326992,True
BRCA,1,BRCA,0.5464249383518867,0.46533410009684795,1.9344426114913893,True
BRCA,1,BRCA,0.3888503986678384,0.24525185029049737,2.310046793221441,True
KIPAN,1,KIPAN,0.3379990153776036,0.2516019562867897,2.5121736081033323,True
STES,5,LUAD,0.1272857214813621,0.017147414731618807,2.84474054346871,False
THCA,1,THCA,0.8385306893668543,0.8177382699244286,0.9052990705036927,True
KIPAN,1,KIPAN,0.9133423380915895,0.8471543200756251,0.39222518150376773,True
BRCA,1,BRCA,0.6366976963927861,0.5660717527666075,1.6231392739623036,True
TGCT,1,TGCT,0.2146251327654449,0.12546615168185835,2.88395367589701,True
COAD,1,COAD,0.9230881008236376,0.8489623169926914,0.28441050779545013,True
CESC,14,BRCA,0.22569539975813052,0.08016537599769269,2.7288391014572713,False
CESC,1,CESC,0.2535368531360464,0.09537199249512371,2.4000841161934034,True
STES,3,TGCT,0.3183419924310446,0.1499858908787981,2.144218060098153,False
LUAD,1,LUAD,0.7138209615200996,0.5943587425536203,1.1054316136437246,True
THCA,1,THCA,0.6957519483287652,0.654607381044725,1.455866090878226,True
GBMLGG,2,UCEC,0.41546339316553377,0.07877343991633329,1.715056590005718,False
HNSC,11,OV,0.31785547937370445,0.20186899329393493,2.5300315490205096,False
BRCA,1,BRCA,0.24065785322920383,0.1312088903472614,2.6916599481027026,True
COAD,1,COAD,0.8958827806266821,0.8806786508855072,0.6019728812907144,True
GBMLGG,10,KIRC,0.11177786763839315,0.017774788671381464,2.9186773812429134,False
BRCA,7,PRAD,0.17806283453846303,0.07278530023433176,2.8035144189123096,False
COAD,2,STES,0.6270112192469689,0.286129671398426,0.841395698917734,False
BRCA,1,BRCA,0.24048018024373477,0.1433459122111939,2.732982278601976,True
BRCA,1,BRCA,0.2736645682748498,0.07527954996923661,2.3513631539395052,True
STES,2,UCEC,0.980007877680474,0.9615558314147596,0.10452763336758185,False
PRAD,1,PRAD,0.1978065311433363,0.03510298953932775,2.5128483602203273,True
UCEC,1,UCEC,0.861256737547758,0.8129787102048411,0.7227825292635479,True
LIHC,8,KIPAN,0.23422070673732573,0.05378348630748758,2.572947781144984,False
PAAD,1,PAAD,0.35515155292638095,0.0736839450515987,2.102595432139499,True
KIRC,1,KIRC,0.35115108668607786,0.2482972721397333,2.3533588218758683,True
PCPG,1,PCPG,0.1998289737389167,0.025358811818670807,2.2319781353700043,True
KIPAN,1,KIPAN,0.34112065145299836,0.0746849988707678,2.117979353569565,True
PRAD,3,LIHC,0.2704904701167111,0.12022407467078608,2.3937875552684473,False
UCEC,9,OV,0.1538052200316194,0.01339478867792357,2.7037706493256093,False
GBMLGG,2,LGG,0.5276548908834746,0.26069513192429233,1.5542867342470874,False
LIHC,1,LIHC,0.2516089222713741,0.09446386403215037,2.5474433845641213,True
STES,1,STES,0.3635122143344182,0.13046737304227915,1.9174418320545097,True
THCA,4,PCPG,0.3930427726108396,0.3078423586354614,2.190373176979427,False
BRCA,7,PRAD,0.27076491779718354,0.18227731481052745,2.637370718915925,False
GBMLGG,2,LGG,0.6237916150118064,0.31019412475451474,1.000508481080177,False
STES,9,PAAD,0.22534656865697517,0.08271613842261699,2.7766779077790673,False
THCA,3,THYM,0.5347016919658176,0.33302860641605325,1.4695847261221497,False
BRCA,4,LUAD,0.20765729562792093,0.0297066573824111,2.346039472242974,False
BRCA,4,PCPG,0.1347538092478635,0.02474622444369856,2.721927156530193,False
SKCM,1,SKCM,0.994864866399677,0.9927057028427901,0.04020743278830308,True
KIRC,1,KIRC,0.3693782106621209,0.06408157971535539,1.9559286463205743,True
BRCA,10,SARC,0.13419149622324092,0.015853538880376286,2.889327828491583,False
SARC,4,PRAD,0.1492081626989746,0.01915348932025948,2.885281894226343,False
GBMLGG,2,LGG,0.516949242809754,0.20128879200928113,1.4268889650782561,False
KIPAN,1,KIPAN,0.1834665767411424,0.005860507272658827,2.755368841576123,True
STES,3,PAAD,0.25098345593797816,0.11227815260349824,2.4815753814712984,False
LUAD,1,LUAD,0.673892214599477,0.5604226289493556,1.3516153856907878,True
GBMLGG,4,SARC,0.20353082726082303,0.05351412142106041,2.502660418726903,False
BRCA,3,BLCA,0.3633298383029529,0.11213075519485677,1.777172444068351,False
LUAD,16,BRCA,0.14157749297126102,0.02683085124458018,2.8292789977473216,False
KIPAN,1,KIPAN,0.3859653342801672,0.2888906425307035,2.220062139251544,True
BRCA,1,BRCA,0.5671014851067221,0.45692443960848783,1.575930983336649,True
OV,1,OV,0.4104701205965576,0.2586024693325924,2.2209818806163355,True
GBMLGG,6,CESC,0.18817474733347153,0.06994048052859285,2.6269891105256953,False
KIRC,1,KIRC,0.3584288957655665,0.16593797518424291,2.263304207970715,True
SKCM,21,PRAD,0.1156136598221594,0.009429707969520348,2.9095049206263766,False
SKCM,13,LIHC,0.154404884332413,0.06389451263454453,2.898372624010401,False
GBMLGG,6,BRCA,0.1594073232237161,0.05214544825989113,2.915346233298982,False
THCA,1,THCA,0.40937230488046455,0.31606901207397586,2.410431667547337,True
TGCT,1,TGCT,0.3055691995734638,0.22781341363806223,2.6883871728025213,True
LGG,1,LGG,0.48919772724435656,0.10718600553406565,1.2955918475035126,True
BRCA,1,BRCA,0.6493352698652447,0.601963930469036,1.631546897100362,True
STES,20,PRAD,0.22455911037694923,0.08126634250562295,2.7199177062853965,False
KIRC,1,KIRC,0.8685014381039402,0.7443624327451954,0.43802415381224225,True
PAAD,1,PAAD,0.3538099809112616,0.1709897957329991,2.202900186193815,True
KIPAN,1,KIPAN,0.305990605001369,0.16650560282579036,2.5477305949168847,True
STES,3,CESC,0.15512768996473258,0.017636180006136093,2.7687495384306477,False
STES,2,PAAD,0.3211263125221251,0.13475163302141555,2.118174068354662,False
LAML,1,LAML,0.5277387313271555,0.3280439707913493,1.5805518424512726,True
PCPG,3,KIRC,0.4701585453501118,0.3150455692208405,1.8627986497190028,False
GBMLGG,11,LAML,0.20477915552409126,0.0031951813722974343,2.1372647890689342,False
HNSC,1,HNSC,0.3896467670220072,0.22685091107370248,2.082239115550755,True
KIRC,7,LIHC,0.12594560844367814,0.011241422045722593,2.947554447845399,False
UCEC,1,UCEC,0.4483425614082187,0.29599002995688384,2.1520981358165767,True
BRCA,9,PRAD,0.1715318032391744,0.042922688479526794,2.688912246287818,False
THCA,3,THYM,0.5293989698264331,0.3612675612693449,1.5185777561627403,False
GBMLGG,1,GBMLGG,0.5748742300170092,0.48951610231597686,1.8698701836306648,True
KIRC,2,KIPAN,0.4455770969751277,0.03380778070369744,1.2781160133402023,False
STES,2,LIHC,0.24997380451472667,0.12133357009081291,2.5253125876972082,False
KIRC,2,KIPAN,0.5509027523490714,0.23433195203843593,1.3356946558691731,False
GBMLGG,12,SARC,0.1970255807341298,0.011660099824985781,2.586468275398866,False
STES,1,STES,0.7025155145482957,0.5965647966179475,1.248147091544065,True
GBMLGG,1,GBMLGG,0.24524376216004987,0.15508649763624593,2.800074024084616,True
STES,3,UCEC,0.9471687988737505,0.9178604247929641,0.258197368406329,False
LGG,1,LGG,0.638485308408574,0.42102992267356165,1.1475684568950584,True
CESC,1,CESC,0.5409519549592362,0.40686309904112666,1.832951341513038,True
LGG,1,LGG,0.6532363865443219,0.3837104670299325,1.0006471209640495,True
SKCM,1,SKCM,0.967845334022561,0.9577962689281174,0.20415160734484855,True
GBMLGG,1,GBMLGG,0.5291313397116568,0.2104547804428354,1.257812673687413,True
BLCA,3,HNSC,0.6293298850376623,0.3606644415087412,1.0063743754192083,False
PRAD,2,LIHC,0.17618267596084192,0.01767140513348675,2.7553243135653847,False
BRCA,11,CESC,0.17319321671701826,0.013267368108350053,2.681469030311373,False
THCA,7,KIRC,0.19463104782617574,0.042842729301224014,2.6227797050526163,False
COAD,1,COAD,0.6896183548299628,0.535936479272329,1.102763318818155,True
BLCA,2,KIPAN,0.17008632607241542,0.05873661037851799,2.6605775975844383,False
COAD,1,COAD,0.7901395377929276,0.7239996326663907,1.0061703918685505,True
GBMLGG,6,LAML,0.5551504699488585,0.4774665116250515,1.7700853381908035,False
HNSC,2,PAAD,0.2318104949065558,0.05887539675862294,2.593709575974336,False
SKCM,1,SKCM,0.9990675577018792,0.9984696878689697,0.008491642460352932,True
STES,1,STES,0.4510888340664894,0.3211811399861849,1.783202393224305,True
LAML,1,LAML,0.9501300270687485,0.9365889072257103,0.30093544255047394,True
STES,1,STES,0.45909670101403904,0.3079252944337625,2.0161533854286313,True
PRAD,2,THYM,0.23814263293207982,0.06966545988695363,2.429094578930698,False
GBMLGG,1,GBMLGG,0.42085918963907515,0.3576264903176808,2.4040664732095984,True
CESC,2,UCEC,0.4204404264289111,0.19509602451995997,1.736180757654365,False
LUAD,10,PCPG,0.10633002657181273,0.0010942369381013312,2.974884258211078,False
UCEC,2,BRCA,0.35393597662966103,0.18651650392702207,2.2330585725853958,False
THCA,8,CESC,0.28061686979343725,0.10146750160092716,2.42313493632541,False
LUSC,1,LUSC,0.7441107967715248,0.5922745612832153,0.9379444458442123,True
PRAD,3,THYM,0.23297944766244513,0.03965024920934623,2.0882079457641063,False
STES,1,STES,0.9412337539867596,0.9181565524914984,0.3120113976859529,True
LIHC,2,KIPAN,0.13817694805974834,0.003728017619135854,2.8184732809797017,False
BRCA,6,HNSC,0.474451083928651,0.19003156583127812,1.4165581224682326,False
GBMLGG,14,THYM,0.49067237795949636,0.3130447961110153,1.6107348949245783,False
KIRC,5,PCPG,0.13210324423354436,0.015613713517348901,2.8876010149592157,False
STES,1,STES,0.7522717968128475,0.616534085836261,0.961244322166278,True
STES,1,STES,0.4521049933239839,0.21354160154704432,1.5084645052176993,True
CESC,4,LUAD,0.15012982488115464,0.046931281687195056,2.818978830856874,False
KIRC,1,KIRC,0.643211968355013,0.5745352212523684,1.6186674178467817,True
LAML,3,THYM,0.37126243822209354,0.2601268415567198,2.1982312301037394,False
BRCA,6,SARC,0.15371887786141636,0.05022385360366585,2.8615170505505394,False
ACC,1,ACC,0.8689279439994403,0.8425769339802722,0.7147325422283466,True
LAML,1,LAML,0.6299524027924861,0.5520091855897297,1.575727256992357,True
LUSC,1,LUSC,0.7030204741331653,0.573458103377033,1.0839327097820906,True
PAAD,9,PRAD,0.18472263760888477,0.08199882832361799,2.8187902746093316,False
SARC,1,SARC,0.15587101214066865,0.025482492011508012,2.897977819177436,True
UCEC,1,UCEC,0.8229062011850449,0.7214247852287355,0.760729021481277,True
UCEC,1,UCEC,0.6754877837016607,0.5923190055374776,1.4563065655051595,True
LAML,2,THYM,0.49067237795949636,0.3130447961110153,1.6107348949245783,False
LUSC,1,LUSC,0.4438353893382713,0.14105032350363317,1.5905145476895366,True
PAAD,1,PAAD,0.25334366067733954,0.06563046292662145,2.3891404947255723,True
LUSC,1,LUSC,0.33365595855724606,0.016224828694706206,1.958310274891313,True
UCEC,1,UCEC,0.7825191721834657,0.7274429038754324,0.9919488083727868,True
TGCT,1,TGCT,0.7807015389851911,0.7532430623465003,1.1481426860449495,True
HNSC,2,STES,0.49426211688974103,0.32859014655135593,1.7939009960592331,False
GBMLGG,13,LUAD,0.22454401023684636,0.12169425486342283,2.622291577661896,False
LUSC,1,LUSC,0.8531000053552606,0.8061414990528921,0.685565354972211,True
BRCA,7,PRAD,0.24339742233125486,0.06707671495414438,2.26913738249171,False
LUSC,1,LUSC,0.7723129814963684,0.6801829781975068,0.9549341973725065,True
BRCA,9,KIRC,0.10846605896949768,0.027144744992256165,3.045825059649672,False
BRCA,2,KIPAN,0.24740359335819312,0.035526576011281175,2.526868633243084,False
HNSC,17,SARC,0.08782649834357108,0.006802432277067186,3.0430530459613014,False
THCA,1,THCA,0.8642288277848106,0.8419064650380672,0.739134404635214,True
KIPAN,3,LIHC,0.15409068275776888,0.044940596887305465,2.791861395907585,False
PCPG,3,PRAD,0.1576265147540196,0.025603399507066055,2.5356375121721273,False
UCEC,16,BRCA,0.16833170954490123,0.04569256970962912,2.793823553532775,False
LUAD,1,LUAD,0.3137959879188978,0.10027366056163459,2.1037359123594435,True
THCA,2,THYM,0.2508622617666704,0.06279019790488094,2.0844029534462347,False
STES,2,CESC,0.21793546849849543,0.03489241413440944,2.6954471659481483,False
SKCM,1,SKCM,0.8844148292099622,0.83532582668507,0.5866533407554071,True
GBMLGG,4,PAAD,0.19150199814248287,0.06948157696748836,2.769706399757189,False
COAD,1,COAD,0.5244708044122459,0.39908681679814695,1.7243689846935446,True
CESC,2,BLCA,0.43309488014599395,0.16895682439773796,1.2482090344558687,False
PRAD,1,PRAD,0.15587045662416182,0.006226539775635809,2.7787461886371965,True
BRCA,4,LUAD,0.13481037598059592,0.005958244327987472,2.6849935469611474,False
OV,8,BRCA,0.12081913678166256,0.00488969684785627,2.795429630747215,False
LIHC,4,OV,0.17836535792749492,0.0353880362244946,2.60416501255429,False
LUSC,1,LUSC,0.8376203401875219,0.7128509784738981,0.6096844456087817,True
COAD,1,COAD,0.7447186695777815,0.6826613397205256,1.1775939420325643,True
SKCM,1,SKCM,0.9987831420611956,0.9984965717850338,0.011874473787301268,True
LIHC,1,LIHC,0.41630334485613407,0.3238482233005972,2.3055093383876537,True
BRCA,1,BRCA,0.46724831274666856,0.35692064610815455,2.168085865896372,True
LUAD,3,CESC,0.27547439212023367,0.03767585655812769,1.8390892443232414,False
KIRC,6,TGCT,0.16281114439036837,0.05609732838858761,2.8778023946090414,False
STES,23,PRAD,0.1256962950462302,0.03976361722020641,2.9894695402425366,False
BRCA,1,BRCA,0.5437932931630811,0.43371758936010846,1.7920163777569278,True
TGCT,1,TGCT,0.5145098681411922,0.4364163600089407,2.0272916306263093,True
BRCA,2,OV,0.25772693729239804,0.027514651392107237,2.44731951577287,False
PCPG,1,PCPG,0.3297207638987531,0.20908090725416983,2.2810883819617396,True
KIPAN,12,SARC,0.24445761028742388,0.1402982209023839,2.54743065277626,False
KIPAN,12,CESC,0.5221506240720087,0.34816978095181594,1.6086404125377756,False
BRCA,1,BRCA,0.23073325582168516,0.021475211736194877,2.4234690726338224,True
STES,1,STES,0.7487854618783415,0.6337157424654233,0.9897656699802557,True
UCEC,5,BRCA,0.4165315960793923,0.2942419760192985,2.208364157714567,False
STES,1,STES,0.455206945819379,0.30940446218414697,1.8760300067971092,True
UCEC,1,UCEC,0.3449302486772982,0.17676679176542134,2.24168378844968,True
LIHC,12,KIRC,0.13961566463240144,0.008409038769522093,2.9207649177711654,False
HNSC,1,HNSC,0.3494419829013627,0.1271514473001698,2.062347806139294,True
SARC,1,SARC,0.16415022756937575,0.03924369172944414,2.8793434912554776,True
PAAD,2,OV,0.33354336535459134,0.14234900911331771,2.223879773746636,False
LUSC,1,LUSC,0.2728724801513493,0.08770228998909366,2.201664359129051,True
PRAD,3,PCPG,0.1917888296331096,0.02674052012167652,2.348513247287397,False
SKCM,1,SKCM,0.8818658146556719,0.8337592286531714,0.5734284321797128,True
BRCA,1,BRCA,0.7022636189402904,0.6209755161754531,1.2607423659961676,True
CESC,3,HNSC,0.25849896761172203,0.08914406629266383,2.332211050069823,False
LUSC,4,CESC,0.19034050866707827,0.07404446946854129,2.5988745701445755,False
KIRC,3,KIPAN,0.6715251445206316,0.4806356620717267,1.1153923354191388,False
KIPAN,1,KIPAN,0.20825249352156977,0.061711014489015725,2.5817510875947494,True
BRCA,2,UCEC,0.2562801545864906,0.07335670309457162,2.61213787347741,False
DLBC,1,DLBC,0.9992120756225616,0.9990828907559527,0.008504536306215858,True
BRCA,6,TGCT,0.2629427965868418,0.1102975481404517,2.4662293144419776,False
COAD,1,COAD,0.8633569548911166,0.7963746226306402,0.63858100475627,True
GBMLGG,1,GBMLGG,0.375974702626468,0.060856548968601154,1.8411583574433528,True
TGCT,1,TGCT,0.24795426983833468,0.1273246879045924,2.685575450015842,True
THCA,1,THCA,0.8045605277524904,0.7662539895329035,1.0260081148408091,True
HNSC,1,HNSC,0.5962587597198522,0.4676550479478494,1.5826418033059737,True
HNSC,1,HNSC,0.5192891436586541,0.38824575226947133,1.7309511502510744,True
HNSC,1,HNSC,0.7446164459455504,0.5384647212953091,0.7715134765645091,True
LGG,6,LAML,0.5367125999512257,0.44524218007059374,1.7928144962807628,False
SKCM,1,SKCM,0.9995264848057697,0.9993206112682084,0.004725732556707964,True
GBMLGG,5,PCPG,0.09443338157085594,0.00022446364025857646,2.9490020254055755,False
KIPAN,3,TGCT,0.25325760491506777,0.0461143110704777,2.4412890165030974,False
BRCA,6,HNSC,0.21314671996083245,0.08279079338845988,2.459163653117569,False
SKCM,2,THCA,0.6321943966967841,0.5452132205485517,1.6659824850609666,False
LAML,4,THYM,0.3348457748054805,0.1432397018128438,2.175662399996423,False
GBMLGG,1,GBMLGG,0.5353820861715096,0.15643527933551254,1.1632626779761712,True
LGG,1,LGG,0.6939297833406444,0.4189871860526205,0.7790045056668947,True
SKCM,1,SKCM,0.9988459368063877,0.9983025942513227,0.01067284473480417,True
PRAD,1,PRAD,0.19578720736340605,0.0745564926769765,2.789008320110157,True
STES,2,COAD,0.18406631183205696,0.018332600723752812,2.487115538522549,False
LIHC,1,LIHC,0.34998418232918893,0.2195690468874739,2.197034662527317,True
SKCM,1,SKCM,0.679209048606614,0.6350705838489912,1.4773101346054491,True
SKCM,20,TGCT,0.18911232212745668,0.04093937610132098,2.7153165633679457,False
COAD,1,COAD,0.3655854414393332,0.13792912476466693,1.7495760656537753,True
PCPG,3,PRAD,0.19336451271536312,0.0269040311911469,2.4754277213141793,False
STES,1,STES,0.21943079305488722,0.005762993995307775,2.258993692601462,True
STES,1,STES,0.6305890150162808,0.5145190338201163,1.4052437745570596,True
CESC,11,KIPAN,0.2582793412328635,0.07304377510332441,2.449031207671593,False
CESC,4,LUSC,0.2678134835322594,0.013949603341968486,1.8109195805356508,False
COAD,1,COAD,0.929338433079074,0.9015638519732556,0.37261704645648314,True
SARC,3,PCPG,0.17481712708593272,0.02087856972692481,2.66792548795405,False
SKCM,1,SKCM,0.9176522620248727,0.9040247232865932,0.4876454147587413,True
GBMLGG,1,GBMLGG,0.4075513527641224,0.24094978244174028,2.0752802274244906,True
GBMLGG,9,DLBC,0.15233026405898087,0.0053272843224461686,2.745542710442732,False
PAAD,1,PAAD,0.25013071757679234,0.04417727968711688,2.281023794981014,True
GBMLGG,1,GBMLGG,0.3545261390106719,0.18712635690124085,2.1878643743047412,True
PRAD,3,KIPAN,0.22343097299729064,0.09422222270133596,2.6667255284316616,False
LUSC,2,LUAD,0.5947616803635396,0.2997697943874572,1.0273765083882356,False
BRCA,1,BRCA,0.5067428266679075,0.4479164258106457,2.0925287621755135,True
STES,1,STES,0.3923608144293291,0.1299932327430624,1.89692716119846,True
PRAD,2,PCPG,0.17725978088292435,0.005347251679894471,2.407204602253467,False
THCA,5,THYM,0.3519645266770336,0.2085797476870424,2.0031146200647805,False
ACC,1,ACC,0.8258629259666709,0.7248828178831755,0.7288021997789754,True
LUSC,1,LUSC,0.41843490351960194,0.23831754309573108,1.6989805562705815,True
KIPAN,14,LIHC,0.15572914672426705,0.05453721500859551,2.840592027720184,False
THCA,1,THCA,0.8291271912907145,0.7931794400891821,0.9035525922731104,True
LUSC,1,LUSC,0.43483502441387506,0.3264219520774678,1.9194302128100706,True
STES,22,KIRC,0.1377886358418809,0.016124792089165896,2.932839029543995,False
BRCA,2,PCPG,0.18539757173527147,0.07738794030300536,2.622820534509343,False
PRAD,1,PRAD,0.19262659685386843,0.05695909742444588,2.4981918600028195,True
OV,1,OV,0.17825115833239813,0.0025410949636597013,2.520698052047134,True
LGG,16,TGCT,0.1908490099974477,0.08207195416516347,2.853718792369579,False
LGG,1,LGG,0.40409649632136524,0.040415914080490556,1.7025379240945586,True
OV,3,PAAD,0.17615607862275087,0.03149543788674683,2.5582855279664534,False
GBMLGG,2,LGG,0.5028713498029377,0.17974338480540925,1.408033874270722,False
GBMLGG,2,LGG,0.6532363865443219,0.3837104670299325,1.0006471209640495,False
BRCA,1,BRCA,0.2934957368732697,0.13661051830240026,2.3523722582044644,True
KIPAN,1,KIPAN,0.44385252515630347,0.2781160879301263,2.0870442330035726,True
BRCA,1,BRCA,0.6913083828652793,0.6011073916185371,1.3849084067935606,True
SARC,1,SARC,0.1356761634241695,0.03234861861932327,2.9495698116399156,True
BLCA,4,HNSC,0.37901008257766156,0.16373829396558656,1.7513723216137065,False
GBMLGG,5,STES,0.11119857456348504,0.0033053681331346035,2.9523399813954745,False
STES,1,STES,0.6056907501186811,0.38260358424664564,1.2880590162807644,True
STES,2,HNSC,0.4056715762630316,0.26519741741493236,2.147108985009012,False
UCEC,1,UCEC,0.4399312778136412,0.22689718232563005,1.983433980175948,True
CESC,9,PCPG,0.34153963234878076,0.22942070144740961,2.402415383294736,False
LGG,1,LGG,0.7302552250407399,0.4928359902269004,0.7446090889177551,True
LUSC,2,LUAD,0.4682479410838229,0.12443815818619208,1.2923782966647923,False
GBMLGG,1,GBMLGG,0.26370206045472433,0.16025916970843873,2.652031060745819,True
CESC,1,CESC,0.5285261736798073,0.4344672675180655,1.8002879957353712,True
UCEC,1,UCEC,0.5307069106834396,0.3137576597795594,1.3617344163150018,True
BRCA,3,PCPG,0.1482627069656817,0.007567898076420443,2.692070446663674,False
LIHC,3,BRCA,0.1611044721793619,0.01768113691258505,2.6602675930826627,False
CESC,1,CESC,0.41983654221506866,0.2630115506024324,2.0224540156135493,True
COAD,1,COAD,0.9068267651841124,0.8821790292920153,0.5406394699457768,True
BRCA,3,OV,0.3354781764886576,0.19905900633029397,2.3979542251338413,False
UCEC,2,BLCA,0.5751127078101043,0.3218969147800433,1.2704488074639544,False
KIPAN,1,KIPAN,0.7068387620805354,0.48795196211318437,0.9816391660617161,True
CESC,6,PRAD,0.10804138010157083,0.006387613963596328,2.96838813663444,False
LUSC,1,LUSC,0.5264086450227023,0.42714327214020353,1.758393130731869,True
PCPG,3,LAML,0.28528969357188944,0.15013780599041354,2.2927111431736913,False
BRCA,7,KIRC,0.19780497345626938,0.06003761319635831,2.5573196147778887,False
SARC,2,PRAD,0.16312075660116016,0.06172079225829066,2.8736908543388924,False
SKCM,1,SKCM,0.778793990380568,0.7312254605504216,1.0540629275003404,True
THCA,1,THCA,0.5651487682432865,0.49593009574556796,1.9511682560609802,True
THCA,1,THCA,0.8044999809544389,0.7766409116455602,1.027989342384642,True
LGG,7,THCA,0.9272513909475187,0.9072068693263481,0.40478671674598554,False
SKCM,1,SKCM,0.9283796144597414,0.9054367710700948,0.39535260759687363,True
THYM,1,THYM,0.5293989698264331,0.3612675612693449,1.5185777561627403,True
ACC,1,ACC,0.9984346147397847,0.9978564614367369,0.015047133292678906,True
BRCA,1,BRCA,0.3517143239420684,0.26932586820043436,2.404886166449841,True
HNSC,4,LUSC,0.7705964802877576,0.651672510916937,0.8624179261172051,False
BRCA,1,BRCA,0.2770011595342705,0.16604638824304918,2.574321961373284,True
SKCM,18,PRAD,0.16335408134741627,0.0350562775626847,2.8964911135743243,False
STES,2,COAD,0.5904764214908639,0.4251699516583878,1.4734151654176502,False
KIRC,1,KIRC,0.38059165923710186,0.05046424249775289,1.8372774660015205,True
KIRC,1,KIRC,0.8376957004582651,0.688036663824716,0.5194375779901018,True
UCEC,1,UCEC,0.7313194096966464,0.6797126403474317,1.2932333833478753,True
CESC,3,BRCA,0.35204339322484146,0.21499021531540147,2.4155453050855087,False
KIPAN,1,KIPAN,0.27703273447935217,0.1614921399846359,2.654081746398067,True
HNSC,1,HNSC,0.39958392842659135,0.2161351265969376,2.06419775305873,True
SARC,7,THYM,0.15611904952028427,0.012696324642343243,2.5248880016326316,False
GBMLGG,2,LGG,0.743530981689562,0.5687386918240105,0.9130553098922373,False
LGG,1,LGG,0.20222546108428388,0.09879998837439347,2.807256661954381,True
LGG,1,LGG,0.6117155300528297,0.36491496851493327,1.3030644938387532,True
THCA,1,THCA,0.8050508228748239,0.7589837389904462,1.010021435038143,True
OV,13,LAML,0.14747504215774984,0.003209203659227805,2.6531640012067417,False
SARC,2,OV,0.3276583778557156,0.22070018980596362,2.4384353969516432,False
KIRC,1,KIRC,0.571420167440122,0.2465236673970947,1.2057633019689469,True
PRAD,5,BRCA,0.1604338261412374,0.007373079533953747,2.744555456653871,False
LUAD,4,STES,0.7020240866794064,0.559599861214436,1.0148593471213119,False
SARC,1,SARC,0.28591436220916405,0.19114101727086844,2.686267970148504,True
KIPAN,1,KIPAN,0.5857196015883952,0.3164389196816376,1.3466037203467314,True
BRCA,1,BRCA,0.512595903708296,0.4154846838035717,1.9959087901439525,True
UCEC,3,BRCA,0.26651211726814744,0.08862684385700018,2.276776495307453,False
GBMLGG,2,LGG,0.6297499283210902,0.28919394636805223,0.8264185939328238,False
OV,2,LUSC,0.28503603807451017,0.0035081503417374593,2.0880673769942835,False
LUSC,1,LUSC,0.6576858122237469,0.5429386835521374,1.2974751126273605,True
SARC,3,CESC,0.22766029218549166,0.08699537578196909,2.5517817095978246,False
LUAD,13,SARC,0.2631796349279061,0.03863084387984356,2.32587453467929,False
SARC,1,SARC,0.15992863071598015,0.020692990634591957,2.877752678037893,True
KIRC,8,TGCT,0.19798226455110918,0.09053923779888697,2.792112711001566,False
COAD,5,PAAD,0.6034229591657334,0.5329046495121069,1.7353850604114451,False
BRCA,1,BRCA,0.24143684202682128,0.11264120178700948,2.7109213873359392,True
COAD,1,COAD,0.9105719949246998,0.8623274115735615,0.4652188132623124,True
CESC,1,CESC,0.15134785498530778,0.010466977559111468,2.8045225826522184,True
KIRC,20,SARC,0.1345070021276962,0.03372769473558626,2.926609762106273,False
BRCA,1,BRCA,0.2799784084864057,0.048362252363018526,2.263464938640719,True
STES,1,STES,0.4312187619875707,0.2932453485102395,1.9456653010476541,True
BRCA,1,BRCA,0.2970731428422833,0.11285620441574418,2.2175450208745597,True
LGG,1,LGG,0.6882017001859277,0.4480209036890185,0.9939543494127218,True
BRCA,2,OV,0.2613186743457108,0.11974896065385163,2.5141917058335888,False
TGCT,1,TGCT,0.26893717063075734,0.16016810394831382,2.661667649225137,True
COAD,1,COAD,0.7809791163981671,0.692519510700022,0.8531924757821526,True
LAML,3,PCPG,0.18886762158914636,0.05292514605949056,2.475252145581744,False
KIPAN,1,KIPAN,0.3815690239028525,0.04945060558959902,1.9088931635145239,True
KIRC,1,KIRC,0.2481146241098554,0.10809622423099888,2.610396293548377,True
SARC,5,PRAD,0.2135867953407491,0.0895612785942093,2.5968860527911857,False
KIRC,8,BRCA,0.14584422050388623,0.02751018095408024,2.8402558549300547,False
BRCA,6,SARC,0.18836283423926264,0.07560526475319361,2.8146110411034484,False
STES,6,COAD,0.13460195371671382,0.008790090880689438,2.830122464881116,False
TGCT,5,SARC,0.16408978444524192,0.02003355511311805,2.7867372800932375,False
UCEC,1,UCEC,0.19012833070998267,0.0043770373856119316,2.672245885385965,True
KIPAN,2,KIRC,0.37469340315675365,0.010036110332842685,1.7563554365486194,False
BRCA,1,BRCA,0.6516546764144334,0.5861400521741214,1.5361443887221058,True
SKCM,1,SKCM,0.9876118113127504,0.9818290062736499,0.085208991019525,True
TGCT,1,TGCT,0.26641003162697874,0.056716488653782315,2.498283143359937,True
STES,6,OV,0.17087762047687424,0.0515211343685775,2.7954641075320974,False
KIRC,1,KIRC,0.8016679581092223,0.6339775830167639,0.6648102282953758,True
LAML,2,THYM,0.25199041506119496,0.08973291778244649,2.347391219081514,False
BRCA,1,BRCA,0.8000414066944973,0.7258320902693459,0.8628872616579708,True
LGG,1,LGG,0.5477892350081017,0.19752632106262635,1.170218277251409,True
STES,2,COAD,0.5802065804623292,0.19286213571789124,0.8384062774674933,False
HNSC,3,LUAD,0.7687256459808505,0.7114708239982147,0.964640424017057,False
PCPG,4,THYM,0.5347016919658176,0.33302860641605325,1.4695847261221497,False
PCPG,9,LAML,0.1736003645101641,0.0008089393552465907,2.5037618885266424,False
BRCA,1,BRCA,0.8485719955974772,0.8247787886813783,0.8367612288770134,True
PAAD,13,THYM,0.20129060183082223,0.06457680761492995,2.50717616298233,False
BRCA,1,BRCA,0.44434169326058853,0.266221656784888,2.058353450544354,True
GBMLGG,12,PRAD,0.15257465020674488,0.04659894313830888,2.8745946200501056,False
KIPAN,3,UCEC,0.1885201035174354,0.0500997751484627,2.7381272471051017,False
PRAD,1,PRAD,0.21457721516489628,0.12262668694857358,2.7637531147855157,True
BRCA,1,BRCA,0.7776939094881716,0.7312706990242289,1.1371676395455081,True
PRAD,5,LIHC,0.3890053949595672,0.29913951679976875,2.3998475611963097,False
BRCA,1,BRCA,0.6910849015686096,0.5985871754525642,1.4117566860397242,True
BRCA,7,UCEC,0.29540747940581835,0.08318917604367149,2.2999985888061496,False
STES,1,STES,0.8226807976717815,0.6495066469393134,0.4928682079066353,True
PRAD,1,PRAD,0.179630153003215,0.041131781285494384,2.506059370109241,True
HNSC,2,OV,0.23398935050997613,0.07336731956277151,2.4812634634156465,False
GBMLGG,2,LGG,0.534287295721871,0.22640381643204405,1.3686545063199036,False
GBMLGG,4,TGCT,0.16323485058073356,0.08346752372734798,2.981945556805196,False
LUSC,1,LUSC,0.7284202326957258,0.5988653736750993,1.0999355171243284,True
PRAD,1,PRAD,0.20281866601540835,0.06449104501669078,2.756443693734916,True
LGG,1,LGG,0.7474184130966655,0.5225956028880998,0.7306695781281943,True
PCPG,3,LAML,0.271766280596849,0.0603050386466209,2.0715935589456844,False
KIRC,17,OV,0.2189129070227639,0.07730715680326625,2.467217617525121,False
HNSC,1,HNSC,0.27230888694474786,0.0961561355169864,2.312237555215413,True
BRCA,4,UCEC,0.29845593796284264,0.04932014385773048,2.3161374255352096,False
COAD,2,PAAD,0.21087191769428035,0.1346313342698815,2.8281372168234067,False
LAML,1,LAML,0.6829107681821373,0.6061478645493971,1.3824681333075826,True
LGG,3,SARC,0.2457799747036632,0.03413794913289031,2.337162612517771,False
THCA,8,PRAD,0.18930887256960852,0.0470687873163628,2.8408911212766417,False
LAML,8,THCA,0.09803594777967459,0.003964431033518165,2.9082380278440523,False
UCEC,1,UCEC,0.6751065309906232,0.47417675349891314,1.104416321193186,True
PRAD,1,PRAD,0.15748581081240176,0.014118641427540546,2.663995906470425,True
ACC,1,ACC,0.47192786918402435,0.41251533539528645,2.255274376422225,True
KIRC,11,PCPG,0.16691962468111832,0.005500673949012491,2.4579475692256327,False
GBMLGG,2,LGG,0.6057641508306929,0.24369279141041478,0.8556825910795336,False
SKCM,1,SKCM,0.8659137913905175,0.7887289689038327,0.5467506282388791,True
LUSC,2,LUAD,0.4699392170970039,0.1629920252574562,1.3608402839725613,False
LGG,1,LGG,0.7213083110912717,0.5006998354382561,0.8704138094119136,True
BRCA,1,BRCA,0.6923611772229683,0.6339469451351563,1.3839993820615886,True
GBMLGG,1,GBMLGG,0.2645866582097485,0.14862420461824233,2.628866376109027,True
PAAD,1,PAAD,0.2001778312939731,0.036296099035623364,2.5927866464349645,True
COAD,1,COAD,0.7648187358057317,0.690208014174836,1.0732564947564747,True
KIPAN,2,LIHC,0.18927779419147117,0.07751356656927308,2.7997722409232186,False
COAD,1,COAD,0.7672304593500958,0.6921758593286024,1.0717417662459914,True
LUAD,1,LUAD,0.7636029298860219,0.6227899336166658,0.8788977237735754,True
HNSC,1,HNSC,0.2311439483618785,0.0450948023798107,2.435111701916883,True
PRAD,4,PCPG,0.2561026898239731,0.09047848729541905,2.3806074726170716,False
LGG,1,LGG,0.5966783389948267,0.3082604822020519,1.2272148084488672,True
THCA,4,PCPG,0.27031778253412336,0.10154356792816333,2.14437304208315,False
SKCM,1,SKCM,0.4954772521011617,0.40223927407152643,1.9426933008005196,True
BRCA,3,OV,0.23672806791110418,0.1336578721996452,2.5454288993444067,False
STES,1,STES,0.9399659077146998,0.8988872133770737,0.2866289832987463,True
HNSC,7,CESC,0.3411626965135928,0.10521170957492718,1.8255394708089459,False
GBMLGG,2,LGG,0.6423959686705735,0.35511857020498583,0.988004075448743,False
PCPG,1,PCPG,0.24567407355314255,0.09071862302697811,2.3779594070012666,True
LGG,1,LGG,0.5338710166576373,0.14167291499520146,1.114592742964526,True
BRCA,1,BRCA,0.4134490877595433,0.34336226937874886,2.3797370029807574,True
COAD,1,COAD,0.7308079234036147,0.6547488552533186,1.2330817665562628,True
KIRC,3,BRCA,0.4234074024783917,0.2993135740961535,2.207621427551203,False
STES,2,GBMLGG,0.23136966495231764,0.05586962898067305,2.2829799294547337,False
THCA,5,PCPG,0.16000765887104632,0.011129334795063922,2.5035435565435034,False
DLBC,1,DLBC,0.6608232883103943,0.588691907573522,1.460100701801423,True
LUAD,4,STES,0.4504562830979505,0.3224693392383835,1.9478359726337962,False
THCA,1,THCA,0.8111611223357916,0.7787910272690479,0.9903564570569339,True
PRAD,5,PCPG,0.2892869930687518,0.0916022335544614,2.222096906060061,False
THCA,1,THCA,0.8435516545111093,0.8115987772025187,0.8602035226855654,True
GBMLGG,2,LGG,0.5325119888063969,0.3688032933289034,1.5470719271654365,False
LUSC,1,LUSC,0.5331536586821568,0.37824486588885264,1.5983197262363518,True
KIPAN,1,KIPAN,0.5476708139209581,0.19643439863593354,1.2038966905392876,True
KIRC,1,KIRC,0.37362208567434707,0.22027128435083237,2.308504183107062,True
LAML,1,LAML,0.4035735833911163,0.2177332238910708,1.7958345477045927,True
KIPAN,1,KIPAN,0.7654376322571848,0.5516320546334664,0.6727424646242056,True
GBMLGG,1,GBMLGG,0.39551770991557816,0.018806250465091878,1.53031847468055,True
HNSC,4,SKCM,0.8942329500433347,0.8035866781307195,0.40041756426067365,False
OV,2,LUAD,0.1830240041201158,0.022914944215900207,2.438397654045487,False
THCA,1,THCA,0.8665107476905468,0.8439367700122803,0.7368719871312855,True
THCA,1,THCA,0.8961880611532214,0.8769398218686606,0.6194373989031497,True
GBMLGG,13,BRCA,0.11472346828481311,0.032286761642649556,2.970964755571429,False
PAAD,2,OV,0.22018595888297451,0.05743217689567834,2.4755125715696495,False
GBMLGG,12,BRCA,0.09320942624987974,0.001298002942212037,3.007726445607664,False
THCA,1,THCA,0.928148391561174,0.9102919989306226,0.4289043602829716,True
GBMLGG,2,LGG,0.6045347381962533,0.362896348792255,1.3543559278677224,False
SKCM,1,SKCM,0.7679493632654621,0.6940292976141168,0.9948497015260264,True
LGG,4,GBMLGG,0.3745370712827589,0.2746799892941306,2.4759528194134983,False
BLCA,2,CESC,0.5809530624285234,0.4550251967395209,1.4949209312734038,False
KIPAN,2,THYM,0.14403420787328533,0.00731997197018916,2.6852788494400057,False
CESC,1,CESC,0.20699645893016458,0.012270524400750188,2.655438844891889,True
LIHC,3,KIPAN,0.3509696826998639,0.08373254077001174,2.1235254860186132,False
GBMLGG,12,LAML,0.16777292069863164,0.008419752209249898,2.441323201106636,False
KIRC,1,KIRC,0.8358772360762259,0.7045789275034104,0.6139812358346369,True
OV,2,PAAD,0.23928983987054592,0.06287041040447142,2.4562360704877957,False
BRCA,4,SARC,0.1406650510134245,0.022027708072029403,2.8740398552231334,False
SKCM,1,SKCM,0.8461732288263751,0.7948815432664521,0.7395580796637633,True
PRAD,1,PRAD,0.2441877227219738,0.07060831447514437,2.631807407815182,True
SARC,4,OV,0.3237177330397289,0.1410715684902719,2.364986491072262,False
OV,1,OV,0.2569333617405501,0.0055441558457867135,2.351840455754114,True
KIPAN,1,KIPAN,0.5555767783071445,0.39867232580110296,1.7119979890905854,True
OV,3,LUSC,0.3018021284424976,0.11947217579266478,2.2380238129357526,False
KIRC,1,KIRC,0.7484408816002759,0.5401817703810534,0.7931388925092454,True
SARC,2,OV,0.19612602378917673,0.06737806239458602,2.726671960989657,False
SKCM,1,SKCM,0.9370302787241727,0.9162607547592383,0.3543175420721096,True
THCA,12,KIPAN,0.1347375290801282,0.021366632328133864,2.8389647781269916,False
PAAD,1,PAAD,0.43518850366907574,0.3341737337971421,2.20907308854522,True
SKCM,1,SKCM,0.6726119898437896,0.5793280183877507,1.4633107224503723,True
LUAD,1,LUAD,0.7059902684917043,0.6431954754600107,1.2628592147465993,True
HNSC,1,HNSC,0.386168606256392,0.2873074541670856,2.247154733054893,True
BRCA,6,THYM,0.18808465423133655,0.0661013322726625,2.693478280473351,False
OV,2,BRCA,0.46309992602275174,0.28663317816628,1.9903762547591233,False
LUAD,3,LUSC,0.49938139746895444,0.28589932649170524,1.6223461475753647,False
STES,1,STES,0.8238329147113913,0.7705338051307904,0.8655508364253858,True
PAAD,3,OV,0.36252518641488646,0.2257347984831944,2.314609824884198,False
THCA,1,THCA,0.6407278879171779,0.5771490040356885,1.7076524289557085,True
OV,1,OV,0.4837783866415361,0.4137651306815922,2.137647794574848,True
DLBC,1,DLBC,0.23525347658370885,0.025744543401801545,2.2487452343210204,True
COAD,11,STES,0.1819359130511286,0.030164434136342094,2.6840598299991436,False
GBMLGG,2,LGG,0.7166967252646883,0.4824249008766382,0.8469608776717604,False
PAAD,1,PAAD,0.34158588680537105,0.21130948526357785,2.4856046931128404,True
SKCM,1,SKCM,0.9999467308875392,0.9999239104199675,0.000667131088305311,True
LAML,1,LAML,0.4305693652948246,0.2891497709880736,1.8990637071245164,True
LUSC,1,LUSC,0.6762354737223284,0.4700697531358439,1.0338210263652443,True
PRAD,1,PRAD,0.3983656431920972,0.3292139740431184,2.4314989615518523,True
HNSC,1,HNSC,0.8451068024391182,0.7918145676272973,0.7102815280346053,True
PCPG,2,PRAD,0.20394754207710986,0.027826847403317756,2.5425819650911428,False
BRCA,3,HNSC,0.20340850308215563,0.013239829345158494,2.3919287919689487,False
OV,1,OV,0.2084660507763181,0.08320201844272837,2.695677071010404,True
CESC,9,LAML,0.3130726090063577,0.14177384251675934,2.106139987133344,False
KIPAN,6,PRAD,0.21021230435837934,0.10020021274861908,2.775802618564037,False
BRCA,2,PRAD,0.20739530616026078,0.10340569462056616,2.825241462897983,False
TGCT,1,TGCT,0.4639066084117017,0.3867700334931951,2.178744688950849,True
SKCM,1,SKCM,0.6052461177650063,0.5305243205613945,1.6568143925505876,True
STES,1,STES,0.23690322700115818,0.12190611232599559,2.6500869130944924,True
KIPAN,1,KIPAN,0.768488109100603,0.5784452110444771,0.7669885505922046,True
BLCA,1,BLCA,0.6473504147000564,0.45701739567484134,1.2402975566942869,True
BRCA,1,BRCA,0.8070249726773363,0.7642696505447979,1.017983885181479,True
CESC,7,SARC,0.1535319106333116,0.08482781888499849,2.966125288173831,False
UCEC,1,UCEC,0.6709257302737635,0.5037187887722132,1.1855189296095272,True
SARC,6,GBMLGG,0.2361592543740437,0.009418875147880396,2.465213860836454,False
KIPAN,1,KIPAN,0.223523976864672,0.01674959081859112,2.555303816554653,True
PRAD,1,PRAD,0.18570154050185977,0.03681980494804077,2.678780685471085,True
THCA,1,THCA,0.25247220718492386,0.09640660321958186,2.357740796299688,True
KIRC,13,GBMLGG,0.15718077920511417,0.024009139563653442,2.5534819091129406,False
PRAD,1,PRAD,0.18825410512312019,0.013604803945355237,2.683276608419203,True
KIRC,1,KIRC,0.28359697101014164,0.21028961113106717,2.74184186461225,True
LAML,1,LAML,0.9707933801406644,0.9630868729377396,0.19938928562020783,True
LIHC,4,LUSC,0.28669994773915225,0.08763447313556358,2.272632495989552,False
KIPAN,1,KIPAN,0.8466628547440131,0.7360871965135192,0.6284953438931301,True
THYM,1,THYM,0.5293989698264331,0.3612675612693449,1.5185777561627403,True
HNSC,6,OV,0.2657326601529657,0.025100244594717658,2.306125498521785,False
LUSC,1,LUSC,0.4347477144252339,0.2305560955179698,1.9305413499714421,True
LIHC,3,HNSC,0.19260920925717015,0.028444705697381806,2.5596028106948503,False
LAML,12,PRAD,0.14132678119321548,0.009569139033760193,2.847484064361876,False
THCA,1,THCA,0.9390118656640041,0.9228281800667564,0.37206856544075695,True
PRAD,3,THYM,0.3626198096519244,0.23012786219803943,2.1825622450812636,False
THCA,3,THYM,0.471051004341506,0.25934736256238977,1.5862568707162252,False
CESC,2,HNSC,0.24397800947021145,0.09055030377178716,2.391180273665835,False
STES,1,STES,0.20264810242002332,0.04042692763438399,2.5526328547156805,True
LUSC,2,HNSC,0.29690185831653465,0.04925017165411896,1.7123382980687325,False
TGCT,1,TGCT,0.290452678420494,0.14110555691885768,2.545829519919288,True
PAAD,1,PAAD,0.2975296460744949,0.15882306241887859,2.4281352449572386,True
THYM,8,BRCA,0.1814444651846359,0.051201715803137565,2.644529621701305,False
LUSC,1,LUSC,0.8413047594048095,0.757724920217635,0.6604060883523276,True
OV,7,PCPG,0.11556039259779666,0.002816855969418053,2.7952549143078347,False
SARC,1,SARC,0.12862833413281094,0.018041693472285236,2.9155236378852836,True
OV,21,PRAD,0.1604860833169537,0.0469512406543528,2.903305461259197,False
TGCT,2,CESC,0.29641994102380387,0.12693601533416252,2.51945143558759,False
LAML,1,LAML,0.15649983086448846,0.0045018791575908434,2.6176260728855736,True
BRCA,6,GBMLGG,0.1515126109747129,0.013324499397826844,2.77270497138039,False
KIPAN,1,KIPAN,0.18461812864986551,0.018850415773883883,2.694506463985701,True
SARC,1,SARC,0.30117954422462173,0.2231172218152151,2.717473822019131,True
PAAD,3,OV,0.2649166579543041,0.13105916954805633,2.5434341631764887,False
KIRC,4,PRAD,0.10803911562807712,0.018041037812762686,3.031084182089707,False
KIRC,1,KIRC,0.6362546981724474,0.32274807931481364,0.9318427191670511,True
SARC,5,LIHC,0.14818969824375589,0.03394571796079045,2.8208907147952114,False
SARC,2,PRAD,0.15893629163701778,0.005400061597302441,2.8178255760488304,False
DLBC,1,DLBC,0.5261044945178619,0.4298597374614735,1.863305662231689,True
LGG,1,LGG,0.5913234750468074,0.30409493020847517,1.143411222924605,True
BRCA,1,BRCA,0.9635468215278871,0.9581008611623649,0.25741035441392635,True
SKCM,1,SKCM,0.6511808988025055,0.5886767064468156,1.5987026357314167,True
PAAD,2,COAD,0.3613659531360253,0.17831726835313388,2.095258135621685,False
KIRC,1,KIRC,0.33437289212161814,0.03382804830420033,2.126404482354166,True
BRCA,7,THYM,0.19935661194900106,0.025588899389482028,2.2615513787867587,False
SARC,4,OV,0.24517333548696416,0.0700877352620091,2.412583515736092,False
LUAD,2,LUSC,0.37101821855231315,0.10415801058840135,2.0057769445298566,False
BRCA,1,BRCA,0.2209404123318818,0.063812420130585,2.396842799159004,True
GBMLGG,2,LGG,0.5758918134149504,0.2008605075348086,0.9530625592728905,False
KIPAN,1,KIPAN,0.8918170860775795,0.7913437574208385,0.39087056397835235,True
COAD,13,PRAD,0.1528598420663799,0.00033071638289389194,2.8564108878634444,False
TGCT,1,TGCT,0.1273060994084495,0.0004954635929683704,2.896449791284958,True
BRCA,3,OV,0.15085429227134092,0.018531754949473983,2.8257689141260918,False
GBMLGG,2,LGG,0.7493697444132235,0.5383496610720346,0.7532739067599266,False
PRAD,5,THYM,0.4685948592630702,0.34851090620115777,1.8411423383564942,False
LUAD,2,LIHC,0.32474103647218006,0.22188473346751159,2.4636724745337184,False
BRCA,7,SARC,0.2101845233796686,0.051091189061517606,2.6990485228053425,False
PRAD,4,OV,0.32033717659330513,0.1982961745743695,2.3668549616874266,False
SKCM,1,SKCM,0.996597138171352,0.9952133727661464,0.028116293644104447,True
PCPG,7,SARC,0.19917149573400378,0.025853767642684572,2.6681724706457937,False
THCA,6,PCPG,0.2399367471548031,0.08286069608049548,2.25054217129658,False
KIPAN,1,KIPAN,0.659294894147758,0.554204968323354,1.4711253468765078,True
SKCM,1,SKCM,0.9987476146646852,0.9983708857089152,0.011914014693969636,True
LGG,1,LGG,0.6593360898210674,0.3560271881557149,0.8400934582668648,True
UCEC,1,UCEC,0.20150113952601229,0.03731596626702974,2.6277547096811245,True
GBMLGG,1,GBMLGG,0.28335375853002737,0.05600296209789005,2.1727985134424666,True
BRCA,3,CESC,0.5383579973878669,0.4313191668082422,1.5210507102770006,False
UCEC,5,OV,0.22275993749205342,0.09203231550037108,2.437603553354503,False
STES,1,STES,0.6198331864225738,0.339480020900779,1.0777977682618667,True
STES,1,STES,0.8339452218729457,0.6931306235226562,0.5546857310634175,True
LIHC,1,LIHC,0.10988628872501405,0.001841209705390881,2.945119722583362,True
KIRC,1,KIRC,0.5277847214135177,0.21371275844599874,1.4097140395398369,True
BRCA,6,CESC,0.2201114314728122,0.10419671361465968,2.817660347872033,False
STES,6,LIHC,0.3501924734688036,0.2331827315147344,2.143883652619252,False
CESC,1,CESC,0.2476914594702555,0.04986646911695086,2.127046461470228,True
COAD,1,COAD,0.5637714399352939,0.5138989435284849,2.007204647652885,True
LGG,1,LGG,0.46703339791658693,0.0733396131269905,1.2478196504981758,True
LAML,1,LAML,0.9135186271289677,0.8905958615427483,0.4672596437529095,True
SKCM,18,TGCT,0.28262909168373035,0.19357190838602406,2.6919433742957923,False
GBMLGG,1,GBMLGG,0.6183100625735453,0.287135135225291,0.93182995805151,True
LUAD,3,CESC,0.20181040856375868,0.03624128410559874,2.381663984087229,False
GBMLGG,1,GBMLGG,0.25573591463657297,0.1807607636684963,2.8248020911423897,True
BRCA,2,KIPAN,0.13215982100813664,0.0209178041205548,2.9273906393473133,False
HNSC,3,SARC,0.1160161605525494,0.009524248222739298,2.794264641430711,False
SKCM,1,SKCM,0.9429256431398241,0.9226165411096998,0.3241041483410368,True
PCPG,1,PCPG,0.1644643698948912,0.011214077505324022,2.586644456327281,True
BRCA,3,THYM,0.2061993823298951,0.042082328594723634,2.515620837785132,False
BRCA,6,LUAD,0.26852905049835213,0.06524345108556903,2.3110297304570557,False
THCA,6,PAAD,0.41520804208162126,0.3325561943703603,2.414626303874287,False
HNSC,1,HNSC,0.7372488930290421,0.6738705542485217,1.1726133281365374,True
LGG,15,PAAD,0.2143136628842982,0.12485227261472162,2.8089542008169217,False
LGG,1,LGG,0.6424998118072276,0.3676600541125373,1.0553574213444818,True
LUAD,6,LIHC,0.1858363703462971,0.05886314669529885,2.671466748971676,False
LUSC,1,LUSC,0.21604644107339285,0.027408214751689502,2.292705448298701,True
LUSC,2,HNSC,0.34498028190394425,0.13586434030028272,1.9883254133763655,False
HNSC,1,HNSC,0.2943241427861996,0.017246334758329263,2.08449390372388,True
THCA,25,OV,0.3669489399277388,0.23580813891047525,2.3380687143730556,False
BRCA,3,PCPG,0.1433624197504716,0.028056864882797947,2.8625025042850027,False
COAD,2,STES,0.4891138417979935,0.0034465787999110598,0.841322720464688,False
LAML,3,GBMLGG,0.5704800672021879,0.3520871962327917,1.528872949028641,False
GBMLGG,1,GBMLGG,0.1610256677147183,0.05532450042151553,2.9052016358815806,True
PRAD,1,PRAD,0.16937878043288734,0.04336333481058505,2.560171883731445,True
BRCA,1,BRCA,0.2630131675721171,0.1332973607254335,2.616525325271425,True
PRAD,3,THYM,0.22811183412740801,0.01605668564674978,2.1021475143214694,False
HNSC,1,HNSC,0.1985580821754063,0.034271191242970206,2.4692050382385946,True
GBMLGG,5,KIPAN,0.13503251787463993,0.05426846371321685,2.963405930786032,False
LUAD,4,LIHC,0.1690949540306327,0.07069977543051105,2.850365955019634,False
CESC,1,CESC,0.24221552538806507,0.11790812560982786,2.38383103907589,True
COAD,2,STES,0.5848797901173142,0.3554090468936312,1.0821387660897877,False
SARC,4,PAAD,0.1709643569492854,0.021791683127573597,2.61389271881937,False
BLCA,5,BRCA,0.25438197278956787,0.089413757986188,2.4458396866128256,False
KIPAN,5,PRAD,0.13725516069041063,0.005747556631534867,2.796121848463928,False
LAML,6,PCPG,0.23804102571391417,0.08629748668758436,2.376572683556628,False
UCEC,13,HNSC,0.37017351090214995,0.2522091675709414,2.303520499916069,False
PRAD,4,SARC,0.14414758386262808,0.0029413701932285707,2.790078596076028,False
LAML,1,LAML,0.8655812485575695,0.8351218112302617,0.7447941273937804,True
SARC,4,TGCT,0.15199941718763368,0.07268956457608156,2.901573699305354,False
KIPAN,1,KIPAN,0.9020093358165493,0.8339753554009844,0.4624096230207095,True
LIHC,1,LIHC,0.6915676696337012,0.5554912438971251,1.1521473341352435,True
KIRC,1,KIRC,0.7946899724511277,0.607813282642013,0.6216208216960876,True
GBMLGG,1,GBMLGG,0.2026166386360804,0.09463372441263113,2.771538175280321,True
COAD,1,COAD,0.8538108606589828,0.8057101462380788,0.7374675424123296,True
LUSC,2,HNSC,0.40196665548668403,0.015751572574399464,1.5324275738743731,False
LUAD,13,BLCA,0.14208509529146643,0.029728666996558434,2.7916740737971435,False
KIRC,10,THYM,0.49067237795949636,0.3130447961110153,1.6107348949245783,False
PRAD,1,PRAD,0.18003512847689046,0.05530752219720095,2.7756064693563562,True
LUSC,1,LUSC,0.6821795998783745,0.5445854453752639,1.165743605208255,True
THCA,1,THCA,0.848454916513755,0.8236299984986606,0.8363403189119435,True
KIRC,1,KIRC,0.391346197971368,0.26388473098943027,2.2966926827517886,True
STES,2,HNSC,0.47151769170794655,0.2137688469828789,1.6913630134625406,False
ACC,1,ACC,0.9995887591659368,0.9993572409078851,0.004303200159783567,True
BRCA,6,PRAD,0.17424895693073256,0.02718396380893745,2.586940591678109,False
LIHC,1,LIHC,0.5592194848178157,0.5133930492979113,1.9173184240906518,True
BRCA,4,PCPG,0.15904494707620911,0.02285553455689568,2.6760641537021708,False
BRCA,7,OV,0.3063296180602132,0.1728050318692607,2.2257391908130932,False
GBMLGG,2,LGG,0.6145947835808363,0.28288640026341144,0.942610485018852,False
THCA,6,BRCA,0.1976725263882197,0.07124698532624063,2.594742854524844,False
KIRC,1,KIRC,0.8411984427810787,0.7316835291530432,0.6659502041078549,True
THYM,1,THYM,0.5117298131007656,0.33372309770457026,1.532678251040923,True
LAML,5,PRAD,0.17823470140757544,0.013830064960456384,2.4151870383819367,False
BRCA,5,HNSC,0.42825163230715363,0.12065837018250053,1.644198362911743,False
BRCA,1,BRCA,0.16685114533242612,0.02880079998063037,2.5194435327409055,True
LGG,1,LGG,0.510344116243097,0.07140370763549192,0.9728433772332875,True
KIRC,12,SARC,0.14368917329001485,0.028948896199396626,2.8748869266641974,False
PCPG,2,PRAD,0.20328313768970208,0.019077480455627766,2.4958173204244636,False
HNSC,1,HNSC,0.5342319147752704,0.2550551360240901,1.3679301568182531,True
GBMLGG,1,GBMLGG,0.4953158869155952,0.3876272432543273,2.1160158039081294,True
COAD,1,COAD,0.6216677303330876,0.5065884822988631,1.6048920474202497,True
BRCA,6,PCPG,0.2345226906318127,0.021473497630579902,2.150205789894691,False
TGCT,2,UCEC,0.15122289892239213,0.009383693298113893,2.7133768845635187,False
KIRC,1,KIRC,0.8252460689479467,0.6710871650220506,0.5840504987564288,True
SARC,1,SARC,0.19022084442848836,0.02100844809417926,2.6680992046683016,True
CESC,1,CESC,0.5433320144081418,0.45904158847668086,1.8907809963169468,True
OV,7,TGCT,0.14509978589744285,0.017324894307666566,2.8274266378442734,False
GBMLGG,7,KIPAN,0.1208055108510625,0.03124101497804113,2.981697975502184,False
KIPAN,1,KIPAN,0.21715526560566167,0.10236421443669297,2.7558776891168675,True
THCA,1,THCA,0.6421306449479031,0.558514242555425,1.6483203049813437,True
LIHC,5,BRCA,0.1484885354399085,0.03975403281100538,2.771477143166931,False
OV,1,OV,0.33055536978953,0.18400400342547815,2.3810343419031095,True
PCPG,2,LAML,0.3980889735443455,0.2043521315338655,1.9925502621652726,False
LAML,3,PRAD,0.20646381264605848,0.10623378248192064,2.7683841697628035,False
HNSC,3,OV,0.27453268764793115,0.09615048139306373,2.429078407322678,False
ACC,1,ACC,0.8761914961917286,0.839059254061037,0.6593471048521239,True
LUAD,1,LUAD,0.5893501521096985,0.49099223570825523,1.5272177818897124,True
LIHC,5,HNSC,0.19505909654105824,0.0672336687382816,2.6620034156842016,False
SKCM,1,SKCM,0.9999968795607728,0.9999951539445653,4.7083846841150775e-05,True
UCEC,6,STES,0.4830810655579728,0.24206861502287114,1.6644426373447432,False
LUAD,2,BRCA,0.29997844576060106,0.06908533224011737,2.3314671310779485,False
STES,1,STES,0.25446570090848236,0.10271152923093299,2.41415885156615,True
TGCT,2,KIPAN,0.10648866354826003,0.008857562815256279,2.977447915248001,False
HNSC,6,LUAD,0.17789144256934547,0.08533325524131702,2.857399274147143,False
GBMLGG,1,GBMLGG,0.4475996922652441,0.07209872449303106,1.5556032927475172,True
BRCA,2,KIRC,0.30104555535463456,0.011221140196581603,2.0570777931107793,False
SARC,2,KIRC,0.12446838907396023,0.02246125705390764,2.919749817203558,False
THCA,1,THCA,0.6862459388454828,0.6263083221011787,1.4814889759326288,True
THCA,1,THCA,0.8840788564096089,0.8588186038018057,0.6625652375362835,True
THCA,1,THCA,0.8343558191647475,0.8049335683188356,0.8916755839819953,True
BRCA,4,OV,0.24430168886253953,0.1033842041733471,2.6472738299176957,False
GBMLGG,1,GBMLGG,0.6065625111454777,0.2411511068688148,0.8405651301374426,True
KIRC,1,KIRC,0.2963654024922177,0.153929735666626,2.466096575732026,True
LGG,1,LGG,0.5973873064101478,0.34940802616265343,1.3294531403845515,True
GBMLGG,6,LAML,0.1907501263109279,0.07414670287566932,2.6633788073940905,False
BLCA,1,BLCA,0.8082563982457054,0.7036077099362346,0.7932794421395019,True
STES,7,HNSC,0.4018963513079479,0.22992241026277804,1.8633992128958392,False
BLCA,3,HNSC,0.24875762431695758,0.08868008628496449,2.38806380190882,False
PAAD,13,PRAD,0.2400667124075137,0.08784745281289244,2.5163200832002324,False
TGCT,1,TGCT,0.672918247476071,0.5733698336266164,1.3743324232808187,True
STES,1,STES,0.29909437147623597,0.18374862062846015,2.441740733281708,True
LAML,1,LAML,0.580920838148604,0.5013911547318635,1.6988554097771158,True
PCPG,1,PCPG,0.23863431321003517,0.09826928175234606,2.233663739472931,True
BLCA,1,BLCA,0.8511011953645833,0.754922906311229,0.6045882535597723,True
PCPG,1,PCPG,0.5119896566345575,0.4274395063138055,1.8677977941768447,True
PCPG,1,PCPG,0.26361491320235125,0.07458166507629344,2.2602976485684985,True
OV,1,OV,0.28636435320171216,0.15737706777777136,2.3613890052778936,True
BLCA,5,LIHC,0.4811991921910311,0.33819802700800194,1.774653957959107,False
BRCA,1,BRCA,0.2986071614392936,0.20398447783106036,2.5797118301558197,True
BRCA,1,BRCA,0.7163335805634289,0.6682456294826224,1.3607437983822985,True
STES,1,STES,0.17432318238661698,0.014565587963656451,2.6868270243009085,True
OV,6,LIHC,0.1444883236569924,0.0076369645273983155,2.725380786944151,False
GBMLGG,8,THCA,0.48262815743706955,0.37779758990205803,2.1581545498806327,False
OV,1,OV,0.30377180249715013,0.16975629638015927,2.4628290244573545,True
HNSC,4,BRCA,0.3436841076601531,0.2585079971804705,2.5318813695108155,False
ACC,1,ACC,0.9490679355826771,0.9282385855938221,0.31002886964778686,True
OV,1,OV,0.263855156211006,0.12670601756887023,2.5248381065340997,True
THYM,1,THYM,0.5347016919658176,0.33302860641605325,1.4695847261221497,True
HNSC,3,SARC,0.11413045380639224,0.008987107090103016,2.9242613042010945,False
BRCA,1,BRCA,0.46973585803778833,0.301974456562607,2.022376777880117,True
LUAD,1,LUAD,0.5988725878231661,0.23099618603877803,0.8038361235763692,True
KIRC,1,KIRC,0.4701646011284137,0.258676873909801,1.656720435143557,True
THCA,3,THYM,0.5347016919658176,0.33302860641605325,1.4695847261221497,False
KIPAN,1,KIPAN,0.6693892017028547,0.4094926796951247,0.9953560696456957,True
SKCM,19,COAD,0.38778801930865514,0.28266877082109965,2.375377132748088,False
STES,1,STES,0.2011980454091761,0.07616600544542748,2.5076215616385245,True
BRCA,1,BRCA,0.28297761286895395,0.15919023122053994,2.659546614957904,True
BRCA,5,KIPAN,0.14070014858697755,0.04334044519046032,2.9574853525410796,False
BRCA,1,BRCA,0.6295552217811107,0.5721529615070328,1.682042283138083,True
UCEC,1,UCEC,0.8764366172937308,0.8595145936415781,0.7192593170908737,True
SKCM,1,SKCM,0.9105791895272679,0.8915539534731617,0.5231856877812003,True
LIHC,1,LIHC,0.8679950734332629,0.807172617051776,0.6519795318738699,True
SARC,5,PCPG,0.17052258985140153,0.07071286001950018,2.8721200307256223,False
CESC,3,BLCA,0.7760041206481714,0.6276005569555942,0.717856399410467,False
SKCM,1,SKCM,0.99980117907241,0.9997353356827781,0.0021923683586227193,True
PRAD,5,KIRC,0.12540115451086636,0.022441230777021218,2.906063934072984,False
OV,1,OV,0.3353302212749205,0.14774392863182728,2.363443254324915,True
STES,6,SARC,0.12189652018021783,0.0047442990431161985,2.752105175013952,False
PAAD,1,PAAD,0.19597684896427095,0.09956047472052955,2.8356136948345925,True
HNSC,2,BLCA,0.5581401318292822,0.39545682905119084,1.474216396561464,False
HNSC,5,PAAD,0.39533109187324905,0.23666593860164134,2.1185205401976166,False
BRCA,4,PAAD,0.2844627663981255,0.09657382511446036,2.36889422981346,False
LIHC,1,LIHC,0.233004170777647,0.05539570468278465,2.587371482813865,True
LUAD,1,LUAD,0.5864065612519209,0.23534340962754863,0.9629464456777456,True
HNSC,1,HNSC,0.24255962080867483,0.11666192547764359,2.435810258638083,True
STES,2,HNSC,0.26847468987861756,0.039791061260680355,1.9361841122741967,False
STES,3,LUSC,0.9612951656159259,0.9334641911185301,0.20643779868229328,False
KIRC,1,KIRC,0.5409313180550611,0.3908907716087615,1.6847735194189932,True
THCA,1,THCA,0.858458259067381,0.8241617063442208,0.7476926894352833,True
THCA,1,THCA,0.817952548105689,0.7921399248600431,0.9781005617849761,True
LUAD,1,LUAD,0.5061813511591141,0.38352753350897695,1.945073586622807,True
BRCA,6,PCPG,0.16650836126105417,0.03433732679432844,2.5407043736139396,False
LIHC,1,LIHC,0.5044187071690496,0.23929025452271774,1.6573865682715951,True
BRCA,1,BRCA,0.40362838230174153,0.32742786666670526,2.383085025085797,True
BRCA,1,BRCA,0.29152359250086063,0.15554339585617824,2.2046113860691476,True
GBMLGG,1,GBMLGG,0.2868167961517869,0.005517482575791932,2.3311794159106616,True
LIHC,7,LUAD,0.20596201022279695,0.0537344238029612,2.5014118492167596,False
OV,6,BRCA,0.10263594530296218,0.014314338969809978,3.0286954837617204,False
UCEC,1,UCEC,0.9736393496468633,0.960377256843455,0.15952666718738895,True
THCA,1,THCA,0.9089580344425999,0.882230704014398,0.48547623647015764,True
KIRC,1,KIRC,0.1514119438482134,0.0037771614441678147,2.757836460887933,True
THCA,6,PCPG,0.1677051871830214,0.006376624446608775,2.630410200022979,False
COAD,9,OV,0.20607436697120127,0.033835348205679516,2.6593466646651374,False
BRCA,6,THYM,0.1594342262122209,0.025230302944107358,2.5872426874715106,False
LUSC,1,LUSC,0.6933933089560912,0.5455656051434321,1.1575785467226845,True
THYM,26,STES,0.8843736188127841,0.8498787190705063,0.5477490142376683,False
BLCA,9,LUSC,0.2787010695405765,0.0661425149578943,2.219172205085374,False
OV,15,PCPG,0.25151906888796155,0.04116459431653008,2.1563107225781426,False
GBMLGG,1,GBMLGG,0.3757836271101414,0.2918217898256678,2.430146437326921,True
UCEC,1,UCEC,0.44890355769778106,0.15717893735918748,1.5379457244462282,True
SARC,4,PRAD,0.13302303553321132,0.057852490443308105,2.9968608281504525,False
BLCA,2,HNSC,0.594488421910561,0.3840281684923796,1.2866803834928502,False
STES,3,LUAD,0.3733000082207427,0.22675713428681782,2.18935571548951,False
DLBC,1,DLBC,0.7181964364748911,0.6602768646610111,1.241405428045722,True
SKCM,1,SKCM,0.9961602676355383,0.9940721485949076,0.031262026693539745,True
PRAD,1,PRAD,0.20614249753679614,0.08128112298223424,2.6334281861034228,True
OV,1,OV,0.25528193676385896,0.013136134146570388,2.162633061027053,True
KIRC,5,LIHC,0.18927779419147117,0.07751356656927308,2.7997722409232186,False
THCA,4,CESC,0.12090732230422795,0.00443700703684291,2.830430119832072,False
BRCA,1,BRCA,0.265199796867474,0.14050731843102537,2.540398887081681,True
CESC,10,SARC,0.11770664940279592,0.0021143630218362075,3.002141213221831,False
HNSC,2,STES,0.2147285862963288,0.015275836515294183,2.363212144050524,False
BRCA,1,BRCA,0.4404242911999218,0.2826344804530543,1.9985602815835608,True
COAD,1,COAD,0.6327263710528443,0.5797084443323555,1.7256515150353944,True
GBMLGG,1,GBMLGG,0.29833965493344927,0.1637512539559555,2.5472487012903904,True
PCPG,1,PCPG,0.21210838588780462,0.09808686308798382,2.7717490809711265,True
OV,5,SARC,0.1458282223440053,0.004085824035767155,2.847779937929059,False
KIPAN,1,KIPAN,0.7227825919262063,0.49780390909602495,0.8799443783900611,True
LUAD,2,LUSC,0.5064488710327768,0.30769509447433985,1.4672223766612518,False
SKCM,1,SKCM,0.9989949129017285,0.998539973046255,0.009314603909427165,True
BRCA,10,CESC,0.271915086970236,0.17271919705020178,2.617055786679784,False
KIPAN,1,KIPAN,0.7610887049682357,0.540264380868082,0.6624023688164185,True
KIRC,1,KIRC,0.4080225705843344,0.22964163942301336,1.8378001952300067,True
THYM,1,THYM,0.2477649173579925,0.03149607994098344,2.1310290311014906,True
STES,9,OV,0.45450979686791904,0.3414574057781726,2.1044194445536064,False
LUAD,1,LUAD,0.9133592714196948,0.8920918827564492,0.4978221627580277,True
PRAD,1,PRAD,0.2334057053485326,0.09349116822442274,2.5806153389973834,True
TGCT,1,TGCT,0.22139879039757426,0.09848061330212117,2.7239045379386044,True
KIPAN,1,KIPAN,0.8400268417900947,0.6933262235276627,0.5201206390612438,True
STES,6,BLCA,0.14235830793025206,0.012526243041579427,2.624044900907283,False
SKCM,1,SKCM,0.8766623367476021,0.7901038807567893,0.5104308720902236,True
KIRC,5,PRAD,0.10755265946177026,0.009006485089244162,2.9684417923140938,False
LIHC,3,HNSC,0.14242132224030526,0.017568074433161135,2.71077400453924,False
SARC,5,PRAD,0.12138796805783317,0.001427054342082637,2.790467727794551,False
LIHC,1,LIHC,0.6951772361283772,0.5635821053557584,1.2462097827757412,True
KIPAN,2,KIRC,0.4701646011284137,0.258676873909801,1.656720435143557,False
PCPG,1,PCPG,0.18369043510637126,0.020089582305715364,2.745765222982736,True
PCPG,1,PCPG,0.386780063138188,0.21439762954569724,1.8009608909839148,True
KIRC,1,KIRC,0.809605663170424,0.661695271900089,0.7070381523349105,True
KIPAN,2,KIRC,0.5277847214135177,0.21371275844599874,1.4097140395398369,False
GBMLGG,3,UCEC,0.37043211388023356,0.25877843418176977,2.233476618581051,False
STES,3,LIHC,0.15911236764652417,0.021043209726121337,2.7165397954506623,False
SARC,1,SARC,0.2373548917502335,0.08281281668551244,2.6301325364256884,True
LGG,1,LGG,0.7933896746781768,0.645131760330832,0.7491289155756066,True
CESC,10,SARC,0.1930886257339798,0.027941123350446767,2.655530060663253,False
GBMLGG,2,UCEC,0.40884177924535237,0.2228822046708756,2.0842539037452306,False
THCA,3,PRAD,0.2349467507361859,0.14196405303086823,2.7735057452718004,False
UCEC,1,UCEC,0.34939996402923396,0.0355369458780429,1.6052833015864514,True
ACC,1,ACC,0.6727293915391045,0.6045300829310005,1.5227026000547097,True
LUSC,1,LUSC,0.854361747291743,0.8198662208423808,0.6893877856485462,True
BRCA,6,OV,0.12911493731667295,0.033533460496977696,2.97854974622319,False
LUAD,2,LUSC,0.6631535147760629,0.41084009229809326,0.9333397982685514,False
PRAD,2,SARC,0.23374367809841182,0.08803328144601394,2.5185068852443653,False
LIHC,2,STES,0.24781732097486042,0.02120952166636028,2.3656515221733008,False
LGG,6,SARC,0.21635426311405537,0.048831566559968315,2.4653240140584236,False
LAML,1,LAML,0.30666672734951045,0.10612928712129455,2.016960030356727,True
BRCA,3,STES,0.2142929904871376,0.10356870380189659,2.659650685255654,False
THYM,1,THYM,0.17996489243264183,0.07797781794472015,2.759637140671856,True
KIPAN,1,KIPAN,0.29993970507959017,0.10648887323062384,2.2785990621592465,True
KIPAN,2,TGCT,0.3056193710115627,0.05143671928158983,2.179251384660179,False
KIRC,2,KIPAN,0.4161791063812161,0.007275908937865783,1.4969353690490494,False
BRCA,4,LIHC,0.21152409264433683,0.10397367593960184,2.7064301634916506,False
KIPAN,1,KIPAN,0.35261552709006416,0.2392921722299759,2.3317231745583307,True
BRCA,6,PRAD,0.24839194014876734,0.147093802074043,2.7610956784406055,False
GBMLGG,1,GBMLGG,0.11850155901024263,0.0015545859947377616,2.876330985038359,True
BRCA,1,BRCA,0.22878663698569696,0.07126016592968437,2.560306821363474,True
LGG,2,GBMLGG,0.41820726319544216,0.041720927281321374,1.6611558061257488,False
KIRC,1,KIRC,0.19771497996554255,0.07190588496686795,2.752889324635663,True
STES,1,STES,0.21229647062899928,0.11055859158998602,2.649733648744579,True
LUAD,4,CESC,0.2855468951852342,0.19089396798536917,2.4602922926107964,False
KIPAN,1,KIPAN,0.2749418233091835,0.12923904853014487,2.5058681564096013,True
OV,10,KIPAN,0.09728983148823778,0.0013357550048839206,2.942684057180993,False
HNSC,1,HNSC,0.36382376631146235,0.2564677336163538,2.260029386686399,True
THYM,1,THYM,0.5347016919658176,0.33302860641605325,1.4695847261221497,True
STES,1,STES,0.3787444761121408,0.2138227911316135,2.0976820095925333,True
SKCM,1,SKCM,0.9606589492931019,0.9423151575505493,0.21354830032407174,True
KIPAN,3,TGCT,0.2508460521656896,0.07813064568231529,2.499720344926979,False
SKCM,1,SKCM,0.9849248523411298,0.9786037923388077,0.10468602994784464,True
GBMLGG,9,OV,0.29911528555842404,0.1943933838926623,2.5216852074134457,False
LGG,1,LGG,0.6278265659098026,0.42666238168879167,1.3698076295195853,True
CESC,1,CESC,0.33614818676616126,0.24833914226204423,2.5700239442732418,True
BRCA,1,BRCA,0.6067840784316074,0.5420094935494869,1.6734766905407124,True
BRCA,3,SARC,0.20153856136960674,0.06066518531154097,2.665055060666286,False
KIPAN,1,KIPAN,0.34425509300602863,0.16201834533404164,2.160024904856896,True
HNSC,1,HNSC,0.42801673078979463,0.2428138453801452,1.9581768920680422,True
HNSC,5,STES,0.4540308344722335,0.22180261894535247,1.4655943486756067,False
GBMLGG,3,LAML,0.28537680667466125,0.012201339839679526,1.8452509787574234,False
PRAD,4,SARC,0.21540240450058795,0.0013451724936414111,2.440204234588411,False
CESC,1,CESC,0.11799331336310233,0.05065902462890928,2.9878783916094727,True
KIPAN,1,KIPAN,0.33011120227287016,0.19932405451058074,2.496804547411655,True
PAAD,8,OV,0.3307105210218718,0.2081000597625896,2.4577656758383672,False
TGCT,1,TGCT,0.5119814785700504,0.43573559682329643,2.04406690833078,True
PAAD,3,OV,0.25787905224846264,0.1200252043366287,2.5584317981239417,False
LGG,3,GBMLGG,0.33145304315681035,0.09379783580276924,2.2657896807352014,False
CESC,1,CESC,0.23985825926891838,0.04163203238406285,2.221606751814389,True
HNSC,5,OV,0.19057533991008915,0.005681321721341448,2.577041473545305,False
STES,5,HNSC,0.2834277513852581,0.10861163082028821,2.1518398780677637,False
SKCM,2,THCA,0.6804381331716027,0.5750107158378522,1.4508087832798437,False
THCA,3,PRAD,0.2705866560229404,0.1593704618132487,2.687657191396251,False
PRAD,4,THYM,0.31699825492881956,0.17478566511142943,2.2359138266735985,False
LAML,4,OV,0.21343373710114633,0.05312763390459496,2.5160458025719983,False
UCEC,1,UCEC,0.8504517360103286,0.8224993621530539,0.8192519370133635,True
GBMLGG,1,GBMLGG,0.6017708418296868,0.5394201998992377,1.849058464051414,True
GBMLGG,14,LIHC,0.08672972045699762,0.007529884596082559,3.025401671488099,False
BRCA,8,PRAD,0.17476240458771344,0.0689335177645314,2.768528140370226,False
KIPAN,11,SARC,0.19117023184450152,0.03164003564922582,2.4141406382659487,False
SKCM,16,KIPAN,0.1504971680922939,0.02455459531691681,2.8760828433796464,False
LAML,1,LAML,0.1694555783258085,0.04167407516513305,2.741656002824544,True
GBMLGG,1,GBMLGG,0.45821511996488656,0.15194762824595393,1.7393395013917168,True
BRCA,14,CESC,0.12369502614568495,0.01998184041668294,3.014267338816739,False
HNSC,19,SARC,0.18907629880081717,0.07612069469330625,2.7529578936095653,False
BRCA,1,BRCA,0.3526558684345649,0.2353238385344011,2.3934201716460604,True
UCEC,2,STES,0.45647357864677945,0.2816234912527258,1.8762729540585958,False
HNSC,3,OV,0.23959520048500768,0.09615046219088008,2.5747717876832383,False
BRCA,10,PRAD,0.2001000450278307,0.099879434011572,2.788189360626144,False
LUSC,1,LUSC,0.956939889583246,0.9182345374396346,0.19823417353278783,True
BRCA,1,BRCA,0.7555277397314247,0.6963528142528906,1.1837130371739413,True
BRCA,1,BRCA,0.5565277175976086,0.3887926971951065,1.6497201295947286,True
HNSC,2,STES,0.3565459951043689,0.17594044421693383,1.9925540930924492,False
STES,1,STES,0.560105229750558,0.43473881790455915,1.7171458642347104,True
BRCA,7,LAML,0.23380082962640206,0.003741055745718591,2.0489309269379716,False
LAML,1,LAML,0.4582112208286538,0.32822164784176744,2.095025252346495,True
PRAD,2,PCPG,0.15466165990229916,0.02455380393463974,2.7337893884595585,False
KIRC,5,ACC,0.2524680112301498,0.09224747899913022,2.4292400649394335,False
KIRC,2,KIPAN,0.2589439000344221,0.11932908665365094,2.681893716403605,False
BRCA,8,PCPG,0.19671560510750172,0.008404299483018907,2.5508758954627764,False
COAD,2,STES,0.23259871894599868,0.0518545385826881,2.274038710577995,False
KIRC,6,KIPAN,0.18872701266619876,0.04181017452395652,2.6526225610536778,False
STES,1,STES,0.653695766499908,0.5583060346378873,1.3943155144846429,True
GBMLGG,6,SARC,0.20633100333503104,0.0800036354922393,2.6375168634704713,False
GBMLGG,2,LGG,0.6289757801994054,0.2780237335715627,0.779794379948925,False
HNSC,2,BLCA,0.3109356524698381,0.18815679163446813,2.381154881398882,False
BRCA,2,OV,0.459270089395234,0.307825197568233,2.0842566158988927,False
LUSC,1,LUSC,0.5117120932684167,0.2789497031966206,1.570531186321373,True
THCA,5,PCPG,0.24344080110642416,0.05060893177465958,2.028476038162527,False
KIPAN,2,LUAD,0.16696286954929498,0.003206446625380388,2.6377108790153043,False
THCA,1,THCA,0.9213232321056138,0.8982855438636728,0.4540395974310304,True
STES,3,UCEC,0.1441294137586388,0.015546277529187719,2.80099020523454,False
CESC,1,CESC,0.2845729997762522,0.017419368703671778,2.2200806156153363,True
KIRC,1,KIRC,0.288394147544933,0.15822773866055015,2.6674958191725997,True
PRAD,5,OV,0.3273717413114806,0.18151579520581007,2.3075127409028964,False
OV,3,PRAD,0.1472252904683234,0.000349998473958113,2.789071247222776,False
PRAD,3,THYM,0.2946564036881229,0.11698524962634471,1.9339069458044966,False
SKCM,1,SKCM,0.9268839012430832,0.9105690720360845,0.4416156630772467,True
LIHC,4,OV,0.23288670339475256,0.0748184775397498,2.5450952152810613,False
GBMLGG,1,GBMLGG,0.46666960786847,0.38188112895932835,2.2158284848846237,True
BRCA,1,BRCA,0.17855563230784513,0.07215454215610739,2.8244112376364234,True
LGG,1,LGG,0.454370778226456,0.1344896500324741,1.472637073813641,True
GBMLGG,1,GBMLGG,0.7395605664883885,0.6619666117630514,1.191429171905474,True
CESC,2,BLCA,0.7450810284220138,0.5729847264401519,0.8879234642932183,False
SARC,3,PCPG,0.10715398200799305,0.01577264926474077,2.9751826191849147,False
PCPG,2,THYM,0.3147244540996785,0.07100056309359315,2.116783318162712,False
THYM,7,TGCT,0.12312628324798872,0.013031982669785502,2.8118232872895432,False
THYM,1,THYM,0.15461340681371566,0.018958522207596418,2.557312781593304,True
SARC,1,SARC,0.5146336166727393,0.4243048972926911,2.017146750823162,True
KIPAN,5,PRAD,0.13052223476928956,0.0019331127189124442,2.8696672220878443,False
THCA,3,PRAD,0.21377187775317064,0.06576839488773129,2.5491906772572923,False
COAD,1,COAD,0.8850814994035606,0.8453928444094332,0.6247719194083552,True
BRCA,11,LIHC,0.7811803607513472,0.7141178654171929,0.9210662772330407,False
BRCA,2,KIPAN,0.14509623364136048,0.02997814245197078,2.7915684941554884,False
GBMLGG,14,STES,0.15850665599779573,0.025482042714691927,2.7329923255162223,False
KIPAN,2,LIHC,0.146373985834662,0.024754889078858394,2.9189271523441525,False
TGCT,1,TGCT,0.1647628199977402,0.06155259728820568,2.820967628659301,True
GBMLGG,2,UCEC,0.39995355630094065,0.13755280197680375,1.850298939704608,False
LAML,1,LAML,0.15731005903533976,0.010971010102956091,2.574534954755675,True
KIPAN,1,KIPAN,0.47136600510655235,0.30134148067834443,2.0730440942551707,True
KIPAN,2,HNSC,0.13968900697098816,0.025911054319813345,2.7531995784035295,False
PRAD,2,PCPG,0.4032877258486967,0.2936398138856623,2.214076913159552,False
LUAD,2,LUSC,0.5901670789967819,0.42997815913936366,1.4466186691020015,False
KIPAN,1,KIPAN,0.6508829756001566,0.3873583174999244,1.08847355662904,True
LGG,1,LGG,0.6795932289985864,0.4467958962751586,1.0443772528486326,True
COAD,1,COAD,0.6843145582546729,0.6004144632267308,1.3786835113415377,True
KIRC,1,KIRC,0.37388881549129305,0.1695815302474991,2.251970463220752,True
BRCA,6,PRAD,0.20692606617200113,0.0762631011872886,2.448029234283857,False
DLBC,3,HNSC,0.34697387671745894,0.045922992058025525,1.935797642050681,False
BRCA,3,CESC,0.18600845692043505,0.07669337985312033,2.8502452673825007,False
KIPAN,1,KIPAN,0.35497233304270776,0.07792115218658746,2.0266074901429865,True
LAML,3,LGG,0.45318898009272496,0.2131958876039109,1.8500304086786492,False
CESC,1,CESC,0.21559100570844342,0.12994973794156978,2.8326766134790473,True
CESC,1,CESC,0.14891695647667638,0.027373062719119726,2.7986857982540783,True
PCPG,5,SARC,0.29193260704995133,0.14607125240124802,2.583288373968247,False
TGCT,2,PRAD,0.1375259098235801,3.531575041779145e-05,2.826665018273991,False
BRCA,8,SARC,0.1764093694353238,0.05442420568730506,2.660132898814417,False
PRAD,5,PCPG,0.3114444469661314,0.1847626509370064,2.1687890036711037,False
PAAD,1,PAAD,0.26163913103134884,0.11085290488029503,2.461583442628667,True
KIPAN,1,KIPAN,0.6774425107926952,0.3747624299761871,0.7580434438747784,True
LUAD,7,KIRC,0.18750120917685806,0.03513094823727092,2.6435996048477826,False
GBMLGG,1,GBMLGG,0.549512827799814,0.4499770005398061,1.8582011239779552,True
THYM,1,THYM,0.471051004341506,0.25934736256238977,1.5862568707162252,True
STES,2,HNSC,0.4018583923497431,0.2841495371018974,2.155126443702073,False
GBMLGG,1,GBMLGG,0.5434957871222363,0.17541445772922143,1.115628606913229,True
KIPAN,4,LIHC,0.15269783928067218,0.0024076252070013293,2.667817421804,False
LUSC,10,LIHC,0.18164226565222164,0.00467740003219938,2.5782782149047705,False
COAD,2,PAAD,0.25534930817801815,0.07860764858819089,2.3670271698813163,False
OV,1,OV,0.29427172873842017,0.16103682941521466,2.428524296673187,True
OV,1,OV,0.20374982319392373,0.07685600881461688,2.746084593325357,True
BRCA,10,PCPG,0.1603528169713821,0.025330139741794155,2.8371532001086996,False
OV,1,OV,0.2588418111642349,0.0598717775575531,2.4716257663555385,True
THCA,1,THCA,0.803894492043776,0.7738596060436371,1.054524781872377,True
CESC,1,CESC,0.24466890181246967,0.03602829807418176,2.170353118971585,True
KIRC,2,PRAD,0.16790861235996163,0.07135655244172787,2.7675340147635907,False
BRCA,1,BRCA,0.3906371490699244,0.25481958016878636,2.2724369193395955,True
LUAD,1,LUAD,0.16768072054303118,0.013485579089277555,2.502038376088522,True
HNSC,2,BLCA,0.29478650716466787,0.08181565842145253,2.0660703082890106,False
BRCA,7,THYM,0.25215415176248973,0.0966420361358743,2.5583706408307973,False
KIPAN,1,KIPAN,0.2234337366508117,0.1158759684699566,2.795541677434584,True
LIHC,5,SARC,0.13004165275466528,0.0031812934569510065,2.9424623157155003,False
CESC,1,CESC,0.2858439287308995,0.16121868978242426,2.4610322289883095,True
OV,2,PAAD,0.21236793949053737,0.07205356743064056,2.6468114542893115,False
HNSC,4,STES,0.17950813316813177,0.03496198325873773,2.3713717150186846,False
LAML,2,THYM,0.25499321724151397,0.014339744321351128,1.9445268547611696,False
KIPAN,1,KIPAN,0.3427275235701049,0.183837284733873,2.245469555385126,True
LAML,2,THYM,0.5070503505074673,0.39781202070476573,1.7743404592172012,False
LUSC,1,LUSC,0.9679610759086762,0.9487836916740962,0.18415982278295534,True
ACC,1,ACC,0.9884993877077671,0.9856077054897635,0.08674781089943823,True
LUSC,1,LUSC,0.44697976749828555,0.3218316928746956,1.8682160425672019,True
KIPAN,11,OV,0.2189129070227639,0.07730715680326625,2.467217617525121,False
SARC,5,THYM,0.17345632009944978,0.052663369136860635,2.7313200163924938,False
GBMLGG,11,SARC,0.11924721643908621,0.0070923647797217215,2.872036062039113,False
PRAD,5,LAML,0.28837027324041864,0.06612266411706941,1.92382958668075,False
PCPG,3,TGCT,0.15657647526415686,0.0667993525246853,2.9427858279799555,False
THCA,1,THCA,0.9267705561330971,0.9011013412118091,0.4083199136236318,True
SKCM,2,HNSC,0.26593892852811657,0.018012016392867813,2.1139921520356917,False
BRCA,4,OV,0.30475556651693353,0.1976818622768135,2.552755855195388,False
OV,1,OV,0.25768182319092886,0.06622879370972734,2.493189247420114,True
KIRC,1,KIRC,0.5986523474775673,0.20779397551025508,0.7477665519950895,True
SKCM,1,SKCM,0.9670259879910615,0.9571016014376328,0.20708377543758144,True
PRAD,2,OV,0.2917748403516737,0.165665537793922,2.4589245602345082,False
COAD,7,UCEC,0.19781225700522143,0.05769991810755909,2.510070990983457,False
OV,1,OV,0.2279934822910186,0.068016744794208,2.6352773620982077,True
LGG,1,LGG,0.6877382703444146,0.5232383679569613,1.1894765797660722,True
GBMLGG,2,LGG,0.6749252983270456,0.3709475566413703,0.7550135686783872,False
SARC,4,BRCA,0.2682475385354618,0.06526854482699715,2.4401000967189552,False
SKCM,1,SKCM,0.5766334473585859,0.5119880168650337,1.8646696678012573,True
PRAD,1,PRAD,0.32421693572892074,0.18105609919965565,2.327298879527242,True
KIPAN,1,KIPAN,0.4833629817818989,0.05904826632374999,1.1650665974090195,True
CESC,4,UCEC,0.5743002314214136,0.47862826443761486,1.8115716595332119,False
STES,3,HNSC,0.1845187884372905,0.012129112371580597,2.4961063149734177,False
GBMLGG,2,LGG,0.4212865637459688,0.046736059442957945,1.5806550225943496,False
PRAD,2,PCPG,0.21610113356996094,0.06958357789703368,2.476333498314993,False
PAAD,1,PAAD,0.4635951191171037,0.3189660886275959,2.0042310597093134,True
KIPAN,1,KIPAN,0.7396950399628636,0.5239172647733006,0.7971600044132131,True
GBMLGG,2,LGG,0.688979103422751,0.411021813053876,0.7938143619901102,False
UCEC,11,SARC,0.1607219094437965,0.020946278707258542,2.825160473074247,False
THYM,1,THYM,0.471051004341506,0.25934736256238977,1.5862568707162252,True
THCA,1,THCA,0.8681095415731741,0.8446981141575876,0.741357757519366,True
UCEC,3,STES,0.27604205584250713,0.11805274091971077,2.2883283081770434,False
GBMLGG,1,GBMLGG,0.5226722987009531,0.07960612537297457,0.8882613619846706,True
PRAD,1,PRAD,0.2213322921168897,0.12163471177073507,2.822771109655104,True
HNSC,1,HNSC,0.424905630977373,0.06105761906881346,1.5154354973917057,True
KIPAN,12,THYM,0.1795062098294106,0.03988923073676559,2.5875608112169184,False
COAD,1,COAD,0.8740045800898902,0.7697125561181424,0.44701248741256927,True
ACC,1,ACC,0.9969805605345274,0.9960227593982991,0.02638630434073591,True
THCA,1,THCA,0.9254718745968146,0.9024688245989747,0.41108974336228427,True
KIPAN,6,PRAD,0.21945593749748635,0.0782052462763887,2.661603463369198,False
THYM,1,THYM,0.3008487995173224,0.10851416621365909,2.058451987951998,True
BRCA,1,BRCA,0.6719494077957107,0.6299473134237018,1.5513934120399009,True
BRCA,1,BRCA,0.38953211329025056,0.29867568966553704,2.4294070111960124,True
KIRC,1,KIRC,0.343647410084839,0.2160176718918887,2.503692775880438,True
TGCT,1,TGCT,0.8108170309563306,0.7678507525141393,0.9833861718415948,True
LUSC,1,LUSC,0.41718695976539405,0.18858183067116624,1.747816959971936,True
KIPAN,17,OV,0.28298181395872324,0.12085065288538402,2.503466184095906,False
GBMLGG,1,GBMLGG,0.22612908182320476,0.10722102789020918,2.769111672061405,True
BRCA,2,KIPAN,0.19899990101245713,0.041422010377055146,2.6778516638719925,False
KIRC,1,KIRC,0.6486218689429218,0.3498899725685864,0.9249570832569248,True
LUAD,4,CESC,0.29534248407068936,0.12227937947423867,2.101471981640287,False
KIPAN,2,TGCT,0.2127360504921032,0.07115072844390777,2.7065861209376734,False
UCEC,3,COAD,0.35178548441746027,0.0258392672249646,1.1676718187077364,False
HNSC,9,STES,0.18246485404164958,0.044595167312732886,2.5798075156651663,False
STES,6,UCEC,0.42379812734831745,0.17697731215299603,1.6983466831407263,False
SKCM,19,PRAD,0.1286754162991935,0.008106328558797157,2.7893450678702187,False
GBMLGG,1,GBMLGG,0.4564812519863535,0.2553165541157482,1.8510698861601806,True
BRCA,4,PRAD,0.12968446178459545,0.022427454355816487,2.921441788920858,False
OV,4,SARC,0.1234620347086918,0.0284181325323708,2.958081267965166,False
OV,1,OV,0.1435828630216698,0.04017361926534943,2.7960942380373726,True
KIPAN,1,KIPAN,0.5622389915645442,0.22007385555341458,1.1948944495035907,True
SKCM,1,SKCM,0.9644365626194706,0.9420499532417488,0.1995881981376781,True
GBMLGG,2,LGG,0.7753776050202201,0.5750673666239439,0.6587331087973114,False
BRCA,1,BRCA,0.39690241411652466,0.3336901206971213,2.4212324286659173,True
BRCA,1,BRCA,0.31974045346546287,0.1673387031393704,2.3303822843417827,True
LUAD,3,BRCA,0.12708298147091204,0.004327930774054939,2.965525221244838,False
ACC,1,ACC,0.9176928653053661,0.9051744087557992,0.4912459999948254,True
KIPAN,3,KIRC,0.1208160130999153,0.003920122687174121,2.9534099020020377,False
COAD,1,COAD,0.8177322365908408,0.782898200927101,0.9560078209951506,True
BRCA,1,BRCA,0.42786095912720185,0.3549661204441191,2.280708800889253,True
OV,2,SARC,0.18910570807836288,0.00529237060057916,2.6345988851381765,False
HNSC,1,HNSC,0.3689654179527269,0.07853141444196121,1.8949444184678463,True
PCPG,1,PCPG,0.5577844252842952,0.4437343897526219,1.685485592673208,True
KIRC,11,THYM,0.5347016919658176,0.33302860641605325,1.4695847261221497,False
BRCA,5,HNSC,0.37028006058714125,0.0722782916497724,1.9234698100576484,False
STES,2,PAAD,0.27908651977931465,0.13873904425007835,2.434815120354944,False
LAML,1,LAML,0.2028089563138692,0.025979847989599625,2.3474137578245675,True
KIRC,6,BRCA,0.14003259237111512,0.003344252419811511,2.6625888498133756,False
UCEC,2,DLBC,0.35386799960073007,0.1511356498153246,1.7609661423621739,False
KIPAN,2,BRCA,0.19511948915875327,0.06848708899107023,2.4670307365220943,False
KIRC,1,KIRC,0.259290050617355,0.030358211503068888,2.3402356027638316,True
COAD,1,COAD,0.7747956364218277,0.6933191892168891,0.9843620941274409,True
BRCA,9,PCPG,0.14377936938443664,0.02326079493201144,2.8598916263856653,False
KIPAN,2,KIRC,0.4700706741591133,0.06692782668698594,1.3476697398539257,False
THCA,1,THCA,0.9242616894811304,0.9111072179348252,0.45436523012738683,True
PCPG,1,PCPG,0.14512226540509893,0.014116675201492346,2.8319555372016136,True
KIPAN,4,TGCT,0.1650330228418976,0.07555592590528006,2.9323353773998435,False
OV,1,OV,0.29487797205972527,0.19428363171009866,2.518742501290002,True
LUAD,13,STES,0.30060429469308997,0.21439954669660177,2.6014203180494677,False
BRCA,6,THCA,0.21148002083048334,0.014326393560498502,2.4081757533311254,False
LUSC,2,LUAD,0.30755962464315056,0.07361094304834326,1.9630606007896378,False
GBMLGG,2,LGG,0.6214507654052259,0.26273664138038977,0.7829424861837422,False
LUSC,3,LUAD,0.47346101105865535,0.3568430088839559,1.9798807206785316,False
CESC,4,LUSC,0.252841765291849,0.06411413712557718,2.3935131394941087,False
LAML,1,LAML,0.5725500322866486,0.4149580855909326,1.4775057060466208,True
SKCM,1,SKCM,0.25987545925054223,0.02552269231128837,2.034049279794033,True
GBMLGG,8,THCA,0.813380098372893,0.786386842985431,1.0113228159932444,False
KIPAN,1,KIPAN,0.1866155294113913,0.049888041343388256,2.7784864886375544,True
LGG,1,LGG,0.6976654847518349,0.4566317408761308,0.8969146773661206,True
KIPAN,1,KIPAN,0.8871582080891329,0.7951164928313169,0.4643232259145123,True
GBMLGG,1,GBMLGG,0.3707351466383111,0.23143666361258353,2.3265989385540435,True
BLCA,2,HNSC,0.43387270183623794,0.256822912387625,1.9181485999682382,False
GBMLGG,2,LGG,0.4124794321243293,0.05990084597469009,1.7217406307816379,False
KIPAN,2,KIRC,0.42194182782360107,0.06601358098644833,1.662420997825756,False
LAML,1,LAML,0.770742681545622,0.7079791795374767,1.0495043484522335,True
LAML,1,LAML,0.6404636854782269,0.5108887238365821,1.3109741010452172,True
BRCA,1,BRCA,0.3645473775086926,0.290153805933713,2.459323118119224,True
BRCA,9,TGCT,0.26433650200758413,0.16028426915989624,2.691276177154685,False
BRCA,1,BRCA,0.9308961362598628,0.9183914630559397,0.4428439760679767,True
LUSC,3,LIHC,0.3011796170297727,0.14773669808807408,2.4140126131149495,False
KIRC,1,KIRC,0.8085526232638879,0.6475586417563357,0.6606137868846073,True
KIRC,1,KIRC,0.4212036465618866,0.05951700505900975,1.6630783324615626,True
TGCT,2,KIPAN,0.19286596743621356,0.026199057655550223,2.6832070775284778,False
PRAD,5,THYM,0.5293989698264331,0.3612675612693449,1.5185777561627403,False
UCEC,2,GBMLGG,0.4584209464886193,0.3671381736242625,2.143416998259842,False
DLBC,16,THYM,0.18800663544246646,0.04537579319767726,2.5435802028225076,False
PRAD,4,PCPG,0.1945849709612915,0.04571795587038688,2.669533463385112,False
BLCA,12,LIHC,0.19342629412209766,0.10054238036996678,2.7660791567039795,False
ACC,1,ACC,0.9079414846796335,0.8818433070014351,0.5105123438949586,True
LGG,2,GBMLGG,0.5072670771076017,0.4432340879957056,2.126028646813072,False
LGG,1,LGG,0.6326281723756082,0.4550241146378159,1.2925362916952694,True
LGG,12,PRAD,0.15346899685810877,0.07665883778281077,2.984187105501839,False
THCA,1,THCA,0.8958055114532996,0.8736165152072957,0.5828369076860871,True
KIPAN,1,KIPAN,0.35665760141779634,0.1857799476956752,2.3204402256330177,True
SARC,2,GBMLGG,0.11823319532663475,0.0042242330234180114,2.9603289306302223,False
KIRC,1,KIRC,0.7995342407904102,0.6495436301147657,0.7566516124862637,True
BRCA,1,BRCA,0.5059881782811686,0.3662317825191106,2.0081806744114528,True
LGG,1,LGG,0.6114677839624795,0.3124449882648893,1.083620392718153,True
LGG,2,GBMLGG,0.49973257928162246,0.21649321719655096,1.6730313062617421,False
LUSC,3,STES,0.23694098931013188,0.07674756949094855,2.42763450882498,False
BRCA,2,UCEC,0.3103061754232286,0.1039732342921047,2.222461047908199,False
KIPAN,7,LIHC,0.16267020311304134,0.02735687676415738,2.5753727826448816,False
CESC,1,CESC,0.4735873596748122,0.189313398087047,1.5909726575064456,True
KIPAN,10,PCPG,0.16691962468111832,0.005500673949012491,2.4579475692256327,False
KIPAN,2,BRCA,0.22304686394682094,0.0509507610425253,2.5275089108457065,False
BRCA,4,PRAD,0.26231383104709544,0.17651349262087823,2.769564082309485,False
CESC,1,CESC,0.33433801169277644,0.21746065619490568,2.536657476151646,True
KIPAN,1,KIPAN,0.24601942369533542,0.1228227767799686,2.6728317766007694,True
KIRC,1,KIRC,0.49261747354500646,0.0723696207056938,1.1618185433244441,True
LIHC,1,LIHC,0.31928267630815044,0.17416862901147093,2.4406145086746722,True
BRCA,3,LAML,0.14318052551806726,0.029252806077497612,2.7295372934563624,False
STES,2,PAAD,0.22844788171491906,0.08949074047034458,2.7053869847052043,False
KIRC,1,KIRC,0.2267630489084973,0.03916393377263952,2.611407689374035,True
BRCA,1,BRCA,0.2210445671196389,0.06826428973678095,2.7768109868882433,True
LUAD,1,LUAD,0.7638286686570812,0.5858321734274108,0.7489969106817403,True
GBMLGG,2,LGG,0.5402922995067657,0.11641841628481236,0.8982645716445133,False
COAD,1,COAD,0.7822122695233016,0.6856314122939965,0.9910371343908796,True
LGG,1,LGG,0.7166967252646883,0.4824249008766382,0.8469608776717604,True
KIRC,1,KIRC,0.7671189704031554,0.5938351297388021,0.8290243640111046,True
OV,1,OV,0.25969318051992507,0.10073268606156852,2.423617484538394,True
COAD,1,COAD,0.7004357793907885,0.44889448487162736,0.786569586967194,True
LAML,1,LAML,0.38165643210845396,0.1865189489798701,1.8856006918737438,True
PCPG,2,THYM,0.2150113329135771,0.007862537717285928,2.059447726165473,False
KIPAN,1,KIPAN,0.74291521017292,0.5154673585791987,0.7426954117065534,True
CESC,1,CESC,0.18820444525281793,0.04893992655509896,2.657509762680744,True
SKCM,6,KIPAN,0.1515437560164779,0.009020969548907132,2.8250962192403652,False
OV,1,OV,0.17549326452005876,0.06494626939236532,2.695809290966109,True
SKCM,1,SKCM,0.9873251941851827,0.980944288609684,0.08779451630182807,True
GBMLGG,1,GBMLGG,0.41774980945605006,0.3391256247847597,2.371277865723748,True
STES,1,STES,0.20518771642058609,0.06264745406798952,2.607139310847894,True
SKCM,1,SKCM,0.8941261293347631,0.8665619442213942,0.5592849481162621,True
LGG,1,LGG,0.2968073910732152,0.10768771626644782,2.2334134428545136,True
KIPAN,12,PRAD,0.12488903915742491,0.04637775594450057,2.958505328586924,False
HNSC,6,LUSC,0.599876165072084,0.46317087089309494,1.4018278119050378,False
GBMLGG,18,SARC,0.14873743427066133,0.01034951132068715,2.807080996898962,False
CESC,12,PRAD,0.09833660982790718,0.004088766981409725,3.0355832376510463,False
BRCA,2,UCEC,0.18312531036003515,0.026408134919478243,2.501534579988113,False
UCEC,2,COAD,0.6859268999869247,0.39520283713732496,0.709948760455974,False
THCA,7,PRAD,0.22124310698071467,0.12727607536481333,2.8432795921676024,False
KIPAN,2,HNSC,0.14445814578725671,0.04416765589107047,2.7972200316949607,False
THCA,1,THCA,0.9021056279090411,0.8618746794995172,0.5205760191319151,True
LUSC,1,LUSC,0.8983088756335381,0.8288233033228493,0.4457824870022781,True
GBMLGG,10,OV,0.1646287959583467,0.02734860896292171,2.7471931690700515,False
KIRC,2,PRAD,0.22119885716960372,0.0798859245638025,2.6526760668309834,False
THCA,1,THCA,0.8408089039642171,0.8052595374768748,0.8673488362001599,True
KIPAN,2,CESC,0.14088707387293273,0.052664051642819135,2.953588005010501,False
BRCA,7,THYM,0.3212390555119336,0.13418909962016837,2.0851235287292154,False
COAD,1,COAD,0.7264626039262128,0.6135555069788953,1.164946492436309,True
KIRC,1,KIRC,0.37478504640979166,0.20929773567473733,2.246442222766783,True
LGG,1,LGG,0.8296660544277538,0.6902714274952342,0.6121391682496926,True
SKCM,1,SKCM,0.9911687621919159,0.9875306538400291,0.06628893696221091,True
TGCT,1,TGCT,0.6569036009490485,0.5851233177344644,1.5824107341618077,True
KIRC,1,KIRC,0.2467994522541802,0.1411214981889613,2.697221508745295,True
GBMLGG,2,UCEC,0.4271463945228545,0.1773105194994472,1.7998149874301554,False
SARC,7,BRCA,0.16573905910094,0.00033727288175480763,2.659727782065076,False
LGG,1,LGG,0.6636572621442428,0.3928129160556839,0.9766885830111892,True
SARC,2,OV,0.2437078505408617,0.10442835729574543,2.634633126791516,False
PRAD,1,PRAD,0.14191373818827552,0.03895868261104336,2.7360036317555045,True
THCA,1,THCA,0.21297772521285474,0.10181354126124617,2.7317904542295426,True
BRCA,7,GBMLGG,0.1903198337442767,0.0193675024122634,2.3721254886171215,False
THYM,1,THYM,0.3258304054261616,0.14477966967373346,1.9798456297376934,True
THYM,1,THYM,0.5347016919658176,0.33302860641605325,1.4695847261221497,True
LGG,14,CESC,0.11854339937327318,0.02596443847998986,3.0428054734982437,False
PAAD,2,OV,0.2365932882717736,0.12979142881868605,2.611462132357914,False
KIPAN,2,ACC,0.5233855430592499,0.4112366581774103,1.8771052409885356,False
PAAD,1,PAAD,0.3702415316679696,0.17957245244084916,1.9658011892192933,True
GBMLGG,8,SARC,0.14033032028869385,0.04912995744950199,2.9328981789853557,False
ACC,2,KIPAN,0.3076201996653576,0.03502070928035911,2.191188078227936,False
PRAD,1,PRAD,0.30412719441441594,0.1550696532361905,2.3310203456001757,True
THCA,3,PRAD,0.23015519289915043,0.10506420884455586,2.713870803857335,False
CESC,3,LUSC,0.3336929950247877,0.03224894378615217,1.4974145365048221,False
GBMLGG,14,LAML,0.25837141956681464,0.05967475631231589,2.0614044858796823,False
UCEC,1,UCEC,0.33978614547311126,0.22461385502156078,2.4517386578395417,True
BRCA,2,PCPG,0.3327020169443482,0.13721113418473732,2.192470830104821,False
GBMLGG,2,LGG,0.4783836430501658,0.005001484855646943,0.9532269621909629,False
BRCA,1,BRCA,0.3588527202741172,0.2456254031421189,2.4207547443383777,True
LUSC,1,LUSC,0.6786448030462675,0.49213037341019034,1.0714817373409475,True
COAD,1,COAD,0.5658571023721256,0.4487873683252895,1.708919005057342,True
LIHC,16,SARC,0.21127167080924045,0.054980262429117216,2.5845446969816446,False
KIRC,1,KIRC,0.736187933351572,0.49784541027011425,0.7312973122256433,True
GBMLGG,2,LGG,0.44520935942882006,0.025380613418896414,1.3622284514753025,False
LAML,1,LAML,0.3895084365280256,0.26662936769326867,2.274272578462008,True
SKCM,1,SKCM,0.9007075081121417,0.8748440684036275,0.516767470203926,True
KIPAN,1,KIPAN,0.6097130975962356,0.5306669054885705,1.662984137450936,True
BRCA,7,PRAD,0.15916552768173997,0.01293684511982865,2.624783775185771,False
COAD,1,COAD,0.8820506193752519,0.848453666941154,0.6451467925879238,True
LGG,1,LGG,0.6189995741622295,0.37266512124993945,1.2950866563458072,True
GBMLGG,1,GBMLGG,0.5045322490974631,0.1275389420501437,1.3131943522291483,True
KIRC,1,KIRC,0.6312284273853723,0.5023651833997009,1.559240055132159,True
BRCA,1,BRCA,0.5502241496280083,0.48483800825813705,1.9388485275900096,True
OV,1,OV,0.3254339770233284,0.14927345982603796,2.28903383179527,True
KIPAN,1,KIPAN,0.22615300290022808,0.04991145140891462,2.4585774790672543,True
LAML,1,LAML,0.9050923515938167,0.8769619117698109,0.5247272638548719,True
OV,1,OV,0.297676870538821,0.013122916629516812,2.1550813699319513,True
TGCT,1,TGCT,0.21537391450275542,0.10613978461387957,2.766122866566339,True
PRAD,3,LAML,0.2521028218048843,0.06513816111510373,2.2334195936152934,False
OV,1,OV,0.30698529993712936,0.16447285411257584,2.3597613737397314,True
HNSC,6,SARC,0.1476201618222602,0.031032798680231802,2.935331727290734,False
LUAD,2,BRCA,0.16371998588885742,0.037568566677301574,2.7067374463084173,False
HNSC,1,HNSC,0.17118008836820625,0.004071712235087177,2.7708497180739573,True
COAD,1,COAD,0.6484968793245741,0.6097657915431034,1.6777520139235742,True
PCPG,1,PCPG,0.1904091469726261,0.019263164035893482,2.4347293880955134,True
HNSC,2,OV,0.2566990124074145,0.11179516633630718,2.5833724005506373,False
BRCA,1,BRCA,0.21395518135399555,0.10324806866497521,2.816196969468351,True
ACC,1,ACC,0.8370240267358532,0.812328420020483,0.9159688635049438,True
THCA,7,PCPG,0.20007442818960838,0.05443900657866613,2.5645774902820793,False
STES,1,STES,0.2902384406796239,0.008313328046138435,1.8752282465633439,True
THYM,5,PRAD,0.2283533595424186,0.001051440872699455,2.3475464545117273,False
LIHC,1,LIHC,0.644836408828595,0.5701694562146091,1.4962132186566042,True
UCEC,14,PRAD,0.19923571411911564,0.07425373483183362,2.739594107141353,False
KIPAN,3,KIRC,0.15687148583449337,0.025534660129446107,2.7661062443927595,False
LUSC,1,LUSC,0.8101674095799101,0.6701274376129251,0.7050107723330274,True
GBMLGG,1,GBMLGG,0.48156962359120503,0.1902042829784421,1.6330211361236944,True
LIHC,1,LIHC,0.37603361325965756,0.2048349294460207,2.1355003498261036,True
BRCA,3,HNSC,0.21212094373094975,0.05275028033604201,2.6338176422355826,False
UCEC,1,UCEC,0.9092351051595688,0.8850653624882046,0.5454934418752794,True
BRCA,9,LAML,0.1584017740487308,0.012469172609092222,2.613791011753972,False
LUAD,1,LUAD,0.6569780827633636,0.3781053195078821,0.9411709885176418,True
COAD,1,COAD,0.7654451951712067,0.7097275123251425,1.0841371190197844,True
BRCA,8,SARC,0.19612942495022528,0.04407647220397809,2.559414428136434,False
THCA,1,THCA,0.6349997694019265,0.579115210687236,1.6986503672068587,True
SARC,1,SARC,0.1289430443847751,0.0010146050741694779,2.7810081967033047,True
SKCM,1,SKCM,0.9829292209684486,0.9758161917828855,0.12282982470941346,True
GBMLGG,6,PAAD,0.12235036305758432,0.00358075643085419,2.937234827533008,False
OV,1,OV,0.3224079028447075,0.19656641876295983,2.5305762383483676,True
BRCA,3,BLCA,0.14486218853981989,0.027865133920077834,2.8388622084090698,False
KIRC,1,KIRC,0.10466284646582051,0.005122712817893393,3.02353865438464,True
TGCT,1,TGCT,0.47623866419491484,0.42344199530849513,2.2469798825604075,True
CESC,1,CESC,0.15711700693142194,0.04631094568759024,2.919981518134532,True
KIRC,4,KIPAN,0.16977634435017513,0.03978936235687938,2.7258311739922467,False
SKCM,1,SKCM,0.9997618621852231,0.9996263983359411,0.0025234882619761187,True
BRCA,1,BRCA,0.670010779910171,0.5970134873348093,1.4863568440809758,True
STES,4,PAAD,0.43521736814851847,0.31369186790901715,2.0592882273371536,False
CESC,11,THYM,0.26702550268866077,0.07560630203640745,2.1298466462845935,False
CESC,4,TGCT,0.18915910241506492,0.06261314194388234,2.712575222336349,False
CESC,1,CESC,0.1682101710940821,0.047657740965884585,2.9284087028160393,True
PAAD,1,PAAD,0.42603517457090384,0.2956848263324698,2.2678240871254944,True
GBMLGG,1,GBMLGG,0.7169651658400122,0.5927000520701904,1.2166395769737381,True
KIPAN,1,KIPAN,0.9093198081295937,0.8468487088719937,0.43274528788933064,True
THCA,1,THCA,0.8643644404831585,0.8413919273400241,0.749502257638265,True
SARC,11,TGCT,0.15378511937248943,0.00854948134965336,2.7510715891250768,False
KIPAN,1,KIPAN,0.7643296974623993,0.6845663320082495,1.103738694154748,True
BLCA,23,LAML,0.15057248982320945,0.006952301178060699,2.526433515485745,False
THCA,1,THCA,0.9078476741619418,0.888728113392341,0.5269468354776596,True
HNSC,15,LAML,0.43559130432966836,0.29610788418857587,1.9159335589878164,False
PCPG,1,PCPG,0.25192405081352015,0.07909485166453178,2.4331868906107275,True
KIPAN,2,KIRC,0.4701646011284137,0.258676873909801,1.656720435143557,False
SKCM,1,SKCM,0.995731998017837,0.9940032192162012,0.033936225045593196,True
BRCA,1,BRCA,0.6639554127721495,0.617742350601254,1.5687651035185284,True
LUAD,1,LUAD,0.5007376267376633,0.019747496410741694,0.8024524838126825,True
LUSC,1,LUSC,0.6342049801905582,0.42150766913548005,1.0970747013925004,True
GBMLGG,1,GBMLGG,0.21712724338722572,0.09769185395912436,2.6812767665346247,True
LIHC,4,LUSC,0.3136555531382218,0.08326859716188503,1.882263990118677,False
LUSC,3,LIHC,0.39733389549100073,0.08584279580133225,1.701819884991735,False
PRAD,2,CESC,0.13391499305509608,0.029284052734884755,2.916962333035512,False
TGCT,1,TGCT,0.49079593362447177,0.3538010603495088,2.0659446186629316,True
COAD,1,COAD,0.8937800938692534,0.8745730115757975,0.6263846269375499,True
LIHC,12,BRCA,0.3032956168061131,0.20502287451655388,2.5189059011520025,False
OV,1,OV,0.3751643014268578,0.2548453028937564,2.3834531188705625,True
LUSC,1,LUSC,0.3170968858091434,0.2325401580636281,2.4511463093380406,True
HNSC,6,OV,0.18839201278228343,0.04940137253238258,2.570952081166979,False
STES,16,PRAD,0.1249372255460421,0.022275386321848972,2.9639701425107026,False
SKCM,1,SKCM,0.9031501838174455,0.8813694805860709,0.5748778731477404,True
LUAD,2,LUSC,0.5966681208468805,0.20540130023004433,0.7403415966304637,False
BRCA,1,BRCA,0.4151139648888517,0.311935133573101,2.2939534804605652,True
OV,1,OV,0.25452168715200807,0.09996550858630193,2.524535515803991,True
LIHC,1,LIHC,0.30742043242416306,0.015369504682999358,1.9802020420637616,True
BRCA,6,COAD,0.7883423548936186,0.650489258788855,0.6683290642415127,False
SKCM,1,SKCM,0.4781611521925833,0.3135414739860636,1.7931385452941813,True
PRAD,2,UCEC,0.3084072352183997,0.1146029785951852,2.2556180794766223,False
GBMLGG,4,OV,0.18145018446331584,0.029628887168940243,2.5551574734181455,False
SARC,1,SARC,0.2171018234727353,0.08717082288632827,2.815401177540924,True
THCA,1,THCA,0.8131108951510247,0.7814866224073619,1.0208755995140193,True
KIPAN,4,KIRC,0.10888293185500203,0.007668450858610898,3.001207667997833,False
SARC,3,PRAD,0.1573889527528976,0.03852929856265426,2.9150183401504624,False
LGG,1,LGG,0.5153730919770173,0.07490578020640698,0.9565591570582025,True
GBMLGG,8,TGCT,0.11023180814786288,0.010268465963571644,3.0012701661516967,False
KIPAN,3,LIHC,0.6031142274792219,0.5012991609857396,1.6602618123432382,False
BRCA,1,BRCA,0.6282578771012092,0.5012128851427793,1.3506395081148266,True
HNSC,2,LUSC,0.3978347903616141,0.10361835686867227,1.771188339864271,False
SKCM,1,SKCM,0.9958739442115024,0.9946731583761669,0.034775087546191887,True
LAML,6,PRAD,0.2128111225242428,0.07476850209559002,2.6065844716888678,False
THCA,1,THCA,0.8701386634942995,0.8433499886352719,0.7130277790883264,True
TGCT,1,TGCT,0.5729375585655517,0.47610642135522807,1.8193160990475508,True
THCA,1,THCA,0.9243156506852912,0.904347421853787,0.41880271678119746,True
BRCA,7,OV,0.2246094447827463,0.06627555491842327,2.5364150255008653,False
KIPAN,2,LUAD,0.28370837839103863,0.0833383692532208,2.1043598094439724,False
SKCM,1,SKCM,0.998593107066274,0.9980592846263082,0.012885186758142545,True
PRAD,4,PCPG,0.14113411932503017,0.012485310988344822,2.7933134526096097,False
LIHC,2,LUAD,0.19245982244042378,0.07571423082828634,2.77543496793607,False
SARC,16,BRCA,0.20851776671390815,0.10660624100322791,2.820329113572347,False
BRCA,1,BRCA,0.2250498536592677,0.08619598486402916,2.7726346798798707,True
PAAD,2,COAD,0.12860764489721338,0.018853142750006643,2.96670019994382,False
LAML,1,LAML,0.43809489987401096,0.22806079075064264,1.783110446818182,True
STES,2,UCEC,0.6656873133500907,0.4361649094901825,1.0093220139056118,False
LGG,1,LGG,0.5541653654407078,0.2747910927361933,1.3103518234780478,True
SKCM,1,SKCM,0.9818873244419106,0.9758939883047552,0.12813500965161917,True
GBMLGG,1,GBMLGG,0.5478006082850333,0.24801013224807483,1.3900924408330662,True
BRCA,2,KIRC,0.2289605215731374,0.06491149752250167,2.524682794177892,False
BRCA,1,BRCA,0.21997415371489018,0.06754670263246626,2.476934468548889,True
LIHC,15,PRAD,0.1810474285758572,0.06192024930647877,2.6739746748076385,False
PRAD,2,THYM,0.2997676510892124,0.07335436536874199,2.147925690270536,False
GBMLGG,3,PAAD,0.1593361687208872,0.04553254811686834,2.723753134334222,False
BRCA,1,BRCA,0.7406179264057273,0.6897676061061309,1.303950609047936,True
LAML,4,THYM,0.21997306355004212,0.04038139072065314,2.1249714396618966,False
THCA,1,THCA,0.6085447737039414,0.5057276990904774,1.7480884472793325,True
LGG,1,LGG,0.7298723632320551,0.4796355088752395,0.6945413824838177,True
PCPG,1,PCPG,0.397702400765769,0.2778840322406442,2.215759142761473,True
THCA,1,THCA,0.910464940056554,0.8826463870216167,0.5045658831867803,True
THCA,1,THCA,0.8673447843336807,0.8419440308644411,0.7248820653794501,True
COAD,1,COAD,0.526466013611851,0.17612707668787791,1.111658882192096,True
KIRC,2,UCEC,0.17552139966875943,0.06908779438507266,2.764455156261461,False
BRCA,10,LUSC,0.405400929032851,0.031732141752240484,1.3208817686070584,False
BRCA,1,BRCA,0.30843948466989846,0.11605060901702513,2.2655393073710886,True
STES,8,PAAD,0.18985853738936384,0.01954160594645135,2.4534049696897524,False
BRCA,1,BRCA,0.33280435184052093,0.23999867659539742,2.559271068079849,True
BRCA,1,BRCA,0.6976996085433874,0.6452893477887734,1.4205482226277923,True
LUAD,1,LUAD,0.7681172763857376,0.6458975381362659,0.786946854653125,True
KIRC,1,KIRC,0.15228841986972266,0.023261638448066252,2.85159529513177,True
TGCT,1,TGCT,0.5850066474723461,0.5167514775810729,1.7945722908917139,True
BRCA,2,PRAD,0.16333442656399116,0.047835252388309935,2.860828920145684,False
STES,1,STES,0.34061003848153004,0.1027193997208449,1.9975183701229615,True
SKCM,1,SKCM,0.936166425962472,0.9005744287919735,0.3265571747421024,True
THCA,4,PCPG,0.1493690401113496,0.0025711657152287515,2.7663032056538306,False
LIHC,1,LIHC,0.8654512013933918,0.8188046226308976,0.6689839419246955,True
SKCM,1,SKCM,0.2688947417039396,0.08182058616904353,2.403031022366439,True
GBMLGG,1,GBMLGG,0.6388232005955296,0.40800348737504144,1.2476436099399857,True
UCEC,1,UCEC,0.9449141068326863,0.9089505229322392,0.2615082531145466,True
OV,1,OV,0.2924019032924942,0.15335909679474466,2.585126571592039,True
SKCM,1,SKCM,0.8463650231773242,0.8002181280625962,0.8093194610879244,True
GBMLGG,1,GBMLGG,0.19834140049336763,0.0949938376864554,2.745786400921276,True
THCA,1,THCA,0.5612971421221358,0.44171563891879223,1.871275214297581,True
BRCA,1,BRCA,0.21528179332811842,0.02484917742188031,2.341477394388377,True
BRCA,1,BRCA,0.4792803434419939,0.4039822963237417,2.1471097725088684,True
STES,1,STES,0.9552149484013438,0.9156716375532448,0.20848461768388882,True
LGG,1,LGG,0.6096966376825472,0.47420778237524885,1.3739988821989269,True
BRCA,4,PRAD,0.19548182467100939,0.05734333477400788,2.70975746445367,False
HNSC,1,HNSC,0.5739292527628785,0.34839785252158506,1.3197303593852192,True
ACC,1,ACC,0.4631534412605144,0.31532700601569996,2.131435072772964,True
PCPG,1,PCPG,0.17754007647016976,0.01657326498121381,2.5786626146220026,True
GBMLGG,4,BRCA,0.15467647283435945,0.02566437517043829,2.7227765489697355,False
LUAD,6,HNSC,0.18305439726296685,0.0440429472404108,2.5326467648181064,False
STES,1,STES,0.5196205503745135,0.22801948147331363,1.281588904682224,True
PCPG,1,PCPG,0.16434697920367453,0.019635780001065722,2.5224743413721336,True
THYM,15,PCPG,0.11165505418888182,0.04254401388022275,3.0974655554675232,False
COAD,1,COAD,0.8930335715795926,0.8594625209709899,0.5836886328005636,True
BRCA,3,PRAD,0.15086019995372035,0.020863457775850414,2.780224271619265,False
PCPG,1,PCPG,0.16184209064173968,0.012039630330745843,2.6011083685203356,True
BRCA,1,BRCA,0.24976334177828854,0.07375450051933949,2.5054566251491486,True
PCPG,4,THYM,0.5347016919658176,0.33302860641605325,1.4695847261221497,False
PAAD,1,PAAD,0.3478047475292936,0.07691746785542997,1.748311173408618,True
LUSC,2,HNSC,0.786737485680743,0.6870827015106077,0.8590097611853317,False
SARC,2,GBMLGG,0.31645613842455084,0.14316242903273976,2.049543915570923,False
STES,22,THYM,0.19058010976616457,0.03888018632168455,2.575752337916199,False
BRCA,1,BRCA,0.21821171703245895,0.07385358437058498,2.7296761779548078,True
HNSC,3,STES,0.1854315783252252,0.05714012485513126,2.5008550776033487,False
KIRC,1,KIRC,0.8766603013994592,0.7787143563583727,0.4977279290086355,True
COAD,1,COAD,0.6608785342191617,0.5670805457201967,1.4829915138139762,True
LUSC,3,HNSC,0.2626117505514897,0.06779398121237112,2.1073865787011745,False
PCPG,3,LAML,0.17161422721457859,0.008066356766655458,2.436341538899423,False
KIRC,1,KIRC,0.6155046222202456,0.38787927494360824,1.340497469269082,True
STES,5,PAAD,0.4643506445234754,0.3945515873294292,2.1330107245949805,False
KIPAN,1,KIPAN,0.3636641554030388,0.18412398063381266,2.3234169601218504,True
KIPAN,9,PRAD,0.14504064408479253,0.008656129115026445,2.7860867814163464,False
OV,15,UCEC,0.1928644145945721,0.06790451584507351,2.680894452437353,False
SKCM,1,SKCM,0.790542874035836,0.7320946730890103,0.9009548047421952,True
ACC,1,ACC,0.8971178431255449,0.865725190935443,0.5695965005734255,True
STES,5,HNSC,0.6437609412004236,0.48796232241673665,1.2112782973156462,False
KIRC,1,KIRC,0.18289708285283462,0.08337901910313421,2.742970523153103,True
ACC,1,ACC,0.9764295475442981,0.972794120200529,0.17630499141628275,True
THCA,1,THCA,0.8695497170663666,0.8420608792667537,0.7184874416943924,True
GBMLGG,4,CESC,0.10668630345449516,0.011189885639403055,2.899819414291744,False
TGCT,1,TGCT,0.19462025016023118,0.03616085620752807,2.695153451788341,True
OV,2,PAAD,0.2324218076569218,0.028787522549597627,2.3836986453480105,False
COAD,1,COAD,0.7868096266636244,0.6115272087960332,0.6844641049173048,True
STES,4,HNSC,0.20612959320166221,0.031132995714433592,2.5075461886672126,False
STES,7,LUSC,0.28995695082862183,0.007447630771359959,1.6808744990616762,False
LAML,1,LAML,0.20983482225520797,0.06926175238370769,2.596774890257422,True
LUAD,1,LUAD,0.5274119191701495,0.16683400976147494,1.005470753184881,True
SKCM,1,SKCM,0.9255141224958807,0.9101478911805484,0.43704193002416897,True
HNSC,1,HNSC,0.5492322455383581,0.30846135377068873,1.2898252138083104,True
BRCA,4,PRAD,0.15094820183349303,0.038511746954285234,2.8168170652292135,False
LUSC,1,LUSC,0.42764558155403243,0.26137932712982714,1.9616870801905864,True
BRCA,1,BRCA,0.5735849841620857,0.4577258162837826,1.7557837935653313,True
COAD,1,COAD,0.6262891483969897,0.5601445670611883,1.6045726702864023,True
THCA,1,THCA,0.8189697916421458,0.7874889151313305,0.9780480383766009,True
LUSC,3,LUAD,0.4738006256517322,0.08381038838287502,1.130940387090149,False
KIPAN,1,KIPAN,0.5162502741491448,0.34071126504144233,1.7435300127611004,True
THCA,3,LAML,0.2345036783484517,0.0831334317071557,2.288120491838445,False
LIHC,16,THYM,0.3846853005152053,0.24228326908092168,2.0477438212030847,False
KIPAN,8,OV,0.45035012801522173,0.3436901511750904,2.1674756333627347,False
GBMLGG,1,GBMLGG,0.33945786999406175,0.12229546921292456,2.2914488829499233,True
THCA,2,THYM,0.3091341933437871,0.16371406951837567,2.18363315503265,False
CESC,2,THCA,0.12833603469561583,0.006983279775404375,2.661997681936137,False
PRAD,2,SARC,0.1682748130991033,0.0968136759794421,2.947992992088236,False
KIRC,1,KIRC,0.8573653504406774,0.7275491996417072,0.4887173014310393,True
ACC,1,ACC,0.9988021069693555,0.9985393481497904,0.012528612998580612,True
KIPAN,2,TGCT,0.150978382925497,0.03095529462687456,2.7369868198174685,False
OV,1,OV,0.3742267307730551,0.24070597443130043,2.29088452742155,True
KIRC,1,KIRC,0.24947728315394227,0.10626164120772105,2.640483691974549,True
UCEC,4,BRCA,0.27316145339994696,0.06958208532652968,2.4216928711527097,False
LAML,6,GBMLGG,0.306774879899983,0.16297511514042612,2.306219205907746,False
GBMLGG,2,LGG,0.4619251722031159,0.24190882924119408,1.8180002508425013,False
PRAD,1,PRAD,0.20254823985202083,0.065666289498168,2.7683976990229313,True
BLCA,1,BLCA,0.6507791811575897,0.5659122183587865,1.4078035018480315,True
GBMLGG,1,GBMLGG,0.2691950042789031,0.1697115574249216,2.7344018136711807,True
LUSC,1,LUSC,0.7037172508921791,0.5976188525118142,1.1399108650626386,True
LUAD,6,BRCA,0.14872610787156615,0.05257822650308447,2.902731469317983,False
KIPAN,2,KIRC,0.4055722293046878,0.12060826830089799,1.948307009240692,False
BRCA,1,BRCA,0.45860768158770376,0.26208943369446763,1.6503147224165025,True
STES,1,STES,0.9692997351580623,0.9590254761006693,0.189489825446258,True
OV,1,OV,0.23808736079550924,0.07481333761238074,2.5205719421060495,True
KIRC,1,KIRC,0.37296835658945476,0.14185354520879304,1.79932826232226,True
OV,16,GBMLGG,0.13823798104914875,0.019628241382864883,2.7475823363113916,False
KIRC,1,KIRC,0.8067448076354804,0.6454144040130195,0.6575338418969688,True
GBMLGG,2,LGG,0.7374456483814291,0.5194640930107286,0.7903240846233105,False
KIPAN,1,KIPAN,0.3599180502010968,0.22444374378075216,2.274154597922436,True
KIPAN,1,KIPAN,0.879095542561376,0.8249467574637986,0.6360341650466802,True
HNSC,2,CESC,0.20983304980939385,0.041216130934230794,2.2566733214498282,False
SARC,1,SARC,0.15645208575713593,0.02903832701423434,2.9127003815747496,True
BRCA,1,BRCA,0.32297966051527705,0.19720630449891097,2.5107719039738674,True
BRCA,4,CESC,0.21256383515654667,0.11338585271375479,2.729288376178286,False
BLCA,1,BLCA,0.3733455030423317,0.1063613022522204,1.5446630538909467,True
LUAD,1,LUAD,0.7721072989500876,0.663605225388632,0.9028368890327105,True
CESC,9,STES,0.5184031757734241,0.08864623364276897,0.9265264186048754,False
LGG,1,LGG,0.7362760616531802,0.5288419332021244,0.8547395127327034,True
SARC,1,SARC,0.22739618610295995,0.09188125863394545,2.617623339673859,True
BRCA,3,CESC,0.5006575675132363,0.30720694919785974,1.7207405318365525,False
THCA,3,THYM,0.5347016919658176,0.33302860641605325,1.4695847261221497,False
KIPAN,1,KIPAN,0.7779538940010146,0.5870115093036679,0.7004220609588732,True
UCEC,16,SARC,0.5104527276160306,0.30250744842546146,1.819010587227925,False
GBMLGG,1,GBMLGG,0.40279985903364657,0.2452709612848691,2.088987681711714,True
BRCA,2,HNSC,0.10473846138700699,0.008246809432806687,2.855976184967176,False
KIPAN,1,KIPAN,0.25052514414169413,0.011553406596361115,2.370906943188501,True
THCA,3,PRAD,0.1784838562371491,0.03253981426077626,2.4691620497370854,False
BRCA,4,PCPG,0.35387834005242413,0.232316582141532,2.23278304874737,False
KIPAN,2,KIRC,0.40222755940783667,0.20524287635256327,1.8308839771344676,False
KIPAN,3,TGCT,0.6380680539930272,0.5417748081292943,1.4999098912784068,False
BRCA,1,BRCA,0.29389184761262566,0.11492149550571348,2.561736125104936,True
LUSC,1,LUSC,0.6735126888950367,0.4596665742801647,1.0019755646678261,True
KIPAN,1,KIPAN,0.19936644450742622,0.0318686803841067,2.6642926528466417,True
STES,1,STES,0.8980666661377216,0.858504655706936,0.5157192658283188,True
KIPAN,1,KIPAN,0.29178058370957755,0.18467321529797226,2.411950590379924,True
GBMLGG,2,LGG,0.6099368728055139,0.2758410751298229,0.9452671470346483,False
OV,1,OV,0.3555584964653822,0.2559721330395133,2.392236380894646,True
OV,7,PRAD,0.1290298166473331,0.02423019823982636,2.879477803783293,False
PCPG,3,SARC,0.143550315443646,0.06485485758775046,2.990525318253288,False
GBMLGG,1,GBMLGG,0.3037346718879313,0.23053067323474485,2.7162117140569366,True
LUSC,1,LUSC,0.9446139662774325,0.9127902928210827,0.2934680630102795,True
KIPAN,1,KIPAN,0.8148687706418589,0.6537238955480722,0.6181415936263313,True
SARC,3,CESC,0.16031050928414184,0.01802426604311949,2.783847140672935,False
PRAD,3,LAML,0.2670992025265532,0.10597896609547627,2.198283944687594,False
HNSC,1,HNSC,0.21274224659401733,0.07165460536325075,2.412858885540529,True
BRCA,2,LUAD,0.20028598237404205,0.07015487944322618,2.5795130359689944,False
GBMLGG,2,LGG,0.6957488900177438,0.43406283136676077,0.8473698265964306,False
THCA,1,THCA,0.5679221640546811,0.5007038020568696,1.9215506952120902,True
STES,1,STES,0.3803570238140783,0.2167813503124181,2.07649514789955,True
THYM,1,THYM,0.3206587182780397,0.15769121281911866,2.1285628162843944,True
STES,1,STES,0.6745643435657982,0.531008122861706,1.1610982755701054,True
BRCA,1,BRCA,0.24803881565189578,0.09036654313358874,2.413504615081456,True
BRCA,7,THYM,0.5117298131007656,0.33372309770457026,1.532678251040923,False
STES,1,STES,0.49275850933213666,0.36768867595719645,1.9101628469361007,True
GBMLGG,7,PRAD,0.10570714214860426,0.015647508703104385,3.0040326977989427,False
BLCA,1,BLCA,0.453572393089585,0.16708197114966739,1.6466763003617593,True
LIHC,2,PRAD,0.1287951808227563,0.03755751371100123,2.906013486547316,False
SARC,2,OV,0.33714278071894577,0.23330098870010926,2.413025927629974,False
OV,1,OV,0.3047952484353741,0.16103488895813023,2.508405469347425,True
OV,9,COAD,0.5002160044318045,0.3078740668939402,1.655796762928146,False
KIRC,3,GBMLGG,0.2794395822515765,0.043681753149863084,2.4562199706282963,False
BRCA,11,KIPAN,0.26028117316303245,0.1284267146402097,2.572695327068206,False
HNSC,1,HNSC,0.21572017188481743,0.10119715061224477,2.5916901596587634,True
KIRC,1,KIRC,0.4222524843077775,0.022215575405540755,1.506090428726596,True
KIPAN,2,THCA,0.5377903773495271,0.43216099649499945,1.9489466524093502,False
STES,3,HNSC,0.2099206496140227,0.03268160233495179,2.518572578418607,False
LAML,1,LAML,0.3822505354719811,0.30459925326184023,2.334158299478549,True
STES,3,PAAD,0.3370942012895019,0.061649449648088606,1.8502725822971853,False
GBMLGG,2,PRAD,0.17557792700766353,0.03150978744584196,2.6782874772077476,False
KIPAN,1,KIPAN,0.48568488313023694,0.08100015116071513,1.1941403823025287,True
KIPAN,2,LIHC,0.48765511870498857,0.32717582133121315,1.9446802992782932,False
BRCA,1,BRCA,0.8759081956628496,0.8414322409421262,0.6969074553664049,True
KIPAN,1,KIPAN,0.407373778617783,0.2764212237000432,2.199953657255246,True
TGCT,1,TGCT,0.6380542193802384,0.5328393606893647,1.4516107648049954,True
BRCA,3,OV,0.33761564986860293,0.2250229441286023,2.4223252123231274,False
PRAD,1,PRAD,0.24535677189550661,0.10436182730341126,2.554132024132395,True
SARC,2,OV,0.2390174641026242,0.042852117254424865,2.5574866980325384,False
PAAD,2,CESC,0.2254089375674239,0.12410891508797638,2.8071111482044953,False
LUAD,1,LUAD,0.1681529943794867,0.047786821995667736,2.794102865385019,True
BRCA,1,BRCA,0.3734270000591382,0.2528216612943652,2.313435987470271,True
COAD,1,COAD,0.7297836545481375,0.6600634831241514,1.225238094019939,True
LIHC,1,LIHC,0.3005899110887566,0.14886237270446243,2.4492924251519166,True
KIPAN,1,KIPAN,0.3920520418528124,0.2815061652523324,2.3269115175578734,True
GBMLGG,2,LGG,0.649978658938956,0.3648876369048613,0.9759085140260082,False
LAML,6,SARC,0.13681221881642336,0.00469367184936717,2.5539804091218836,False
LUAD,1,LUAD,0.5521707518660991,0.2383018169849473,1.1409303713665346,True
KIPAN,1,KIPAN,0.400441344004688,0.10462424818875171,1.6613962664020985,True
BRCA,1,BRCA,0.20468658442212834,0.043503854361539945,2.3665363916407895,True
LIHC,1,LIHC,0.20548800521484226,0.03376919176992613,2.6682901674713113,True
PCPG,3,THYM,0.18507575520151565,0.0025975256500577193,2.5073906232117547,False
OV,1,OV,0.40732797216728045,0.2351536362609062,2.177655242562496,True
LUAD,2,HNSC,0.19834709407971798,0.012586609627291023,2.412700335775536,False
BRCA,1,BRCA,0.5324377190393368,0.4644257824155445,1.9611371229543069,True
PRAD,1,PRAD,0.24840550561310157,0.14592997986304423,2.640949484180303,True
LUSC,3,STES,0.24724887610520094,0.007881432392016052,2.1661690610790214,False
COAD,1,COAD,0.8646532857451206,0.8249525421096794,0.7014454834964893,True
SARC,3,OV,0.3762330548423494,0.2889311343226798,2.423914221705881,False
LAML,1,LAML,0.5109360759669622,0.4280086337632045,2.0856703656335527,True
PCPG,4,THYM,0.49067237795949636,0.3130447961110153,1.6107348949245783,False
LAML,17,SARC,0.17288521996888814,0.014165759958988888,2.783046591320149,False
BRCA,2,BLCA,0.48558738174484,0.3490843511682508,1.8126694570149189,False
KIRC,1,KIRC,0.34809139118148735,0.13305328338793193,1.896669835103075,True
THCA,4,THYM,0.20634607205618827,0.01567032875132285,2.3342316061778434,False
LUSC,1,LUSC,0.5495090662274055,0.3693907380317882,1.5378044733878344,True
KIPAN,1,KIPAN,0.5206320044571141,0.36284246849695895,1.9084456821709805,True
ACC,1,ACC,0.9972236332071079,0.9953384909965679,0.022593969322151134,True
BRCA,7,PAAD,0.2827936839296365,0.1467452861963694,2.45407558993716,False
HNSC,21,CESC,0.11521419898181638,0.007707617688814172,2.8418482752993754,False
KIPAN,2,KIRC,0.41882471454442766,0.2048945932892343,2.105310570812444,False
PAAD,6,OV,0.30301214834924106,0.1915785020194662,2.4863104904035396,False
LGG,1,LGG,0.43536857576422405,0.0724591874651388,1.6507718057511793,True
BLCA,2,CESC,0.30552192494776786,0.048189429807973416,2.0298991180109165,False
BRCA,2,LUAD,0.17813822827189452,0.03032308850974988,2.68919447015546,False
LAML,1,LAML,0.19315064981558064,0.018986792382983342,2.5027892147689412,True
LGG,2,GBMLGG,0.6469934837291713,0.557206965556363,1.5999481212029434,False
BRCA,2,OV,0.343242731753653,0.2540292569268337,2.443479177017461,False
UCEC,1,UCEC,0.46993881857902686,0.3494536533440304,2.1176716429531335,True
BRCA,3,OV,0.24956663768977627,0.15042843263370492,2.667129302157957,False
UCEC,10,LIHC,0.4468207258770681,0.22558865933631841,1.770320688550836,False
OV,1,OV,0.4216862842819387,0.33672929708308963,2.2029015930918545,True
THCA,1,THCA,0.8948375605517422,0.8676779554143333,0.6104600200432875,True
KIPAN,1,KIPAN,0.8266919209708214,0.6686330032695501,0.5513594367217427,True
OV,8,HNSC,0.17554869424758518,0.0584991323341935,2.6209058812324546,False
GBMLGG,4,SARC,0.20146432856689944,0.07623234519006891,2.7704992667613366,False
KIPAN,1,KIPAN,0.1964139626455321,0.04721361723533457,2.590094351760625,True
GBMLGG,19,KIPAN,0.1232640688265573,0.009386100023578578,2.939455322524827,False
GBMLGG,1,GBMLGG,0.12230362358712843,0.026342689162990304,2.989462823677189,True
STES,2,COAD,0.21852135005734796,0.009653002393694016,2.2777988067915587,False
PAAD,6,HNSC,0.12932142225770302,0.032392694570402406,2.8916624739837866,False
OV,1,OV,0.3039715775001008,0.2016357631290297,2.5805522439700495,True
BRCA,4,LUAD,0.14839049272008273,0.022138862456604125,2.819258246694983,False
THCA,6,PCPG,0.15703225557397196,0.004068091234914112,2.6926654326172783,False
BRCA,1,BRCA,0.7103158180146525,0.6722321383376194,1.4118288261194336,True
BRCA,6,PRAD,0.1846424702900624,0.05186398087651464,2.7098364035972105,False
KIPAN,9,LIHC,0.13479451006610163,0.0031928269092677264,2.8385128307287513,False
KIPAN,4,BRCA,0.1370301816208509,0.0022785365141186342,2.9046289934600655,False
KIRC,1,KIRC,0.5784621848657406,0.3910244817578262,1.623542791263539,True
BRCA,1,BRCA,0.9376086772578642,0.9250310593438228,0.4065510872459863,True
LAML,1,LAML,0.9101122433342378,0.871668702303717,0.46373561736086844,True
ACC,1,ACC,0.9484419656648924,0.9377627604926645,0.33104696469925005,True
LUAD,1,LUAD,0.16446607044617745,0.05903146498414873,2.8335162501126945,True
TGCT,1,TGCT,0.6047555883807807,0.5604899971903499,1.8149561262858438,True
KIRC,1,KIRC,0.5753053701312074,0.39429723503269803,1.616394979691754,True
KIPAN,1,KIPAN,0.5389721536929243,0.39141189744653127,1.7623760121440113,True
BRCA,7,HNSC,0.2239459534633908,0.014314086706494755,2.259626662277091,False
CESC,1,CESC,0.4226630165316321,0.29765479323622146,2.2489147579691515,True
PCPG,2,PRAD,0.18393115656653675,0.03918440948341284,2.6470734089399373,False
OV,1,OV,0.21851575709120627,0.02692256909100313,2.4674460500600492,True
KIPAN,3,KIRC,0.169260513925283,0.00872176870983854,2.7555218178247625,False
LGG,1,LGG,0.4783836430501658,0.005001484855646943,0.9532269621909629,True
KIPAN,1,KIPAN,0.44555286219124823,0.3176280242702213,2.1679976692079648,True
LIHC,1,LIHC,0.6582335598475799,0.5616407407642481,1.4720960533857923,True
THCA,5,THYM,0.2459967544010736,0.04664277673139797,2.1017399139686335,False
CESC,2,UCEC,0.31308966674837707,0.15436828037716827,2.415867821927609,False
BLCA,4,STES,0.28842030159164794,0.05511035251292881,2.0323198278837697,False
KIRC,1,KIRC,0.5864965623197536,0.2900729928794295,1.2645039214533507,True
PRAD,1,PRAD,0.19967462638483466,0.10489411178120563,2.748603915686941,True
THCA,12,SARC,0.19625611981381522,0.08392790866667277,2.7346106548908136,False
LUSC,1,LUSC,0.2861532828353798,0.12907975737970362,2.3768137681488044,True
KIPAN,1,KIPAN,0.6089860298445795,0.28278184602607676,1.0226964631655062,True
PRAD,2,SARC,0.12805967785023473,0.0017909557679129384,2.782325912342563,False
GBMLGG,1,GBMLGG,0.5522327337009583,0.12637465995243324,0.8271695803481227,True
BRCA,4,SARC,0.21725072805512902,0.00697612741538875,2.4236545094973123,False
STES,3,PAAD,0.23506358161205634,0.08011437916844441,2.5331682469926076,False
KIPAN,1,KIPAN,0.9061148851206804,0.8223478407981597,0.372071446151969,True
CESC,2,BLCA,0.2582752141967289,0.048672438297150955,2.2264174961338927,False
LUAD,3,BLCA,0.2891113026382024,0.10894292081813259,2.3098540983171336,False
LUAD,2,LUSC,0.5909007135189115,0.31521522498207305,1.1646064852335956,False
PAAD,9,CESC,0.19126492419808055,0.027395831235941387,2.5850810964271806,False
KIPAN,9,UCEC,0.14857343829449887,0.01231511019291362,2.6778518379996514,False
KIRC,4,LUSC,0.17527813943648754,0.02708880792526583,2.6993481935668346,False
CESC,3,BLCA,0.295110140135499,0.15695148911991183,2.4209731628599713,False
CESC,3,STES,0.24664735966116216,0.0867398580499481,2.495276191845688,False
SARC,2,OV,0.5391348220875386,0.48667246195278124,2.015417152271592,False
SKCM,1,SKCM,0.9950783480975254,0.9916242709607526,0.03619739840420369,True
PRAD,2,PCPG,0.18903543858567057,0.01958621967224164,2.425433587212347,False
LGG,1,LGG,0.5498112051703724,0.1651039781934538,1.0304928823133979,True
GBMLGG,1,GBMLGG,0.3937337078045877,0.03163021784859238,1.6754820424793104,True
KIPAN,1,KIPAN,0.3892532720277624,0.29130216194815417,2.3734138389489554,True
GBMLGG,1,GBMLGG,0.30636084450659434,0.18868044247184484,2.609417562288769,True
CESC,5,PAAD,0.11583637224999563,0.011401088294622497,2.9646320138833704,False
GBMLGG,2,LGG,0.69780291135764,0.4241377474599557,0.7671400398645133,False
THCA,1,THCA,0.9038499300658643,0.8814678688630988,0.5443385116766187,True
KIRC,2,PRAD,0.15509794861909026,0.004139527734390608,2.679200549638261,False
GBMLGG,1,GBMLGG,0.5437733671532115,0.2076384478825768,1.2974705423454662,True
KIPAN,1,KIPAN,0.16257944070949065,0.005133777657211541,2.6761848025481827,True
SKCM,1,SKCM,0.14417841839535347,0.022722425124044196,2.9418458721554117,True
KIPAN,1,KIPAN,0.883742800848143,0.777061156951356,0.41704380255257395,True
PRAD,1,PRAD,0.12040506431620704,0.0317525102324895,2.9874011654354278,True
GBMLGG,10,TGCT,0.11162954934455589,0.005207769395705705,2.923858641706018,False
GBMLGG,1,GBMLGG,0.6394826888120715,0.38967105815287195,1.1858483996343478,True
GBMLGG,18,PRAD,0.13949306163071007,0.061575166235938075,2.9704513445181453,False
OV,3,BRCA,0.22979974126016858,0.06935236570061959,2.6425140065708006,False
GBMLGG,1,GBMLGG,0.6490627347307671,0.32192735971662306,0.803490652955066,True
KIRC,2,KIPAN,0.3106377641274235,0.08872332941750849,2.4135716242080862,False
TGCT,1,TGCT,0.3161846687392115,0.17563871984111085,2.4548714267514726,True
GBMLGG,2,UCEC,0.5091175258981114,0.27871366360909344,1.7559448797044808,False
LAML,4,PCPG,0.19656122526307243,0.030403819281136807,2.339505087907476,False
SKCM,3,THCA,0.8271098690138099,0.7953128340836766,0.919347847802729,False
STES,1,STES,0.8744289751222377,0.8309588560185219,0.5936690280921323,True
LGG,1,LGG,0.6892790641560473,0.4305953287983432,0.8833392064847139,True
PAAD,1,PAAD,0.3875487123496449,0.2978065665022973,2.324138582459041,True
KIRC,1,KIRC,0.6450224714762142,0.3541890788408171,0.9886809585760303,True
STES,25,THYM,0.5117298131007656,0.33372309770457026,1.532678251040923,False
KIRC,1,KIRC,0.5833011307095667,0.47663687821083794,1.7607342609963044,True
KIPAN,1,KIPAN,0.5549469896411608,0.2725798638075189,1.4674168719800413,True
COAD,1,COAD,0.5224556395587232,0.4383740876719432,2.019504597932667,True
ACC,1,ACC,0.7664151680448408,0.57541962657119,0.7665539894027311,True
SKCM,1,SKCM,0.7966138573529813,0.7177395241153302,0.972812464346833,True
HNSC,1,HNSC,0.7443445939073671,0.6781732978053225,1.1528985170328823,True
THCA,3,THYM,0.5272622991266788,0.40035749113534924,1.6752344180677003,False
BLCA,2,HNSC,0.19216061706476434,0.010364324430506361,2.5918359711936065,False
BRCA,1,BRCA,0.28713212310776254,0.04848461990867228,2.2590996447269784,True
THCA,1,THCA,0.8708687937699279,0.8401306955160456,0.7331746301500557,True
BRCA,1,BRCA,0.47801227581981004,0.41848199752840004,2.2258428430673916,True
GBMLGG,2,LGG,0.6014419014963481,0.28400685518759794,1.0652895106976479,False
LIHC,1,LIHC,0.6759281284671768,0.604355323030583,1.3927503262751444,True
GBMLGG,1,GBMLGG,0.42532583080870495,0.3387309233953496,2.341113823502894,True
STES,1,STES,0.9392366960164744,0.9152326555066734,0.33373040430891143,True
SKCM,1,SKCM,0.9836358041549347,0.9722548322613687,0.10253896243849137,True
GBMLGG,2,LGG,0.4642386229862102,0.009445666240109674,1.1000769112354625,False
COAD,1,COAD,0.7442703216498585,0.5591869331278825,0.8210304490660836,True
LUAD,1,LUAD,0.9452549145283753,0.9194477966866891,0.28772817795004507,True
LGG,1,LGG,0.6435165820586989,0.3784404886771496,1.0836024519467424,True
BLCA,1,BLCA,0.489602132497754,0.06888136880635065,1.0813501283055185,True
BRCA,1,BRCA,0.2587396020457311,0.12989400899560222,2.5682359649974664,True
SKCM,1,SKCM,0.7610256121384236,0.7115351974333985,1.1303435245735862,True
GBMLGG,8,PAAD,0.21216483861981403,0.05718992369550421,2.582507953941945,False
PCPG,1,PCPG,0.7543697490960619,0.6862764459523879,1.1469252588533205,True
KIRC,1,KIRC,0.7633726999016779,0.5726338926647587,0.778207956675612,True
PAAD,1,PAAD,0.4912254991208499,0.34478481495004776,1.7582490337111338,True
COAD,1,COAD,0.5047480311229825,0.269712067428796,1.5494061534023051,True
THCA,4,PRAD,0.25677091031213783,0.08664398429738646,2.346891667944034,False
SARC,6,PCPG,0.21217164712782577,0.04670825670088874,2.3330947272414906,False
GBMLGG,2,PRAD,0.13145935538491685,0.023740522568985012,2.940074994270289,False
BRCA,7,PRAD,0.15284195033451567,0.011258482558195698,2.8507164377424714,False
KIRC,3,BRCA,0.1761466050503519,0.038611842752601266,2.6734146112430035,False
TGCT,1,TGCT,0.6112082605705992,0.5526990654160532,1.7568238408428989,True
BRCA,7,THYM,0.22959675190158327,0.11873231955415722,2.578464339140259,False
COAD,1,COAD,0.9156467430926282,0.903682606211169,0.5309269744907246,True
BRCA,1,BRCA,0.41076935397881364,0.3283782596881651,2.2756230911129403,True
GBMLGG,1,GBMLGG,0.5514469021063145,0.21949281788364527,1.2778747035386522,True
STES,1,STES,0.41254762547180623,0.3148975651713784,2.1265045656149835,True
BRCA,10,SKCM,0.5296203270454163,0.43912873053153384,1.6612851140896887,False
LGG,1,LGG,0.5556385304185959,0.2418949213311094,1.2564592383424154,True
GBMLGG,1,GBMLGG,0.3797199705273025,0.004526942943533396,1.6148014781395517,True
HNSC,3,BRCA,0.29025430651879086,0.05697671712675334,2.1093028760040613,False
THYM,2,PRAD,0.1969105129919781,0.028144955286942247,2.4158376332783345,False
HNSC,22,THYM,0.21198142969229186,0.052166294129173646,2.4042456853692906,False
PCPG,1,PCPG,0.17219023486687912,0.010957971266275152,2.716401143136786,True
OV,15,TGCT,0.15187753146431693,0.009153723360814187,2.798960171693941,False
GBMLGG,1,GBMLGG,0.20632457770100218,0.05612808070640443,2.6680044573008432,True
STES,2,LUSC,0.33944694476181525,0.0019462703677026738,1.8017710009985233,False
LIHC,1,LIHC,0.27380824448184793,0.07197727357381176,2.077591908129104,True
UCEC,1,UCEC,0.6365060778082038,0.5433892583620894,1.5072696415487492,True
UCEC,1,UCEC,0.9739065211191343,0.9598096305523149,0.15063037415071345,True
SKCM,1,SKCM,0.9973652749640373,0.9961261416050482,0.022730937843525235,True
LUSC,4,LIHC,0.17921862209428965,0.03389269433777756,2.4910889574868267,False
COAD,1,COAD,0.46521698373656695,0.3197432739740161,1.9788359426677906,True
LAML,1,LAML,0.8206121240215779,0.7786345065681618,0.8595733378758316,True
LIHC,3,LUSC,0.22817831180418535,0.018847929044628287,2.391868914993892,False
LIHC,2,STES,0.3674335265086572,0.18308370235915172,2.228629718377378,False
SARC,1,SARC,0.13859550771057566,0.052627601170584945,2.9306261731858165,True
KIPAN,1,KIPAN,0.6405426389085086,0.5219160345943986,1.5475129039052782,True
BRCA,1,BRCA,0.6672382890194903,0.6152801867583937,1.5726657125233294,True
LGG,1,LGG,0.6105382240263134,0.4024634078958957,1.3698731193829818,True
KIPAN,1,KIPAN,0.5664871914176929,0.36357177685520997,1.572601728002434,True
OV,1,OV,0.29621309324743617,0.18817097128252724,2.616644155171347,True
BRCA,1,BRCA,0.501416255690942,0.4400714135900409,2.1397959598879117,True
KIPAN,4,OV,0.2968087965855874,0.15081077181183694,2.4421972953861,False
SARC,1,SARC,0.19623136769389024,0.034582466325895955,2.7315587063339253,True
OV,1,OV,0.31060593167013106,0.17488634124879307,2.3991987062323146,True
OV,3,BRCA,0.1966063038695421,0.03212513961611088,2.4902625885503644,False
KIPAN,1,KIPAN,0.6830014561004882,0.4116271718903364,0.889528312676068,True
KIPAN,3,SARC,0.14368917329001485,0.028948896199396626,2.8748869266641974,False
LGG,1,LGG,0.6309129264306256,0.43048444705573163,1.2452639446961817,True
KIPAN,1,KIPAN,0.1629424502353749,0.04538576939015049,2.8385830230993725,True
DLBC,12,SARC,0.17239493561122987,0.04113595290145533,2.7971469129527065,False
SKCM,10,PCPG,0.11964226813657455,0.020495111049540965,2.9368617850930763,False
LGG,1,LGG,0.7603220075242053,0.6505252019158058,1.0419374333929408,True
STES,3,LUAD,0.2688295966528328,0.11268215406672782,2.2177796880430987,False
BRCA,3,BLCA,0.4214282800703879,0.1687793381925085,1.513175037733486,False
PRAD,1,PRAD,0.1590444034494709,0.012636319088219411,2.7380353309612357,True
LGG,1,LGG,0.6756868074949907,0.3976844730791824,0.8621168765862608,True
BRCA,1,BRCA,0.33998850415446313,0.2449142740167144,2.5563658557077016,True
GBMLGG,1,GBMLGG,0.2093316687979773,0.10524768006051327,2.8666712935962386,True
LGG,8,THYM,0.5117298131007656,0.33372309770457026,1.532678251040923,False
COAD,4,STES,0.8344034801197507,0.7744212375729732,0.667689584543869,False
BLCA,7,LIHC,0.23418477887302,0.0969267516898975,2.507027384644944,False
THYM,3,LAML,0.37337918837403417,0.18651858846680033,1.9164095596003876,False
TGCT,1,TGCT,0.7639509169282167,0.7264203723131862,1.216736600503114,True
KIPAN,2,KIRC,0.5526096477128023,0.21224824563301797,1.2216285790807226,False
LUSC,2,STES,0.4045088960349688,0.18719144614934344,1.906840063806391,False
GBMLGG,1,GBMLGG,0.2990308769004703,0.08049813093336883,2.3912247339429955,True
LUSC,1,LUSC,0.23110260918080966,0.06385999740746076,2.298271033664371,True
UCEC,9,TGCT,0.14227803372800565,0.013037339147325105,2.8401117479984035,False
SKCM,1,SKCM,0.88741623566889,0.8192092313867934,0.527407163962185,True
BRCA,8,LIHC,0.3242943540028488,0.218121091165835,2.4985060733651805,False
DLBC,1,DLBC,0.38838749420565755,0.1987129864357887,2.094178388967174,True
GBMLGG,1,GBMLGG,0.4586482470017708,0.38579856630294435,2.194532913514987,True
STES,1,STES,0.7941947544069825,0.7547539029237743,1.0246222282963076,True
KIRC,1,KIRC,0.6172160567323869,0.4717137711234007,1.5889894106959064,True
LGG,3,GBMLGG,0.533591788281987,0.4576993861796328,1.96776372990274,False
KIRC,8,LIHC,0.13098134724453497,0.04350815425712713,3.0120504949966596,False
BRCA,1,BRCA,0.2629155229619889,0.03262400640808791,2.3836558217204193,True
LUSC,1,LUSC,0.3466054669691174,0.12481748598691489,2.041882634869225,True
STES,1,STES,0.7344854539876151,0.6491697047010899,1.1457663487671597,True
LAML,1,LAML,0.21932001339162993,0.0370308060861228,2.3952749425231863,True
THCA,1,THCA,0.9267705561330971,0.9011013412118091,0.4083199136236318,True
KIPAN,1,KIPAN,0.5995538424232334,0.372423682730046,1.3944793727678686,True
KIPAN,7,GBMLGG,0.11378486141874138,0.004816546903841076,2.8773677778648894,False
SKCM,1,SKCM,0.856485611057846,0.8081500514248696,0.7098253672762855,True
SARC,2,PCPG,0.13117042062477577,0.03918287121748573,2.940936754965327,False
OV,1,OV,0.230734741720684,0.10201214518880702,2.5485750672276644,True
SKCM,1,SKCM,0.504314107294881,0.2083016860598929,1.4676633962312902,True
OV,1,OV,0.24973094424250575,0.07909388355871397,2.521686882060925,True
GBMLGG,1,GBMLGG,0.5617954490071778,0.27175082494047215,1.392208515695193,True
THYM,1,THYM,0.5117298131007656,0.33372309770457026,1.532678251040923,True
KIPAN,1,KIPAN,0.27402684003199085,0.16621193235577852,2.6216824553035343,True
OV,9,THYM,0.28454613358389785,0.1168802367121009,2.048042119466303,False
SARC,1,SARC,0.5254121689893778,0.4645688466469411,2.027774484315412,True
STES,2,HNSC,0.16330913549552648,0.036762790783442745,2.6169665465871925,False
KIRC,1,KIRC,0.4631491922674951,0.1554688223038287,1.7059911339131408,True
BRCA,4,PRAD,0.22830826943767596,0.08196150089427456,2.6482918602182712,False
OV,3,LUAD,0.24109567271335414,0.021777495353002635,2.4307471847937387,False
LGG,2,GBMLGG,0.4040867020838442,0.06708958629801476,1.8465305685285758,False
LGG,4,PCPG,0.17744195488127246,0.0038491487561304882,2.6155590783251284,False
THCA,8,LAML,0.1874821200579825,0.04387506876579628,2.574226908574578,False
GBMLGG,2,OV,0.17608836723707583,0.052246318544695025,2.563382505366425,False
SKCM,1,SKCM,0.5718318841140293,0.4312426615292035,1.6762645797082623,True
SARC,3,BRCA,0.2089435685006759,0.00656752359636778,2.500143405659113,False
THCA,1,THCA,0.9061940823541599,0.8866609065620583,0.5355646449796497,True
BRCA,1,BRCA,0.25137542020480896,0.09406372284434047,2.30883912570165,True
COAD,1,COAD,0.8560201469819726,0.8067703045404563,0.7534696167185674,True
SKCM,1,SKCM,0.9996314408341778,0.999524198906649,0.0039804317223219735,True
TGCT,13,THYM,0.2289711518450394,0.07888585272117951,2.3703891988724233,False
LUAD,14,SARC,0.32360138562438767,0.23202413401124802,2.490163909864567,False
OV,1,OV,0.2854762648120294,0.11912138654696461,2.550067661256465,True
HNSC,5,CESC,0.2813521292752643,0.0667533270674733,2.1176478439447566,False
GBMLGG,1,GBMLGG,0.3885797017547773,0.3118758765982177,2.475355797656984,True
HNSC,1,HNSC,0.2880673833326992,0.04005162594179501,1.9730185706849497,True
BRCA,1,BRCA,0.24443916362794843,0.07755036930152143,2.5959439346493514,True
KIRC,1,KIRC,0.8155846930351534,0.653548726349722,0.6100413669792487,True
STES,1,STES,0.7520364186198808,0.6330432384874045,0.9902488889714689,True
KIPAN,1,KIPAN,0.8367791962459684,0.6928978766681435,0.5583726297616104,True
CESC,5,SARC,0.23479218460748147,0.08126208591044098,2.6820740026908814,False
LUAD,2,HNSC,0.5747798844732771,0.49153172250838273,1.6348296677598706,False
BRCA,3,BLCA,0.29237428579375985,0.12445367988429096,2.0974755253014923,False
KIPAN,1,KIPAN,0.9210811016684828,0.8469067590670083,0.30626814666688745,True
THCA,1,THCA,0.8846108875860859,0.8594037706574201,0.6289329880667502,True
PCPG,2,KIPAN,0.11273996757284888,0.009672671110558112,3.00527156695139,False
KIPAN,2,KIRC,0.6031184428874642,0.40074852163062447,1.4566895963101654,False
BRCA,1,BRCA,0.7921418476099417,0.7416580624227878,0.9929443472085921,True
COAD,1,COAD,0.700917183111479,0.6212009708768278,1.2798691935265807,True
SARC,6,OV,0.3541822899842716,0.2592521661968429,2.4008148751475304,False
BLCA,1,BLCA,0.97300673532491,0.9654131086246501,0.17236107988097343,True
PAAD,1,PAAD,0.18975854148714255,0.02850936163695933,2.5697843694899234,True
LGG,1,LGG,0.6267227742417218,0.2837575471991596,0.837541008403446,True
GBMLGG,1,GBMLGG,0.4515711764988567,0.3538231694382459,2.177475841239618,True
THCA,1,THCA,0.8378630966354456,0.8155448595914312,0.9055747525036215,True
SKCM,1,SKCM,0.9844347919065891,0.972447530849853,0.09451628694813807,True
THCA,1,THCA,0.7223326257745414,0.6592137981259936,1.3680137497719869,True
UCEC,1,UCEC,0.445200791306364,0.33242862690789216,2.196481869852347,True
LUAD,1,LUAD,0.39454890686746,0.24041963144248713,1.8857482907484153,True
OV,1,OV,0.34596927286893864,0.23036589602698598,2.499776310878273,True
GBMLGG,1,GBMLGG,0.21420350487530726,0.06451547090640675,2.5454544416034115,True
COAD,1,COAD,0.8589978506724189,0.7892726578586333,0.6749167815871541,True
HNSC,1,HNSC,0.6694306086094437,0.5620336437996336,1.285748133353211,True
KIPAN,1,KIPAN,0.6848546377377113,0.5045559636938012,1.1885806346314332,True
KIPAN,1,KIPAN,0.5169604558178066,0.44622452253968264,1.9932715461532111,True
STES,1,STES,0.26226642254429605,0.07452414795341789,2.2848067835738273,True
LAML,1,LAML,0.19198584422415726,0.02879174257018491,2.367641685370048,True
GBMLGG,1,GBMLGG,0.3969100582889769,0.27147365759872677,1.8848809364905794,True
LUSC,5,LUAD,0.2547629877703575,0.028509603115442955,2.2297978730721084,False
CESC,1,CESC,0.23951993988614503,0.11556577733618902,2.639983122181299,True
LUSC,1,LUSC,0.22637111133168877,0.0037206118540165922,2.3653516619619417,True
SKCM,15,KIPAN,0.21539910925032107,0.06952581063740707,2.738741861417455,False
THCA,1,THCA,0.7085323439319781,0.6579093062566117,1.418470024644205,True
THYM,1,THYM,0.21669811908943543,0.018411620948785262,2.0249910877571544,True
COAD,2,STES,0.866336937780553,0.7784895996465723,0.5133908158765295,False
SKCM,1,SKCM,0.9892914623753801,0.9824458565351664,0.07214183949848443,True
LIHC,1,LIHC,0.12313496810973058,0.0019238889982234747,2.8234246995926098,True
KIRC,1,KIRC,0.38489433256012234,0.2752158803336471,2.3053279776621842,True
BRCA,1,BRCA,0.4888629166446826,0.40062460764445584,1.9658058453636933,True
UCEC,4,GBMLGG,0.3646444745779611,0.21660483564445326,2.1913130951637743,False
CESC,1,CESC,0.35313414101397067,0.20789382512332846,2.220778902324047,True
BRCA,1,BRCA,0.3326744148416689,0.10870872468089529,1.9732111138499906,True
CESC,8,THYM,0.2126631612350188,0.0654881409243924,2.3324748929667782,False
UCEC,1,UCEC,0.8161017924510009,0.6522894972511452,0.5542076318387247,True
THYM,2,LAML,0.26775391046401775,0.06855504505790602,2.192150294038195,False
UCEC,1,UCEC,0.7081285808669163,0.6549152073372244,1.3864861830051187,True
STES,3,HNSC,0.09820570266954487,0.0011055768617294487,2.995951946608847,False
KIRC,1,KIRC,0.48196910934802295,0.29068863477603335,1.899195171813241,True
THCA,1,THCA,0.8610745207027084,0.8362549857533912,0.7788556309132333,True
DLBC,17,THYM,0.15486778965241677,0.022453783719291576,2.7079764675629168,False
STES,2,LUSC,0.7035690305788906,0.5536600609310827,1.0722153106332768,False
STES,1,STES,0.8636220767838483,0.813539455851228,0.6824332145856913,True
LUAD,1,LUAD,0.6437831790359624,0.4647298483880661,1.0492417083019705,True
LUAD,2,STES,0.36076288615742264,0.15755358177723555,2.0007307792651976,False
HNSC,3,PAAD,0.3260726768140748,0.1534721775773527,2.3093368353768398,False
THCA,1,THCA,0.780140533609101,0.754421497817677,1.179210380830797,True
THCA,1,THCA,0.8737572389630666,0.8426803773094592,0.6860616305626017,True
LUSC,1,LUSC,0.35330554159979727,0.12606557533284585,1.920497233499674,True
OV,1,OV,0.3636884282539514,0.26350635171254855,2.3153830727631357,True
SKCM,1,SKCM,0.9984740227311497,0.9976643501247363,0.013606289455127858,True
BRCA,4,PRAD,0.20295193965497538,0.0658536361669568,2.6729351622669655,False
LIHC,2,LUSC,0.8228528485996975,0.6561707843420813,0.5230004924004913,False
KIRC,2,KIPAN,0.2913364771080702,0.0622173995431462,2.2458565676568836,False
KIRC,6,KIPAN,0.1866155294113913,0.049888041343388256,2.7784864886375544,False
SKCM,21,THYM,0.17442810626808378,0.019131377439586456,2.4993509828623792,False
TGCT,1,TGCT,0.23344987908859666,0.06368261245050871,2.5400762392771927,True
THYM,2,PCPG,0.14924078906993338,0.009296059438553494,2.612695146089141,False
BRCA,4,BLCA,0.831002076614059,0.7658001098628677,0.7492878302299235,False
BRCA,8,THYM,0.28790036659335694,0.0953554687091589,2.0731842891562198,False
GBMLGG,2,LGG,0.5624688319723492,0.17406433981694702,0.9265965267370836,False
STES,1,STES,0.8961844577324309,0.8634124265645189,0.5343230551180894,True
BRCA,7,SARC,0.1426207486966587,0.04935000312402858,2.916974789302211,False
SKCM,1,SKCM,0.8399449477390163,0.7930406559959067,0.7434790943555836,True
LGG,9,PRAD,0.17886828914240674,0.015812830045770943,2.4047862048064053,False
THCA,3,THYM,0.5347016919658176,0.33302860641605325,1.4695847261221497,False
KIPAN,1,KIPAN,0.44768347663907704,0.3299764717734693,2.1383394806182308,True
PAAD,1,PAAD,0.5324233462241297,0.36286003277790807,1.6575056841852276,True
BRCA,1,BRCA,0.49158968115075985,0.4364088801681579,2.204024143238495,True
LIHC,8,SARC,0.1702796200559799,0.05836329539852961,2.84790812244009,False
KIPAN,2,KIRC,0.5039530339553668,0.2100557661178279,1.5812074964116714,False
KIPAN,1,KIPAN,0.7642758500368608,0.6037041679394067,0.9062095953488623,True
PCPG,4,THYM,0.2761671578104653,0.11306882047831326,2.1353136299681146,False
SKCM,1,SKCM,0.9802218472203044,0.9680929493355971,0.12494337518542455,True
LAML,3,OV,0.29866523897455155,0.16454882171727947,2.340803000794883,False
PCPG,3,BRCA,0.1382592899608492,0.015225216560444732,2.744466117021515,False
LUSC,4,STES,0.2553012672773715,0.09797410681092775,2.291643832767244,False
LIHC,1,LIHC,0.19988874514195262,0.04066280903288111,2.511258824976766,True
LIHC,1,LIHC,0.21382936944818268,0.10916667487511106,2.7093813356347853,True
BRCA,2,LIHC,0.16717535257339478,0.041708216071128845,2.8424216347978555,False
LGG,1,LGG,0.6570987215942664,0.3459357975521053,0.818016607790304,True
LUSC,1,LUSC,0.4621817925691846,0.18922081016726644,1.4361474006608248,True
STES,1,STES,0.6853830401307337,0.5880808624858921,1.2623261576775475,True
DLBC,1,DLBC,0.3567861321021533,0.1808011684085994,2.2615348244936198,True
SARC,4,UCEC,0.302478910936233,0.16340451020509758,2.5748890917128096,False
SKCM,1,SKCM,0.9813615989334887,0.9753085153623019,0.13156117042074553,True
SKCM,16,LGG,0.2081508281521167,0.07383263437733997,2.6967525861577037,False
THCA,1,THCA,0.9089580344425999,0.882230704014398,0.48547623647015764,True
PRAD,1,PRAD,0.3308677763750624,0.2107840048134585,2.5367737868513878,True
STES,1,STES,0.1997049283786842,0.024006530425219358,2.3463448401608384,True
BRCA,4,LIHC,0.2106790633840267,0.13352148813079034,2.883771719889584,False
LUAD,2,LIHC,0.2751911197787907,0.038552715187077397,2.0622227451042305,False
HNSC,7,OV,0.34491028417079994,0.18060510845501243,2.2727703398123316,False
LIHC,1,LIHC,0.21073509056019066,0.03278803716974771,2.379741401373474,True
BRCA,1,BRCA,0.4929394402728929,0.4103086722105018,2.157890478107771,True
BRCA,1,BRCA,0.6207761260232258,0.5381828481854499,1.6483612759549895,True
THCA,1,THCA,0.8423661525267783,0.8195261836772079,0.8771494230871496,True
SKCM,1,SKCM,0.9965980147656085,0.9951953963048916,0.028047943515010953,True
HNSC,5,OV,0.2869130556124622,0.17407502281924153,2.696744752759227,False
LIHC,1,LIHC,0.29054410493255545,0.15370302465309163,2.4170778493504272,True
KIPAN,14,THYM,0.5117298131007656,0.33372309770457026,1.532678251040923,False
GBMLGG,3,PAAD,0.18618575683527044,0.10921606975819526,2.908083382038919,False
BRCA,1,BRCA,0.7069141525266531,0.6418785481930449,1.3048160288980444,True
TGCT,1,TGCT,0.23734613996898285,0.14152618946454584,2.7782199734877984,True
PRAD,1,PRAD,0.18104571999808622,0.08677687956124078,2.8912600778912236,True
LGG,5,CESC,0.13600558523853518,8.37743311966066e-05,2.9257511471254,False
GBMLGG,2,COAD,0.19258575081705454,0.015141220025263996,2.3194490147049596,False
TGCT,1,TGCT,0.4468369799223426,0.295677121776188,2.1503454724805953,True
CESC,1,CESC,0.15743602561144546,0.04066809586850377,2.8933081412245376,True
PAAD,2,PCPG,0.18173920608935265,0.001416832169707366,2.6785656651051406,False
BLCA,5,HNSC,0.26678464141973424,0.06612229427861868,2.3720862187156917,False
LIHC,12,DLBC,0.0927591224082466,0.003510669060152155,3.036270668155327,False
ACC,15,BRCA,0.16004902456057332,0.03370013902879143,2.812955065282748,False
THCA,1,THCA,0.7751972055136546,0.7441390822751307,1.1772800459932793,True
GBMLGG,1,GBMLGG,0.41637557567669736,0.012709499261023938,1.4866227036132507,True
THCA,1,THCA,0.8375196751558374,0.8077431533376683,0.8729999359186591,True
LAML,1,LAML,0.6642858312120214,0.4263074499614308,0.9701633108762449,True
TGCT,1,TGCT,0.11425990249342889,0.004278339589033481,2.930685213197493,True
KIPAN,3,SARC,0.10316020244789234,0.005159198862442371,2.928846669895655,False
BRCA,1,BRCA,0.6909018718012566,0.6299253615873013,1.4432296196655714,True
UCEC,1,UCEC,0.6165751851955508,0.4439808306000269,1.465311981718175,True
GBMLGG,2,LGG,0.45272990777922884,0.12142744584396425,1.5834852814973004,False
BRCA,3,PRAD,0.10375471386368594,0.004042461213756732,2.9251239354526803,False
LAML,6,SARC,0.1605856493855505,0.0009895861612526091,2.5538701618777817,False
KIPAN,1,KIPAN,0.6483803605378422,0.43415880624753245,1.277461001349244,True
KIPAN,1,KIPAN,0.2560223774895801,0.18741179560869733,2.7958405766385375,True
KIPAN,1,KIPAN,0.4499111040404266,0.3836089169578448,2.24629945127822,True
GBMLGG,1,GBMLGG,0.19101647580137326,0.03952287043876665,2.612629357138623,True
LUSC,1,LUSC,0.6457090928801148,0.5148641906435978,1.2267045282097089,True
SARC,1,SARC,0.23228511444531638,0.0009206981739377229,2.1575481510316457,True
COAD,1,COAD,0.8258429527940655,0.7823145946639046,0.834683757887028,True
BRCA,7,THCA,0.16270532633469212,0.004262283294925839,2.551779584002284,False
KIPAN,1,KIPAN,0.743884373740383,0.5092299914040892,0.6983806577299406,True
STES,7,GBMLGG,0.1952190744805145,0.0850524103523325,2.7399338976755705,False
GBMLGG,2,UCEC,0.23831653450423843,0.01287601960879628,2.4820266652403027,False
PRAD,1,PRAD,0.23571305020845132,0.12161415092947735,2.569992258641088,True
SARC,2,BRCA,0.12603227518335128,0.01069587445691876,2.9377208567106146,False
LUAD,1,LUAD,0.3741597527040907,0.28446505202348166,2.4110005293282804,True
OV,1,OV,0.4980350995882678,0.320806818265246,1.9005891089533802,True
CESC,1,CESC,0.6380910926165309,0.5317565693709191,1.3525606928086509,True
ACC,2,STES,0.5617263379204249,0.3233491367083545,1.4648595602676993,False
SKCM,1,SKCM,0.7029269747399014,0.4885954098599633,0.9046649622289035,True
STES,2,HNSC,0.28299434655235917,0.07832566363746354,2.1952406667320754,False
THCA,6,PCPG,0.22124795331316863,0.07061787873374942,2.35035626778809,False
GBMLGG,2,LGG,0.6102151919665346,0.2863726918595501,0.9944966331178546,False
TGCT,1,TGCT,0.5302666205942029,0.47450638086019653,2.0567150872097053,True
GBMLGG,1,GBMLGG,0.799339456918999,0.674480806293858,0.8393967321260114,True
HNSC,1,HNSC,0.5147239508361872,0.40658658288804583,1.8406575230212348,True
LGG,13,LIHC,0.17481404852258686,0.03341226338858996,2.61782604312908,False
HNSC,1,HNSC,0.39062415769344044,0.2650270259822023,2.127989865597071,True
BRCA,8,HNSC,0.12787772655544,0.011770255808857016,2.696323220856147,False
HNSC,1,HNSC,0.6095511478050618,0.47113123152237757,1.4282368385036799,True
STES,2,LUSC,0.3954223753272706,0.20674434622417215,1.970040767962136,False
PRAD,1,PRAD,0.1821089056056365,0.03391945300885532,2.6836111679153394,True
OV,1,OV,0.2723110512227257,0.14994321190968932,2.6216876446239366,True
DLBC,1,DLBC,0.4734193314240175,0.40004912913936697,2.074043538717289,True
LAML,2,THYM,0.5293989698264331,0.3612675612693449,1.5185777561627403,False
BRCA,2,STES,0.20851311643193812,0.07663767791660539,2.48661861452598,False
KIPAN,4,PRAD,0.21808899479308771,0.1086170501753345,2.7444068991555093,False
THCA,1,THCA,0.859510740007102,0.8339955312924877,0.7864748831186664,True
STES,1,STES,0.2835579751555291,0.06265380843864357,2.003980264578513,True
GBMLGG,2,LGG,0.7240715477657087,0.4704836125306807,0.7098211392435728,False
BRCA,6,LAML,0.23304126371357592,0.047848339177109955,2.3226577838993316,False
COAD,2,STES,0.584425450008062,0.27886664897783286,1.135119584169641,False
KIRC,1,KIRC,0.7873087624981243,0.6195146392811568,0.7388383532005703,True
BRCA,1,BRCA,0.5622764501300757,0.4668509440561299,1.6847073067880465,True
GBMLGG,5,LUSC,0.24489761628084092,0.03092642283697153,2.347745838783508,False
BRCA,1,BRCA,0.568723884565441,0.48495675092227664,1.8253164332519907,True
LGG,3,GBMLGG,0.13695304446500606,0.046049648212609165,2.9689476478416212,False
LUAD,23,PRAD,0.2036664564761716,0.11894119866115567,2.845979260340965,False
KIRC,8,PRAD,0.24782706081621453,0.15333754126591256,2.7066107997780464,False
KIRC,1,KIRC,0.48902808615082677,0.09293460654991703,1.303903060640751,True
SARC,1,SARC,0.1451610000015504,0.026514857482685963,2.901995152288604,True
CESC,1,CESC,0.42605036878193675,0.2618273818069987,1.9808470117012624,True
LGG,1,LGG,0.7041110292386629,0.4987583682779261,1.0153671014690753,True
KIPAN,1,KIPAN,0.3281557758664128,0.1429709897874322,2.3812711229918953,True
THCA,1,THCA,0.9012912883912706,0.8857353378673892,0.5797522947248036,True
COAD,1,COAD,0.7119830080104913,0.5317036978131231,0.9006966361545613,True
GBMLGG,16,TGCT,0.1049145559308656,0.004792228113483982,3.003977230175808,False
SKCM,17,SARC,0.1314771102528199,0.014816261006921974,2.9518274670728215,False
BRCA,5,PCPG,0.13831567869750747,0.011773809880388952,2.834506191003559,False
THCA,3,THYM,0.5117298131007656,0.33372309770457026,1.532678251040923,False
UCEC,1,UCEC,0.7987323587003211,0.7102161809182371,0.9389011041902574,True
DLBC,24,PCPG,0.1545302700258462,0.028599679125465127,2.7368233491093132,False
PRAD,2,PCPG,0.1617274989609082,0.05663879598147489,2.830454703619262,False
COAD,1,COAD,0.7964572632559348,0.7569756337435825,1.039543714172476,True
CESC,14,PCPG,0.23993351394557424,0.0350358007729582,2.2284268379412313,False
THCA,1,THCA,0.8864720214366093,0.8558564131586985,0.6011837856581289,True
BRCA,6,CESC,0.17804709468111268,0.019872829754720045,2.611926586970437,False
KIRC,5,TGCT,0.2935204486726651,0.2087232370765602,2.6826855784637624,False
STES,2,COAD,0.3898958325479551,0.2950326172971907,2.2360574932542945,False
COAD,1,COAD,0.4817466009036782,0.4008511220516925,2.170186874202236,True
HNSC,2,STES,0.2853015506584427,0.05472132838573346,2.1583415263096075,False
GBMLGG,1,GBMLGG,0.48508877735142997,0.021681607293858707,0.9736898147315168,True
THYM,18,CESC,0.36493296059897146,0.11177072121552967,2.155937805660032,False
TGCT,9,BRCA,0.12603164513839876,0.02375015485361527,2.8786182112251137,False
COAD,1,COAD,0.8359960526988126,0.795904200097515,0.8411875569283496,True
GBMLGG,9,PAAD,0.34049472245617324,0.06156438595031272,1.8883817636281268,False
SARC,4,OV,0.16869050884504158,0.014871045180145537,2.5554447076560987,False
BLCA,24,PAAD,0.12087461986943873,0.007032528455362938,2.901516614255666,False
THCA,1,THCA,0.9251690886278041,0.9035766062091062,0.4383444845963373,True
BLCA,1,BLCA,0.314965211577998,0.0702818534603579,1.8733328286935058,True
KIRC,1,KIRC,0.6879815642876194,0.4680660682468709,0.9972127414800097,True
PRAD,3,PCPG,0.12478008115299721,0.025726249755770994,2.913139361081528,False
BRCA,5,SARC,0.1419368681349083,0.01052382696688442,2.9467778599206857,False
LGG,1,LGG,0.5332221128442158,0.2451477205105626,1.4653133595551657,True
KIPAN,3,TGCT,0.13850344411148058,0.016965239864844425,2.8840880127159663,False
KIPAN,2,KIRC,0.3533887066041666,0.010935007903668414,1.866700786573023,False
KIPAN,1,KIPAN,0.869958072266067,0.8401178757140818,0.7317203508785015,True
KIPAN,1,KIPAN,0.18312118267478064,0.07030304087269533,2.830285666481787,True
BLCA,1,BLCA,0.5108413375152365,0.43231888377897004,2.0325314860836383,True
OV,2,PAAD,0.2034453083229999,0.06865377989516766,2.5816740487600875,False
SARC,6,DLBC,0.30409186313815384,0.17052007782827863,2.5488559109519535,False
PCPG,2,THYM,0.2535252517980354,0.05113308024546662,2.1890740262658577,False
BRCA,1,BRCA,0.3641700858459421,0.2243013005034182,2.3293665375233417,True
THCA,1,THCA,0.8470520879229649,0.8211674747741851,0.8316986395091951,True
STES,1,STES,0.5122176370472271,0.2340837971948857,1.3685471717765962,True
BRCA,1,BRCA,0.24784898126207663,0.15115565585075036,2.754504612086841,True
THYM,1,THYM,0.471051004341506,0.25934736256238977,1.5862568707162252,True
OV,1,OV,0.42213746621524467,0.2989220226576148,2.1509994129712084,True
TGCT,1,TGCT,0.23520859527771323,0.13438848199202186,2.772439423223075,True
GBMLGG,2,LGG,0.5109199757286509,0.2608288171335773,1.5126799403160354,False
SKCM,1,SKCM,0.9829910505486864,0.9774063298381606,0.11970929937489766,True
CESC,3,DLBC,0.16033479703954495,0.0009785145602096423,2.4652429521617267,False
CESC,1,CESC,0.18284402553541088,0.0546619438085689,2.856642048385815,True
ACC,1,ACC,0.9309733768909082,0.9044546028659206,0.40246445052045593,True
BRCA,1,BRCA,0.43834272699424787,0.28080734622255876,2.1129601502589805,True
KIRC,1,KIRC,0.7350449591380649,0.5454573056988783,0.9512693879677847,True
LGG,1,LGG,0.6773227605044141,0.40356449197265043,0.8792277654523942,True
LUAD,1,LUAD,0.3301940231276895,0.12453211726897728,2.077249925539352,True
LUAD,1,LUAD,0.2783327253644214,0.1393981055288547,2.2737007984405664,True
BRCA,2,UCEC,0.5251867557465132,0.29750263970611,1.6620536757098545,False
PAAD,2,OV,0.26183295687346597,0.015902668503349787,2.2961866030116003,False
COAD,1,COAD,0.3692056213128804,0.2867616775686508,2.4879654949712586,True
PCPG,1,PCPG,0.2914424936385002,0.20098396333508253,2.688176416617184,True
LGG,1,LGG,0.4642386229862102,0.009445666240109674,1.1000769112354625,True
KIRC,1,KIRC,0.38831057086765375,0.21316854075046274,2.266474460933195,True
PCPG,1,PCPG,0.21594274578869302,0.08809028176191411,2.591366866631125,True
STES,1,STES,0.27342888587149317,0.12113520447341256,2.444212795919144,True
THCA,2,LAML,0.22721858690191435,0.0597294688518516,2.2202878203728655,False
STES,1,STES,0.32854654193686467,0.1376538971816233,2.129613726963665,True
TGCT,1,TGCT,0.382847952491665,0.2506888669719427,2.3204387984009336,True
SARC,8,OV,0.6037144290565625,0.5499973965519308,1.8121625047659469,False
SKCM,1,SKCM,0.9867714224507452,0.9829270194172331,0.09869603050871112,True
PCPG,4,THYM,0.1915754796409219,0.010758281431027111,2.4915205567642307,False
LUAD,3,HNSC,0.208953295309831,0.01745331321898211,2.3612446853074065,False
THCA,1,THCA,0.5165422375978855,0.4460761463726931,2.0918620955158187,True
KIRC,1,KIRC,0.8377786200882046,0.6953914452501508,0.557235369861572,True
PAAD,1,PAAD,0.43868063087496517,0.3219998789561181,2.123164906754465,True
UCEC,2,OV,0.2274448851092045,0.11618460609993117,2.5379798528985145,False
PCPG,4,PRAD,0.21673263237252094,0.055111392386149316,2.4673874877443938,False
GBMLGG,2,PAAD,0.24032283099592264,0.10957835058493529,2.7880035653131974,False
GBMLGG,3,UCEC,0.2874015767088777,0.03681755318799479,2.3105317546958117,False
BRCA,4,HNSC,0.32888501432797507,0.16057994742142903,2.1308221575947015,False
BRCA,1,BRCA,0.5995149930523654,0.4924602801769149,1.694799490680766,True
KIRC,4,OV,0.1320562968556307,0.015266299361484492,2.86539839806212,False
HNSC,5,BLCA,0.3692334651163729,0.14938661694090932,1.7143219787318584,False
COAD,2,PAAD,0.22879797455809942,0.04625150307728235,2.4599266471974084,False
KIRC,1,KIRC,0.6487532901660839,0.37272388016358066,1.0221213617529574,True
DLBC,1,DLBC,0.9404379814616004,0.9101710573447367,0.3238791978920765,True
STES,2,PAAD,0.5586874718424846,0.23257679718838653,1.1516069786180214,False
UCEC,1,UCEC,0.993444410895409,0.9884962597561983,0.04435117814621204,True
COAD,8,OV,0.3987505498002242,0.27434810677973004,2.1453976626288656,False
OV,1,OV,0.18093132608324297,0.042890905470106905,2.5813541272050733,True
GBMLGG,2,LGG,0.4671520834149811,0.10266896962208771,1.428912461913752,False
LGG,2,GBMLGG,0.513489427573464,0.3826499152120665,1.9086032284059933,False
PRAD,1,PRAD,0.21031860821132847,0.07948222686063389,2.723069041161003,True
HNSC,3,LUSC,0.7270134811207496,0.5243795454377784,0.8068246428642922,False
COAD,1,COAD,0.6512333859315849,0.5598232690461371,1.5031940131652723,True
KIRC,1,KIRC,0.8054829005384133,0.6243867871415576,0.5786141399615382,True
BRCA,1,BRCA,0.3444271644693739,0.2386451021494269,2.53842144420385,True
BRCA,10,SARC,0.20916340032553143,0.04343792544304312,2.691784519438497,False
COAD,1,COAD,0.9479950471352754,0.929960411665968,0.3047057382064426,True
BRCA,2,PCPG,0.12252805614518854,0.008201196945364947,2.946156513220229,False
OV,1,OV,0.23445803333541387,0.014263897474998677,2.3735626350994625,True
OV,1,OV,0.31531661089983165,0.20474503506536898,2.5034298494617615,True
KIPAN,1,KIPAN,0.3740313134447611,0.24728006662097207,2.3287877381671946,True
LUSC,3,LUAD,0.2844047003084563,0.06454677999515607,2.1238095651167637,False
GBMLGG,2,LGG,0.4470106021661241,0.1035176734487348,1.5084718548800233,False
PAAD,1,PAAD,0.28326924876869575,0.031746237620055406,2.3226005349918086,True
LUAD,2,LUSC,0.5884654967089133,0.21273835122527351,0.8409932384179344,False
KIPAN,1,KIPAN,0.4951558856424327,0.18147454205513297,1.5880012199962172,True
KIPAN,1,KIPAN,0.23164217141693155,0.11815760268155821,2.6832607364454977,True
BRCA,1,BRCA,0.24102753431500443,0.03273219076693609,2.411270677049107,True
PAAD,9,HNSC,0.14264546424416535,0.022244580229884875,2.6736855151344363,False
STES,2,SARC,0.17170374477228792,0.013507649602829602,2.5839619561970397,False
LUAD,1,LUAD,0.5357862894394753,0.3481389463069912,1.505839344040688,True
KIPAN,2,TGCT,0.3267386376895989,0.22128245513854156,2.532127758476971,False
PCPG,1,PCPG,0.39739468685386614,0.2766632527666561,2.312274377239894,True
KIRC,10,THYM,0.30142689962946767,0.15418889248317014,2.0723103343158065,False
KIRC,1,KIRC,0.2063041628127583,0.08057793977690555,2.6705771438306227,True
THCA,4,PRAD,0.2395685093480776,0.10498653871029945,2.486536237345379,False
THCA,1,THCA,0.7557186892331278,0.7048526935832851,1.231997088278135,True
GBMLGG,1,GBMLGG,0.3086033661626587,0.13062135452489176,2.3426093248019977,True
UCEC,11,BRCA,0.17166777246905196,0.031528384029299944,2.723577970976035,False
OV,1,OV,0.16009510903576205,0.03501206277746066,2.7776702728799028,True
STES,1,STES,0.7768432385787211,0.6673135074559806,0.8988784242655476,True
PAAD,1,PAAD,0.23588877010120846,0.10365598995628805,2.5312628755381166,True
THCA,3,PCPG,0.23687572849658176,0.09679974645154937,2.387242065672421,False
LUSC,12,OV,0.19240066031698239,0.06374606365091029,2.650772746171286,False
BRCA,7,OV,0.35667250413616536,0.2625752456364956,2.2840031269268195,False
STES,1,STES,0.3851437847141803,0.16693864678062015,1.9936307783131966,True
KIPAN,1,KIPAN,0.45677696496920217,0.39364647942444964,2.2459195623008177,True
BRCA,6,PRAD,0.08120226031653376,0.008566372794618471,3.07401753191813,False
SKCM,1,SKCM,0.8878332330617285,0.8642834318814269,0.5869070343761499,True
OV,1,OV,0.2731173665052358,0.14391008180279377,2.613377953625598,True
LUAD,5,HNSC,0.267271160153387,0.015181839413494158,2.0303256513970407,False
OV,15,KIPAN,0.2603390628566625,0.15638687844588764,2.472576262813595,False
CESC,1,CESC,0.3476115324236783,0.21756798637005836,2.344598855199568,True
KIPAN,9,PRAD,0.22142744790787325,0.11041041827887686,2.687764792935587,False
THCA,1,THCA,0.8583800368871967,0.8246057445956497,0.7673314301691908,True
KIPAN,1,KIPAN,0.2040801191302286,0.04784940518501005,2.6941930135688916,True
KIPAN,1,KIPAN,0.48417858723824037,0.15723351109958356,1.54646363404435,True
LAML,6,PCPG,0.2754433825498988,0.09705090784884648,2.4485884190665788,False
LGG,1,LGG,0.5619257150287955,0.2890909045874617,1.3314530347923461,True
HNSC,2,BRCA,0.24980626680101004,0.01194182094232768,2.210698041398928,False
LAML,4,PCPG,0.16618942421759567,0.026839346819974547,2.6199834452713953,False
SARC,3,OV,0.23750294010887962,0.059604449218024796,2.6281378226653587,False
DLBC,1,DLBC,0.9706473897993433,0.9636857102442692,0.18713962635751816,True
UCEC,1,UCEC,0.5232431124412572,0.43510606977049315,2.0141255721277624,True
STES,1,STES,0.5414471978477228,0.4415270898844187,1.7724860790963572,True
PCPG,1,PCPG,0.3343373511411574,0.1855697021551659,2.1194114660352197,True
TGCT,1,TGCT,0.40340758666169063,0.33065355886476844,2.395636067253436,True
SKCM,1,SKCM,0.9492492017977949,0.9336694212415367,0.2920794455866021,True
UCEC,3,BRCA,0.6944767570455672,0.5989725810558109,1.3545884792056209,False
LIHC,10,CESC,0.12804524064401096,0.021760524940529838,2.9313075437706164,False
UCEC,1,UCEC,0.9963781257665747,0.9940372869830971,0.0270903627897307,True
GBMLGG,1,GBMLGG,0.540668488677852,0.12681624319809098,0.9421089971005907,True
HNSC,2,BLCA,0.2307149376417558,0.06371229628986735,2.5493235979796247,False
LGG,2,OV,0.22046641013241414,0.02954149312934018,2.384142904971695,False
PAAD,1,PAAD,0.2536602071645758,0.164638820645301,2.6954398220856923,True
GBMLGG,3,PAAD,0.16792196645565854,0.00933937679465316,2.546337520186639,False
BRCA,1,BRCA,0.8713758140607024,0.8550434996179185,0.7502704666901467,True
CESC,2,BLCA,0.5104392384879434,0.2141579825317435,1.2192819310763396,False
LUAD,1,LUAD,0.32016611658410365,0.07376211323855647,2.1987355191614086,True
SKCM,1,SKCM,0.8231076345556126,0.7862039972954965,0.8779567555354136,True
THCA,10,PCPG,0.22810842383240065,0.10374767396217141,2.624103391445414,False
THCA,5,THYM,0.25029977947747867,0.07890777224186973,2.3162480295017662,False
PRAD,8,OV,0.40755070283016276,0.2740687051946151,2.299635373634027,False
KIPAN,2,KIRC,0.38579676069829955,0.16753921136217292,1.7908645144410698,False
LAML,3,PCPG,0.19979416662926183,0.06953578957291925,2.5349815238363105,False
ACC,1,ACC,0.9823104861690115,0.9791902325255353,0.13535186413095374,True
UCEC,17,OV,0.2581886414529061,0.03803879116035355,2.421236853535906,False
KIPAN,5,PRAD,0.1586187445410525,0.047711877917976125,2.781434227628022,False
LUSC,2,STES,0.3379900291313284,0.054876891093406266,1.855142842686441,False
LUAD,3,KIRC,0.2231322601041747,0.05850229570304755,2.6945387413795934,False
KIRC,1,KIRC,0.7277476544534517,0.5030120522113903,0.8413728425896302,True
UCEC,1,UCEC,0.3544778478785331,0.22339637281056648,2.36977293240915,True
LUAD,15,KIPAN,0.1494022619760383,0.0006070881525071514,2.836942975904614,False
PRAD,5,PCPG,0.14700195272011796,0.047576897101073656,2.787807377771946,False
BRCA,5,OV,0.17456854702570493,0.05246445186110632,2.775662064226422,False
BLCA,1,BLCA,0.5661498663812771,0.3319420277967813,1.3903117432058774,True
BRCA,1,BRCA,0.3233761809249197,0.13676145765140704,2.323193223407896,True
SKCM,1,SKCM,0.9978719687599491,0.9970025704989955,0.01817972462238671,True
BRCA,1,BRCA,0.7074967170339392,0.5930634239465022,1.2824415533169784,True
LGG,1,LGG,0.6319928817461637,0.31101808255593555,0.9021536630017938,True
PRAD,5,LAML,0.29482090294434227,0.07787369144434159,1.9277670107402531,False
PRAD,1,PRAD,0.3367082465326044,0.2029178762382859,2.3242148021480658,True
BRCA,1,BRCA,0.4774843630788726,0.37480025529074995,2.0596539686457658,True
BRCA,1,BRCA,0.43108540426362035,0.28736073540987356,1.9838478869766392,True
UCEC,1,UCEC,0.7910252371188238,0.7209594222744129,1.007496343179282,True
THYM,1,THYM,0.49067237795949636,0.3130447961110153,1.6107348949245783,True
BRCA,1,BRCA,0.876712869699694,0.8493843259910945,0.7217752121534668,True
LUSC,11,LIHC,0.1661753035606018,0.03414054168055489,2.7706716143470778,False
LAML,1,LAML,0.6399468102170216,0.5792587157566293,1.6193132453066414,True
THCA,6,THYM,0.2413482425133929,0.0831732322596195,2.292418966629942,False
COAD,7,BRCA,0.2967549431665017,0.16750068032296614,2.262786172982952,False
LUAD,18,PRAD,0.17601869333371464,0.03527341649384502,2.6328467861945293,False
KIRC,1,KIRC,0.43780297235949567,0.27974331917707895,2.164819037775684,True
PRAD,2,THYM,0.21018170451286797,0.008826479580733987,2.2596969644003804,False
PRAD,2,SARC,0.12758383997406877,0.008267767307727297,2.886283838518115,False
LAML,6,PCPG,0.21318190159020947,0.0388456589568999,2.5506476512902916,False
BRCA,2,UCEC,0.2646611041494428,0.016877725762649315,2.2124901474913954,False
KIPAN,2,DLBC,0.1895250432550628,0.054550828060961454,2.807152862194075,False
THCA,1,THCA,0.7281107113746145,0.6753463256444454,1.351134105028585,True
COAD,1,COAD,0.33043699238218166,0.16923017212043273,2.3366955805791094,True
LIHC,1,LIHC,0.2776871163566687,0.1802153110962153,2.594673724726599,True
UCEC,1,UCEC,0.4907762063954872,0.3850399293950486,2.0578091322606706,True
SARC,1,SARC,0.15477885601387037,0.00017778575759808124,2.790363479148995,True
UCEC,5,OV,0.21243162599276544,0.017966702704019732,2.385883686955048,False
LGG,2,GBMLGG,0.38260928437762626,0.2429443638520302,2.3750297462928507,False
SKCM,1,SKCM,0.9096951472206904,0.890705334663997,0.5032115354174336,True
HNSC,1,HNSC,0.616024460116039,0.5045363408382555,1.499147858239515,True
SKCM,1,SKCM,0.9710762890833621,0.953542087987089,0.16622473877977598,True
PRAD,1,PRAD,0.19630179481030532,0.0723520393100916,2.5880201009950365,True
THCA,1,THCA,0.5234606409837389,0.41736156895027154,2.0374952031116442,True
LUAD,17,TGCT,0.1837137429456724,0.003529072263069921,2.7620980851865133,False
STES,1,STES,0.4272993400847665,0.2740834223835358,1.8762220862450263,True
SKCM,1,SKCM,0.9995695626371298,0.9993668703939493,0.004200442825484705,True
KIPAN,1,KIPAN,0.26464094704277935,0.051151601513082456,2.244465930843291,True
THCA,1,THCA,0.8020175576973781,0.7705609149216046,1.0220035301110348,True
SARC,6,THYM,0.5293989698264331,0.3612675612693449,1.5185777561627403,False
KIRC,1,KIRC,0.673412011623509,0.41974490783753515,1.0076566586947215,True
COAD,1,COAD,0.25595504347181974,0.004679650123442347,2.208395466585389,True
SKCM,1,SKCM,0.6489930300014622,0.5461814025726447,1.4520315579280758,True
STES,2,UCEC,0.21703063286335195,0.050573826616284456,2.459513452381744,False
LGG,4,GBMLGG,0.5879151413220185,0.49409377872013804,1.8100059664101293,False
SKCM,1,SKCM,0.9998182523968763,0.9996619068067876,0.001857335355879916,True
THCA,1,THCA,0.8801151025836768,0.8594852320914258,0.6862559741436448,True
STES,3,TGCT,0.39526503279084335,0.2694960764476173,2.2698534154287837,False
GBMLGG,1,GBMLGG,0.1419286565345072,0.023737691116229337,2.8511847682158384,True
SKCM,1,SKCM,0.7557798547880676,0.6358131106203552,1.0163499052200289,True
THCA,1,THCA,0.875402355594023,0.8443873015928091,0.6916273964059287,True
KIRC,6,SARC,0.2445683727612807,0.17434928639607947,2.8384611377767883,False
OV,1,OV,0.23503611639998565,0.08713921392615734,2.495715815370472,True
THCA,8,PRAD,0.17522307251264868,0.066550899303468,2.9034879722160944,False
STES,1,STES,0.26425214775742295,0.06270149154131427,2.347835472968411,True
BRCA,1,BRCA,0.18976608949348486,0.0688922537572695,2.8736410902790532,True
KIPAN,2,PCPG,0.1843347748343175,0.02942757388133449,2.632674875755513,False
KIRC,7,PRAD,0.18232996430673235,0.08655217132739038,2.861208760370214,False
BRCA,3,CESC,0.22949472117154515,0.13707861187606463,2.809798834393672,False
BRCA,2,BLCA,0.5749583666399295,0.1957519293205453,0.8834422782652567,False
KIRC,1,KIRC,0.6960525699269614,0.4915329498675957,1.087279299852209,True
BRCA,1,BRCA,0.5543820423301671,0.45884470486910733,1.9637027673604162,True
HNSC,3,OV,0.17415779549235294,0.0010521411726722163,2.704024336604289,False
THCA,3,THYM,0.5293989698264331,0.3612675612693449,1.5185777561627403,False
SKCM,1,SKCM,0.7776896320711806,0.7177648295482506,1.040799742667436,True
KIPAN,1,KIPAN,0.6284372642396936,0.3183934009355121,1.006509240622475,True
PAAD,7,KIPAN,0.14187944173238234,0.04297258031881082,2.895639828572441,False
BRCA,1,BRCA,0.3913302561283037,0.2550624505809739,2.131525022370969,True
BRCA,2,LAML,0.34760434160931103,0.10057900193597158,2.1317676061974464,False
STES,3,OV,0.2726646417359918,0.046112344575825165,2.1710564224484927,False
SKCM,1,SKCM,0.9151486971154357,0.8828685162272677,0.4349008502352358,True
CESC,3,UCEC,0.2643767224633011,0.12318637628667231,2.5473860974214633,False
KIPAN,2,KIRC,0.6340424700689025,0.39656514204533266,1.2230604700002703,False
PCPG,2,SARC,0.3218304447446158,0.17784027382600479,2.5102635630876224,False
BRCA,1,BRCA,0.5170222134240589,0.39825409774114673,1.9045932797843608,True
KIRC,1,KIRC,0.5824728953963497,0.4679347299193131,1.664642471632671,True
SARC,2,PAAD,0.23933758351471948,0.14634070857199255,2.7848064057748396,False
BRCA,4,LAML,0.41958659429974354,0.2445480523524007,1.7952256450450852,False
THCA,1,THCA,0.8769912381797562,0.8411058211522918,0.6406331346608887,True
STES,1,STES,0.6956966300382118,0.6308449978750585,1.3393078399115945,True
LAML,3,PCPG,0.3836859794309449,0.19439338288137764,2.0027540711729377,False
TGCT,1,TGCT,0.4417639786666836,0.38759459057370393,2.3720934502353637,True
PRAD,4,BRCA,0.3094870736768162,0.2181570299817153,2.593385585692205,False
GBMLGG,14,SARC,0.1250426789636229,0.015305117022096679,2.9676894514970487,False
BRCA,4,THYM,0.16360884798914868,0.02872081082342251,2.601701332133663,False
PCPG,8,PRAD,0.14101059508721323,0.031796786059104507,2.902217948185524,False
SARC,2,KIPAN,0.18411966236211716,0.0319732437460811,2.722449774263087,False
CESC,1,CESC,0.20894413688792937,0.09240343860590398,2.778311460212674,True
KIPAN,1,KIPAN,0.7763660003193024,0.6173463922952582,0.8232681391484464,True
BRCA,1,BRCA,0.524036180521222,0.4676893157797855,2.0761045901432382,True
TGCT,1,TGCT,0.4428764024023959,0.26719992402335047,2.123494912698487,True
STES,2,PAAD,0.3808475703097895,0.22103853351325012,2.1760455241562484,False
HNSC,1,HNSC,0.590076471593612,0.5254224091396508,1.737792521770161,True
BRCA,1,BRCA,0.3004725272526714,0.114691331795687,2.4613071392841155,True
PAAD,1,PAAD,0.24269783898059896,0.12964668339232785,2.6650497000405706,True
STES,1,STES,0.19492554733458103,0.02030286355270855,2.5398870158669165,True
KIRC,1,KIRC,0.6205428694970869,0.4933907722373535,1.6010838922419963,True
LGG,1,LGG,0.6453443256366613,0.4295709935966239,1.2466363556340974,True
UCEC,3,STES,0.5232395387043858,0.17255931622045495,1.00781465504768,False
GBMLGG,18,PRAD,0.16410579215266013,0.07207621076901806,2.8957217746647776,False
KIRC,7,PCPG,0.1901138290918438,0.04379592527315443,2.669522566409101,False
LUAD,1,LUAD,0.8941346667792712,0.8336785564088144,0.5012614610301737,True
ACC,1,ACC,0.9998528006958125,0.9997614520716683,0.0016688138928032405,True
STES,2,UCEC,0.3511506327873397,0.015747517386922594,1.7541379052746293,False
COAD,1,COAD,0.6352087101783306,0.5638272846006774,1.577938750521202,True
LUAD,5,GBMLGG,0.24681712959917418,0.004235371738415039,2.226315839439811,False
LAML,1,LAML,0.43988649188714507,0.33282507322197097,2.079220983907536,True
SKCM,1,SKCM,0.9756602340608598,0.9669691860823342,0.1590615259974216,True
PRAD,5,LAML,0.21374502662890743,0.03213694674343126,2.0884999154325183,False
KIRC,1,KIRC,0.5384641229532944,0.383101652751472,1.8128742684620753,True
KIRC,1,KIRC,0.37179976309617807,0.17797991445708694,1.8646421684478725,True
LUSC,1,LUSC,0.5239924108388595,0.3618335516833032,1.5877301146824805,True
TGCT,3,PRAD,0.17774971309559576,0.03550630903773286,2.783283535379342,False
LAML,1,LAML,0.2630022354619998,0.04382220221307606,2.0479931269273086,True
LAML,1,LAML,0.9456542385785918,0.9362919719306319,0.35507459086329984,True
KIRC,1,KIRC,0.20363453118299107,0.08269996231653479,2.7389304320222694,True
COAD,1,COAD,0.5498412792584182,0.45047950626611033,1.892860859621892,True
DLBC,5,STES,0.2702789367008428,0.07713222675939799,2.3022120518290277,False
LAML,2,THYM,0.49067237795949636,0.3130447961110153,1.6107348949245783,False
COAD,3,STES,0.7417083978958482,0.5945693969004993,0.8539939317680219,False
KIPAN,4,STES,0.18722013305299795,0.08851185796578853,2.7529542776902525,False
KIRC,1,KIRC,0.8141291541856539,0.6431387508290234,0.570824262208031,True
PRAD,2,BRCA,0.2364577685983545,0.0525242396014019,2.5849469083741514,False
LGG,1,LGG,0.6423959686705735,0.35511857020498583,0.988004075448743,True
COAD,1,COAD,0.795078311083728,0.7140425256166182,0.9735652264370113,True
BRCA,3,KIPAN,0.14058635699329425,0.007810086601057115,2.8571379300227995,False
SARC,7,BRCA,0.13027959722296453,0.05345673719720109,2.9751502223831663,False
UCEC,1,UCEC,0.5581173580217543,0.2855275111367843,1.2887088072291313,True
PRAD,2,THYM,0.21678545302087945,0.054771738086247856,2.147186903043576,False
OV,1,OV,0.49696235164529257,0.40930634314248115,2.0195266944015335,True
COAD,1,COAD,0.8096358120540607,0.7628711483283436,0.9378317511434933,True
KIRC,5,PRAD,0.16364531733719603,0.0020426361535408333,2.642111181478828,False
GBMLGG,11,THYM,0.5117298131007656,0.33372309770457026,1.532678251040923,False
KIRC,1,KIRC,0.8202093341470995,0.7434720113181836,0.8917469325536833,True
THCA,1,THCA,0.9287768276904711,0.9162292859151935,0.44123390388353523,True
BRCA,11,PRAD,0.1611089852337844,0.03812872611112847,2.8245393330133495,False
KIRC,1,KIRC,0.8672590561676561,0.7771566560837302,0.5799291125708756,True
LAML,4,PCPG,0.18261176145647628,0.03913783664422599,2.5731773790652137,False
LGG,1,LGG,0.5173561366206737,0.19205377950737657,1.3710473969717842,True
HNSC,1,HNSC,0.6096507663994174,0.44789828065515025,1.3197939766068278,True
THCA,1,THCA,0.9243156506852912,0.904347421853787,0.41880271678119746,True
STES,7,LUSC,0.814730269789219,0.7439411971335519,0.7981787449415922,False
LIHC,1,LIHC,0.6140183785823867,0.51758801018435,1.6563607976227857,True
STES,2,PAAD,0.2726444104404406,0.012651740578518644,2.0021633766537428,False
PRAD,1,PRAD,0.29915171232160714,0.1889474167883753,2.547550245639661,True
PRAD,5,OV,0.17359609626996128,0.018511237009782133,2.402187708073107,False
COAD,1,COAD,0.6212800374214572,0.49576677147840886,1.5931384371465154,True
KIRC,1,KIRC,0.8336119147577006,0.7122971717502363,0.6636872849704107,True
GBMLGG,2,OV,0.3190971019112718,0.08797533816283709,2.2862036288456697,False
STES,1,STES,0.8158938969148809,0.6562019473093608,0.5863013736879776,True
HNSC,2,PAAD,0.61077010608675,0.46292531472979564,1.5021292736967071,False
KIPAN,1,KIPAN,0.32317119294485697,0.15441818210098218,2.5005748503746226,True
LGG,3,OV,0.1821070350476027,0.00019562243212276065,2.341991088866933,False
UCEC,3,STES,0.6193008730842943,0.44611457718747727,1.3082988095220092,False
GBMLGG,1,GBMLGG,0.7437894643060124,0.6845922819553336,1.2288038747063141,True
KIPAN,1,KIPAN,0.24069574304945943,0.08220030818092,2.606274597724754,True
PRAD,15,STES,0.12097896521404025,0.04091137367887564,2.944291295082534,False
LGG,1,LGG,0.6759802668580042,0.3898398216830574,0.8278426843174802,True
SKCM,1,SKCM,0.7654433808733845,0.6275213925893219,0.8974478335948506,True
THCA,1,THCA,0.8945270561386769,0.8714234342984539,0.5902148159910192,True
LUAD,2,LUSC,0.8255664128192635,0.7044309603602018,0.6750079902764554,False
BRCA,2,KIPAN,0.2020279153659772,0.06450105139946066,2.6533644041270747,False
BRCA,1,BRCA,0.8561591983840365,0.8271227715505626,0.778998734830876,True
GBMLGG,1,GBMLGG,0.6915966724028966,0.4697777786694157,1.0551660702986334,True
BLCA,1,BLCA,0.9543534793018349,0.9374040646638108,0.25717753692446244,True
LUSC,1,LUSC,0.8219975694211697,0.7528225829331467,0.7652017884364692,True
BRCA,1,BRCA,0.19036968640786966,0.01806585546542014,2.4456110168700187,True
BRCA,8,OV,0.1220998489850455,0.009807490003829994,2.640481116636213,False
GBMLGG,2,LGG,0.6651755890890437,0.3535753341555197,0.7756001169820421,False
UCEC,1,UCEC,0.9028013405295956,0.8350549765237667,0.4420564549121939,True
STES,1,STES,0.2605746263322947,0.0900684700874129,2.352145748485933,True
STES,1,STES,0.6586739333652255,0.4676321086936497,1.2154824668137094,True
BRCA,3,PRAD,0.18745209981189623,0.06654836703587648,2.6599109856434646,False
HNSC,2,STES,0.45531891420976744,0.2817257147228035,1.9692715433681147,False
KIRC,9,LAML,0.3358738092943261,0.1710026248190161,2.1221156009534674,False
BRCA,4,SARC,0.1952810293386349,0.01759806280694315,2.509206474750411,False
STES,1,STES,0.9828706887537034,0.9781971957028086,0.12387775405639448,True
LAML,1,LAML,0.3351166149677633,0.1332040210342477,2.094920384862264,True
HNSC,1,HNSC,0.50116880390316,0.2766866774632712,1.6186496166093909,True
GBMLGG,1,GBMLGG,0.31023859489530214,0.22851686525119436,2.5892827134535468,True
GBMLGG,1,GBMLGG,0.2359143645356908,0.007231936774722669,2.33406122180732,True
LUSC,1,LUSC,0.9066728267517794,0.8702098681954482,0.4550314034709601,True
BRCA,1,BRCA,0.4528850818813661,0.36628192470947374,2.29801278180088,True
LGG,1,LGG,0.6790806156062228,0.4797162931975625,1.1348334940676177,True
BLCA,1,BLCA,0.8510024762066214,0.7474400293449446,0.5761723733278702,True
UCEC,4,LIHC,0.17716782673608272,0.0196085863497637,2.6686655235907537,False
THYM,3,PRAD,0.23769311605526722,0.1354257304926323,2.6544967278698035,False
OV,1,OV,0.2815238703205508,0.07862526647003093,2.5243499499584687,True
GBMLGG,2,LGG,0.47987572106412435,0.019853590995307147,1.0324830794278568,False
OV,1,OV,0.3407342186282908,0.18711801149928797,2.3442524022308406,True
GBMLGG,2,LIHC,0.2374895514716554,0.04632380607979636,2.608189018433376,False
BRCA,2,OV,0.31362466058205535,0.18099685380336328,2.4261674424020954,False
GBMLGG,2,LGG,0.7281375323360021,0.4706807389947132,0.6676584700714362,False
BRCA,4,THYM,0.23629549324503252,0.03977125913197313,2.5302792910159457,False
LGG,8,BRCA,0.1786888303410601,0.09364175338652725,2.8873773350605956,False
UCEC,5,STES,0.904252762068436,0.8651595659139152,0.4912023315266942,False
KIPAN,1,KIPAN,0.3114747251708078,0.2098938771229769,2.482052532404861,True
KIRC,1,KIRC,0.28585337840452985,0.14236986262542325,2.5766444306721645,True
DLBC,1,DLBC,0.44760328872559,0.13073157493404902,1.5804782614647914,True
LUSC,12,OV,0.2746108743516596,0.1679045169027546,2.626458307265525,False
SARC,6,THYM,0.17986223047175234,0.008956536623548006,2.2136136636905497,False
KIPAN,1,KIPAN,0.5691620840361572,0.2389572914586096,1.1852581537533038,True
ACC,5,HNSC,0.2752038050777846,0.13541232582684828,2.4486329588655997,False
HNSC,11,KIRC,0.11951160047587661,0.019027516821766552,2.8579790404612737,False
THCA,1,THCA,0.8920800539289281,0.8694437580733303,0.5993500301642987,True
KIPAN,5,KIRC,0.1361592605072393,0.045536094887535364,2.8336749146576623,False
HNSC,1,HNSC,0.5004701006535301,0.31336381957568027,1.8354736455866099,True
LUAD,2,LUSC,0.25287305838009544,0.0487728854875209,2.1250286392223465,False
PRAD,1,PRAD,0.29753311304711666,0.1422348115836623,2.488402857566274,True
TGCT,1,TGCT,0.30692902586372445,0.21835809585583704,2.5490415108387654,True
OV,1,OV,0.41635452755853386,0.3425365236128422,2.26269460370286,True
SARC,3,PAAD,0.1866647654150383,0.0764393008606496,2.8802403849109632,False
THCA,1,THCA,0.7558303542252521,0.704802910513829,1.229039558580953,True
COAD,6,TGCT,0.1924341295640496,0.08878072176675293,2.7567562450304686,False
BRCA,1,BRCA,0.21932415801079436,0.10733487539837558,2.760992231307041,True
KIPAN,1,KIPAN,0.46420615398322734,0.32429952254680905,2.043976416798793,True
LAML,2,THYM,0.49067237795949636,0.3130447961110153,1.6107348949245783,False
BRCA,1,BRCA,0.2568450048363283,0.13546640817814065,2.5483980549068943,True
UCEC,7,PCPG,0.12605252724036836,0.017574347363320572,2.8716182025946453,False
COAD,1,COAD,0.9055080377304621,0.8617303643140675,0.41256509074074726,True
LUSC,1,LUSC,0.7915859202916875,0.7056905247170344,0.863566041898197,True
GBMLGG,2,UCEC,0.5373662512155711,0.18677746561277414,1.2230617994143032,False
LAML,2,THYM,0.5293989698264331,0.3612675612693449,1.5185777561627403,False
THCA,1,THCA,0.9272513909475187,0.9072068693263481,0.40478671674598554,True
BRCA,1,BRCA,0.22706391232853693,0.05905219994594302,2.3964226202250067,True
BRCA,1,BRCA,0.16296965561911783,0.019811510052610393,2.7170700808562196,True
KIPAN,3,PCPG,0.2353758568935682,0.10771611584629984,2.5202901328656426,False
LAML,1,LAML,0.5466562003519816,0.3257252925634326,1.3347177611953616,True
GBMLGG,1,GBMLGG,0.5758602135268291,0.4284614109985484,1.571987443590365,True
BRCA,7,PRAD,0.23650101355077882,0.09350943184905378,2.482317131215414,False
STES,4,DLBC,0.14352058995072142,0.01651409225892106,2.6788012915834676,False
KIRC,1,KIRC,0.41831047381081926,0.12024054229669157,1.5632088232241763,True
BRCA,4,CESC,0.6546908061752302,0.575239393500707,1.3796753639572956,False
BRCA,1,BRCA,0.2564718516338517,0.17997898800456794,2.742028137722441,True
HNSC,1,HNSC,0.6112088910430135,0.47218101935514356,1.3881092041897636,True
KIPAN,3,TGCT,0.19798226455110918,0.09053923779888697,2.792112711001566,False
LUAD,7,LUSC,0.11416877137884109,0.02051792307581171,2.9166231253898256,False
UCEC,7,PRAD,0.19265783820574994,0.0025906560125530387,2.432332319047051,False
BRCA,1,BRCA,0.2525294166678694,0.092232005327338,2.6029864443998054,True
COAD,1,COAD,0.8180794073310764,0.7547832283590046,0.8678786181936408,True
KIPAN,1,KIPAN,0.17772594334280695,0.062028200271920214,2.8420644307791005,True
KIRC,1,KIRC,0.3694490127467747,0.14911134271213153,1.822685704039521,True
SKCM,14,STES,0.20749933000109225,0.08562488173719221,2.608364377151822,False
BLCA,1,BLCA,0.9494899578109596,0.9256259864097697,0.2957463812973987,True
DLBC,1,DLBC,0.4617563586737379,0.074319925707583,1.2057356683178655,True
TGCT,1,TGCT,0.21131855072279745,0.12739043576036216,2.8305604846074783,True
PRAD,1,PRAD,0.2785389157449073,0.17707564140792104,2.679516668652146,True
BRCA,7,PRAD,0.1498511049019517,0.0007328689403793831,2.718442639006078,False
LGG,1,LGG,0.6503545027691766,0.3926254140076499,1.0413344105636357,True
STES,1,STES,0.31632697596054365,0.025071293126560923,2.0030250389690587,True
KIPAN,2,TGCT,0.18217545753312062,0.06523559455935422,2.8132116885837535,False
GBMLGG,1,GBMLGG,0.6227007450483859,0.34540763502767874,1.1715131629898123,True
STES,5,HNSC,0.2633356862055462,0.08508484427551519,2.2417088001358088,False
BRCA,1,BRCA,0.22672212977535688,0.08560980251309283,2.7208663078103275,True
ACC,9,LIHC,0.19745263563036233,0.06672482228248167,2.8073622006310717,False
SARC,1,SARC,0.14321752039286562,0.01846516896329528,2.832347410738797,True
SARC,4,PRAD,0.27837716384270406,0.1759258436079007,2.4995138358730906,False
PCPG,13,PRAD,0.13589859666929302,0.050538430575279875,2.986426798505154,False
THCA,3,PCPG,0.26946149396022223,0.12947333397039773,2.259502829479563,False
THCA,1,THCA,0.7864952023320031,0.7523267107435757,1.0941748778434162,True
OV,1,OV,0.40753021050065324,0.2226218240227771,2.040174527416502,True
LUSC,1,LUSC,0.6181148510302382,0.38886784629451066,1.1550023168792432,True
KIPAN,1,KIPAN,0.4387131354559074,0.27605221913891115,2.1567628012876154,True
COAD,1,COAD,0.5633681489638459,0.5078917695942722,1.9777453812261832,True
LUSC,3,LUAD,0.22084243885968993,0.033219171745943105,2.184392227499509,False
UCEC,1,UCEC,0.7161097733298344,0.6806955124266081,1.4328119286956729,True
GBMLGG,2,HNSC,0.10011674654023124,0.013875945633632356,2.997004755002948,False
STES,1,STES,0.7416993267983513,0.6106814991940157,1.0144659517456809,True
SKCM,1,SKCM,0.2981762747977273,0.06746624772067134,2.1407946298897533,True
CESC,1,CESC,0.13068589206048725,0.010596170727874998,2.8308045798917805,True
KIPAN,14,THYM,0.5293989698264331,0.3612675612693449,1.5185777561627403,False
BRCA,7,OV,0.19127098272982274,0.04997333637861209,2.563466753672929,False
THCA,1,THCA,0.7936496804668355,0.7596819479580974,1.0916094300108208,True
BRCA,1,BRCA,0.37129598778168116,0.28234110713445815,2.3809461626347908,True
SARC,3,OV,0.28836382939328853,0.1194545241905873,2.3393642217233923,False
KIRC,1,KIRC,0.2527914838015788,0.10617997808507967,2.5647656374473105,True
PCPG,1,PCPG,0.2333890308069791,0.13411971804613337,2.67846093039447,True
COAD,1,COAD,0.8109063772238118,0.7818749079870433,1.020628049131762,True
HNSC,3,OV,0.19792338806335089,0.002610921807053135,2.428441199663764,False
PRAD,5,THYM,0.5347016919658176,0.33302860641605325,1.4695847261221497,False
BRCA,4,OV,0.33784693441190666,0.18622963109336105,2.400688421934302,False
LIHC,1,LIHC,0.8518857452615567,0.8161660956431014,0.746602671219655,True
GBMLGG,1,GBMLGG,0.4680925119667478,0.027916819501494716,1.2052314636212267,True
THCA,3,PCPG,0.2643729328287947,0.08640899861935647,2.2965556091386534,False
LIHC,1,LIHC,0.3391945121324626,0.25464629066685585,2.561205339465568,True
KIRC,1,KIRC,0.30533092526235456,0.08030575332940054,2.2658504531650703,True
LIHC,1,LIHC,0.37863123153359557,0.1754355418392077,1.949953833026597,True
UCEC,9,OV,0.25214092911459657,0.1441082843375165,2.638052895482612,False
KIPAN,3,TGCT,0.1900883629068978,0.048936039571119305,2.7709626165265164,False
TGCT,1,TGCT,0.24233299620179538,0.13253633816998006,2.652447951770066,True
TGCT,7,PRAD,0.1343427273553157,0.03581463473847635,2.9337527600826485,False
DLBC,1,DLBC,0.6978546121051445,0.6117394861162316,1.2364801424477379,True
THCA,4,PRAD,0.1325323818235013,0.005311444155335132,2.7237999092091836,False
BRCA,1,BRCA,0.3454190738526829,0.2046454396495463,2.429707236220542,True
KIRC,14,PAAD,0.25392398776185765,0.07194011065795786,2.5672544721626953,False
STES,1,STES,0.35787923212615064,0.15969166636492127,2.1402250468527306,True
BRCA,1,BRCA,0.4044722078454498,0.2387997840214053,2.0059145315324844,True
UCEC,1,UCEC,0.6208718953848066,0.5252481125612873,1.5259976278388423,True
THCA,6,PRAD,0.17555560133284104,0.024737954085711777,2.366202729980249,False
BRCA,3,HNSC,0.28401823961550815,0.013529389682038206,2.2583946454428294,False
COAD,14,UCEC,0.6717557688919059,0.6129515009218048,1.5180924589942233,False
HNSC,5,LUAD,0.4795447320165706,0.31403488118673106,1.7160120303721416,False
SKCM,1,SKCM,0.9811668654453422,0.9756027462252677,0.1329375055388388,True
KIPAN,4,LIHC,0.21532763892472248,0.011348247713444393,2.4013387814915212,False
THYM,1,THYM,0.39879840199943334,0.22569353645068357,1.831193327442523,True
GBMLGG,1,GBMLGG,0.3045530976242308,0.17925633849018374,2.592572634893957,True
BRCA,4,KIPAN,0.172935195708484,0.06674553013456146,2.8517495935605783,False
GBMLGG,1,GBMLGG,0.1903998957283737,0.061246055778246655,2.8510910677105876,True
PRAD,1,PRAD,0.22098191342906157,0.11176103476647116,2.6802964966505978,True
COAD,1,COAD,0.7894175747095588,0.7216290823693681,0.9822529769249974,True
LIHC,1,LIHC,0.13744405787688235,0.03309742213350138,2.962044664760502,True
SKCM,1,SKCM,0.9774667076245057,0.9707164387812361,0.1505382019685328,True
BRCA,3,CESC,0.19300765816965945,0.025522471820199816,2.690439282081954,False
HNSC,12,LAML,0.23775018703689646,0.07864754379031783,2.3158496674933753,False
PCPG,6,PRAD,0.15042920053382905,0.0027093290639222667,2.821359366046631,False
KIPAN,2,KIRC,0.42233205676530844,0.018201736386945666,1.5036463756767213,False
KIPAN,1,KIPAN,0.7823304615641552,0.5919708075342213,0.6824268999714296,True
BRCA,1,BRCA,0.6197804165310672,0.5754548379112626,1.7683537189090826,True
PAAD,1,PAAD,0.5899997901864134,0.5034060511986351,1.7004361154039527,True
LAML,1,LAML,0.24720684137077228,0.18010236645766586,2.8221331228025983,True
LIHC,1,LIHC,0.5063734123160119,0.4233805021713832,1.9873990499998957,True
KIPAN,1,KIPAN,0.8804365856903471,0.8328554219067043,0.6373250719250096,True
CESC,2,BLCA,0.5772842537262853,0.3206266071398146,1.1769463206811899,False
BRCA,1,BRCA,0.35980092896955435,0.23585219581235517,2.3168659046663684,True
HNSC,1,HNSC,0.26520289337144926,0.06046878108450174,2.201642855688892,True
BLCA,23,KIPAN,0.11290084431326372,0.007578134443228801,2.9638679347292984,False
LUAD,5,OV,0.2757370647997497,0.18798996421552888,2.680078875121361,False
LUSC,2,LUAD,0.688047274342326,0.5346657827450281,1.0776747994070672,False
LUAD,2,LUSC,0.4115319331088994,0.04699725683637024,1.330116132213795,False
GBMLGG,2,LGG,0.5313226284106746,0.1733408771577195,1.2363098930075096,False
SKCM,1,SKCM,0.7779128695851404,0.6421413734795507,0.8856934996289147,True
LAML,3,THYM,0.2507395512406566,0.04349506016008928,2.1132094101874968,False
THCA,1,THCA,0.18203076673617158,0.028952971026654672,2.6717533876365365,True
BLCA,13,LUAD,0.17833791583909997,0.05098451648462399,2.733816464303845,False
KIRC,10,PRAD,0.1751777862204525,0.04214339041177101,2.6879846656990507,False
KIPAN,1,KIPAN,0.6083633881910595,0.3940693067570204,1.4404121706031405,True
PAAD,2,TGCT,0.15314851900942555,0.01989710356906005,2.854885120243607,False
KIPAN,1,KIPAN,0.8624469984512282,0.7668447496265838,0.6006561947930004,True
SARC,3,BRCA,0.10707797335706572,0.009859092741331066,3.0346069988052395,False
PRAD,8,LUSC,0.4426368974641877,0.3087771824605321,1.9956459827429978,False
HNSC,6,BLCA,0.5351774709629958,0.3709270552865339,1.6505755568291456,False
LUAD,13,PAAD,0.27100639489094264,0.16233426745875112,2.4875983926287835,False
THCA,1,THCA,0.8995039366556673,0.8784266033975938,0.5676098465331789,True
GBMLGG,2,LGG,0.5237993361121853,0.1381409403799193,1.138784497888769,False
THCA,1,THCA,0.6665006540799184,0.5990639102184668,1.5106955259870203,True
THCA,1,THCA,0.9112094815198197,0.8902271914312795,0.5087849874907763,True
LIHC,1,LIHC,0.33953308760715323,0.23856003372798645,2.3450058916216037,True
KIPAN,1,KIPAN,0.43040271227705373,0.0076449521596567704,1.4354252473344558,True
STES,3,COAD,0.40773287369879535,0.20280048220667501,1.8840943185429406,False
GBMLGG,13,THYM,0.3043080766168494,0.1657615858802858,2.172466743298161,False
UCEC,1,UCEC,0.607699578359189,0.5287026734733759,1.6071270093309535,True
SARC,13,HNSC,0.14835034160134764,0.057711488912426,2.8462951888346697,False
LAML,3,THYM,0.36907919301494047,0.21654815678872472,2.098735597590828,False
SKCM,1,SKCM,0.9747012087690999,0.9692094222284066,0.1776686245412318,True
ACC,1,ACC,0.9977406341856327,0.9967904946383749,0.020818916150545066,True
OV,7,KIRC,0.1530031737328759,0.03494838345277962,2.8462125424280664,False
SARC,7,PRAD,0.16452375770690872,0.05995322481949081,2.8271170269341726,False
GBMLGG,15,OV,0.13607514031301382,0.038638189794851355,2.9054190020052477,False
KIPAN,2,KIRC,0.48853565962808765,0.32095356380389806,1.6539575077654514,False
KIRC,1,KIRC,0.5379748469208703,0.1834681672691405,1.2502117027205286,True
KIRC,1,KIRC,0.34129270736751965,0.14912092797434692,2.258363743774693,True
HNSC,9,PRAD,0.1356292058853119,0.037216096839188806,2.86876900438326,False
BRCA,8,SARC,0.28147094589862437,0.17225692644868967,2.5764022878395023,False
LIHC,1,LIHC,0.5379206401782298,0.43216605560321736,1.7280547618261357,True
LUAD,6,STES,0.14936490977592898,0.0015885232954418183,2.4668376923047894,False
PRAD,1,PRAD,0.2715216592857711,0.14723697390428847,2.6345422030215664,True
KIPAN,3,KIRC,0.22857519824611944,0.14376641901712975,2.792175797449138,False
SARC,4,OV,0.2451190283327978,0.13121574799767804,2.7153165530701937,False
BLCA,1,BLCA,0.6755484923519401,0.418369232672967,0.9090467679667767,True
OV,16,DLBC,0.16021004433660901,0.016033992285850257,2.78173039700497,False
KIPAN,2,KIRC,0.42562463280387014,0.16297731715219177,1.6287096356868886,False
SKCM,1,SKCM,0.9897664991346048,0.9827085937499652,0.06908104808645671,True
BRCA,13,KIPAN,0.15059265255921045,0.049781917737524384,2.9352575981267273,False
PRAD,5,PCPG,0.31826099076282743,0.18010297034473416,2.1904893808826364,False
KIPAN,1,KIPAN,0.30525559773228006,0.15868065125028005,2.3177390106949596,True
SKCM,1,SKCM,0.9376856309883486,0.9182253199953314,0.3822198983469606,True
PAAD,3,COAD,0.3073675160506934,0.06352397439994478,1.9232653786762002,False
STES,1,STES,0.8411053898604748,0.766547212626358,0.7106838390679421,True
KIRC,1,KIRC,0.45700329925215777,0.08108389445557734,1.4527880863296618,True
ACC,1,ACC,0.8014160625456845,0.7640216337616474,1.0205917835095901,True
STES,5,CESC,0.34289424949852726,0.17959451328872345,2.121297775722664,False
KIPAN,3,STES,0.21548082503574112,0.01650887771340223,2.53634594316526,False
LGG,2,GBMLGG,0.46108318677813104,0.13742341203042707,1.5693995127974454,False
OV,5,LUSC,0.15586521375096377,0.0453963404082003,2.761496369433591,False
KIRC,1,KIRC,0.7738233451322494,0.5902576035587864,0.7673015602497546,True
STES,1,STES,0.926804718253852,0.869974278586635,0.3297512327137551,True
STES,1,STES,0.5321609644927965,0.18692826069149376,1.2267771512113612,True
OV,9,SARC,0.175256212856512,0.10153158941272294,2.981068143213578,False
BRCA,2,KIPAN,0.16884276715289429,0.033012253981721695,2.769218639065344,False
PRAD,1,PRAD,0.2995703218274957,0.15101735283316764,2.4748078155871616,True
KIPAN,1,KIPAN,0.4900998376886887,0.07369431708521257,1.193465549436208,True
PRAD,1,PRAD,0.25824050290650186,0.022565082742710074,2.1654140694825346,True
LUAD,15,PRAD,0.16496579533247965,0.04189833667002746,2.7648471707223368,False
KIRC,1,KIRC,0.24275130110013277,0.04657115975256698,2.3579541003177718,True
BRCA,5,CESC,0.21673525935447738,0.03503036509626423,2.5914515649224343,False
GBMLGG,1,GBMLGG,0.4624412083964636,0.3423949942136421,2.1539576904250364,True
BRCA,3,CESC,0.24915680961424713,0.01908969816480588,2.4348789033762563,False
SKCM,1,SKCM,0.9869547384339417,0.9787807400731177,0.0886239750117146,True
PAAD,1,PAAD,0.34091925414653945,0.04816880793022249,2.0666390942047865,True
STES,1,STES,0.2492011807573569,0.01354329299998197,2.2819346437302355,True
KIPAN,1,KIPAN,0.216236043367988,0.06849610440302456,2.7045611211202707,True
BRCA,6,COAD,0.19732004123820865,0.04433050688724943,2.3539574427385075,False
LUSC,2,HNSC,0.5393681026758541,0.23228613371541323,1.2243434924674335,False
KIRC,1,KIRC,0.6015026455227133,0.3362227614498336,1.3027791103870063,True
LGG,1,LGG,0.6127508792961247,0.2710177000805693,0.9123685745970278,True
COAD,1,COAD,0.3613342779278333,0.2681035950137558,2.526547417216518,True
LGG,2,GBMLGG,0.540668488677852,0.12681624319809098,0.9421089971005907,False
KIRC,1,KIRC,0.5510329244916283,0.48124709568238194,1.95314819354506,True
GBMLGG,2,PAAD,0.290857883474662,0.18175812201021702,2.5784270591158824,False
KIRC,1,KIRC,0.7355446051112994,0.5998676917089513,1.1209371082657125,True
OV,1,OV,0.23627699158646093,0.07210123763921805,2.6529110221380474,True
LUSC,2,HNSC,0.5999726033581739,0.43093014895717907,1.3936021867754038,False
GBMLGG,2,LGG,0.31576081037030596,0.0017334222204332117,2.1771367600309444,False
BRCA,1,BRCA,0.34105528986287353,0.1212505052566164,2.071685679026789,True
UCEC,1,UCEC,0.33043543076461884,0.062098468784983096,2.27764122987966,True
BRCA,1,BRCA,0.6484098423220596,0.5933252251332995,1.6175977923310094,True
BRCA,8,PRAD,0.1265851933675961,0.011702202985246185,2.973281940158363,False
GBMLGG,2,LGG,0.46616113497077344,0.0023643970647341805,1.0494340096586543,False
THCA,4,PCPG,0.5038092211199883,0.2446616924379088,1.5213750448266652,False
UCEC,1,UCEC,0.6334157281451682,0.4907418268185187,1.2755646256942201,True
SKCM,1,SKCM,0.9074721498706925,0.8779953875254359,0.4949785282842588,True
LIHC,3,PRAD,0.17658429706527448,0.007483108932784699,2.712646351083318,False
BLCA,1,BLCA,0.2185937291425019,0.042415245905635446,2.1492639983428483,True
BRCA,1,BRCA,0.2465180238750384,0.131091568681647,2.696749129054059,True
SARC,6,OV,0.13566035196518952,0.03374410461510845,2.9165866074893185,False
UCEC,1,UCEC,0.3769699475530515,0.10654822388843532,1.8820448357755337,True
PRAD,2,SARC,0.10583963205725092,0.00035184621679840156,2.972399705775776,False
LIHC,1,LIHC,0.5779705659650245,0.18484355976568767,0.8058851983626127,True
COAD,1,COAD,0.5417697049776714,0.4111813763552714,1.690570578374729,True
KIRC,1,KIRC,0.2759172879834565,0.012582748961534773,2.142823510586546,True
PRAD,3,OV,0.3966367155868132,0.2828012034423818,2.303807158338897,False
STES,1,STES,0.5361643889689393,0.42975358288478754,1.7589271597780736,True
LUAD,1,LUAD,0.6979581569666578,0.5688449474028323,1.192000372230811,True
THCA,1,THCA,0.9272513909475187,0.9072068693263481,0.40478671674598554,True
UCEC,3,PAAD,0.27001843164463135,0.08621770241872115,2.281358736541578,False
THCA,4,PRAD,0.22614549492687552,0.10280538596331072,2.5507327568060747,False
PRAD,1,PRAD,0.26504711973215134,0.1484576034945408,2.551432898134524,True
GBMLGG,1,GBMLGG,0.2811739863172267,0.08880912147819245,2.110370397026,True
SARC,1,SARC,0.15967134620183843,0.04659485667785797,2.9048242080029203,True
HNSC,1,HNSC,0.46093861316310525,0.29907753253296115,1.8214553345975326,True
KIPAN,3,LIHC,0.23091328414718168,0.10404763419078666,2.6740510031098865,False
SARC,6,THYM,0.3098565356815617,0.13812309578325646,2.148867478529172,False
HNSC,4,CESC,0.8508269781537603,0.7409649707756434,0.5657660155310213,False
THCA,4,PRAD,0.15976202740888526,0.02143186364727251,2.6507654603891893,False
BRCA,1,BRCA,0.6541660670600706,0.5463976019559936,1.5388913375447224,True
PAAD,1,PAAD,0.22272276847242922,0.026985943279714403,2.58489472917975,True
SARC,4,KIRC,0.21045615129962605,0.07547830171094586,2.6375657673672155,False
PAAD,2,COAD,0.21590523834343364,0.06838442987844037,2.375571310766179,False
UCEC,4,COAD,0.541329224398756,0.40326286804658784,1.7753437075287126,False
KIRC,1,KIRC,0.6942410227342568,0.41432099668860767,0.7750037211175623,True
THYM,4,PCPG,0.17643043532361954,0.0006116926716361049,2.3140437330645205,False
LGG,5,GBMLGG,0.5680622238241229,0.4816801659297786,1.84710131780784,False
BRCA,7,PRAD,0.2026020641607697,0.05299554129843795,2.432366703585075,False
GBMLGG,2,SARC,0.28804344765407847,0.1122128548636647,2.593434668588057,False
THYM,1,THYM,0.49067237795949636,0.3130447961110153,1.6107348949245783,True
UCEC,1,UCEC,0.195413360022109,0.015217856270707597,2.5623205229585153,True
HNSC,1,HNSC,0.4250528103236135,0.17937078594611439,1.6505034295148924,True
BRCA,1,BRCA,0.24756911454621963,0.07827045041665076,2.532006286351035,True
THCA,1,THCA,0.7311065991561178,0.6537105916624417,1.2360053675684037,True
STES,1,STES,0.3925497017903775,0.07387148927544873,1.7410018393894788,True
KIRC,1,KIRC,0.5184373952356526,0.3126780151077186,1.484596781623384,True
BRCA,1,BRCA,0.5109936425721167,0.41451229272308443,1.9543141323974886,True
GBMLGG,2,LGG,0.49605427744269687,0.2869457543264925,1.7132287886759563,False
BRCA,1,BRCA,0.2733782657132608,0.19030662767154294,2.7673946652076027,True
SARC,4,OV,0.22229338538321244,0.05649483418910298,2.4982852679957657,False
SARC,9,PCPG,0.252997191236067,0.05405408175529636,2.204242080590611,False
COAD,1,COAD,0.8408890883307453,0.7544231505883006,0.714398566198926,True
UCEC,2,STES,0.2958422855847476,0.12627192928395067,2.2247185126102806,False
STES,4,LUAD,0.3432345968895919,0.0471889672261665,1.8561047161422164,False
UCEC,1,UCEC,0.5523862578144144,0.37047528962894444,1.640070655482731,True
LGG,1,LGG,0.8345767993167872,0.6969809149238945,0.5868598017481347,True
GBMLGG,1,GBMLGG,0.45707665649653606,0.3768017138755607,2.219365163868465,True
BRCA,2,OV,0.4026519357689363,0.28399471935303944,2.260146462555493,False
UCEC,1,UCEC,0.6398792762098409,0.5458013701891042,1.5122368310448648,True
PRAD,2,PCPG,0.3322730507839333,0.20192047026268842,2.204574871390588,False
CESC,1,CESC,0.17749334209521578,0.03428947797629775,2.7895142833820703,True
BRCA,1,BRCA,0.7276962581484642,0.6735455457592168,1.2966708515815384,True
KIPAN,2,KIRC,0.4212036465618866,0.05951700505900975,1.6630783324615626,False
SKCM,1,SKCM,0.819967238372397,0.7346154255902689,0.6996262459059406,True
GBMLGG,2,LUAD,0.2326152765682044,0.12176053974423151,2.681304067289184,False
THCA,4,SKCM,0.2749691048574437,0.06680573617926563,2.4230263249968162,False
GBMLGG,2,SARC,0.13873740953167485,0.029965765606803266,2.9092089761484563,False
LGG,3,GBMLGG,0.43296803790417326,0.34168475009428406,2.290932449718991,False
KIPAN,1,KIPAN,0.6928425046729327,0.4830868689680392,1.0618082971044718,True
LUAD,2,LUSC,0.5011795472028658,0.14346847822321174,1.263000489765717,False
UCEC,1,UCEC,0.7932826086732764,0.7525482522014952,1.0667247768390977,True
PRAD,1,PRAD,0.2626101076144358,0.13759267327766994,2.6610987070856447,True
ACC,4,COAD,0.25908909956132753,0.013377457200340281,1.9393724464804951,False
LUAD,1,LUAD,0.8375118029789916,0.7201032398285756,0.6222200616289618,True
SARC,2,PRAD,0.11985683706231043,0.05003679343351897,3.0292363999692156,False
GBMLGG,1,GBMLGG,0.24559987959446647,0.14719271734726097,2.77619354566992,True
BLCA,1,BLCA,0.634824434467155,0.44783791690985253,1.146799229238252,True
ACC,1,ACC,0.9248808115776863,0.9086091271015105,0.4544302520846809,True
KIRC,2,KIPAN,0.35497233304270776,0.07792115218658746,2.0266074901429865,False
OV,4,LUSC,0.5329154798716709,0.42212904790217526,1.9158431614087752,False
STES,1,STES,0.6380254727369177,0.41035110408577957,1.206766459660449,True
UCEC,3,BRCA,0.23966656023309796,0.09550337253547594,2.5112563053081756,False
HNSC,3,LUSC,0.7902909283423833,0.694127628725912,0.8141987618187063,False
BRCA,5,OV,0.16817146772663163,0.06865072345470964,2.8203264982901084,False
LAML,1,LAML,0.24686898181183048,0.0808678712820173,2.2663770198706867,True
STES,1,STES,0.9372794644108552,0.9063132793247872,0.3245482391265851,True
KIPAN,1,KIPAN,0.686812050723663,0.6091527775033905,1.4500882345588644,True
PRAD,1,PRAD,0.22114615793688897,0.050441996748771645,2.5749448099240126,True
LGG,1,LGG,0.4846394379860085,0.2501071557505623,1.4535979985504663,True
LUAD,1,LUAD,0.27922051177050067,0.001354098273065707,2.1068392790478603,True
STES,8,HNSC,0.08944139105286157,0.011893883641052913,2.9768422866432247,False
BRCA,5,SARC,0.1385966797142944,0.0031541737408741777,2.8591142678375845,False
TGCT,1,TGCT,0.16724471470129199,0.05718156835985555,2.863834349841876,True
BRCA,1,BRCA,0.5137401424134951,0.4282293785229641,2.050260565081857,True
BRCA,3,OV,0.19318881738850185,0.02280783666004149,2.53014626537242,False
BRCA,6,STES,0.4260894901152106,0.3050194632537572,2.045313640669445,False
OV,1,OV,0.24921782694844707,0.09541541483479313,2.6363853435038935,True
LGG,1,LGG,0.6507361146608295,0.3697472890211285,0.9725381894415664,True
LGG,3,GBMLGG,0.4006051124759001,0.20418331064141557,2.060945414687141,False
PRAD,2,SARC,0.2202900592197305,0.09437206786324509,2.7043600105191894,False
PRAD,1,PRAD,0.2641558459877374,0.1494391082077733,2.6351938513103565,True
SARC,8,KIPAN,0.13064456402750343,0.018029369988949898,2.911029053012469,False
BRCA,11,LUAD,0.10572219309555264,0.0016589983779190798,2.8867566746488555,False
DLBC,6,BRCA,0.17259677184462888,0.07493273355481274,2.9046184452375705,False
BRCA,1,BRCA,0.42266678732975904,0.34670116153472164,2.367594554059161,True
OV,10,LIHC,0.1426061002166747,0.029031900686024542,2.8315482509594787,False
COAD,19,PCPG,0.12747618579024925,0.008699640647373677,2.847937363613414,False
STES,1,STES,0.7176365685257363,0.6192800407456209,1.0631019297647661,True
KIRC,1,KIRC,0.2106599048089394,0.073024585337266,2.6201764082650643,True
PAAD,1,PAAD,0.189189406376116,0.010425611626490167,2.5161130742887994,True
GBMLGG,1,GBMLGG,0.2729087330568588,0.18901001256680305,2.659298233240775,True
BRCA,3,OV,0.25441118497282955,0.052473335267009674,2.390852117223638,False
LUSC,1,LUSC,0.5989947502042969,0.4265077989475168,1.3717979196022931,True
THCA,4,PRAD,0.13576359201589897,0.02441448834271999,2.9369335100077554,False
STES,1,STES,0.6965806826789276,0.6343339844568721,1.2904108395000835,True
UCEC,6,BRCA,0.14918506833227432,0.05168586462591801,2.88637910758054,False
LUSC,2,LUAD,0.4363678866380825,0.2794726410652945,1.8578409169764434,False
LGG,1,LGG,0.4671520834149811,0.10266896962208771,1.428912461913752,True
LAML,1,LAML,0.8183077438126453,0.7672227009695488,0.9004031953648316,True
TGCT,1,TGCT,0.5472895848698907,0.47919960362773345,1.9958293036169552,True
COAD,1,COAD,0.7334546333394516,0.6506729032603161,1.1331305356927193,True
PAAD,1,PAAD,0.4174350424652511,0.3111733662101209,2.2831482889992825,True
COAD,1,COAD,0.581466074436446,0.4161224015804431,1.5472465782264018,True
STES,2,OV,0.17676778552060016,0.022585450228473136,2.5331255133452046,False
BRCA,1,BRCA,0.25950111360388306,0.09587376337561598,2.5430380059534325,True
KIPAN,1,KIPAN,0.3783840593454847,0.222218785020989,2.3028909503020047,True
KIPAN,1,KIPAN,0.12150696490045018,0.009038694626953683,2.88614461431174,True
KIPAN,8,LIHC,0.21859222075732915,0.07843357118356706,2.534764206905114,False
THCA,4,PCPG,0.33166366294804767,0.09114274239483319,1.880565818076479,False
STES,2,TGCT,0.12831574103252397,0.00727094016660132,2.7195573373019446,False
BRCA,2,PRAD,0.188156034805273,0.024781969717625252,2.6842348124333766,False
THCA,1,THCA,0.8090531044038548,0.7783475641367182,1.0279504733327685,True
STES,4,LUAD,0.4036916180761505,0.13756457933624122,1.6937532968050841,False
KIPAN,1,KIPAN,0.7875525724784773,0.7060390954718488,0.999649631340657,True
STES,1,STES,0.6786465208285234,0.613551472892806,1.4407744985291773,True
THCA,3,THYM,0.49067237795949636,0.3130447961110153,1.6107348949245783,False
KIRC,1,KIRC,0.3245083562988485,0.13702119120153486,2.4129716833871564,True
HNSC,4,LUSC,0.3995612488084256,0.17529640768842963,1.8100701096787322,False
LUAD,4,LUSC,0.46552672166692344,0.2669610908512941,1.6139249026592895,False
LIHC,2,COAD,0.2564932434697973,0.03077288006465545,2.1635773115137424,False
THCA,1,THCA,0.7260908158603113,0.6897334631192207,1.3722370620320914,True
KIPAN,2,KIRC,0.37250340067355253,0.16767701543733515,1.8614297865960938,False
HNSC,2,CESC,0.25791713761281243,0.09162387310785927,2.3379719984674234,False
THCA,1,THCA,0.3876000127476623,0.2853606187410389,2.351409463196204,True
TGCT,1,TGCT,0.6073117700205148,0.5509474996414836,1.7930767490313064,True
BRCA,1,BRCA,0.7124338892114142,0.668700492745238,1.4138757400683928,True
KIPAN,1,KIPAN,0.6195217704861289,0.27303801104989667,0.8715256750578473,True
OV,6,STES,0.17625126765698362,0.001445308248373689,2.449725427815378,False
BRCA,6,PCPG,0.16722696570844672,0.007541879809181751,2.645269912089337,False
THCA,1,THCA,0.9272513909475187,0.9072068693263481,0.40478671674598554,True
PRAD,1,PRAD,0.14803324315810462,0.02727275282059824,2.843030478233173,True
LUSC,1,LUSC,0.5153148597063941,0.35212616928582385,1.697161667008948,True
SKCM,1,SKCM,0.9837546310324563,0.9746456579527483,0.10668308272555357,True
SARC,4,PRAD,0.19406841383531676,0.06255607206458946,2.662116207876587,False
COAD,21,CESC,0.16587862167703757,0.06780720418463884,2.9179442327033476,False
KIPAN,1,KIPAN,0.18774422784633668,0.02723291484600729,2.6932198588879777,True
TGCT,1,TGCT,0.5724438137632666,0.48669594137493477,1.7904917335662773,True
LGG,1,LGG,0.4660821291180499,0.11453183099776443,1.5270336071413455,True
THYM,1,THYM,0.471051004341506,0.25934736256238977,1.5862568707162252,True
GBMLGG,2,LGG,0.5284406540778661,0.20670419923591093,1.3963664534049964,False
PRAD,1,PRAD,0.3382647843049915,0.27213740544127063,2.5604488934595118,True
LUAD,15,OV,0.21257846449070217,0.048933425547512815,2.639713771137155,False
STES,1,STES,0.857341450606573,0.7790438371742975,0.6250416003677692,True
KIPAN,8,LIHC,0.27117916610163956,0.16635813360712443,2.6750421594695197,False
LIHC,5,LGG,0.223498713835715,0.07260945822252945,2.6336138228523147,False
HNSC,5,CESC,0.24608283681667964,0.09633291134387975,2.6400558127614056,False
GBMLGG,2,LGG,0.5730185089124594,0.2977152260422796,1.283864302621624,False
GBMLGG,3,LGG,0.20692613020909142,0.014126271548845909,2.3841346703367634,False
KIPAN,1,KIPAN,0.3608914879667936,0.22668640495889059,2.35942922854088,True
UCEC,1,UCEC,0.2378179041716237,0.09172091110904085,2.405691825833786,True
SKCM,1,SKCM,0.9999436258114914,0.9999015931954757,0.0006609601765241867,True
LIHC,1,LIHC,0.1940745706996535,0.044422212574499936,2.6363717087583236,True
HNSC,2,BLCA,0.38434009023388016,0.07373381474388041,1.5299655989311929,False
GBMLGG,1,GBMLGG,0.24282336642110774,0.1197287162347854,2.5939048762548538,True
BRCA,1,BRCA,0.6153859737186437,0.5269254056399687,1.6879620600553409,True
BRCA,10,PAAD,0.20142012548478608,0.06655350232968021,2.5765749341105053,False
BRCA,1,BRCA,0.42324943483660116,0.348882945282743,2.3886676789604806,True
STES,3,PAAD,0.6620292818100274,0.5698860718708203,1.4593987548373466,False
KIPAN,1,KIPAN,0.4670037369971723,0.35030954637020084,2.073386120417375,True
STES,2,HNSC,0.32609653111780845,0.15311054715832684,2.386625101582291,False
BRCA,1,BRCA,0.5713438840072669,0.4993666057871437,1.9513694282781953,True
PRAD,1,PRAD,0.1986526727149704,0.015791355611759428,2.3507851323071915,True
BRCA,4,HNSC,0.17667736097388378,0.020728826504426867,2.478168455921549,False
LUAD,1,LUAD,0.8132835019431084,0.757316178161135,0.9150615717819883,True
HNSC,1,HNSC,0.43545319368520174,0.27988488161331315,1.8560345608051518,True
BRCA,1,BRCA,0.5454190781521556,0.4576223930977019,2.010963124336019,True
LGG,2,GBMLGG,0.32753030722332954,0.021413146322661614,1.8607717652755047,False
KIPAN,1,KIPAN,0.1642589727282094,0.05579625846331711,2.8875377283360946,True
UCEC,1,UCEC,0.8680137002521273,0.8202875145598181,0.7131988115473924,True
STES,3,LUSC,0.46702297097772316,0.2947771977185215,1.729955373454528,False
LUSC,3,HNSC,0.4192881736884769,0.2877714683224949,2.1129467115002467,False
TGCT,1,TGCT,0.8321981120520159,0.8094459713182892,0.9307877944181225,True
LUAD,2,LUSC,0.5439326444856432,0.1793033572202386,1.052246702929969,False
UCEC,1,UCEC,0.7768605263879742,0.5925752759407604,0.6427863466707661,True
THYM,24,PAAD,0.3373174418786144,0.11150022519523714,2.135369318675533,False
BRCA,3,PRAD,0.22129930521040914,0.10356784595663589,2.63157718635144,False
BRCA,1,BRCA,0.23080449925607294,0.13844497279433926,2.7689607699166223,True
GBMLGG,2,LGG,0.5078325290524681,0.15542689023698453,1.3728144097625659,False
KIPAN,3,TGCT,0.23220235206644105,0.09737382869998201,2.714442431681489,False
BLCA,5,LUSC,0.2597156198482542,0.020935669794895084,1.9864059702877974,False
CESC,1,CESC,0.2191723699184816,0.04055677289652196,2.5753740015094637,True
LGG,5,LAML,0.18392877350133596,0.05737702105314779,2.6933701678760094,False
KIPAN,1,KIPAN,0.5423374667975714,0.18162861117790258,1.1566435733824854,True
BRCA,2,OV,0.34629600785615916,0.22527752520981703,2.380004901531756,False
PCPG,1,PCPG,0.3605397882809465,0.21067158545530404,2.2661421036380065,True
BRCA,1,BRCA,0.4137761632577205,0.2865922868152715,2.2940754427823578,True
BRCA,2,CESC,0.3970466860522572,0.07350263014963643,1.7042605323270699,False
PRAD,1,PRAD,0.1877634174660392,0.05028936525080471,2.589448077404753,True
LAML,3,PRAD,0.1796223919336172,0.06535985887816559,2.7740102086710245,False
HNSC,1,HNSC,0.25648919712449725,0.05034858177697346,2.361164115767808,True
TGCT,1,TGCT,0.15347326152035493,0.046556019355191366,2.886446586278686,True
LUAD,1,LUAD,0.539646228425012,0.3571627273332533,1.669290246818394,True
TGCT,1,TGCT,0.5213939037683809,0.41605540307702815,2.016761702621625,True
KIRC,1,KIRC,0.8106705015283489,0.6337772081485678,0.5635918038841127,True
PRAD,1,PRAD,0.27705125646182244,0.19471551270916643,2.6567669300791708,True
UCEC,3,STES,0.45862259267832794,0.10072338973595296,1.1815237843878372,False
SKCM,1,SKCM,0.9329796754072752,0.9074812258903239,0.37053451911226637,True
SKCM,1,SKCM,0.9312903399859486,0.9068278465477881,0.36046604049110553,True
LAML,2,THYM,0.5117298131007656,0.33372309770457026,1.532678251040923,False
BRCA,6,CESC,0.45586147552846956,0.2718384840982594,1.5486825331767267,False
OV,1,OV,0.23770369561656413,0.1334859652753384,2.684627330544817,True
KIPAN,2,LIHC,0.1587220232951024,0.0004605948784533187,2.658753711987499,False
KIRC,1,KIRC,0.4055722293046878,0.12060826830089799,1.948307009240692,True
THCA,6,PRAD,0.17255816337695887,0.05295507010274991,2.84376773318076,False
SKCM,1,SKCM,0.7726579887215032,0.7099699809114149,0.9726607221159493,True
BRCA,1,BRCA,0.5747864354099864,0.5285909386704607,1.9352961650412985,True
THCA,15,THYM,0.1325264451856213,0.03375507216853009,2.929411443640988,False
BLCA,2,BRCA,0.6726395253370875,0.5364623748535169,1.200281703017477,False
BRCA,7,PRAD,0.2604043090779581,0.10521964059334515,2.2638884779735764,False
OV,7,PRAD,0.16070007048724988,0.002256185062205096,2.7243645162939742,False
STES,1,STES,0.939922390489788,0.8977604585995438,0.2935424718395015,True
STES,24,SARC,0.19323814747128276,0.10730357020221307,2.8735810930017758,False
SARC,2,PRAD,0.2612396473043972,0.1192593409991656,2.6190112491968076,False
LAML,1,LAML,0.7256374376428002,0.6432874075913411,1.1034661114817048,True
HNSC,2,STES,0.29464330747353135,0.04830911669990348,2.2703837246797653,False
TGCT,1,TGCT,0.65839743072714,0.6125677098852316,1.6451344482300114,True
THCA,1,THCA,0.7735289840571297,0.7211216901600116,1.161126465686715,True
THCA,2,PRAD,0.17277294361149975,0.015558466282667105,2.6890121928440824,False
KIPAN,1,KIPAN,0.1838773474417364,0.04407853210360255,2.761846740095566,True
HNSC,2,GBMLGG,0.17022979543343633,0.00045189262189979096,2.5122267415262707,False
THYM,1,THYM,0.447289056099777,0.2739207005691163,1.785951606765598,True
STES,4,HNSC,0.2986417449936273,0.16622935442441977,2.415799183940629,False
SKCM,1,SKCM,0.6280180874209085,0.5736377258904529,1.7123237988846165,True
BRCA,2,SARC,0.1745112546464021,0.07202719930572062,2.84059300421405,False
THCA,1,THCA,0.9160108230917012,0.8997143262712947,0.5042585543569492,True
PCPG,1,PCPG,0.1773873414008931,0.017281846619287028,2.408499475143338,True
STES,2,BRCA,0.1602631182175774,0.06997453294275013,2.8669849084695636,False
KIRC,1,KIRC,0.11754309780767269,0.0062022803365504725,2.9319907224840485,True
OV,1,OV,0.31044884749977436,0.20295051729475272,2.4991334631378708,True
PCPG,1,PCPG,0.26985180073235826,0.07996815352736611,2.245981704167581,True
PCPG,1,PCPG,0.18421679738221516,0.04071128698359633,2.540802367757396,True
LGG,1,LGG,0.49107225541388055,0.17487171930520373,1.6062120775560464,True
TGCT,1,TGCT,0.5349216949495658,0.4781127401262633,2.0358433307835266,True
THCA,1,THCA,0.9093983710627038,0.8912097977602396,0.5372209779184755,True
SKCM,1,SKCM,0.6525583854499557,0.5488697432065075,1.3081618315267785,True
BRCA,3,UCEC,0.2758125982660866,0.14272472375366851,2.461798398662087,False
GBMLGG,2,LGG,0.4660821291180499,0.11453183099776443,1.5270336071413455,False
LAML,5,PRAD,0.23890132764635522,0.09526858153510354,2.5043852660927737,False
LUSC,3,SKCM,0.9946687989175976,0.9921215545651356,0.04120265198795501,False
PAAD,14,THYM,0.5347016919658176,0.33302860641605325,1.4695847261221497,False
KIPAN,1,KIPAN,0.37114037988624854,0.22748657738808314,2.31297562671625,True
GBMLGG,2,LGG,0.46281912986803897,0.10773829334323942,1.5754777696671696,False
KIPAN,9,PRAD,0.1736841519216167,0.03530433813450118,2.819041400964976,False
LGG,1,LGG,0.696978937587994,0.41286650947444103,0.7206769735921428,True
LUSC,8,BLCA,0.44463631161765055,0.198709127145191,1.7071315697981857,False
GBMLGG,2,LGG,0.342301415150377,0.004235803918020309,1.8228829791335421,False
CESC,7,PRAD,0.17810190694309916,0.061985667446778664,2.8012410346371905,False
KIPAN,1,KIPAN,0.45056135452759283,0.31694219819331126,1.9804133953633454,True
BRCA,8,OV,0.23743383512045832,0.053718533552637115,2.6193598297192056,False
SKCM,1,SKCM,0.5127815740609756,0.23160371800414759,1.424682118330306,True
SARC,1,SARC,0.25774024413807056,0.07673474698745314,2.5085718713687317,True
GBMLGG,2,LGG,0.7106199177675895,0.45049961850798914,0.7590617649456641,False
BRCA,2,OV,0.22950733026681266,0.08990786188137981,2.5091030872380276,False
LGG,1,LGG,0.7030544290520493,0.4893851137823777,0.9746163249666038,True
STES,1,STES,0.3982408253482626,0.1849393802222789,1.867903964011622,True
OV,6,KIPAN,0.1908479534813451,0.08353191100533526,2.748382169863822,False
LUSC,1,LUSC,0.8257561201454792,0.7545389665831809,0.7958369749286515,True
KIRC,1,KIRC,0.42562463280387014,0.16297731715219177,1.6287096356868886,True
LUAD,2,LUSC,0.7629397329880826,0.5876429102159996,0.7537770303702735,False
BRCA,6,PAAD,0.27465457459568887,0.1547323283260264,2.5234264092490455,False
KIPAN,1,KIPAN,0.3178514236621825,0.17719055681281512,2.444136250451418,True
PCPG,1,PCPG,0.3316197089001276,0.20481438883539413,2.4408396185082415,True
TGCT,1,TGCT,0.7086598160657643,0.654198964477682,1.389606037768795,True
KIRC,1,KIRC,0.270856265604748,0.21203432572781306,2.7627658817864287,True
THCA,1,THCA,0.7695169865864047,0.7308840924206359,1.1962138269759237,True
PAAD,2,OV,0.27191377005810974,0.10452985886455463,2.387205330641045,False
LAML,1,LAML,0.47575817921669883,0.3898762878057914,2.1027516849758516,True
COAD,1,COAD,0.3180670114773141,0.15085925031877304,2.425977206108241,True
COAD,1,COAD,0.6400474056512906,0.5355515789545904,1.522048673279534,True
GBMLGG,2,LGG,0.7030544290520493,0.4893851137823777,0.9746163249666038,False
KIPAN,2,LIHC,0.3334682545376293,0.21906228856100157,2.4639506440412196,False
THCA,13,KIRC,0.2084543648180131,0.07906323096119466,2.7382848854047253,False
STES,1,STES,0.23476810357649583,0.11053269915247076,2.5348311306986226,True
BRCA,8,OV,0.439678602192777,0.33615259320701546,2.2422958291055743,False
LGG,1,LGG,0.4846761473472742,0.2311627244369573,1.5999659534987314,True
SKCM,1,SKCM,0.9909575604041093,0.9878026148802146,0.06632406417252486,True
PAAD,1,PAAD,0.40727899303503157,0.22703822417006023,2.1681566943045008,True
LGG,1,LGG,0.7014872261649454,0.42552920779524445,0.7376251949054122,True
COAD,1,COAD,0.722214944941542,0.46780624267435966,0.687464178800688,True
SKCM,1,SKCM,0.9994953357093723,0.9992111268903692,0.004998776106621088,True
BRCA,3,CESC,0.39506766103437807,0.2731604363368438,2.2391881413617316,False
LUAD,5,GBMLGG,0.29628785892699994,0.20673704351564853,2.600419163224172,False
LIHC,1,LIHC,0.32669173005374874,0.2192354984552194,2.557814326036696,True
KIPAN,2,KIRC,0.4478843552303327,0.2629714632941875,1.729423594680032,False
STES,1,STES,0.9906916318807771,0.984600851444031,0.06276524358855748,True
BRCA,1,BRCA,0.48424626811886323,0.3578045997610896,1.852107361539054,True
KIRC,1,KIRC,0.6655654914587354,0.5109836166787828,1.3203852819265405,True
SARC,1,SARC,0.23051269188161538,0.11932583786961867,2.5907206252423376,True
SARC,6,THYM,0.471051004341506,0.25934736256238977,1.5862568707162252,False
UCEC,1,UCEC,0.9205921038692099,0.8843334608900824,0.392648536860841,True
TGCT,1,TGCT,0.7216132649060545,0.6902755290054475,1.3984123537116193,True
KIPAN,2,BRCA,0.14888452931380824,0.008549645225998992,2.4756930794847065,False
STES,7,PAAD,0.5575994251211176,0.47932544333883836,1.8758558663645608,False
GBMLGG,2,LGG,0.45557478705363824,0.09448847306368346,1.4869682754946794,False
THYM,1,THYM,0.5347016919658176,0.33302860641605325,1.4695847261221497,True
PCPG,2,LAML,0.26045446641955133,0.07593925021436926,2.248997694296277,False
BRCA,10,OV,0.34049913148425176,0.2373604764803759,2.4574949016185768,False
HNSC,3,CESC,0.49225180882726044,0.2414883054654272,1.753268378509599,False
BRCA,1,BRCA,0.413130829216469,0.32309872744220913,2.2328632261646413,True
UCEC,3,BRCA,0.20904291859602,0.011152386501757344,2.571431400493799,False
GBMLGG,2,LGG,0.5740278590142651,0.35265327893987175,1.4043661055084533,False
OV,1,OV,0.6192412079396451,0.5370619784494006,1.6682615070912812,True
PRAD,2,PCPG,0.17740082286435865,0.06039944136423557,2.929328012939866,False
TGCT,1,TGCT,0.30732409259820603,0.10545753317927484,2.2107393158502524,True
COAD,1,COAD,0.23418224088246928,0.03174480827087961,2.3848525104013563,True
HNSC,4,CESC,0.16181344304431808,0.0812377209957206,2.984518901444014,False
LAML,2,THYM,0.3413746248023446,0.1820844949788982,1.9519456000085869,False
GBMLGG,1,GBMLGG,0.4711038415512933,0.00330427347877732,1.0132680293665424,True
SKCM,1,SKCM,0.9919711727873523,0.9889299490490714,0.059954303365551624,True
SKCM,18,TGCT,0.2252546300184029,0.006416305615776691,2.5780773683325258,False
OV,11,KIRC,0.18569000566844843,0.052941323756518194,2.8248797314293643,False
SKCM,1,SKCM,0.9230693170124732,0.895070686431746,0.4027355124648421,True
OV,2,SARC,0.15493804317392995,0.018272712945853337,2.8447581361529064,False
THCA,1,THCA,0.8423714985943637,0.7998973976152405,0.8325873938348052,True
SKCM,18,BRCA,0.2805845066974981,0.09218022961837324,2.4328230418571724,False
LIHC,8,LUAD,0.1833018639432932,0.045629843543923604,2.570873276870484,False
THCA,5,PRAD,0.24529045091355364,0.09997860790235694,2.5503548447813236,False
ACC,2,DLBC,0.17902824280562016,0.03125897049539966,2.7865992120400445,False
KIPAN,1,KIPAN,0.17765856843975722,0.044597226048887856,2.831543617153571,True
COAD,1,COAD,0.2839065697069831,0.15872524334230123,2.6034635411402434,True
BRCA,1,BRCA,0.42955608954643243,0.2837885836860855,2.0746582084804084,True
THCA,1,THCA,0.8711892136361459,0.8389980214151334,0.701183470888158,True
GBMLGG,1,GBMLGG,0.2430074541606802,0.07908648830679182,2.6308447020344983,True
UCEC,1,UCEC,0.2668813480540806,0.06673303280292162,2.4061090560611826,True
PCPG,2,PRAD,0.15188567300147854,0.002088010305596716,2.6729881492428462,False
BRCA,2,OV,0.31684918603060713,0.14948096037745617,2.279989915740297,False
KIPAN,1,KIPAN,0.43976652140984623,0.257954609551498,2.1171712049593117,True
KIPAN,6,SARC,0.1513550165638727,0.06383593520163044,2.968763766844704,False
SKCM,1,SKCM,0.38456764985425396,0.2924284876382833,2.358881386743144,True
PAAD,1,PAAD,0.4505798202586569,0.29269060821081655,1.9587048195552608,True
COAD,1,COAD,0.7028847323472289,0.6520349371019323,1.3969766673174229,True
GBMLGG,2,LGG,0.436800653405761,0.021946488047418722,1.417325796740112,False
COAD,1,COAD,0.8314288141072411,0.7837050669917136,0.8490083320125925,True
GBMLGG,2,UCEC,0.23876458671203896,0.037622213780823616,2.366884647267372,False
UCEC,1,UCEC,0.6889764848628154,0.636327536828624,1.451719514985192,True
LIHC,6,DLBC,0.17085471483606865,0.027098838820071386,2.573176272763502,False
SARC,18,COAD,0.2899228552487154,0.013722985604404436,1.8924466085666862,False
KIPAN,2,KIRC,0.3694490127467747,0.14911134271213153,1.822685704039521,False
BRCA,3,PCPG,0.19574001715165007,0.0932444124027306,2.739138129475511,False
COAD,1,COAD,0.6651265176610063,0.4979034477612489,1.1627512060883356,True
COAD,1,COAD,0.4640905443237446,0.3902630979496132,2.253600637425727,True
BRCA,3,LIHC,0.1594911783239308,0.014793947056179646,2.721961062889085,False
KIPAN,1,KIPAN,0.5837824607671465,0.4497478049741564,1.7603602662741633,True
SKCM,1,SKCM,0.9992817423565531,0.9990708664122305,0.007084023927656757,True
THCA,4,PRAD,0.2437410413505553,0.10150383907109961,2.537684042790783,False
PCPG,2,PRAD,0.13568665929702922,0.02145111458434759,2.8526398726444446,False
OV,2,LIHC,0.23842702431693485,0.06294253763078017,2.5657812274140452,False
KIRC,3,LIHC,0.14298317713921316,0.009272470673049177,2.8618849555331685,False
BRCA,3,PCPG,0.5358267221616594,0.425231850279718,1.830203600914429,False
SARC,3,CESC,0.1403476396544053,0.009982630252529628,2.9020093870527512,False
LIHC,1,LIHC,0.34619517822801665,0.28336349562532265,2.514774344146114,True
STES,13,SARC,0.13061951094743818,0.03454091398299629,2.969282168912796,False
LIHC,1,LIHC,0.4561644267235797,0.32778975875763894,1.984646819776413,True
BRCA,1,BRCA,0.2823933824548855,0.06198998990539628,2.256591507415524,True
BRCA,5,OV,0.24146743526624487,0.10340813828956649,2.57740534230543,False
BRCA,2,OV,0.4777451051229803,0.35753586827897604,2.0044885960356793,False
UCEC,1,UCEC,0.733211124129469,0.6436287748140167,1.2359283823902105,True
LUAD,1,LUAD,0.3039568906254681,0.05856028094365848,1.749457702852304,True
BRCA,3,PCPG,0.2055726301813027,0.054119887639166836,2.64180771578561,False
COAD,1,COAD,0.39383477440147546,0.15584859126225817,1.9996274800342242,True
LGG,4,SARC,0.21296718046600227,0.0755007541268041,2.5344124032457636,False
KIPAN,14,THYM,0.18110601001523408,0.04042261704444386,2.3617149887548825,False
BRCA,4,SARC,0.12937059873508294,0.000767961137026929,2.840040359359878,False
KIPAN,1,KIPAN,0.4734324135272767,0.027886360403245658,1.1433908950315754,True
OV,5,TGCT,0.15721511621193332,0.031179412763853387,2.840889888505238,False
LGG,1,LGG,0.5010693889451324,0.1363566415531871,1.300150940731482,True
BRCA,9,SARC,0.1086975493501391,0.00010288506825940902,2.899475952082652,False
KIRC,1,KIRC,0.166711453566889,0.02485116107045643,2.5951806731389344,True
KIRC,9,KIPAN,0.14356614515589414,0.0515910233222784,2.947269970966856,False
THCA,1,THCA,0.7303583328620957,0.6867949390433494,1.3349153041099184,True
PAAD,1,PAAD,0.58012357651081,0.42349779017994915,1.6475215859913113,True
SKCM,1,SKCM,0.876629560426993,0.8419093358796661,0.6661858522326854,True
KIRC,1,KIRC,0.8272236881081864,0.7191155955336594,0.7331027295982018,True
BRCA,10,STES,0.3416481186894717,0.19109698407421255,2.1112642659690346,False
KIRC,1,KIRC,0.2638499752758302,0.11198838122927068,2.492996709965485,True
GBMLGG,2,LGG,0.5806654308669029,0.24581710405916846,1.0809215845118787,False
KIPAN,1,KIPAN,0.2545794033985704,0.09943411080058456,2.392034959176356,True
GBMLGG,1,GBMLGG,0.13237108702028322,0.018485725501122666,2.720004527025399,True
GBMLGG,2,LGG,0.44409722850010086,0.026423992952070985,1.3315606426198645,False
STES,1,STES,0.20913245866980898,0.04817998658796674,2.3709765146629547,True
UCEC,1,UCEC,0.850341200927545,0.8199753874004789,0.8018021320964333,True
SARC,2,PRAD,0.2986305054004478,0.15015962699814284,2.5364785070217044,False
PCPG,1,PCPG,0.49830442819012644,0.35015794459696037,1.7717957115910867,True
KIRC,1,KIRC,0.5128805464208873,0.3967041090312191,2.0128647481483504,True
CESC,1,CESC,0.6243717052589097,0.4180899646950085,1.0610668851885197,True
HNSC,2,UCEC,0.19369548213059823,0.052338539618769914,2.654056152146874,False
BLCA,8,CESC,0.1628317133383373,0.019121781525810677,2.645983605605538,False
SKCM,1,SKCM,0.9995017414223837,0.9992402606675058,0.004995202379258542,True
GBMLGG,1,GBMLGG,0.3338951290570764,0.05373591857571319,1.992284405365513,True
PRAD,1,PRAD,0.3406461069997804,0.2513104592943306,2.560502793256061,True
PAAD,1,PAAD,0.5581502203798966,0.3523089664374147,1.5038550151104162,True
ACC,1,ACC,0.9985550043468903,0.9976706492322094,0.01323539984115359,True
PRAD,9,LUSC,0.3209302265795071,0.013512700124179267,1.4781430571324443,False
SARC,2,PRAD,0.15452217694151243,0.02044328999366829,2.7706328115929626,False
KIPAN,2,SARC,0.14363473011696054,0.033791227618251984,2.9917220436501926,False
GBMLGG,4,SARC,0.27292071181190564,0.18875093228232087,2.691485746961774,False
HNSC,5,OV,0.18728067550896144,0.013791769065413795,2.7110823417034577,False
STES,7,PRAD,0.20174217073811462,0.09896441475328493,2.877361528726806,False
KIPAN,1,KIPAN,0.4539893017834512,0.025064794819672942,1.3047139385633357,True
PRAD,3,BRCA,0.12047652970345533,0.00041878223662952796,2.8242090184965427,False
HNSC,12,LIHC,0.243959680767636,0.11409771468978774,2.5699461157148766,False
PRAD,1,PRAD,0.28489210048326896,0.10616853403391924,2.2295120779537587,True
CESC,1,CESC,0.12946904332599626,0.0033712835752467973,2.8396756917785124,True
HNSC,9,TGCT,0.11431970453956147,0.010139398282707782,2.8369394182771654,False
STES,2,COAD,0.5298310748834022,0.33332224150654166,1.5222165249768989,False
UCEC,1,UCEC,0.7908812922516547,0.6847774824011217,0.7023846353140086,True
OV,1,OV,0.23518092229358362,0.0364978199806571,2.3972124293789614,True
ACC,1,ACC,0.6274965655939801,0.4603659415836797,1.5043732023015457,True
KIRC,1,KIRC,0.43667728302341735,0.2594846494232752,1.7814175030993584,True
PCPG,2,PRAD,0.15142276393068857,0.024113907629662867,2.632599310672377,False
BRCA,14,STES,0.8113884651777988,0.7766867588217929,0.913942920608477,False
COAD,1,COAD,0.6429801561769937,0.563054403268288,1.5344542790463944,True
PRAD,3,PCPG,0.17625043644029803,0.013642668226948568,2.4752959515898803,False
LAML,1,LAML,0.5726924705839352,0.40478725680647587,1.412702376789135,True
HNSC,3,PAAD,0.405255481206819,0.3056323414181761,2.2239125688612362,False
UCEC,2,BRCA,0.3273168496617189,0.09571541823513008,2.3487243107724516,False
KIPAN,11,PAAD,0.18085404473091563,0.014654309151193534,2.648721458191605,False
PCPG,1,PCPG,0.23462069626080231,0.030022217673562723,2.3400156815841155,True
LGG,1,LGG,0.516949242809754,0.20128879200928113,1.4268889650782561,True
BRCA,2,SARC,0.14895581126892363,0.0317822033143033,2.948874023840348,False
SARC,5,OV,0.376111593188571,0.29395119561837646,2.353802958497801,False
KIPAN,1,KIPAN,0.741014059832209,0.5556631806873795,0.9276537911015083,True
STES,1,STES,0.6305348500899377,0.49858632963362526,1.389800370871339,True
SKCM,1,SKCM,0.9789482241140933,0.9727255324207273,0.1429252701183086,True
KIPAN,1,KIPAN,0.14725001434033066,0.030139618190310233,2.8861549023049466,True
UCEC,1,UCEC,0.6699640787542229,0.6162045631745847,1.5307113659616731,True
KIRC,1,KIRC,0.7629556097984905,0.5485606835497684,0.686427543649438,True
LUAD,2,CESC,0.372051534314085,0.13587256764867514,1.7571014389044013,False
PAAD,1,PAAD,0.3919683896124714,0.17685024003821298,2.023893810961069,True
GBMLGG,1,GBMLGG,0.09886396073958965,0.005165666416350592,3.0136160400702936,True
PAAD,1,PAAD,0.45480909210268183,0.33555771614486074,1.9278350250623124,True
KIRC,1,KIRC,0.42626114137882387,0.2516598542249811,2.1856145753376475,True
SARC,14,SKCM,0.9918431873466332,0.9873945498754761,0.05766182934041952,False
CESC,1,CESC,0.5712993739422741,0.21683567038305374,1.0303853739358708,True
BRCA,5,OV,0.27917660751646356,0.11443845308224199,2.577057922681,False
LAML,1,LAML,0.806223582202558,0.7502671693391424,0.9510532431381274,True
KIRC,5,TGCT,0.2653221538963443,0.1459046481263669,2.540770346885198,False
KIPAN,1,KIPAN,0.7808722605564443,0.6048985705884825,0.7574527095067951,True
BRCA,1,BRCA,0.1855561620092861,0.050067768468434165,2.7907101864687864,True
SARC,1,SARC,0.15455924383246974,0.012933700371864976,2.7940588137538396,True
PCPG,1,PCPG,0.27643734850666457,0.17619394915064424,2.583523943660876,True
LGG,1,LGG,0.5084456681220038,0.29647953107442304,1.5924599670322097,True
STES,16,CESC,0.07681087118346724,0.001245096279490876,3.09003584009638,False
CESC,2,BLCA,0.3988578394704481,0.017003833297472293,1.5096266607603992,False
TGCT,1,TGCT,0.23011171281335058,0.12382595754252292,2.747962111486764,True
BRCA,12,LAML,0.2232738485378563,0.07197153249462507,2.4259376524804748,False
THCA,4,THYM,0.22365249444266475,0.036063996133074455,2.5503357248678573,False
BRCA,1,BRCA,0.22470482109317813,0.09820472536866348,2.5513865333228662,True
KIRC,1,KIRC,0.2986807501513638,0.09807588082398758,2.2350072012539672,True
BRCA,1,BRCA,0.7072939191567568,0.6570164104549543,1.4431888952324385,True
KIPAN,2,KIRC,0.5677217280460886,0.1782191704882688,0.9492805413155533,False
OV,13,PCPG,0.1431486229834002,0.012978448749948635,2.737243812889843,False
SARC,5,PRAD,0.16502618958032475,0.0514425743147159,2.834169045728899,False
THCA,2,PCPG,0.30565059505269787,0.16418333523633194,2.5157921519820916,False
SARC,9,PRAD,0.1621457443096312,0.06524347190397406,2.7612353555121407,False
LIHC,1,LIHC,0.4151842388373106,0.265024623202909,1.9313773868851827,True
BRCA,4,CESC,0.16320499523199752,0.01910605996844683,2.8129902327504643,False
SARC,1,SARC,0.19382269700576002,0.0206208064413565,2.722552032101343,True
BRCA,1,BRCA,0.10012826501853118,0.007891707262889389,2.9437901406241656,True
LAML,1,LAML,0.4589308811366215,0.31676540435718564,1.8654325844704798,True
THCA,5,PRAD,0.13257594690588004,0.006431728739226011,2.876539604490084,False
THCA,2,PCPG,0.5444761965161484,0.40672474012312376,1.6008017594744068,False
THCA,3,THYM,0.49067237795949636,0.3130447961110153,1.6107348949245783,False
THCA,1,THCA,0.5531046528971638,0.4810581700209885,2.000837798339097,True
GBMLGG,2,LGG,0.5297881254200318,0.15503688087031647,1.161258793337177,False
BRCA,1,BRCA,0.6136608898067372,0.5087715833143459,1.6647478462826693,True
BRCA,4,PAAD,0.2591191903954787,0.06303159351760004,2.444853289784749,False
HNSC,16,KIPAN,0.16725805820991146,0.04121160243330743,2.8159963156648047,False
SKCM,1,SKCM,0.9857955129564073,0.9785545477589898,0.09888918458752122,True
KIPAN,1,KIPAN,0.5783289218302886,0.4405056794439104,1.7083760221451842,True
UCEC,1,UCEC,0.6641945894234901,0.5708424496500338,1.4064757897661881,True
BRCA,1,BRCA,0.3383919347972774,0.12437949160552494,2.194249873211654,True
GBMLGG,2,LIHC,0.1420784560209865,0.02581395149934869,2.895056953485037,False
THCA,1,THCA,0.16480062009856472,0.02864932858828248,2.590067326110404,True
THYM,4,LAML,0.16250063886268726,0.02617753867719222,2.451352333613001,False
LIHC,6,HNSC,0.2806397853323398,0.15275748904632247,2.4803404555364943,False
LIHC,2,TGCT,0.17745183745653773,0.06281502136835107,2.817782704061559,False
LUSC,1,LUSC,0.30364968273049237,0.1959557387790869,2.4203062925781804,True
LAML,1,LAML,0.5315207918195579,0.24895239247220174,1.349610699535369,True
KIPAN,2,LIHC,0.12901648927113596,0.006358221196972658,2.8189782710071136,False
LIHC,1,LIHC,0.711671514731488,0.6409969256005518,1.2795897969124896,True
STES,1,STES,0.8734316392887725,0.8210266198018898,0.6438636752168394,True
HNSC,3,PAAD,0.420273545755625,0.28961055211703324,2.051880520611914,False
HNSC,22,BRCA,0.11395868120919381,0.004387378772305217,2.8898205589772523,False
PRAD,1,PRAD,0.22858892946680398,0.09670242906423127,2.7532069510837647,True
LUSC,1,LUSC,0.8371144298312179,0.7768997028413513,0.7465650848251415,True
GBMLGG,3,LGG,0.3369763498049262,0.09867121292449521,1.9398684601781098,False
SARC,1,SARC,0.18902987767999452,0.08860124195840396,2.8565185246179783,True
STES,7,COAD,0.17719368875377922,0.006346717562367266,2.6277207895942514,False
THCA,1,THCA,0.8827320371978225,0.8580842908658488,0.6566723211157465,True
PCPG,8,PRAD,0.23749613336241004,0.04100433175762505,2.5339016301247788,False
SKCM,1,SKCM,0.9481861278031734,0.9255145654389466,0.288623367457231,True
BRCA,6,PRAD,0.12142934682774464,0.01585778500974136,2.900551548224516,False
THCA,6,PCPG,0.13022520735687662,0.012341588354123315,2.71011900309207,False
STES,2,BRCA,0.3886697462429313,0.214263877633184,1.9056155233654446,False
BRCA,1,BRCA,0.341656422481484,0.24403742371959175,2.4364602412502117,True
KIPAN,3,SARC,0.17444513673169487,0.046766549174612204,2.816741046325846,False
LAML,7,TGCT,0.12326918683019238,0.0042964295042969836,2.9012415327826466,False
THYM,4,SARC,0.20629389871052942,0.053161562228669246,2.595726969069764,False
LGG,1,LGG,0.6205223974371288,0.3624038450746986,1.2538853764957398,True
KIPAN,2,KIRC,0.4260051309192232,0.09576969800879254,1.7867412798515003,False
BRCA,2,PCPG,0.190456170002348,0.011020466004689533,2.6788866046723676,False
BRCA,2,PRAD,0.18742185164506364,0.05794942172901374,2.633006735151044,False
PRAD,2,THYM,0.13832959390902572,0.008176327548645224,2.698349245568277,False
SKCM,1,SKCM,0.9869558129383595,0.9788829305615862,0.08801027762346421,True
SKCM,1,SKCM,0.977686810966907,0.9705260324567812,0.1492769526463758,True
LUAD,1,LUAD,0.7687638844128816,0.5396976064879199,0.5566901860736395,True
BRCA,11,STES,0.5028436645148141,0.38764808157258374,1.8892452735760084,False
GBMLGG,2,LGG,0.6408651075816715,0.37732533273109464,1.0699288921314167,False
BRCA,1,BRCA,0.2938262230012386,0.20721836429120882,2.530146473676461,True
KIPAN,3,LIHC,0.23431108314535495,0.060237540310302956,2.388124486390316,False
KIRC,1,KIRC,0.3441224009670491,0.1787505699899192,2.3332549720812614,True
KIPAN,1,KIPAN,0.2984738081078743,0.19565418553945507,2.5770745299296145,True
LUAD,9,GBMLGG,0.33841622048262276,0.18529477951607518,2.197189878158574,False
KIPAN,1,KIPAN,0.18275402860770806,0.0035628081098029174,2.7673784159098487,True
STES,3,LUSC,0.3765955799483625,0.11283991436291885,1.7061912175630614,False
CESC,3,UCEC,0.15218349180711818,0.006598934695802361,2.6972239907326694,False
KIPAN,1,KIPAN,0.7668090948973846,0.5725519424185239,0.7548567728406012,True
PRAD,3,LAML,0.2174315584628011,0.015520602343617879,2.403212435157176,False
LIHC,1,LIHC,0.3872193898777466,0.17004721946804302,1.9437453860766218,True
BRCA,7,THYM,0.09778751300294906,0.006166085987043823,2.9269352050862656,False
GBMLGG,1,GBMLGG,0.45398468631378264,0.06278103707863975,1.4538658118307113,True
THYM,4,LAML,0.25656363462865067,0.055739268866568104,2.1336218707114245,False
BRCA,1,BRCA,0.7155391913597489,0.6702817401058034,1.3742019632657598,True
OV,1,OV,0.38863957799850807,0.15700007123269072,2.0387165884533403,True
ACC,1,ACC,0.9892493087172992,0.9855071932962248,0.08181944872835265,True
LGG,4,GBMLGG,0.16633480345779852,0.08162700913253262,2.943470841826589,False
THYM,1,THYM,0.2172070952628806,0.044731928105586405,2.3990339151655387,True
UCEC,3,COAD,0.42966747174543474,0.12905442681834284,1.4536387879836332,False
GBMLGG,1,GBMLGG,0.3012120564175437,0.12942931860564977,2.3497387315154046,True
BRCA,1,BRCA,0.21387677781052572,0.08340208578053193,2.676731889208668,True
KIPAN,13,LAML,0.3358738092943261,0.1710026248190161,2.1221156009534674,False
STES,1,STES,0.22790940160310422,0.11873077598305058,2.5367240172121095,True
TGCT,1,TGCT,0.17905957938478465,0.0582301838288031,2.7863264679452002,True
KIRC,1,KIRC,0.6365601374086681,0.3741236301857598,1.1408958605387594,True
BRCA,1,BRCA,0.36531949047526807,0.08811026812625472,2.103691744475597,True
THCA,1,THCA,0.9283388013118323,0.914097342804009,0.4309049474165579,True
GBMLGG,7,PAAD,0.18840050558265198,0.019243062922466386,2.728829577492224,False
KIPAN,1,KIPAN,0.5592420764920739,0.2221132543752643,1.2169693033387436,True
UCEC,1,UCEC,0.7598240794112134,0.719749296620079,1.1788712150524152,True
LGG,13,GBMLGG,0.21082826590410386,0.08904431911404406,2.6353914262748335,False
DLBC,10,STES,0.21651008931848073,0.13087722784047162,2.78985030612816,False
THCA,4,PRAD,0.1510823735116141,0.010582268714827703,2.7941153656729267,False
GBMLGG,2,LGG,0.6613698128481029,0.3741204510061317,0.904024680349343,False
KIPAN,1,KIPAN,0.23225166533887043,0.12272040091628587,2.725710403400345,True
STES,10,GBMLGG,0.10259244972772508,0.005975514004789642,3.016966207055556,False
LUSC,1,LUSC,0.9086413315209915,0.8284296585392881,0.34555174842824604,True
KIPAN,1,KIPAN,0.6397895775943597,0.5202836326508448,1.5320445280728807,True
STES,1,STES,0.8709599343656852,0.7699330271744474,0.4984382839882209,True
SKCM,1,SKCM,0.9974631736960932,0.9964798037445031,0.022026210919730872,True
SARC,3,KIPAN,0.11239876585818231,3.298372245287562e-05,2.890255533526399,False
BRCA,5,OV,0.28026724326634805,0.14849388845734987,2.3727260198840345,False
SKCM,1,SKCM,0.4038600289797619,0.25783897295295366,2.1677031042965273,True
KIRC,1,KIRC,0.558194576727326,0.4073157303432443,1.7361488900022304,True
KIRC,1,KIRC,0.9032218048422181,0.8203762399261545,0.39535351679907565,True
BRCA,1,BRCA,0.4920528642048297,0.4172468010701956,2.054458800331332,True
BRCA,3,PAAD,0.14989624512794714,0.026026407278658056,2.9259250538079074,False
PCPG,5,PRAD,0.14267584081902418,0.025267227422274982,2.843429987858226,False
UCEC,1,UCEC,0.862288261510781,0.8068093183696287,0.6680593618065335,True
LGG,11,THYM,0.21841572876023438,0.08192578202264852,2.595121669080866,False
PRAD,1,PRAD,0.31392086606515845,0.222142183563098,2.5797088718759,True
GBMLGG,2,LGG,0.5175597249089436,0.27520305861803945,1.58479324285736,False
STES,1,STES,0.3742307396576295,0.23678629318915523,2.077422316752627,True
LUAD,5,CESC,0.19774608691247716,0.07315145766314145,2.5093393258992434,False
THCA,5,THYM,0.20310203527720005,0.02095249274257638,2.2447841679221407,False
KIRC,1,KIRC,0.7276979527788926,0.5309630964850909,0.9385743891859312,True
LUAD,13,SARC,0.18751260446138807,0.1098247084691452,2.8790122945312544,False
OV,1,OV,0.45415224031660106,0.324538517532894,2.0085874672790696,True
SARC,2,OV,0.2690495470136249,0.10779912447273093,2.522978466834843,False
GBMLGG,8,DLBC,0.4230662060657903,0.34608565863158924,2.3311390869539226,False
TGCT,1,TGCT,0.39726436154769107,0.3258760966322979,2.4355085823058316,True
SKCM,1,SKCM,0.9988312881396649,0.9979393595593503,0.010109558994710981,True
ACC,1,ACC,0.49912843523636496,0.3391636340238852,1.8973467563782098,True
BRCA,1,BRCA,0.22959658614455936,0.0491386952390028,2.41231362540034,True
THCA,1,THCA,0.8053328522382803,0.778087650482676,1.0211357713069227,True
HNSC,1,HNSC,0.21676292167932826,0.08308208582862664,2.626448669551653,True
GBMLGG,1,GBMLGG,0.46883354828264195,0.22980061838592986,1.7993348704780627,True
GBMLGG,2,UCEC,0.3626518954232597,0.1685983003563786,2.1725678808299818,False
KIPAN,2,TGCT,0.08776435332402355,0.0018129424957565171,3.058989271200461,False
LIHC,2,UCEC,0.19542713561190067,0.03937717102063651,2.532521068593061,False
STES,1,STES,0.3958694345217216,0.1785828488648057,1.8435940473383678,True
KIPAN,2,KIRC,0.36815887645427,0.18120655418961107,1.886839700472853,False
THCA,1,THCA,0.7481695751857896,0.6937992104159515,1.2221619753837367,True
KIPAN,1,KIPAN,0.3026952445859433,0.13479901851792808,2.5204387801716526,True
BRCA,1,BRCA,0.41022648605292467,0.3017200549409861,2.332377824440188,True
SARC,9,PCPG,0.13714459407540774,0.03163125335777145,2.923665281187715,False
KIPAN,2,KIRC,0.4631491922674951,0.1554688223038287,1.7059911339131408,False
BRCA,1,BRCA,0.5786195442508335,0.4119276138487214,1.6537920381664486,True
OV,8,SARC,0.15599846599238745,0.028738560594167767,2.8507830356822,False
STES,1,STES,0.9549118488703501,0.9246938188399995,0.23836392292045405,True
STES,1,STES,0.23652271396836608,0.08077635671367664,2.340694604718609,True
BRCA,1,BRCA,0.2908375581817401,0.015746982630564677,2.2509369504522474,True
PAAD,1,PAAD,0.16127700052908833,0.05705057239972916,2.9061720454877142,True
LAML,3,PCPG,0.18285259956788336,0.027893660717042884,2.4653444021347295,False
PCPG,2,LAML,0.3273628907953814,0.10926015534337935,1.894562773709501,False
THCA,12,PCPG,0.16326996877947086,0.02523215145031915,2.7543783394930244,False
GBMLGG,1,GBMLGG,0.1287138334332691,0.02990381469092583,2.9103911806966654,True
LGG,1,LGG,0.5744659055085397,0.2189607227105042,1.0394720900242869,True
LIHC,10,SARC,0.16545571263540004,0.02751027027137376,2.700394559284174,False
LGG,1,LGG,0.6583734643085746,0.3558147193420621,0.847921741283849,True
TGCT,8,BLCA,0.15440263569048238,0.04544318677799632,2.7781123719892156,False
KIPAN,1,KIPAN,0.74542055213354,0.6177597255321151,1.1109842034549062,True
COAD,1,COAD,0.9296880481505377,0.9091643662022059,0.3982359179586526,True
THCA,1,THCA,0.9276147907875081,0.915148513353361,0.4461799146374301,True
BRCA,6,SARC,0.19050735702060612,0.04084271292637462,2.658657765684614,False
PCPG,4,KIRC,0.1653777265233954,0.029196635830154194,2.7049184495743943,False
LGG,9,THYM,0.5293989698264331,0.3612675612693449,1.5185777561627403,False
CESC,2,BLCA,0.6965466776181799,0.48542995702314107,0.9309775640157731,False
LIHC,2,TGCT,0.1976460218572784,0.08528974754939941,2.8332164065666556,False
KIRC,1,KIRC,0.417807987031583,0.3025591157509209,2.2510925897627354,True
KIPAN,1,KIPAN,0.8545877507946092,0.736547701636064,0.5587349914289387,True
BRCA,2,CESC,0.32054130912228385,0.09513533005242017,2.2632632945732447,False
STES,4,COAD,0.4659713283475487,0.3288537106333182,2.031835162653884,False
BLCA,1,BLCA,0.5711076204354857,0.4581412734286647,1.6680070985358726,True
LIHC,2,TGCT,0.17674072216435632,0.039846167260584014,2.7625086515340502,False
LGG,1,LGG,0.6591666389187344,0.35319799230387083,0.8362532707508613,True
BRCA,1,BRCA,0.2983078571327672,0.14010886438163553,2.4085729028207146,True
HNSC,3,CESC,0.5345135701336451,0.13470753458146956,0.9470835184230295,False
GBMLGG,2,LGG,0.6821340324585246,0.3848208488213319,0.7416056023594948,False
OV,1,OV,0.543476356378123,0.4815489506167046,1.9494038562523828,True
GBMLGG,2,LGG,0.6159239571475795,0.27087486494445984,0.8766156087912046,False
DLBC,4,BLCA,0.20935922588451178,0.03736790700040776,2.218399530298358,False
KIPAN,5,LIHC,0.1320199415723191,0.029037759705230023,2.7977242119856216,False
BRCA,1,BRCA,0.41904778521441943,0.3244606128436769,2.3605795879976763,True
CESC,9,THYM,0.471051004341506,0.25934736256238977,1.5862568707162252,False
STES,3,LIHC,0.24042951820994096,0.07476034685939983,2.3166839097699587,False
SARC,1,SARC,0.10710920303689053,0.004860572476177341,2.9989926595453866,True
KIPAN,5,TGCT,0.2939497020648938,0.19461227779303375,2.63272906508203,False
HNSC,8,KIPAN,0.14357503346847508,0.005354717593274633,2.7810486783026858,False
OV,1,OV,0.1576721910741369,0.005977988032584397,2.6435753609842454,True
UCEC,1,UCEC,0.8105449899605985,0.6714158540988496,0.6262833088074972,True
HNSC,3,LIHC,0.3544897916827219,0.21604992066620393,2.2103049973467503,False
KIRC,1,KIRC,0.39019629898381225,0.1883343037163056,1.8100443563372253,True
GBMLGG,2,LGG,0.5216612998668498,0.15224109874189234,1.2103185447560587,False
THYM,5,PRAD,0.16808552851165603,0.06339231624220153,2.8144694266937864,False
SARC,3,OV,0.2888497904008912,0.1641003355766758,2.5275683056317053,False
BRCA,5,KIPAN,0.1414844885977791,0.03694789229684935,2.8141629046303587,False
PRAD,1,PRAD,0.198048662361464,0.10130324767524967,2.6855787191055995,True
ACC,1,ACC,0.2643455812529806,0.08248184463858807,2.5909543526789123,True
THCA,1,THCA,0.894509102806398,0.8721317191987241,0.6098900085723188,True
BRCA,1,BRCA,0.160594525420861,0.07090134282584502,2.9503682181178488,True
SKCM,2,LUAD,0.24681612234345518,0.14340452492603004,2.6845971943875933,False
PRAD,4,KIRC,0.1451538569579676,0.010642096887149843,2.769602824909103,False
SKCM,1,SKCM,0.9999978634141066,0.9999972195692726,3.337727708000197e-05,True
GBMLGG,1,GBMLGG,0.7150703661102297,0.5828368508669627,1.190370068242192,True
LGG,2,GBMLGG,0.3584291020607791,0.006269991362365168,1.6919606518856838,False
COAD,3,STES,0.7691239492283677,0.6260766056987559,0.7513472190464137,False
BRCA,1,BRCA,0.14071786859266763,0.04112237389562895,2.9174668686684213,True
HNSC,3,LUSC,0.6249349931716563,0.40697479180153195,1.0104233371942253,False
THCA,1,THCA,0.8968053593918694,0.8756365329281304,0.5920013004801832,True
KIRC,1,KIRC,0.42579870949033016,0.24235369205397111,2.157391235787525,True
LUSC,1,LUSC,0.5764447847258122,0.32374273243384033,1.24017294096141,True
BRCA,3,OV,0.18364394224185335,0.02424618669542075,2.641711232310212,False
KIPAN,1,KIPAN,0.6693845097606662,0.4545174595395776,1.1291305082940142,True
LIHC,2,LUSC,0.3718722081613426,0.12219164013517497,1.7497779471847248,False
BRCA,1,BRCA,0.35749063604924,0.21674577148458063,2.2274302560648267,True
COAD,9,PAAD,0.3040453580668147,0.16761030736753432,2.42172188987355,False
KIRC,1,KIRC,0.5624161072926215,0.333241266727068,1.5978997652490348,True
PAAD,1,PAAD,0.306609929107658,0.17492368845838724,2.3561714891097862,True
BLCA,1,BLCA,0.41503990485600695,0.20889567235905904,1.8252428396252864,True
PRAD,1,PRAD,0.20283976309313198,0.08550986577971419,2.667750985280439,True
GBMLGG,2,LGG,0.4465567267461451,0.047850795054040884,1.4098069074010253,False
SKCM,1,SKCM,0.9919924441719846,0.9892788396551168,0.05923030642287587,True
PRAD,1,PRAD,0.2294240467846219,0.11093340949614425,2.6949410406140455,True
COAD,10,OV,0.26834382469798995,0.08109900011680601,2.3717602945079825,False
LUAD,6,OV,0.15116245050369942,0.003405108823919839,2.733105905058475,False
KIRC,1,KIRC,0.40838903762293116,0.11314595730237237,1.8927433764658355,True
KIRC,1,KIRC,0.38143469727508983,0.2064517847472838,2.2254670719236365,True
LAML,1,LAML,0.5428988145699503,0.471553465454318,1.9523280345234046,True
BRCA,4,PCPG,0.30195968671768203,0.1770747264589564,2.5705512154488006,False
CESC,2,KIRC,0.12754935779789445,0.01744984734627368,2.7735670355683806,False
KIRC,2,KIPAN,0.5124828331128707,0.26264438605636375,1.6743688199118214,False
LIHC,3,TGCT,0.5587021174881844,0.4751305931262366,1.8900041455898156,False
THCA,1,THCA,0.8756349611961272,0.8541580402750749,0.7005165942519687,True
THCA,5,THYM,0.22429347752410292,0.006230935652759034,2.3985223482979796,False
BRCA,5,PCPG,0.17908781360344453,0.02696704803284089,2.7466568511595266,False
KIPAN,1,KIPAN,0.741073436669616,0.6482074248178437,1.175462279744618,True
COAD,1,COAD,0.8572170293616248,0.7878962174742646,0.7103796903681633,True
PRAD,4,KIPAN,0.2223551054961085,0.021341293384383148,2.4384769264457256,False
TGCT,14,PCPG,0.16199583688839464,0.00755716831536854,2.505442365142641,False
PCPG,3,THYM,0.18534969940778132,0.03556074422195388,2.4908187689380297,False
OV,10,PRAD,0.2002822408125626,0.06266360292723874,2.7069462415203684,False
LIHC,2,HNSC,0.21448452248223734,0.004779219178925265,2.2849741506995693,False
COAD,1,COAD,0.8803162366769238,0.8306720101428985,0.6300606927957687,True
KIPAN,1,KIPAN,0.21005485471718188,0.128597295506704,2.7813548470387404,True
SARC,3,OV,0.23611587216983385,0.08577417353462052,2.5592325946565877,False
LUAD,1,LUAD,0.3162117980675525,0.057191373404632595,2.0254719280549605,True
LGG,4,GBMLGG,0.30001785373257017,0.192989432481462,2.588876917007435,False
COAD,1,COAD,0.9079429287574073,0.8939480639639755,0.5750580888917728,True
TGCT,3,PRAD,0.2013032085418603,0.03217725609343908,2.607818342056463,False
SKCM,1,SKCM,0.7787490864961362,0.7174411773840303,1.0216605129643908,True
