profile_kind,profile_hash,support,majority_count,label_count,purity,support_bucket
raw,0ff950058d37464d,1,1,1,1.0,1
raw,7269ef5b3e1f3e9d,1,1,1,1.0,1
raw,4c799f8d1bc4e6b3,1,1,1,1.0,1
raw,1b9294736e8fe47a,2,1,2,0.5,2
raw,02a70764bd820515,1,1,1,1.0,1
raw,771addc192ddfd40,1,1,1,1.0,1
raw,56d18fcbe5b60b8b,1,1,1,1.0,1
raw,fb5cf18c736779da,1,1,1,1.0,1
raw,6c3f789367378c17,1,1,1,1.0,1
raw,131ac2597c3fbcc3,1,1,1,1.0,1
raw,739fcb49820addce,1,1,1,1.0,1
raw,2619de50701c7bc9,1,1,1,1.0,1
raw,3d889f66eef0f507,1,1,1,1.0,1
raw,946fcef61f6abe4e,1,1,1,1.0,1
raw,8c194331e0e8b76e,1,1,1,1.0,1
raw,f38d5bc092e29f33,1,1,1,1.0,1
raw,62475fd8525128a7,1,1,1,1.0,1
raw,532909f9f4c7bc39,2,1,2,0.5,2
raw,33833b5838bc8e9b,1,1,1,1.0,1
raw,ee0dd72d95425600,1,1,1,1.0,1
raw,c930093e9e6bccc4,1,1,1,1.0,1
raw,4585d0b33da5a66c,1,1,1,1.0,1
raw,20cb11a99588be76,1,1,1,1.0,1
raw,668922e1cc9aefd1,1,1,1,1.0,1
raw,850cb191c3da7f85,1,1,1,1.0,1
raw,8f788fd16b3b90bf,1,1,1,1.0,1
raw,02c83770d2b03f4c,1,1,1,1.0,1
raw,43f50c1cc5ba74c2,1,1,1,1.0,1
raw,ae7209ec5906fae9,1,1,1,1.0,1
raw,1c0030ac089b1961,1,1,1,1.0,1
raw,a4e3b0aeb1d9b7f3,1,1,1,1.0,1
raw,84d3fa4cc15e7da0,2,1,2,0.5,2
raw,fcf60d03bbc26b2c,1,1,1,1.0,1
raw,cdb3e2f2add8ce4b,2,1,2,0.5,2
raw,e85579dcda003dd5,2,1,2,0.5,2
raw,1cd139becf08d9d6,1,1,1,1.0,1
raw,bd0d2c8e450157e2,2,1,2,0.5,2
raw,7894827f8a23bbcf,1,1,1,1.0,1
raw,f9cebc125279f17b,1,1,1,1.0,1
raw,724f69070d58b2fa,1,1,1,1.0,1
raw,7bea595283ec8da9,1,1,1,1.0,1
raw,165e6b8a20d316dc,1,1,1,1.0,1
raw,2596927412d82789,2,1,2,0.5,2
raw,4b3236a1e82fa05d,2,1,2,0.5,2
raw,737de29b117e71ee,1,1,1,1.0,1
raw,0a9d999dca8ab1a5,1,1,1,1.0,1
raw,7ff18db10276644d,1,1,1,1.0,1
raw,75a09c583cda480d,1,1,1,1.0,1
raw,3c7b0125373418de,1,1,1,1.0,1
raw,2c8db255ae957144,1,1,1,1.0,1
raw,9cac586704467353,1,1,1,1.0,1
raw,3739b3284718f3aa,1,1,1,1.0,1
raw,4f69f7038a901851,2,1,2,0.5,2
raw,6ef355bb7b99ebdc,1,1,1,1.0,1
raw,f09f6db517e57a02,1,1,1,1.0,1
raw,24b52854c497d4cf,1,1,1,1.0,1
raw,74687be9519e19f1,1,1,1,1.0,1
raw,9f76905a85e6c940,1,1,1,1.0,1
raw,a54e0106c909509b,1,1,1,1.0,1
raw,131c66076fa853b5,2,1,2,0.5,2
raw,0f68ba76b0ec0974,1,1,1,1.0,1
raw,34bb260fcbf0bf4b,2,1,2,0.5,2
raw,ba207aa1d533dd88,1,1,1,1.0,1
raw,ea5140a2e669fb7f,1,1,1,1.0,1
raw,687e92b532ae466c,1,1,1,1.0,1
raw,1f8907eda5658dff,1,1,1,1.0,1
raw,e3b0c44298fc1c14,94,30,15,0.3191489361702128,11+
raw,1f25a2eabbfab3c6,1,1,1,1.0,1
raw,1523a469ef5a1154,1,1,1,1.0,1
raw,c4a0478131dbf2b8,2,1,2,0.5,2
raw,0a231779fef5bcd3,1,1,1,1.0,1
raw,472df9f2893277b0,1,1,1,1.0,1
raw,48926b80b37f15e8,1,1,1,1.0,1
raw,6074d9587397803b,1,1,1,1.0,1
raw,2be8c0840e0a47f5,1,1,1,1.0,1
raw,8926303a97ccbe67,1,1,1,1.0,1
raw,b21b4ab2d02fbba4,1,1,1,1.0,1
raw,742a425930b02361,1,1,1,1.0,1
raw,56b2ff904dab43e6,1,1,1,1.0,1
raw,41743102f7ae22b7,1,1,1,1.0,1
raw,cfceba5f05374cb0,1,1,1,1.0,1
raw,7f280c744a324748,1,1,1,1.0,1
raw,491ca9618adea5c6,1,1,1,1.0,1
raw,64487af92587cca7,1,1,1,1.0,1
raw,4ce30b672fe1e629,1,1,1,1.0,1
raw,017ffa01ee21a884,1,1,1,1.0,1
raw,2780b0502bdfc622,1,1,1,1.0,1
raw,7d43a1529c5e83ec,1,1,1,1.0,1
raw,96086b46131fa13f,1,1,1,1.0,1
raw,158f88e2798b665f,1,1,1,1.0,1
raw,3a714efcba38e586,1,1,1,1.0,1
raw,233b6b1cb4600756,1,1,1,1.0,1
raw,2ea9901cd2622200,1,1,1,1.0,1
raw,b1b372709c52200e,1,1,1,1.0,1
raw,0072c7722183be07,1,1,1,1.0,1
raw,a7af1330134e00e2,1,1,1,1.0,1
raw,c00094d32d6d970f,1,1,1,1.0,1
raw,6d896c7163e90a7c,2,1,2,0.5,2
raw,ac6d828356973882,1,1,1,1.0,1
raw,9973a85fe2ad91ad,1,1,1,1.0,1
raw,c47af1ee7dee5b02,1,1,1,1.0,1
raw,27e59dde872a320c,1,1,1,1.0,1
raw,bd1cb48a082c9969,1,1,1,1.0,1
raw,75d8a3cb99508f41,1,1,1,1.0,1
raw,7642428537d58aa0,1,1,1,1.0,1
raw,bcf9914b1d12569e,1,1,1,1.0,1
raw,38784206970237e2,1,1,1,1.0,1
raw,0296e8dd81a910c3,1,1,1,1.0,1
raw,35b54d32dc995d4b,1,1,1,1.0,1
raw,864210218cc112f8,1,1,1,1.0,1
raw,58db11446a8b135a,1,1,1,1.0,1
raw,15be4e3837f7c841,2,1,2,0.5,2
raw,4a2df03c0eeb1d6c,1,1,1,1.0,1
raw,ecf5da465e16c16e,1,1,1,1.0,1
raw,ec8555ff4969b176,1,1,1,1.0,1
raw,608ec0406b95dbb4,1,1,1,1.0,1
raw,8c660e4838559d31,1,1,1,1.0,1
raw,89d8c5c40be1ea08,1,1,1,1.0,1
raw,826d1e51b834b7ab,1,1,1,1.0,1
raw,4ea503d603a4654a,2,1,2,0.5,2
raw,17368c6cfc57e919,2,1,2,0.5,2
raw,bc9a0ff1d5115706,1,1,1,1.0,1
raw,df2e8e0da159b6bf,1,1,1,1.0,1
raw,239122eeeb817c18,1,1,1,1.0,1
raw,952ba05df5597335,1,1,1,1.0,1
raw,92d5ed8bbe93b6fe,1,1,1,1.0,1
raw,52088f10226058dd,1,1,1,1.0,1
raw,414900cf7c492dcc,1,1,1,1.0,1
raw,27048467580a9645,1,1,1,1.0,1
raw,615518a7b8d119b5,1,1,1,1.0,1
raw,0309f26132bea666,1,1,1,1.0,1
raw,d7dd2d7081696ace,1,1,1,1.0,1
raw,d986260e4be994e9,1,1,1,1.0,1
raw,f2c3261fc875db84,1,1,1,1.0,1
raw,2cac00c55741e7ca,2,1,2,0.5,2
raw,4a57665875e9c8b3,1,1,1,1.0,1
raw,eeb590fd6b0787dc,1,1,1,1.0,1
raw,46d0b5b7861e3e51,1,1,1,1.0,1
raw,20b21574781e0a4a,1,1,1,1.0,1
raw,48f99bb2d888c38a,1,1,1,1.0,1
raw,b6c8852aa553acc5,1,1,1,1.0,1
raw,2bc9f3cf6d95927d,1,1,1,1.0,1
raw,2d0ec98ec522ddbf,1,1,1,1.0,1
raw,289799e91fdfcfe2,1,1,1,1.0,1
raw,8c02421c0986919b,2,1,2,0.5,2
raw,853e04c26d610c76,2,1,2,0.5,2
raw,947c392c5d3bbd67,1,1,1,1.0,1
raw,cfa360013ed8e5af,2,1,2,0.5,2
raw,8b03fa480cd354a7,1,1,1,1.0,1
raw,eeeaef0b2c3ba3f9,1,1,1,1.0,1
raw,db24f4d0c681eecb,1,1,1,1.0,1
raw,5fc804e86dfb2894,1,1,1,1.0,1
raw,95059b08c6479273,1,1,1,1.0,1
raw,a3d35835cd57c6f7,2,1,2,0.5,2
raw,972bc98acba25837,1,1,1,1.0,1
raw,f74f24f931d29cbe,1,1,1,1.0,1
raw,a702f4e84f138c6d,2,1,2,0.5,2
raw,5b1deaa721f7ef11,1,1,1,1.0,1
raw,4ca5e8d6ef95ad76,1,1,1,1.0,1
raw,ce870c55846e8436,1,1,1,1.0,1
raw,ad88b3ed03967b1b,1,1,1,1.0,1
raw,d88e43e665d8cbe4,1,1,1,1.0,1
raw,95a52626ed2ca125,1,1,1,1.0,1
raw,f8ae45bf2377a4b4,1,1,1,1.0,1
raw,f7c30ab598fef39d,1,1,1,1.0,1
raw,1ed0195ed13ca547,2,1,2,0.5,2
raw,e14f8ab60e5a8b23,1,1,1,1.0,1
raw,fbd0a50b387fbb2f,1,1,1,1.0,1
raw,93bf5b36bfd29390,1,1,1,1.0,1
raw,f86b94b184341973,1,1,1,1.0,1
raw,e2da4a86751f96db,1,1,1,1.0,1
raw,a7206dcb7c4602e9,1,1,1,1.0,1
raw,9647bef7abc6615b,1,1,1,1.0,1
raw,825e5121bf0622a1,1,1,1,1.0,1
raw,8ae062ce67791c40,1,1,1,1.0,1
raw,7155a5c230c48c66,2,1,2,0.5,2
raw,317bb9fd777bd36a,1,1,1,1.0,1
raw,ab587da2ad03d49a,1,1,1,1.0,1
raw,6b4939bbc40f0c99,1,1,1,1.0,1
raw,19c2c8ebd71d0d44,1,1,1,1.0,1
raw,65fc5f3c47c07dda,1,1,1,1.0,1
raw,ab3e38ee645a90a5,1,1,1,1.0,1
raw,7e7c4223867eaf24,1,1,1,1.0,1
raw,39c5394772693ec4,1,1,1,1.0,1
raw,32c9f34644883653,1,1,1,1.0,1
raw,78ff6a9ba8de7141,1,1,1,1.0,1
raw,5e382671c81d0617,1,1,1,1.0,1
raw,d0c1868e7203878b,1,1,1,1.0,1
raw,afc9d55136d7e524,2,1,2,0.5,2
raw,c9ef9a9c90cd5e45,1,1,1,1.0,1
raw,d3ca39016da68313,1,1,1,1.0,1
raw,b9e22d8dc892d732,1,1,1,1.0,1
raw,9f9546b4c3eb3298,1,1,1,1.0,1
raw,200cc7833e2b3041,1,1,1,1.0,1
raw,051f8c9a97962a5c,1,1,1,1.0,1
raw,40abbcd39296a8f0,1,1,1,1.0,1
raw,02b1024d6a9ad4e6,1,1,1,1.0,1
raw,50154f7ac527f7bd,1,1,1,1.0,1
raw,b90ea0142bfd2cf0,2,1,2,0.5,2
raw,924ce146dd0d3af7,1,1,1,1.0,1
raw,16626dd76f689ba2,1,1,1,1.0,1
raw,38d05fcb2422f585,1,1,1,1.0,1
raw,82b8547b733a8d68,2,1,2,0.5,2
raw,805db24828194527,1,1,1,1.0,1
raw,09febd5bbeabc76a,1,1,1,1.0,1
raw,39634e8df5744326,1,1,1,1.0,1
raw,8a8d717f4115088f,1,1,1,1.0,1
raw,4ca7a99b2c55ffdb,1,1,1,1.0,1
raw,e1bf98ca470af3ae,1,1,1,1.0,1
raw,01f01832a33f78f9,1,1,1,1.0,1
raw,5e04a8b3e037abe6,1,1,1,1.0,1
raw,c8085ec8fbf29149,1,1,1,1.0,1
raw,50307988ea6d76aa,1,1,1,1.0,1
raw,f443350b3792745e,1,1,1,1.0,1
raw,5dc28c5d729f8fd8,2,1,2,0.5,2
raw,4624ca23559ef687,1,1,1,1.0,1
raw,4d499e83703fee84,1,1,1,1.0,1
raw,d60b63f2c0500560,1,1,1,1.0,1
raw,878ed50e18b21068,1,1,1,1.0,1
raw,a814386d5e33b772,1,1,1,1.0,1
raw,dc019fdbc7e4b7ac,2,1,2,0.5,2
raw,d2b2ad402d2c1f58,1,1,1,1.0,1
raw,19c4b55192f287f3,1,1,1,1.0,1
raw,943d249864f66f90,2,1,2,0.5,2
raw,0b81be539e992380,1,1,1,1.0,1
raw,8656524d2edc36c3,1,1,1,1.0,1
raw,5263723effd9f77c,1,1,1,1.0,1
raw,2ac07a5c3ac864dd,1,1,1,1.0,1
raw,798d47a527a8ace3,1,1,1,1.0,1
raw,bc9119ba7da6d207,1,1,1,1.0,1
raw,47e29bc2faec9176,1,1,1,1.0,1
raw,0531047bffe4f127,1,1,1,1.0,1
raw,ce2e3691fdfdeb65,1,1,1,1.0,1
raw,54e191b8d30c407b,1,1,1,1.0,1
raw,f8be0ea990fd7795,1,1,1,1.0,1
raw,ba966fe3e625eac0,1,1,1,1.0,1
raw,cae8004975fad7ae,1,1,1,1.0,1
raw,4e05d98aaf44b8a3,1,1,1,1.0,1
raw,94e0b27edc423d73,1,1,1,1.0,1
raw,0981c672b290b379,1,1,1,1.0,1
raw,6a74848836c6c35c,1,1,1,1.0,1
raw,76da480065111e0f,1,1,1,1.0,1
raw,2cd3d6f0777088c4,1,1,1,1.0,1
raw,a5917eda384182c4,1,1,1,1.0,1
raw,9ed582cbcf2f8d8b,1,1,1,1.0,1
raw,063d4ea102c1e062,1,1,1,1.0,1
raw,d0cb377bcdb3b43e,1,1,1,1.0,1
raw,f9afb2af46c1b4ef,2,1,2,0.5,2
raw,fa2d941c4f75bdbe,1,1,1,1.0,1
raw,35b38c0b0abf1f34,1,1,1,1.0,1
raw,d1e58847008eae3a,1,1,1,1.0,1
raw,62820edc60b933d3,1,1,1,1.0,1
raw,2f47d266b149cdea,1,1,1,1.0,1
raw,7d5573e4e21e2201,1,1,1,1.0,1
raw,dc5fff9c22b83008,1,1,1,1.0,1
raw,289cfe74c99c356b,1,1,1,1.0,1
raw,04400067886fe09c,1,1,1,1.0,1
raw,449fb73dd3e874b0,1,1,1,1.0,1
raw,f35063dd0beef35c,1,1,1,1.0,1
raw,dfec1c2b8c7ca54c,1,1,1,1.0,1
raw,49374dc761261dbd,2,1,2,0.5,2
raw,7d56907674aa2c5d,1,1,1,1.0,1
raw,9a7fdbc0096fb026,1,1,1,1.0,1
raw,fdc866aaebdfec89,1,1,1,1.0,1
raw,c0ad9aafa3f63429,2,1,2,0.5,2
raw,3ca75d2c6b8ac75f,1,1,1,1.0,1
raw,e5e370eed155573d,1,1,1,1.0,1
raw,171df884d5202513,1,1,1,1.0,1
raw,6ae537578dffaab0,1,1,1,1.0,1
raw,9bb28d0e510a1386,1,1,1,1.0,1
raw,b96fc07396cb9286,1,1,1,1.0,1
raw,1123470d78e2f881,2,1,2,0.5,2
raw,7a0d30b27aa32f3b,1,1,1,1.0,1
raw,3fed2cc2f39514b2,1,1,1,1.0,1
raw,0030d0435aea6347,1,1,1,1.0,1
raw,4ef697051fa9925d,1,1,1,1.0,1
raw,d5e573c879ab14b7,1,1,1,1.0,1
raw,449c8a027b77fdb8,1,1,1,1.0,1
raw,111a55a752599419,1,1,1,1.0,1
raw,e17f3a4cac311e70,1,1,1,1.0,1
raw,85df451a86c4b0ab,1,1,1,1.0,1
raw,b53062617fe72379,1,1,1,1.0,1
raw,ec53ce6c0ee4cdef,1,1,1,1.0,1
raw,a253bc1763c7d347,2,1,2,0.5,2
raw,1fd9cb9d8bf1d879,1,1,1,1.0,1
raw,d8efdb8abc3c9cd8,1,1,1,1.0,1
raw,79f87e678a39f157,1,1,1,1.0,1
raw,db88350acdad094c,1,1,1,1.0,1
raw,08cd2421e2c5a7c9,1,1,1,1.0,1
raw,817793f06eb4e4b6,1,1,1,1.0,1
raw,d43ac2fc615f44d3,1,1,1,1.0,1
raw,ec0fa415667af9c1,1,1,1,1.0,1
raw,93de2a037b718de3,1,1,1,1.0,1
raw,3b6869e252d7f31b,2,1,2,0.5,2
raw,06d5d3130dd131be,1,1,1,1.0,1
raw,fe055055c568bc9d,1,1,1,1.0,1
raw,f0a1ec91cafdb702,1,1,1,1.0,1
raw,aa53c3960c6bf050,1,1,1,1.0,1
raw,9714af8df924f3c3,1,1,1,1.0,1
raw,d6293298ca071011,1,1,1,1.0,1
raw,d066b3fd13854808,1,1,1,1.0,1
raw,39ef9c68ceb81a40,1,1,1,1.0,1
raw,92fd2ce003f048d6,1,1,1,1.0,1
raw,fa1ee9ff742f076e,1,1,1,1.0,1
raw,f748474548ec057a,1,1,1,1.0,1
raw,7b178271635cbec6,1,1,1,1.0,1
raw,fbc1ecb657b4f650,2,1,2,0.5,2
raw,f8dc34af14124029,1,1,1,1.0,1
raw,eda0b944ca1f00b2,1,1,1,1.0,1
raw,b587564f5f9772cc,1,1,1,1.0,1
raw,937ed5318387b6cc,1,1,1,1.0,1
raw,1a9ec5602e2ccc50,1,1,1,1.0,1
raw,c7730dfc84149624,1,1,1,1.0,1
raw,44e8b81136de7433,1,1,1,1.0,1
raw,e3078c50cb84966a,1,1,1,1.0,1
raw,43a0314a3bbf15ef,1,1,1,1.0,1
raw,4e71e3618c758a3f,1,1,1,1.0,1
raw,f697145e9b2db016,1,1,1,1.0,1
raw,080bf770cf499f33,1,1,1,1.0,1
raw,55b4a412a8e3dcf5,2,1,2,0.5,2
raw,7eabe2837707a2e5,1,1,1,1.0,1
raw,8ba408fcd95e7531,1,1,1,1.0,1
raw,a15d1d9ed8a1881b,1,1,1,1.0,1
raw,3c9936237f5036da,2,1,2,0.5,2
raw,acb496e2939a872d,1,1,1,1.0,1
raw,54c8ad937fdad201,1,1,1,1.0,1
raw,eb59f1259d5056a1,1,1,1,1.0,1
raw,4005283ef36d5d7c,1,1,1,1.0,1
raw,9558d30a3e19f779,1,1,1,1.0,1
raw,168359cf7240d788,1,1,1,1.0,1
raw,b21ba9454dad6a53,1,1,1,1.0,1
raw,89f976da0e664c0a,1,1,1,1.0,1
raw,2a2b63a6dc684c36,1,1,1,1.0,1
raw,cd775415f087f04f,1,1,1,1.0,1
raw,37c56f5d6ab55811,1,1,1,1.0,1
raw,ded860c08f08cb36,1,1,1,1.0,1
raw,1fb322e106668bb6,2,1,2,0.5,2
raw,86ccbba7891a6330,1,1,1,1.0,1
raw,d022325a37fc77b2,1,1,1,1.0,1
raw,0fac0fac5e9f0338,2,1,2,0.5,2
raw,2fddd2afa0bf5159,2,1,2,0.5,2
raw,c834d9d4b7190607,1,1,1,1.0,1
raw,72d569a14b074132,1,1,1,1.0,1
raw,99a5dc544a60c707,1,1,1,1.0,1
raw,93c43dcb75ff5aa3,1,1,1,1.0,1
raw,c1f6be273e09f294,1,1,1,1.0,1
raw,c0360bce334750f1,1,1,1,1.0,1
raw,51f6254fe02a921e,1,1,1,1.0,1
raw,e6e394ce0111961d,1,1,1,1.0,1
raw,83d901628a988b99,1,1,1,1.0,1
raw,8c6b784ce560e35c,2,1,2,0.5,2
raw,de9dfe05f825819c,1,1,1,1.0,1
raw,b1f56d803af17124,1,1,1,1.0,1
raw,ee073bb6f1e6446b,1,1,1,1.0,1
raw,37268bd0193dd7eb,1,1,1,1.0,1
raw,b1acc3af54243921,1,1,1,1.0,1
raw,9cccc10eb685097d,1,1,1,1.0,1
raw,4fe1a226afebf8a1,1,1,1,1.0,1
raw,7de79efb6fa7b3f2,1,1,1,1.0,1
raw,1f6b520f31b7f06d,1,1,1,1.0,1
raw,6cd7a83047f3374d,1,1,1,1.0,1
raw,ef0a18799ad30f1d,1,1,1,1.0,1
raw,20e1d5afb258f68f,1,1,1,1.0,1
raw,49d0c1556dd5aa91,1,1,1,1.0,1
raw,f42c85bfdf3821b2,1,1,1,1.0,1
raw,a6e5f45b6a1030da,1,1,1,1.0,1
raw,b22fbb7dee318972,2,1,2,0.5,2
raw,79d6c4fc54b84611,1,1,1,1.0,1
raw,d7da08426615102d,1,1,1,1.0,1
raw,597e7f23ff9956c1,2,1,2,0.5,2
raw,5444f3ca7ea8ba15,1,1,1,1.0,1
raw,ffe407c07871daea,1,1,1,1.0,1
raw,39122f8e2ece7da9,1,1,1,1.0,1
raw,f9a44aa47b9dda61,1,1,1,1.0,1
raw,bf448c5968ff4d50,2,1,2,0.5,2
raw,3553e0b68e6cc584,1,1,1,1.0,1
raw,97a7bb1e93a8922d,1,1,1,1.0,1
raw,83106bb1c9bbffc8,1,1,1,1.0,1
raw,450afb2d434bfdd8,1,1,1,1.0,1
raw,111bd4b8853bb01b,1,1,1,1.0,1
raw,c75c6ca4bb34fe23,1,1,1,1.0,1
raw,28d79afd8094e30d,1,1,1,1.0,1
raw,2ddf88e90e5f1313,1,1,1,1.0,1
raw,ba11fc9d32e3dee8,2,1,2,0.5,2
raw,91d056fd5e10eda6,1,1,1,1.0,1
raw,4c2bef73585d5c5d,1,1,1,1.0,1
raw,7082338e00fb7a20,1,1,1,1.0,1
raw,28245ba508582126,1,1,1,1.0,1
raw,42fa08b35d7cd61f,1,1,1,1.0,1
raw,e11f2c4bc84ca28a,1,1,1,1.0,1
raw,00b5b73804718585,1,1,1,1.0,1
raw,be0b1898ab2262f7,1,1,1,1.0,1
raw,dc33913594dca818,1,1,1,1.0,1
raw,940e84e983e39a37,1,1,1,1.0,1
raw,c872b692c3728406,1,1,1,1.0,1
raw,de1db1abf72edde0,1,1,1,1.0,1
raw,d75648de72ddf24d,1,1,1,1.0,1
raw,cdd1eb9455b23b8f,1,1,1,1.0,1
raw,63208270edf42bfc,1,1,1,1.0,1
raw,2f799c57c9c99885,1,1,1,1.0,1
raw,b3a140b1bf4eaaa6,1,1,1,1.0,1
raw,b77eb250fcc6eca2,1,1,1,1.0,1
raw,737379447232cd4c,1,1,1,1.0,1
raw,b12cfd482d71ec37,1,1,1,1.0,1
raw,f34bf5081e2a5f2f,1,1,1,1.0,1
raw,f580843183a10db1,1,1,1,1.0,1
raw,6ddd9329bd53a7ff,1,1,1,1.0,1
raw,86b255272784f164,1,1,1,1.0,1
raw,7246cda01430c6a1,1,1,1,1.0,1
raw,5a2baafb8c319049,1,1,1,1.0,1
raw,04543b8e479d30c2,2,1,2,0.5,2
raw,6fabf720a86a8094,1,1,1,1.0,1
raw,2dd730911b3fea91,1,1,1,1.0,1
raw,397bc1f85c65a398,2,1,2,0.5,2
raw,9a97fa7a1aac8d6e,2,1,2,0.5,2
raw,6529980ca4b1486a,1,1,1,1.0,1
raw,905c1208b2b7e5e6,1,1,1,1.0,1
raw,a98051d6fd1f7c47,1,1,1,1.0,1
raw,530ce8c1afb0828a,1,1,1,1.0,1
raw,bfae4597bfbac82f,1,1,1,1.0,1
raw,1aded276fb10852d,1,1,1,1.0,1
raw,1c4259df4f6bdd80,1,1,1,1.0,1
raw,09fbaaa1929cf189,1,1,1,1.0,1
raw,29e61b1db4329b6e,1,1,1,1.0,1
raw,7240e5225cd87ba9,1,1,1,1.0,1
raw,a969b8ba27b464c1,1,1,1,1.0,1
raw,7529b23c289660c4,1,1,1,1.0,1
raw,e5f40aa08354f0b8,1,1,1,1.0,1
raw,ad388cbad84ae8f2,1,1,1,1.0,1
raw,0340f74780ef08c9,1,1,1,1.0,1
raw,f9bf6fbcc658b56c,1,1,1,1.0,1
raw,9fad738650f80e53,1,1,1,1.0,1
raw,b0f7aae4b6157d1f,1,1,1,1.0,1
raw,5121c2ad3f88153a,1,1,1,1.0,1
raw,f8a04a2a0162d348,1,1,1,1.0,1
raw,9fcffec5dbb2c9d2,1,1,1,1.0,1
raw,e2b19b78f7021b80,1,1,1,1.0,1
raw,eeeabf9cb111004e,1,1,1,1.0,1
raw,f884fc3bda348876,1,1,1,1.0,1
raw,151a1445c1c35c49,1,1,1,1.0,1
raw,ae8a0208589ac2b8,1,1,1,1.0,1
raw,4c0e484e5bf7b3e2,2,1,2,0.5,2
raw,0c326e28ca49cbe6,1,1,1,1.0,1
raw,de4fafb5a82c5bc5,1,1,1,1.0,1
raw,db318ce0ac7b4c4c,2,1,2,0.5,2
raw,15aa2783121b423e,2,1,2,0.5,2
raw,d31d03c58ee508f9,1,1,1,1.0,1
raw,faa491263eec725a,1,1,1,1.0,1
raw,b9d2f94f88e99b9b,1,1,1,1.0,1
raw,90d25c4e1b5fd6dc,1,1,1,1.0,1
raw,4bf5ae24d80fa6e9,1,1,1,1.0,1
raw,bd10bc1c3bd4dbb9,1,1,1,1.0,1
raw,7c009045f3d53f1f,1,1,1,1.0,1
raw,548ac527213e680c,1,1,1,1.0,1
raw,425d68565013324f,1,1,1,1.0,1
raw,46b807e5c7fddacc,1,1,1,1.0,1
raw,d83e192ea81ae2a9,1,1,1,1.0,1
raw,3b3e7f57a08efb32,1,1,1,1.0,1
raw,c2b8597c36ac556a,1,1,1,1.0,1
raw,bc71fae97e603362,1,1,1,1.0,1
raw,70506f0db33a9e32,1,1,1,1.0,1
raw,8c49056b9bf32e7b,1,1,1,1.0,1
raw,89cee78fa67afed6,2,1,2,0.5,2
raw,ba6521e8665f9d8c,1,1,1,1.0,1
raw,4c115fcb9c06fb4b,1,1,1,1.0,1
raw,c2eac731a10779d7,1,1,1,1.0,1
raw,163afa1030813e44,1,1,1,1.0,1
raw,d9d5794b46356af9,2,1,2,0.5,2
raw,ef4ce5e5eaced1a5,1,1,1,1.0,1
raw,1afe585e034c0a38,1,1,1,1.0,1
raw,715d3c40420705d2,1,1,1,1.0,1
raw,f4bd56f8261fcec5,1,1,1,1.0,1
raw,1ef4a6cdfa7f36b4,1,1,1,1.0,1
raw,3d096a9a7a9b6617,1,1,1,1.0,1
raw,70b37fc6534b6256,1,1,1,1.0,1
raw,46610aae7b395c3e,1,1,1,1.0,1
raw,dedb6fe525ce87e1,1,1,1,1.0,1
raw,c9a286b33b35f660,1,1,1,1.0,1
raw,503758d34896605a,1,1,1,1.0,1
raw,03f1e8407132f385,1,1,1,1.0,1
raw,bf80547e7065d63e,1,1,1,1.0,1
raw,5542e9159ef63cc1,1,1,1,1.0,1
raw,5c866b9562784466,1,1,1,1.0,1
raw,b7e9e0ed0cd615ea,2,1,2,0.5,2
raw,1b712f5d85c727e9,1,1,1,1.0,1
raw,a986b039ddadf507,1,1,1,1.0,1
raw,d3f8a282b804263d,1,1,1,1.0,1
raw,8956afcf148114b7,1,1,1,1.0,1
raw,e4e14846f61fb1c3,1,1,1,1.0,1
raw,5bd39b48e9ae5f4a,1,1,1,1.0,1
raw,27e548993c108609,1,1,1,1.0,1
raw,684b2dc64c943141,2,1,2,0.5,2
raw,2936de21e3c684b2,1,1,1,1.0,1
raw,2eb2b8cc9379fd03,1,1,1,1.0,1
raw,e8826df12361208b,1,1,1,1.0,1
raw,8382a19f2bfe3d5a,1,1,1,1.0,1
raw,9090a51d2931cc01,1,1,1,1.0,1
raw,5627fda39a86ad15,1,1,1,1.0,1
raw,332158dfc0ed66cf,2,1,2,0.5,2
raw,d4515e117cbcfac1,1,1,1,1.0,1
raw,3f2a627b9b819527,1,1,1,1.0,1
raw,bdd31204c64dd60c,1,1,1,1.0,1
raw,7c418bcd3d72578d,2,1,2,0.5,2
raw,5d973f7ea4ec13ab,1,1,1,1.0,1
raw,7e615b79a33ff6b4,2,1,2,0.5,2
raw,fef100dbd4d74e42,1,1,1,1.0,1
raw,7719de288d539ef8,1,1,1,1.0,1
raw,5271f307e48ec7ab,1,1,1,1.0,1
raw,ba5c1e6c14988ac1,1,1,1,1.0,1
raw,ce5ab32b1af18993,1,1,1,1.0,1
raw,2fdb65fa047e3b92,1,1,1,1.0,1
raw,8caf736699502f74,1,1,1,1.0,1
raw,26ce033ffc598a43,1,1,1,1.0,1
raw,d25db7e6e05c756e,1,1,1,1.0,1
raw,bd4a1081da10e833,1,1,1,1.0,1
raw,0cbd341c4928fb81,1,1,1,1.0,1
raw,40498f8c81ab7627,1,1,1,1.0,1
raw,be3d5e57cc4867d2,1,1,1,1.0,1
raw,5b35dc63135c8862,1,1,1,1.0,1
raw,70846f3fea445cb6,1,1,1,1.0,1
raw,85cd1133f2ab22ae,1,1,1,1.0,1
raw,a5f205076ebed971,1,1,1,1.0,1
raw,9df0f03fe8f86970,1,1,1,1.0,1
raw,f7715b55275be4b9,1,1,1,1.0,1
raw,8bce32de796da33c,1,1,1,1.0,1
raw,b2243b74bcaf0173,1,1,1,1.0,1
raw,9a7cec6fc19ccb77,2,1,2,0.5,2
raw,04f33ecfac01b950,1,1,1,1.0,1
raw,088362baad5c5bfa,2,1,2,0.5,2
raw,a19e65b2050f3ae0,1,1,1,1.0,1
raw,da83a47e4a84a9e6,1,1,1,1.0,1
raw,08bc992e09440705,1,1,1,1.0,1
raw,76d45accc27e5e83,1,1,1,1.0,1
raw,a15e492a2e16486d,1,1,1,1.0,1
raw,e3ce1af265ebc02d,1,1,1,1.0,1
raw,64bc4e30f6f4dc1c,1,1,1,1.0,1
raw,72dce0cfde8d62cc,1,1,1,1.0,1
raw,8b39c93719558adc,2,1,2,0.5,2
raw,f112f6ed01b640fa,1,1,1,1.0,1
raw,3b328c9b70c1c2db,1,1,1,1.0,1
raw,7ba2b700e0c1b3ef,1,1,1,1.0,1
raw,4deeee423a59d4c7,1,1,1,1.0,1
raw,8780309ceccd491d,1,1,1,1.0,1
raw,2d15ac664827a111,1,1,1,1.0,1
raw,679d5a0f9b640e89,1,1,1,1.0,1
raw,09e41ef945afec30,1,1,1,1.0,1
raw,5afabf3286d03efd,1,1,1,1.0,1
raw,7318fae0b1d514a6,1,1,1,1.0,1
raw,be5dd4b901713e0b,1,1,1,1.0,1
raw,8168172b86836fc6,1,1,1,1.0,1
raw,aa7394d248af62d0,1,1,1,1.0,1
raw,2468c723018da1af,1,1,1,1.0,1
raw,26efc01577a5ff98,1,1,1,1.0,1
raw,f2b5b58733b72520,1,1,1,1.0,1
raw,b473f59c955f5d99,1,1,1,1.0,1
raw,b2b31ceb76de3f5f,1,1,1,1.0,1
raw,1ba9e9d42d212beb,1,1,1,1.0,1
raw,f5aa58cbc4073205,1,1,1,1.0,1
raw,06f1ae6984cdf8d8,1,1,1,1.0,1
raw,8d49bdf7365b9c0a,2,1,2,0.5,2
raw,36144b1b6144cb28,1,1,1,1.0,1
raw,f179c3ceb06f0142,1,1,1,1.0,1
raw,bc0dab4ebbc00c6c,1,1,1,1.0,1
raw,c3b9477fc38ef1f6,1,1,1,1.0,1
raw,1170434814019d45,1,1,1,1.0,1
raw,8147dc67a2978802,2,1,2,0.5,2
raw,f25dfa12d802c2f2,1,1,1,1.0,1
raw,5dd8deb6e34af0dd,1,1,1,1.0,1
raw,1f8ac838c80ced80,1,1,1,1.0,1
raw,1f544e44d27ba9dd,1,1,1,1.0,1
raw,63427d9031f05a2f,2,1,2,0.5,2
raw,a9494b51a9e8e9d3,2,1,2,0.5,2
raw,10cca14306bc1f32,1,1,1,1.0,1
raw,78171800ebdecd93,1,1,1,1.0,1
raw,bb8dce675ad23e07,1,1,1,1.0,1
raw,10fdcfd77e3975c6,1,1,1,1.0,1
raw,243feb9eeacddb7e,1,1,1,1.0,1
raw,a2b2512c54b029a9,2,1,2,0.5,2
raw,ddeb18864e9f2cba,1,1,1,1.0,1
raw,368e7eaf4426ad47,1,1,1,1.0,1
raw,3513d17d290fd0dc,1,1,1,1.0,1
raw,d430bf4b7bb6a074,1,1,1,1.0,1
raw,9a907fa584c166e1,1,1,1,1.0,1
raw,249279a299be7f2c,2,1,2,0.5,2
raw,7d29192eb3b38b0b,1,1,1,1.0,1
raw,4abd712beecf9138,1,1,1,1.0,1
raw,eb42c276319d4db3,1,1,1,1.0,1
raw,19879d2935d451e1,1,1,1,1.0,1
raw,320f67a05e95adb3,1,1,1,1.0,1
raw,070d25af6ab4466a,1,1,1,1.0,1
raw,b33d3652b42e229e,1,1,1,1.0,1
raw,d121867f9f9db800,1,1,1,1.0,1
raw,ebe7814ba9d1ee94,1,1,1,1.0,1
raw,c752e124a20c7dc8,1,1,1,1.0,1
raw,8c8da34d1f3f5b11,1,1,1,1.0,1
raw,efedd3c50c1bc6a4,1,1,1,1.0,1
raw,ba1e4ed411578f2b,1,1,1,1.0,1
raw,b4248d436618174b,2,1,2,0.5,2
raw,dfe10c5ae09c41dc,1,1,1,1.0,1
raw,d387176fdda64d8a,1,1,1,1.0,1
raw,8819f548f95fea74,1,1,1,1.0,1
raw,a2f5c9292da8820a,1,1,1,1.0,1
raw,3e7eb4a6d94a27d1,1,1,1,1.0,1
raw,a4be2780d51f1457,1,1,1,1.0,1
raw,10825b93ed409cde,1,1,1,1.0,1
raw,d602c5154f39b595,1,1,1,1.0,1
raw,88279bf0e36270eb,1,1,1,1.0,1
raw,8aafed5f13168b23,1,1,1,1.0,1
raw,2c4083a083390e42,1,1,1,1.0,1
raw,0fb37583f2c5a97b,1,1,1,1.0,1
raw,adcf1867c30059db,1,1,1,1.0,1
raw,bee6bba1949d8b32,1,1,1,1.0,1
raw,3dbd94db03ff1dee,1,1,1,1.0,1
raw,0eb2892d594cd36f,1,1,1,1.0,1
raw,0f61d729d1b41789,1,1,1,1.0,1
raw,5ee855227c945638,1,1,1,1.0,1
raw,b5f059123a345cee,1,1,1,1.0,1
raw,218bcefd72ad96aa,1,1,1,1.0,1
raw,ed615f1fcb73ab88,2,1,2,0.5,2
raw,cf5526c50d39207b,1,1,1,1.0,1
raw,55c23317441006c9,2,1,2,0.5,2
raw,3353222ce08b4de2,2,1,2,0.5,2
raw,d41139c5e8376e4b,1,1,1,1.0,1
raw,9d13270ce13d8e86,1,1,1,1.0,1
raw,e739f428703fa986,1,1,1,1.0,1
raw,5a5bcb5bf02d85c7,1,1,1,1.0,1
raw,b503f7904d686c69,1,1,1,1.0,1
raw,342dbbcbc7321827,2,1,2,0.5,2
raw,281b1f06600f1170,1,1,1,1.0,1
raw,aed33a74ada608ab,2,1,2,0.5,2
raw,a0636886015eb0d6,2,1,2,0.5,2
raw,f061f916d3d20c6b,1,1,1,1.0,1
raw,b010c7a7f7134990,1,1,1,1.0,1
raw,e50764a03caa49b7,1,1,1,1.0,1
raw,d1def601ee943071,1,1,1,1.0,1
raw,773cacbaba5682a5,1,1,1,1.0,1
raw,0260b92c896b6177,1,1,1,1.0,1
raw,555674c498254440,1,1,1,1.0,1
raw,f3c1ef81c33b22f6,1,1,1,1.0,1
raw,17fcf0aa9bd4d34d,1,1,1,1.0,1
raw,b153367ad5dd5ad2,1,1,1,1.0,1
raw,b5e7a2ffa76df207,1,1,1,1.0,1
raw,3b92ea02de270cfb,1,1,1,1.0,1
raw,926672bee9ffcd6a,1,1,1,1.0,1
raw,1c4b7f86e47f1281,1,1,1,1.0,1
raw,52a7816ad5912e95,1,1,1,1.0,1
raw,fa1388776cb07efc,1,1,1,1.0,1
raw,821f07c94c0f1378,1,1,1,1.0,1
raw,14f6b490868b25e4,1,1,1,1.0,1
raw,5ee419dd0a3ed2ca,1,1,1,1.0,1
raw,96b9dc55053cf856,1,1,1,1.0,1
raw,230dfead1ed6c607,2,1,2,0.5,2
raw,7c81ae428afba774,1,1,1,1.0,1
raw,2e8f7a176b3f55d3,1,1,1,1.0,1
raw,ee55978b217a95ee,1,1,1,1.0,1
raw,06242585e6e1b4e4,1,1,1,1.0,1
raw,654a3526bc6e2e7b,1,1,1,1.0,1
raw,a667d5e826f95af9,2,1,2,0.5,2
raw,708162af42e87814,1,1,1,1.0,1
raw,86f334cd99ca8fdf,1,1,1,1.0,1
raw,21e02b7b07b85f72,1,1,1,1.0,1
raw,c5187f9f14afc809,2,1,2,0.5,2
raw,252549b0219b38c8,1,1,1,1.0,1
raw,b71510a95e50146d,1,1,1,1.0,1
raw,0e873b62dedef577,1,1,1,1.0,1
raw,54a035b1cae2c0c3,1,1,1,1.0,1
raw,1097ef645c15e8b1,1,1,1,1.0,1
raw,4b3d8dcda43d1746,1,1,1,1.0,1
raw,15e9b0b23a03eb59,2,1,2,0.5,2
raw,567fb2cea1437969,1,1,1,1.0,1
raw,55be6e6908c461d0,1,1,1,1.0,1
raw,2d1270338cb8d73d,2,1,2,0.5,2
raw,84b551e7bbe2d170,1,1,1,1.0,1
raw,7b445349e5c74e1b,1,1,1,1.0,1
raw,17333e44f8ea061a,1,1,1,1.0,1
raw,7c71b8ee11fd2e33,1,1,1,1.0,1
raw,9ef87c1b8bfcaced,1,1,1,1.0,1
raw,1159684af6fe4f6c,1,1,1,1.0,1
raw,03eb9e7163fb42ef,1,1,1,1.0,1
raw,d9da37c7d08b3882,1,1,1,1.0,1
raw,3b106f3ea6efea7f,2,1,2,0.5,2
raw,c82fe2a984dc8d97,2,1,2,0.5,2
raw,6e3773d4d7136b23,1,1,1,1.0,1
raw,0651efec45f29112,1,1,1,1.0,1
raw,fa47e60d77ad6828,1,1,1,1.0,1
raw,d51ff2d7b0f1cb4b,1,1,1,1.0,1
raw,8ac226a409559f0b,1,1,1,1.0,1
raw,42115c7425464b43,1,1,1,1.0,1
raw,ed9dfc50404e0e5c,1,1,1,1.0,1
raw,656b2a5e20c2ff84,1,1,1,1.0,1
raw,f64ee7af6f31baa8,1,1,1,1.0,1
raw,ce8c43bbccbbe2e9,1,1,1,1.0,1
raw,1d074c23404d089a,1,1,1,1.0,1
raw,3d6f2655105ad11f,1,1,1,1.0,1
raw,561ed6aef071ea06,1,1,1,1.0,1
raw,d241964a62061608,1,1,1,1.0,1
raw,a8ee24331018fcab,1,1,1,1.0,1
raw,19182df7127a83a8,2,1,2,0.5,2
raw,9e38256d49f36bee,1,1,1,1.0,1
raw,fa5767c7b5b5d747,1,1,1,1.0,1
raw,5705b1238bb563d6,2,1,2,0.5,2
raw,ae4664d01c551f08,1,1,1,1.0,1
raw,b3f31a0106742329,1,1,1,1.0,1
raw,70ec73885f27b4de,1,1,1,1.0,1
raw,79ed47107708e7f0,1,1,1,1.0,1
raw,642ec0671ae4b4bf,1,1,1,1.0,1
raw,300862849848a929,1,1,1,1.0,1
raw,07765b8156bf0a17,1,1,1,1.0,1
raw,65bed3b72135f175,1,1,1,1.0,1
raw,7030bbaf66f1c84e,1,1,1,1.0,1
raw,c9c0b3a30e9ed982,2,1,2,0.5,2
raw,fa96f458dbc14d7c,1,1,1,1.0,1
raw,2a08b4fd31a259c2,2,1,2,0.5,2
raw,2c6686035f830421,1,1,1,1.0,1
raw,399d1bc4af6cf1a2,1,1,1,1.0,1
raw,b2e3c459d7654664,2,1,2,0.5,2
raw,042204eb7593f8b0,2,1,2,0.5,2
raw,a7e5112aad786d66,1,1,1,1.0,1
raw,20a7ffce9e0fe065,1,1,1,1.0,1
raw,89275108fbf07a53,1,1,1,1.0,1
raw,0238a3facb174b6b,1,1,1,1.0,1
raw,24e6e201b1900e21,1,1,1,1.0,1
raw,74bb6b21dff227bd,1,1,1,1.0,1
raw,d520a38c983f8391,1,1,1,1.0,1
raw,35ff54f37f20f1fd,1,1,1,1.0,1
raw,4673f674c260bb56,1,1,1,1.0,1
raw,6f56ea240c4da5b2,1,1,1,1.0,1
raw,0b91c9ca27a676ca,1,1,1,1.0,1
raw,e3effcec8d8691ea,2,1,2,0.5,2
raw,2ca98c024e3300d2,1,1,1,1.0,1
raw,618a2cc7b855f760,1,1,1,1.0,1
raw,cc58981d35aa6145,1,1,1,1.0,1
raw,1a14853f55b4da6a,1,1,1,1.0,1
raw,fbd36244c8305954,1,1,1,1.0,1
raw,1b40cd937a3ce77a,1,1,1,1.0,1
raw,547c2714cb4dcfeb,1,1,1,1.0,1
raw,9d5143efa20d435c,1,1,1,1.0,1
raw,4e289c6f8c4953c0,1,1,1,1.0,1
raw,db33d527ed5ed0c1,1,1,1,1.0,1
raw,41f2e6f35d72d132,1,1,1,1.0,1
raw,fcd414530e346cbe,1,1,1,1.0,1
raw,c70695e3bf029085,1,1,1,1.0,1
raw,f3eb166138b11038,2,1,2,0.5,2
raw,b6a9fe910692640d,1,1,1,1.0,1
raw,ce34acbfc5328687,1,1,1,1.0,1
raw,f44a786116fedbc6,1,1,1,1.0,1
raw,5b718f6cda3ab876,1,1,1,1.0,1
raw,4d6913fa163ed7ee,1,1,1,1.0,1
raw,972b908f39e18912,1,1,1,1.0,1
raw,6c0b9089a45d9b6e,1,1,1,1.0,1
raw,0411bb27bbe11345,1,1,1,1.0,1
raw,8b734023e38e8d5e,1,1,1,1.0,1
raw,61aa56d8c7aa26eb,1,1,1,1.0,1
raw,0b7371b528d64823,1,1,1,1.0,1
raw,b70471c09ad6cb37,1,1,1,1.0,1
raw,0fca74688d5fe7e0,1,1,1,1.0,1
raw,a41549580ec268bd,1,1,1,1.0,1
raw,46f8030cbe28ce12,1,1,1,1.0,1
raw,d6ddd9895ab46157,1,1,1,1.0,1
raw,086a7ec09b1a4b6c,1,1,1,1.0,1
raw,fca136d5d1b58924,1,1,1,1.0,1
raw,fccae05d7b958fb7,1,1,1,1.0,1
raw,3a82bc7c66ae8abe,1,1,1,1.0,1
raw,e786322183a86b29,2,1,2,0.5,2
raw,36b2175d648e6949,1,1,1,1.0,1
raw,fedd1c89d39a85d6,1,1,1,1.0,1
raw,d63480e26ed695fd,2,1,2,0.5,2
raw,c4efa521489d7ad8,1,1,1,1.0,1
raw,2cb3e895d3778632,1,1,1,1.0,1
raw,0d6b6dae1c342b8b,1,1,1,1.0,1
raw,b576a1ab41deeae6,1,1,1,1.0,1
raw,181a0c44cab231f3,2,1,2,0.5,2
raw,53f484a64df703db,1,1,1,1.0,1
raw,94e26c227777d643,2,1,2,0.5,2
raw,0c10c50308631125,1,1,1,1.0,1
raw,eda9ca46adb5badc,1,1,1,1.0,1
raw,bcc52ad1480864d6,2,1,2,0.5,2
raw,8667f0c48584452a,1,1,1,1.0,1
raw,b15ea4d9b4cd7127,1,1,1,1.0,1
raw,c839570e64df189d,1,1,1,1.0,1
raw,774505c9c8d00e9e,1,1,1,1.0,1
raw,252d82f0b7ebda75,1,1,1,1.0,1
raw,ae80ed9afb01646f,2,1,2,0.5,2
raw,3e7361be35cb46cf,1,1,1,1.0,1
raw,e30b3c7d4d1b5dc4,1,1,1,1.0,1
raw,200c42134364b439,2,1,2,0.5,2
raw,524cb2b196de7055,1,1,1,1.0,1
raw,fd96394ba416ecfc,1,1,1,1.0,1
raw,5bb1230e121cc4bc,2,1,2,0.5,2
raw,c3bf74cce1582239,1,1,1,1.0,1
raw,29517cfc42a0d188,1,1,1,1.0,1
raw,9121bc0a3933968b,2,1,2,0.5,2
raw,0216e7c986438af1,2,1,2,0.5,2
raw,19fd70f2b2d69cee,1,1,1,1.0,1
raw,3f3f5d4e03e5c08f,1,1,1,1.0,1
raw,6ae2604e48b57672,1,1,1,1.0,1
raw,1f610d171b8b5844,1,1,1,1.0,1
raw,4b681bad760fd103,18,17,2,0.9444444444444444,11+
raw,1e237e109b77f146,1,1,1,1.0,1
raw,1a552a180622cd99,1,1,1,1.0,1
raw,6c028040522a2a94,1,1,1,1.0,1
raw,88eaa7968e93328a,1,1,1,1.0,1
raw,c02a9a9793990f40,1,1,1,1.0,1
raw,1c6caf40b22da42a,1,1,1,1.0,1
raw,c28a5c35e1a321fb,1,1,1,1.0,1
raw,733d14b41ffbb2ab,1,1,1,1.0,1
raw,512917c5917f4429,1,1,1,1.0,1
raw,7ee5e6c360918ace,1,1,1,1.0,1
raw,7525e13ab604c2dc,2,1,2,0.5,2
raw,c54b2caaa9048674,1,1,1,1.0,1
raw,2713ee9be70ad4b4,1,1,1,1.0,1
raw,2008f2f86092df61,1,1,1,1.0,1
raw,cb5b30796cc7c612,1,1,1,1.0,1
raw,917f3bbabf10dc84,2,1,2,0.5,2
raw,03ef811ab59e8321,1,1,1,1.0,1
raw,d95f8d7de2ae1f30,1,1,1,1.0,1
raw,619862750ef85e8b,1,1,1,1.0,1
raw,679b92e6fe539f38,4,2,2,0.5,3-5
raw,ac8ebf0a6588d4f5,1,1,1,1.0,1
raw,a0a369c83832326c,2,1,2,0.5,2
raw,a46a8def40074ca4,1,1,1,1.0,1
raw,fb3e5ce969aedab2,1,1,1,1.0,1
raw,077bc07ee36dcc75,1,1,1,1.0,1
raw,130a02a91535618b,1,1,1,1.0,1
raw,fdd4cdfd4625d02f,1,1,1,1.0,1
raw,4880b9e9a67bb9ce,2,1,2,0.5,2
raw,e56f2e19c456d192,1,1,1,1.0,1
raw,f882dc85a5f1a8fb,1,1,1,1.0,1
raw,d1c1f4cb19da58c6,1,1,1,1.0,1
raw,377e5705b0968229,1,1,1,1.0,1
raw,dcd580d7722927ec,1,1,1,1.0,1
raw,9c4bed3598581075,1,1,1,1.0,1
raw,2fb9a608b85f9b2c,1,1,1,1.0,1
raw,149d463653f3f32a,1,1,1,1.0,1
raw,e73f8bb69246a0b7,2,1,2,0.5,2
raw,1a51f4ca014b9721,1,1,1,1.0,1
raw,585a0e6b3e5e7d3c,2,1,2,0.5,2
raw,100e590dffc7110f,1,1,1,1.0,1
raw,bf3af4be9eb829e5,2,1,2,0.5,2
raw,2875cca2122fc0b8,1,1,1,1.0,1
raw,1fe0137864ee9de8,1,1,1,1.0,1
raw,5383c4ae404f2a18,1,1,1,1.0,1
raw,27dac66ea6bfa113,1,1,1,1.0,1
raw,6953b86a8f3b164c,1,1,1,1.0,1
raw,5da7578d460f745c,1,1,1,1.0,1
raw,289061d0bcea41b1,1,1,1,1.0,1
raw,56532d8cf6057d6c,1,1,1,1.0,1
raw,c952b6751300f0d4,1,1,1,1.0,1
raw,5022c26f07fac83d,1,1,1,1.0,1
raw,2ee2e261e1b53f26,1,1,1,1.0,1
raw,3f9a9fb68d68b5c7,2,1,2,0.5,2
raw,c290f2cb7e889b5e,1,1,1,1.0,1
raw,2d92ae64c0861bbd,1,1,1,1.0,1
raw,ff4f87d7c06f8380,1,1,1,1.0,1
raw,fb6402e858a39ab3,1,1,1,1.0,1
raw,139af8bd19532ed9,1,1,1,1.0,1
raw,61010f72d0b29689,1,1,1,1.0,1
raw,9a5dcf0df900f245,1,1,1,1.0,1
raw,b239dba64fc1d1b3,1,1,1,1.0,1
raw,68fc469df2e1d680,1,1,1,1.0,1
raw,690c83f712f7cef6,1,1,1,1.0,1
raw,d64bdd550fe62dd8,1,1,1,1.0,1
raw,a3c893827f51df0c,1,1,1,1.0,1
raw,c29b568325d911eb,1,1,1,1.0,1
raw,c344052eea615a29,1,1,1,1.0,1
raw,6ae6e37428c8a390,1,1,1,1.0,1
raw,6abfa79d7d2093e8,1,1,1,1.0,1
raw,bbc24a3fe6bd85cf,1,1,1,1.0,1
raw,171d2372b2dcfab5,2,1,2,0.5,2
raw,de1ff59302b4feb3,1,1,1,1.0,1
raw,7eba9942e3a7a9cd,1,1,1,1.0,1
raw,689d4c0703ff5eba,1,1,1,1.0,1
raw,934c0157fe1e7e1f,1,1,1,1.0,1
raw,48704a1a17509880,1,1,1,1.0,1
raw,c3891c52b63d7163,2,1,2,0.5,2
raw,4a3e073cbea8ccd4,2,1,2,0.5,2
raw,c1a72e1614f17f65,1,1,1,1.0,1
raw,948d2a3c2f1a5d4d,1,1,1,1.0,1
raw,d9523ad693cd9337,1,1,1,1.0,1
raw,9401ddc7140d0cdd,1,1,1,1.0,1
raw,28b1529fd292fa3e,1,1,1,1.0,1
raw,16ab687bbaaefe81,1,1,1,1.0,1
raw,267de7b0c6a2ff91,1,1,1,1.0,1
raw,b02a2a4598dc1b44,1,1,1,1.0,1
raw,f463183cee7adc27,1,1,1,1.0,1
raw,e4108ea797f2e1be,2,1,2,0.5,2
raw,21ffebb19173f606,2,1,2,0.5,2
raw,073ec534336d2349,1,1,1,1.0,1
raw,3ed35efe8bf2357e,1,1,1,1.0,1
raw,87d230c72c4a6b75,1,1,1,1.0,1
raw,603b51e83cd51bcf,1,1,1,1.0,1
raw,5affdee3d7a35f69,1,1,1,1.0,1
raw,dc13a85d7013c6b8,1,1,1,1.0,1
raw,21d3da75fc03a2d9,1,1,1,1.0,1
raw,c9dac0c73480db18,1,1,1,1.0,1
raw,1d355a6d1723a3e6,1,1,1,1.0,1
raw,6fbc121b59b92681,1,1,1,1.0,1
raw,9241e3c903643f32,1,1,1,1.0,1
raw,8a4b844f46923dcc,1,1,1,1.0,1
raw,038629f0d757ec34,1,1,1,1.0,1
raw,e5f97d6a97eaf8b9,1,1,1,1.0,1
raw,fbcebb3a80d31a18,1,1,1,1.0,1
raw,a1cc10c3852bbb0e,1,1,1,1.0,1
raw,e10b55f683409a84,1,1,1,1.0,1
raw,eaa88dddcfabfb1d,1,1,1,1.0,1
raw,a14a2939bcbd543a,1,1,1,1.0,1
raw,8f09136464c5dfe5,1,1,1,1.0,1
raw,845d24189d1c46e1,1,1,1,1.0,1
raw,d291405e65c0a924,1,1,1,1.0,1
raw,6976f209589c5c87,1,1,1,1.0,1
raw,2d40bc0565a383f7,2,1,2,0.5,2
raw,cd900a6b57ade246,1,1,1,1.0,1
raw,9dbe0c6f62c40e88,1,1,1,1.0,1
raw,4dde4707209214ae,1,1,1,1.0,1
raw,b815a1d729a2854b,1,1,1,1.0,1
raw,5979456de38129fc,1,1,1,1.0,1
raw,a17f970846a0db51,1,1,1,1.0,1
raw,257d34c6674ec2f2,1,1,1,1.0,1
raw,4e33cbcb57f9dc34,1,1,1,1.0,1
raw,80fecd66c0cb9f49,1,1,1,1.0,1
raw,efd1ae464a18a663,1,1,1,1.0,1
raw,23c5cc3a1f1b0b1c,1,1,1,1.0,1
raw,18da811c89de4195,1,1,1,1.0,1
raw,5e06e6539133d219,1,1,1,1.0,1
raw,4495af70f62f4365,1,1,1,1.0,1
raw,1071a1b3b5dce5d3,1,1,1,1.0,1
raw,f93ac86a1d27daa2,2,1,2,0.5,2
raw,5ed0492200feab8c,1,1,1,1.0,1
raw,401d13edbd755646,1,1,1,1.0,1
raw,7ebdfa2183c939a9,1,1,1,1.0,1
raw,2a7de8b3c82fd1eb,1,1,1,1.0,1
raw,c2d7301885478a4c,1,1,1,1.0,1
raw,340c21d3cf1d535b,1,1,1,1.0,1
raw,fd01dcf8749b22ea,1,1,1,1.0,1
raw,389add5077ad355f,1,1,1,1.0,1
raw,faa9d291e2595f1c,1,1,1,1.0,1
raw,ead56e4ac2d442a1,1,1,1,1.0,1
raw,21c595bb71b446ff,2,1,2,0.5,2
raw,be3b98fbc847d32d,1,1,1,1.0,1
raw,3c6950588ee722aa,1,1,1,1.0,1
raw,0d927061dc106066,1,1,1,1.0,1
raw,36ca42f150bb46e8,1,1,1,1.0,1
raw,e73beb9354e03acc,1,1,1,1.0,1
raw,8747026aead72d41,1,1,1,1.0,1
raw,9b23fc46a0203031,1,1,1,1.0,1
raw,28a718e68239ad68,1,1,1,1.0,1
raw,76860dc9eb4e8b3c,1,1,1,1.0,1
raw,ea1892ff16d2409f,2,1,2,0.5,2
raw,9dd2bdc6858458f0,1,1,1,1.0,1
raw,522df8dafd6c223d,1,1,1,1.0,1
raw,bf9cd46308dbbc5e,1,1,1,1.0,1
raw,b8dea457deffc9a6,1,1,1,1.0,1
raw,a1bdd465e50c9624,1,1,1,1.0,1
raw,f735ad50f35dec91,1,1,1,1.0,1
raw,cdd5bb0d5d070292,1,1,1,1.0,1
raw,d0d14fbe5dc77886,1,1,1,1.0,1
raw,4e0c366b7f249051,1,1,1,1.0,1
raw,0559740d55989a66,1,1,1,1.0,1
raw,6b60333a1c34317a,2,1,2,0.5,2
raw,a9904bafc9715967,1,1,1,1.0,1
raw,247ce15d4bcd4757,1,1,1,1.0,1
raw,19cd500151d8f507,1,1,1,1.0,1
raw,96df089b3c4c8653,1,1,1,1.0,1
raw,8ffd203faeb739be,1,1,1,1.0,1
raw,42bbffb466f7fcb9,1,1,1,1.0,1
raw,b7cced43c3cc865f,1,1,1,1.0,1
raw,5c5b7c2d0502d6c5,1,1,1,1.0,1
raw,d4b37d1a0274532f,2,1,2,0.5,2
raw,aa6ad6b5df3f4f2a,2,1,2,0.5,2
raw,82ece76b27359aab,1,1,1,1.0,1
raw,a91f8dcc4ec973b9,1,1,1,1.0,1
raw,8f128c1c67cd8acc,1,1,1,1.0,1
raw,5d78ce0d27b79cc8,1,1,1,1.0,1
raw,d455ee5ffb0778af,1,1,1,1.0,1
raw,79891c63d33155d9,1,1,1,1.0,1
raw,c6ab1c3477d929a5,1,1,1,1.0,1
raw,69237c003f177221,1,1,1,1.0,1
raw,e3353cbdcf942ae8,1,1,1,1.0,1
raw,2dab8cdaf152a4b5,1,1,1,1.0,1
raw,1d3679cd68d48d29,1,1,1,1.0,1
raw,4b4e2299d8ea93bb,1,1,1,1.0,1
raw,b3f4cbf37fd81fa3,1,1,1,1.0,1
raw,7217c0dbe640b75f,1,1,1,1.0,1
raw,d43eed7485dd3aa4,1,1,1,1.0,1
raw,57acddd811e6b88e,2,1,2,0.5,2
raw,fdb8ce87cab21ee2,1,1,1,1.0,1
raw,5b05e1a6ae26616b,1,1,1,1.0,1
raw,997d24e641cb4523,1,1,1,1.0,1
raw,d50a93b552243939,1,1,1,1.0,1
raw,474e0ed6213b47c8,1,1,1,1.0,1
raw,cfe82ccb21cab952,1,1,1,1.0,1
raw,8838f6a555523b20,1,1,1,1.0,1
raw,56be873fa9c32b52,1,1,1,1.0,1
raw,7046598ca0e50b5f,1,1,1,1.0,1
raw,923f4465ff6970de,1,1,1,1.0,1
raw,0b042e88aed42207,1,1,1,1.0,1
raw,ad75f83b7425236e,1,1,1,1.0,1
raw,3a66a38914f704c6,1,1,1,1.0,1
raw,40045193bd89896a,1,1,1,1.0,1
raw,5f266fa6ff334cf0,1,1,1,1.0,1
raw,591ed8d3323a4dd2,1,1,1,1.0,1
raw,f73b5ace4012fe6e,2,1,2,0.5,2
raw,820a7c0c6a6de591,1,1,1,1.0,1
raw,b22b2d157ac08532,1,1,1,1.0,1
raw,f35b49900363137a,1,1,1,1.0,1
raw,3cd69601e302881f,1,1,1,1.0,1
raw,b8afe58c2a0c830b,2,1,2,0.5,2
raw,15aaef2510fe8447,1,1,1,1.0,1
raw,c41bdeab397a5ba4,1,1,1,1.0,1
raw,b70d08e9e25bd747,1,1,1,1.0,1
raw,11c6cb34ae00794b,2,1,2,0.5,2
raw,4eb06b639b46b71c,2,1,2,0.5,2
raw,ec55989f224b7f5e,1,1,1,1.0,1
raw,8b480633255818c4,1,1,1,1.0,1
raw,793f9390f5121f4d,1,1,1,1.0,1
raw,75d055403aa9ee1b,1,1,1,1.0,1
raw,da39da34a341c3ea,1,1,1,1.0,1
raw,20a2dd29a6bf7d1e,1,1,1,1.0,1
raw,d4cf757f60233ab3,1,1,1,1.0,1
raw,9d036f10c2cd9eab,1,1,1,1.0,1
raw,507b0a2a4b42cd75,1,1,1,1.0,1
raw,4bf8bc884ab12f99,1,1,1,1.0,1
raw,e784c77b56d3757c,1,1,1,1.0,1
raw,ea73234791664ea2,1,1,1,1.0,1
raw,1366dd61cff6c982,1,1,1,1.0,1
raw,304dce5b0d82f071,1,1,1,1.0,1
raw,aac5f2d912d9d4a6,1,1,1,1.0,1
raw,f1dcca65706a706c,1,1,1,1.0,1
raw,a48dcc9a6a3ef4ce,1,1,1,1.0,1
raw,a3d46268fd4de76f,1,1,1,1.0,1
raw,dc4dbde37e7b855c,1,1,1,1.0,1
raw,bd86b36584338132,2,1,2,0.5,2
raw,1b5815bb047fb880,1,1,1,1.0,1
raw,a8b91d23bdb010eb,1,1,1,1.0,1
raw,ffa652df664801be,1,1,1,1.0,1
raw,90d47020e01d11a8,2,1,2,0.5,2
raw,f686fb902c08a260,1,1,1,1.0,1
raw,83654db1157aecc5,1,1,1,1.0,1
raw,d2c761f4049c7cda,1,1,1,1.0,1
raw,36f8745895eece73,1,1,1,1.0,1
raw,5fc297e6034d8c4d,2,1,2,0.5,2
raw,a7aabcd23ede49aa,2,1,2,0.5,2
raw,c76e1c06249145cf,1,1,1,1.0,1
raw,885ab7cf0bec2195,1,1,1,1.0,1
raw,aaad927a11c4944e,2,1,2,0.5,2
raw,b3d3cef14dad3b2d,2,1,2,0.5,2
raw,9fef436c10794c8d,1,1,1,1.0,1
raw,df40a600d7faacd8,1,1,1,1.0,1
raw,318ff55ff7eea87b,2,1,2,0.5,2
raw,5c1258981a0bc8f1,1,1,1,1.0,1
raw,3e17ec0ad71ac546,1,1,1,1.0,1
raw,b80fd74d33eabc00,1,1,1,1.0,1
raw,ceba69c4486dfe7a,2,1,2,0.5,2
raw,579810d79772c2de,1,1,1,1.0,1
raw,4242540f078de5ea,1,1,1,1.0,1
raw,c7be910aeeaea5c9,1,1,1,1.0,1
raw,81ec62845ee9baa2,1,1,1,1.0,1
raw,641acec2a66f79a4,1,1,1,1.0,1
raw,47e1055c7ffd2f92,1,1,1,1.0,1
raw,c3092517fece2ec8,1,1,1,1.0,1
raw,6a5ae8c527aed595,1,1,1,1.0,1
raw,d9f39482bce402e0,1,1,1,1.0,1
raw,2ca926cd75078513,1,1,1,1.0,1
raw,7e636c51d9d0226f,1,1,1,1.0,1
raw,1c480b0242b55c4a,1,1,1,1.0,1
raw,39cc01d44ac8f235,1,1,1,1.0,1
raw,326ffd969d40569b,1,1,1,1.0,1
raw,c4798d088f160ab8,1,1,1,1.0,1
raw,f4b74a333e35107d,1,1,1,1.0,1
raw,d3f54c98d705a8dd,1,1,1,1.0,1
raw,52ec61054f73cdb7,1,1,1,1.0,1
raw,d25c0837fddbaf2c,1,1,1,1.0,1
raw,6669691832385c88,2,1,2,0.5,2
raw,4c6be4a8e88968d7,2,1,2,0.5,2
raw,737b94a2070dd7d9,1,1,1,1.0,1
raw,e9007674b5717ab1,1,1,1,1.0,1
raw,357a476fcc089b13,1,1,1,1.0,1
raw,cf1cfa3a4a6f5400,1,1,1,1.0,1
raw,057d50c7ec27e342,1,1,1,1.0,1
raw,3645981c4123790f,1,1,1,1.0,1
raw,0e12f87f54e8920f,1,1,1,1.0,1
raw,9ef35925885399fc,1,1,1,1.0,1
raw,f0d5ea311fa77c9c,1,1,1,1.0,1
raw,cb47774a661b1693,1,1,1,1.0,1
raw,6710d03cebd7a6fe,2,1,2,0.5,2
raw,5fdb99f862900f31,1,1,1,1.0,1
raw,7586bef16e9ff79d,1,1,1,1.0,1
raw,89a4728c29a45d37,1,1,1,1.0,1
raw,91dbc94da4bcdf77,1,1,1,1.0,1
raw,cfbb78390494f7c6,1,1,1,1.0,1
raw,efbd72e0ba49a1c3,1,1,1,1.0,1
raw,1b4a09ac9ff8a1ff,1,1,1,1.0,1
raw,99cc4e0e6586b1b9,1,1,1,1.0,1
raw,355e9f750ea0f34c,1,1,1,1.0,1
raw,18fadcdff8cf98b6,1,1,1,1.0,1
raw,8daca8a3a335553e,1,1,1,1.0,1
raw,65b0b6bc5d236cba,1,1,1,1.0,1
raw,3ff00a228b8c88a0,2,1,2,0.5,2
raw,bb8c5aa6a5a2fb22,1,1,1,1.0,1
raw,65782daf816e5094,1,1,1,1.0,1
raw,1327d80ef87d0b6d,1,1,1,1.0,1
raw,484adc882061e475,1,1,1,1.0,1
raw,581b37ee089c6878,1,1,1,1.0,1
raw,ff935dde5b0de858,1,1,1,1.0,1
raw,8e436daea7716cdd,2,1,2,0.5,2
raw,ca0eb282d652d587,1,1,1,1.0,1
raw,e12b6450e339b1d9,1,1,1,1.0,1
raw,4bc6b49b16936e83,2,1,2,0.5,2
raw,15f8cc692099d8cc,1,1,1,1.0,1
raw,9c6e1828a704c920,1,1,1,1.0,1
raw,ecd6143ef6a572a3,1,1,1,1.0,1
raw,71afdb63285154ff,1,1,1,1.0,1
raw,f9efba5a7a102118,1,1,1,1.0,1
raw,e4613543d9203f95,1,1,1,1.0,1
raw,3dfd4b7bc458c515,1,1,1,1.0,1
raw,99c078049487982c,1,1,1,1.0,1
raw,3f91237f3f179a31,1,1,1,1.0,1
raw,95493a8d5c52892a,1,1,1,1.0,1
raw,5f0637bdd08a166e,1,1,1,1.0,1
raw,329450df56d77dee,1,1,1,1.0,1
raw,b53f7e268ca832e2,1,1,1,1.0,1
raw,befa6e59580a3170,2,1,2,0.5,2
raw,5914de51d164763b,1,1,1,1.0,1
raw,608e01749fe66164,1,1,1,1.0,1
raw,8182f011d6c9bd94,1,1,1,1.0,1
raw,d50f7b931953630f,1,1,1,1.0,1
raw,7326f0b935296046,1,1,1,1.0,1
raw,97235afe2b6fe29a,1,1,1,1.0,1
raw,49362256d7be0be2,1,1,1,1.0,1
raw,b9a2637cf5fe4a2c,1,1,1,1.0,1
raw,d15cf7322db3db44,2,1,2,0.5,2
raw,2df28e73cd0d164d,1,1,1,1.0,1
raw,6330f681fbba108a,1,1,1,1.0,1
raw,e8c6abaf54bcb9cd,1,1,1,1.0,1
raw,6e3d35154a9b4790,2,1,2,0.5,2
raw,6a0d286fc3b7432f,1,1,1,1.0,1
raw,82c7fd35ad264d35,1,1,1,1.0,1
raw,b54e0466bce4adf5,1,1,1,1.0,1
raw,cfaadc795f69575d,1,1,1,1.0,1
raw,7efcd4ad3072a58d,1,1,1,1.0,1
raw,bc65067b81a71a48,1,1,1,1.0,1
raw,e88ebaf9d7c4c52f,1,1,1,1.0,1
raw,bdcdea3879004183,1,1,1,1.0,1
raw,8021bb6afcc4fa7e,1,1,1,1.0,1
raw,191590f060889dc9,1,1,1,1.0,1
raw,b48fa91610c0ba0b,1,1,1,1.0,1
raw,f31f42f1c2b4d7d3,1,1,1,1.0,1
raw,03ff3f340ffb4efc,1,1,1,1.0,1
raw,74f921fba1f9b615,1,1,1,1.0,1
raw,da30a74e322c80b7,1,1,1,1.0,1
raw,7b654b8035fb2c9f,1,1,1,1.0,1
raw,aaeccabf3ab4a7e0,1,1,1,1.0,1
raw,d66492f6545dc175,1,1,1,1.0,1
raw,f4153701c61d48ef,1,1,1,1.0,1
raw,41e73827d96864d6,1,1,1,1.0,1
raw,2f9bff183a3fedf7,1,1,1,1.0,1
raw,027fe85d9296be98,1,1,1,1.0,1
raw,85d9bf01b079bea8,1,1,1,1.0,1
raw,308b6be47f91c86e,1,1,1,1.0,1
raw,29dd0751a8a9167b,1,1,1,1.0,1
raw,c5c90c689c2b4e30,1,1,1,1.0,1
raw,338bf2fe35d94f0a,1,1,1,1.0,1
raw,dd3fe0ba1588e459,1,1,1,1.0,1
raw,6bc5938d8321b3aa,1,1,1,1.0,1
raw,c6dba4936d005a2c,1,1,1,1.0,1
raw,fa6e321e674a846d,1,1,1,1.0,1
raw,3cce39cd005fa03e,1,1,1,1.0,1
raw,2239c859f6bf7f74,1,1,1,1.0,1
raw,505ce7bb3220818a,1,1,1,1.0,1
raw,d7a412568ce60e36,1,1,1,1.0,1
raw,514b1e4b6f983bbf,1,1,1,1.0,1
raw,f7eec562f2daa4e3,1,1,1,1.0,1
raw,097596de4b3b4447,1,1,1,1.0,1
raw,da5b48e269660000,1,1,1,1.0,1
raw,bfe97b7fa5027123,1,1,1,1.0,1
raw,1a94dd61526909f7,2,1,2,0.5,2
raw,84a40e3f743d5c7f,1,1,1,1.0,1
raw,b2fba973ca1c55fc,1,1,1,1.0,1
raw,cc1d6b5cf77eec6d,1,1,1,1.0,1
raw,13568312e443340c,1,1,1,1.0,1
raw,5d901fbd9de5b6d6,1,1,1,1.0,1
raw,6624715310ddfe3a,1,1,1,1.0,1
raw,06bec8e9dd4d2aa1,1,1,1,1.0,1
raw,a01c8708d5ca6995,1,1,1,1.0,1
raw,b46884590ae4405c,1,1,1,1.0,1
raw,cdd66cf1aaee324f,1,1,1,1.0,1
raw,0374fc239173afec,1,1,1,1.0,1
raw,db05e293038142c4,1,1,1,1.0,1
raw,baf4752831b214ee,1,1,1,1.0,1
raw,785d8558b573b05e,1,1,1,1.0,1
raw,e9154ed198906b4b,1,1,1,1.0,1
raw,a6c15c5cd69ee125,1,1,1,1.0,1
raw,8b44b978647f81c5,1,1,1,1.0,1
raw,0e512a66259e627e,2,1,2,0.5,2
raw,b1b9481f2ed74995,1,1,1,1.0,1
raw,5e948f1bed47e97d,1,1,1,1.0,1
raw,fd09f361c7aab013,1,1,1,1.0,1
raw,566acd37d45f6d1c,1,1,1,1.0,1
raw,5af5d49a7d8958a6,1,1,1,1.0,1
raw,846678dc783b1fde,1,1,1,1.0,1
raw,130ecdb0ea8fcfd2,1,1,1,1.0,1
raw,6d552f39de29734f,1,1,1,1.0,1
raw,2835deff9bd26ae4,1,1,1,1.0,1
raw,2599b0e231f549bf,1,1,1,1.0,1
raw,3a4220b14783d445,1,1,1,1.0,1
raw,fcc69229efd8d30d,1,1,1,1.0,1
raw,b621b1deaa629043,1,1,1,1.0,1
raw,3663360b1b499e0e,1,1,1,1.0,1
raw,9b1a80aca8dc5406,1,1,1,1.0,1
raw,52ad61a9baf6421c,1,1,1,1.0,1
raw,bcdbba342dbe51ac,1,1,1,1.0,1
raw,8257e353197d959e,1,1,1,1.0,1
raw,e2d4e78db4131fee,1,1,1,1.0,1
raw,406a04519e672cf7,2,1,2,0.5,2
raw,ae5f643ffe1c986b,1,1,1,1.0,1
raw,5974aafb800417dd,1,1,1,1.0,1
raw,0474315d55de874d,1,1,1,1.0,1
raw,2f6ed62c97be10fe,1,1,1,1.0,1
raw,7160bb8f4184f43c,1,1,1,1.0,1
raw,3a41e2977b3a19dc,2,1,2,0.5,2
raw,6ef95d41241f7788,2,1,2,0.5,2
raw,adde12f3a54e1216,1,1,1,1.0,1
raw,f7c42d2a1d7647e0,1,1,1,1.0,1
raw,7c3bf6c095e8b27f,1,1,1,1.0,1
raw,850c053f9f9f915c,1,1,1,1.0,1
raw,7553786f94d4c2d9,1,1,1,1.0,1
raw,39e88a4b61e7bc0a,2,1,2,0.5,2
raw,7581d45b809d8d31,1,1,1,1.0,1
raw,de408dbf02e9605c,1,1,1,1.0,1
raw,17fea08ca399cda0,1,1,1,1.0,1
raw,73f8d4a3e7418c27,1,1,1,1.0,1
raw,185576f47f7700e9,1,1,1,1.0,1
raw,7a18479e05140b20,2,1,2,0.5,2
raw,857579fd164fdd98,1,1,1,1.0,1
raw,e1ef24497ce3b0be,1,1,1,1.0,1
raw,e71167dbc14e30ca,1,1,1,1.0,1
raw,10681c8dc6b76bbe,1,1,1,1.0,1
raw,18e1a88469d38d62,1,1,1,1.0,1
raw,9f0f20826eebfb2d,1,1,1,1.0,1
raw,b011e0791dac56e2,1,1,1,1.0,1
raw,9c8c08c68e183887,1,1,1,1.0,1
raw,6eb9137a184f6662,1,1,1,1.0,1
raw,d7427e657fd6cc58,1,1,1,1.0,1
raw,262ee2d95e0817b7,1,1,1,1.0,1
raw,e46f338d988c006c,1,1,1,1.0,1
raw,72b48344e480d630,1,1,1,1.0,1
raw,9874be8cc26d2cc3,1,1,1,1.0,1
raw,e42a5b839024b05f,2,1,2,0.5,2
raw,dd34a0440707093e,2,1,2,0.5,2
raw,e900ca2700290031,1,1,1,1.0,1
raw,121b8e1cdfc71f56,1,1,1,1.0,1
raw,8961166e8ef6a5a1,1,1,1,1.0,1
raw,ec1aa89a53c7f909,1,1,1,1.0,1
raw,088ac1c96afe4c24,1,1,1,1.0,1
raw,314e58ec09376894,1,1,1,1.0,1
raw,1ca63b2149318936,1,1,1,1.0,1
raw,4a7a8621ae965925,2,1,2,0.5,2
raw,d3a977abbec85e05,1,1,1,1.0,1
raw,5cea0d9eaf3525e3,1,1,1,1.0,1
raw,68b628c721e816b5,1,1,1,1.0,1
raw,099cec1016f3e2d6,1,1,1,1.0,1
raw,aad871c98f5b2afa,1,1,1,1.0,1
raw,d0aaec7b864a0294,1,1,1,1.0,1
raw,4e959d234f49041b,1,1,1,1.0,1
raw,d8d4dc49904ca563,1,1,1,1.0,1
raw,3dbd93d5d8aae4d3,1,1,1,1.0,1
raw,192a02e24972bdc2,1,1,1,1.0,1
raw,55a95feedae235a0,1,1,1,1.0,1
raw,f39d3ee4437b63ce,2,1,2,0.5,2
raw,aa488af183efbcd5,1,1,1,1.0,1
raw,edd3ad4c9d469bbb,1,1,1,1.0,1
raw,d414f5590b08fe38,1,1,1,1.0,1
raw,52e3a30315f0ae00,1,1,1,1.0,1
raw,29b8bc60b191a331,1,1,1,1.0,1
raw,f775e81b743e282d,1,1,1,1.0,1
raw,6f71f323050488be,2,1,2,0.5,2
raw,8eb8a6c5d0304f86,1,1,1,1.0,1
raw,0895e53307f44983,1,1,1,1.0,1
raw,da72ce14d7432b7f,1,1,1,1.0,1
raw,e7c8d253b4bcad28,1,1,1,1.0,1
raw,951eaa229f7b31f1,1,1,1,1.0,1
raw,eca0d6dcaddf6412,1,1,1,1.0,1
raw,bac4532021c10e68,1,1,1,1.0,1
raw,062693dd7312076e,1,1,1,1.0,1
raw,74cc5db0b14e61d1,1,1,1,1.0,1
raw,6f4ffd6d4d906d17,2,1,2,0.5,2
raw,0a36e6654e9b4cf7,1,1,1,1.0,1
raw,87f713312ba03a84,2,1,2,0.5,2
raw,295911324fc61be4,1,1,1,1.0,1
raw,774fcf9fec559337,1,1,1,1.0,1
raw,263f7f1fab8e9764,1,1,1,1.0,1
raw,b75b2a527de33394,1,1,1,1.0,1
raw,ff11ecc7d347cc94,1,1,1,1.0,1
raw,3aeb55250d80212b,1,1,1,1.0,1
raw,dd79448990847b79,2,1,2,0.5,2
raw,09e5221e93d5ff88,1,1,1,1.0,1
raw,8c2f67472fc36997,1,1,1,1.0,1
raw,1f74a40db64a62da,1,1,1,1.0,1
raw,e5ef32e9a788aa4a,1,1,1,1.0,1
raw,b883dd829495f355,1,1,1,1.0,1
raw,8b7b5fbfcd939a81,1,1,1,1.0,1
raw,768746ec1194811f,1,1,1,1.0,1
raw,86c27a7074417e4d,1,1,1,1.0,1
raw,5087c005e3b332db,1,1,1,1.0,1
raw,8a35e47e0afc663f,1,1,1,1.0,1
raw,d4c890b76c93f193,1,1,1,1.0,1
raw,b4e3c5a918322daa,2,1,2,0.5,2
raw,dcbe9d08e124f106,1,1,1,1.0,1
raw,0484238d89a8903f,1,1,1,1.0,1
raw,f6870f9490bcd6be,1,1,1,1.0,1
raw,4163fb71cc5e4119,1,1,1,1.0,1
raw,362eed6f3beead66,2,1,2,0.5,2
raw,6379cbc442855c18,1,1,1,1.0,1
raw,7dbc96ef67825110,1,1,1,1.0,1
raw,fa8400542ff262a9,1,1,1,1.0,1
raw,367a75aa1a46fc60,2,1,2,0.5,2
raw,248bd687b84fd390,1,1,1,1.0,1
raw,d47b164416c3e95e,1,1,1,1.0,1
raw,547235ed8f30b6bf,2,1,2,0.5,2
raw,4f1b372100534cb3,1,1,1,1.0,1
raw,0abc986551816b0f,1,1,1,1.0,1
raw,451a87c83d6bb52f,1,1,1,1.0,1
raw,5946d5b157f4969b,1,1,1,1.0,1
raw,43ea4da1c156a1d0,1,1,1,1.0,1
raw,7d95c1c540096754,1,1,1,1.0,1
raw,5cfa60b008ce7139,2,1,2,0.5,2
raw,780451c51e67cd08,1,1,1,1.0,1
raw,7781ea530c6d0fd9,1,1,1,1.0,1
raw,cb2f6a16759ca2fe,1,1,1,1.0,1
raw,780f1cd58626e920,1,1,1,1.0,1
raw,5ae2706a3dbc7aa7,3,3,1,1.0,3-5
raw,38a2927a3f8fb3ef,2,1,2,0.5,2
raw,9a0eb94ae888103c,1,1,1,1.0,1
raw,e2fcf30f2a7f4558,1,1,1,1.0,1
raw,3f606cf419dc44e2,2,1,2,0.5,2
raw,7b1aab1ec447f6cb,1,1,1,1.0,1
raw,8182066003b0cf16,1,1,1,1.0,1
raw,ad23ffa273d9eed7,1,1,1,1.0,1
raw,5d500065fae1367b,1,1,1,1.0,1
raw,6fb947942da20b9a,1,1,1,1.0,1
raw,c72ee1770f0b0e01,2,1,2,0.5,2
raw,c8c7448208bad132,1,1,1,1.0,1
raw,0eeccd1c4e59de35,1,1,1,1.0,1
raw,887b43f15c570090,1,1,1,1.0,1
raw,76d14410be1db094,2,1,2,0.5,2
raw,4bd1a29a45cd6a57,1,1,1,1.0,1
raw,9d418df458680d94,1,1,1,1.0,1
raw,c23a03a271f3a8fa,2,1,2,0.5,2
raw,19de1634384f5267,1,1,1,1.0,1
raw,53eaefd03f30a126,1,1,1,1.0,1
raw,81a5c355e305c6af,1,1,1,1.0,1
raw,2bd2fe81eb6ab8ec,1,1,1,1.0,1
raw,4cedfeb924c986b3,2,1,2,0.5,2
raw,78ad013efaf6a356,1,1,1,1.0,1
raw,4587d66f3ee1a37d,1,1,1,1.0,1
raw,feff3946e7aaea51,1,1,1,1.0,1
raw,e114fabea71fcfa6,1,1,1,1.0,1
raw,cf173cd9f5d05890,1,1,1,1.0,1
raw,bb1efc177df063b8,1,1,1,1.0,1
raw,fc4977ceb7ea73b6,1,1,1,1.0,1
raw,6475c6d8d05406c2,2,1,2,0.5,2
raw,123fb0372453cc42,1,1,1,1.0,1
raw,894948a72e86f685,1,1,1,1.0,1
raw,7f0fc55fdbd5c2d8,1,1,1,1.0,1
raw,39a410a76de94177,2,1,2,0.5,2
raw,e192d53a070031ab,1,1,1,1.0,1
raw,ae0023388454513f,2,1,2,0.5,2
raw,309294e380ba6df4,2,1,2,0.5,2
raw,fec3237f385b03fb,1,1,1,1.0,1
raw,b78bf31b1970500f,1,1,1,1.0,1
raw,c72a43b566b17ee5,1,1,1,1.0,1
raw,16df293e1e2bebe4,1,1,1,1.0,1
raw,3f59887086b578f3,1,1,1,1.0,1
raw,73c145bf9ed7fa97,1,1,1,1.0,1
raw,efa15f974ede7608,1,1,1,1.0,1
raw,f36a5cc017f9c604,1,1,1,1.0,1
raw,703116b21fe7840b,1,1,1,1.0,1
raw,7054eb9e4e2489d1,1,1,1,1.0,1
raw,3b8054f66ce504cd,1,1,1,1.0,1
raw,6bc217175624cb0f,1,1,1,1.0,1
raw,635000fd3406586c,1,1,1,1.0,1
raw,057cb635b58e9fe9,1,1,1,1.0,1
raw,d8d3905454eb73c6,1,1,1,1.0,1
raw,30fdc8812bd833f0,1,1,1,1.0,1
raw,9dc2a7b2ed062f02,1,1,1,1.0,1
raw,dee0e2eff985495f,1,1,1,1.0,1
raw,cd3e7ab0481eb2cd,1,1,1,1.0,1
raw,79ef628df86b8d8f,1,1,1,1.0,1
raw,6bfa8273cfb7ec46,1,1,1,1.0,1
raw,812f2df3fee17005,1,1,1,1.0,1
raw,68d2f5046d7c42a7,1,1,1,1.0,1
raw,512cc03266edc90f,1,1,1,1.0,1
raw,bd2494b87e5eccb7,1,1,1,1.0,1
raw,b88ecf71a9de58df,1,1,1,1.0,1
raw,89139f38e326ef11,1,1,1,1.0,1
raw,6b08866a9cb9e5f8,1,1,1,1.0,1
raw,a27ce5e9db6d5252,2,1,2,0.5,2
raw,11e30bc829affbfc,1,1,1,1.0,1
raw,ee46255c96a607b4,1,1,1,1.0,1
raw,cd0bf36e30bf5438,1,1,1,1.0,1
raw,5fd4c1d509829f33,1,1,1,1.0,1
raw,3ee3fd46225ee0a8,2,1,2,0.5,2
raw,fff17c49966f4167,2,1,2,0.5,2
raw,c632eb52fde95612,1,1,1,1.0,1
raw,e1a998202b86a6b1,1,1,1,1.0,1
raw,14a9010d911e93d7,1,1,1,1.0,1
raw,04ca830f2fdfe5c4,2,1,2,0.5,2
raw,950acab2234b953e,1,1,1,1.0,1
raw,0cc226c08b5c2c53,1,1,1,1.0,1
raw,f718c4a5638d5424,2,1,2,0.5,2
raw,e526325df680ef56,1,1,1,1.0,1
raw,9bd0b9b50f0631b9,1,1,1,1.0,1
raw,7a4d24c52126fbe9,1,1,1,1.0,1
raw,6b330930468c480b,1,1,1,1.0,1
raw,ff2c58318fbe188b,1,1,1,1.0,1
raw,830aa7c4359787ad,1,1,1,1.0,1
raw,22fdbedf1ad394d5,1,1,1,1.0,1
raw,4e24263444a9a5cc,1,1,1,1.0,1
raw,7363cd74d9d3222f,1,1,1,1.0,1
raw,4be71d5f6bf513de,1,1,1,1.0,1
raw,c7536fa04707718a,1,1,1,1.0,1
raw,9b387e6c6e78f70d,1,1,1,1.0,1
raw,0b8f38f37a9db54e,1,1,1,1.0,1
raw,dc6e958eb4bcc1e3,1,1,1,1.0,1
raw,8584fd98024c5c7d,1,1,1,1.0,1
raw,22e4f91550e216d4,1,1,1,1.0,1
raw,4b2017ebbe5b6fab,1,1,1,1.0,1
raw,6ecd6c0d30fda11e,1,1,1,1.0,1
raw,f5b6c65254c3c4fd,1,1,1,1.0,1
raw,eb58bc2d93fb34f6,1,1,1,1.0,1
raw,5cb3305aa063fa2a,1,1,1,1.0,1
raw,1ed997d9529622b1,1,1,1,1.0,1
raw,ffab37da7eb226f3,1,1,1,1.0,1
raw,64d9af7680adc2fb,1,1,1,1.0,1
raw,4b5983343c4240d8,1,1,1,1.0,1
raw,a18b6c5c89792d5e,1,1,1,1.0,1
raw,6ac86f0ac843fc4e,1,1,1,1.0,1
raw,44745ede68f6a163,1,1,1,1.0,1
raw,7d70ebb75c4d12b6,1,1,1,1.0,1
raw,ecb3c5707391372a,1,1,1,1.0,1
raw,2ea306b69df065a5,1,1,1,1.0,1
raw,61bc2fefe287f256,1,1,1,1.0,1
raw,0f517fe3484d5c35,1,1,1,1.0,1
raw,b97715a991a3982e,1,1,1,1.0,1
raw,d32e00a4b837f8e2,1,1,1,1.0,1
raw,7b59cc6544cefe22,1,1,1,1.0,1
raw,844e1674d34539c5,1,1,1,1.0,1
raw,fbc26f0a8c42f0e9,1,1,1,1.0,1
raw,ede54acd3afb8215,2,1,2,0.5,2
raw,c41293b8d78a9199,1,1,1,1.0,1
raw,91d3eae4df3a0d88,1,1,1,1.0,1
raw,1fabd9c2200f47ef,1,1,1,1.0,1
raw,6d093b034ce25e09,1,1,1,1.0,1
raw,6f572269835fac49,1,1,1,1.0,1
raw,5f08284c90968c60,1,1,1,1.0,1
raw,e548079e60e5e7e7,1,1,1,1.0,1
raw,1c8b387e87e983eb,1,1,1,1.0,1
raw,5ccc518f805a9595,1,1,1,1.0,1
raw,1932f1c542c4dd4e,1,1,1,1.0,1
raw,37a685bb300eec66,1,1,1,1.0,1
raw,66e117a2cf4b9bfd,1,1,1,1.0,1
raw,f445706bbeb80970,1,1,1,1.0,1
raw,181e668d15838d48,1,1,1,1.0,1
raw,846ad8e1428057ed,1,1,1,1.0,1
raw,adb4ca8fc37dca46,1,1,1,1.0,1
raw,43ed3f565d071491,1,1,1,1.0,1
raw,5e2f5100dffd2bca,1,1,1,1.0,1
raw,06771e3a9c9e572b,1,1,1,1.0,1
raw,50a2b5f7a08acb70,1,1,1,1.0,1
raw,dd7f47cba00d1533,1,1,1,1.0,1
raw,8d97d0d5c1f3da49,2,1,2,0.5,2
raw,4d5d00f2ef15cfac,1,1,1,1.0,1
raw,5c31a2452946447d,1,1,1,1.0,1
raw,acdff2a7783ade63,1,1,1,1.0,1
raw,66c7d3d01837ff49,1,1,1,1.0,1
raw,1a6d8d8bcf3b0221,1,1,1,1.0,1
raw,775a5bbbe399c07e,1,1,1,1.0,1
raw,509a9f6c8fbee865,1,1,1,1.0,1
raw,853e718036413aff,1,1,1,1.0,1
raw,0f017968310b1908,1,1,1,1.0,1
raw,86fa182a6be37846,1,1,1,1.0,1
raw,c9754536c0070d15,1,1,1,1.0,1
raw,d42338d08b6d35c3,1,1,1,1.0,1
raw,c2136c0582f49079,1,1,1,1.0,1
raw,5706727b322fd3b1,1,1,1,1.0,1
raw,faec5a198c6c1d00,1,1,1,1.0,1
raw,75806bc0d272dad2,1,1,1,1.0,1
raw,6437e18c871015fb,1,1,1,1.0,1
raw,82d625f02126b36e,1,1,1,1.0,1
raw,63dd1b7d9a3b3f17,1,1,1,1.0,1
raw,4ebbd942420aa925,1,1,1,1.0,1
raw,3c35aeb8c21b547c,2,1,2,0.5,2
raw,93a456e90233f4a0,1,1,1,1.0,1
raw,4259f2bad231791b,1,1,1,1.0,1
raw,374fa790b780dcf4,1,1,1,1.0,1
raw,d5a595ed989263be,1,1,1,1.0,1
raw,db65e51448fdeac8,2,1,2,0.5,2
raw,d2b74dfc8f45c3ac,1,1,1,1.0,1
raw,5aeda3478b44dd31,1,1,1,1.0,1
raw,2de2bf9a0acf7251,2,1,2,0.5,2
raw,b10f9ff815153bfa,1,1,1,1.0,1
raw,929f7f149b74b149,2,1,2,0.5,2
raw,b65c92ae520b4ab4,1,1,1,1.0,1
raw,6fe69405297f3e87,1,1,1,1.0,1
raw,d558e11b465d102f,1,1,1,1.0,1
raw,caea02e51d855042,1,1,1,1.0,1
raw,c3a798503cd9c3f4,1,1,1,1.0,1
raw,9da40ff09c33a93b,1,1,1,1.0,1
raw,db0b05fbd4fad578,1,1,1,1.0,1
raw,e0ee9cd6fb6d15ab,1,1,1,1.0,1
raw,073081c8688d5ee7,1,1,1,1.0,1
raw,11bbd199fc05af5b,1,1,1,1.0,1
raw,db84c67d330e486b,1,1,1,1.0,1
raw,34cee434600b2fad,1,1,1,1.0,1
raw,73df080ca1e2c145,1,1,1,1.0,1
raw,ca36b09b71f47024,1,1,1,1.0,1
raw,ee7e37ae3ec6aa5c,1,1,1,1.0,1
raw,9f3b2ad437f4745b,1,1,1,1.0,1
raw,65f11735ffc6ebfe,1,1,1,1.0,1
raw,714a36ed88038ab0,1,1,1,1.0,1
raw,3e16605a88b7407c,1,1,1,1.0,1
raw,a437bb2c4e884f68,1,1,1,1.0,1
raw,8311d9950d5d2e4a,1,1,1,1.0,1
raw,8fa7d83c5d6bb253,1,1,1,1.0,1
raw,d023218334b5e3ae,1,1,1,1.0,1
raw,2df27c6a47006034,1,1,1,1.0,1
raw,6dbb24807439ca6d,1,1,1,1.0,1
raw,b08944e825fc757e,1,1,1,1.0,1
raw,bdb6d330443a9174,1,1,1,1.0,1
raw,c4bf406a676d80b3,1,1,1,1.0,1
raw,43590a5970e23a4f,2,1,2,0.5,2
raw,0494c2ddd7b1f328,1,1,1,1.0,1
raw,e7e15d66056b616a,1,1,1,1.0,1
raw,dac782bc90aebed8,1,1,1,1.0,1
raw,23518a8ddb6d7c54,2,1,2,0.5,2
raw,a54f80ed94146a86,1,1,1,1.0,1
raw,58da286475c94f2d,1,1,1,1.0,1
raw,c9819ebb8d6c2eec,1,1,1,1.0,1
raw,a2f4ab560c03ec45,2,1,2,0.5,2
raw,6e77cdb3feda5615,1,1,1,1.0,1
raw,5afe55aa1a5f8c53,1,1,1,1.0,1
raw,a8e9321beeba52f6,1,1,1,1.0,1
raw,21c045abb180c3fc,1,1,1,1.0,1
raw,b86d3f088d3f6dd3,1,1,1,1.0,1
raw,2a60550d858bf4a8,1,1,1,1.0,1
raw,3cdee678a8721460,1,1,1,1.0,1
raw,3a924b3f1b5dc896,1,1,1,1.0,1
raw,e9fe5b9fc8c51ac7,1,1,1,1.0,1
raw,0fb653f12bd0c2ec,1,1,1,1.0,1
raw,f08d9b3849a2b62c,1,1,1,1.0,1
raw,6f06794733391193,1,1,1,1.0,1
raw,2e5ea727182f0e98,1,1,1,1.0,1
raw,f8d0873302be5c58,1,1,1,1.0,1
raw,baffa62a0eecefaf,1,1,1,1.0,1
raw,b566fa780c209441,1,1,1,1.0,1
raw,f97b2c6117078d20,1,1,1,1.0,1
raw,3f298369f39d51db,2,1,2,0.5,2
raw,f1239b8302660ae5,2,1,2,0.5,2
raw,04a318798558f737,1,1,1,1.0,1
raw,1265bb66ac672b4e,1,1,1,1.0,1
raw,fbaacb3a3426e08d,1,1,1,1.0,1
raw,492e3c1ba6daaa85,1,1,1,1.0,1
raw,0a6aa7971021d5f1,1,1,1,1.0,1
raw,298b586e213726c3,1,1,1,1.0,1
raw,d0335d21ddd91435,1,1,1,1.0,1
raw,eff175bba02cca1c,2,1,2,0.5,2
raw,623a77a38c1d93d0,1,1,1,1.0,1
raw,f4f0f4c26ab258a6,1,1,1,1.0,1
raw,cca86ad26a55b14a,2,1,2,0.5,2
raw,650fc9847abeab5d,1,1,1,1.0,1
raw,f4d532c903fe1d02,1,1,1,1.0,1
raw,a50115970e59c190,1,1,1,1.0,1
raw,344e59229ddb2c89,1,1,1,1.0,1
raw,c12d97037c9fc27d,1,1,1,1.0,1
raw,50f2e77f809a9a86,1,1,1,1.0,1
raw,5030382e7c8c0a34,1,1,1,1.0,1
raw,28bf7f38cf93fb05,2,1,2,0.5,2
raw,1e9ed01ec6fb2c6a,1,1,1,1.0,1
raw,3e24a6baba18a94b,1,1,1,1.0,1
raw,1575f21feae4dc0d,1,1,1,1.0,1
raw,1b866431b9692457,1,1,1,1.0,1
raw,fed6baa1e338f15b,1,1,1,1.0,1
raw,61ca47f3ef5cbce1,1,1,1,1.0,1
raw,e8afab24e5839495,1,1,1,1.0,1
raw,fd99aaae57ddea87,1,1,1,1.0,1
raw,c2c87a80a2ebd757,2,1,2,0.5,2
raw,2d4502d70e6bb9f2,1,1,1,1.0,1
raw,e3e57c0a249b8e17,1,1,1,1.0,1
raw,d8aa01a1ac4fd622,1,1,1,1.0,1
raw,a8561412366eceea,1,1,1,1.0,1
raw,dc350728eabb3442,1,1,1,1.0,1
raw,8a546f15ffe0d6d0,1,1,1,1.0,1
raw,18d9eebcff6b0428,1,1,1,1.0,1
raw,1d590e018e236fb6,1,1,1,1.0,1
raw,dbd102c9204a3251,1,1,1,1.0,1
raw,61cbe4597b7d6ebd,1,1,1,1.0,1
raw,9bdb144992024587,2,1,2,0.5,2
raw,06e8016489a29c3f,1,1,1,1.0,1
raw,fa7a5216c74d5c24,1,1,1,1.0,1
raw,ffcbe5ff8ffd728d,1,1,1,1.0,1
raw,f7045cf1efb0435e,1,1,1,1.0,1
raw,3ed220082e4f213e,1,1,1,1.0,1
raw,6cc28f55e4f86cda,1,1,1,1.0,1
raw,c32828485675f112,1,1,1,1.0,1
raw,392dce4bf5067214,1,1,1,1.0,1
raw,7226fa66a4e5c01a,2,1,2,0.5,2
raw,d75b488ecee7a858,1,1,1,1.0,1
raw,ec20648f3d1d531d,1,1,1,1.0,1
raw,2c76f16f566b979b,1,1,1,1.0,1
raw,120e22c60ad85642,1,1,1,1.0,1
raw,e261a6b0554912e1,1,1,1,1.0,1
raw,e310cc16c09ab36d,1,1,1,1.0,1
raw,6546b5aeec7003a5,1,1,1,1.0,1
raw,416a25b9c31babb5,1,1,1,1.0,1
raw,87e14b4e1b23ef8f,2,1,2,0.5,2
raw,9d939252c2126c47,1,1,1,1.0,1
raw,7af400c1bbcf99d6,1,1,1,1.0,1
raw,e00eacba3c63ac00,2,1,2,0.5,2
raw,d29e20a855317108,1,1,1,1.0,1
raw,f8361ee521beb3c5,1,1,1,1.0,1
raw,373459a7526512e6,1,1,1,1.0,1
raw,b63b800a633fc4be,1,1,1,1.0,1
raw,f35cda46473b88ad,1,1,1,1.0,1
raw,239f5fc046bb9b9b,1,1,1,1.0,1
raw,d8c8126f9dac4b0e,1,1,1,1.0,1
raw,51e4e2ea5f43f9c3,1,1,1,1.0,1
raw,b32cf63d0bd220bb,4,4,1,1.0,3-5
raw,efc4f467574ab961,1,1,1,1.0,1
raw,5a2c34038419955c,2,1,2,0.5,2
raw,502549c542502498,1,1,1,1.0,1
raw,419eed5f6620541a,1,1,1,1.0,1
raw,1f24228b05a77b77,1,1,1,1.0,1
raw,8ec0e0674db7836d,1,1,1,1.0,1
raw,f58a7997e4f8a58e,1,1,1,1.0,1
raw,11c825cc1bc1e1e7,1,1,1,1.0,1
raw,0aa5a12a3299a63f,1,1,1,1.0,1
raw,8ac4091e238dd0d0,1,1,1,1.0,1
raw,6ac2d42b7d613599,1,1,1,1.0,1
raw,6229bdc9db9d585f,1,1,1,1.0,1
raw,b25c176eeeed0f82,1,1,1,1.0,1
raw,d21095db6a8dd676,2,1,2,0.5,2
raw,d5c150553ba00342,1,1,1,1.0,1
raw,9d9edfbaacef7b6b,1,1,1,1.0,1
raw,497ce1f99a15ed45,1,1,1,1.0,1
raw,cc3ad46e575592a4,1,1,1,1.0,1
raw,008407895bb5a046,1,1,1,1.0,1
raw,47305babb91bad68,1,1,1,1.0,1
raw,99b830aa0a8e878b,2,1,2,0.5,2
raw,80626953acaa6888,1,1,1,1.0,1
raw,80387306466c5f0b,1,1,1,1.0,1
raw,e519e50a34909f55,1,1,1,1.0,1
raw,fe82caf06a88bfc4,1,1,1,1.0,1
raw,dd1dbc9f06d6a777,1,1,1,1.0,1
raw,34c78d45ed290b46,1,1,1,1.0,1
raw,75e039be2fd1262c,1,1,1,1.0,1
raw,f63c1fc47cd84536,2,1,2,0.5,2
raw,26d0a95cfb4078f5,1,1,1,1.0,1
raw,2ef0909fc8b37679,1,1,1,1.0,1
raw,1095316992a30f72,1,1,1,1.0,1
raw,f106869a25c36752,1,1,1,1.0,1
raw,dbf403644cdfcf24,1,1,1,1.0,1
raw,49d32fe3d2e683ad,1,1,1,1.0,1
raw,99a99c6dd8981e77,1,1,1,1.0,1
raw,93a19e05af7b6e5d,1,1,1,1.0,1
raw,61f1520685843993,1,1,1,1.0,1
raw,3a0cbb892afe76d5,2,1,2,0.5,2
raw,22902f3c6873f2b1,1,1,1,1.0,1
raw,709568a382a543e4,1,1,1,1.0,1
raw,8207ca50dc40c15c,1,1,1,1.0,1
raw,8fae19318adbe013,1,1,1,1.0,1
raw,d61e362eb86827ed,1,1,1,1.0,1
raw,026dc92fa3a7759a,1,1,1,1.0,1
raw,66a30e67a9c16ca0,1,1,1,1.0,1
raw,8fd95d806161abaf,1,1,1,1.0,1
raw,e321d049e2777e2e,1,1,1,1.0,1
raw,eb9cfc3e161a79a3,1,1,1,1.0,1
raw,6f9d97002a5214c6,2,1,2,0.5,2
raw,eb21213fef26da6a,2,1,2,0.5,2
raw,726176c0837fe186,1,1,1,1.0,1
raw,c7b4ace3ee43335e,1,1,1,1.0,1
raw,385a5472d5c7e8a8,1,1,1,1.0,1
raw,fef6d6c6adde831a,1,1,1,1.0,1
raw,573f22a3a7f9e97e,2,1,2,0.5,2
raw,d42ca544c387db75,1,1,1,1.0,1
raw,135928b8ddd09893,2,1,2,0.5,2
raw,79ca9ae53b9355fc,2,1,2,0.5,2
raw,11deaf20804966ef,1,1,1,1.0,1
raw,3333902e490dd1eb,1,1,1,1.0,1
raw,32b8c4c1bc70b7fc,1,1,1,1.0,1
raw,15a39a8e048c4c6c,1,1,1,1.0,1
raw,5d5d4f16771cd95c,1,1,1,1.0,1
raw,c07359980c672e3f,1,1,1,1.0,1
raw,4c09424dacc8a03b,1,1,1,1.0,1
raw,9855a7b7d230c7b6,1,1,1,1.0,1
raw,7d4b33fa512b058b,1,1,1,1.0,1
raw,825fbbf70995bbe8,1,1,1,1.0,1
raw,980b8ce23eda2c2e,1,1,1,1.0,1
raw,d6dfced57d227af6,1,1,1,1.0,1
raw,ffa24f47c35b69df,1,1,1,1.0,1
raw,4f89fe15bdb6e108,1,1,1,1.0,1
raw,cb4a53f4fa2ede56,1,1,1,1.0,1
raw,9ed30d831082437b,1,1,1,1.0,1
raw,4a5252c93f9ee000,1,1,1,1.0,1
raw,ca579e235db55a36,1,1,1,1.0,1
raw,a5129d1dca9912c0,1,1,1,1.0,1
raw,5766a760417f50e8,1,1,1,1.0,1
raw,9039a26b7899c7da,1,1,1,1.0,1
raw,6acdfc223d13a486,1,1,1,1.0,1
raw,9441732bf979ab7e,1,1,1,1.0,1
raw,23e916f866f896d1,1,1,1,1.0,1
raw,654b084799ccbf05,1,1,1,1.0,1
raw,d5e812a8e210ee18,1,1,1,1.0,1
raw,555e0bd9da18fad3,1,1,1,1.0,1
raw,873bf5946a8e9ddb,1,1,1,1.0,1
raw,3cd54b53c6a1d5f9,1,1,1,1.0,1
raw,cbe191f9911c08ca,1,1,1,1.0,1
raw,93b57d1ec322cb89,1,1,1,1.0,1
raw,947fcb6966e191a8,1,1,1,1.0,1
raw,d00cfc6e054bb012,1,1,1,1.0,1
raw,3afd3dc865b9d8cd,1,1,1,1.0,1
raw,88761a12856b4a93,1,1,1,1.0,1
raw,278b4bf3dc8b0702,1,1,1,1.0,1
raw,146b28984750509b,1,1,1,1.0,1
raw,861738ccf862f19e,1,1,1,1.0,1
raw,c528bf9edefca219,1,1,1,1.0,1
raw,2f82197ed64fb1d9,1,1,1,1.0,1
raw,5862d290a591c8df,2,1,2,0.5,2
raw,ffb2dbd40c7fcb7b,1,1,1,1.0,1
raw,0295d06dfb2caf6f,1,1,1,1.0,1
raw,4c6541e352e09bb8,1,1,1,1.0,1
raw,be284670f9adc323,1,1,1,1.0,1
raw,814850331946f522,1,1,1,1.0,1
raw,dd38ea324905e239,1,1,1,1.0,1
raw,918c6dead5708f32,1,1,1,1.0,1
raw,d67b06d8dcb34d2e,1,1,1,1.0,1
raw,42a88cc0c2a478cf,1,1,1,1.0,1
raw,df1cef7d13129a0b,1,1,1,1.0,1
raw,198d9f241219020e,1,1,1,1.0,1
raw,325f9a3d733819fe,1,1,1,1.0,1
raw,0426c9c386c84098,2,1,2,0.5,2
raw,00fb33b93d307411,2,1,2,0.5,2
raw,0335a5cbf34de14a,1,1,1,1.0,1
raw,fcbcba36d6fed542,1,1,1,1.0,1
raw,aa3434b4901afb4b,1,1,1,1.0,1
raw,5106a257fd2b059f,1,1,1,1.0,1
raw,2f037efe33d8fd51,1,1,1,1.0,1
raw,bc190eab4d7e6c4c,1,1,1,1.0,1
raw,cb80bff685cee40e,1,1,1,1.0,1
raw,23c2f5c0e1c49bf6,2,1,2,0.5,2
raw,188534fd0280ef44,1,1,1,1.0,1
raw,695ed2442aaf12fa,1,1,1,1.0,1
raw,39334c36c49a2a1e,1,1,1,1.0,1
raw,95c44192bd313e65,1,1,1,1.0,1
raw,0c3872b2a247cb15,1,1,1,1.0,1
raw,bab1d0685b4fe837,2,1,2,0.5,2
raw,a2c6e461ad47a9d7,1,1,1,1.0,1
raw,f43b79fedd3ec022,1,1,1,1.0,1
raw,67c38b80e6a6f109,1,1,1,1.0,1
raw,0ce715b08ef2e813,1,1,1,1.0,1
raw,e61cf7e7d29aeb30,1,1,1,1.0,1
raw,a2d5fd48dc2d0eda,1,1,1,1.0,1
raw,54ba7e2628f5f08c,1,1,1,1.0,1
raw,184beaaa9ba3f753,1,1,1,1.0,1
raw,7ccd5fa5ee2e2d00,1,1,1,1.0,1
raw,9b9a98f1db0aab25,1,1,1,1.0,1
raw,f546575f0dbdc776,1,1,1,1.0,1
raw,7e0daca5a7527a93,1,1,1,1.0,1
raw,7bfd246376cc106b,2,1,2,0.5,2
raw,1397196af730de38,1,1,1,1.0,1
raw,ab74eee611b4beaa,1,1,1,1.0,1
raw,f7bb01714bf8e6b9,1,1,1,1.0,1
raw,a305f374ebcf4cf2,1,1,1,1.0,1
raw,998720c94bda00d3,2,1,2,0.5,2
raw,15abfd5e873e6297,2,1,2,0.5,2
raw,a2e781c5c755f47d,1,1,1,1.0,1
raw,4a12f170379af1fe,1,1,1,1.0,1
raw,ec6af737dde9db5f,1,1,1,1.0,1
raw,7087bf1657b23178,2,1,2,0.5,2
raw,287e6bc9434e3899,2,1,2,0.5,2
raw,f8a96057ea11d143,1,1,1,1.0,1
raw,d285adc096ccd361,1,1,1,1.0,1
raw,dd4188c399619c06,1,1,1,1.0,1
raw,d0b652aa8dd99f79,1,1,1,1.0,1
raw,f8ce0565bfb38a32,1,1,1,1.0,1
raw,2e4b104d096466e4,1,1,1,1.0,1
raw,b8dffa26d64c0a04,1,1,1,1.0,1
raw,c781aa07713c6741,1,1,1,1.0,1
raw,e8bf350f96fe09be,1,1,1,1.0,1
raw,409f881258ebe20c,1,1,1,1.0,1
raw,74c21be889289257,1,1,1,1.0,1
raw,81b30782920af25f,1,1,1,1.0,1
raw,b1c6ada3f9602fbf,1,1,1,1.0,1
raw,36d65035a71fb9ef,1,1,1,1.0,1
raw,da8b918626658410,1,1,1,1.0,1
raw,d00a2ba46ae60de1,1,1,1,1.0,1
raw,295159689a920be7,1,1,1,1.0,1
raw,2d4896d3a80aa838,1,1,1,1.0,1
raw,3d15c7336b4b0ecc,1,1,1,1.0,1
raw,00b9760bce10cf74,1,1,1,1.0,1
raw,bcac07514be1962f,2,1,2,0.5,2
raw,3756c3eb852034f6,1,1,1,1.0,1
raw,e1d497b6667e9500,1,1,1,1.0,1
raw,02a97d60d1afcad0,1,1,1,1.0,1
raw,5d28ca4a819362a2,1,1,1,1.0,1
raw,343e22bd1b73073d,1,1,1,1.0,1
raw,d070ca3009d6748f,1,1,1,1.0,1
raw,80adc8c599f6b2c9,1,1,1,1.0,1
raw,bbade70ecb8922ed,1,1,1,1.0,1
raw,4a3bb48461b8b534,1,1,1,1.0,1
raw,8eae198175639171,1,1,1,1.0,1
raw,807922ea0477e8f3,1,1,1,1.0,1
raw,03831b39bfe5ab8c,2,1,2,0.5,2
raw,97fa43befeb1382c,1,1,1,1.0,1
raw,3b8fba1ac1910840,1,1,1,1.0,1
raw,20026ac2209bb83d,1,1,1,1.0,1
raw,b3b283a5b8091840,2,1,2,0.5,2
raw,bae24bcfacfa9e75,1,1,1,1.0,1
raw,c268bc76f5604726,1,1,1,1.0,1
raw,01d87bdbc95d64eb,1,1,1,1.0,1
raw,e4da85177b003bed,1,1,1,1.0,1
raw,047094095f340125,2,1,2,0.5,2
raw,75017ce83f18ed0c,1,1,1,1.0,1
raw,afa9c110f8a3436c,1,1,1,1.0,1
raw,3909187f0fc825e4,1,1,1,1.0,1
raw,f5996b007b3e93e3,1,1,1,1.0,1
raw,7db449c27fbf54ea,1,1,1,1.0,1
raw,6b1bf0dc8e4d1ecb,1,1,1,1.0,1
raw,42c5325b7a6f71da,1,1,1,1.0,1
raw,b58de23f8d181b70,1,1,1,1.0,1
raw,9f7ed823515334b0,1,1,1,1.0,1
raw,cde51c7390413782,1,1,1,1.0,1
raw,724b98b50e740dbb,1,1,1,1.0,1
raw,60d5ea8c2747327e,1,1,1,1.0,1
raw,944d36cde1073a87,1,1,1,1.0,1
raw,74504507f9a0f991,2,1,2,0.5,2
raw,8d0d314452647a73,1,1,1,1.0,1
raw,3c7e3eea99a576ce,1,1,1,1.0,1
raw,039577df7af8d370,1,1,1,1.0,1
raw,e5d19473ce6545ae,1,1,1,1.0,1
raw,02baae4744fc1681,1,1,1,1.0,1
raw,a99978c58ad0c992,1,1,1,1.0,1
raw,1bae44ed8017b404,2,1,2,0.5,2
raw,e4101b98b10bfe82,1,1,1,1.0,1
raw,3b92163446f744ed,2,1,2,0.5,2
raw,f4fceeee80641b35,1,1,1,1.0,1
raw,693a2276093eb3f9,1,1,1,1.0,1
raw,4cded46183c0ee77,2,1,2,0.5,2
raw,9397ab198be63e89,1,1,1,1.0,1
raw,3194def6b0b7eeb9,1,1,1,1.0,1
raw,9df9aafb84398d80,1,1,1,1.0,1
raw,0b03e3d74286329b,1,1,1,1.0,1
raw,b305ff8c0b239439,1,1,1,1.0,1
raw,c0e0442f401d3ae0,1,1,1,1.0,1
raw,2a9dfc22fbfaa3a9,1,1,1,1.0,1
raw,1487e7ab9d052256,2,1,2,0.5,2
raw,1975acfa6cd5f995,1,1,1,1.0,1
raw,e3e0636f3152d5cd,1,1,1,1.0,1
raw,a8e66d097ecd32f1,1,1,1,1.0,1
raw,0fa190c03f376507,1,1,1,1.0,1
raw,28d536321f17d69e,1,1,1,1.0,1
raw,805c2fa27b797e27,1,1,1,1.0,1
raw,a67832e81043c6ca,1,1,1,1.0,1
raw,d84df59296058dda,2,1,2,0.5,2
raw,e791b3fb78390d8b,1,1,1,1.0,1
raw,31037bbbb0cfebdf,1,1,1,1.0,1
raw,1038fabb8c35d3dc,1,1,1,1.0,1
raw,908080617fc02dbc,1,1,1,1.0,1
raw,f1f431edefbd366d,1,1,1,1.0,1
raw,30b7a002d3e3c4b7,1,1,1,1.0,1
raw,e1fd5431fa7146da,1,1,1,1.0,1
raw,26b52bcede7226cc,1,1,1,1.0,1
raw,ceec74e59bd2ec46,1,1,1,1.0,1
raw,cc87444db303fa30,1,1,1,1.0,1
raw,df6304b55cdd34f3,1,1,1,1.0,1
raw,b57848488e6858c1,2,1,2,0.5,2
raw,8a7f8d81af0c0387,1,1,1,1.0,1
raw,a3724e2e2de5d447,1,1,1,1.0,1
raw,b3c81463283134ab,1,1,1,1.0,1
raw,4162d02abe3171e9,2,1,2,0.5,2
raw,2c44d5c6a25b04c1,1,1,1,1.0,1
raw,b855dc46c07c8eec,1,1,1,1.0,1
raw,3cba22c45fe10c52,1,1,1,1.0,1
raw,40b66c655ef27caa,1,1,1,1.0,1
raw,e2ad706715d33a60,1,1,1,1.0,1
raw,524b9871b4a44ef9,2,1,2,0.5,2
raw,63139f104e0e1410,1,1,1,1.0,1
raw,5c177934fb86b8d4,1,1,1,1.0,1
raw,818e59b8744843cf,1,1,1,1.0,1
raw,c9cb18f77934a906,1,1,1,1.0,1
raw,f0e08c235d78e4e0,1,1,1,1.0,1
raw,667d3d0b278af311,2,1,2,0.5,2
raw,43954133beea135d,1,1,1,1.0,1
raw,747f509cf1b1eff5,1,1,1,1.0,1
raw,c1dffbf06f4c30a8,1,1,1,1.0,1
raw,d78438ef51cb6396,2,1,2,0.5,2
raw,5064dd813cfe0bb0,1,1,1,1.0,1
raw,c73487db928de24f,1,1,1,1.0,1
raw,8de872b1dd4fc1e8,1,1,1,1.0,1
raw,8c39d0f6454c459b,1,1,1,1.0,1
raw,76c0451df8e0b506,1,1,1,1.0,1
raw,207c831f5dae910b,1,1,1,1.0,1
raw,669d291cfb26ca2c,1,1,1,1.0,1
raw,78e645332eb7fe6f,1,1,1,1.0,1
raw,1daad160121868ac,1,1,1,1.0,1
raw,2417e5ff19db1dbe,1,1,1,1.0,1
raw,db0a909b32eee7d6,1,1,1,1.0,1
raw,abf3ea56475f34e5,1,1,1,1.0,1
raw,44c430dc4e2cd62c,1,1,1,1.0,1
raw,3369ab770e7ca91e,1,1,1,1.0,1
raw,55b8c844e27f4aea,1,1,1,1.0,1
raw,f94d20535c9adc27,1,1,1,1.0,1
raw,3a9450074fbb01d3,1,1,1,1.0,1
raw,b81512c54620b56d,1,1,1,1.0,1
raw,4a14435620e040a0,2,1,2,0.5,2
raw,d8622ae16e433927,1,1,1,1.0,1
raw,1eed2fc5a64d560b,1,1,1,1.0,1
raw,f906d9c5b5012737,2,1,2,0.5,2
raw,4ad64b0a45490839,1,1,1,1.0,1
raw,ed13490004244afd,1,1,1,1.0,1
raw,78380bd8250e3b0c,1,1,1,1.0,1
raw,e2176e34cf2517d5,1,1,1,1.0,1
raw,7df3f89917bb8635,1,1,1,1.0,1
raw,321473ef8468d255,2,1,2,0.5,2
raw,a7677f19889487c7,1,1,1,1.0,1
raw,6814c690b434b1e9,1,1,1,1.0,1
raw,27bea3094a9999bb,1,1,1,1.0,1
raw,d6bca809b9165c76,1,1,1,1.0,1
raw,280916990d14809d,1,1,1,1.0,1
raw,44b8cd6ccb19a5ac,1,1,1,1.0,1
raw,b638d6aee274333d,1,1,1,1.0,1
raw,7716dc1986c45b0c,1,1,1,1.0,1
raw,c20c317a62dfc0ae,2,1,2,0.5,2
raw,85d5bc2ea59e07d3,2,1,2,0.5,2
raw,d97c413896fa1788,1,1,1,1.0,1
raw,b2eff93baf6e6e21,1,1,1,1.0,1
raw,0fbe9044017ebe15,1,1,1,1.0,1
raw,41011dae6bc788f7,1,1,1,1.0,1
raw,0f5d579a244724ad,1,1,1,1.0,1
raw,589dbb9150c78f5b,1,1,1,1.0,1
raw,b8d5e8da4c20f186,1,1,1,1.0,1
raw,0841d05da218592e,2,1,2,0.5,2
raw,7a8cd8d11a54d7d5,1,1,1,1.0,1
raw,525e63c9ac30428d,1,1,1,1.0,1
raw,be0e3b7a79617e8d,1,1,1,1.0,1
raw,be5ca48a770f08c8,1,1,1,1.0,1
raw,1a140b7d75a76ce8,2,1,2,0.5,2
raw,880c233fd7e40e39,1,1,1,1.0,1
raw,4de4315a610124cd,1,1,1,1.0,1
raw,a9a0263320ed78f2,1,1,1,1.0,1
raw,2be7ea640d377b3f,1,1,1,1.0,1
raw,485f4d46c5fc005d,1,1,1,1.0,1
raw,3f185df18df7805d,1,1,1,1.0,1
raw,188717fca747b38f,1,1,1,1.0,1
raw,547230d703b1f8ba,1,1,1,1.0,1
raw,56709cff74e2799a,1,1,1,1.0,1
raw,7a4825c4e8ecc1da,1,1,1,1.0,1
raw,37d38b1e6171f338,1,1,1,1.0,1
raw,a75fdecc7c5c18e8,1,1,1,1.0,1
raw,c717d8860b0102eb,1,1,1,1.0,1
raw,18997bd0abaf62a1,1,1,1,1.0,1
raw,4feff55691529815,1,1,1,1.0,1
raw,8b2f881978242543,1,1,1,1.0,1
raw,4d5fd38b796ac7ba,1,1,1,1.0,1
raw,79967b3d58ceea60,1,1,1,1.0,1
raw,1ecb7e38ba151845,1,1,1,1.0,1
raw,bf8fa2375d081e1a,1,1,1,1.0,1
raw,3b89f9dc1b410310,1,1,1,1.0,1
raw,7ecb1089f37d2e63,1,1,1,1.0,1
raw,c34573c8875ebd97,1,1,1,1.0,1
raw,6c6351e13495889b,1,1,1,1.0,1
raw,50a88648c8032019,1,1,1,1.0,1
raw,dfee5d22cf03b779,1,1,1,1.0,1
raw,fbfc84799bd9359b,1,1,1,1.0,1
raw,3494dbf07a0edbdf,1,1,1,1.0,1
raw,97a0f810009f3282,1,1,1,1.0,1
raw,8205f20334cbe058,1,1,1,1.0,1
raw,1367ecf0e471ceca,1,1,1,1.0,1
raw,00f035c1aca587c9,1,1,1,1.0,1
raw,2c7658d2be88c6d0,1,1,1,1.0,1
raw,b3e52f683097cf36,2,1,2,0.5,2
raw,eb9a0c132ddc9d60,1,1,1,1.0,1
raw,1b3df72787355862,1,1,1,1.0,1
raw,8baa273501f858d8,1,1,1,1.0,1
raw,fcbf37379ea74dae,1,1,1,1.0,1
raw,991115ae31b4b668,1,1,1,1.0,1
raw,724429783d196ce3,1,1,1,1.0,1
raw,bffcecc1818cd198,1,1,1,1.0,1
raw,aa53a12d945a29f3,1,1,1,1.0,1
raw,9328366b1e7a06d4,1,1,1,1.0,1
raw,f2cbd974d5862bc6,1,1,1,1.0,1
raw,3315fccfc95cda33,1,1,1,1.0,1
raw,fa0fc26354313f98,1,1,1,1.0,1
raw,a477a59a31b766c3,1,1,1,1.0,1
raw,992ff3047657eb75,1,1,1,1.0,1
raw,f38435d86b1774f3,2,1,2,0.5,2
raw,671946c76ce71324,1,1,1,1.0,1
raw,d56bdbf9d52511cb,1,1,1,1.0,1
raw,169520eafcd7cfef,1,1,1,1.0,1
raw,7e79ad32a5ba558c,1,1,1,1.0,1
raw,60283f870d15f4ff,1,1,1,1.0,1
raw,be449130c7b4ae8d,1,1,1,1.0,1
raw,f18af45a2fe595a3,1,1,1,1.0,1
raw,8d1441d8327b80d4,1,1,1,1.0,1
raw,e3a19cc68a969f5f,1,1,1,1.0,1
raw,3d4a99093f3175d1,1,1,1,1.0,1
raw,8ff4b52ddb5093a9,1,1,1,1.0,1
raw,beb3e456f3f344b1,1,1,1,1.0,1
raw,53efa760e08ca862,1,1,1,1.0,1
raw,a0c8d4084ecaa627,1,1,1,1.0,1
raw,292c0b914ab03647,1,1,1,1.0,1
raw,6f6d6e83c015383f,1,1,1,1.0,1
raw,9c8dd9b1af9d6ddd,1,1,1,1.0,1
raw,22e3269e353f8235,2,1,2,0.5,2
raw,48a3ed5d5d3c07c6,1,1,1,1.0,1
raw,296182bca6888487,1,1,1,1.0,1
raw,8fee8c81f882c934,1,1,1,1.0,1
raw,b86937858f94ddd0,2,1,2,0.5,2
raw,43847173456a38e0,1,1,1,1.0,1
raw,c986d2fdda1037e9,1,1,1,1.0,1
raw,10a828174ca33ffb,1,1,1,1.0,1
raw,d1add8d7af6c11c3,1,1,1,1.0,1
raw,a9abcd348f487099,1,1,1,1.0,1
raw,7c8d7684244e75a6,1,1,1,1.0,1
raw,9a3584857b15a912,1,1,1,1.0,1
raw,86652525a720da04,1,1,1,1.0,1
raw,4c7b474aec19238b,1,1,1,1.0,1
raw,add2796d2eddf4e5,1,1,1,1.0,1
raw,a2df919ddb755727,1,1,1,1.0,1
raw,423b072a59122945,1,1,1,1.0,1
raw,bc0d942b79e3babf,1,1,1,1.0,1
raw,ef71a7a6f0911261,1,1,1,1.0,1
raw,04d66d54b6cb1b65,2,1,2,0.5,2
raw,fd4a0289b65b37bd,1,1,1,1.0,1
raw,a0ad0657e6f0d36b,2,1,2,0.5,2
raw,fbc15bbc70e36139,1,1,1,1.0,1
raw,c95731231b6563f8,1,1,1,1.0,1
raw,467d02b3db6c2ef7,2,1,2,0.5,2
raw,8b4f03da3abdb637,1,1,1,1.0,1
raw,ac29d045bd6029f2,1,1,1,1.0,1
raw,700e6f515b965adc,1,1,1,1.0,1
raw,3713bc2a28175e5d,1,1,1,1.0,1
raw,779b026628f5c8fe,1,1,1,1.0,1
raw,905fecb45b736f14,1,1,1,1.0,1
raw,76b75756d8507627,1,1,1,1.0,1
raw,6b9a9bd2b06811f4,1,1,1,1.0,1
raw,114deb3d049c21bb,1,1,1,1.0,1
raw,7a2374fc5e33412d,1,1,1,1.0,1
raw,bd8af0dcc145b198,1,1,1,1.0,1
raw,49dc01c6aa3c77cf,1,1,1,1.0,1
raw,b19e68c2708ea320,1,1,1,1.0,1
raw,2e3f7473f04921d4,1,1,1,1.0,1
raw,425fae80cdce0913,1,1,1,1.0,1
raw,4c62e23741e0e44c,1,1,1,1.0,1
raw,9f943135fb30e767,1,1,1,1.0,1
raw,10c2fc0b87b54623,1,1,1,1.0,1
raw,faf7e6d2f2b45d69,2,1,2,0.5,2
raw,3d0a01de3b84ed3d,1,1,1,1.0,1
raw,8e135743cc5b01c4,1,1,1,1.0,1
raw,0a59cdc1976150b8,1,1,1,1.0,1
raw,567bf445800a3b67,1,1,1,1.0,1
raw,894c30bc5408729a,1,1,1,1.0,1
raw,2f44666092c06322,1,1,1,1.0,1
raw,b8ab131623fca3ad,1,1,1,1.0,1
raw,4a00399291133df5,1,1,1,1.0,1
raw,8d7c2b4baa410be7,2,1,2,0.5,2
raw,0e37d460b6d8f413,1,1,1,1.0,1
raw,10e6f40615cf9ec5,1,1,1,1.0,1
raw,3a35885e367f54f4,1,1,1,1.0,1
raw,9f638d5e6f92d4e4,1,1,1,1.0,1
raw,1713920e249006f4,1,1,1,1.0,1
raw,df10ddcec8139e80,1,1,1,1.0,1
raw,44a1a9a4966099d9,1,1,1,1.0,1
raw,8cd9a97747c3301a,1,1,1,1.0,1
raw,2a3f16c75d080f26,1,1,1,1.0,1
raw,d839e2d822e153e4,1,1,1,1.0,1
raw,ceecac8e8535ed5a,2,1,2,0.5,2
raw,7603d740074b67bc,2,1,2,0.5,2
raw,4e3a4e970409dada,2,1,2,0.5,2
raw,f6bdf9c3e22e1aeb,1,1,1,1.0,1
raw,8d59e0b34c61d92f,1,1,1,1.0,1
raw,e6cb460f38925617,1,1,1,1.0,1
raw,3af67ca42eec8134,1,1,1,1.0,1
raw,69efc62bcb16e442,1,1,1,1.0,1
raw,3a8139b7842834f9,1,1,1,1.0,1
raw,ced5df4c5a1f5526,1,1,1,1.0,1
raw,c319c54eeb0b0e50,1,1,1,1.0,1
raw,19ab15c496b1a776,1,1,1,1.0,1
raw,caa0515cc5c7f2ec,1,1,1,1.0,1
raw,ee4b93034b039051,1,1,1,1.0,1
raw,5b1e02a54a2ff326,1,1,1,1.0,1
raw,637e426fcded2b4e,1,1,1,1.0,1
raw,f109f20b6b9a73e7,1,1,1,1.0,1
raw,94197b05c20efddf,2,1,2,0.5,2
raw,ff7f60992aaa72b3,1,1,1,1.0,1
raw,5f7d3457828fb13c,1,1,1,1.0,1
raw,c2e0a3f8e4973a58,1,1,1,1.0,1
raw,285d8d7753932e39,1,1,1,1.0,1
raw,26864ae5a3ad3571,1,1,1,1.0,1
raw,f33c5fd9558c370c,1,1,1,1.0,1
raw,9b83b4e3dcfc8dd6,1,1,1,1.0,1
raw,75319f9891afee59,2,1,2,0.5,2
raw,8adf5d3a386db4ef,1,1,1,1.0,1
raw,3b0bc6f5e9eeaf6c,1,1,1,1.0,1
raw,a18dd57dffdd03d5,1,1,1,1.0,1
raw,821fe9d394b2c7ec,1,1,1,1.0,1
raw,cf4ddc598f1584de,1,1,1,1.0,1
raw,d20487d27f7aab3f,1,1,1,1.0,1
raw,330df0e133e03390,1,1,1,1.0,1
raw,d67d24a0c34f5395,1,1,1,1.0,1
raw,502468620e25d5c5,1,1,1,1.0,1
raw,0d88ce82979ec634,1,1,1,1.0,1
raw,2d7245b01f0c9283,1,1,1,1.0,1
raw,abafc05bc145663d,1,1,1,1.0,1
raw,212074ab68135c28,1,1,1,1.0,1
raw,00368ea68a0ff326,1,1,1,1.0,1
raw,5dda310c893de99b,1,1,1,1.0,1
raw,77cd7179d732ab76,1,1,1,1.0,1
raw,70c1c4682f427ec1,1,1,1,1.0,1
raw,7bb20d84a9ee9f7b,1,1,1,1.0,1
raw,98d657c9e6152188,2,1,2,0.5,2
raw,49bf48b508d13559,1,1,1,1.0,1
raw,0975498e806d8973,1,1,1,1.0,1
raw,7a2d37168bbe6bc6,1,1,1,1.0,1
raw,93f229cc145ded0b,2,1,2,0.5,2
raw,faa749cc00ad93f4,1,1,1,1.0,1
raw,aae9cdf586f572d0,1,1,1,1.0,1
raw,ae214e804b488b53,2,1,2,0.5,2
raw,3557bf13116ce2ef,1,1,1,1.0,1
raw,e0d01a4d57103b34,1,1,1,1.0,1
raw,9da93aefa7b448a8,1,1,1,1.0,1
raw,7e064ab65a5aa4fa,1,1,1,1.0,1
raw,9268d5cccefadda7,1,1,1,1.0,1
raw,8eea5c515676b1b6,1,1,1,1.0,1
raw,9a9246a005966ac9,1,1,1,1.0,1
raw,825dd87f824c9b69,2,1,2,0.5,2
raw,a23b6bb67f6fc2a4,1,1,1,1.0,1
raw,fd5a242008d80cbd,1,1,1,1.0,1
raw,83107aa98c9e48be,1,1,1,1.0,1
raw,2145427dfc5debd7,1,1,1,1.0,1
raw,54316da930bf21cc,1,1,1,1.0,1
raw,94dae844148bcf7f,1,1,1,1.0,1
raw,dc09e8ff60816bf8,1,1,1,1.0,1
raw,390753d294adb442,1,1,1,1.0,1
raw,a9ed2f9f9037b66a,1,1,1,1.0,1
raw,6375c8bac371a3f0,2,1,2,0.5,2
raw,ab9ac59de96cf257,1,1,1,1.0,1
raw,671a89306fb5e4a3,1,1,1,1.0,1
raw,7516a356661b82ed,1,1,1,1.0,1
raw,648d9720b95602fe,1,1,1,1.0,1
raw,403e93695249759b,1,1,1,1.0,1
raw,a39ee26d794a96d6,1,1,1,1.0,1
raw,60b218572eae9563,1,1,1,1.0,1
raw,abae07a083beb502,1,1,1,1.0,1
raw,f80a01d8ec3bcaf3,1,1,1,1.0,1
raw,c430a052ae136dc6,1,1,1,1.0,1
raw,10b3ab20935017d7,1,1,1,1.0,1
raw,6ea5bff9fa6ec461,1,1,1,1.0,1
raw,7798eb7738559a92,1,1,1,1.0,1
raw,7321f050bd31f700,1,1,1,1.0,1
raw,47625751abbcb05b,1,1,1,1.0,1
raw,ed7882a98ddedeaf,1,1,1,1.0,1
raw,c4a10025cc019e2d,1,1,1,1.0,1
raw,a2986d0175e47d43,1,1,1,1.0,1
raw,312bbc7810ce6ae1,2,1,2,0.5,2
raw,5ba4d07735d222cf,1,1,1,1.0,1
raw,ac6160999257a841,1,1,1,1.0,1
raw,e7a0e59bb57aa505,1,1,1,1.0,1
raw,5d1d383d4a6066f3,1,1,1,1.0,1
raw,3490f663078040b2,2,1,2,0.5,2
raw,58bd5e68132a1187,1,1,1,1.0,1
raw,af2d843a02231d73,1,1,1,1.0,1
raw,2cb1b335f4f5f148,1,1,1,1.0,1
raw,7d0e67a038303a38,1,1,1,1.0,1
raw,735bda62b22ddb00,1,1,1,1.0,1
raw,2be707de7624948f,1,1,1,1.0,1
raw,feedb32ee36536ce,1,1,1,1.0,1
raw,3b3352e432d8c311,1,1,1,1.0,1
raw,3b0a7387dd04d067,1,1,1,1.0,1
raw,5be52c0eab3d2bf0,1,1,1,1.0,1
raw,0b33945b30b028ce,1,1,1,1.0,1
raw,19fce0c0b1c53118,1,1,1,1.0,1
raw,9879172f107b42c4,1,1,1,1.0,1
raw,9d903f0b501ab6af,2,1,2,0.5,2
raw,30295df3f55c905f,1,1,1,1.0,1
raw,ca2c259b779a0939,1,1,1,1.0,1
raw,227744c9d06c1c47,1,1,1,1.0,1
raw,b608d71fc5c0797b,1,1,1,1.0,1
raw,adae4b15ec617a0a,1,1,1,1.0,1
raw,550c1ff9aebe017b,1,1,1,1.0,1
raw,4a598393d30661bf,1,1,1,1.0,1
raw,7b6551ca7bfdf02b,1,1,1,1.0,1
raw,a26e2b520f46c13d,1,1,1,1.0,1
raw,c9a031d199841b6b,1,1,1,1.0,1
raw,0c749860823cbb8a,1,1,1,1.0,1
raw,51753074aadb902d,2,1,2,0.5,2
raw,647e793a2a0567d2,1,1,1,1.0,1
raw,b0d787e292d617c7,2,1,2,0.5,2
raw,20b905ef3688733f,1,1,1,1.0,1
raw,86f274f3100ca265,1,1,1,1.0,1
raw,9d571151dd03d4b8,1,1,1,1.0,1
raw,99dccfefc31d7a37,1,1,1,1.0,1
raw,5d254bad11a78e5c,1,1,1,1.0,1
raw,f3f203cb93916203,1,1,1,1.0,1
raw,2c20b4962be32d21,1,1,1,1.0,1
raw,865615b21cb85596,2,1,2,0.5,2
raw,7a12ea7f2e085a07,1,1,1,1.0,1
raw,b59b64cb400a3ad0,1,1,1,1.0,1
raw,95933ce49d8178d9,1,1,1,1.0,1
raw,20c5b53df3607364,1,1,1,1.0,1
raw,4d9db69492d463dd,1,1,1,1.0,1
raw,f4eb65ef52500c04,1,1,1,1.0,1
raw,6ee7dbe6e31c558e,1,1,1,1.0,1
raw,59bffffe483f4976,1,1,1,1.0,1
raw,354701fda6846593,1,1,1,1.0,1
raw,6669ce66dbad51b3,1,1,1,1.0,1
raw,0913c745edca1a7a,1,1,1,1.0,1
raw,e1178464cf31a51b,1,1,1,1.0,1
raw,3e8bdc82a9f13b0a,1,1,1,1.0,1
raw,817c53823c9ad06b,1,1,1,1.0,1
raw,700f891a2ceacc4a,1,1,1,1.0,1
raw,abc45ccfd90b7c9f,1,1,1,1.0,1
raw,6e0d195d790acf6d,1,1,1,1.0,1
raw,f25352842b682168,1,1,1,1.0,1
raw,7cba8318128d6264,1,1,1,1.0,1
raw,2908ea164c4a826d,1,1,1,1.0,1
raw,c0f3ab15a0bfb52c,1,1,1,1.0,1
raw,79d8c778f5eb312c,1,1,1,1.0,1
raw,dc3e4f9dd7937595,1,1,1,1.0,1
raw,bc77f306eb130168,1,1,1,1.0,1
raw,d3c216503853f408,1,1,1,1.0,1
raw,26ac41f591609b48,1,1,1,1.0,1
raw,c0f2f8f87690872f,1,1,1,1.0,1
raw,49aa0ee3cbc12375,1,1,1,1.0,1
raw,79f58ed26eda29eb,1,1,1,1.0,1
raw,d26b03d434b6e7d6,1,1,1,1.0,1
raw,55ce021860e05483,1,1,1,1.0,1
raw,46efbfd4ea043cd8,1,1,1,1.0,1
raw,45ebd0d49be85206,1,1,1,1.0,1
raw,bbcc844c88e556ac,1,1,1,1.0,1
raw,97e30f70941455e8,2,1,2,0.5,2
raw,9b5ac633e0498ee3,2,1,2,0.5,2
raw,8a50f25912229ccc,1,1,1,1.0,1
raw,8c957f33f36564a3,1,1,1,1.0,1
raw,41200aa891892d55,1,1,1,1.0,1
raw,61457d3404803230,1,1,1,1.0,1
raw,3ed982c5ce2387d6,1,1,1,1.0,1
raw,9f93beaf7de37250,2,1,2,0.5,2
raw,caa8abc0f2594077,1,1,1,1.0,1
raw,ab35f72a26685ca4,1,1,1,1.0,1
raw,007a4810602b697a,1,1,1,1.0,1
raw,b58ca53e8460c571,2,1,2,0.5,2
raw,784b995d909fb2e9,1,1,1,1.0,1
raw,8ea550ca03b6f127,1,1,1,1.0,1
raw,c7498afce5f3d701,1,1,1,1.0,1
raw,a1c07991d4673cd1,1,1,1,1.0,1
raw,000e81a8f3f6adad,2,1,2,0.5,2
raw,25e1adcf8f22a860,1,1,1,1.0,1
raw,06af86d9eb064481,1,1,1,1.0,1
raw,4514fb6c5535df36,1,1,1,1.0,1
raw,801326e81a64f6bc,1,1,1,1.0,1
raw,8035cb9b51c2958d,2,1,2,0.5,2
raw,d178d1740d336931,1,1,1,1.0,1
raw,26db0551f30e623d,1,1,1,1.0,1
raw,f38c86707ae90eea,1,1,1,1.0,1
raw,126d2653dba87f7e,1,1,1,1.0,1
raw,93b9c01d7bcacf1c,1,1,1,1.0,1
raw,809de736ca64aef1,1,1,1,1.0,1
raw,5cc7279d761f92e7,1,1,1,1.0,1
raw,ffdf70eed3beaca5,1,1,1,1.0,1
raw,94100be2361356e7,1,1,1,1.0,1
raw,bcd7fc45c89773ee,1,1,1,1.0,1
raw,4cd22fe01b90bab7,1,1,1,1.0,1
raw,df46a88dcf520179,1,1,1,1.0,1
raw,2829c732bcd837e8,1,1,1,1.0,1
raw,dac10249b02a7231,1,1,1,1.0,1
raw,ff948ff11ec96400,1,1,1,1.0,1
raw,9bbe87ab1831553d,1,1,1,1.0,1
raw,2c575641f378d7ae,1,1,1,1.0,1
raw,6234aba06c74cd5a,1,1,1,1.0,1
raw,e52faaa8ca440526,1,1,1,1.0,1
raw,903368f9b3769dfd,1,1,1,1.0,1
raw,eeb5584626391559,1,1,1,1.0,1
raw,c629ae791b9787b4,1,1,1,1.0,1
raw,c571bb699173f3ec,1,1,1,1.0,1
raw,02d971879127627c,1,1,1,1.0,1
raw,e3bf38b22bb00ab8,1,1,1,1.0,1
raw,343555ad80efc5e4,1,1,1,1.0,1
raw,9154e2d424accba7,1,1,1,1.0,1
raw,f53f0558d76957df,1,1,1,1.0,1
raw,a375e059dec8cb13,1,1,1,1.0,1
raw,6597c02a8ff3c2b8,1,1,1,1.0,1
raw,e065f0762c046f49,1,1,1,1.0,1
raw,62eaf11c86c64afc,1,1,1,1.0,1
raw,0c1440dca9bef0a9,1,1,1,1.0,1
raw,e3e2052a498fc897,1,1,1,1.0,1
raw,e755f20d665e323f,1,1,1,1.0,1
raw,10e209cf09fcc640,1,1,1,1.0,1
raw,abccac32f0609a9c,1,1,1,1.0,1
raw,c8edc7a19198f38b,1,1,1,1.0,1
raw,f5d26bdff10125a8,1,1,1,1.0,1
raw,28f3528a02308036,1,1,1,1.0,1
raw,5238a2c27d86bee5,1,1,1,1.0,1
raw,de880debc0b88f1e,1,1,1,1.0,1
raw,e4624e5ac36166f9,1,1,1,1.0,1
raw,ce368a8e4582d17c,1,1,1,1.0,1
raw,34af407f12f897aa,1,1,1,1.0,1
raw,1d5622de5ff4267e,1,1,1,1.0,1
raw,87556168bb642eb4,1,1,1,1.0,1
raw,c15167d94e070bc5,1,1,1,1.0,1
raw,4fa0823eb11ab919,1,1,1,1.0,1
raw,2e3fe40fe25f6378,1,1,1,1.0,1
raw,ba4fcc810dbfa613,1,1,1,1.0,1
raw,23f677deadca3bcd,1,1,1,1.0,1
raw,52835cc131a4eba6,1,1,1,1.0,1
raw,a4278816820a930b,1,1,1,1.0,1
raw,f5bd65a8c0e42a20,1,1,1,1.0,1
raw,7477e756695b7621,1,1,1,1.0,1
raw,dbb1322a8a7d17ac,1,1,1,1.0,1
raw,1399ef49a5e6727f,1,1,1,1.0,1
raw,ae147562a5172566,2,1,2,0.5,2
raw,28931f3dd8eae962,1,1,1,1.0,1
raw,f8155d1e7d0ca642,1,1,1,1.0,1
raw,bb0ab6852869a93d,1,1,1,1.0,1
raw,5eb869744056bf2d,1,1,1,1.0,1
raw,41300f423646a1e6,1,1,1,1.0,1
raw,0bfeee30201bde8c,1,1,1,1.0,1
raw,d558a44e2c3dc641,1,1,1,1.0,1
raw,6de7fa828f780700,1,1,1,1.0,1
raw,5bd4f90b5328f2cb,1,1,1,1.0,1
raw,7a0d37b070dcf56b,2,1,2,0.5,2
raw,4b6a169db3cd83e7,2,1,2,0.5,2
raw,ceee9627c1e41f44,1,1,1,1.0,1
raw,aaccbc0ab0eea275,1,1,1,1.0,1
raw,f128ede7491884c1,1,1,1,1.0,1
raw,e77f87d0eaa2170c,2,1,2,0.5,2
raw,bed7aa23ee3bf30a,1,1,1,1.0,1
raw,d6c3d822ebca01af,1,1,1,1.0,1
raw,7623c5a6dc12b228,1,1,1,1.0,1
raw,92e1acb996bdf985,1,1,1,1.0,1
raw,199980b879206478,1,1,1,1.0,1
raw,03dd2bc09ff7ee60,1,1,1,1.0,1
raw,2fbd37046af53da4,2,1,2,0.5,2
raw,dff71513cac1cd3d,1,1,1,1.0,1
raw,367407491b351d4a,1,1,1,1.0,1
raw,d13010593f06068f,1,1,1,1.0,1
raw,49f3109fe5504962,1,1,1,1.0,1
raw,6a4218e17a9f288c,1,1,1,1.0,1
raw,ee41e83d1352f21a,2,1,2,0.5,2
raw,f10e67ebb5322961,1,1,1,1.0,1
raw,1ee8cb0ecbb12a6c,1,1,1,1.0,1
raw,2b7c2c4b0f6bcaf2,1,1,1,1.0,1
raw,79ea4c95f85fe23c,1,1,1,1.0,1
raw,484b20f6361ab86d,1,1,1,1.0,1
raw,1deade7b62a6e891,1,1,1,1.0,1
raw,34003c925718eaa8,2,1,2,0.5,2
raw,b486bd157cf0a239,1,1,1,1.0,1
raw,14b41f459a76d1d6,1,1,1,1.0,1
raw,55ebb08bb32309b9,1,1,1,1.0,1
raw,52b61c6e4874bf6d,1,1,1,1.0,1
raw,0afc41f8a638f9e6,1,1,1,1.0,1
raw,1fe40f5d5a7010f0,1,1,1,1.0,1
raw,c743a91baa852fb5,2,1,2,0.5,2
raw,1d7231e95536a728,1,1,1,1.0,1
raw,3f21d44afa11109f,1,1,1,1.0,1
raw,cfe0736bae4f191d,1,1,1,1.0,1
raw,3963ba87a45634a7,1,1,1,1.0,1
raw,9a1b6dcfcfe76c41,1,1,1,1.0,1
raw,d9005e29fc2c27ea,1,1,1,1.0,1
raw,aacec47fccca8446,1,1,1,1.0,1
raw,20776b8c888318c7,1,1,1,1.0,1
raw,141b563eb97c6f45,1,1,1,1.0,1
raw,8c26114b5d8c34ef,2,1,2,0.5,2
raw,ea04705dd27c230d,1,1,1,1.0,1
raw,89bd5ee22e24d896,1,1,1,1.0,1
raw,f429ddb2ddf1492a,1,1,1,1.0,1
raw,fd0d117f5ebdec0f,1,1,1,1.0,1
raw,26e437f7ba9fe69a,1,1,1,1.0,1
raw,f9b6d922ddad5ab5,1,1,1,1.0,1
raw,0b536fb360d799cf,1,1,1,1.0,1
raw,d7d2aef80d913ebf,1,1,1,1.0,1
raw,952baf38b615db5d,1,1,1,1.0,1
raw,f983700303c3cc2e,2,1,2,0.5,2
raw,d410cf7e31b05c2a,1,1,1,1.0,1
raw,fc183be74299ef52,1,1,1,1.0,1
raw,d0a371ae87180cf6,1,1,1,1.0,1
raw,54837daac67794b0,3,2,2,0.6666666666666666,3-5
raw,3c321d59622dbd23,1,1,1,1.0,1
raw,d3ce4e74aca3aa4d,1,1,1,1.0,1
raw,27e361080bfd0af9,1,1,1,1.0,1
raw,3e951d77690ddb6e,1,1,1,1.0,1
raw,0149104a48c82d08,1,1,1,1.0,1
raw,b876a6a74c9b40c1,1,1,1,1.0,1
raw,bac1ac61a6cf0910,1,1,1,1.0,1
raw,91edd656d50984b8,1,1,1,1.0,1
raw,e1b8d73f88c67c19,1,1,1,1.0,1
raw,97665c6b21697137,1,1,1,1.0,1
raw,a6602e962dad7075,1,1,1,1.0,1
raw,2ab8671b25cc3e20,1,1,1,1.0,1
raw,ef45e33a62d1d978,1,1,1,1.0,1
raw,212216719aaee333,1,1,1,1.0,1
raw,d2e82a1721162a4f,1,1,1,1.0,1
raw,0531403a980d8b8b,1,1,1,1.0,1
raw,409331ffae75bc5f,1,1,1,1.0,1
raw,0d6d12ad63e38ce8,1,1,1,1.0,1
raw,a7ca714c657fa292,2,1,2,0.5,2
raw,baa234e6579935b0,1,1,1,1.0,1
raw,613b2caac6fbbdca,1,1,1,1.0,1
raw,9b115167b497ef06,1,1,1,1.0,1
raw,156682229f158d25,1,1,1,1.0,1
raw,9036466b68778a2f,1,1,1,1.0,1
raw,d6e78303877bbfe7,1,1,1,1.0,1
raw,8c2f4019e8947283,1,1,1,1.0,1
raw,046b5ce7751fb1e8,1,1,1,1.0,1
raw,80447b302384a983,2,1,2,0.5,2
raw,56cca44196331484,1,1,1,1.0,1
raw,efbe6dccfc9c1c78,1,1,1,1.0,1
raw,9ff2e65a8dc6678b,1,1,1,1.0,1
raw,959ec790b5a49d64,1,1,1,1.0,1
raw,3333e7f1784c3cc4,1,1,1,1.0,1
raw,51c35fc768b619e2,2,1,2,0.5,2
raw,2f415b2ad2601dfe,1,1,1,1.0,1
raw,aad4474c3351a369,1,1,1,1.0,1
raw,1c723961319bb670,1,1,1,1.0,1
raw,5b690d033fb1a18d,1,1,1,1.0,1
raw,08124d569e4bde8d,1,1,1,1.0,1
raw,6d0ad881a5848848,1,1,1,1.0,1
raw,4cfdd6c02e68578c,1,1,1,1.0,1
raw,86c0e4578adbe3da,1,1,1,1.0,1
raw,f25591d7839d4727,1,1,1,1.0,1
raw,1dc3c4fd8de1355e,1,1,1,1.0,1
raw,52fe743c51cb3461,1,1,1,1.0,1
raw,b8f2204e53026358,1,1,1,1.0,1
raw,f842d3875e93eeba,1,1,1,1.0,1
raw,f4e95bcd08b7c953,1,1,1,1.0,1
raw,50a6947e2dddf899,1,1,1,1.0,1
raw,6faaf96be2963c11,2,1,2,0.5,2
raw,98b80e67c5abb154,1,1,1,1.0,1
raw,948ab2aac113f15a,1,1,1,1.0,1
raw,352a1d6851d88f1b,1,1,1,1.0,1
raw,09f55668f06dea0d,1,1,1,1.0,1
raw,bf4c880459081508,2,1,2,0.5,2
raw,4b34bfc605b9bcd9,2,1,2,0.5,2
raw,742d4e4ead6b8907,1,1,1,1.0,1
raw,8caff2cdae4c69d9,1,1,1,1.0,1
raw,c21f744059d14bdb,1,1,1,1.0,1
raw,f7695d3e8019e8e7,1,1,1,1.0,1
raw,849c7b0f246cf79f,1,1,1,1.0,1
raw,87cf6621890e74be,1,1,1,1.0,1
raw,e8ced37f3a283162,1,1,1,1.0,1
raw,4d69641632765fa3,1,1,1,1.0,1
raw,63405ff41e90de85,1,1,1,1.0,1
raw,3fcd602a233b3bed,1,1,1,1.0,1
raw,a9a3ef70bcd3e419,2,1,2,0.5,2
raw,f223e40a341672ea,1,1,1,1.0,1
raw,326c835db73e9a25,1,1,1,1.0,1
raw,4fe9c0f1fb74554a,1,1,1,1.0,1
raw,40f1dc5259ced3a5,1,1,1,1.0,1
raw,54030081dacfa76b,1,1,1,1.0,1
raw,021537a835df6ded,1,1,1,1.0,1
raw,b40d0532dadc6d78,2,1,2,0.5,2
raw,02b130695e9aa275,1,1,1,1.0,1
raw,5c37b261b053b198,1,1,1,1.0,1
raw,9c22b1cb9a2a821e,1,1,1,1.0,1
raw,28e5ce9b8b62b2ba,1,1,1,1.0,1
raw,d50a5b355b894d05,1,1,1,1.0,1
raw,364c8b9ffe4e0f35,1,1,1,1.0,1
raw,ea53e3c7049b66bf,1,1,1,1.0,1
raw,dd5ba2e637e3f8c0,1,1,1,1.0,1
raw,545b0239f070b554,1,1,1,1.0,1
raw,5df8b843733749f2,2,1,2,0.5,2
raw,46cafc72f13f8d04,2,1,2,0.5,2
raw,785dbb6fc4fdf73e,1,1,1,1.0,1
raw,b9c28aee27eb15d2,1,1,1,1.0,1
raw,361abe9e5ce2683c,2,1,2,0.5,2
raw,4dd26e782f2f6da4,1,1,1,1.0,1
raw,df65bac5082751ff,1,1,1,1.0,1
raw,dad4b1e779120209,1,1,1,1.0,1
raw,3f18e35323221f63,1,1,1,1.0,1
raw,3c1667a3bc850e91,1,1,1,1.0,1
raw,d23aa520228859f3,1,1,1,1.0,1
raw,5ea3f11bd091f015,1,1,1,1.0,1
raw,0a35f49fd52145ff,1,1,1,1.0,1
raw,e2eaaeb8aa7266ce,1,1,1,1.0,1
raw,2250db7ca282f6e2,1,1,1,1.0,1
raw,be0d1280fd45ef59,2,1,2,0.5,2
raw,a4add157528dfa02,1,1,1,1.0,1
raw,9e7ae71ea168d266,1,1,1,1.0,1
raw,f74441ad1cb903b5,1,1,1,1.0,1
raw,9df95839044fd527,1,1,1,1.0,1
raw,670c5b1e6dcf344a,1,1,1,1.0,1
raw,143b164c5cb66d64,1,1,1,1.0,1
raw,5c9c60c7e1a12f1e,1,1,1,1.0,1
raw,9f32a3bf8f3fdffa,1,1,1,1.0,1
raw,483c1a3564e2ba4e,1,1,1,1.0,1
raw,8926ec609078c1f3,2,1,2,0.5,2
raw,21a4b0d2224461d5,1,1,1,1.0,1
raw,186606f41b527333,1,1,1,1.0,1
raw,98f639aa954c0566,1,1,1,1.0,1
raw,42a23742600d332e,2,1,2,0.5,2
raw,031a157231a246af,1,1,1,1.0,1
raw,1e352e6bd6557210,1,1,1,1.0,1
raw,4a5d14c9ccf8eec1,1,1,1,1.0,1
raw,89f2c0620692ce59,1,1,1,1.0,1
raw,4aa626633bbcaeeb,1,1,1,1.0,1
raw,9ecbf8c998f5722b,1,1,1,1.0,1
raw,bd47625898a97a94,1,1,1,1.0,1
raw,0393c9432bc77bdd,1,1,1,1.0,1
raw,6a451d1b91a16a7d,1,1,1,1.0,1
raw,38b6e2716b4d22c1,1,1,1,1.0,1
raw,104fc8ca249153f6,2,1,2,0.5,2
raw,17a9c7614182d29a,1,1,1,1.0,1
raw,4bd4919e6d29402a,2,1,2,0.5,2
raw,6e8c682f9815d447,1,1,1,1.0,1
raw,57bde44fa0534fb0,1,1,1,1.0,1
raw,3537fcfe4540301e,1,1,1,1.0,1
raw,49bf7d3b3acead92,1,1,1,1.0,1
raw,0f53ce1f967ce869,1,1,1,1.0,1
raw,cf07648c2ca9088e,2,1,2,0.5,2
raw,c623c3b61ba036ac,1,1,1,1.0,1
raw,f7db9816dd797bb3,1,1,1,1.0,1
raw,76acb55190756b4f,2,1,2,0.5,2
raw,57d48e0ae54bfa39,1,1,1,1.0,1
raw,67419f780c3e2cd0,1,1,1,1.0,1
raw,964cb4e24effde6d,1,1,1,1.0,1
raw,998ab294b032c3bd,1,1,1,1.0,1
raw,6fbddacce72a63f2,1,1,1,1.0,1
raw,6fe240eef4f52964,1,1,1,1.0,1
raw,3d2240d5050084a0,1,1,1,1.0,1
raw,09575e987ccb4163,1,1,1,1.0,1
raw,36d4410057c2d8f4,1,1,1,1.0,1
raw,c883f49fbdd48574,1,1,1,1.0,1
raw,0e3ba2957104c75b,1,1,1,1.0,1
raw,e42498f0f39422f4,2,1,2,0.5,2
raw,0b11dda7f1e4635a,1,1,1,1.0,1
raw,16854437826a66a6,1,1,1,1.0,1
raw,6df41a9229f6756e,1,1,1,1.0,1
raw,0cc62d5cc0929a81,1,1,1,1.0,1
raw,a4210271252e0e1e,1,1,1,1.0,1
raw,fc23c2a893f98d40,1,1,1,1.0,1
raw,c26f9894e775ae21,1,1,1,1.0,1
raw,9bc0de94cc6eeb0c,1,1,1,1.0,1
raw,f10a8827f908d22c,1,1,1,1.0,1
raw,21b9bd9c4314ed86,1,1,1,1.0,1
raw,6a4cba041517b6c7,1,1,1,1.0,1
raw,6e00aaba25c6fe44,1,1,1,1.0,1
raw,68ee15ef3cd023bc,1,1,1,1.0,1
raw,7230a5e59ef1c5da,1,1,1,1.0,1
raw,d6988e0abe4dd363,1,1,1,1.0,1
raw,ce0a826dd68c8be9,1,1,1,1.0,1
raw,e3187ca24eaf3e73,1,1,1,1.0,1
raw,7b56f50d14d77abd,1,1,1,1.0,1
raw,4b7586492ca7acf3,1,1,1,1.0,1
raw,5b794312ca2bbd04,1,1,1,1.0,1
raw,893e5629399ac591,1,1,1,1.0,1
raw,b4cff348c535e132,1,1,1,1.0,1
raw,139de23d0ebd546c,1,1,1,1.0,1
raw,4c3fe0944d87ef78,2,1,2,0.5,2
raw,d91b10b0f12b939c,1,1,1,1.0,1
raw,c605fb27db5c872a,1,1,1,1.0,1
raw,102f2c081254ad2e,1,1,1,1.0,1
raw,2ed43601f6bc4111,1,1,1,1.0,1
raw,cba04d43d827a874,2,1,2,0.5,2
raw,2c9413acd30369ef,1,1,1,1.0,1
raw,fd9a9b447d3d89bc,1,1,1,1.0,1
raw,13be53a7f213a4d6,1,1,1,1.0,1
raw,1938b8cd44d35fe0,1,1,1,1.0,1
raw,8bb40d2c31848ea7,1,1,1,1.0,1
raw,a628af0fd0bc8bc9,1,1,1,1.0,1
raw,3fcf9505fbe0b885,1,1,1,1.0,1
raw,4fb2438e5b882f36,1,1,1,1.0,1
raw,e457706a5a4f8e97,1,1,1,1.0,1
raw,5dc46f736552d35e,1,1,1,1.0,1
raw,cc3681b5b490bca5,1,1,1,1.0,1
raw,fc85b2ba330000ad,1,1,1,1.0,1
raw,3a3bf19123ce5de9,1,1,1,1.0,1
raw,635bf76ddb597a6f,1,1,1,1.0,1
raw,03f4c5cbc2dece26,1,1,1,1.0,1
raw,7e636902063ebff1,1,1,1,1.0,1
raw,633f0031433ea466,1,1,1,1.0,1
raw,aad73d50ff644ce4,2,1,2,0.5,2
raw,256d5b00305e8b18,1,1,1,1.0,1
raw,51be22bc20709b81,1,1,1,1.0,1
raw,01ad06a2d8713d81,1,1,1,1.0,1
raw,31b513ebdfb58e8f,1,1,1,1.0,1
raw,57b6e89f1edb714f,1,1,1,1.0,1
raw,0b472585b7ea11ff,1,1,1,1.0,1
raw,aef48cab35652633,1,1,1,1.0,1
raw,ec75bc31e57d3e0b,1,1,1,1.0,1
raw,72a0fd63ab48317e,1,1,1,1.0,1
raw,af3b0a0aae6b31c3,1,1,1,1.0,1
raw,6f5624aa15a64ede,1,1,1,1.0,1
raw,2bfd75daa74d17a6,1,1,1,1.0,1
raw,b55d5ee077107789,1,1,1,1.0,1
raw,03cdae7f25909f04,1,1,1,1.0,1
raw,48e0df83a87cd91e,1,1,1,1.0,1
raw,3ab94b49410f38ec,1,1,1,1.0,1
raw,1071da36f05d144c,1,1,1,1.0,1
raw,e26c1cb9263a18ae,1,1,1,1.0,1
raw,1a44fe678eeadba1,1,1,1,1.0,1
raw,46c2656346f60534,1,1,1,1.0,1
raw,d333816eb2ff4a03,1,1,1,1.0,1
raw,a2fa874bddbaa3ea,1,1,1,1.0,1
raw,78dfeeecc9c62adf,1,1,1,1.0,1
raw,4252acf795b75e0b,1,1,1,1.0,1
raw,46f25ac6dc364800,1,1,1,1.0,1
raw,1b54b36b90de5149,1,1,1,1.0,1
raw,b0206d587e7435cf,1,1,1,1.0,1
raw,29c46357bea4bc8d,1,1,1,1.0,1
raw,c95b39e08ff7972c,1,1,1,1.0,1
raw,ea8e28b84c74c671,1,1,1,1.0,1
raw,030e7f1de737eed1,2,1,2,0.5,2
raw,f4957420f265b47d,1,1,1,1.0,1
raw,031546d62053d37c,1,1,1,1.0,1
raw,63fe5641cc5cc989,2,1,2,0.5,2
raw,8749b6a88aa36659,1,1,1,1.0,1
raw,c77ddd11f5f86dde,1,1,1,1.0,1
raw,89dcdfaa2dbfa2bf,1,1,1,1.0,1
raw,8cd40731ba802878,1,1,1,1.0,1
raw,d920e51339e4738b,1,1,1,1.0,1
raw,2137e94c5765e2b6,1,1,1,1.0,1
raw,5606095b80af7a9d,1,1,1,1.0,1
raw,96651d59c9457ba4,1,1,1,1.0,1
raw,84b2d0d4b80ba523,1,1,1,1.0,1
raw,a1517442abebf5d0,2,1,2,0.5,2
raw,324e815d84db7113,1,1,1,1.0,1
raw,dd5e351fc1698150,1,1,1,1.0,1
raw,4522eb90f9bb3177,1,1,1,1.0,1
raw,42e8256883776fb9,1,1,1,1.0,1
raw,6b6b4e07d437ccac,2,1,2,0.5,2
raw,06592f226448ad21,1,1,1,1.0,1
raw,d1347e5249f81559,1,1,1,1.0,1
raw,cd4311ed27038764,1,1,1,1.0,1
raw,531f8a04da2d8d59,1,1,1,1.0,1
raw,4fc95ae5123d7a19,1,1,1,1.0,1
raw,2fa07f9d1fcde918,2,1,2,0.5,2
raw,750863d82ea2f357,1,1,1,1.0,1
raw,fae2ea1f679dc95d,1,1,1,1.0,1
raw,59c6f654006bfde9,2,1,2,0.5,2
raw,29eab338d3dd2160,1,1,1,1.0,1
raw,b60a600f285bcaf0,1,1,1,1.0,1
raw,5e3fbb02e59f260d,1,1,1,1.0,1
raw,7dfc9a9479574f1f,1,1,1,1.0,1
raw,03ed58efaffabe5b,1,1,1,1.0,1
raw,48d14f007f5ea7c2,1,1,1,1.0,1
raw,9c1fcca8dbf7fac9,1,1,1,1.0,1
raw,6837e1c2697900f1,2,1,2,0.5,2
raw,b08b580aa7a594e8,1,1,1,1.0,1
raw,47d52c87bf25f433,1,1,1,1.0,1
raw,a56bca13cb2e121c,1,1,1,1.0,1
raw,45d3da0ae64b42f8,1,1,1,1.0,1
raw,611b0431ba62c980,1,1,1,1.0,1
raw,470eca5e674b0870,2,1,2,0.5,2
raw,1705efbb2b58d7c6,1,1,1,1.0,1
raw,fb9d073909fdf795,1,1,1,1.0,1
raw,e86c29aa6f9a6890,1,1,1,1.0,1
raw,aee4507e12a42a26,1,1,1,1.0,1
raw,cdb2cb3949082882,1,1,1,1.0,1
raw,c15735e07d4b84e6,2,1,2,0.5,2
raw,c02db59f0fb95941,1,1,1,1.0,1
raw,579a88a685d3d8f5,1,1,1,1.0,1
raw,a2b364001197656d,1,1,1,1.0,1
raw,cdb22b9d45a1808f,1,1,1,1.0,1
raw,8d3183d34fb38d10,1,1,1,1.0,1
raw,9e07b33fc3e627be,1,1,1,1.0,1
raw,680da436c92c67fa,1,1,1,1.0,1
raw,97f2e2ddcd372fbe,1,1,1,1.0,1
raw,ec05ca326dff8e19,1,1,1,1.0,1
raw,defc9744141fa0c5,1,1,1,1.0,1
raw,0b9d0f2ee2688a00,1,1,1,1.0,1
raw,e60ee13316660506,1,1,1,1.0,1
raw,433a5272720fc81c,1,1,1,1.0,1
raw,072daf619e658451,1,1,1,1.0,1
raw,e49e673373baeb28,1,1,1,1.0,1
raw,9f44b3b00e27a5ff,1,1,1,1.0,1
raw,2fac3171f36ba8b3,1,1,1,1.0,1
raw,e517d5cc6324e6f9,1,1,1,1.0,1
raw,c973883296b4933a,1,1,1,1.0,1
raw,fb0afc166f821a59,1,1,1,1.0,1
raw,a4cbb3ec646f0b87,1,1,1,1.0,1
raw,57a3eedf10faf2cb,1,1,1,1.0,1
raw,df6db246a006927c,2,1,2,0.5,2
raw,cbbab447bdaffcd2,1,1,1,1.0,1
raw,0d65b7bb980ffb39,1,1,1,1.0,1
raw,1659152d86da7bf9,2,1,2,0.5,2
raw,6d4e04ed8ca1efda,1,1,1,1.0,1
raw,7f6891be9ce86e35,1,1,1,1.0,1
raw,452c0f5283afa19d,1,1,1,1.0,1
raw,4a348069b0c04bb5,1,1,1,1.0,1
raw,b796ed55319a1968,1,1,1,1.0,1
raw,6ad9676e32d2d538,1,1,1,1.0,1
raw,766f606c30888d9d,2,1,2,0.5,2
raw,b770e6a056f8202c,1,1,1,1.0,1
raw,0b4f02c74cf0e265,1,1,1,1.0,1
raw,7be9f4c8c8023fde,2,1,2,0.5,2
raw,21964b195c23d9d0,1,1,1,1.0,1
raw,2e0775489f25c0eb,1,1,1,1.0,1
raw,bdc2417079c75a35,1,1,1,1.0,1
raw,12a11e5520060bc7,1,1,1,1.0,1
raw,6e9eba0da0ad3de3,2,1,2,0.5,2
raw,3c230f1db2c74d8b,2,2,1,1.0,2
raw,57d009f00a7c9f62,1,1,1,1.0,1
raw,01b4d7042bfe5bb9,1,1,1,1.0,1
raw,90c4ee9474e3df2d,1,1,1,1.0,1
raw,f9cc2f06d8d3d521,1,1,1,1.0,1
raw,117c92ddef78bb48,2,1,2,0.5,2
raw,036a56f42b056296,1,1,1,1.0,1
raw,63bd7f2dd76da159,1,1,1,1.0,1
raw,ed4ab3f7c7b45077,1,1,1,1.0,1
raw,997b039c4c446e05,1,1,1,1.0,1
raw,c2e23c3c44202a71,1,1,1,1.0,1
raw,72ff01ac5205dbf3,1,1,1,1.0,1
raw,395821d7493553d5,1,1,1,1.0,1
raw,4fbfef70b6488cf5,1,1,1,1.0,1
raw,5e2d4848b0c0c56f,1,1,1,1.0,1
raw,4447fb4d4bc30870,1,1,1,1.0,1
raw,7225369bcd32aa62,1,1,1,1.0,1
raw,e9d54285f32e8af4,1,1,1,1.0,1
raw,472c7e5ae2e95209,1,1,1,1.0,1
raw,2284110d1cb8d5c6,1,1,1,1.0,1
raw,391d3bea3ccb1394,1,1,1,1.0,1
raw,215e0ccddc0a8dab,1,1,1,1.0,1
raw,7ba7c27dbcf582bb,1,1,1,1.0,1
raw,b37244bb8d34a589,1,1,1,1.0,1
raw,67b9d66ada352d92,1,1,1,1.0,1
raw,4eb0062d16ea7dd2,1,1,1,1.0,1
raw,7b14314d69a692dd,1,1,1,1.0,1
raw,323957a772bcea73,1,1,1,1.0,1
raw,c8bfedaa1bdb125b,1,1,1,1.0,1
raw,c56cd70f2ca978a8,1,1,1,1.0,1
raw,4214ed4533fd5b49,1,1,1,1.0,1
raw,2eb737fdc4daa68d,1,1,1,1.0,1
raw,6a959e8b26e9774e,1,1,1,1.0,1
raw,65f7ffb878f398c6,2,1,2,0.5,2
raw,2f1a1547edd70e41,1,1,1,1.0,1
raw,7ec5b865e87b8057,1,1,1,1.0,1
raw,d540d5e4cfb6e1b3,1,1,1,1.0,1
raw,39dab46bb1976ee9,2,1,2,0.5,2
raw,7f7fbb2c809805d4,1,1,1,1.0,1
raw,98d3dbca4d6e1d1f,1,1,1,1.0,1
raw,caef9c26c33de1ea,1,1,1,1.0,1
raw,246e65329df259d9,1,1,1,1.0,1
raw,fee58753882be3d7,1,1,1,1.0,1
raw,855c6ae1354082de,1,1,1,1.0,1
raw,7368d81861bdc20d,1,1,1,1.0,1
raw,00386f8da5c75b69,2,1,2,0.5,2
raw,a0904f8b4bde71be,1,1,1,1.0,1
raw,0ecd0e8e079b1300,1,1,1,1.0,1
raw,6b5837a88ff40d4a,1,1,1,1.0,1
raw,c143ce9a7f6f45f7,1,1,1,1.0,1
raw,46883730a3f9787d,1,1,1,1.0,1
raw,a3c8c35d309da07f,1,1,1,1.0,1
raw,b589d2d15224660a,1,1,1,1.0,1
raw,ffa3b594fd3fb8f4,1,1,1,1.0,1
raw,a0147b6e65b04c7b,1,1,1,1.0,1
raw,f7f245c420b658ce,2,1,2,0.5,2
raw,6617301c8550951f,1,1,1,1.0,1
raw,b25e1cc5a74fb74a,1,1,1,1.0,1
raw,7abe177910432506,1,1,1,1.0,1
raw,eb85fa6936ef6f17,1,1,1,1.0,1
raw,fdc725946cbcc1dc,1,1,1,1.0,1
raw,c8faaa83a58f9f94,1,1,1,1.0,1
raw,a9c2afc609ffad9b,1,1,1,1.0,1
raw,0a13530573b5526d,1,1,1,1.0,1
raw,afc5f7e2b5eb12f5,1,1,1,1.0,1
raw,29d230c1f9c5ab0a,1,1,1,1.0,1
raw,ffb8b6d7e7548701,1,1,1,1.0,1
raw,2e5b78591e52925e,1,1,1,1.0,1
raw,2aeee425bedaca0a,1,1,1,1.0,1
raw,e95a33fd02fbbf14,1,1,1,1.0,1
raw,9b94c09133191698,2,1,2,0.5,2
raw,17aed42f4b3857ab,1,1,1,1.0,1
raw,cdd17ffb0a66931e,1,1,1,1.0,1
raw,1d62c3a1312e37d1,1,1,1,1.0,1
raw,360477a67ffb4845,2,1,2,0.5,2
raw,32b29cc95e5eab78,1,1,1,1.0,1
raw,d29ed8ff3ad87e29,1,1,1,1.0,1
raw,801e603f6c3715ae,1,1,1,1.0,1
raw,7e8b893f9351ee36,1,1,1,1.0,1
raw,4328b938e496e149,1,1,1,1.0,1
raw,34d89ef2f4a1cf19,1,1,1,1.0,1
raw,1ca16fff886cd17e,1,1,1,1.0,1
raw,49ed4a70c3651b87,2,1,2,0.5,2
raw,ee1e5ae207f28046,1,1,1,1.0,1
raw,a53cb3d4e1ec1f1a,1,1,1,1.0,1
raw,1a73f67affb2e29d,1,1,1,1.0,1
raw,37f8ebad942c3efb,1,1,1,1.0,1
raw,914725526e6cd076,1,1,1,1.0,1
raw,559363d0300e9afd,1,1,1,1.0,1
raw,44565f1549e86a8f,1,1,1,1.0,1
raw,487783eb421a6bcc,1,1,1,1.0,1
raw,e06f1be8303bc9df,1,1,1,1.0,1
raw,6fed7bf233155094,1,1,1,1.0,1
raw,547b3f6a2bfede2f,1,1,1,1.0,1
raw,0e97f65e969d425f,1,1,1,1.0,1
raw,697eb33fb66e8466,1,1,1,1.0,1
raw,946ddc5e9c7e63d4,1,1,1,1.0,1
raw,5b26bdf2433ca4d1,1,1,1,1.0,1
raw,af25de754435f6e2,1,1,1,1.0,1
raw,5ee4fe103381cdde,1,1,1,1.0,1
raw,247cbeb051c2ea77,1,1,1,1.0,1
raw,a98441e3fed4ab69,1,1,1,1.0,1
raw,b22e313b20b7e306,1,1,1,1.0,1
raw,ec45befd0c2f8f9a,1,1,1,1.0,1
raw,3f89d7d4d6641c6f,1,1,1,1.0,1
raw,35800218c2f2a5de,1,1,1,1.0,1
raw,964f59b90b2a8a1e,1,1,1,1.0,1
raw,c5ef2f20378aed90,1,1,1,1.0,1
raw,70fdccc783e1b16d,1,1,1,1.0,1
raw,2fb5d361508bab1a,1,1,1,1.0,1
raw,2148ccb733ad440c,1,1,1,1.0,1
raw,533a054416e4165f,1,1,1,1.0,1
raw,dfd324bcca11b3c3,1,1,1,1.0,1
raw,48799f48f77546ae,1,1,1,1.0,1
raw,04531dab1989725e,1,1,1,1.0,1
raw,6bfbdfaa5c296335,1,1,1,1.0,1
raw,03998b699a1d9052,1,1,1,1.0,1
raw,f89b4cec9fc35d23,1,1,1,1.0,1
raw,4e5bdae6f4684e96,2,1,2,0.5,2
raw,8947340214bee273,2,1,2,0.5,2
raw,3ad223e1e7fa7119,1,1,1,1.0,1
raw,19aaba18aa1f989d,2,1,2,0.5,2
raw,8ff3506f49110596,1,1,1,1.0,1
raw,36286174564ea94f,1,1,1,1.0,1
raw,1ea8bb761585efb5,1,1,1,1.0,1
raw,7621eeee4d1c0f49,1,1,1,1.0,1
raw,46f8c68f79e2a00e,2,1,2,0.5,2
raw,9f716ea0347776c7,1,1,1,1.0,1
raw,0a16573f3823b597,1,1,1,1.0,1
raw,92c4eb883caa6693,2,1,2,0.5,2
raw,cecedc3d024f0ed0,1,1,1,1.0,1
raw,0939b82eb39e2d49,1,1,1,1.0,1
raw,33d71927984d72c5,1,1,1,1.0,1
raw,b9be2da51ffd8582,1,1,1,1.0,1
raw,ef20a0fea15e2902,1,1,1,1.0,1
raw,9a8f56db818d180c,1,1,1,1.0,1
raw,5615b84a7e680c9d,1,1,1,1.0,1
raw,3568a203c1c8a28a,1,1,1,1.0,1
raw,71affefef8446484,1,1,1,1.0,1
raw,f9e7feda2edfb351,1,1,1,1.0,1
raw,e78063cd186ac545,1,1,1,1.0,1
raw,36c3501634240ec5,1,1,1,1.0,1
raw,97e20e5f0d32638f,1,1,1,1.0,1
raw,69023fd002440101,1,1,1,1.0,1
raw,0fb4189bc5e3d3f6,1,1,1,1.0,1
raw,de3a13a1350d7a3c,2,1,2,0.5,2
raw,550de8f8852c4946,1,1,1,1.0,1
raw,d908bfbfb40e4233,1,1,1,1.0,1
raw,fb270aebbd4f27b7,1,1,1,1.0,1
raw,cd878a5f6502d0b4,1,1,1,1.0,1
raw,00260626fdd83e16,1,1,1,1.0,1
raw,f36607d490eefa71,1,1,1,1.0,1
raw,4ee33bb50de4b4a2,1,1,1,1.0,1
raw,8fc85663e8b86ce7,1,1,1,1.0,1
raw,7eef5d9005de5640,1,1,1,1.0,1
raw,de38ad46e9ac167e,1,1,1,1.0,1
raw,b68ebf947e4480c8,1,1,1,1.0,1
raw,f15f757b9ec5cc1b,1,1,1,1.0,1
raw,6b33f972706fd931,1,1,1,1.0,1
raw,e4276d33a0cc20cf,1,1,1,1.0,1
raw,877c00bae9bb7121,1,1,1,1.0,1
raw,037b68e6302ac008,1,1,1,1.0,1
raw,aa3f5d65ca1e3342,1,1,1,1.0,1
raw,2d4baf8c90145e9d,1,1,1,1.0,1
raw,688e5514a716b4dd,1,1,1,1.0,1
raw,60825c4acae235dc,1,1,1,1.0,1
raw,bfb050e77571ec18,1,1,1,1.0,1
raw,b394c358cb82d77f,1,1,1,1.0,1
raw,98ac878341bd7265,2,1,2,0.5,2
raw,4b02d73f5224d67b,1,1,1,1.0,1
raw,4b69e551d689755a,1,1,1,1.0,1
raw,a38fa1bf5c9263d0,1,1,1,1.0,1
raw,5d3ff3a965b50d66,1,1,1,1.0,1
raw,1dbc0c5cd3701d20,1,1,1,1.0,1
raw,6d925d36d1db56e6,1,1,1,1.0,1
raw,ecb246c0c016d849,1,1,1,1.0,1
raw,b2a7dd1d2bcd7175,1,1,1,1.0,1
raw,d076662005f63039,1,1,1,1.0,1
raw,f9e92f6ec344cf2c,1,1,1,1.0,1
raw,493df980bbbafcde,1,1,1,1.0,1
raw,894b2a9e270de439,1,1,1,1.0,1
raw,9844e55e6b7d575c,1,1,1,1.0,1
raw,39a6c50ac1bc7b69,2,1,2,0.5,2
raw,c6eb1411c869e833,1,1,1,1.0,1
raw,d675667193eb8d83,1,1,1,1.0,1
raw,3e27bf781e088f4d,2,1,2,0.5,2
raw,dee93d1064fe2d1f,1,1,1,1.0,1
raw,09c8741a2e24ca0d,1,1,1,1.0,1
raw,77944bf93baa28ee,2,1,2,0.5,2
raw,124bdea08b09dbc5,1,1,1,1.0,1
raw,31e67ba7f4b49579,1,1,1,1.0,1
raw,3005074d99113913,1,1,1,1.0,1
raw,86f7c0efeff938a5,1,1,1,1.0,1
raw,731abdf9be57471e,1,1,1,1.0,1
raw,305a9cc25dbb600d,2,1,2,0.5,2
raw,21e576f316a6ba17,1,1,1,1.0,1
raw,942fa405189295b2,1,1,1,1.0,1
raw,d132b06c4475e1e0,1,1,1,1.0,1
raw,6bc0787ce3fef95f,1,1,1,1.0,1
raw,d856453276fded1e,1,1,1,1.0,1
raw,1ca78178c2b07aaf,1,1,1,1.0,1
raw,213600fdc00616ca,2,1,2,0.5,2
raw,43ca919d6904ce7b,1,1,1,1.0,1
raw,c9a4639d1246a6bc,1,1,1,1.0,1
raw,c33913ee509586be,1,1,1,1.0,1
raw,306c56e16edebc27,1,1,1,1.0,1
raw,6d5583cbb9c987d2,1,1,1,1.0,1
raw,403276c87ccbb959,1,1,1,1.0,1
raw,19ba8061ea24dd66,1,1,1,1.0,1
raw,6d20443e0df39d70,1,1,1,1.0,1
raw,c638a714e1ca1227,1,1,1,1.0,1
raw,7d71cc14bd6d85a1,1,1,1,1.0,1
raw,c14e317fc870028b,2,1,2,0.5,2
raw,8a6c87159b18e00c,1,1,1,1.0,1
raw,1fdbdf75a167c08c,1,1,1,1.0,1
raw,8ba9750cd0e72f78,1,1,1,1.0,1
raw,0c16f037cee69d49,1,1,1,1.0,1
raw,3254795818dcb3d6,1,1,1,1.0,1
raw,648d29dec9f9c666,2,1,2,0.5,2
raw,34af73277e6a1a72,1,1,1,1.0,1
raw,47c94f6628a09730,1,1,1,1.0,1
raw,9ba4c50f7f83bfd8,2,1,2,0.5,2
raw,c92baf85e486305d,1,1,1,1.0,1
raw,2a105029e8c87ebc,1,1,1,1.0,1
raw,5e4e1d2ff00765f0,1,1,1,1.0,1
raw,e8897fda0c3cd4c4,1,1,1,1.0,1
raw,e36bd24f5707cef8,1,1,1,1.0,1
raw,5506320f33ad89e8,1,1,1,1.0,1
raw,2fdd9bc1a2c9c125,1,1,1,1.0,1
raw,675dfba55df6c01c,1,1,1,1.0,1
raw,725803aeb4be7ed1,2,1,2,0.5,2
raw,3a8dfccba4e7ca82,1,1,1,1.0,1
raw,bc65695bc24b10a5,1,1,1,1.0,1
raw,e31e8a1057a254e8,1,1,1,1.0,1
raw,ad9a3266c09d2db7,1,1,1,1.0,1
raw,95b24eea5e9ae869,1,1,1,1.0,1
raw,02dc7ecfe2eeccf3,1,1,1,1.0,1
raw,17205755359d5e96,1,1,1,1.0,1
raw,08f1f13f1d03b043,1,1,1,1.0,1
raw,ec0b1bdad7e94ae1,1,1,1,1.0,1
raw,4c0aa21b6a4be25f,1,1,1,1.0,1
raw,a9c53d804e934a04,1,1,1,1.0,1
raw,6117b15357ddc6dc,1,1,1,1.0,1
raw,55bff17d75b6e7d1,1,1,1,1.0,1
raw,1f4deebd58d9c908,1,1,1,1.0,1
raw,d01f61ecf517bcf7,1,1,1,1.0,1
raw,2b29f6ea98089968,2,1,2,0.5,2
raw,ec055d1a534ab219,1,1,1,1.0,1
raw,d56632a0c1e2f122,1,1,1,1.0,1
raw,af16c8c88123d414,1,1,1,1.0,1
raw,a84d3fbbc12c0bd0,1,1,1,1.0,1
raw,55974892f582026e,1,1,1,1.0,1
raw,f19e7775360ca9df,1,1,1,1.0,1
raw,ec7ba810eaa191b8,1,1,1,1.0,1
raw,a1fd1be2359e678a,1,1,1,1.0,1
raw,9fd629d01fd8c9df,1,1,1,1.0,1
raw,e41baf0b9bda68bf,1,1,1,1.0,1
raw,68ca07f006896812,1,1,1,1.0,1
raw,9290ccb91fc587bd,1,1,1,1.0,1
raw,53816a30732ca9d4,1,1,1,1.0,1
raw,eca744a026d0944c,1,1,1,1.0,1
raw,f15c2f131fd135db,1,1,1,1.0,1
raw,60b8ff49a6323b62,1,1,1,1.0,1
raw,f8f60c61521bb90a,1,1,1,1.0,1
raw,021d7d784f9ed168,1,1,1,1.0,1
raw,0a5d8f40c0853a31,1,1,1,1.0,1
raw,740a03ae927d4483,1,1,1,1.0,1
raw,0ea17b7b12415309,1,1,1,1.0,1
raw,2d37e8bd57584607,1,1,1,1.0,1
raw,d915f36db032dae5,1,1,1,1.0,1
raw,62fab40ccdba4280,1,1,1,1.0,1
raw,31db2d47ffd08e66,1,1,1,1.0,1
raw,53cdc31c7ce09ed2,1,1,1,1.0,1
raw,55ed814ce6286523,1,1,1,1.0,1
raw,1f08b7e229524389,1,1,1,1.0,1
raw,5a3da4acb4acc276,1,1,1,1.0,1
raw,1718c747c6e137bb,1,1,1,1.0,1
raw,32ecf329aaba9628,1,1,1,1.0,1
raw,8e5e602379877a63,1,1,1,1.0,1
raw,a93c56aa21b6cfeb,1,1,1,1.0,1
raw,3bd7fef67616bc6d,1,1,1,1.0,1
raw,f56a9daa89968832,1,1,1,1.0,1
raw,15d38b3cba87aed7,1,1,1,1.0,1
raw,5a159d96b9075b91,1,1,1,1.0,1
raw,1fe2ba15b6ba35e4,1,1,1,1.0,1
raw,cace1074e259d2ed,1,1,1,1.0,1
raw,6ec19248e82b11a9,1,1,1,1.0,1
raw,86c2c1573cef8fa9,1,1,1,1.0,1
raw,af025bf2f08cc342,1,1,1,1.0,1
raw,a2177a36af7ca8ab,1,1,1,1.0,1
raw,00a9b9368028bde2,1,1,1,1.0,1
raw,87478e91715d9a50,1,1,1,1.0,1
raw,a46899b8b470458d,1,1,1,1.0,1
raw,67789b9f838f583b,1,1,1,1.0,1
raw,b68adb6d84665593,1,1,1,1.0,1
raw,ba9b6e171a182b9e,1,1,1,1.0,1
raw,b4d2d5dc2366d946,1,1,1,1.0,1
raw,454bd43d1536a13f,1,1,1,1.0,1
raw,43895dac9dc7493b,1,1,1,1.0,1
raw,78ec06406a6a915c,1,1,1,1.0,1
raw,ee3e7a00240f3ff4,1,1,1,1.0,1
raw,73f82026acb432e2,1,1,1,1.0,1
raw,f3780fba1f98a109,1,1,1,1.0,1
raw,237b28690da84289,1,1,1,1.0,1
raw,b70c93625b631c2a,1,1,1,1.0,1
raw,fd0e0079ed5f3b06,1,1,1,1.0,1
raw,78166aee865d4830,1,1,1,1.0,1
raw,7d628bf6286758f0,1,1,1,1.0,1
raw,cb99e0c0e596f60b,1,1,1,1.0,1
raw,0ae549d752cd33ee,1,1,1,1.0,1
raw,4f19085025498588,1,1,1,1.0,1
raw,cb6ba014b6dd1290,1,1,1,1.0,1
raw,49c3957aef2a6efd,1,1,1,1.0,1
raw,7eb9fedc17890154,1,1,1,1.0,1
raw,a2cb291b5be6e5b5,1,1,1,1.0,1
raw,0ddafb515f781c07,1,1,1,1.0,1
raw,02858ef6c361f22a,1,1,1,1.0,1
raw,c57ff3885b17ebf0,1,1,1,1.0,1
raw,a7dbaabd4ee5297f,1,1,1,1.0,1
raw,bc5b0ff5d7df4174,1,1,1,1.0,1
raw,0e68991afcb32dbb,1,1,1,1.0,1
raw,8bf6ebe27c7db09b,1,1,1,1.0,1
raw,9b90cffd064e349e,1,1,1,1.0,1
raw,a2aa1252c44c64c9,1,1,1,1.0,1
raw,a108b43bb6571a0f,1,1,1,1.0,1
raw,80064b8559bb76cc,1,1,1,1.0,1
raw,315a46554ece8be3,1,1,1,1.0,1
raw,10f799c518a58b76,1,1,1,1.0,1
raw,2cd2d00f99d503c3,1,1,1,1.0,1
raw,1502eba78d9c2757,1,1,1,1.0,1
raw,993663ccc86742aa,1,1,1,1.0,1
raw,98be8f5b535317ab,1,1,1,1.0,1
raw,42d4fa2953691320,1,1,1,1.0,1
raw,f00dff0f6d004950,1,1,1,1.0,1
raw,018dfc7b77f2eacd,1,1,1,1.0,1
raw,1526849c92618299,1,1,1,1.0,1
raw,caa19672fda3f3e5,1,1,1,1.0,1
raw,78c2bc6d67469076,1,1,1,1.0,1
raw,e0c7adb57cd81e53,1,1,1,1.0,1
raw,94777ac12b519fab,1,1,1,1.0,1
raw,2d024aa4db4e34a2,1,1,1,1.0,1
raw,afc0e99302963638,1,1,1,1.0,1
raw,66b3104914a8f078,1,1,1,1.0,1
raw,101bd9b7e9d9b75c,1,1,1,1.0,1
raw,cf351ee23aee37f2,1,1,1,1.0,1
raw,5acf271c21cce626,1,1,1,1.0,1
raw,8cd0d954e0deb310,1,1,1,1.0,1
raw,1ed28a9aeb116022,1,1,1,1.0,1
raw,887697c17437bdd9,1,1,1,1.0,1
raw,c1caec3b0e9b3f33,1,1,1,1.0,1
raw,df36995712452c14,1,1,1,1.0,1
raw,783dee19487731c4,1,1,1,1.0,1
raw,daade6715da21f32,1,1,1,1.0,1
raw,fe4c6093a0986aed,1,1,1,1.0,1
raw,00b149924523d2bf,1,1,1,1.0,1
raw,954716d6656d9769,1,1,1,1.0,1
raw,c50482c9002640b0,1,1,1,1.0,1
raw,739f29d43639843d,1,1,1,1.0,1
raw,d928ec81557125dc,1,1,1,1.0,1
raw,cde6da000fa5366b,1,1,1,1.0,1
raw,d03328f68f8ce714,1,1,1,1.0,1
raw,e6b41e0d6988fbbd,1,1,1,1.0,1
raw,9822526c7f36a0cf,1,1,1,1.0,1
raw,79bf699f929918c3,1,1,1,1.0,1
raw,23d2c6991a5d91b1,1,1,1,1.0,1
raw,6f3a88dc5076a079,1,1,1,1.0,1
raw,2a12a9a817e0429e,1,1,1,1.0,1
raw,e161965604a6126f,1,1,1,1.0,1
raw,afef7eca0f840968,1,1,1,1.0,1
raw,5fdd5ee5a380fa31,1,1,1,1.0,1
raw,fba77a8e27086d0b,1,1,1,1.0,1
raw,7e1ceef0405557c0,1,1,1,1.0,1
raw,081aa678f4b45fa8,1,1,1,1.0,1
raw,cf2bafa020eac92e,1,1,1,1.0,1
raw,65cfb8d44c55b8c6,1,1,1,1.0,1
raw,c076bd5ff11504cf,1,1,1,1.0,1
raw,da7509e56fc746d4,1,1,1,1.0,1
raw,7f264472e9987262,1,1,1,1.0,1
raw,b1b25202bee58924,1,1,1,1.0,1
raw,8e41551ed65749e6,1,1,1,1.0,1
raw,22f1ebefb20af45f,1,1,1,1.0,1
raw,cb62b0674aa66691,1,1,1,1.0,1
raw,e8fc07799126a5ce,1,1,1,1.0,1
raw,554d26760de8f2e8,1,1,1,1.0,1
raw,a38c2498b1908c2f,1,1,1,1.0,1
raw,c44569daaacf647c,1,1,1,1.0,1
raw,7ad2f6e2c961253f,1,1,1,1.0,1
raw,597531fc3577dd5b,1,1,1,1.0,1
raw,7d012fd740c99340,1,1,1,1.0,1
raw,97c88c1000f34250,1,1,1,1.0,1
raw,055019fdabc255eb,1,1,1,1.0,1
raw,f061909c7281f44c,1,1,1,1.0,1
raw,4ff8f9f1ec163154,1,1,1,1.0,1
raw,306158b6f4f4bf4e,1,1,1,1.0,1
raw,de7a2e274f971f3c,1,1,1,1.0,1
raw,56f14443aae0bf71,1,1,1,1.0,1
raw,a327521199c4c211,1,1,1,1.0,1
raw,1e0cad3de68d8bfb,1,1,1,1.0,1
raw,d47973aede426edb,1,1,1,1.0,1
raw,4e689ef435b9d6c6,1,1,1,1.0,1
raw,33ed2c76efe6d75f,1,1,1,1.0,1
raw,6e3dcd21251c2738,1,1,1,1.0,1
raw,ea54ca787849a03a,1,1,1,1.0,1
raw,1594ac8e07e4a9b0,1,1,1,1.0,1
raw,2c89f6a7f1837662,1,1,1,1.0,1
raw,20572e6396ca8be6,2,1,2,0.5,2
raw,f04388f6e480523d,1,1,1,1.0,1
raw,15b4e2d0efc05c75,1,1,1,1.0,1
raw,24f916e63dfff576,1,1,1,1.0,1
raw,e51fa9bc9dd0fb33,1,1,1,1.0,1
raw,ef9ec88a1dc2883f,1,1,1,1.0,1
raw,bf2756d62bf81a0d,2,1,2,0.5,2
raw,857550ddc61eaaab,1,1,1,1.0,1
raw,51af3dcff8949763,1,1,1,1.0,1
raw,2b4fc9721afee522,1,1,1,1.0,1
raw,41d2f197fdb11c37,1,1,1,1.0,1
raw,f92b52ea92294678,1,1,1,1.0,1
raw,a76313a0c33c7638,1,1,1,1.0,1
raw,50091cfbcdad38a6,1,1,1,1.0,1
raw,e455e27888f45f80,1,1,1,1.0,1
raw,f90d10251fa7fe02,1,1,1,1.0,1
raw,6ede27144cb9fc86,2,1,2,0.5,2
raw,78ee0bcfd2b00b53,1,1,1,1.0,1
raw,a0ee50cf5a1be5f1,1,1,1,1.0,1
raw,a0dd5f32c48b2f99,1,1,1,1.0,1
raw,3c79068fffea14f3,1,1,1,1.0,1
raw,dbcf6541702df9b3,1,1,1,1.0,1
raw,b2f548cce0462c6f,2,1,2,0.5,2
raw,26279a93b2196383,1,1,1,1.0,1
raw,f8c0f97016e1cb10,1,1,1,1.0,1
raw,2fe6e6f27abc53fd,1,1,1,1.0,1
raw,6e9c57d1e3f9a17c,1,1,1,1.0,1
raw,5a3b4b3d48d937c6,1,1,1,1.0,1
raw,bb75e3be6de7fb16,1,1,1,1.0,1
raw,0331c91e6a5377f5,1,1,1,1.0,1
raw,839d9335e580e49c,1,1,1,1.0,1
raw,c59ae3059469ec52,2,1,2,0.5,2
raw,5163e06ce188b42f,1,1,1,1.0,1
raw,59f5d7d88caf3389,1,1,1,1.0,1
raw,2551c524fce75450,1,1,1,1.0,1
raw,9eb0be8078ff552d,1,1,1,1.0,1
raw,7a61a10dd0da2bd3,1,1,1,1.0,1
raw,16073410b0db3d38,1,1,1,1.0,1
raw,e07b1bb70778f435,1,1,1,1.0,1
raw,d9e07e2de7c06a6a,1,1,1,1.0,1
raw,407e537c8a8ae0dd,1,1,1,1.0,1
raw,f7629e3c2cfcaf62,1,1,1,1.0,1
raw,9722f4cc4da450d8,1,1,1,1.0,1
raw,b0b0265a70665d8d,1,1,1,1.0,1
raw,f0881ef3ed860ed1,1,1,1,1.0,1
raw,2acb9967bc9eabbe,1,1,1,1.0,1
raw,1e6b5561f04dbeac,1,1,1,1.0,1
raw,e7a5d3b62fa665ae,2,1,2,0.5,2
raw,69e0ee73e33c4a6f,1,1,1,1.0,1
raw,afb77c6774443f07,1,1,1,1.0,1
raw,54fb22e3ae1aeacf,1,1,1,1.0,1
raw,dd0f095c1f5fa8d4,1,1,1,1.0,1
raw,ac21a35946b32651,1,1,1,1.0,1
raw,dae2f63e37a6da71,1,1,1,1.0,1
raw,4a2649d042ad9574,1,1,1,1.0,1
raw,775f33bc625ac8c9,1,1,1,1.0,1
raw,cc94ed03cced415e,1,1,1,1.0,1
raw,9f4834228a742962,1,1,1,1.0,1
raw,aab96f5f375b3db8,1,1,1,1.0,1
raw,e3309a0931e3138d,1,1,1,1.0,1
raw,3ee4ba3165ae59b0,1,1,1,1.0,1
raw,597e2827f90c1599,1,1,1,1.0,1
raw,d5a3e48defe9020d,1,1,1,1.0,1
raw,a5f8f5f16552a31a,1,1,1,1.0,1
raw,26c0b964e8653772,1,1,1,1.0,1
raw,bd5703b6b0a8151e,1,1,1,1.0,1
raw,45e29204897c0c76,1,1,1,1.0,1
raw,00f573f7e7772b43,1,1,1,1.0,1
raw,3a931fcccbb3a9dd,1,1,1,1.0,1
raw,31281238bafd56c4,1,1,1,1.0,1
raw,75ccdcf4fc35ec69,2,1,2,0.5,2
raw,fa9596cb74e2576f,1,1,1,1.0,1
raw,e20af9fd6af72e19,1,1,1,1.0,1
raw,4c5944b949e453b2,1,1,1,1.0,1
raw,40436bb6b8b47282,1,1,1,1.0,1
raw,ce95f8802a5747ae,1,1,1,1.0,1
raw,de885662ebb180ac,1,1,1,1.0,1
raw,6d28552fd00c10e8,1,1,1,1.0,1
raw,267419e107383fa5,1,1,1,1.0,1
raw,60549085964f611b,1,1,1,1.0,1
raw,708f4458cd60f339,1,1,1,1.0,1
raw,ff246bc03f0ffc40,2,1,2,0.5,2
raw,6412664bc65e5878,1,1,1,1.0,1
raw,446107e957236790,1,1,1,1.0,1
raw,a2804baaad04b4a5,1,1,1,1.0,1
raw,7fe7f998d0476028,2,1,2,0.5,2
raw,b696d15579c215b3,1,1,1,1.0,1
raw,913fd4da12d1f5b7,1,1,1,1.0,1
raw,c9f5979dfadf7d5c,1,1,1,1.0,1
raw,fd06c3a27962e4ab,1,1,1,1.0,1
raw,e3c27da67462cd9e,2,1,2,0.5,2
raw,e82ece9ed7f1d035,1,1,1,1.0,1
raw,97a43e7f6a4a63ee,1,1,1,1.0,1
raw,f7d94560e24f8aed,1,1,1,1.0,1
raw,14823101398b41b9,1,1,1,1.0,1
raw,5b4ad2c5989b8b79,2,1,2,0.5,2
raw,68d171005d439219,1,1,1,1.0,1
raw,256b1a5cd61d9913,1,1,1,1.0,1
raw,6409b5a8684c4677,1,1,1,1.0,1
raw,2dd6e7a4e185b7d7,1,1,1,1.0,1
raw,91f821f8c6b985a1,1,1,1,1.0,1
raw,68a45f7fefcff0e1,2,1,2,0.5,2
raw,c983b71f432171ae,1,1,1,1.0,1
raw,b896c27f143c5a98,1,1,1,1.0,1
raw,1f707b4ff4ccded1,1,1,1,1.0,1
raw,8fe384910043d280,1,1,1,1.0,1
raw,e0f27708e37c9540,1,1,1,1.0,1
raw,4041fe7d35a80b4e,1,1,1,1.0,1
raw,74e7c874d5686c4e,1,1,1,1.0,1
raw,8d5ceb907351dfd3,1,1,1,1.0,1
raw,f91c6738368e6881,1,1,1,1.0,1
raw,26b4f5199e505729,1,1,1,1.0,1
raw,a42541259d968ee6,1,1,1,1.0,1
raw,f44463d2db6f28e9,1,1,1,1.0,1
raw,92fb8d3ffbde0aba,2,1,2,0.5,2
raw,0d2c24abf1f6938a,2,1,2,0.5,2
raw,d2d04d7074a6cb31,1,1,1,1.0,1
raw,5998c3a5671e5603,1,1,1,1.0,1
raw,3aa7cf20abe2c4ca,1,1,1,1.0,1
raw,bdf7c4b95d2f7657,1,1,1,1.0,1
raw,e289d22d17c881c4,1,1,1,1.0,1
raw,f107935c59b2cf38,1,1,1,1.0,1
raw,94ac212d9d3a242b,1,1,1,1.0,1
raw,120da67398906c0f,1,1,1,1.0,1
raw,e2bba6e1ad777ce1,1,1,1,1.0,1
raw,511cbc6fb144db0a,1,1,1,1.0,1
raw,f93b163a097a4659,1,1,1,1.0,1
raw,99b854e35361b3f5,1,1,1,1.0,1
raw,f47f1b2e78c5a71d,1,1,1,1.0,1
raw,fc7245967475b398,1,1,1,1.0,1
raw,bd4d46e4b5194457,1,1,1,1.0,1
raw,41235613b40de427,1,1,1,1.0,1
raw,1949c6bbf0610b99,1,1,1,1.0,1
raw,27e0a89b1c5c4b24,1,1,1,1.0,1
raw,b92f3e03912c7894,1,1,1,1.0,1
raw,9be49d9d09261206,1,1,1,1.0,1
raw,81b8b8c0f9471459,1,1,1,1.0,1
raw,5d8fc9f445776816,1,1,1,1.0,1
raw,dd7c42b4d5f90409,1,1,1,1.0,1
raw,cfe3ef36db33dc44,2,1,2,0.5,2
raw,c0612b79ab3d2670,1,1,1,1.0,1
raw,a555891e3ebe681e,2,1,2,0.5,2
raw,4c8e45111bc52e87,1,1,1,1.0,1
raw,8c78b20903728f1a,1,1,1,1.0,1
raw,8b4a99b97403acf8,1,1,1,1.0,1
raw,983e03b61f8741ce,1,1,1,1.0,1
raw,5cc4170b0909c26a,1,1,1,1.0,1
raw,07371bf032a35292,1,1,1,1.0,1
raw,950fcfb41bca6659,1,1,1,1.0,1
raw,aac06bfc3a32e332,1,1,1,1.0,1
raw,b12c2823a864cb84,1,1,1,1.0,1
raw,394113d9cc3e6a4b,1,1,1,1.0,1
raw,1bef119ec8ac1e57,1,1,1,1.0,1
raw,4fb7e4e953ca0df1,1,1,1,1.0,1
raw,d003f30f639bce49,1,1,1,1.0,1
raw,7ceddec610030de1,1,1,1,1.0,1
raw,60ffc72be72afbe3,1,1,1,1.0,1
raw,af47f5894b866ddf,1,1,1,1.0,1
raw,421b8e0994173d35,2,1,2,0.5,2
raw,ecf1d64e2887697b,1,1,1,1.0,1
raw,93d67e65c0d9be36,1,1,1,1.0,1
raw,7a41e759d5fecfed,1,1,1,1.0,1
raw,04159cbfbf66cc62,1,1,1,1.0,1
raw,981d50f098a56cdd,1,1,1,1.0,1
raw,e237ac82f3706466,1,1,1,1.0,1
raw,cf7b3ee11fe919fe,1,1,1,1.0,1
raw,da3400fc42aeb753,1,1,1,1.0,1
raw,937e4280022f1703,1,1,1,1.0,1
raw,eb253c411bb910fe,1,1,1,1.0,1
raw,b97f6315f8a4c64a,1,1,1,1.0,1
raw,2bb53d6f8fef04de,1,1,1,1.0,1
raw,c5e0d6e2fa7a2656,1,1,1,1.0,1
raw,e7e0906d7f7f8b5a,1,1,1,1.0,1
raw,fa4753f0a0b574c5,1,1,1,1.0,1
raw,3db3eb9f426aa401,1,1,1,1.0,1
raw,041338972fbc2a62,1,1,1,1.0,1
raw,4036886ef060cfb8,1,1,1,1.0,1
raw,4e7ca798acca60f2,1,1,1,1.0,1
raw,e840d4ae429de484,1,1,1,1.0,1
raw,7c5aa8f88b81b987,1,1,1,1.0,1
raw,9195597c8d02255a,1,1,1,1.0,1
raw,9496fd7afaf12b04,1,1,1,1.0,1
raw,7eabbd2c5159883b,1,1,1,1.0,1
raw,f7267d12cdd97ddf,1,1,1,1.0,1
raw,e4b2aa1820952caf,2,1,2,0.5,2
raw,c692cc204f3c0810,1,1,1,1.0,1
raw,5fc89c39eb39d4f7,1,1,1,1.0,1
raw,c3d358da7ec2b3d7,2,1,2,0.5,2
raw,a59a6d1e7f202f89,1,1,1,1.0,1
raw,8e1dd5253b27d625,1,1,1,1.0,1
raw,cb4b29f4b4da6624,1,1,1,1.0,1
raw,136e0677e802eeb6,1,1,1,1.0,1
raw,ef58035a6ac1e179,1,1,1,1.0,1
raw,3c58d0da57c83568,1,1,1,1.0,1
raw,a9bf1d8a78854104,1,1,1,1.0,1
raw,08f2bf936d338b85,1,1,1,1.0,1
raw,d073510fee3de00c,1,1,1,1.0,1
raw,0fc8bbfa5ffed64a,1,1,1,1.0,1
raw,b4988513deebd2de,1,1,1,1.0,1
raw,10437db5a31dfe26,1,1,1,1.0,1
raw,ee48d92df5e898b2,1,1,1,1.0,1
raw,b82b394cf73f4d29,1,1,1,1.0,1
raw,aa75cc182630fa52,1,1,1,1.0,1
raw,9882c0e037aba7eb,1,1,1,1.0,1
raw,8c90f2d1d75d9c7b,1,1,1,1.0,1
raw,66b31b2b92e86f14,1,1,1,1.0,1
raw,daff52176d74ee8d,1,1,1,1.0,1
raw,1ce7ad6f6c1ae8f2,1,1,1,1.0,1
raw,8e9bfa66c80ea17d,1,1,1,1.0,1
raw,449feb595f92d2a6,1,1,1,1.0,1
raw,0a0f5c448bd3fad1,1,1,1,1.0,1
raw,4cfc6ee1ad8585de,1,1,1,1.0,1
raw,d6f87b0c546a9364,1,1,1,1.0,1
raw,4ca6c465772b77f7,1,1,1,1.0,1
raw,b683303927ac79d7,1,1,1,1.0,1
raw,2edaf6c77674fc4b,1,1,1,1.0,1
raw,88c9a05701d22d44,1,1,1,1.0,1
raw,95d9b13760c503d6,1,1,1,1.0,1
raw,139310dceba6dd7d,1,1,1,1.0,1
raw,bccf43495360210a,1,1,1,1.0,1
raw,280160fb7e7962f0,1,1,1,1.0,1
raw,3dcd0c87fcfe403f,1,1,1,1.0,1
raw,a226a98b4319a26c,1,1,1,1.0,1
raw,ab74154e8c03ee1c,1,1,1,1.0,1
raw,142a54c0e9a10fe3,1,1,1,1.0,1
raw,66a3b1f877b5378f,1,1,1,1.0,1
raw,ea01d0083efde74f,1,1,1,1.0,1
raw,af11606de8035a7d,1,1,1,1.0,1
raw,e4f7e44d8ce623ea,1,1,1,1.0,1
raw,eaa53b40ac43d330,1,1,1,1.0,1
raw,9defe60b1b1d5e1f,1,1,1,1.0,1
raw,451d31a1a6665ce7,1,1,1,1.0,1
raw,6d3f0a7b878dd942,1,1,1,1.0,1
raw,28e3bfb87fa5426d,1,1,1,1.0,1
raw,90e36863b5a88828,2,1,2,0.5,2
raw,cef4816790535c57,1,1,1,1.0,1
raw,718007f4928694d4,1,1,1,1.0,1
raw,8a68f9e5563150ec,1,1,1,1.0,1
raw,c729020293e6272e,1,1,1,1.0,1
raw,96c5bb7c93b72ae0,1,1,1,1.0,1
raw,cd6cbfa20a447b3a,1,1,1,1.0,1
raw,882b1cdd0abad578,1,1,1,1.0,1
raw,7bcf455981337af0,1,1,1,1.0,1
raw,0b7707f7acd88d8e,2,1,2,0.5,2
raw,1a4cfa1189c11ca8,1,1,1,1.0,1
raw,d9f635413d42db64,1,1,1,1.0,1
raw,d4198f886c3780c9,1,1,1,1.0,1
raw,df72e8003f4bf858,1,1,1,1.0,1
raw,4b5ca84f188e47bd,2,1,2,0.5,2
raw,63ba14c15c7d97ec,2,2,1,1.0,2
raw,1f7d14f54b05f0dd,1,1,1,1.0,1
raw,f233fe9a2d30218b,1,1,1,1.0,1
raw,adcc60159ad39662,2,1,2,0.5,2
raw,06373411159526a9,1,1,1,1.0,1
raw,1e88c5d0a0842b14,1,1,1,1.0,1
raw,0a5c75e348f8ee42,1,1,1,1.0,1
raw,582753f12ac5d0f1,1,1,1,1.0,1
raw,b98a1fa150473748,1,1,1,1.0,1
raw,16c6cc1d34079a94,1,1,1,1.0,1
raw,804abce323e446d0,1,1,1,1.0,1
raw,30b1f35e2c80dd75,1,1,1,1.0,1
raw,914378e4c62e1351,1,1,1,1.0,1
raw,6d528fac21a7c8df,1,1,1,1.0,1
raw,b10fb3750954c674,1,1,1,1.0,1
raw,8caba14cedf5d6bd,1,1,1,1.0,1
raw,a250b83de1f445df,1,1,1,1.0,1
raw,79c2909f15edc36c,1,1,1,1.0,1
raw,cf3425ea0b48c041,1,1,1,1.0,1
raw,fd32ec195c376952,1,1,1,1.0,1
raw,aad6bc476f1df800,1,1,1,1.0,1
raw,91d29ff531699312,1,1,1,1.0,1
raw,12a748a225622448,1,1,1,1.0,1
raw,db695bb20608b250,1,1,1,1.0,1
raw,40332b44f887c20d,1,1,1,1.0,1
raw,8dd86692e174647c,1,1,1,1.0,1
raw,eb2c457791840ece,1,1,1,1.0,1
raw,0e4de8962fd90232,1,1,1,1.0,1
raw,c2dbdb252b88c087,1,1,1,1.0,1
raw,a6de94d178425962,1,1,1,1.0,1
raw,3b054a9ea84f675e,1,1,1,1.0,1
raw,35c154f5e527b8ff,1,1,1,1.0,1
raw,90b0b0af7d3b2343,1,1,1,1.0,1
raw,251f8cbb64c02cfd,1,1,1,1.0,1
raw,cec4420569c3241c,1,1,1,1.0,1
raw,f4d115519f9b3292,1,1,1,1.0,1
raw,322729d723f57abf,1,1,1,1.0,1
raw,bd430bda45c9ac4c,2,1,2,0.5,2
raw,851307b5ca2c5ebb,1,1,1,1.0,1
raw,e1124a58097c45bb,1,1,1,1.0,1
raw,bf04790f44c0a723,1,1,1,1.0,1
raw,c16997a4ed9d3424,1,1,1,1.0,1
raw,f7394a45aa97f91f,1,1,1,1.0,1
raw,6132dceefd5a0b77,1,1,1,1.0,1
raw,9daaf8c73ed1bfd1,1,1,1,1.0,1
raw,2d3bb1263dffa359,1,1,1,1.0,1
raw,3485d321fa99fe10,2,1,2,0.5,2
raw,2353f360d754d374,1,1,1,1.0,1
raw,c8770a11fadb6e77,1,1,1,1.0,1
raw,563d5f255bfaf84d,1,1,1,1.0,1
raw,f104102501015d72,1,1,1,1.0,1
raw,8b98181922e08ef3,1,1,1,1.0,1
raw,acb3811c27a6c697,1,1,1,1.0,1
raw,3124267a789482a9,1,1,1,1.0,1
raw,9a59e63a547b638e,1,1,1,1.0,1
raw,0e592bea37fc614a,1,1,1,1.0,1
raw,3c11e8b01028812e,1,1,1,1.0,1
raw,8bf3db3065942c53,1,1,1,1.0,1
raw,0b9632681f3bc1ef,2,1,2,0.5,2
raw,b413eb133c5f1cdf,1,1,1,1.0,1
raw,aa2088798d0fe062,1,1,1,1.0,1
raw,eeb5a2ae144b2837,1,1,1,1.0,1
raw,e508ca0082bfa015,1,1,1,1.0,1
raw,d268bc7d138972e3,1,1,1,1.0,1
raw,497e3d2391777177,1,1,1,1.0,1
raw,731f7f46bff4ff6e,2,1,2,0.5,2
raw,95c7ea205aad96b7,1,1,1,1.0,1
raw,14b2fe908d70de8f,1,1,1,1.0,1
raw,1e0af597e4bbde1b,1,1,1,1.0,1
raw,677ac4a39fc4c9d4,1,1,1,1.0,1
raw,9accb0a9f88f1b25,1,1,1,1.0,1
raw,af983fca05ef3a6f,1,1,1,1.0,1
raw,72b2c0d43cea4760,1,1,1,1.0,1
raw,fc5b603874df3ac4,1,1,1,1.0,1
raw,ed8f554b2c0de0c2,1,1,1,1.0,1
raw,6a2ca526d30132a0,1,1,1,1.0,1
raw,16313ad43dfd8262,1,1,1,1.0,1
raw,b42f124af984a34b,1,1,1,1.0,1
raw,91f77b4d9da9724f,1,1,1,1.0,1
raw,6bb41d6092558180,1,1,1,1.0,1
raw,0b5be05433895cdb,1,1,1,1.0,1
raw,270ba496f210783f,1,1,1,1.0,1
raw,ec905ed630ed2219,1,1,1,1.0,1
raw,c928f83080f34c39,1,1,1,1.0,1
raw,15835ceb4b1b4cc0,1,1,1,1.0,1
raw,7dfb97e9fafa2f3b,1,1,1,1.0,1
raw,d5a24a7b1afe23c5,1,1,1,1.0,1
raw,44706d119e3964fb,1,1,1,1.0,1
raw,a09c5ea9bda82e6d,1,1,1,1.0,1
raw,d8f49080715249c1,1,1,1,1.0,1
raw,7e67e2c2416cdbb4,1,1,1,1.0,1
raw,f81990ed93ac4550,1,1,1,1.0,1
raw,3c48075ec34209c9,2,1,2,0.5,2
raw,c3dea10031d18e4f,2,1,2,0.5,2
raw,a459ae8df079044b,1,1,1,1.0,1
raw,dade55e998a0c8cf,1,1,1,1.0,1
raw,2ae49ac175ff01d3,1,1,1,1.0,1
raw,f617f09b3e201f88,1,1,1,1.0,1
raw,52b744bb9fb211f2,1,1,1,1.0,1
raw,8fe151a606cd064d,1,1,1,1.0,1
raw,1d1d7b0842d484ca,1,1,1,1.0,1
raw,aaff5b77375468c7,1,1,1,1.0,1
raw,3bb009a33af0327b,1,1,1,1.0,1
raw,1bf1b8de7860f830,1,1,1,1.0,1
raw,4184d885c35e371a,1,1,1,1.0,1
raw,20c272b4ab881fe3,1,1,1,1.0,1
raw,9617a93a1276d650,1,1,1,1.0,1
raw,fef81b2d2662072b,1,1,1,1.0,1
raw,e4f7962369b3f93f,1,1,1,1.0,1
raw,1b8d1de425d7cd90,1,1,1,1.0,1
raw,04d056f7a7056a06,1,1,1,1.0,1
raw,5cf6f236f766fdad,1,1,1,1.0,1
raw,ca5af4c220ec15c3,1,1,1,1.0,1
raw,290895ca7f9654c4,1,1,1,1.0,1
raw,eea5d8c4efe02ab4,1,1,1,1.0,1
raw,172fec3027984c95,1,1,1,1.0,1
raw,1ab0729922829402,1,1,1,1.0,1
raw,e294e6d67cbee0bb,1,1,1,1.0,1
raw,ad79698540868325,1,1,1,1.0,1
raw,858b1644233fc018,1,1,1,1.0,1
raw,2600542e79e52f6f,2,1,2,0.5,2
raw,774d5ca95f246783,1,1,1,1.0,1
raw,af11eaf6ef1c3c54,1,1,1,1.0,1
raw,8121def5232db280,1,1,1,1.0,1
raw,c91b87bed910b310,1,1,1,1.0,1
raw,a51297f25f361f8a,1,1,1,1.0,1
raw,f75fe8e11d0d3a15,1,1,1,1.0,1
raw,b6884218a571e7a1,1,1,1,1.0,1
raw,94079874a3a8a623,1,1,1,1.0,1
raw,b5eb83d09ba0f04d,1,1,1,1.0,1
raw,bbc388f6b5bad929,1,1,1,1.0,1
raw,7990a681b040ff20,1,1,1,1.0,1
raw,ff8c134d28ca925e,1,1,1,1.0,1
raw,0ab5fd73aaf57d4e,1,1,1,1.0,1
raw,505f452f92236353,1,1,1,1.0,1
raw,70740f55122d752b,1,1,1,1.0,1
raw,de8870e4523084d4,1,1,1,1.0,1
raw,2803cd4e83d13c3a,1,1,1,1.0,1
raw,292f393d3ca91d35,1,1,1,1.0,1
raw,04687e21428fd939,1,1,1,1.0,1
raw,2e2718e9672c9e2a,1,1,1,1.0,1
raw,6a15ed2933cf4c7b,1,1,1,1.0,1
raw,ff1aa1a458599212,1,1,1,1.0,1
raw,2ff223c64e023fbf,1,1,1,1.0,1
raw,449008414bb5718c,2,1,2,0.5,2
raw,95a9ab84aa8c3a40,1,1,1,1.0,1
raw,cf1472b7018f81bd,1,1,1,1.0,1
raw,2d8ab41e27dad7ea,1,1,1,1.0,1
raw,3958230bf72298e0,1,1,1,1.0,1
raw,55874f7677721b03,1,1,1,1.0,1
raw,de0e21ab45666114,1,1,1,1.0,1
raw,58cf7e8fdab930e2,1,1,1,1.0,1
raw,a66eff46055447f6,1,1,1,1.0,1
raw,146526c7878b84cf,1,1,1,1.0,1
raw,a7c4491cffb2e69f,1,1,1,1.0,1
raw,01c30965891f4a4f,1,1,1,1.0,1
raw,923200e8a890af4b,1,1,1,1.0,1
raw,a0015707aaad1a16,1,1,1,1.0,1
raw,44acda98a1f8c3f6,1,1,1,1.0,1
raw,2f60937fd0a6d1f1,1,1,1,1.0,1
raw,7a46b937a14f7761,1,1,1,1.0,1
raw,be4aa4d4119acff2,1,1,1,1.0,1
raw,5be82336b06ec93c,1,1,1,1.0,1
raw,ed0ae1ac9b73e0a0,1,1,1,1.0,1
raw,6501245cdbdd49f1,1,1,1,1.0,1
raw,935d90e14daa8f04,1,1,1,1.0,1
raw,6c4f177933b18a24,1,1,1,1.0,1
raw,3e587cc3ca57ba6f,1,1,1,1.0,1
raw,9db32b83021a2e8d,1,1,1,1.0,1
raw,30c4bbee8ee0ff7a,1,1,1,1.0,1
raw,f92287043b5caad5,1,1,1,1.0,1
raw,cca45d85bb90fb2e,1,1,1,1.0,1
raw,2a7a87bb14ac8e60,1,1,1,1.0,1
raw,3c23c5994445956b,1,1,1,1.0,1
raw,abd6f9e8ce4668e0,1,1,1,1.0,1
raw,6378487f0045fe01,1,1,1,1.0,1
raw,cd11e527a49416d3,1,1,1,1.0,1
raw,4aee2a4658d66f54,1,1,1,1.0,1
raw,3dc6d2ec02d908fc,1,1,1,1.0,1
raw,443801343f9347e2,1,1,1,1.0,1
raw,5f1fb694d56ae572,1,1,1,1.0,1
raw,bf184bd85a06f617,1,1,1,1.0,1
raw,08c1b7ac5c9c2dd1,1,1,1,1.0,1
raw,70777c17b0505d61,1,1,1,1.0,1
raw,2d156238436e0143,1,1,1,1.0,1
raw,5357e94e98541f56,1,1,1,1.0,1
raw,b4dd362bf4684299,1,1,1,1.0,1
raw,3b2bfcfe3c999164,1,1,1,1.0,1
raw,8c6a271a41b315fd,1,1,1,1.0,1
raw,176bb34458eab1de,1,1,1,1.0,1
raw,b5bae3db7a536464,1,1,1,1.0,1
raw,b922d379506ab806,1,1,1,1.0,1
raw,fbba4bb9b78cfac6,1,1,1,1.0,1
raw,d15f2249c8c5e630,1,1,1,1.0,1
raw,15a1a7a9736d8da1,1,1,1,1.0,1
raw,be54cbee73837fe9,1,1,1,1.0,1
raw,cde88d5a794fbdad,1,1,1,1.0,1
raw,51f568f17d80d2fe,1,1,1,1.0,1
raw,0857a0df31c03d00,2,1,2,0.5,2
raw,108be673562e4e7b,1,1,1,1.0,1
raw,bf0fb603be72a65b,1,1,1,1.0,1
raw,6e633ed3d9678827,1,1,1,1.0,1
raw,6dcc5445d7782caf,2,1,2,0.5,2
raw,bf343977d67f6394,1,1,1,1.0,1
raw,dc904393f80beefd,1,1,1,1.0,1
raw,a7f2a4c0c25c55f2,1,1,1,1.0,1
raw,9c0217c4e44669e9,1,1,1,1.0,1
raw,218a88ec40cc05b5,1,1,1,1.0,1
raw,5f441c5fe154b790,1,1,1,1.0,1
raw,ef15a2f405879525,1,1,1,1.0,1
raw,413d18a913a01816,1,1,1,1.0,1
raw,aae74ff77118b177,1,1,1,1.0,1
raw,a3add98ea6bc51ea,1,1,1,1.0,1
raw,6ac2518f5877ad2a,1,1,1,1.0,1
raw,df8d68905f85a89e,1,1,1,1.0,1
raw,f8af4c2ee02c5341,1,1,1,1.0,1
raw,c18b60fb63b6cdde,1,1,1,1.0,1
raw,efe1a8225af2b032,1,1,1,1.0,1
raw,0aa80d0a9ab7f61f,1,1,1,1.0,1
raw,9cffccc9c3608b9d,1,1,1,1.0,1
raw,35328eb13d50fa29,1,1,1,1.0,1
raw,8475304579ed9f6d,1,1,1,1.0,1
raw,c3f9974fed14309a,1,1,1,1.0,1
raw,2cf623e78cb453da,1,1,1,1.0,1
raw,47f90dc955772e5b,1,1,1,1.0,1
raw,144710debe62c025,1,1,1,1.0,1
raw,ede2bd9ca4309317,1,1,1,1.0,1
raw,fcbc484b3d76d144,1,1,1,1.0,1
raw,2c54c5e41cb421ff,1,1,1,1.0,1
raw,71ba4f1ae2eef835,1,1,1,1.0,1
raw,73bd6fcc32143bf6,1,1,1,1.0,1
raw,df60a9e3aa858044,1,1,1,1.0,1
raw,943eb58b47b464f6,1,1,1,1.0,1
raw,548ef4292140eb17,1,1,1,1.0,1
raw,15fd8ab5b142b532,1,1,1,1.0,1
raw,6698c84c41fe38f2,1,1,1,1.0,1
raw,f870827a699eda13,1,1,1,1.0,1
raw,0f12bba44f659f96,1,1,1,1.0,1
raw,a6ce78f64b3fc978,1,1,1,1.0,1
raw,41a82fa643a33b97,1,1,1,1.0,1
raw,b9a6f887fbd455e9,1,1,1,1.0,1
raw,098ad0711d4252e1,1,1,1,1.0,1
raw,d74388171d1b1807,1,1,1,1.0,1
raw,5231ec4eb6545836,1,1,1,1.0,1
raw,2f9d2163028da64b,1,1,1,1.0,1
raw,df4dfbc7f98bdba4,1,1,1,1.0,1
raw,f5f4958c33a6427b,1,1,1,1.0,1
raw,9327b2afe9cc00b6,1,1,1,1.0,1
raw,71cfb0e49bfe44cb,1,1,1,1.0,1
raw,8b5fc45f253d6dcb,1,1,1,1.0,1
raw,2a97e377a83a0a37,1,1,1,1.0,1
raw,fbc2d2cc7e0b75b1,1,1,1,1.0,1
raw,214a861cb40dafb8,1,1,1,1.0,1
raw,d2bb1700946c0193,1,1,1,1.0,1
raw,2d3b63b5836f1937,1,1,1,1.0,1
raw,9c3b5faa3af90f60,1,1,1,1.0,1
raw,13284296360442c5,1,1,1,1.0,1
raw,c4153c5c4a42b48e,1,1,1,1.0,1
raw,43a774a2851169b2,1,1,1,1.0,1
raw,7475c97ca96ea601,1,1,1,1.0,1
raw,a9818a0b3e2b0c3a,1,1,1,1.0,1
raw,0570fc9f26f647ec,1,1,1,1.0,1
raw,fe0736cfa73c11b8,1,1,1,1.0,1
raw,61a9cc7c70c3c730,1,1,1,1.0,1
raw,07cae656af1e9d81,1,1,1,1.0,1
raw,40a547c95456a046,1,1,1,1.0,1
raw,a21d69bc91c46299,1,1,1,1.0,1
raw,5f801ebc69e9bcb7,1,1,1,1.0,1
raw,daf93b39c7ca4a7d,1,1,1,1.0,1
raw,caf2dec21287c5a2,1,1,1,1.0,1
raw,c188e50d191e8ac4,1,1,1,1.0,1
raw,3071c3c05d4a1a12,1,1,1,1.0,1
raw,94aaef829af60e90,1,1,1,1.0,1
raw,1d6c8a2bf6cbc790,1,1,1,1.0,1
raw,be77cd0a1890bdcd,1,1,1,1.0,1
raw,e9d7c9d48b4fc300,1,1,1,1.0,1
raw,bd61f0aca4bf8adc,1,1,1,1.0,1
raw,05588f49110b6d5a,1,1,1,1.0,1
raw,37ac6dac089e1d40,1,1,1,1.0,1
raw,c6297aedb62df928,1,1,1,1.0,1
raw,65317246c8a95b50,1,1,1,1.0,1
raw,34be24141e800008,1,1,1,1.0,1
raw,32dcbbe2919d1b3c,1,1,1,1.0,1
raw,a49c739d3d9c154e,1,1,1,1.0,1
raw,0980ad2558aedfef,1,1,1,1.0,1
raw,f0aae68819e7111b,1,1,1,1.0,1
raw,2fd80ac1e300529e,1,1,1,1.0,1
raw,de638fdc36a0af7a,1,1,1,1.0,1
raw,17eb3152c2b848a9,1,1,1,1.0,1
raw,f1082d3d23226b57,1,1,1,1.0,1
raw,17c403b6caa90cb7,1,1,1,1.0,1
raw,8db4e8eef963008b,1,1,1,1.0,1
raw,6087385b6d3fb93a,2,1,2,0.5,2
raw,643797b379a5e868,1,1,1,1.0,1
raw,6b5d11977f35db56,1,1,1,1.0,1
raw,f523f8a72d101c4f,1,1,1,1.0,1
raw,adf24cd11fbf08aa,1,1,1,1.0,1
raw,387cd5ac6771b57e,1,1,1,1.0,1
raw,2051a47a92c70bb7,1,1,1,1.0,1
raw,c3b8fa45b91cd5c6,1,1,1,1.0,1
raw,bd495188da387b0a,1,1,1,1.0,1
raw,ffdfdd450b55fbc1,1,1,1,1.0,1
raw,b3147623d3688d62,1,1,1,1.0,1
raw,12730ce8dab3c74d,1,1,1,1.0,1
raw,fda4b19a040ff37c,1,1,1,1.0,1
raw,50c36e89c8b146a9,1,1,1,1.0,1
raw,207421936f042c27,1,1,1,1.0,1
raw,27d13a2f238c45dc,1,1,1,1.0,1
raw,0fb23e975b30e094,1,1,1,1.0,1
raw,f2f61d2e32d7d437,1,1,1,1.0,1
raw,92c64421b6a26547,1,1,1,1.0,1
raw,8dc0a0d9c92ce52c,1,1,1,1.0,1
raw,e6165737bf7a1251,2,1,2,0.5,2
raw,c08e19fc4bf9b2a3,1,1,1,1.0,1
raw,e89dc40bc4c8131b,1,1,1,1.0,1
raw,dfe4451c74b2b4fa,1,1,1,1.0,1
raw,4275cf43565450dc,1,1,1,1.0,1
raw,e2f26aba95e1f684,2,1,2,0.5,2
raw,38ef757c9324884d,1,1,1,1.0,1
raw,e53739183cdca527,1,1,1,1.0,1
raw,1564ac084d77b87a,1,1,1,1.0,1
raw,21dbb195ba16abac,2,1,2,0.5,2
raw,143cc1409b5fa8fd,1,1,1,1.0,1
raw,2a413b5383dbdddb,1,1,1,1.0,1
raw,5e91e513dba6fc1f,1,1,1,1.0,1
raw,3e09ff05836c5b10,1,1,1,1.0,1
raw,1c56c1eb368ff772,1,1,1,1.0,1
raw,d6b5d5b05fc4809d,1,1,1,1.0,1
raw,030cee06ba9f24d0,1,1,1,1.0,1
raw,c6ca1d40bd432a70,1,1,1,1.0,1
raw,35a80304b5742e8c,2,1,2,0.5,2
raw,276d8d3b32d85644,1,1,1,1.0,1
raw,ae29ad43edef5fb5,2,1,2,0.5,2
raw,889fb9c64af94596,1,1,1,1.0,1
raw,18da39bde2a15529,1,1,1,1.0,1
raw,14f6b835b4f51b18,1,1,1,1.0,1
raw,69ae9253f040786c,1,1,1,1.0,1
raw,da9b19420051482f,1,1,1,1.0,1
raw,a17c18f5b2343685,1,1,1,1.0,1
raw,a2a6bb8f6e5b745b,1,1,1,1.0,1
raw,b3b9795236f07591,1,1,1,1.0,1
raw,db95cff199f67cf3,1,1,1,1.0,1
raw,df98a75305f1a5df,1,1,1,1.0,1
raw,fae1241258495760,1,1,1,1.0,1
raw,702a4c8d6499cc86,1,1,1,1.0,1
raw,fdb9ebd8923c83a5,1,1,1,1.0,1
raw,8985d7a2f37af6ad,1,1,1,1.0,1
raw,c475ab0885db1d22,1,1,1,1.0,1
raw,f094cbfa9e238b7c,1,1,1,1.0,1
raw,9fafb8ff15f87ee5,1,1,1,1.0,1
raw,6cdc4fb059a185cb,1,1,1,1.0,1
raw,39f4400d8c32f396,1,1,1,1.0,1
raw,95cf97527276eb66,1,1,1,1.0,1
raw,e0b173f44aa8d226,1,1,1,1.0,1
raw,66919337300e4d55,1,1,1,1.0,1
raw,5d873ecdcc51f7b5,1,1,1,1.0,1
raw,e9e9fab18947033d,1,1,1,1.0,1
raw,c4117e6cbff6c5b4,1,1,1,1.0,1
raw,7d8fa44d56836138,1,1,1,1.0,1
raw,1fd10a1462e42632,1,1,1,1.0,1
raw,30a1214ca756e889,1,1,1,1.0,1
raw,140b0ce4f437ebe3,1,1,1,1.0,1
raw,4439c4730b6559da,1,1,1,1.0,1
raw,6b8156cdc3dbf8c0,1,1,1,1.0,1
raw,08c89059744fb890,1,1,1,1.0,1
raw,31c976cfca1f450d,1,1,1,1.0,1
raw,d742107c3b01e098,1,1,1,1.0,1
raw,f69076a0bdfbeffb,1,1,1,1.0,1
raw,165ef005473d0087,2,1,2,0.5,2
raw,8c52ac4e81aac0df,1,1,1,1.0,1
raw,78d92b5c79ac3ed9,1,1,1,1.0,1
raw,660ce45112f5b74b,1,1,1,1.0,1
raw,056a60bef9b07a2c,2,1,2,0.5,2
raw,c3e6851f94a5ea5b,1,1,1,1.0,1
raw,7091b0bcc088b78c,1,1,1,1.0,1
raw,3da83b2597cfef19,1,1,1,1.0,1
raw,f87de72ffe819b60,1,1,1,1.0,1
raw,b62155ab80aa24c8,1,1,1,1.0,1
raw,c5c1f956e540a270,1,1,1,1.0,1
raw,6e02ed10c3669bf1,1,1,1,1.0,1
raw,cd53ac5148e8f23d,1,1,1,1.0,1
raw,e2b2cc948a646583,1,1,1,1.0,1
raw,a7089078a5842259,1,1,1,1.0,1
raw,9aa58337c530b0b6,1,1,1,1.0,1
raw,5c9bc56bf01eeb1e,1,1,1,1.0,1
raw,a803a62b8205da47,1,1,1,1.0,1
raw,b65c4ab494907786,1,1,1,1.0,1
raw,c0043a6f1916efe0,1,1,1,1.0,1
raw,b981d74ef7d00156,1,1,1,1.0,1
raw,91c0f2cc14052461,2,1,2,0.5,2
raw,8ce6f18c98379c1b,1,1,1,1.0,1
raw,3dbfb77ee4f66fdf,1,1,1,1.0,1
raw,9f501fbfd020cd0a,1,1,1,1.0,1
raw,a336d86c5053e693,1,1,1,1.0,1
raw,a72d8f9a4773946b,1,1,1,1.0,1
raw,581b3c30e599fbbc,2,1,2,0.5,2
raw,26e0c9cada050263,1,1,1,1.0,1
raw,571a42afd61e4922,1,1,1,1.0,1
raw,3e1a2ac8852753ed,1,1,1,1.0,1
raw,fc715d05797cacf2,1,1,1,1.0,1
raw,f3880c672535808e,1,1,1,1.0,1
raw,9bf1686275c9a123,1,1,1,1.0,1
raw,4d91961814351201,1,1,1,1.0,1
raw,27f69b71886bb6f8,1,1,1,1.0,1
raw,38e2585629514fbf,1,1,1,1.0,1
raw,a2713185f26575ce,1,1,1,1.0,1
raw,659fc301f564dd76,1,1,1,1.0,1
raw,c685bccaa58ee5d5,1,1,1,1.0,1
raw,71fd0a0e57d97a72,1,1,1,1.0,1
raw,04043b4ee2754025,1,1,1,1.0,1
raw,252db5af13007edf,1,1,1,1.0,1
raw,1fe3801760fe8ecf,1,1,1,1.0,1
raw,685ef253697c9364,1,1,1,1.0,1
raw,a59af94762aa25bd,1,1,1,1.0,1
raw,ce6e1cbcd684cb30,1,1,1,1.0,1
raw,398cd4cb0e59440a,1,1,1,1.0,1
raw,069901b92d0e040d,1,1,1,1.0,1
raw,58837153f20f1bda,1,1,1,1.0,1
raw,d6a08579560cfb0e,1,1,1,1.0,1
raw,74eb85bfc7e889dc,1,1,1,1.0,1
raw,ec29bcb4158c07a1,1,1,1,1.0,1
raw,3bd907cda946d489,1,1,1,1.0,1
raw,cbfbba9c0a2671e5,1,1,1,1.0,1
raw,c445ca8113ca92b5,1,1,1,1.0,1
raw,10c4daef6a7e867b,1,1,1,1.0,1
raw,3d7f79b51bbbbac7,1,1,1,1.0,1
raw,f9fdc92945eb2a2d,1,1,1,1.0,1
raw,974a4deef2048444,1,1,1,1.0,1
raw,692337c0106baf69,1,1,1,1.0,1
raw,b9c00b11953e8c48,1,1,1,1.0,1
raw,40da0025923849a3,1,1,1,1.0,1
raw,d9028e35be72321a,1,1,1,1.0,1
raw,42017d3f46d67faf,1,1,1,1.0,1
raw,378f699892ea3f89,1,1,1,1.0,1
raw,1a59027ab7e2d19d,1,1,1,1.0,1
raw,d8d59946c6c6b1fb,1,1,1,1.0,1
raw,b769b51f09c10172,1,1,1,1.0,1
raw,add7f54e96c0466d,2,1,2,0.5,2
raw,e4cea6f522ad6838,2,1,2,0.5,2
raw,3ee4163e6022ff39,1,1,1,1.0,1
raw,3491d2faf194ce28,1,1,1,1.0,1
raw,1eed953c15ab4380,1,1,1,1.0,1
raw,c082b548e3c10d5c,1,1,1,1.0,1
raw,f4b5a4496aeab738,1,1,1,1.0,1
raw,b111c6f6736b5824,1,1,1,1.0,1
raw,851eb89aa2c46ac6,1,1,1,1.0,1
raw,993f6407910f2b79,2,1,2,0.5,2
raw,54641e5a4dffc2a5,1,1,1,1.0,1
raw,764bcb7e6c7e9336,1,1,1,1.0,1
raw,068730bde933322d,1,1,1,1.0,1
raw,a690c2e5ed20158c,1,1,1,1.0,1
raw,111c97a792594614,1,1,1,1.0,1
raw,082bd958aef338c7,1,1,1,1.0,1
raw,28a224946a58076e,1,1,1,1.0,1
raw,d813de8ae216089c,2,1,2,0.5,2
raw,fdb434c0fd427b39,1,1,1,1.0,1
raw,d1af69aba5d621c9,2,1,2,0.5,2
raw,6c885fc46eaad8ce,1,1,1,1.0,1
raw,26c9b02d1d70ab86,1,1,1,1.0,1
raw,ad56dfb52eb2aaa3,1,1,1,1.0,1
raw,24d56b5600248960,1,1,1,1.0,1
raw,10d931b2caf6b870,1,1,1,1.0,1
raw,30aa28fa57be7a7c,1,1,1,1.0,1
raw,06f3cfd3450b5deb,1,1,1,1.0,1
raw,14178bb50ceddd06,1,1,1,1.0,1
raw,f39a67820bbd853c,1,1,1,1.0,1
raw,9889159747e3f095,1,1,1,1.0,1
raw,acb5f4de82af4d2a,1,1,1,1.0,1
raw,bea2e9783f6545da,1,1,1,1.0,1
raw,1c38115fb75a41ee,1,1,1,1.0,1
raw,0db103cd99e634fe,1,1,1,1.0,1
raw,308987353157306e,1,1,1,1.0,1
raw,4e6276c0662bdc68,1,1,1,1.0,1
raw,6afa3ce4fd9c8644,1,1,1,1.0,1
raw,c4ba46e7ca5e56c7,1,1,1,1.0,1
raw,debdc989c0ffcdea,1,1,1,1.0,1
raw,2bd4fec5f2941a80,1,1,1,1.0,1
raw,2eefeec8b287002f,1,1,1,1.0,1
raw,405e0d7a8344f107,1,1,1,1.0,1
raw,976f6091eb15f180,1,1,1,1.0,1
raw,ca1eb0c5bd344751,1,1,1,1.0,1
raw,94687823b2c67960,1,1,1,1.0,1
raw,2eba3505a07e4a79,1,1,1,1.0,1
raw,628b4a6525e2a882,1,1,1,1.0,1
raw,2b41d442a9a1262c,2,1,2,0.5,2
raw,2ad522b7e41832bf,1,1,1,1.0,1
raw,f8b922ad52764b95,1,1,1,1.0,1
raw,9c83102e3730dab8,1,1,1,1.0,1
raw,bb635cabd3d1b28b,1,1,1,1.0,1
raw,0bf9bed6fb947a4b,1,1,1,1.0,1
raw,50845e5090baf5b9,1,1,1,1.0,1
raw,5bf2558227ff4810,1,1,1,1.0,1
raw,6b639eaa1307e2f3,1,1,1,1.0,1
raw,696165b3999f2e26,1,1,1,1.0,1
raw,27c46999e3ec9fef,1,1,1,1.0,1
raw,9ae3030e40caaf45,1,1,1,1.0,1
raw,edc5b0c0cfe5c138,1,1,1,1.0,1
raw,edeec9ecfa117c98,1,1,1,1.0,1
raw,8324525f923409c9,1,1,1,1.0,1
raw,81a54a9e34e7e3e3,1,1,1,1.0,1
raw,ee88b351266165b1,2,1,2,0.5,2
raw,fcf3b2d9a76598a4,1,1,1,1.0,1
raw,4a170e69dd126d75,1,1,1,1.0,1
raw,783f7c35b92b5e71,1,1,1,1.0,1
raw,a8284e8faeef48d7,1,1,1,1.0,1
raw,1d3a0bc446264f4f,1,1,1,1.0,1
raw,562f282423b0e0c3,1,1,1,1.0,1
raw,dc9810584c0f8556,1,1,1,1.0,1
raw,79ae7e117e042efe,1,1,1,1.0,1
raw,21f48d2c8f9792fe,1,1,1,1.0,1
raw,503580db253e951b,1,1,1,1.0,1
raw,92a2da02c49a950b,1,1,1,1.0,1
raw,08451d40c22737bc,1,1,1,1.0,1
raw,695aef5f9ef0349d,1,1,1,1.0,1
raw,0d8c5022a6f290b0,1,1,1,1.0,1
raw,7801158b1c288e14,1,1,1,1.0,1
raw,90b4c157300d39be,1,1,1,1.0,1
raw,197d01447d37ea87,1,1,1,1.0,1
raw,cc13ad9ea8eb9378,1,1,1,1.0,1
raw,9e58f47b90664c15,1,1,1,1.0,1
raw,a5f1a5352effd339,1,1,1,1.0,1
raw,631bbc0c25e898b7,2,1,2,0.5,2
raw,c1f98b0aec3cbc46,1,1,1,1.0,1
raw,9a333756831fcae4,1,1,1,1.0,1
raw,0716b21f47fa36da,1,1,1,1.0,1
raw,765660c357d67072,1,1,1,1.0,1
raw,18f1c9c2e004a3cb,1,1,1,1.0,1
raw,dd26619adf936f90,1,1,1,1.0,1
raw,1b61006d98f5dee3,2,1,2,0.5,2
raw,c5604e3d2c940991,1,1,1,1.0,1
raw,2408cb99e949808c,1,1,1,1.0,1
raw,d3ae6cffbec9a0bf,1,1,1,1.0,1
raw,ee32afdac0027472,1,1,1,1.0,1
raw,cdbaede256ed4493,1,1,1,1.0,1
raw,8bb818001d24f383,1,1,1,1.0,1
raw,4cd7771fa62bc05b,1,1,1,1.0,1
raw,349f912f9570268a,1,1,1,1.0,1
raw,8d9ea29671f33602,1,1,1,1.0,1
raw,56a85e421426cfff,1,1,1,1.0,1
raw,7315542083adeed1,1,1,1,1.0,1
raw,56ebe7ac2e684b5d,1,1,1,1.0,1
raw,be496f00f4db9a0f,1,1,1,1.0,1
raw,d5a521965815b341,1,1,1,1.0,1
raw,42b267a97f3ae8cf,1,1,1,1.0,1
raw,8ef65e1e024538db,1,1,1,1.0,1
raw,8315d0c22da742bf,1,1,1,1.0,1
raw,a5c3d8c2fdfd514d,1,1,1,1.0,1
raw,b57242d7d8a7a21b,1,1,1,1.0,1
raw,f54b232faef37a4e,1,1,1,1.0,1
raw,e6502e6c857114d7,1,1,1,1.0,1
raw,eb7461bbd0255237,1,1,1,1.0,1
raw,d18d8d4d8b960785,1,1,1,1.0,1
raw,fc0be3bef0acd309,1,1,1,1.0,1
raw,49dd7908547398dd,1,1,1,1.0,1
raw,0055cc578a80fe17,1,1,1,1.0,1
raw,f8b0294d9916c6d8,1,1,1,1.0,1
raw,7ae35633beb4f55d,1,1,1,1.0,1
raw,f87870f1e706b7e9,1,1,1,1.0,1
raw,4b0b2cd44ab71271,1,1,1,1.0,1
raw,98dad31324fa8ecd,1,1,1,1.0,1
raw,4552e83a345080ef,1,1,1,1.0,1
raw,2c5426ac2c254886,1,1,1,1.0,1
raw,7be71290a901c59a,1,1,1,1.0,1
raw,d9c63e4b39410fdd,1,1,1,1.0,1
raw,8071c7a0415bab28,1,1,1,1.0,1
raw,194fb9546299a18b,1,1,1,1.0,1
raw,30ec52ca4abad7b8,1,1,1,1.0,1
raw,4a8af7e9c925a99b,2,1,2,0.5,2
raw,519495936a793d28,1,1,1,1.0,1
raw,7246f7da741b722c,1,1,1,1.0,1
raw,7a62fd3e3c09da7a,1,1,1,1.0,1
raw,9f3547f96fe1ed41,1,1,1,1.0,1
raw,e35894f08452e193,1,1,1,1.0,1
raw,5b5e2b13fe612371,1,1,1,1.0,1
raw,85ffb71bb256b0ab,1,1,1,1.0,1
raw,4c64de8f1451f18c,1,1,1,1.0,1
raw,17ed71eb0fb7bb66,1,1,1,1.0,1
raw,066910985cc7505b,1,1,1,1.0,1
raw,750de96466f783e8,1,1,1,1.0,1
raw,7774ee00f7e0f9c8,1,1,1,1.0,1
raw,177ac094987ac0ff,1,1,1,1.0,1
raw,9dc4ebc09a085f61,1,1,1,1.0,1
raw,3b387725a9f510ec,1,1,1,1.0,1
raw,340afb68ab9d0a77,1,1,1,1.0,1
raw,30497b4a80ffd961,1,1,1,1.0,1
raw,d0fbcf440648f972,1,1,1,1.0,1
raw,d0164f308a93e46e,1,1,1,1.0,1
raw,4312e30b7ff13c50,1,1,1,1.0,1
raw,45774d8cb56dee29,1,1,1,1.0,1
raw,21bdfb03ee8e0d50,1,1,1,1.0,1
raw,dc71973cb8d2d91c,1,1,1,1.0,1
raw,3e8302f08dd5971e,1,1,1,1.0,1
raw,6058b8fdcae9ed76,1,1,1,1.0,1
raw,3b5d0184b29c7af5,1,1,1,1.0,1
raw,6e58c96c9a6165a7,1,1,1,1.0,1
raw,d29062adbbdd3509,1,1,1,1.0,1
raw,3771489eeca89246,1,1,1,1.0,1
raw,8d2d408e01768c94,1,1,1,1.0,1
raw,ccf53b3b37c7621b,1,1,1,1.0,1
raw,f7f9b7ed59537dcf,1,1,1,1.0,1
raw,e7d706cdca41ca62,1,1,1,1.0,1
raw,77cc36f065e1c58c,1,1,1,1.0,1
raw,a01ee68f49895f26,1,1,1,1.0,1
raw,cbe0908716391bb1,1,1,1,1.0,1
raw,4c404a27069c2efd,1,1,1,1.0,1
raw,2d598aa586babd5c,1,1,1,1.0,1
raw,cb4404bc759b96b3,1,1,1,1.0,1
raw,9ef964898eb8437f,1,1,1,1.0,1
raw,06ced4335e426778,1,1,1,1.0,1
raw,888984f481ceaa6e,1,1,1,1.0,1
raw,9b07caa9720a6321,1,1,1,1.0,1
raw,96fb66e7b79ac70d,1,1,1,1.0,1
raw,9cef65d8362b8da9,1,1,1,1.0,1
raw,1b1210c3a6e8c848,1,1,1,1.0,1
raw,98a2f93039a0bb9c,1,1,1,1.0,1
raw,18f86721ee2e867a,1,1,1,1.0,1
raw,d0c4e1123e881597,1,1,1,1.0,1
raw,49e91161e07e83b1,1,1,1,1.0,1
raw,d97124b692bed64f,1,1,1,1.0,1
raw,db27cfc6a81d230a,1,1,1,1.0,1
raw,96b54da100f3582d,1,1,1,1.0,1
raw,781f53da5053e671,1,1,1,1.0,1
raw,f6e590492160a4d3,1,1,1,1.0,1
raw,58185eda9cc75d2b,1,1,1,1.0,1
raw,0c794f0d4db2dd02,1,1,1,1.0,1
raw,d6557202bebc04dc,1,1,1,1.0,1
raw,336dba27336c8c74,1,1,1,1.0,1
raw,603e11c08ce85c8b,1,1,1,1.0,1
raw,c3da59fad4f247d2,1,1,1,1.0,1
raw,ea0be20a51191608,1,1,1,1.0,1
raw,f09c5911e688b20e,1,1,1,1.0,1
raw,7b7b2ce92e3f8eda,1,1,1,1.0,1
raw,4492b62a261490da,1,1,1,1.0,1
raw,7bcb94d51ff0a6d7,1,1,1,1.0,1
raw,d1a44e18faf2ee68,1,1,1,1.0,1
raw,626081eae850e43f,1,1,1,1.0,1
raw,da47fcf7033a7185,1,1,1,1.0,1
raw,c483dcba9a42370c,1,1,1,1.0,1
raw,0ff0dc26a2cac93a,1,1,1,1.0,1
raw,0c08ca12e614da64,1,1,1,1.0,1
raw,ed1764d8581bd8da,1,1,1,1.0,1
raw,7cf169b55218e039,1,1,1,1.0,1
raw,86e457c14eed08a1,1,1,1,1.0,1
raw,4e9666a74d6e5a60,1,1,1,1.0,1
raw,5257fdf4c4321060,1,1,1,1.0,1
raw,df5d7b7d420bc12b,1,1,1,1.0,1
raw,a840c01b33abfb70,1,1,1,1.0,1
raw,340d917f4fe3d981,1,1,1,1.0,1
raw,6edf06ebd42c421b,1,1,1,1.0,1
raw,475fd800c4bf0050,1,1,1,1.0,1
raw,0d2377ba4c30b93f,1,1,1,1.0,1
raw,ad8c639a7f633bb7,1,1,1,1.0,1
raw,d7c13f573647c364,1,1,1,1.0,1
raw,b49500f6b2211d54,1,1,1,1.0,1
raw,7cd7fd50c1d12c9d,1,1,1,1.0,1
raw,738e9659ff6d27b7,1,1,1,1.0,1
raw,1f7ffefe7e9289dc,1,1,1,1.0,1
raw,5075ac2ea2dd5c56,1,1,1,1.0,1
raw,ad0eb7edda9cce1c,1,1,1,1.0,1
raw,767b1cd44f881d1f,1,1,1,1.0,1
raw,7832d384b33af733,1,1,1,1.0,1
raw,adbaed912084e23f,1,1,1,1.0,1
raw,bc051032be4d0d01,1,1,1,1.0,1
raw,3440dddd62dcf236,1,1,1,1.0,1
raw,c3d0224d16fdfdf4,1,1,1,1.0,1
raw,5fbdf6698ad217e7,1,1,1,1.0,1
raw,5fae8ac3007c6720,1,1,1,1.0,1
raw,5e5e37e57de81698,1,1,1,1.0,1
raw,c8a2fdb16c7acb5f,1,1,1,1.0,1
raw,d0db2ef8ab2a989d,1,1,1,1.0,1
raw,c54418e39da44b2c,1,1,1,1.0,1
raw,41c512103491ef1f,1,1,1,1.0,1
raw,b4df2ad3e6e653d3,1,1,1,1.0,1
raw,c09acda45fc106b0,1,1,1,1.0,1
raw,ce18f27b055d1f7f,1,1,1,1.0,1
raw,c742f9b693210433,1,1,1,1.0,1
raw,b36625c04524ad39,1,1,1,1.0,1
raw,248310cc150e21aa,1,1,1,1.0,1
raw,521850dfb4aecc3a,1,1,1,1.0,1
raw,07ca22f21a87c39a,1,1,1,1.0,1
raw,8e689b24b650a4aa,1,1,1,1.0,1
raw,8014e00c6f9fc48d,1,1,1,1.0,1
raw,c82b66a1b4ab5365,1,1,1,1.0,1
raw,32ceb42db6bfd941,1,1,1,1.0,1
raw,e0c5e17e8d145f9d,1,1,1,1.0,1
raw,2b2149692306e789,1,1,1,1.0,1
raw,95f04fd32c11181c,2,1,2,0.5,2
raw,2e53f1726a295f70,1,1,1,1.0,1
raw,2ca75aaadeb9d83b,1,1,1,1.0,1
raw,ac4d2055b23eca19,1,1,1,1.0,1
raw,9fb662862e271caa,1,1,1,1.0,1
raw,c89e817691e5b917,1,1,1,1.0,1
raw,730be257ee87bd37,1,1,1,1.0,1
raw,4f2a88b1bdb6ba88,1,1,1,1.0,1
raw,b5f99b23411deae3,1,1,1,1.0,1
raw,e906add8b3680241,1,1,1,1.0,1
raw,d75e1e4b15b32f41,1,1,1,1.0,1
raw,d5ae95310a61ee3e,1,1,1,1.0,1
raw,7dc24fd4c134dc7d,1,1,1,1.0,1
raw,c043dad78b57e8e8,1,1,1,1.0,1
raw,77687269faed7bbc,1,1,1,1.0,1
raw,cf4212e6396ead4c,1,1,1,1.0,1
raw,16c1445c3e621322,1,1,1,1.0,1
raw,5b15df2dffef8266,1,1,1,1.0,1
raw,f004990001ebcbb7,1,1,1,1.0,1
raw,47b76db23e3575be,1,1,1,1.0,1
raw,76b50a202447d75e,1,1,1,1.0,1
raw,7431335966336021,1,1,1,1.0,1
raw,7863c6e4694ec6e1,1,1,1,1.0,1
raw,dd48b3635d4a2b9f,1,1,1,1.0,1
raw,a2be0b08eb6cf8db,1,1,1,1.0,1
raw,5670d1f51b9f2daa,2,1,2,0.5,2
raw,ef8d8f824275ebe0,1,1,1,1.0,1
raw,6e871a3078266c33,1,1,1,1.0,1
raw,f67ed3ceb19a1384,1,1,1,1.0,1
raw,dd3d6019013c002c,1,1,1,1.0,1
raw,b6d9cda88e2aef84,1,1,1,1.0,1
raw,e030618037f71885,1,1,1,1.0,1
raw,3148eebb66659331,1,1,1,1.0,1
raw,01c9f513c89bfe8c,1,1,1,1.0,1
raw,a7305c86e255fc90,1,1,1,1.0,1
raw,4b4724042fbacc7a,1,1,1,1.0,1
raw,4b595e5f9bb3eb2f,1,1,1,1.0,1
raw,8902fa40dde19125,1,1,1,1.0,1
raw,8073183de4c6ccda,1,1,1,1.0,1
raw,a1045dcaf5f89545,1,1,1,1.0,1
raw,7d26fcbdd70759e1,1,1,1,1.0,1
raw,86ea68f86662e24d,1,1,1,1.0,1
raw,0d6064e9c58d5b9e,1,1,1,1.0,1
raw,44164d00d97d0626,1,1,1,1.0,1
raw,93dc75578b348f83,2,1,2,0.5,2
raw,9b4b6d423c393c0d,1,1,1,1.0,1
raw,ddfeec11234ea937,1,1,1,1.0,1
raw,30b3ff571d26fafc,1,1,1,1.0,1
raw,90095d1c63c74f9b,1,1,1,1.0,1
raw,fe44f05873bfb993,1,1,1,1.0,1
raw,21f7ac47bb28b0d9,2,1,2,0.5,2
raw,dbeec5b2fcbf0a66,1,1,1,1.0,1
raw,f2f1fe8047a9c21d,1,1,1,1.0,1
raw,c98cda9ce4ac380c,1,1,1,1.0,1
raw,b52f700b445c1157,1,1,1,1.0,1
raw,a1b1791b64863ed8,1,1,1,1.0,1
raw,f9c21972cb758dc4,1,1,1,1.0,1
raw,4c5164eac0c4be6c,1,1,1,1.0,1
raw,e164c1eb6d54d7ef,2,1,2,0.5,2
raw,b40d1e4e7375020f,1,1,1,1.0,1
raw,7f70bd912cfe81b5,1,1,1,1.0,1
raw,e78e683e4bb03f1a,1,1,1,1.0,1
raw,92525f427cd749d2,1,1,1,1.0,1
raw,c11cc5feeacf0338,1,1,1,1.0,1
raw,da924730f3e4a78c,2,1,2,0.5,2
raw,486477c64bafd0b3,1,1,1,1.0,1
raw,0272d6d6d37e4a29,1,1,1,1.0,1
raw,9c072cd2d57f1b89,1,1,1,1.0,1
raw,30bb6dfd36a2c085,1,1,1,1.0,1
raw,e28b9259d964ad1e,1,1,1,1.0,1
raw,0df2cdbd12cd6fb4,1,1,1,1.0,1
raw,b75742829af9abd8,1,1,1,1.0,1
raw,ca0c02d79da1932a,1,1,1,1.0,1
raw,0d39d083f8dcfd75,1,1,1,1.0,1
raw,969a60dd198d0b55,1,1,1,1.0,1
raw,b0a1b248a05a1920,1,1,1,1.0,1
raw,397fda00c704e551,1,1,1,1.0,1
raw,6864b476377559cd,1,1,1,1.0,1
raw,757ba9b4bd4f67cd,1,1,1,1.0,1
raw,06959290752f5b5d,1,1,1,1.0,1
raw,57373f3977b084e8,1,1,1,1.0,1
raw,866659263f3cf0c8,1,1,1,1.0,1
raw,08cca47f37e7458d,1,1,1,1.0,1
raw,0a16ebb3c0f3dc30,1,1,1,1.0,1
raw,5428e930779a4242,1,1,1,1.0,1
raw,b0e0b30db00c3768,1,1,1,1.0,1
raw,54eb1bff87afb5da,1,1,1,1.0,1
raw,6692b6adb69cfe66,1,1,1,1.0,1
raw,b15cfe4310814ac5,1,1,1,1.0,1
raw,c1d1cf565b660e3f,1,1,1,1.0,1
raw,81f89e4a76994ec7,1,1,1,1.0,1
raw,d95db15f91af5d7b,1,1,1,1.0,1
raw,a45784630410c93d,1,1,1,1.0,1
raw,f7771ee5d0aae5b1,1,1,1,1.0,1
raw,2efef356ab4e1d74,1,1,1,1.0,1
raw,f3325986b75ece93,1,1,1,1.0,1
raw,cc2ad1f652557c6d,1,1,1,1.0,1
raw,b84f1ac3b3a35e33,1,1,1,1.0,1
raw,f9c24907dd865aa0,1,1,1,1.0,1
raw,2204ae2c74e87bd4,1,1,1,1.0,1
raw,22935b96bae70cb5,1,1,1,1.0,1
raw,ce98d55cdf6c751a,1,1,1,1.0,1
raw,4756cb53eb7134c4,1,1,1,1.0,1
raw,55d397259b64de10,1,1,1,1.0,1
raw,c5b9b9b51e49da9e,1,1,1,1.0,1
raw,ba7689fbdafc1c46,1,1,1,1.0,1
raw,57b9b673f656b4be,1,1,1,1.0,1
raw,18ab0b70dd7901c1,1,1,1,1.0,1
raw,a566e7d5a4b19157,1,1,1,1.0,1
raw,69a0b5df09981faf,1,1,1,1.0,1
raw,ac4bd75306d1a9d2,1,1,1,1.0,1
raw,e97adf16a5c62ad8,1,1,1,1.0,1
raw,e73fae8a1ecb9e79,1,1,1,1.0,1
raw,ea51fe8b599792c5,1,1,1,1.0,1
raw,0e94d51e51bd11dd,1,1,1,1.0,1
raw,dde41154cbaaabc5,1,1,1,1.0,1
raw,d13ba8ee8ef56dab,1,1,1,1.0,1
raw,1d59e30017b3970b,1,1,1,1.0,1
raw,6ebd7dc8fb4a1ed7,1,1,1,1.0,1
raw,2bfa3434de6446b3,1,1,1,1.0,1
raw,8003b2cbbd26a89d,1,1,1,1.0,1
raw,3088404090ebbfa5,1,1,1,1.0,1
raw,a13f4417149983a8,1,1,1,1.0,1
raw,77c0a78995f2b87e,1,1,1,1.0,1
raw,dc8ac63f7020e333,1,1,1,1.0,1
raw,69ace472310422cc,1,1,1,1.0,1
raw,283be8d76667e392,1,1,1,1.0,1
raw,495d6933ef603be7,1,1,1,1.0,1
raw,42d19e01dab7cf9f,1,1,1,1.0,1
raw,bf2c2af8f0ea1836,1,1,1,1.0,1
raw,c81a3753811d706e,1,1,1,1.0,1
raw,4370721ad403109a,1,1,1,1.0,1
raw,3651923d8efdf27b,2,1,2,0.5,2
raw,4a95e08440852f14,1,1,1,1.0,1
raw,35f29bcb4123f0aa,1,1,1,1.0,1
raw,fb75aa99d577926c,1,1,1,1.0,1
raw,c23497b3cdc74a3b,1,1,1,1.0,1
raw,32e90f93c2b43e61,1,1,1,1.0,1
raw,e75efda8322f83a4,1,1,1,1.0,1
raw,1c3d5e55eff6009f,1,1,1,1.0,1
raw,020a4397c1c3ac95,1,1,1,1.0,1
raw,2c9a17ca9535ecf6,1,1,1,1.0,1
raw,67a92f521297b337,1,1,1,1.0,1
raw,b16b21fe2d77cb81,1,1,1,1.0,1
raw,d2d3755f69ea318b,1,1,1,1.0,1
raw,a309572838e10b2a,1,1,1,1.0,1
raw,73bd5b5c95929107,1,1,1,1.0,1
raw,5fc04d9ac66e503f,1,1,1,1.0,1
raw,a28080cd5b41f394,2,1,2,0.5,2
raw,74821ca24349b969,1,1,1,1.0,1
raw,cbdfa6fdc387ea81,1,1,1,1.0,1
raw,67254df1ee29625c,1,1,1,1.0,1
raw,657808a2b372dfd9,1,1,1,1.0,1
raw,599d0e16e88254b4,1,1,1,1.0,1
raw,5bafd818af89a628,1,1,1,1.0,1
raw,f755619d4f9eda49,1,1,1,1.0,1
raw,a99e69a61e849112,1,1,1,1.0,1
raw,1431d88588043b3a,1,1,1,1.0,1
raw,9ee966bbd1d1e5ba,1,1,1,1.0,1
raw,bcb0f417bd6e93d1,1,1,1,1.0,1
raw,11bad1e298a44b36,1,1,1,1.0,1
raw,470c6c66d461ab2b,1,1,1,1.0,1
raw,8485cf1ab66d9fe8,2,1,2,0.5,2
raw,fc6ca00190bb0caf,1,1,1,1.0,1
raw,da3bc3d7b0d48711,1,1,1,1.0,1
raw,6488bec26ef4b4e3,1,1,1,1.0,1
raw,377440591792befe,1,1,1,1.0,1
raw,b5cd28e69a0accc6,1,1,1,1.0,1
raw,c0f9902e4572a0f0,1,1,1,1.0,1
raw,eb291c55f49c9387,1,1,1,1.0,1
raw,0bf07de50b9ff1a4,1,1,1,1.0,1
raw,c246bea5d0593ba1,1,1,1,1.0,1
raw,c3017bbd5dbeb995,2,1,2,0.5,2
raw,bf9bbda4302efb2b,1,1,1,1.0,1
raw,afaadd177c9c9d4a,1,1,1,1.0,1
raw,33281b1f93c3c525,1,1,1,1.0,1
raw,faacb01c8c6f1670,1,1,1,1.0,1
raw,896aa41113221397,1,1,1,1.0,1
raw,4e972e367266ba0f,1,1,1,1.0,1
raw,637d780ba6fdc9f3,1,1,1,1.0,1
raw,6305a61099b76cc5,1,1,1,1.0,1
raw,d2c2f76f629fa80b,2,1,2,0.5,2
raw,b37d50697d8635b9,1,1,1,1.0,1
raw,8e92067203b92554,1,1,1,1.0,1
raw,d4a5b2a826e6cc43,2,1,2,0.5,2
raw,f0e9f97e63e1f1f1,1,1,1,1.0,1
raw,a31c90cfb5c9c404,1,1,1,1.0,1
raw,452c383d9169fae9,1,1,1,1.0,1
raw,32db350e16b342b0,1,1,1,1.0,1
raw,46b11358a58936ff,1,1,1,1.0,1
raw,4d519e5df4d3750e,1,1,1,1.0,1
raw,75cff81fede8dfb9,1,1,1,1.0,1
raw,f3ef887158776d21,1,1,1,1.0,1
raw,70848f53902f7306,1,1,1,1.0,1
raw,fca9da5381903e92,1,1,1,1.0,1
raw,f92a84cdb53f6f37,1,1,1,1.0,1
raw,04ec5699fc72c51f,1,1,1,1.0,1
raw,d5e4cf19a35d5f6e,1,1,1,1.0,1
raw,339fe0f498055eb6,1,1,1,1.0,1
raw,2a820c39eb2cc80f,1,1,1,1.0,1
raw,af26ab151e627835,1,1,1,1.0,1
raw,56fb635947859719,1,1,1,1.0,1
raw,599fb953393805cd,1,1,1,1.0,1
raw,73d91fe110a76261,1,1,1,1.0,1
raw,af83338ac41ec1ca,1,1,1,1.0,1
raw,7703370e52d7b259,1,1,1,1.0,1
raw,780690e552afbcba,1,1,1,1.0,1
raw,b45dca0a29c8dbfe,1,1,1,1.0,1
raw,fa6244d1e1e70e92,1,1,1,1.0,1
raw,f2e4a80112ead4a7,1,1,1,1.0,1
raw,bdaae07746b5ed4e,1,1,1,1.0,1
raw,18820806b443769d,1,1,1,1.0,1
raw,57e9acbc823f2e53,1,1,1,1.0,1
raw,4878994d2565b4fa,1,1,1,1.0,1
raw,31dc4ae6a9752806,1,1,1,1.0,1
raw,853daaeeb8b44c89,1,1,1,1.0,1
raw,2e1d8ef461038d8c,1,1,1,1.0,1
raw,353d471947b5170d,1,1,1,1.0,1
raw,817a48d2d0bcd0e1,1,1,1,1.0,1
raw,7fa3ee9bbf7b6603,1,1,1,1.0,1
raw,d5ff8589d025aec8,1,1,1,1.0,1
raw,b2ebffc5972ba532,1,1,1,1.0,1
raw,f10860fe9e6c0b54,1,1,1,1.0,1
raw,510cbdbd518ebc74,1,1,1,1.0,1
raw,edc4ab72bfd11204,1,1,1,1.0,1
raw,09f1a504ff71b0f6,2,1,2,0.5,2
raw,5b37b630f9a82416,1,1,1,1.0,1
raw,a158e5401fd98219,1,1,1,1.0,1
raw,993a90886ff80262,2,1,2,0.5,2
raw,b8604f508e00ea36,1,1,1,1.0,1
raw,86a26c02ed05502e,1,1,1,1.0,1
raw,3a8b120d294f561c,1,1,1,1.0,1
raw,209d777d9c3fe9c3,1,1,1,1.0,1
raw,fad494ee3178e5d6,1,1,1,1.0,1
raw,b5c072129ade51d8,1,1,1,1.0,1
raw,d4bcd1d0c0367242,1,1,1,1.0,1
raw,731cef9aac1a35df,1,1,1,1.0,1
raw,6a306a6508adf3f0,1,1,1,1.0,1
raw,debbdc38b81f41fa,1,1,1,1.0,1
raw,f3a5ea1eb026f7d4,1,1,1,1.0,1
raw,4510309252ff7994,1,1,1,1.0,1
raw,fd9f488549d37413,1,1,1,1.0,1
raw,5115f30f107c16bb,1,1,1,1.0,1
raw,1339a52d5631d6d2,1,1,1,1.0,1
raw,ec7cecab4b5cd46e,1,1,1,1.0,1
raw,5cd027dd08553176,1,1,1,1.0,1
raw,477ac916d1c5ea9b,1,1,1,1.0,1
raw,81b72c6a28f6da0c,1,1,1,1.0,1
raw,989f491901b08cad,1,1,1,1.0,1
raw,69de4174a631e651,1,1,1,1.0,1
raw,6950731c7f2f4fe6,1,1,1,1.0,1
raw,89650365e1f288a4,1,1,1,1.0,1
raw,dcf51c11c7fb6579,1,1,1,1.0,1
raw,e5c129411aa3882d,1,1,1,1.0,1
raw,79cff3ce07a5700e,1,1,1,1.0,1
raw,4d3cb58765381965,1,1,1,1.0,1
raw,c203404d59307581,1,1,1,1.0,1
raw,40ea13b5050bb8eb,1,1,1,1.0,1
raw,048ab6e1ebe1818b,1,1,1,1.0,1
raw,58dc7567dae18705,1,1,1,1.0,1
raw,65ef400285fbdc71,1,1,1,1.0,1
raw,b04cc61818a8cd26,1,1,1,1.0,1
raw,ba3fb5fc1625f89f,1,1,1,1.0,1
raw,61360f7ad58a43a6,1,1,1,1.0,1
raw,539dc38dc033e1b2,1,1,1,1.0,1
raw,b81c55115e5585f8,1,1,1,1.0,1
raw,ca3b1b07d4c3875f,1,1,1,1.0,1
raw,64a235f82d988e4e,1,1,1,1.0,1
raw,71bdeb592eb76831,1,1,1,1.0,1
raw,34e001e5a46792db,1,1,1,1.0,1
raw,76167f52d2973ae0,1,1,1,1.0,1
raw,1777e788749190be,1,1,1,1.0,1
raw,b388a341b76414a5,1,1,1,1.0,1
raw,bb6435bcaf7b0435,2,1,2,0.5,2
raw,07b61ecb56f5fa59,1,1,1,1.0,1
raw,fa4014c4b24e98a1,1,1,1,1.0,1
raw,270d162f61d385fa,1,1,1,1.0,1
raw,110289fb5fae5fc5,1,1,1,1.0,1
raw,6c8bd3593479405b,1,1,1,1.0,1
raw,2e80c7b885cbf2c3,1,1,1,1.0,1
raw,ae54a6558541ef44,1,1,1,1.0,1
raw,1b73c53ab60ef5b8,1,1,1,1.0,1
raw,7e0d2d2ad7903037,1,1,1,1.0,1
raw,2ee714786d5ca50b,1,1,1,1.0,1
raw,b16375bbf0d327da,1,1,1,1.0,1
raw,bd7b807453388140,1,1,1,1.0,1
raw,79cc539008b71b27,1,1,1,1.0,1
raw,3221fa3ddb14abde,1,1,1,1.0,1
raw,f09618d243e3255a,1,1,1,1.0,1
raw,3ca7c0d0dd613c78,1,1,1,1.0,1
raw,f36cfb19c9751105,1,1,1,1.0,1
raw,3ae3ca1ed3bfc427,1,1,1,1.0,1
raw,5a8ecf46bd576d04,2,1,2,0.5,2
raw,0f102bf33d883de5,1,1,1,1.0,1
raw,c57933f8804592b9,1,1,1,1.0,1
raw,0cf193f1e40bb8b3,1,1,1,1.0,1
raw,0d81ec4644a8ae31,1,1,1,1.0,1
raw,e66480861498e5d1,1,1,1,1.0,1
raw,57b1c81d6a88928b,1,1,1,1.0,1
raw,a862d309aed4fdee,1,1,1,1.0,1
raw,7ad1deadf3edf93e,1,1,1,1.0,1
raw,85256daafa3af99a,1,1,1,1.0,1
raw,313e0cb5739e60bd,1,1,1,1.0,1
raw,f6f966199fa60189,2,1,2,0.5,2
raw,574c2aac50d670e2,1,1,1,1.0,1
raw,eb279ce25feb8683,1,1,1,1.0,1
raw,f7ee5bbff5aee8d1,1,1,1,1.0,1
raw,146288ac77249ba5,2,1,2,0.5,2
raw,4ecc5df3a73e6543,1,1,1,1.0,1
raw,5f202ab9f9d0cd6c,1,1,1,1.0,1
raw,c5b738832bc8c285,1,1,1,1.0,1
raw,c7d715a298ee6793,1,1,1,1.0,1
raw,a749829782ddc30f,1,1,1,1.0,1
raw,3b3d0b2a76e3e77f,1,1,1,1.0,1
raw,5dfa78bc32b5a6dd,1,1,1,1.0,1
raw,4ea04ab6c4d39dc6,1,1,1,1.0,1
raw,484445cee0d41f3a,1,1,1,1.0,1
raw,4233df83cf5b981a,1,1,1,1.0,1
raw,b3847db32da1e19a,1,1,1,1.0,1
raw,b8bfcd894c94dc0a,1,1,1,1.0,1
raw,a09f8c74c84ed82c,1,1,1,1.0,1
raw,c97cabb8c661775a,1,1,1,1.0,1
raw,424a583ec9f31c52,1,1,1,1.0,1
raw,f8d8f2b6b8260a38,1,1,1,1.0,1
raw,de028cd48d009871,1,1,1,1.0,1
raw,05387abdf542a8af,1,1,1,1.0,1
raw,431c154dc2024423,1,1,1,1.0,1
raw,00cf443f9a991255,1,1,1,1.0,1
raw,f4aa5f31e0914ca7,1,1,1,1.0,1
raw,3f3ba254cb141f93,1,1,1,1.0,1
raw,43bfbf9f39508393,1,1,1,1.0,1
raw,e37aefdc8db8713a,1,1,1,1.0,1
raw,130f8c00e04c9e97,1,1,1,1.0,1
raw,508b556048231e1d,1,1,1,1.0,1
raw,ef47debba83a5f24,1,1,1,1.0,1
raw,8ede9732e011d83e,1,1,1,1.0,1
raw,4267af3154393f1b,1,1,1,1.0,1
raw,f2a6eeeebf57c160,1,1,1,1.0,1
raw,b36b32365db5495a,1,1,1,1.0,1
raw,c7cfc07698a66afc,1,1,1,1.0,1
raw,7ee34b0a966de554,1,1,1,1.0,1
raw,d546bf65a1988ba0,1,1,1,1.0,1
raw,d6bde8e958211823,1,1,1,1.0,1
raw,8dc77ff7a914632c,1,1,1,1.0,1
raw,69eb2d1528c66675,1,1,1,1.0,1
raw,a0526d182f78dd6d,1,1,1,1.0,1
raw,e597f6f5340f2bf1,1,1,1,1.0,1
raw,fd62027085002613,1,1,1,1.0,1
raw,355d81330cc61107,1,1,1,1.0,1
raw,0abc38ad8cf327cb,1,1,1,1.0,1
raw,de6b1fecde6d8486,1,1,1,1.0,1
raw,6b12f49ee143e473,1,1,1,1.0,1
raw,0d22fbf309a14bcf,1,1,1,1.0,1
raw,8db54acd6055ca1f,1,1,1,1.0,1
raw,38bb090ae6527cd0,1,1,1,1.0,1
raw,e5756bf88e22a48b,1,1,1,1.0,1
raw,fc33f0a8f9322f3f,1,1,1,1.0,1
raw,04642833a790ab9c,1,1,1,1.0,1
raw,855c1feecf76f2e0,1,1,1,1.0,1
raw,2336dee593ff2d4c,1,1,1,1.0,1
raw,8eedc3ffc272566d,1,1,1,1.0,1
raw,e70f4f1190ce5971,1,1,1,1.0,1
raw,8722d144cceb9bd3,1,1,1,1.0,1
raw,08d4450f1d559b97,1,1,1,1.0,1
raw,07bb0aee2573c00d,1,1,1,1.0,1
raw,74d55494897b3876,1,1,1,1.0,1
raw,05c320e8cfd26f31,1,1,1,1.0,1
raw,a90d30a0d1f69743,1,1,1,1.0,1
raw,fc69fa8715e276e3,1,1,1,1.0,1
raw,6a825675e3d77c49,1,1,1,1.0,1
raw,2b05d9172e6fddc1,1,1,1,1.0,1
raw,e7a8920094d4a99d,1,1,1,1.0,1
raw,e79625650fa4d0cd,1,1,1,1.0,1
raw,738726f1664e6695,1,1,1,1.0,1
raw,7d89575d9eaacddc,1,1,1,1.0,1
raw,3fc30de01f021530,1,1,1,1.0,1
raw,1f0e8f29752abeea,1,1,1,1.0,1
raw,037565b99528f68f,1,1,1,1.0,1
raw,dd33c134666eb518,1,1,1,1.0,1
raw,70f2a1d2b51d1df2,1,1,1,1.0,1
raw,181b3f9dd0634990,1,1,1,1.0,1
raw,6e33d4ba14d7b9f1,1,1,1,1.0,1
raw,2de52741e1655076,1,1,1,1.0,1
raw,7acb48d485c1f102,1,1,1,1.0,1
raw,2fb2f91000b1d594,1,1,1,1.0,1
raw,5613c26d4a155617,1,1,1,1.0,1
raw,9fc409b98d758009,1,1,1,1.0,1
raw,4c44efc6ef97b4b7,1,1,1,1.0,1
raw,c094401c756568d6,1,1,1,1.0,1
raw,0cf658081615fc73,1,1,1,1.0,1
raw,e04a9c1578fcbf94,1,1,1,1.0,1
raw,c708ceeb6cd2ca29,1,1,1,1.0,1
raw,69874c1432c43daf,1,1,1,1.0,1
raw,d45eb5525ba81ad5,1,1,1,1.0,1
raw,b1806c92db91b77e,2,1,2,0.5,2
raw,ce5b56b8f9c9ae8e,1,1,1,1.0,1
raw,79de41038bf84387,1,1,1,1.0,1
raw,4bfe7bf0392de5b5,1,1,1,1.0,1
raw,ba3bdffcf97776af,1,1,1,1.0,1
raw,72bc3893c62454c4,1,1,1,1.0,1
raw,2a742d2c94f9db61,1,1,1,1.0,1
raw,0806071bb2a15f22,1,1,1,1.0,1
raw,30fd6aac2513d2aa,1,1,1,1.0,1
raw,b0b57d97a1cd0dcc,1,1,1,1.0,1
raw,2ba3f8394fa0bbc5,1,1,1,1.0,1
raw,fc3effda156e901f,1,1,1,1.0,1
raw,c0cc942fddcb0932,1,1,1,1.0,1
raw,267b94154ba3fb31,1,1,1,1.0,1
raw,1c0236403aeb0009,1,1,1,1.0,1
raw,2f59111f7d700f33,1,1,1,1.0,1
raw,26cfbfe42ce26402,1,1,1,1.0,1
raw,759395253ed0523b,1,1,1,1.0,1
raw,b3049f6444992a51,1,1,1,1.0,1
raw,2d1b7a5e380cb921,1,1,1,1.0,1
raw,d011eabe3d4c22a2,1,1,1,1.0,1
raw,a63a568851040008,1,1,1,1.0,1
raw,b23a498a29351904,1,1,1,1.0,1
raw,7a57bae49150f7a3,1,1,1,1.0,1
raw,a54058e595bca5f8,1,1,1,1.0,1
raw,00bcb68d4ff1168c,1,1,1,1.0,1
raw,ff9f21c64cf2e0f9,1,1,1,1.0,1
raw,3e39b409f64740fd,1,1,1,1.0,1
raw,52c5a192885742a3,1,1,1,1.0,1
raw,055d1e624285b1d9,1,1,1,1.0,1
raw,97c787c49096b629,1,1,1,1.0,1
raw,c3c3a9700808a054,2,1,2,0.5,2
raw,ffc1829fb4f327d4,1,1,1,1.0,1
raw,72839e1a7e03de62,1,1,1,1.0,1
raw,a3a74bebf42ad98b,1,1,1,1.0,1
raw,e4c9642104e17ec0,1,1,1,1.0,1
raw,8d3a5a62d7ff9c56,1,1,1,1.0,1
raw,db8c1231581e0400,1,1,1,1.0,1
raw,1827e462c1003982,1,1,1,1.0,1
raw,a3a54baf0c686cc8,1,1,1,1.0,1
raw,7bd4c775f60a0a12,1,1,1,1.0,1
raw,6b1ac125803d74f3,1,1,1,1.0,1
raw,c293c6a5627d785d,1,1,1,1.0,1
raw,dd87baa974ab4694,1,1,1,1.0,1
raw,62d890d14f1c7b59,1,1,1,1.0,1
raw,a088eea3bb5b29a6,1,1,1,1.0,1
raw,80c3f0dc32c8d2fb,1,1,1,1.0,1
raw,e60fee8217b8c60f,1,1,1,1.0,1
raw,062d47af7412a68b,2,1,2,0.5,2
raw,c31d31a213707198,2,1,2,0.5,2
raw,eeeae48788e83a43,1,1,1,1.0,1
raw,4936d339d73c8e05,1,1,1,1.0,1
raw,0f5bcce24067f52c,1,1,1,1.0,1
raw,298bcabe77b6a77d,1,1,1,1.0,1
raw,99d869f48b1477fa,1,1,1,1.0,1
raw,dc64e90d25f3618a,1,1,1,1.0,1
raw,8bd6a642ad83e2ad,1,1,1,1.0,1
raw,143705bc17164ae8,1,1,1,1.0,1
raw,3d5439c025f4c076,1,1,1,1.0,1
raw,8731214a5f818259,1,1,1,1.0,1
raw,1fe8a228a09ffbdf,1,1,1,1.0,1
raw,8f3aab2227f10c72,1,1,1,1.0,1
raw,9c0da32c2f4c8cc1,1,1,1,1.0,1
raw,e223cb0059f6ca4c,1,1,1,1.0,1
raw,173b1bb0cb468c85,1,1,1,1.0,1
raw,ea07544eb8968067,1,1,1,1.0,1
raw,686c580bc5523665,2,1,2,0.5,2
raw,c797c4277df86ebd,1,1,1,1.0,1
raw,d9de3eaafaf88f59,1,1,1,1.0,1
raw,7b4367a72da61a13,1,1,1,1.0,1
raw,2124b4857c14a381,1,1,1,1.0,1
raw,c7d781c2200dba01,1,1,1,1.0,1
raw,53f47ef4607a17ad,1,1,1,1.0,1
raw,59409c6688da66cc,1,1,1,1.0,1
raw,cf055b0b76b1df9b,1,1,1,1.0,1
raw,8c3a96a1496232a2,1,1,1,1.0,1
raw,57d696fe9d57a359,1,1,1,1.0,1
raw,c828ea110ca5388a,1,1,1,1.0,1
raw,b3ff0c251dd5be47,1,1,1,1.0,1
raw,10756f4d0185fdb1,1,1,1,1.0,1
raw,a36830afb2063dc3,1,1,1,1.0,1
raw,b70fb874b214e047,1,1,1,1.0,1
raw,5e391234498fc323,1,1,1,1.0,1
raw,f782761f2ed66d8a,1,1,1,1.0,1
raw,10436121eef0c97f,1,1,1,1.0,1
raw,077617495a3d2532,1,1,1,1.0,1
raw,da026d0c1bee4a20,1,1,1,1.0,1
raw,29ed31b9d406fa8c,1,1,1,1.0,1
raw,fd25db4b5475ed27,1,1,1,1.0,1
raw,97e0270fd1ee44eb,1,1,1,1.0,1
raw,034daeb03e17e44b,1,1,1,1.0,1
raw,4196c30626c66b2b,1,1,1,1.0,1
raw,fc0a625eecc743eb,1,1,1,1.0,1
raw,d92863ab472ae3c7,1,1,1,1.0,1
raw,4351fcb89dcbd7c0,1,1,1,1.0,1
raw,ca07bfcf3e7296cf,1,1,1,1.0,1
raw,c36570178de67030,1,1,1,1.0,1
raw,a6b399f36639a6f0,1,1,1,1.0,1
raw,4d39694ccb393809,1,1,1,1.0,1
raw,f0724e1e4a35351e,1,1,1,1.0,1
raw,9fb54d7a8ceb4dbc,1,1,1,1.0,1
raw,e599ff2e7dcb7a8e,1,1,1,1.0,1
raw,a8d300473875a118,1,1,1,1.0,1
raw,6823b2781d033dd1,1,1,1,1.0,1
raw,32e4181c018069cd,1,1,1,1.0,1
raw,83af2ab571e62d30,1,1,1,1.0,1
raw,6a1ea882f54d1677,1,1,1,1.0,1
raw,879b3d08da063af2,1,1,1,1.0,1
raw,f22b055e40365f45,1,1,1,1.0,1
raw,b06a5fa3e56bda32,1,1,1,1.0,1
raw,e312da8049a7ddc6,1,1,1,1.0,1
raw,8337f3eb552bcad8,1,1,1,1.0,1
raw,0247ca7c9dae50ca,1,1,1,1.0,1
raw,cce443267f39814e,1,1,1,1.0,1
raw,5499388134d6a101,1,1,1,1.0,1
raw,1d100002db37ff7e,1,1,1,1.0,1
raw,9c58c7568b0826b1,1,1,1,1.0,1
raw,e0003fd14f77f140,1,1,1,1.0,1
raw,48925a7448305308,1,1,1,1.0,1
raw,3d7de17ca59d31ea,1,1,1,1.0,1
raw,c13b4eb6b882f517,1,1,1,1.0,1
raw,b99ad5285d45159b,1,1,1,1.0,1
raw,c35bf32867daa5e8,1,1,1,1.0,1
raw,0ec81c267510b786,1,1,1,1.0,1
raw,56052767dcd99f35,1,1,1,1.0,1
raw,a253fb04c88f4022,1,1,1,1.0,1
raw,cd9b3a8795061a9a,1,1,1,1.0,1
raw,a6aa7d880276d6cf,1,1,1,1.0,1
raw,e78ccc4b6e30e5d5,1,1,1,1.0,1
raw,685f76465b74effa,1,1,1,1.0,1
raw,6f569dde79b31a16,1,1,1,1.0,1
raw,d43606b284ac0d89,1,1,1,1.0,1
raw,4302f795fc02f3ca,1,1,1,1.0,1
raw,e7044c6d7a0dc9a1,1,1,1,1.0,1
raw,c69c40cfbc7d02ed,1,1,1,1.0,1
raw,71679b23d8f71a2c,1,1,1,1.0,1
raw,8ccdd47584e07c71,1,1,1,1.0,1
raw,7530fc1435c75418,1,1,1,1.0,1
raw,aed44a80ef2bfb40,1,1,1,1.0,1
raw,af7a3ae386036590,1,1,1,1.0,1
raw,74f6b42958c2d4d0,1,1,1,1.0,1
raw,0876615c494b3189,1,1,1,1.0,1
raw,701f01ba51fce889,1,1,1,1.0,1
raw,ee8c9868fccfccd4,1,1,1,1.0,1
raw,f9819d591e20ac52,1,1,1,1.0,1
raw,92064793162724ad,1,1,1,1.0,1
raw,6f8405c8371fdf5a,1,1,1,1.0,1
raw,01e78b19b3da0350,1,1,1,1.0,1
raw,c4f4bb16ddfea9fa,1,1,1,1.0,1
raw,df68c73809b101e4,1,1,1,1.0,1
raw,55a5e27d9e30a419,1,1,1,1.0,1
raw,2d51fdfa4d1c68b7,1,1,1,1.0,1
raw,e9478283aae82b3c,1,1,1,1.0,1
raw,842867f3b4bd1468,1,1,1,1.0,1
raw,8a8b513f38dd0875,1,1,1,1.0,1
raw,5042c7c19d133ab3,1,1,1,1.0,1
raw,499e9a96e068d54c,1,1,1,1.0,1
raw,a2b9ca291443b2d0,1,1,1,1.0,1
raw,a65f1204e7dd6ec2,1,1,1,1.0,1
raw,7c28f207016f61cb,1,1,1,1.0,1
raw,2e859ace7a36375e,1,1,1,1.0,1
raw,8329e12524124503,1,1,1,1.0,1
raw,33109a4cf6735b03,2,1,2,0.5,2
raw,d3c9b5562fe8da9c,1,1,1,1.0,1
raw,e5e18af5804549ac,1,1,1,1.0,1
raw,1e49f184f6d02b6c,1,1,1,1.0,1
raw,b3c4d0c7dcb68e8d,1,1,1,1.0,1
raw,216cb5b0facf75b8,1,1,1,1.0,1
raw,753121d2ae20b889,2,1,2,0.5,2
raw,f09294b9f3d003b4,2,1,2,0.5,2
raw,e1794ec24bf46b9a,1,1,1,1.0,1
raw,4f98f2c767273c61,1,1,1,1.0,1
raw,ede8d8d14b7a4ce5,1,1,1,1.0,1
raw,654b975d46419ad9,1,1,1,1.0,1
raw,bcdf854316c3f9f1,1,1,1,1.0,1
raw,da8ce9f5f089bcfc,1,1,1,1.0,1
raw,d52789ed108c1600,1,1,1,1.0,1
raw,d93eb5a51261313c,1,1,1,1.0,1
raw,b9ee2dee77742762,1,1,1,1.0,1
raw,7e7617f18e64657e,1,1,1,1.0,1
raw,86b6b2f7ec426cd6,1,1,1,1.0,1
raw,186008d2af1605f8,1,1,1,1.0,1
raw,0006956e401f7f21,2,1,2,0.5,2
raw,e3d8af2ef29a6ca8,1,1,1,1.0,1
raw,1d87fa250f4de249,1,1,1,1.0,1
raw,1fd44a305e0b1630,1,1,1,1.0,1
raw,76a1a20dd9efb328,1,1,1,1.0,1
raw,829828487cb3103c,1,1,1,1.0,1
raw,0eb29ff3a746e69f,1,1,1,1.0,1
raw,9831a2a62b64cf9e,1,1,1,1.0,1
raw,8727e02317831d87,1,1,1,1.0,1
raw,8c811d86ff7617a5,1,1,1,1.0,1
raw,73cf08acf88774d8,1,1,1,1.0,1
raw,4298a969d4a82cf5,1,1,1,1.0,1
raw,9613106fd495f392,1,1,1,1.0,1
raw,6c4e7d6b5a6631b0,1,1,1,1.0,1
raw,5fc3e6b6296d2975,1,1,1,1.0,1
raw,acc7d643d3274255,1,1,1,1.0,1
raw,e12b57d4e13c70f0,1,1,1,1.0,1
raw,1a866cd7ba74beca,1,1,1,1.0,1
raw,122ac7753258d65f,1,1,1,1.0,1
raw,ed6a45e171bc05c5,1,1,1,1.0,1
raw,3ac689ff1bda845d,1,1,1,1.0,1
raw,a4ede4e67ebe356a,1,1,1,1.0,1
raw,b09d938bceabf131,1,1,1,1.0,1
raw,ce4af647bf7dd5f3,1,1,1,1.0,1
raw,5331393a27e70843,1,1,1,1.0,1
raw,aa20c77150e543c8,1,1,1,1.0,1
raw,de0713e71bc81cbe,1,1,1,1.0,1
raw,19f06e20f6286ec6,1,1,1,1.0,1
raw,fb529bbcaff3adb9,1,1,1,1.0,1
raw,0bc60e1cbbab7503,2,1,2,0.5,2
raw,f8f05da38a41d6cb,1,1,1,1.0,1
raw,9c9ce0b4355c6434,1,1,1,1.0,1
raw,ea8ecd86f1099ca9,1,1,1,1.0,1
raw,42bc7abd0df39f21,1,1,1,1.0,1
raw,80f543d417790220,1,1,1,1.0,1
raw,2796d3210f1516cc,1,1,1,1.0,1
raw,40118cf482c9f561,1,1,1,1.0,1
raw,2f9034c85cd25568,1,1,1,1.0,1
raw,e49c82ae4e32c9e9,1,1,1,1.0,1
raw,9d6176b9763881f5,1,1,1,1.0,1
raw,8eeafdfb5a510bd0,1,1,1,1.0,1
raw,32ff5fccc09170df,1,1,1,1.0,1
raw,96c6e87a48294bb2,1,1,1,1.0,1
raw,5e430f98c73ebdb2,2,1,2,0.5,2
raw,4ccfe7fa3cb0d131,1,1,1,1.0,1
raw,8c556517f78c2e9b,1,1,1,1.0,1
raw,20a862f36c6f8b51,1,1,1,1.0,1
raw,270702206d1ced8a,1,1,1,1.0,1
raw,061bfa2d0537e641,1,1,1,1.0,1
raw,dbb72c45c8b0e6cc,1,1,1,1.0,1
raw,b64e78097fc887d3,1,1,1,1.0,1
raw,b4faeb279dfb42a4,1,1,1,1.0,1
raw,60ebcbcefe2557c6,1,1,1,1.0,1
raw,a1ce3d17b8907e96,1,1,1,1.0,1
raw,5d38dc5d2453ac7a,1,1,1,1.0,1
raw,73e38f3eee90f207,1,1,1,1.0,1
raw,a6de407bf662251a,1,1,1,1.0,1
raw,30a035fab7fa232e,1,1,1,1.0,1
raw,7f4cbbecc67a57c4,1,1,1,1.0,1
raw,99fbcb5fee4f2023,1,1,1,1.0,1
raw,431408cac964ae22,1,1,1,1.0,1
raw,1200b06776f12a41,1,1,1,1.0,1
raw,44fde58a461d64cb,1,1,1,1.0,1
raw,d79404dc97d79fd8,1,1,1,1.0,1
raw,6518729c4ffb8387,1,1,1,1.0,1
raw,5eb7c035335cad93,1,1,1,1.0,1
raw,47d84baf9331aa73,1,1,1,1.0,1
raw,c8e46f73ce00004a,1,1,1,1.0,1
raw,ac8cf26dcef50663,1,1,1,1.0,1
raw,0e15bdcb29a0eb48,1,1,1,1.0,1
raw,06ce7d8be5fedabb,1,1,1,1.0,1
raw,d6cefb52740f474c,1,1,1,1.0,1
raw,3dc17507d2aca4e2,1,1,1,1.0,1
raw,43643c22db20bd13,1,1,1,1.0,1
raw,7172782f1b1e6f35,1,1,1,1.0,1
raw,d9c378ca448d3d58,1,1,1,1.0,1
raw,847d7ef25cda29b7,1,1,1,1.0,1
raw,f7fddc1e16759d76,1,1,1,1.0,1
raw,09692dbc577a4e93,1,1,1,1.0,1
raw,b13b802330db3bf5,1,1,1,1.0,1
raw,edfcb04394b04568,1,1,1,1.0,1
raw,b57d26d85a38fdba,1,1,1,1.0,1
raw,36847fab9ce118d6,1,1,1,1.0,1
raw,7d62180ccb5e084d,1,1,1,1.0,1
raw,27fea68fbc0e2879,1,1,1,1.0,1
raw,c7486f51e412f868,1,1,1,1.0,1
raw,92f53bc42d35bc1f,1,1,1,1.0,1
raw,ba94680fbe2516ac,1,1,1,1.0,1
raw,889f36e13bf04b8d,1,1,1,1.0,1
raw,236e878730a9c83a,1,1,1,1.0,1
raw,45fcb34f280598e3,1,1,1,1.0,1
raw,b86fb60fd2e3c3b6,1,1,1,1.0,1
raw,b10213d2e231afdb,1,1,1,1.0,1
raw,7cff5432d7e07aaf,1,1,1,1.0,1
raw,4bb1bbe7581ab7d8,1,1,1,1.0,1
raw,1ea1ebe5ab338135,1,1,1,1.0,1
raw,45294f79772a9878,1,1,1,1.0,1
raw,f55b9bd3d0a24064,1,1,1,1.0,1
raw,83032ede5254d59f,1,1,1,1.0,1
raw,6d0db789a3ddf916,1,1,1,1.0,1
raw,da49daa57c64d0fa,2,1,2,0.5,2
raw,ebdfb248edbc7468,1,1,1,1.0,1
raw,925cd35bac9c8244,1,1,1,1.0,1
raw,5ed82af95bcbe175,1,1,1,1.0,1
raw,3f564b57571fd617,1,1,1,1.0,1
raw,23c2beef8cfe76d7,1,1,1,1.0,1
raw,334563a8cfe93503,1,1,1,1.0,1
raw,f3352b17feee6e79,1,1,1,1.0,1
raw,3e5ba3384ad6e7de,1,1,1,1.0,1
raw,82e3386c14b98303,1,1,1,1.0,1
raw,6d521478dfac8b87,1,1,1,1.0,1
raw,dae32dd065c027cd,1,1,1,1.0,1
raw,9c634682c5ca2546,1,1,1,1.0,1
raw,8cf5eb1e26d27c3e,1,1,1,1.0,1
raw,5c2307395a968c74,2,1,2,0.5,2
raw,af0dc3e4414add59,1,1,1,1.0,1
raw,33d438e78fa9bb25,1,1,1,1.0,1
raw,5e2113389a832e1a,1,1,1,1.0,1
raw,3462cc3af2a4233e,1,1,1,1.0,1
raw,204e2981b562bcfa,1,1,1,1.0,1
raw,6e8817221421e8ff,1,1,1,1.0,1
raw,696b95a2c390e8e0,1,1,1,1.0,1
raw,16df49749fee354a,1,1,1,1.0,1
raw,7ed49426868209ed,1,1,1,1.0,1
raw,aed514ef0e2248d0,1,1,1,1.0,1
raw,be84bc46b6dc967f,1,1,1,1.0,1
raw,bd0dc04ffe5a8bf5,1,1,1,1.0,1
raw,8057ae42fb27305c,1,1,1,1.0,1
raw,5296c6abbed028fb,1,1,1,1.0,1
raw,4130da8c4943eee7,1,1,1,1.0,1
raw,fd9a369f8513d09d,1,1,1,1.0,1
raw,1796a59ce18c57ad,1,1,1,1.0,1
raw,1b85b0e86705706d,1,1,1,1.0,1
raw,7d4c57739c88e169,1,1,1,1.0,1
raw,2e8806bdc0105e99,1,1,1,1.0,1
raw,f5996a344a92e9e3,1,1,1,1.0,1
raw,bc4782a9c0ac4dee,1,1,1,1.0,1
raw,2ae8e9c3ea940a60,1,1,1,1.0,1
raw,224b87f85fbdb308,1,1,1,1.0,1
raw,61726764ace8c9ef,1,1,1,1.0,1
raw,1abcea26edf26d8a,1,1,1,1.0,1
raw,ac688d2158f4c64d,1,1,1,1.0,1
raw,cb8e091240f84566,2,1,2,0.5,2
raw,72328c4b85066d31,1,1,1,1.0,1
raw,b066c633536651c5,1,1,1,1.0,1
raw,8b1389d50b3f1d35,1,1,1,1.0,1
raw,7f11823852516af1,1,1,1,1.0,1
raw,d43f2e28894fdb49,1,1,1,1.0,1
raw,a7d610cff06aa160,1,1,1,1.0,1
raw,908f65bc57555856,1,1,1,1.0,1
raw,df99f17710f6d42d,2,1,2,0.5,2
raw,42d63496fe58df11,1,1,1,1.0,1
raw,ecb37f57e4fe7d51,1,1,1,1.0,1
raw,3675930768a13256,1,1,1,1.0,1
raw,d9b3e262033b4148,1,1,1,1.0,1
raw,94d4909c209ed7ad,1,1,1,1.0,1
raw,b4e1076b083de7e5,1,1,1,1.0,1
raw,38cbc8c395e4e96a,1,1,1,1.0,1
raw,9fb069964d4b9cb7,1,1,1,1.0,1
raw,72606296bb871776,1,1,1,1.0,1
raw,046afa22f53b7719,1,1,1,1.0,1
raw,bc4fef5a0c66e0f8,1,1,1,1.0,1
raw,3d7fc34c64ca2957,1,1,1,1.0,1
raw,9789475b215fdff4,1,1,1,1.0,1
raw,8e401c82a238b8c6,1,1,1,1.0,1
raw,7a2c0b4ff1c1ec35,2,1,2,0.5,2
raw,b54510f3bec0fc75,1,1,1,1.0,1
raw,6cb10498be0f9610,1,1,1,1.0,1
raw,0f54fafa35f9fdfc,1,1,1,1.0,1
raw,69fb187fc76a16f9,1,1,1,1.0,1
raw,6ff0f809e5363179,1,1,1,1.0,1
raw,10421e15ec17c901,1,1,1,1.0,1
raw,d58d32cd150c7614,1,1,1,1.0,1
raw,e706b984fa3c1d9b,1,1,1,1.0,1
raw,9f68137a9855c397,1,1,1,1.0,1
raw,2efb75c51c67821e,1,1,1,1.0,1
raw,aaaf2f5983b194ae,1,1,1,1.0,1
raw,0dd0c9968a98ee65,1,1,1,1.0,1
raw,c20925681f21b876,1,1,1,1.0,1
raw,50a7d442dfbb7099,1,1,1,1.0,1
raw,276d0ccc03f98daa,1,1,1,1.0,1
raw,2deca318b102b06a,1,1,1,1.0,1
raw,fb4b0a5ba30afeaf,1,1,1,1.0,1
raw,7cbbc8089f2274b3,1,1,1,1.0,1
raw,466841823516d3bb,1,1,1,1.0,1
raw,a1472d79f8351e09,1,1,1,1.0,1
raw,3c42ab3a48f55874,1,1,1,1.0,1
raw,1ec789ec0aaa3430,1,1,1,1.0,1
raw,7d4c9a68eb5b22a7,1,1,1,1.0,1
raw,c179c4b9e7ab0095,1,1,1,1.0,1
raw,05dee50fafbce79e,1,1,1,1.0,1
raw,031f909fff6f5596,1,1,1,1.0,1
raw,abe5335ce6f8c4d9,1,1,1,1.0,1
raw,0bcd2305d42041a5,1,1,1,1.0,1
raw,cb90096c62c31a25,1,1,1,1.0,1
raw,792e7de3fa94bf13,1,1,1,1.0,1
raw,cb854d3cf6c99bba,2,1,2,0.5,2
raw,916cd581a6c124ba,1,1,1,1.0,1
raw,d73dc7a0d41333b9,1,1,1,1.0,1
raw,46891955209931e3,1,1,1,1.0,1
raw,d993b80f512fb19c,1,1,1,1.0,1
raw,bb7af14088b0a40a,1,1,1,1.0,1
raw,10dc9db89b3bf9bf,1,1,1,1.0,1
raw,120144ce91dfc6bd,1,1,1,1.0,1
raw,c69a41052b17c840,1,1,1,1.0,1
raw,cef4fc17eae2c462,1,1,1,1.0,1
raw,b927a2b827e88315,1,1,1,1.0,1
raw,d4684f42b8da21b3,1,1,1,1.0,1
raw,edad6fe06b0a0008,1,1,1,1.0,1
raw,a0b67295f64cf261,1,1,1,1.0,1
raw,be4a943587f44134,1,1,1,1.0,1
raw,4ae4aec55a091172,1,1,1,1.0,1
raw,2fcfcad115615fe0,2,1,2,0.5,2
raw,2ae6b51fb9b82eaf,1,1,1,1.0,1
raw,95ae66b593fdafae,1,1,1,1.0,1
raw,9cbc204dcef215aa,1,1,1,1.0,1
raw,ac65db1ca1b39c87,1,1,1,1.0,1
raw,712f5d45fc7dacf2,1,1,1,1.0,1
raw,e8c559ed9ac4bbaa,1,1,1,1.0,1
raw,3777d876fb6ca81e,1,1,1,1.0,1
raw,9de0c5a3ae3b2937,1,1,1,1.0,1
raw,8360bfc704e9aba4,1,1,1,1.0,1
raw,c9bce5eed976d1fa,1,1,1,1.0,1
raw,d332a60644665623,1,1,1,1.0,1
raw,6615cfe247e591fa,1,1,1,1.0,1
raw,3ee559799373377d,1,1,1,1.0,1
raw,261537b3af8c5209,1,1,1,1.0,1
raw,07ea2b070dea97c7,1,1,1,1.0,1
raw,f1b4984e27617e85,2,1,2,0.5,2
raw,7e2675673717e62c,1,1,1,1.0,1
raw,c8f4840c73451b70,1,1,1,1.0,1
raw,57a43ac4a4b12e4a,1,1,1,1.0,1
raw,0f65c4f66f243634,1,1,1,1.0,1
raw,65ae6ac1a820065c,1,1,1,1.0,1
raw,93ecf30968fe3fe3,1,1,1,1.0,1
raw,33d86146d58a1ea6,1,1,1,1.0,1
raw,f5aee859069e943e,1,1,1,1.0,1
raw,439ba9286d4a4073,1,1,1,1.0,1
raw,c6da08ef2bb3cc3a,1,1,1,1.0,1
raw,6a27716e04db3fd6,1,1,1,1.0,1
raw,810862bbc3b347e6,1,1,1,1.0,1
raw,f4f72175f395f1a7,1,1,1,1.0,1
raw,937ad72f153daec0,1,1,1,1.0,1
raw,2ae70180a19c6258,1,1,1,1.0,1
raw,0071400d373ea748,1,1,1,1.0,1
raw,c0006816900a990b,1,1,1,1.0,1
raw,0ede367b5ea9dafd,1,1,1,1.0,1
raw,f08124c5b3d85df0,1,1,1,1.0,1
raw,45f5b9dcd2433883,1,1,1,1.0,1
raw,148bbff9344170b9,1,1,1,1.0,1
raw,8e6ab2cc11d79aea,1,1,1,1.0,1
raw,e332e833df925e1f,1,1,1,1.0,1
raw,a7e9a30517049117,1,1,1,1.0,1
raw,46913647ad4d091e,1,1,1,1.0,1
raw,44ebd2288dacc8e8,1,1,1,1.0,1
raw,6efe3a9f051c9a0d,1,1,1,1.0,1
raw,281e01b016092f7d,1,1,1,1.0,1
raw,3a004fe909a8191a,1,1,1,1.0,1
raw,13cff8481ef74f4e,1,1,1,1.0,1
raw,d1c85d69c81f1c7d,2,1,2,0.5,2
raw,d3a93f616d94386b,1,1,1,1.0,1
raw,5bdb8f23a02d4078,1,1,1,1.0,1
raw,cf51a14b863e4092,1,1,1,1.0,1
raw,ee2086b40d06e2fc,1,1,1,1.0,1
raw,f64b799d45734ec5,1,1,1,1.0,1
raw,20a54dd05e8be1d8,1,1,1,1.0,1
raw,92a3bbb2090b4135,1,1,1,1.0,1
raw,e0c1cce147b84bcb,1,1,1,1.0,1
raw,7a7be4bbdbc5ab4c,2,1,2,0.5,2
raw,7924607e19f648cf,1,1,1,1.0,1
raw,f1fbc7c0a60529b7,1,1,1,1.0,1
raw,b619a1bd368cc90a,1,1,1,1.0,1
raw,a66c6a5c98c676f8,1,1,1,1.0,1
raw,05c1e0a97ba7f8bf,1,1,1,1.0,1
raw,e00a67f2b96d60ec,1,1,1,1.0,1
raw,9cb2831b5e3ad01e,1,1,1,1.0,1
raw,86524bc662815aae,1,1,1,1.0,1
raw,eedd925e673d56cd,1,1,1,1.0,1
raw,2a8bc944a9c443af,1,1,1,1.0,1
raw,1f2d0b673e8e6752,1,1,1,1.0,1
raw,1af6107b0e4956d5,1,1,1,1.0,1
raw,f7f095b1484e6075,1,1,1,1.0,1
raw,dd6bb38c5b9e8355,1,1,1,1.0,1
raw,001c5eb84b33e065,1,1,1,1.0,1
raw,2d63e3c4067e983f,1,1,1,1.0,1
raw,161ad6b8461b8c6f,1,1,1,1.0,1
raw,967838e254b43aa6,1,1,1,1.0,1
raw,f1f4eac70284452c,1,1,1,1.0,1
raw,161c2cda0970ac96,1,1,1,1.0,1
raw,e97e15de217d4f53,1,1,1,1.0,1
raw,8de698f669ce7164,1,1,1,1.0,1
raw,b83a5ca71fc71c69,1,1,1,1.0,1
raw,0a97e1aa0188cb3d,1,1,1,1.0,1
raw,8118d81a93344886,1,1,1,1.0,1
raw,c25b4f02e3e9675d,1,1,1,1.0,1
raw,ebd70cf29b7b4ab9,1,1,1,1.0,1
raw,10ea5e5cde2e4cf6,1,1,1,1.0,1
raw,13651e2dd5c26d74,1,1,1,1.0,1
raw,e62931698bba8043,2,1,2,0.5,2
raw,c87b43caf21a61ed,1,1,1,1.0,1
raw,b3d85f3f404dabd3,1,1,1,1.0,1
raw,565bda81d83ccfdf,1,1,1,1.0,1
raw,0c0d09a972b1784a,1,1,1,1.0,1
raw,e9d9628321af9805,1,1,1,1.0,1
raw,224815c5fd862da2,1,1,1,1.0,1
raw,abcc4f8a3699132d,1,1,1,1.0,1
raw,2285d5f2b0f89af5,1,1,1,1.0,1
raw,9a67b033d3bb0e8c,1,1,1,1.0,1
raw,b14667472a242552,1,1,1,1.0,1
raw,f84141645d806c43,1,1,1,1.0,1
raw,d4aba7ae4b7354c2,1,1,1,1.0,1
raw,329a27a80debdf0c,1,1,1,1.0,1
raw,14ac02ff3e4692bd,1,1,1,1.0,1
raw,6306237e282edbf4,1,1,1,1.0,1
raw,1440e33bda03ec3f,1,1,1,1.0,1
raw,0b7349dc79d2b28b,1,1,1,1.0,1
raw,0752cc39206757a2,1,1,1,1.0,1
raw,090208c5e0bf69bf,1,1,1,1.0,1
raw,8b83d14ceab163ca,1,1,1,1.0,1
raw,445b5845cdb99b30,1,1,1,1.0,1
raw,dbb461b0edf4602f,1,1,1,1.0,1
raw,fef686226be5bdb8,1,1,1,1.0,1
raw,0364673490535e49,1,1,1,1.0,1
raw,8fd1f723432c3185,1,1,1,1.0,1
raw,ee692a9bb2e3fc6d,1,1,1,1.0,1
raw,0db29bac31e2d72a,1,1,1,1.0,1
raw,07ae8bdee49ffc99,1,1,1,1.0,1
raw,cac30796183192b6,1,1,1,1.0,1
raw,41157357b096ccd6,1,1,1,1.0,1
raw,c4eb723134fa8c59,1,1,1,1.0,1
raw,e12c670f559a7b12,1,1,1,1.0,1
raw,e5786213d3d239e3,1,1,1,1.0,1
raw,e889feaadafe77b9,1,1,1,1.0,1
raw,c3ad0fd540afdd14,1,1,1,1.0,1
raw,dfea417e46991a74,1,1,1,1.0,1
raw,2852a91ddf7df427,1,1,1,1.0,1
raw,77ea575bd7af9166,2,1,2,0.5,2
raw,33e552b752f41e88,1,1,1,1.0,1
raw,c73f1e50882d5bdd,1,1,1,1.0,1
raw,5c88f642bd0709df,1,1,1,1.0,1
raw,35f23603501cc43c,1,1,1,1.0,1
raw,3a1460dc2658f858,1,1,1,1.0,1
raw,04c302b1445e81d2,1,1,1,1.0,1
raw,1ca75a2ddf6738c9,1,1,1,1.0,1
raw,38b0770252c6e875,1,1,1,1.0,1
raw,16931178f949ca16,1,1,1,1.0,1
raw,e3da6223cb1f5de3,1,1,1,1.0,1
raw,7e8d3a34898b035d,1,1,1,1.0,1
raw,44d5214b88d752bc,1,1,1,1.0,1
raw,1f9f7bc2df59b5aa,1,1,1,1.0,1
raw,331227449cf8fdd7,1,1,1,1.0,1
raw,a46923fe269be977,1,1,1,1.0,1
raw,3a60533454124e98,1,1,1,1.0,1
raw,d331d5797a9554d4,1,1,1,1.0,1
raw,7aaf6ac155e7eeee,1,1,1,1.0,1
raw,4f0982525f201db0,1,1,1,1.0,1
raw,f361b4b0c6a71a79,1,1,1,1.0,1
raw,85709dda19c36714,1,1,1,1.0,1
raw,58187590c503b340,1,1,1,1.0,1
raw,98e570208fcd7d3d,1,1,1,1.0,1
raw,966d376be34ab187,1,1,1,1.0,1
raw,ffcd3e2b4b4f281d,1,1,1,1.0,1
raw,7443c0b37df6b09c,1,1,1,1.0,1
raw,37a27c4e7cb5dd60,1,1,1,1.0,1
raw,260a86adfa658c44,1,1,1,1.0,1
raw,87ea5cfe4e11d9b6,1,1,1,1.0,1
raw,1fcb5b0a167bd6cc,1,1,1,1.0,1
raw,c224f6b7add35e08,1,1,1,1.0,1
raw,051441882abf34ca,1,1,1,1.0,1
raw,589e19af81d617c9,1,1,1,1.0,1
raw,c89984345f875cb4,1,1,1,1.0,1
raw,7e4688c22489fbf8,1,1,1,1.0,1
raw,4d742fb456a75515,1,1,1,1.0,1
raw,73e49d4f8a93ec8e,1,1,1,1.0,1
raw,9136c4295a13244e,1,1,1,1.0,1
raw,b641b3c4204ffc07,1,1,1,1.0,1
raw,fa3c4f19199a57f3,1,1,1,1.0,1
raw,e0d88f3a750eb816,1,1,1,1.0,1
raw,92084df8d07dfc75,1,1,1,1.0,1
raw,2def12361feb8434,1,1,1,1.0,1
raw,a59289545cb3a2ed,1,1,1,1.0,1
raw,8861d3eee51f59a9,1,1,1,1.0,1
raw,db03d0fc633b5f0e,1,1,1,1.0,1
raw,23b0f3425a59ab56,1,1,1,1.0,1
raw,b55177aab02d2be1,1,1,1,1.0,1
raw,a5b8953701633583,1,1,1,1.0,1
raw,afb9fbf53f3883a1,1,1,1,1.0,1
raw,931a65b25d872c59,1,1,1,1.0,1
raw,2eda03fc4c4382fc,1,1,1,1.0,1
raw,8a688d9ae1485cc7,1,1,1,1.0,1
raw,a1a7b59d18fb82ca,1,1,1,1.0,1
raw,7aae284d266bacc0,1,1,1,1.0,1
raw,d7e24a2f77b6e9c7,1,1,1,1.0,1
raw,715527b4e783d369,1,1,1,1.0,1
raw,f9b1914247a63130,1,1,1,1.0,1
raw,10636008c26daa59,1,1,1,1.0,1
raw,6e64f3270eb20042,1,1,1,1.0,1
raw,f7914be89ad410c1,1,1,1,1.0,1
raw,9d33e6895d119749,1,1,1,1.0,1
raw,0860242e7859e1c8,1,1,1,1.0,1
raw,ae54f5a54390cdcc,1,1,1,1.0,1
raw,ef5c129c666ac4df,1,1,1,1.0,1
raw,be4098f7c8e5a8a6,1,1,1,1.0,1
raw,bda5ac00fe9ca62f,1,1,1,1.0,1
raw,1ba74702f60bdd7b,1,1,1,1.0,1
raw,7478f7aafdeb61d6,1,1,1,1.0,1
raw,103c68b1e67d4a28,1,1,1,1.0,1
raw,8952d908a876838a,1,1,1,1.0,1
raw,96a500d5212cf454,1,1,1,1.0,1
raw,1215ba27449c0189,1,1,1,1.0,1
raw,18499b3d66387141,1,1,1,1.0,1
raw,d07ad4ce0f1c7ebb,1,1,1,1.0,1
raw,3801ea8f4d5c4e13,1,1,1,1.0,1
raw,634725c81e23f53f,1,1,1,1.0,1
raw,a9f036554925148a,1,1,1,1.0,1
raw,2f5e2b4495a692a9,1,1,1,1.0,1
raw,aad988519aa68d96,1,1,1,1.0,1
raw,b11bce019d4be80c,1,1,1,1.0,1
raw,8244410736dcd8a7,1,1,1,1.0,1
raw,22b5d5a8b014c85c,1,1,1,1.0,1
raw,314f0fdaa39453c1,1,1,1,1.0,1
raw,0348f08dadba0313,1,1,1,1.0,1
raw,e7e167319ca661d4,1,1,1,1.0,1
raw,de22deaca4806c80,1,1,1,1.0,1
raw,0414871e6b8da426,1,1,1,1.0,1
raw,31cbc3a45fd545a0,1,1,1,1.0,1
raw,e383aa3c0b6adc81,1,1,1,1.0,1
raw,9bf44be3cbc5a35e,1,1,1,1.0,1
raw,18c79230a7afba84,1,1,1,1.0,1
raw,a49cdba9b9250252,1,1,1,1.0,1
raw,003db81a5ee6b5cb,1,1,1,1.0,1
raw,1aac438f7ca26e3b,1,1,1,1.0,1
raw,7c7c3880d1377671,1,1,1,1.0,1
raw,d31206b772941cc5,1,1,1,1.0,1
raw,ead4aba6267bda89,1,1,1,1.0,1
raw,e5be6a23eda22dd9,1,1,1,1.0,1
raw,30074113c12b95c6,1,1,1,1.0,1
raw,d864721604348614,1,1,1,1.0,1
raw,5f87dfb01079838b,1,1,1,1.0,1
raw,a664ec8fbeba65a5,1,1,1,1.0,1
raw,dbeeb8973c6cd206,1,1,1,1.0,1
raw,9ff4caed7d2e5fe6,1,1,1,1.0,1
raw,7a3919f2ee1adb83,1,1,1,1.0,1
raw,b0f01745be47b9eb,1,1,1,1.0,1
raw,967525fcd756e325,1,1,1,1.0,1
raw,003dca1089510a77,1,1,1,1.0,1
raw,992242ae211db30b,1,1,1,1.0,1
raw,29bdd73453c02872,1,1,1,1.0,1
raw,5c5c826bacc983bb,1,1,1,1.0,1
raw,5a416005d0bb3c15,1,1,1,1.0,1
raw,a93e4a792109fa57,2,1,2,0.5,2
raw,5b56cdc12af79539,1,1,1,1.0,1
raw,d963bf3a40b15341,1,1,1,1.0,1
raw,2f51d4982882fd52,1,1,1,1.0,1
raw,12e54399b3d0b502,1,1,1,1.0,1
raw,23d1cfc6d8b51f3c,1,1,1,1.0,1
raw,cce1cefba6c8371e,1,1,1,1.0,1
raw,21441ff01f8c290d,1,1,1,1.0,1
raw,e2997eeea68b8acd,1,1,1,1.0,1
raw,b6796094af79fba4,1,1,1,1.0,1
raw,38800bead7f05d2f,1,1,1,1.0,1
raw,91684ab124f5ef40,1,1,1,1.0,1
raw,12649d55f6f4c5e4,1,1,1,1.0,1
raw,430c64e6976780b1,1,1,1,1.0,1
raw,62bfd43327779f58,1,1,1,1.0,1
raw,1d7a8a8aa641fc06,1,1,1,1.0,1
raw,3be3cc0e08306567,1,1,1,1.0,1
raw,117a219b77a70e5b,1,1,1,1.0,1
raw,98ff82ce72915745,1,1,1,1.0,1
raw,640415710085dc40,1,1,1,1.0,1
raw,d3d7a0bc7b34a808,1,1,1,1.0,1
raw,82ae359f8f205d64,1,1,1,1.0,1
raw,aa3ae3ec40cf6154,1,1,1,1.0,1
raw,cfed84c9e11aa423,1,1,1,1.0,1
raw,2fff177747894f48,1,1,1,1.0,1
raw,7441327007f6b0b6,1,1,1,1.0,1
raw,96a719ab880e7c81,1,1,1,1.0,1
raw,4c02fbd260b2b64d,1,1,1,1.0,1
raw,5a9c5d978a7a026d,1,1,1,1.0,1
raw,60a5cc4ee67e9afe,1,1,1,1.0,1
raw,76b9a93f01a67b00,1,1,1,1.0,1
raw,72db8f9dada02e8a,1,1,1,1.0,1
raw,5903e20751ab7fca,1,1,1,1.0,1
raw,27f224ce53835c94,1,1,1,1.0,1
raw,31e75a053a8a3512,1,1,1,1.0,1
raw,d0f06879fb19927f,1,1,1,1.0,1
raw,4637f05f21d354fd,1,1,1,1.0,1
raw,debb47564350cac3,1,1,1,1.0,1
raw,1e2a8f78a15a2cd9,1,1,1,1.0,1
raw,98e654b53cb640c1,1,1,1,1.0,1
raw,88611b0eaeaaea00,1,1,1,1.0,1
raw,a79a14575af2c708,1,1,1,1.0,1
raw,b53028977dceec00,1,1,1,1.0,1
raw,df0ee1ff325b9974,1,1,1,1.0,1
raw,518cdeee16d9fd82,1,1,1,1.0,1
raw,5d1d3ebf24eeb25d,1,1,1,1.0,1
raw,2cc4f49e3c39ef2f,1,1,1,1.0,1
raw,2d64345794190e07,1,1,1,1.0,1
raw,a2d9a8f8c59d6bdf,1,1,1,1.0,1
raw,c37efb5d1a0c08a2,1,1,1,1.0,1
raw,c2f9da81f06bc06a,1,1,1,1.0,1
raw,cef9aed3f92f0976,1,1,1,1.0,1
raw,0955cd0fb2227956,2,1,2,0.5,2
raw,f26b69ca5cd1f7ca,1,1,1,1.0,1
raw,09c7f78f3da3a93d,1,1,1,1.0,1
raw,bc0f71955b4618d9,1,1,1,1.0,1
raw,cdf268b2df42dbb4,1,1,1,1.0,1
raw,355f05e65e2292b0,1,1,1,1.0,1
raw,26f07ed70e22c744,1,1,1,1.0,1
raw,68cdf040cd87b895,1,1,1,1.0,1
raw,979276ddff1e3823,1,1,1,1.0,1
raw,2c5fc10fc6b6ea21,1,1,1,1.0,1
raw,84f6888c03a2320a,1,1,1,1.0,1
raw,cfaa6f2f1cae2588,1,1,1,1.0,1
raw,d33e3bfab31589f4,1,1,1,1.0,1
raw,0d02394dd61f888b,1,1,1,1.0,1
raw,8ec5dcf3e949c03d,1,1,1,1.0,1
raw,e1b6ea75b334e009,1,1,1,1.0,1
raw,054df770ba8e556d,1,1,1,1.0,1
raw,9e248b7f7b720b5b,1,1,1,1.0,1
raw,260beacdf9084f3b,1,1,1,1.0,1
raw,7ade0ddcb28b79a9,1,1,1,1.0,1
raw,f47ed425ecaeeab8,1,1,1,1.0,1
raw,42e8135a9d604867,1,1,1,1.0,1
raw,3bd9eb9dab99aeae,1,1,1,1.0,1
raw,1e4ed59ee3288ab7,1,1,1,1.0,1
raw,9b0f9018f8c072cb,1,1,1,1.0,1
raw,c8e889767413320d,1,1,1,1.0,1
raw,45b049ba4d46fb30,1,1,1,1.0,1
raw,3efdbae3ac2311c8,1,1,1,1.0,1
raw,d749f48b6c41fdcf,1,1,1,1.0,1
raw,eee0ea6b0be61197,1,1,1,1.0,1
raw,6101829bb37a4fc0,1,1,1,1.0,1
raw,0c6a13fd0ab7dd89,1,1,1,1.0,1
raw,62755551cb300ce4,1,1,1,1.0,1
raw,7006224f16b0fa1d,1,1,1,1.0,1
raw,d6e2e5edf1b2e2e1,1,1,1,1.0,1
raw,b73d405c94f5bc4c,1,1,1,1.0,1
raw,95461142b8d4a019,1,1,1,1.0,1
raw,7bf0b7c22b5e001c,2,1,2,0.5,2
raw,5e7ac869cfbf77b8,1,1,1,1.0,1
raw,dbcafde8c32722e8,1,1,1,1.0,1
raw,583b8e2818da6525,1,1,1,1.0,1
raw,56363b9c587b2ea5,1,1,1,1.0,1
raw,cb2f84e15cf68f92,1,1,1,1.0,1
raw,bc308f7cb680dcfd,1,1,1,1.0,1
raw,c9ab2d70aabb9eb7,1,1,1,1.0,1
raw,d8b98343932cda5d,1,1,1,1.0,1
raw,a929ad30008cd8f6,1,1,1,1.0,1
raw,5e03ff87a2b43817,1,1,1,1.0,1
raw,b3a9e896db55a310,1,1,1,1.0,1
raw,fc3ef59e497d438d,1,1,1,1.0,1
raw,ca352caa16fea68a,2,1,2,0.5,2
raw,8bbd28714388c0c2,1,1,1,1.0,1
raw,063a3c87460f221b,1,1,1,1.0,1
raw,deb0b22048fcd509,1,1,1,1.0,1
raw,1ba77781d03431e5,1,1,1,1.0,1
raw,d828edff6813008c,1,1,1,1.0,1
raw,95808196ec0f4d6b,1,1,1,1.0,1
raw,7168d88761dbc72f,1,1,1,1.0,1
raw,12edba50a6fee0de,1,1,1,1.0,1
raw,d6e9167f51f7be2e,1,1,1,1.0,1
raw,3c615ded4888b522,1,1,1,1.0,1
raw,263ef22112c944ab,1,1,1,1.0,1
raw,8c1351d45995dd6f,1,1,1,1.0,1
raw,c0058552e499b31d,1,1,1,1.0,1
raw,969b851bf7534824,1,1,1,1.0,1
raw,1cd721cbc8136ea4,1,1,1,1.0,1
raw,57dddb4f7cb91abd,1,1,1,1.0,1
raw,86fcdbcc3a6dbbcc,1,1,1,1.0,1
raw,13c831bb3c4d4369,1,1,1,1.0,1
raw,88ea194390dc2411,1,1,1,1.0,1
raw,fe02a149bb7a6cef,1,1,1,1.0,1
raw,3f25871a474dcf6b,1,1,1,1.0,1
raw,e732677b00ffedaa,1,1,1,1.0,1
raw,ba5c3c9a940cc21f,1,1,1,1.0,1
raw,4cfb514ecc1368ba,1,1,1,1.0,1
raw,6329184f40e2a602,2,1,2,0.5,2
raw,99c18a13e5726c62,1,1,1,1.0,1
raw,ca339582f48d1e53,1,1,1,1.0,1
raw,e05671eeb1de2de4,1,1,1,1.0,1
raw,f7d1274191e38816,1,1,1,1.0,1
raw,e34d4fe79dcd58e9,1,1,1,1.0,1
raw,43c400330248b8f2,1,1,1,1.0,1
raw,0ea7fbbac93c3282,1,1,1,1.0,1
raw,8923b4b8e8536d6e,1,1,1,1.0,1
raw,e52e2f094cb9ea11,1,1,1,1.0,1
raw,fa27ebcef052c8f0,1,1,1,1.0,1
raw,a820244c5855701d,1,1,1,1.0,1
raw,a46cc3f80eeddc31,1,1,1,1.0,1
raw,9e83163bf05b2084,1,1,1,1.0,1
raw,59ebe65f941a5b9b,1,1,1,1.0,1
raw,e126e28b07a69608,1,1,1,1.0,1
raw,a06335fa364e4f99,1,1,1,1.0,1
raw,e6e527f8bf42e360,1,1,1,1.0,1
raw,471bd346fba0ac67,1,1,1,1.0,1
raw,67eb9fd5dfbcf2b5,1,1,1,1.0,1
raw,884ba9d7f2ffeaab,1,1,1,1.0,1
raw,0cd8a7e525b136dc,1,1,1,1.0,1
raw,34253c6cbd1c3a74,1,1,1,1.0,1
raw,b2c7cc6910ada903,1,1,1,1.0,1
raw,903f9c18fabe8396,1,1,1,1.0,1
raw,0d8db21aab3e1018,1,1,1,1.0,1
raw,1e0d764b0e021b34,1,1,1,1.0,1
raw,70e6dde54128a6a2,1,1,1,1.0,1
raw,e319262538edd765,1,1,1,1.0,1
raw,6ebfc5304e8afa48,1,1,1,1.0,1
raw,bcf18ff89c4d8be7,1,1,1,1.0,1
raw,c469769634cffa9e,1,1,1,1.0,1
raw,a8dd9707bd175585,1,1,1,1.0,1
raw,f10491d22d721ecd,1,1,1,1.0,1
raw,480af1fc872a470c,1,1,1,1.0,1
raw,4af83d799f9cfd1f,1,1,1,1.0,1
raw,9d5e83e244d74303,1,1,1,1.0,1
raw,afdc64dc69c56a4d,1,1,1,1.0,1
raw,e1211473e5341cf2,1,1,1,1.0,1
raw,f799c2c574887883,1,1,1,1.0,1
raw,0a95e9636da53db8,1,1,1,1.0,1
raw,fa72d980669992f6,1,1,1,1.0,1
raw,c1219624388bcde3,1,1,1,1.0,1
raw,908ceb0647d22410,1,1,1,1.0,1
raw,1365e17cd7af6b18,1,1,1,1.0,1
raw,de58fe3b3ace4d3b,1,1,1,1.0,1
raw,1460d6d6b822dc03,1,1,1,1.0,1
raw,4b14e01f6c97834a,1,1,1,1.0,1
raw,f8d67536528cf24a,1,1,1,1.0,1
raw,94221ddb9acaa80e,1,1,1,1.0,1
raw,4ac2cd90d295dc03,1,1,1,1.0,1
raw,5628abebdf217107,1,1,1,1.0,1
raw,2d9623a19437244f,1,1,1,1.0,1
raw,60cd3c1af6f32aa5,1,1,1,1.0,1
raw,8a44acb7a7f1cf3f,1,1,1,1.0,1
raw,b42db050a07de598,1,1,1,1.0,1
raw,901afc058552b85b,1,1,1,1.0,1
raw,2175f160da1f8e36,1,1,1,1.0,1
raw,7dad6bd47440a602,1,1,1,1.0,1
raw,0054588302359337,1,1,1,1.0,1
raw,1ac4f80dd9d349c0,1,1,1,1.0,1
raw,d82a6a45fde59c9e,1,1,1,1.0,1
raw,3105dfbdfa46ee43,1,1,1,1.0,1
raw,0b8697674ff59f25,1,1,1,1.0,1
raw,29a8339091d8cfc8,1,1,1,1.0,1
raw,b6c4dc437741624f,1,1,1,1.0,1
raw,795696b751439ee8,1,1,1,1.0,1
raw,86ae40fffd59c90c,1,1,1,1.0,1
raw,185c588bf1ddc423,1,1,1,1.0,1
raw,6957dbb581b7ca2b,1,1,1,1.0,1
raw,300a63a790a2b140,1,1,1,1.0,1
raw,d74a87b327af213c,1,1,1,1.0,1
raw,05bf2db54cb7b5aa,1,1,1,1.0,1
raw,a54e1098885b4b73,2,1,2,0.5,2
raw,243ce8d438feae39,1,1,1,1.0,1
raw,4c71c6aa51cd040b,1,1,1,1.0,1
raw,8eb6a21d9e263ef9,1,1,1,1.0,1
raw,3f9d10a18e62235b,1,1,1,1.0,1
raw,3dd5b7b64041db81,1,1,1,1.0,1
raw,d36afd18765507cf,1,1,1,1.0,1
raw,06297174cc0e06ec,1,1,1,1.0,1
raw,27a819865b1ca10e,1,1,1,1.0,1
raw,70d40563f6d0fd6d,1,1,1,1.0,1
raw,dce7fc7c391a5402,1,1,1,1.0,1
raw,9ad6aed6865fdeb3,1,1,1,1.0,1
raw,7e4dd65fec70a180,1,1,1,1.0,1
raw,cb070e1bf95ffabc,1,1,1,1.0,1
raw,70c269f0d6552f4f,1,1,1,1.0,1
raw,771c1d81d0389aa9,1,1,1,1.0,1
raw,1fa21312f07c502e,1,1,1,1.0,1
raw,44e79807dd2c462a,1,1,1,1.0,1
raw,4ea88f74c8507e8b,1,1,1,1.0,1
raw,3a1cd55d1c2829d0,1,1,1,1.0,1
raw,66670a74086028fd,1,1,1,1.0,1
raw,d899f1248de2ef47,1,1,1,1.0,1
raw,a698296bac231d68,1,1,1,1.0,1
raw,410b05f431e13d21,1,1,1,1.0,1
raw,2238e1e16b378396,1,1,1,1.0,1
raw,7892a2886be1d594,1,1,1,1.0,1
raw,4f4be01db7e29495,1,1,1,1.0,1
raw,f85e73471f75623c,1,1,1,1.0,1
raw,eb053b942e690fdb,1,1,1,1.0,1
raw,d01c7f0f955cabb0,1,1,1,1.0,1
raw,168fd4e8e0c522a6,1,1,1,1.0,1
raw,965f643b49d0f8e4,1,1,1,1.0,1
raw,6039cd97fd6ec0c0,1,1,1,1.0,1
raw,ef6e2c3167c0a2b3,1,1,1,1.0,1
raw,cfe82b857072d502,1,1,1,1.0,1
raw,4aea8cce5b93ab97,1,1,1,1.0,1
raw,d29d9f3f58795207,1,1,1,1.0,1
raw,fc6871a358a96539,1,1,1,1.0,1
raw,cdb0afdbe6cd43a8,1,1,1,1.0,1
raw,76fbb53ecca360dc,1,1,1,1.0,1
raw,8daf428ce9ba7fed,1,1,1,1.0,1
raw,bf6e4b4b2415bd98,1,1,1,1.0,1
raw,929c187fd48807cd,1,1,1,1.0,1
raw,f5d175abfb5d3cb7,1,1,1,1.0,1
raw,da66c418e35fb23b,1,1,1,1.0,1
raw,f1da93fa4b7e7c5f,1,1,1,1.0,1
raw,7aa0e80fd07b952f,1,1,1,1.0,1
raw,05194cb75d3b9d9c,1,1,1,1.0,1
raw,649d0006ec5cbdba,1,1,1,1.0,1
raw,eec0d26a66e508df,1,1,1,1.0,1
raw,7f3a7cd63504fb75,1,1,1,1.0,1
raw,03bcc1bc12d3b9ee,1,1,1,1.0,1
raw,805be966ddd02a98,1,1,1,1.0,1
raw,a3c38de7ddbfe275,1,1,1,1.0,1
raw,e254975d83060e92,1,1,1,1.0,1
raw,c8b11a162061c5fb,1,1,1,1.0,1
raw,b35669239deab541,1,1,1,1.0,1
raw,32855585a3e95272,1,1,1,1.0,1
raw,6016b981e6aa0769,1,1,1,1.0,1
raw,f08a76d0b715f796,1,1,1,1.0,1
raw,618ba75da9f1ba39,1,1,1,1.0,1
raw,19b5455c276f582a,1,1,1,1.0,1
raw,41b6fde920f6c836,1,1,1,1.0,1
raw,c2d8d6015ea414e6,1,1,1,1.0,1
raw,ad97bbd65afdc3ca,2,1,2,0.5,2
raw,1ac784df6ff9cf82,1,1,1,1.0,1
raw,b27846bfbb556c22,1,1,1,1.0,1
raw,b53c8496498487c9,1,1,1,1.0,1
raw,9109a18f9c0724b2,1,1,1,1.0,1
raw,724f10b18299a9e3,1,1,1,1.0,1
raw,166fbfe9f0cd88d7,1,1,1,1.0,1
raw,08f31328be69166a,1,1,1,1.0,1
raw,eaa74182e08e44ab,1,1,1,1.0,1
raw,080916104cd6c19f,1,1,1,1.0,1
raw,f78859439a02eb54,1,1,1,1.0,1
raw,ab25333718f3df40,1,1,1,1.0,1
raw,5c4ec365e2c5f89d,1,1,1,1.0,1
raw,2738dd1a88741583,1,1,1,1.0,1
raw,9291b8ebf1948909,2,1,2,0.5,2
raw,bb18e690c530e632,1,1,1,1.0,1
raw,c0bcfb209881d9da,1,1,1,1.0,1
raw,007da49ed60f1759,1,1,1,1.0,1
raw,461793cf82f39ecb,1,1,1,1.0,1
raw,9613b8d6e4c4a1b6,1,1,1,1.0,1
raw,37d28502140461de,1,1,1,1.0,1
raw,0812d21b8030c123,1,1,1,1.0,1
raw,8eba50bfa0515c46,1,1,1,1.0,1
raw,3fe741387b31fbce,1,1,1,1.0,1
raw,63e957485563f341,1,1,1,1.0,1
raw,44ae9228e57c924d,1,1,1,1.0,1
raw,80294bda2df87519,1,1,1,1.0,1
raw,a12528d63181c9cd,1,1,1,1.0,1
raw,770c22a0cf189342,1,1,1,1.0,1
raw,9a2220ea5c2ef9c9,1,1,1,1.0,1
raw,f067e16d538dbc72,1,1,1,1.0,1
raw,ecc1f720e29ef6cf,1,1,1,1.0,1
raw,f5bd161232cc3170,1,1,1,1.0,1
raw,1812d18006f44e48,1,1,1,1.0,1
raw,e948bd3f4d1d73e4,1,1,1,1.0,1
raw,c9f480a3407fc1bb,1,1,1,1.0,1
raw,45db0158ae613979,1,1,1,1.0,1
raw,bb64502d64c7ff19,1,1,1,1.0,1
raw,d80b821ef7d9f2d2,1,1,1,1.0,1
raw,6bd3b746cab14f33,1,1,1,1.0,1
raw,f38f1699141773c9,1,1,1,1.0,1
raw,f7cd0087d76a4fd8,1,1,1,1.0,1
raw,6c44b7b3009939c3,1,1,1,1.0,1
raw,72a39b293121587c,1,1,1,1.0,1
raw,5b7078bbd18a4a8d,1,1,1,1.0,1
raw,fd61b954a3104b1b,1,1,1,1.0,1
raw,adceb641968f1bdd,1,1,1,1.0,1
raw,aec77e7b3ce32fbf,1,1,1,1.0,1
raw,f4b4408fb048585b,1,1,1,1.0,1
raw,0b788675d1902f02,1,1,1,1.0,1
raw,1f4c231b9043ce23,1,1,1,1.0,1
raw,51ca3ffed4c2ad22,1,1,1,1.0,1
raw,e94eade23e1e7ff5,1,1,1,1.0,1
raw,34f3f0b4170eac77,1,1,1,1.0,1
raw,ac51f53b3b24f5a6,1,1,1,1.0,1
raw,5b4c8f8c1eaa41c1,1,1,1,1.0,1
raw,ae17e9f390b3e5ab,1,1,1,1.0,1
raw,dcbe6b849fbe7d28,1,1,1,1.0,1
raw,b75fa59fea480cf2,1,1,1,1.0,1
raw,0194ea6faf8b5a46,1,1,1,1.0,1
raw,96b66a8a9ef395e8,1,1,1,1.0,1
raw,4b3e08b6d39c0e23,1,1,1,1.0,1
raw,761d75a22daf4b07,1,1,1,1.0,1
raw,3a259917bf4c27d8,1,1,1,1.0,1
raw,f30780991c97286c,1,1,1,1.0,1
raw,844acf3ef1b34a77,1,1,1,1.0,1
raw,097a7fcb047a00a8,1,1,1,1.0,1
raw,0028a9c3312d8c8a,1,1,1,1.0,1
raw,2105308802688abf,1,1,1,1.0,1
raw,81f253bc49f8108a,1,1,1,1.0,1
raw,edb73e22d40f2afa,1,1,1,1.0,1
raw,6633b3225dadc6c9,1,1,1,1.0,1
raw,a77d492aac81eec4,1,1,1,1.0,1
raw,16266fb54f4b2925,1,1,1,1.0,1
raw,bc106b1526acfeb6,1,1,1,1.0,1
raw,ad7a632395f9fd2d,1,1,1,1.0,1
raw,29c509f909a7385a,1,1,1,1.0,1
raw,8319ba5de21b8cf2,1,1,1,1.0,1
raw,2629a4b3bc985eb6,1,1,1,1.0,1
raw,78d4a6e0213fea5d,1,1,1,1.0,1
raw,fc6398a2e8d7d0e3,1,1,1,1.0,1
raw,22420fc2496a61c8,1,1,1,1.0,1
raw,1df5c6b741bdac04,1,1,1,1.0,1
raw,7be340bf2116daaf,1,1,1,1.0,1
raw,e452f3bae92c2f21,1,1,1,1.0,1
raw,9c05741e9597d9f9,1,1,1,1.0,1
raw,258e6da1bdbc1761,1,1,1,1.0,1
raw,dd7ab88ec3ae4fe0,1,1,1,1.0,1
raw,dab3591b5fd911ed,1,1,1,1.0,1
raw,7258110549dc7ff3,1,1,1,1.0,1
raw,dde3a28461b48539,1,1,1,1.0,1
raw,53a2d6a1cd3723e0,1,1,1,1.0,1
raw,963b92073e04a103,1,1,1,1.0,1
raw,50b192294621b005,1,1,1,1.0,1
raw,a721b385175f4c22,1,1,1,1.0,1
raw,1f19100c581d6bf7,1,1,1,1.0,1
raw,182acb2958bf7994,1,1,1,1.0,1
raw,2f7800cfdebf3fa1,1,1,1,1.0,1
raw,50a7bca5195e9406,1,1,1,1.0,1
raw,4aa7aaffad4a979c,1,1,1,1.0,1
raw,dd52d612c95b1bd4,1,1,1,1.0,1
raw,4147c66e825b5c39,1,1,1,1.0,1
raw,d48e744558cbfaa0,1,1,1,1.0,1
raw,cdb8ea51cbe04290,1,1,1,1.0,1
raw,cdf7ca878e1f6bc1,1,1,1,1.0,1
raw,d05abd1897115b9e,1,1,1,1.0,1
raw,311364e34183540a,1,1,1,1.0,1
raw,19c72bbcf446dff0,1,1,1,1.0,1
raw,d4023a7a6f7e5dac,1,1,1,1.0,1
raw,e3fc57b66272c5f0,1,1,1,1.0,1
raw,138e8ca114eb728c,1,1,1,1.0,1
raw,7fb1829736bb8278,1,1,1,1.0,1
raw,b759b39c3fb5dfb0,1,1,1,1.0,1
raw,7c71243a7db12a72,1,1,1,1.0,1
raw,8a9e8d3bb72ce4b7,1,1,1,1.0,1
raw,e778e551778b0480,1,1,1,1.0,1
raw,57c6885e6f499e6b,1,1,1,1.0,1
raw,e2252aad65822b76,1,1,1,1.0,1
raw,5db077673daf5da0,1,1,1,1.0,1
raw,7692840ebefbf7bc,1,1,1,1.0,1
raw,afbcf9d4e6328210,1,1,1,1.0,1
raw,6768062adf2ebb63,1,1,1,1.0,1
raw,a531c1d3d4548dd7,1,1,1,1.0,1
raw,704ba5de615dfbf1,1,1,1,1.0,1
raw,5e1d3cb792504303,1,1,1,1.0,1
raw,d5cf17478bc52f27,1,1,1,1.0,1
raw,14fe31b7aee65e2b,1,1,1,1.0,1
raw,002c7efcd0b39620,1,1,1,1.0,1
raw,bb133360b6a8783f,1,1,1,1.0,1
raw,d19e17cd99dd0dc3,1,1,1,1.0,1
raw,756d7a4f666a0b2e,1,1,1,1.0,1
raw,c87a5e47a08e3065,1,1,1,1.0,1
raw,01b9c918f78a196f,1,1,1,1.0,1
raw,18eb3e9170634f90,1,1,1,1.0,1
raw,5cb02b4398ef353a,1,1,1,1.0,1
raw,85b89187c8cb5066,1,1,1,1.0,1
raw,3824a86bd7049e48,1,1,1,1.0,1
raw,b4b242cd452d3b84,1,1,1,1.0,1
raw,c2f2be7885bb22ea,1,1,1,1.0,1
raw,d70554ae8dabd755,1,1,1,1.0,1
raw,d2afc585932643a9,1,1,1,1.0,1
raw,494fd7da0d9bed25,1,1,1,1.0,1
raw,1de426f5e4d1cd21,1,1,1,1.0,1
raw,b16434ff47fb0845,1,1,1,1.0,1
raw,820591b773bb3fc2,1,1,1,1.0,1
raw,4629c8dd623e23eb,1,1,1,1.0,1
raw,87be70510f1761f8,1,1,1,1.0,1
raw,f01856c1f6f6a067,1,1,1,1.0,1
raw,5241b0c2dde7ad43,1,1,1,1.0,1
raw,329c192d3753e55c,1,1,1,1.0,1
raw,f0c8c9f3deddf3a0,1,1,1,1.0,1
raw,1db11f09810d7b95,1,1,1,1.0,1
raw,8c079fa977eacec6,1,1,1,1.0,1
raw,977d1e22fd410159,1,1,1,1.0,1
raw,71f0ef7ec7256b8b,1,1,1,1.0,1
raw,e89d883912ac4e5a,1,1,1,1.0,1
raw,f80439a6babb0e85,1,1,1,1.0,1
raw,5b411772e6b6b18b,1,1,1,1.0,1
raw,f3bc75b74d4ad25f,1,1,1,1.0,1
raw,455b087db31f9b8a,1,1,1,1.0,1
raw,9c881ce7c59f9a80,1,1,1,1.0,1
raw,99a4bf21dde3a430,1,1,1,1.0,1
raw,a4ae29a4fc3aeb74,1,1,1,1.0,1
raw,8c2aa18e122efdcc,1,1,1,1.0,1
raw,8f737d9dc74f0ac0,1,1,1,1.0,1
raw,1b83b74e68ddcef3,1,1,1,1.0,1
raw,7c1781cea23777c4,1,1,1,1.0,1
raw,98efc97a8f0b1685,1,1,1,1.0,1
raw,73984f94d60f8b8a,1,1,1,1.0,1
raw,aa32dbb660ac4ce5,1,1,1,1.0,1
raw,5214a49297968097,1,1,1,1.0,1
raw,feae19de56ce11f1,1,1,1,1.0,1
raw,d7cf0aad812b000b,1,1,1,1.0,1
raw,fc87121a3c655908,1,1,1,1.0,1
raw,2f7bbe9eda054eb4,1,1,1,1.0,1
raw,2ea35e2b43e8e47e,1,1,1,1.0,1
raw,8af928154293e6c7,1,1,1,1.0,1
raw,383a9443ef805003,1,1,1,1.0,1
raw,6a520131eaad8a8a,1,1,1,1.0,1
raw,4267e13ef2d6caa1,1,1,1,1.0,1
raw,5c8731d174167b2f,1,1,1,1.0,1
raw,827950bbe10b282f,1,1,1,1.0,1
raw,ce2c72844c42af46,1,1,1,1.0,1
raw,275e2de04f2a852f,1,1,1,1.0,1
raw,23b13c3d60784f78,1,1,1,1.0,1
raw,e87bd4a8c024b0b7,1,1,1,1.0,1
raw,47309e5ba8c42717,1,1,1,1.0,1
raw,be12445008d1469c,1,1,1,1.0,1
raw,f13053f30e30864c,1,1,1,1.0,1
raw,4de9daa9c57e2ec4,1,1,1,1.0,1
raw,c6a648453d4449bf,1,1,1,1.0,1
raw,10155a23a0a66b6d,1,1,1,1.0,1
raw,84f2627b760eae5b,1,1,1,1.0,1
raw,2b51fe33c009009d,1,1,1,1.0,1
raw,989c7d951a5e211d,1,1,1,1.0,1
raw,bf63f60436666c59,1,1,1,1.0,1
raw,a88f18ddfc9a89ca,1,1,1,1.0,1
raw,2efcdacc1587d52b,1,1,1,1.0,1
raw,f06057155d32e11a,1,1,1,1.0,1
raw,de309de1ad75821e,1,1,1,1.0,1
raw,2affef99e5ac0f9f,1,1,1,1.0,1
raw,c4fd79339c222de0,1,1,1,1.0,1
raw,4dc01060aea1e20b,1,1,1,1.0,1
raw,726079d28d483551,1,1,1,1.0,1
raw,80bcfc88dae1b83c,1,1,1,1.0,1
raw,6b9a6bff5dc1749f,1,1,1,1.0,1
raw,99d4bf61f3149341,1,1,1,1.0,1
raw,f81c362a0408afa0,1,1,1,1.0,1
raw,52c98f2235a89c9d,1,1,1,1.0,1
raw,b26c0dc55d786522,1,1,1,1.0,1
raw,a01162a895a587f9,1,1,1,1.0,1
raw,9f05cf0c05d4286c,1,1,1,1.0,1
raw,479a50928a6b5dff,1,1,1,1.0,1
raw,f706b2942bba20d0,1,1,1,1.0,1
raw,dfa1b1fb7ba0dbf2,1,1,1,1.0,1
raw,2b63ffdc1db4ba1f,1,1,1,1.0,1
raw,d8a1e27ba2533e3c,1,1,1,1.0,1
raw,ca351fe303a19b35,1,1,1,1.0,1
raw,417cf354b36aa6e6,1,1,1,1.0,1
raw,7d0805cd0a7bcd50,1,1,1,1.0,1
raw,cf58ece130a41436,1,1,1,1.0,1
raw,0fd9a481c3919a92,1,1,1,1.0,1
raw,94fb75323949c667,1,1,1,1.0,1
raw,29ef5e4f2cbe016a,1,1,1,1.0,1
raw,3fc0cd7962af8178,1,1,1,1.0,1
raw,c6b840da891ebee5,1,1,1,1.0,1
raw,6d316b25a8abb924,1,1,1,1.0,1
raw,1134e01e0c79b917,1,1,1,1.0,1
raw,8565ac2ac64892e1,1,1,1,1.0,1
raw,9956f5cb79042bdf,1,1,1,1.0,1
raw,60aa2ae31ffc6667,1,1,1,1.0,1
raw,9db7c015ba7fa5aa,1,1,1,1.0,1
raw,f8fbfac4b03731c5,1,1,1,1.0,1
raw,7009b3b3ff37cc71,1,1,1,1.0,1
raw,90659d0d8bd8dd1c,1,1,1,1.0,1
raw,3b117dc92c0ebd68,1,1,1,1.0,1
raw,c92b32f88047f906,1,1,1,1.0,1
raw,9ca65a189771032b,1,1,1,1.0,1
raw,106e879392a0cbf4,1,1,1,1.0,1
raw,98bb16a999f2f9d8,1,1,1,1.0,1
raw,ac28b7ddbc67e5bc,1,1,1,1.0,1
raw,f2f82ab459e9234a,1,1,1,1.0,1
raw,84e8a33c550263d4,1,1,1,1.0,1
raw,1981d925bb5550f4,1,1,1,1.0,1
raw,360d23efb1629d48,1,1,1,1.0,1
raw,86b583d390fa3503,1,1,1,1.0,1
raw,ef639944343d0042,1,1,1,1.0,1
raw,62a0bc869778cf3a,1,1,1,1.0,1
raw,fd775aa3afa45f6f,1,1,1,1.0,1
raw,5e4917dff1786799,1,1,1,1.0,1
raw,9132bdebfd73e4ce,1,1,1,1.0,1
raw,c8cdbfe21b2ab870,1,1,1,1.0,1
raw,8d3bc8caba87057f,1,1,1,1.0,1
raw,bff94363b3b544c6,1,1,1,1.0,1
raw,3deb36758179a7a2,1,1,1,1.0,1
raw,3c5498b615ff28a0,1,1,1,1.0,1
raw,033b71d124ee87b5,1,1,1,1.0,1
raw,28aa8278ff43ae8a,1,1,1,1.0,1
raw,f120f3e648e4a372,1,1,1,1.0,1
raw,193ecb10bd8aef66,1,1,1,1.0,1
raw,e73617188af5117d,1,1,1,1.0,1
raw,2995f9574cad520d,1,1,1,1.0,1
raw,4bb622d3aecc96a0,1,1,1,1.0,1
raw,10548f591e6e1741,1,1,1,1.0,1
raw,1d9a09d146d9ed83,1,1,1,1.0,1
raw,e6eccf757221d324,1,1,1,1.0,1
raw,547b6dbee3c8ab29,1,1,1,1.0,1
raw,32f77d9a108fb95f,1,1,1,1.0,1
raw,255fb8497e16e858,1,1,1,1.0,1
raw,6d310da27932bc9a,1,1,1,1.0,1
raw,1ab6660ce173dd39,1,1,1,1.0,1
raw,a7533cbfe2eb3042,1,1,1,1.0,1
raw,fd7ae59dceba4c8a,1,1,1,1.0,1
raw,e86bb863a749cfed,1,1,1,1.0,1
raw,640adc9d73fa2f2e,1,1,1,1.0,1
raw,4f7a75b6717a1dff,1,1,1,1.0,1
raw,c25f95652500f242,1,1,1,1.0,1
raw,9f1895412e900674,1,1,1,1.0,1
raw,ee9bf94dc7f087bc,1,1,1,1.0,1
raw,2143351120b73bdb,1,1,1,1.0,1
raw,9d5d53a4623b8690,1,1,1,1.0,1
raw,c9bb1cef5fbb9e94,1,1,1,1.0,1
raw,7fc3b3fcf72753db,1,1,1,1.0,1
raw,73587c8565197b0b,1,1,1,1.0,1
raw,239ede4eb1fae05b,1,1,1,1.0,1
raw,a269a0c63ad50993,1,1,1,1.0,1
raw,8e08a7bc5a182de0,1,1,1,1.0,1
raw,3ca7a9757195d4aa,1,1,1,1.0,1
raw,e9d08f783fc2c0b5,1,1,1,1.0,1
raw,539e7fa5db58e685,1,1,1,1.0,1
raw,402b09b68048ad3e,1,1,1,1.0,1
raw,cf4d4bcd61aeaec0,1,1,1,1.0,1
raw,bd819872979736c1,1,1,1,1.0,1
raw,0264ed5168d58b55,1,1,1,1.0,1
raw,d98dd0f54e0f82c4,1,1,1,1.0,1
raw,a66f469513cce645,1,1,1,1.0,1
raw,0ab71344586d6727,1,1,1,1.0,1
raw,e677d36167c9f959,1,1,1,1.0,1
raw,c5380ddf18fae7c5,1,1,1,1.0,1
raw,e866ca3125ac0b9c,1,1,1,1.0,1
raw,a2d9bd9ef1bf2758,1,1,1,1.0,1
raw,06005de885ee3c70,1,1,1,1.0,1
raw,5c026e28374407a7,1,1,1,1.0,1
raw,c8d7f9ad05443a6b,1,1,1,1.0,1
raw,01916e15d42306de,1,1,1,1.0,1
raw,8bbf96694076e254,1,1,1,1.0,1
raw,524bb510edc5d97e,1,1,1,1.0,1
canonical_event,0ff950058d37464d,1,1,1,1.0,1
canonical_event,f9f2c7c11e86bf6d,1,1,1,1.0,1
canonical_event,55a51d49d0977ae6,1,1,1,1.0,1
canonical_event,1b9294736e8fe47a,2,1,2,0.5,2
canonical_event,02a70764bd820515,1,1,1,1.0,1
canonical_event,a6672a3c1ba40051,1,1,1,1.0,1
canonical_event,21ef08f2af8adaa9,1,1,1,1.0,1
canonical_event,fb5cf18c736779da,1,1,1,1.0,1
canonical_event,6c3f789367378c17,1,1,1,1.0,1
canonical_event,131ac2597c3fbcc3,1,1,1,1.0,1
canonical_event,739fcb49820addce,1,1,1,1.0,1
canonical_event,655790c722fc261c,1,1,1,1.0,1
canonical_event,213687e87f5e90bb,1,1,1,1.0,1
canonical_event,a1e1d2219e35da77,1,1,1,1.0,1
canonical_event,870768d46e748621,1,1,1,1.0,1
canonical_event,26773dd7c4d399b5,1,1,1,1.0,1
canonical_event,402d00c8c1c9f808,1,1,1,1.0,1
canonical_event,eb1c503a7bc6c3b2,2,1,2,0.5,2
canonical_event,33833b5838bc8e9b,1,1,1,1.0,1
canonical_event,ee0dd72d95425600,1,1,1,1.0,1
canonical_event,c930093e9e6bccc4,1,1,1,1.0,1
canonical_event,4585d0b33da5a66c,1,1,1,1.0,1
canonical_event,652aa59e8ef9def0,1,1,1,1.0,1
canonical_event,668922e1cc9aefd1,1,1,1,1.0,1
canonical_event,dfe24b8d384dafe6,1,1,1,1.0,1
canonical_event,5a100330d756b0e3,1,1,1,1.0,1
canonical_event,666e9e4de6d3518f,1,1,1,1.0,1
canonical_event,43f50c1cc5ba74c2,1,1,1,1.0,1
canonical_event,ae7209ec5906fae9,1,1,1,1.0,1
canonical_event,042c73d80d44f5c1,1,1,1,1.0,1
canonical_event,8b6b15bd2e90e4af,1,1,1,1.0,1
canonical_event,84d3fa4cc15e7da0,2,1,2,0.5,2
canonical_event,edb94e67c4340cf3,1,1,1,1.0,1
canonical_event,cdb3e2f2add8ce4b,2,1,2,0.5,2
canonical_event,1bd41b238f8166dc,2,1,2,0.5,2
canonical_event,933f89a6156a9574,1,1,1,1.0,1
canonical_event,3d3966527b9fb219,2,1,2,0.5,2
canonical_event,7894827f8a23bbcf,1,1,1,1.0,1
canonical_event,c266ab7a063ecd94,1,1,1,1.0,1
canonical_event,d3998df99a70aabe,1,1,1,1.0,1
canonical_event,2e9cdbec9ab2975e,1,1,1,1.0,1
canonical_event,b8686bc68af67a29,1,1,1,1.0,1
canonical_event,d9340482416c094c,2,1,2,0.5,2
canonical_event,4b3236a1e82fa05d,2,1,2,0.5,2
canonical_event,2217f8e0d3042a3d,1,1,1,1.0,1
canonical_event,d0575f0001a1a2b8,1,1,1,1.0,1
canonical_event,7ff18db10276644d,1,1,1,1.0,1
canonical_event,72b834870bef4841,1,1,1,1.0,1
canonical_event,a97cba0a6d70d134,1,1,1,1.0,1
canonical_event,9fdb0ca7bcd908b1,1,1,1,1.0,1
canonical_event,2d63711835d310ce,1,1,1,1.0,1
canonical_event,3739b3284718f3aa,1,1,1,1.0,1
canonical_event,4f69f7038a901851,2,1,2,0.5,2
canonical_event,0610acd9bd31082c,1,1,1,1.0,1
canonical_event,fea446d135a80398,1,1,1,1.0,1
canonical_event,24b52854c497d4cf,1,1,1,1.0,1
canonical_event,74687be9519e19f1,1,1,1,1.0,1
canonical_event,eaa9e61d777f65a8,1,1,1,1.0,1
canonical_event,ad6e77c298876de3,1,1,1,1.0,1
canonical_event,fcf78b802c50a74a,2,1,2,0.5,2
canonical_event,0fdec50fd8b3ead3,1,1,1,1.0,1
canonical_event,34bb260fcbf0bf4b,2,1,2,0.5,2
canonical_event,36814cb7b5e0279b,1,1,1,1.0,1
canonical_event,895350dbf7d6a0d9,1,1,1,1.0,1
canonical_event,687e92b532ae466c,1,1,1,1.0,1
canonical_event,42615c4139610613,1,1,1,1.0,1
canonical_event,e3b0c44298fc1c14,94,30,15,0.3191489361702128,11+
canonical_event,a69d73eaa18be834,1,1,1,1.0,1
canonical_event,5e2a2d676d683998,1,1,1,1.0,1
canonical_event,c4a0478131dbf2b8,2,1,2,0.5,2
canonical_event,4cb419fd02913094,1,1,1,1.0,1
canonical_event,8e0d573d9ed177a9,1,1,1,1.0,1
canonical_event,48926b80b37f15e8,1,1,1,1.0,1
canonical_event,fa5abdc5960cecca,1,1,1,1.0,1
canonical_event,efbf57c5baa6ec63,1,1,1,1.0,1
canonical_event,8926303a97ccbe67,1,1,1,1.0,1
canonical_event,165575f2ba872f07,1,1,1,1.0,1
canonical_event,a477d993f48d5db5,1,1,1,1.0,1
canonical_event,b3b067855fa087a7,1,1,1,1.0,1
canonical_event,41743102f7ae22b7,1,1,1,1.0,1
canonical_event,c5a3e6e4a74d61b0,1,1,1,1.0,1
canonical_event,7f280c744a324748,1,1,1,1.0,1
canonical_event,994e665a287860e7,1,1,1,1.0,1
canonical_event,745a4b16c3b9df4d,1,1,1,1.0,1
canonical_event,cf1ed531b3072bca,1,1,1,1.0,1
canonical_event,604067aee77cc21a,1,1,1,1.0,1
canonical_event,6a89093e81c06f09,1,1,1,1.0,1
canonical_event,0aaaddd6c9850bc1,1,1,1,1.0,1
canonical_event,ea71f45d10c6e90f,1,1,1,1.0,1
canonical_event,4a1aeae7b0f13c6b,1,1,1,1.0,1
canonical_event,60b9076d84a144ec,1,1,1,1.0,1
canonical_event,233b6b1cb4600756,1,1,1,1.0,1
canonical_event,c8feeb1e37491c74,1,1,1,1.0,1
canonical_event,0c16f4e2010f35f1,1,1,1,1.0,1
canonical_event,7ef39c60e85e3675,1,1,1,1.0,1
canonical_event,9e351dc14d85cc1b,1,1,1,1.0,1
canonical_event,9b30e294a7512792,1,1,1,1.0,1
canonical_event,52bc3ba36ceb3b58,2,1,2,0.5,2
canonical_event,ac6d828356973882,1,1,1,1.0,1
canonical_event,f347e1ae90d3216f,1,1,1,1.0,1
canonical_event,c47af1ee7dee5b02,1,1,1,1.0,1
canonical_event,27e59dde872a320c,1,1,1,1.0,1
canonical_event,ee0815e901ca98f0,1,1,1,1.0,1
canonical_event,d78ae4ffd9e11e9c,1,1,1,1.0,1
canonical_event,71865a351b28246c,1,1,1,1.0,1
canonical_event,cdfa111c9d265940,1,1,1,1.0,1
canonical_event,38784206970237e2,1,1,1,1.0,1
canonical_event,8bc8cb7094c35230,1,1,1,1.0,1
canonical_event,482daea6b89fe6ab,1,1,1,1.0,1
canonical_event,3edd010d0cd7fa88,1,1,1,1.0,1
canonical_event,263cc3a9e7615a70,1,1,1,1.0,1
canonical_event,15be4e3837f7c841,2,1,2,0.5,2
canonical_event,0905ae2ee40a8cb4,1,1,1,1.0,1
canonical_event,027442ee660515c2,1,1,1,1.0,1
canonical_event,ec8555ff4969b176,1,1,1,1.0,1
canonical_event,9784f55fb6d0d9f1,1,1,1,1.0,1
canonical_event,8c660e4838559d31,1,1,1,1.0,1
canonical_event,836da58ece2c03df,1,1,1,1.0,1
canonical_event,826d1e51b834b7ab,1,1,1,1.0,1
canonical_event,408a58271073ad0a,2,1,2,0.5,2
canonical_event,ce3e056b5efd7924,2,1,2,0.5,2
canonical_event,bc9a0ff1d5115706,1,1,1,1.0,1
canonical_event,df2e8e0da159b6bf,1,1,1,1.0,1
canonical_event,38da2abc27fa8435,1,1,1,1.0,1
canonical_event,952ba05df5597335,1,1,1,1.0,1
canonical_event,98221e949b90118e,1,1,1,1.0,1
canonical_event,52088f10226058dd,1,1,1,1.0,1
canonical_event,82581f1249deb7a4,1,1,1,1.0,1
canonical_event,27048467580a9645,1,1,1,1.0,1
canonical_event,624cb12382ba923d,1,1,1,1.0,1
canonical_event,271938b6b7c50011,1,1,1,1.0,1
canonical_event,b3e21f32f4be7ff4,1,1,1,1.0,1
canonical_event,d986260e4be994e9,1,1,1,1.0,1
canonical_event,f2c3261fc875db84,1,1,1,1.0,1
canonical_event,2cac00c55741e7ca,2,1,2,0.5,2
canonical_event,c530e42eb80d407d,1,1,1,1.0,1
canonical_event,eeb590fd6b0787dc,1,1,1,1.0,1
canonical_event,639be8b9b5563aca,1,1,1,1.0,1
canonical_event,1d6e924e91b4f65b,1,1,1,1.0,1
canonical_event,48f99bb2d888c38a,1,1,1,1.0,1
canonical_event,b6c8852aa553acc5,1,1,1,1.0,1
canonical_event,d10a05aafce9f557,1,1,1,1.0,1
canonical_event,9117c64bb359cd7e,1,1,1,1.0,1
canonical_event,121433f0b0a59342,1,1,1,1.0,1
canonical_event,67323bd1179a32bc,2,1,2,0.5,2
canonical_event,853e04c26d610c76,2,1,2,0.5,2
canonical_event,74f7b1dc571182f0,1,1,1,1.0,1
canonical_event,cfa360013ed8e5af,2,1,2,0.5,2
canonical_event,ec6bce23f878f170,1,1,1,1.0,1
canonical_event,cc19d72298eb12aa,1,1,1,1.0,1
canonical_event,db24f4d0c681eecb,1,1,1,1.0,1
canonical_event,5fc804e86dfb2894,1,1,1,1.0,1
canonical_event,199fca0d34da6c00,1,1,1,1.0,1
canonical_event,9b9d6935f8df6723,2,1,2,0.5,2
canonical_event,a40231bd43c8ccca,1,1,1,1.0,1
canonical_event,f74f24f931d29cbe,1,1,1,1.0,1
canonical_event,a702f4e84f138c6d,2,1,2,0.5,2
canonical_event,ed831263c59161e6,1,1,1,1.0,1
canonical_event,356e5636d7e358ac,1,1,1,1.0,1
canonical_event,ce870c55846e8436,1,1,1,1.0,1
canonical_event,a3c3723439a041c2,1,1,1,1.0,1
canonical_event,0499fafcdb29d6b9,1,1,1,1.0,1
canonical_event,95a52626ed2ca125,1,1,1,1.0,1
canonical_event,7e13d2fec062ceaa,1,1,1,1.0,1
canonical_event,f7c30ab598fef39d,1,1,1,1.0,1
canonical_event,1ed0195ed13ca547,2,1,2,0.5,2
canonical_event,e14f8ab60e5a8b23,1,1,1,1.0,1
canonical_event,5f934e336eac90b1,1,1,1,1.0,1
canonical_event,75bbc8050e0f5c3b,1,1,1,1.0,1
canonical_event,a1e9ef1ac6bc2c30,1,1,1,1.0,1
canonical_event,011c346b9b849366,1,1,1,1.0,1
canonical_event,6c9debd45c5fd909,1,1,1,1.0,1
canonical_event,9647bef7abc6615b,1,1,1,1.0,1
canonical_event,825e5121bf0622a1,1,1,1,1.0,1
canonical_event,559ebfbdc294d37c,1,1,1,1.0,1
canonical_event,7155a5c230c48c66,2,1,2,0.5,2
canonical_event,0922103e2e62c924,1,1,1,1.0,1
canonical_event,61192ca9d4ba62c1,1,1,1,1.0,1
canonical_event,c2da86a0c2402638,1,1,1,1.0,1
canonical_event,3f8259538a10e684,1,1,1,1.0,1
canonical_event,65fc5f3c47c07dda,1,1,1,1.0,1
canonical_event,ab3e38ee645a90a5,1,1,1,1.0,1
canonical_event,395a0aedee050f60,1,1,1,1.0,1
canonical_event,338c68eb5bd7ba93,1,1,1,1.0,1
canonical_event,5cef7e3ca7b8353c,1,1,1,1.0,1
canonical_event,78ff6a9ba8de7141,1,1,1,1.0,1
canonical_event,5e382671c81d0617,1,1,1,1.0,1
canonical_event,54eb6343bdf8fee4,1,1,1,1.0,1
canonical_event,afc9d55136d7e524,2,1,2,0.5,2
canonical_event,4a93de851fe8ed1d,1,1,1,1.0,1
canonical_event,9070fc9914c96d2a,1,1,1,1.0,1
canonical_event,297fd43057f1a3ae,1,1,1,1.0,1
canonical_event,06e65246ae9892b2,1,1,1,1.0,1
canonical_event,200cc7833e2b3041,1,1,1,1.0,1
canonical_event,ced507f3fdce65e8,1,1,1,1.0,1
canonical_event,40abbcd39296a8f0,1,1,1,1.0,1
canonical_event,02b1024d6a9ad4e6,1,1,1,1.0,1
canonical_event,2f0fcb95ba6e6db1,1,1,1,1.0,1
canonical_event,06a1cb19482c68a9,2,1,2,0.5,2
canonical_event,924ce146dd0d3af7,1,1,1,1.0,1
canonical_event,16626dd76f689ba2,1,1,1,1.0,1
canonical_event,3527147b95a12d8e,1,1,1,1.0,1
canonical_event,ea14a3bcaf8ed133,2,1,2,0.5,2
canonical_event,e20926bff4892d88,1,1,1,1.0,1
canonical_event,062e436bb2b8b065,1,1,1,1.0,1
canonical_event,a3525d555b9153f0,1,1,1,1.0,1
canonical_event,bf7503764d9890e7,1,1,1,1.0,1
canonical_event,f9ae3196b862535b,1,1,1,1.0,1
canonical_event,d8743524113c4938,1,1,1,1.0,1
canonical_event,c73f4f802446d6e6,1,1,1,1.0,1
canonical_event,5e04a8b3e037abe6,1,1,1,1.0,1
canonical_event,c1b681ffc6dcf152,1,1,1,1.0,1
canonical_event,b731f2b3605d1ac7,1,1,1,1.0,1
canonical_event,06359e1ee63094de,1,1,1,1.0,1
canonical_event,d856f84f4b6c0759,2,1,2,0.5,2
canonical_event,4624ca23559ef687,1,1,1,1.0,1
canonical_event,4d499e83703fee84,1,1,1,1.0,1
canonical_event,c401697444712f2f,1,1,1,1.0,1
canonical_event,83e50b13f54f7123,1,1,1,1.0,1
canonical_event,2a62f6bd370b6aeb,1,1,1,1.0,1
canonical_event,1c81923d7227b2ca,2,1,2,0.5,2
canonical_event,888d573a2a121ab3,1,1,1,1.0,1
canonical_event,19c4b55192f287f3,1,1,1,1.0,1
canonical_event,943d249864f66f90,2,1,2,0.5,2
canonical_event,df5e6708dd7b8dfb,1,1,1,1.0,1
canonical_event,ede7765ba5ce8d23,1,1,1,1.0,1
canonical_event,0d4f3c06abafedbd,1,1,1,1.0,1
canonical_event,ec990dac6d4d8a77,1,1,1,1.0,1
canonical_event,798d47a527a8ace3,1,1,1,1.0,1
canonical_event,d0760dc7570b8bf9,1,1,1,1.0,1
canonical_event,47e29bc2faec9176,1,1,1,1.0,1
canonical_event,0531047bffe4f127,1,1,1,1.0,1
canonical_event,6fe458a2ed236b9b,1,1,1,1.0,1
canonical_event,cb33a1ec53e80014,1,1,1,1.0,1
canonical_event,1c9ae94cb44b978f,1,1,1,1.0,1
canonical_event,8bfba9fa758915cc,1,1,1,1.0,1
canonical_event,055df6c7e9f9faff,1,1,1,1.0,1
canonical_event,d87b67c3da5e749a,1,1,1,1.0,1
canonical_event,94e0b27edc423d73,1,1,1,1.0,1
canonical_event,ebebd82c78244cfd,1,1,1,1.0,1
canonical_event,7a16d72db4ea1db7,1,1,1,1.0,1
canonical_event,48d60978222dba39,1,1,1,1.0,1
canonical_event,2cd3d6f0777088c4,1,1,1,1.0,1
canonical_event,98969d96505eec7d,1,1,1,1.0,1
canonical_event,c496d392bec751ff,1,1,1,1.0,1
canonical_event,d14169530075c187,1,1,1,1.0,1
canonical_event,d0cb377bcdb3b43e,1,1,1,1.0,1
canonical_event,f9afb2af46c1b4ef,2,1,2,0.5,2
canonical_event,4f65525d8f616c44,1,1,1,1.0,1
canonical_event,35b38c0b0abf1f34,1,1,1,1.0,1
canonical_event,6e65c7e9b129a5aa,1,1,1,1.0,1
canonical_event,0a1d1d9b24a51e47,1,1,1,1.0,1
canonical_event,89304def5b69bbc5,1,1,1,1.0,1
canonical_event,7d5573e4e21e2201,1,1,1,1.0,1
canonical_event,dc5fff9c22b83008,1,1,1,1.0,1
canonical_event,97920d3756691ea3,1,1,1,1.0,1
canonical_event,3b86f971a12c3689,1,1,1,1.0,1
canonical_event,449fb73dd3e874b0,1,1,1,1.0,1
canonical_event,f35063dd0beef35c,1,1,1,1.0,1
canonical_event,dfec1c2b8c7ca54c,1,1,1,1.0,1
canonical_event,49374dc761261dbd,2,1,2,0.5,2
canonical_event,7d56907674aa2c5d,1,1,1,1.0,1
canonical_event,c2e8a570f32d7891,1,1,1,1.0,1
canonical_event,fdc866aaebdfec89,1,1,1,1.0,1
canonical_event,c0ad9aafa3f63429,2,1,2,0.5,2
canonical_event,e2d09e04c625bb66,1,1,1,1.0,1
canonical_event,67a46d6190fac617,1,1,1,1.0,1
canonical_event,eaa9e701611f489e,1,1,1,1.0,1
canonical_event,6ae537578dffaab0,1,1,1,1.0,1
canonical_event,45280d48a932fc9b,1,1,1,1.0,1
canonical_event,b3dc751e8c16bcf8,1,1,1,1.0,1
canonical_event,b9f1b5d40403ab14,2,1,2,0.5,2
canonical_event,7f85d9be374cad0f,1,1,1,1.0,1
canonical_event,3fed2cc2f39514b2,1,1,1,1.0,1
canonical_event,0030d0435aea6347,1,1,1,1.0,1
canonical_event,8a2f7b49cfc25a1b,1,1,1,1.0,1
canonical_event,db7a54511cf92b7e,1,1,1,1.0,1
canonical_event,449c8a027b77fdb8,1,1,1,1.0,1
canonical_event,3ed15ca045248e3c,1,1,1,1.0,1
canonical_event,daeaff018ba847cb,1,1,1,1.0,1
canonical_event,1c590afb8cfa151d,1,1,1,1.0,1
canonical_event,b53062617fe72379,1,1,1,1.0,1
canonical_event,ec53ce6c0ee4cdef,1,1,1,1.0,1
canonical_event,a253bc1763c7d347,2,1,2,0.5,2
canonical_event,1fd9cb9d8bf1d879,1,1,1,1.0,1
canonical_event,d8efdb8abc3c9cd8,1,1,1,1.0,1
canonical_event,79f87e678a39f157,1,1,1,1.0,1
canonical_event,102757dd9cdb3ad5,1,1,1,1.0,1
canonical_event,2228739fbfb3732a,1,1,1,1.0,1
canonical_event,817793f06eb4e4b6,1,1,1,1.0,1
canonical_event,d43ac2fc615f44d3,1,1,1,1.0,1
canonical_event,09885e04a4aefd0d,1,1,1,1.0,1
canonical_event,5f354218765f3b88,1,1,1,1.0,1
canonical_event,3b6869e252d7f31b,2,1,2,0.5,2
canonical_event,cb0504d81ad4cfc8,1,1,1,1.0,1
canonical_event,fe055055c568bc9d,1,1,1,1.0,1
canonical_event,f0a1ec91cafdb702,1,1,1,1.0,1
canonical_event,aa53c3960c6bf050,1,1,1,1.0,1
canonical_event,04e5243dd1efa678,1,1,1,1.0,1
canonical_event,d6293298ca071011,1,1,1,1.0,1
canonical_event,f83244e3804bbf48,1,1,1,1.0,1
canonical_event,39ef9c68ceb81a40,1,1,1,1.0,1
canonical_event,92fd2ce003f048d6,1,1,1,1.0,1
canonical_event,f6fc74d685c232e0,1,1,1,1.0,1
canonical_event,0c77c1773900ccea,1,1,1,1.0,1
canonical_event,9729f3f3d91bc486,1,1,1,1.0,1
canonical_event,fbc1ecb657b4f650,2,1,2,0.5,2
canonical_event,f7b1068afccf3aad,1,1,1,1.0,1
canonical_event,eda0b944ca1f00b2,1,1,1,1.0,1
canonical_event,5589f274cb73366a,1,1,1,1.0,1
canonical_event,84c7bd03282b2094,1,1,1,1.0,1
canonical_event,fe8c0b9af6f43cd9,1,1,1,1.0,1
canonical_event,2101e51533c5eaaf,1,1,1,1.0,1
canonical_event,44e8b81136de7433,1,1,1,1.0,1
canonical_event,759475e1c4e5f8b8,1,1,1,1.0,1
canonical_event,dee2302d3780391d,1,1,1,1.0,1
canonical_event,cee75b3a66bf7293,1,1,1,1.0,1
canonical_event,f697145e9b2db016,1,1,1,1.0,1
canonical_event,080bf770cf499f33,1,1,1,1.0,1
canonical_event,55b4a412a8e3dcf5,2,1,2,0.5,2
canonical_event,7eabe2837707a2e5,1,1,1,1.0,1
canonical_event,aaf8a6e788a7e4b3,1,1,1,1.0,1
canonical_event,66abbc92091949bf,1,1,1,1.0,1
canonical_event,3c9936237f5036da,2,1,2,0.5,2
canonical_event,acb496e2939a872d,1,1,1,1.0,1
canonical_event,0c5288c846b8994f,1,1,1,1.0,1
canonical_event,eb59f1259d5056a1,1,1,1,1.0,1
canonical_event,4005283ef36d5d7c,1,1,1,1.0,1
canonical_event,1b450c07d18d79b1,1,1,1,1.0,1
canonical_event,168359cf7240d788,1,1,1,1.0,1
canonical_event,e5488fd7a295c1d7,1,1,1,1.0,1
canonical_event,e8ac3888349d9564,1,1,1,1.0,1
canonical_event,2a2b63a6dc684c36,1,1,1,1.0,1
canonical_event,97a88139a42259f3,1,1,1,1.0,1
canonical_event,d6b27ce096a3e9a5,1,1,1,1.0,1
canonical_event,ef9ed8cd365cca25,1,1,1,1.0,1
canonical_event,1fb322e106668bb6,2,1,2,0.5,2
canonical_event,86ccbba7891a6330,1,1,1,1.0,1
canonical_event,d0f69bbe2ea84f78,1,1,1,1.0,1
canonical_event,0fac0fac5e9f0338,2,1,2,0.5,2
canonical_event,325f1fde41a4ce4a,2,1,2,0.5,2
canonical_event,a4c1a14456c9c92a,1,1,1,1.0,1
canonical_event,cd46fecc314971ea,1,1,1,1.0,1
canonical_event,99a5dc544a60c707,1,1,1,1.0,1
canonical_event,93c43dcb75ff5aa3,1,1,1,1.0,1
canonical_event,a574b7d2223b9194,1,1,1,1.0,1
canonical_event,be7c5ce095fa9a27,1,1,1,1.0,1
canonical_event,88611ae67a116777,1,1,1,1.0,1
canonical_event,584645de57595f8a,1,1,1,1.0,1
canonical_event,f1b060bc27b4c6a4,1,1,1,1.0,1
canonical_event,f6bf599488361536,2,1,2,0.5,2
canonical_event,cb785b05e7926f00,1,1,1,1.0,1
canonical_event,b1f56d803af17124,1,1,1,1.0,1
canonical_event,24aa4faa3432d679,1,1,1,1.0,1
canonical_event,e48c41ad2164951b,1,1,1,1.0,1
canonical_event,b610cb7d4e5dc815,1,1,1,1.0,1
canonical_event,f90d45d3b21b5376,1,1,1,1.0,1
canonical_event,0e8d5cd7c3830ebc,1,1,1,1.0,1
canonical_event,7de79efb6fa7b3f2,1,1,1,1.0,1
canonical_event,bb2cc4d2f9b96013,1,1,1,1.0,1
canonical_event,b3df46d19770eab9,1,1,1,1.0,1
canonical_event,3955eb3194859efe,1,1,1,1.0,1
canonical_event,20e1d5afb258f68f,1,1,1,1.0,1
canonical_event,49d0c1556dd5aa91,1,1,1,1.0,1
canonical_event,4fd59c989a4cc0c2,1,1,1,1.0,1
canonical_event,4979d5e832371eb2,1,1,1,1.0,1
canonical_event,1f6137af8e31ed80,2,1,2,0.5,2
canonical_event,79d6c4fc54b84611,1,1,1,1.0,1
canonical_event,bb0739767c013e12,1,1,1,1.0,1
canonical_event,597e7f23ff9956c1,2,1,2,0.5,2
canonical_event,5444f3ca7ea8ba15,1,1,1,1.0,1
canonical_event,ffe407c07871daea,1,1,1,1.0,1
canonical_event,3af9b1b9b92aea37,1,1,1,1.0,1
canonical_event,e3cdab6f8ba5c647,1,1,1,1.0,1
canonical_event,bf448c5968ff4d50,2,1,2,0.5,2
canonical_event,3553e0b68e6cc584,1,1,1,1.0,1
canonical_event,015f9fc905e5d945,1,1,1,1.0,1
canonical_event,1e86d60c5628b386,1,1,1,1.0,1
canonical_event,7a6fe87d2ce5ec03,1,1,1,1.0,1
canonical_event,1f16f6594178c219,1,1,1,1.0,1
canonical_event,a1a64c26d5a75643,1,1,1,1.0,1
canonical_event,28d79afd8094e30d,1,1,1,1.0,1
canonical_event,2ddf88e90e5f1313,1,1,1,1.0,1
canonical_event,b7fc586e7789a4bd,2,1,2,0.5,2
canonical_event,0e8eb5abd8d07a39,1,1,1,1.0,1
canonical_event,4c2bef73585d5c5d,1,1,1,1.0,1
canonical_event,aa50bba5d2ee6c64,1,1,1,1.0,1
canonical_event,f25feeaa2fc1da8e,1,1,1,1.0,1
canonical_event,ce3c1fc37266edee,1,1,1,1.0,1
canonical_event,e11f2c4bc84ca28a,1,1,1,1.0,1
canonical_event,00b5b73804718585,1,1,1,1.0,1
canonical_event,a82757554a4620cb,1,1,1,1.0,1
canonical_event,dc33913594dca818,1,1,1,1.0,1
canonical_event,2aa651c63ffeb840,1,1,1,1.0,1
canonical_event,5a62885bf1ba6435,1,1,1,1.0,1
canonical_event,de1db1abf72edde0,1,1,1,1.0,1
canonical_event,dceb8d6656b4fd35,1,1,1,1.0,1
canonical_event,5a90c60274c47b6e,1,1,1,1.0,1
canonical_event,7310dfdd67517f2e,1,1,1,1.0,1
canonical_event,0a897527d476212c,1,1,1,1.0,1
canonical_event,6bf018e142f51dec,1,1,1,1.0,1
canonical_event,45c3973f7ff2e9d7,1,1,1,1.0,1
canonical_event,271533bc088353a1,1,1,1,1.0,1
canonical_event,b12cfd482d71ec37,1,1,1,1.0,1
canonical_event,f34bf5081e2a5f2f,1,1,1,1.0,1
canonical_event,f580843183a10db1,1,1,1,1.0,1
canonical_event,0c3850db8e165137,1,1,1,1.0,1
canonical_event,592fd305fa6b8542,1,1,1,1.0,1
canonical_event,53470a38b48795a2,1,1,1,1.0,1
canonical_event,37cf86a6590c647e,1,1,1,1.0,1
canonical_event,61d910c66d3d5c2f,2,1,2,0.5,2
canonical_event,df5f4d11459617c4,1,1,1,1.0,1
canonical_event,2dd730911b3fea91,1,1,1,1.0,1
canonical_event,397bc1f85c65a398,2,1,2,0.5,2
canonical_event,9a97fa7a1aac8d6e,2,1,2,0.5,2
canonical_event,6c13ad9f2d769399,1,1,1,1.0,1
canonical_event,77d590ebf5044d07,1,1,1,1.0,1
canonical_event,35f42bbcfe871a45,1,1,1,1.0,1
canonical_event,ea76d97de47ba80b,1,1,1,1.0,1
canonical_event,bfae4597bfbac82f,1,1,1,1.0,1
canonical_event,1aded276fb10852d,1,1,1,1.0,1
canonical_event,1eaf279a76696f0c,1,1,1,1.0,1
canonical_event,18a720eb52054cce,1,1,1,1.0,1
canonical_event,29e61b1db4329b6e,1,1,1,1.0,1
canonical_event,7240e5225cd87ba9,1,1,1,1.0,1
canonical_event,e7c17508a3b67ffd,1,1,1,1.0,1
canonical_event,7529b23c289660c4,1,1,1,1.0,1
canonical_event,e5f40aa08354f0b8,1,1,1,1.0,1
canonical_event,ad388cbad84ae8f2,1,1,1,1.0,1
canonical_event,46b32c602b44f65e,1,1,1,1.0,1
canonical_event,6a62285751030603,1,1,1,1.0,1
canonical_event,9fad738650f80e53,1,1,1,1.0,1
canonical_event,c2d9923f65dc2ade,1,1,1,1.0,1
canonical_event,20d1236e5e3a8243,1,1,1,1.0,1
canonical_event,e12a283ec8ee4203,1,1,1,1.0,1
canonical_event,a130ab143bbcd9fb,1,1,1,1.0,1
canonical_event,cebe6c1cee9a5af7,1,1,1,1.0,1
canonical_event,eeeabf9cb111004e,1,1,1,1.0,1
canonical_event,8df026ffec0e46af,1,1,1,1.0,1
canonical_event,151a1445c1c35c49,1,1,1,1.0,1
canonical_event,ae8a0208589ac2b8,1,1,1,1.0,1
canonical_event,7bf4e812a79ca805,2,1,2,0.5,2
canonical_event,0c326e28ca49cbe6,1,1,1,1.0,1
canonical_event,de4fafb5a82c5bc5,1,1,1,1.0,1
canonical_event,db318ce0ac7b4c4c,2,1,2,0.5,2
canonical_event,15aa2783121b423e,2,1,2,0.5,2
canonical_event,d31d03c58ee508f9,1,1,1,1.0,1
canonical_event,faa491263eec725a,1,1,1,1.0,1
canonical_event,b9d2f94f88e99b9b,1,1,1,1.0,1
canonical_event,90d25c4e1b5fd6dc,1,1,1,1.0,1
canonical_event,8c6dc0b1a94e31a6,1,1,1,1.0,1
canonical_event,299b5ffab17b2ee8,1,1,1,1.0,1
canonical_event,7c009045f3d53f1f,1,1,1,1.0,1
canonical_event,3de08452af161316,1,1,1,1.0,1
canonical_event,425d68565013324f,1,1,1,1.0,1
canonical_event,46b807e5c7fddacc,1,1,1,1.0,1
canonical_event,d83e192ea81ae2a9,1,1,1,1.0,1
canonical_event,3b3e7f57a08efb32,1,1,1,1.0,1
canonical_event,c2b8597c36ac556a,1,1,1,1.0,1
canonical_event,bc71fae97e603362,1,1,1,1.0,1
canonical_event,d598f946f96f4eeb,1,1,1,1.0,1
canonical_event,2c56d5af88d09804,1,1,1,1.0,1
canonical_event,89cee78fa67afed6,2,1,2,0.5,2
canonical_event,ba6521e8665f9d8c,1,1,1,1.0,1
canonical_event,3e5b1a68ff3e0756,1,1,1,1.0,1
canonical_event,74530a30ff38b87b,1,1,1,1.0,1
canonical_event,4215da0b4a8f1d88,1,1,1,1.0,1
canonical_event,f4c37b3937d759f1,2,1,2,0.5,2
canonical_event,3ca1c53de3d3b483,1,1,1,1.0,1
canonical_event,1afe585e034c0a38,1,1,1,1.0,1
canonical_event,a1225aefe5e5d22b,1,1,1,1.0,1
canonical_event,f4bd56f8261fcec5,1,1,1,1.0,1
canonical_event,710b4872a2992bc8,1,1,1,1.0,1
canonical_event,544743c4d10f8f0e,1,1,1,1.0,1
canonical_event,1e7afbb1a2f88a1f,1,1,1,1.0,1
canonical_event,87ff9f44e444f87b,1,1,1,1.0,1
canonical_event,dedb6fe525ce87e1,1,1,1,1.0,1
canonical_event,805816113c5c3268,1,1,1,1.0,1
canonical_event,fc300675a723a0fd,1,1,1,1.0,1
canonical_event,38f4903254ffc011,1,1,1,1.0,1
canonical_event,da3b566e483c2cc0,1,1,1,1.0,1
canonical_event,868b84a9ecfb7e4e,1,1,1,1.0,1
canonical_event,5c866b9562784466,1,1,1,1.0,1
canonical_event,6771e6359f6991ea,2,1,2,0.5,2
canonical_event,bfcf8e1351b915ea,1,1,1,1.0,1
canonical_event,a986b039ddadf507,1,1,1,1.0,1
canonical_event,b6ea565c5f91ddd8,1,1,1,1.0,1
canonical_event,8956afcf148114b7,1,1,1,1.0,1
canonical_event,832803ee00967d48,1,1,1,1.0,1
canonical_event,5bd39b48e9ae5f4a,1,1,1,1.0,1
canonical_event,e634744d9cf44eff,1,1,1,1.0,1
canonical_event,de90bb7a6b6e7e7f,2,1,2,0.5,2
canonical_event,2936de21e3c684b2,1,1,1,1.0,1
canonical_event,636cc3cfaf8c9132,1,1,1,1.0,1
canonical_event,e8826df12361208b,1,1,1,1.0,1
canonical_event,edd7a6af2e9274ed,1,1,1,1.0,1
canonical_event,5109d209285acfa8,1,1,1,1.0,1
canonical_event,36fca05f245c89d6,1,1,1,1.0,1
canonical_event,2a6618bb2d1a171e,2,1,2,0.5,2
canonical_event,832e28745c04eb9d,1,1,1,1.0,1
canonical_event,3f2a627b9b819527,1,1,1,1.0,1
canonical_event,5be023d75d0c2c6c,1,1,1,1.0,1
canonical_event,b2f52732f62429b9,2,1,2,0.5,2
canonical_event,b25966eeab550aba,1,1,1,1.0,1
canonical_event,490faade24b24d2c,2,1,2,0.5,2
canonical_event,bd2865693eb163bd,1,1,1,1.0,1
canonical_event,489092f12675bc1a,1,1,1,1.0,1
canonical_event,5271f307e48ec7ab,1,1,1,1.0,1
canonical_event,1d392e94bae98a0b,1,1,1,1.0,1
canonical_event,ae83ae1397c09900,1,1,1,1.0,1
canonical_event,5ac6ec2d1f0ae891,1,1,1,1.0,1
canonical_event,8bcb0441369210e5,1,1,1,1.0,1
canonical_event,9cd79120cf09e091,1,1,1,1.0,1
canonical_event,73a3de3c12471a49,1,1,1,1.0,1
canonical_event,c75ee2bc1e035649,1,1,1,1.0,1
canonical_event,0cbd341c4928fb81,1,1,1,1.0,1
canonical_event,ab6c69b5f531bc1e,1,1,1,1.0,1
canonical_event,be3d5e57cc4867d2,1,1,1,1.0,1
canonical_event,c5b4cb3fca5b012a,1,1,1,1.0,1
canonical_event,70846f3fea445cb6,1,1,1,1.0,1
canonical_event,809e4bf8a6aad6b0,1,1,1,1.0,1
canonical_event,ceb28eb778ad59ea,1,1,1,1.0,1
canonical_event,d80eb046a1aef9b8,1,1,1,1.0,1
canonical_event,f700e7a83bf97ea2,1,1,1,1.0,1
canonical_event,8bce32de796da33c,1,1,1,1.0,1
canonical_event,b44007ae53c1df72,1,1,1,1.0,1
canonical_event,9a7cec6fc19ccb77,2,1,2,0.5,2
canonical_event,16a577abd69fe12a,1,1,1,1.0,1
canonical_event,528701b838781e6f,2,1,2,0.5,2
canonical_event,5e38777fd2e22471,1,1,1,1.0,1
canonical_event,f07faa4e180217ad,1,1,1,1.0,1
canonical_event,19181acf4442509f,1,1,1,1.0,1
canonical_event,8b2523115d57b794,1,1,1,1.0,1
canonical_event,6dd93ca1f5c09ec9,1,1,1,1.0,1
canonical_event,52d4ee19a85a7049,1,1,1,1.0,1
canonical_event,7404ca7a90897ad9,1,1,1,1.0,1
canonical_event,72dce0cfde8d62cc,1,1,1,1.0,1
canonical_event,b048b2728f42220b,2,1,2,0.5,2
canonical_event,623f1040a3935745,1,1,1,1.0,1
canonical_event,d65092d6304124ce,1,1,1,1.0,1
canonical_event,7ba2b700e0c1b3ef,1,1,1,1.0,1
canonical_event,4deeee423a59d4c7,1,1,1,1.0,1
canonical_event,70d9c003ed64a614,1,1,1,1.0,1
canonical_event,2d15ac664827a111,1,1,1,1.0,1
canonical_event,679d5a0f9b640e89,1,1,1,1.0,1
canonical_event,e7cf548c34838ec1,1,1,1,1.0,1
canonical_event,5afabf3286d03efd,1,1,1,1.0,1
canonical_event,5ae288502f1ec2a9,1,1,1,1.0,1
canonical_event,16b2ef482433274f,1,1,1,1.0,1
canonical_event,8168172b86836fc6,1,1,1,1.0,1
canonical_event,3abeb2f6423c40b4,1,1,1,1.0,1
canonical_event,eede91f7db79fe72,1,1,1,1.0,1
canonical_event,0b9aee3296570d6d,1,1,1,1.0,1
canonical_event,e401bdc2dc70fcf4,1,1,1,1.0,1
canonical_event,d653fef914c6a49c,1,1,1,1.0,1
canonical_event,b2b31ceb76de3f5f,1,1,1,1.0,1
canonical_event,05764cea4f0941ac,1,1,1,1.0,1
canonical_event,f5aa58cbc4073205,1,1,1,1.0,1
canonical_event,fcaf0aab1420b76a,1,1,1,1.0,1
canonical_event,72a737df1c4ae0f0,2,1,2,0.5,2
canonical_event,36144b1b6144cb28,1,1,1,1.0,1
canonical_event,3b7742b2b40ab147,1,1,1,1.0,1
canonical_event,bc0dab4ebbc00c6c,1,1,1,1.0,1
canonical_event,5c2d28540769ed38,1,1,1,1.0,1
canonical_event,6878c947672cbfb5,1,1,1,1.0,1
canonical_event,8147dc67a2978802,2,1,2,0.5,2
canonical_event,ae30b6323dceffff,1,1,1,1.0,1
canonical_event,7445ccce46b692b5,1,1,1,1.0,1
canonical_event,7d7c0517d98a4c18,1,1,1,1.0,1
canonical_event,44170fd2a162acfa,1,1,1,1.0,1
canonical_event,148622a567b5fa25,2,1,2,0.5,2
canonical_event,9a08492c552adf55,2,1,2,0.5,2
canonical_event,fdbaea5b02466e38,1,1,1,1.0,1
canonical_event,af6f2ecb69837b6b,1,1,1,1.0,1
canonical_event,bb8dce675ad23e07,1,1,1,1.0,1
canonical_event,3c1efe0da691cdf4,1,1,1,1.0,1
canonical_event,c79e138ac0f5ec8b,1,1,1,1.0,1
canonical_event,a2b2512c54b029a9,2,1,2,0.5,2
canonical_event,1803a00d4105c9d3,1,1,1,1.0,1
canonical_event,fac09eb30d3c3c2e,1,1,1,1.0,1
canonical_event,2c67db2060f25ca2,1,1,1,1.0,1
canonical_event,d430bf4b7bb6a074,1,1,1,1.0,1
canonical_event,69994ef277c42f5e,1,1,1,1.0,1
canonical_event,a5abc1da8dd0bbc4,2,1,2,0.5,2
canonical_event,811f9929f2b3c75b,1,1,1,1.0,1
canonical_event,4abd712beecf9138,1,1,1,1.0,1
canonical_event,629114f744adf0b4,1,1,1,1.0,1
canonical_event,19879d2935d451e1,1,1,1,1.0,1
canonical_event,320f67a05e95adb3,1,1,1,1.0,1
canonical_event,daf6cc67ee2000d4,1,1,1,1.0,1
canonical_event,5b8ebc8fc3d0fd98,1,1,1,1.0,1
canonical_event,676cdfe1edc354dc,1,1,1,1.0,1
canonical_event,8faf0c2c27d763b5,1,1,1,1.0,1
canonical_event,a75a7073befb73a5,1,1,1,1.0,1
canonical_event,23297220e2c9329f,1,1,1,1.0,1
canonical_event,fed5a438dd87dddf,1,1,1,1.0,1
canonical_event,ba1e4ed411578f2b,1,1,1,1.0,1
canonical_event,b4248d436618174b,2,1,2,0.5,2
canonical_event,789c17424566ad61,1,1,1,1.0,1
canonical_event,4ede59113c150646,1,1,1,1.0,1
canonical_event,57673de36b87c046,1,1,1,1.0,1
canonical_event,52ce1f8c3a8b0a79,1,1,1,1.0,1
canonical_event,5619374331360549,1,1,1,1.0,1
canonical_event,1d22a09bb73a2fc8,1,1,1,1.0,1
canonical_event,10825b93ed409cde,1,1,1,1.0,1
canonical_event,d602c5154f39b595,1,1,1,1.0,1
canonical_event,fde76f9c84394ae0,1,1,1,1.0,1
canonical_event,8aafed5f13168b23,1,1,1,1.0,1
canonical_event,2c4083a083390e42,1,1,1,1.0,1
canonical_event,8039b728b6b9d628,1,1,1,1.0,1
canonical_event,f211db9e43188618,1,1,1,1.0,1
canonical_event,b58c63e55501f295,1,1,1,1.0,1
canonical_event,3dbd94db03ff1dee,1,1,1,1.0,1
canonical_event,6911e14dde9f38b4,1,1,1,1.0,1
canonical_event,0f61d729d1b41789,1,1,1,1.0,1
canonical_event,6d86491bfc9766cb,1,1,1,1.0,1
canonical_event,b8969230d9c6adba,1,1,1,1.0,1
canonical_event,218bcefd72ad96aa,1,1,1,1.0,1
canonical_event,ed615f1fcb73ab88,2,1,2,0.5,2
canonical_event,fab35eefb74b8305,1,1,1,1.0,1
canonical_event,92e4dde9f7278367,2,1,2,0.5,2
canonical_event,2decfe9f447c40d8,2,1,2,0.5,2
canonical_event,d41139c5e8376e4b,1,1,1,1.0,1
canonical_event,10e967b53803947b,1,1,1,1.0,1
canonical_event,e739f428703fa986,1,1,1,1.0,1
canonical_event,b06c164820bfdb1a,1,1,1,1.0,1
canonical_event,b503f7904d686c69,1,1,1,1.0,1
canonical_event,342dbbcbc7321827,2,1,2,0.5,2
canonical_event,815365cb614f5eb3,1,1,1,1.0,1
canonical_event,aed33a74ada608ab,2,1,2,0.5,2
canonical_event,4f3aefcb73782634,2,1,2,0.5,2
canonical_event,023c99f0d0b9c93f,1,1,1,1.0,1
canonical_event,b010c7a7f7134990,1,1,1,1.0,1
canonical_event,4d089bafea105eca,1,1,1,1.0,1
canonical_event,d1def601ee943071,1,1,1,1.0,1
canonical_event,71a736653ed18c52,1,1,1,1.0,1
canonical_event,e7d346a1b0f117e6,1,1,1,1.0,1
canonical_event,d1745ec4723cc5a0,1,1,1,1.0,1
canonical_event,2ebccad70de28b5d,1,1,1,1.0,1
canonical_event,6d2001bf4269124a,1,1,1,1.0,1
canonical_event,5253299505c5f347,1,1,1,1.0,1
canonical_event,b5e7a2ffa76df207,1,1,1,1.0,1
canonical_event,af7ef41335f4f1f5,1,1,1,1.0,1
canonical_event,0d26223dccd0e750,1,1,1,1.0,1
canonical_event,1c4b7f86e47f1281,1,1,1,1.0,1
canonical_event,52a7816ad5912e95,1,1,1,1.0,1
canonical_event,b77e344fd9d969c3,1,1,1,1.0,1
canonical_event,620096c4421678c8,1,1,1,1.0,1
canonical_event,7a8af2635d24dbe9,1,1,1,1.0,1
canonical_event,5ee419dd0a3ed2ca,1,1,1,1.0,1
canonical_event,b684a0b9cd5d0e4e,1,1,1,1.0,1
canonical_event,230dfead1ed6c607,2,1,2,0.5,2
canonical_event,7c81ae428afba774,1,1,1,1.0,1
canonical_event,8566c3522c0b136c,1,1,1,1.0,1
canonical_event,666727bf9ca0e7a7,1,1,1,1.0,1
canonical_event,06242585e6e1b4e4,1,1,1,1.0,1
canonical_event,471b1f45fa585b05,1,1,1,1.0,1
canonical_event,5b2568f4641032eb,2,1,2,0.5,2
canonical_event,e85627532c135061,1,1,1,1.0,1
canonical_event,86f334cd99ca8fdf,1,1,1,1.0,1
canonical_event,dd2276bb47332cb4,1,1,1,1.0,1
canonical_event,c570e367d026d9e8,2,1,2,0.5,2
canonical_event,252549b0219b38c8,1,1,1,1.0,1
canonical_event,655eece67c31ae3f,1,1,1,1.0,1
canonical_event,0e873b62dedef577,1,1,1,1.0,1
canonical_event,54a035b1cae2c0c3,1,1,1,1.0,1
canonical_event,dc904d68df75a5e8,1,1,1,1.0,1
canonical_event,9b328b375714e8d4,1,1,1,1.0,1
canonical_event,aac3eb07cf168453,2,1,2,0.5,2
canonical_event,d149e216107e93c1,1,1,1,1.0,1
canonical_event,987eecd71bb82e6a,1,1,1,1.0,1
canonical_event,4419b628bb2b654d,2,1,2,0.5,2
canonical_event,84b551e7bbe2d170,1,1,1,1.0,1
canonical_event,7e0f7e0a2acfb542,1,1,1,1.0,1
canonical_event,308b4fc01181582a,1,1,1,1.0,1
canonical_event,7c71b8ee11fd2e33,1,1,1,1.0,1
canonical_event,ae29c4362fa379d4,1,1,1,1.0,1
canonical_event,a6e6032df2fd07c1,1,1,1,1.0,1
canonical_event,0cc9eb764847aed4,1,1,1,1.0,1
canonical_event,5a9a5171c91beff3,1,1,1,1.0,1
canonical_event,4240bfff7595c105,2,1,2,0.5,2
canonical_event,c82fe2a984dc8d97,2,1,2,0.5,2
canonical_event,b106e8c27b1ee553,1,1,1,1.0,1
canonical_event,57e347b803bf4976,1,1,1,1.0,1
canonical_event,a8895df639f16359,1,1,1,1.0,1
canonical_event,d51ff2d7b0f1cb4b,1,1,1,1.0,1
canonical_event,98a3eb9d0df7bd19,1,1,1,1.0,1
canonical_event,42115c7425464b43,1,1,1,1.0,1
canonical_event,ed9dfc50404e0e5c,1,1,1,1.0,1
canonical_event,656b2a5e20c2ff84,1,1,1,1.0,1
canonical_event,f64ee7af6f31baa8,1,1,1,1.0,1
canonical_event,ce8c43bbccbbe2e9,1,1,1,1.0,1
canonical_event,1a6d129dc8b555be,1,1,1,1.0,1
canonical_event,9519aca379e98239,1,1,1,1.0,1
canonical_event,902e89cc0bdf7dfb,1,1,1,1.0,1
canonical_event,1fe9232894649e51,1,1,1,1.0,1
canonical_event,a7c555ae4330951d,1,1,1,1.0,1
canonical_event,d451d1bcfc169415,2,1,2,0.5,2
canonical_event,9e38256d49f36bee,1,1,1,1.0,1
canonical_event,e605f0ce5d3c0288,1,1,1,1.0,1
canonical_event,5705b1238bb563d6,2,1,2,0.5,2
canonical_event,ae4664d01c551f08,1,1,1,1.0,1
canonical_event,2671350231f42f13,1,1,1,1.0,1
canonical_event,70ec73885f27b4de,1,1,1,1.0,1
canonical_event,7a0e42e9daa87ce1,1,1,1,1.0,1
canonical_event,4d3aedaaa19b54dd,1,1,1,1.0,1
canonical_event,300862849848a929,1,1,1,1.0,1
canonical_event,a1fc5c362859930b,1,1,1,1.0,1
canonical_event,c69a6033b5b55edc,1,1,1,1.0,1
canonical_event,11771ed4469fb6e2,1,1,1,1.0,1
canonical_event,1522212495ccf9ec,2,1,2,0.5,2
canonical_event,7858b2a2a7ea2abf,1,1,1,1.0,1
canonical_event,40784c0cbb8f3e51,2,1,2,0.5,2
canonical_event,2c6686035f830421,1,1,1,1.0,1
canonical_event,dc350f3488cae7c1,1,1,1,1.0,1
canonical_event,b2e3c459d7654664,2,1,2,0.5,2
canonical_event,042204eb7593f8b0,2,1,2,0.5,2
canonical_event,a7e5112aad786d66,1,1,1,1.0,1
canonical_event,20a7ffce9e0fe065,1,1,1,1.0,1
canonical_event,7d873d82a8a948a0,1,1,1,1.0,1
canonical_event,2988f348f4435bca,1,1,1,1.0,1
canonical_event,38215274ba1fae2b,1,1,1,1.0,1
canonical_event,c811f0c8430fe96a,1,1,1,1.0,1
canonical_event,67b9f8b8624fece3,1,1,1,1.0,1
canonical_event,dc30deb4d37c0e6b,1,1,1,1.0,1
canonical_event,fabcf92eaf6ac5f6,1,1,1,1.0,1
canonical_event,a0beb2982c9493be,1,1,1,1.0,1
canonical_event,7a2fb37731f62df9,1,1,1,1.0,1
canonical_event,e7e04326d798111e,2,1,2,0.5,2
canonical_event,2ca98c024e3300d2,1,1,1,1.0,1
canonical_event,618a2cc7b855f760,1,1,1,1.0,1
canonical_event,0088ab8d5da322de,1,1,1,1.0,1
canonical_event,e159d1454766f555,1,1,1,1.0,1
canonical_event,883485f66719cb37,1,1,1,1.0,1
canonical_event,07e60c38b5035585,1,1,1,1.0,1
canonical_event,2de0fdc08156dd38,1,1,1,1.0,1
canonical_event,a74004f7f0cf5939,1,1,1,1.0,1
canonical_event,4e289c6f8c4953c0,1,1,1,1.0,1
canonical_event,db33d527ed5ed0c1,1,1,1,1.0,1
canonical_event,cddaaaccab6793e2,1,1,1,1.0,1
canonical_event,908daa90d20e5991,1,1,1,1.0,1
canonical_event,7a7a72ca838e0aff,1,1,1,1.0,1
canonical_event,f3eb166138b11038,2,1,2,0.5,2
canonical_event,12e0bfaee203b526,1,1,1,1.0,1
canonical_event,668a2f6c17d0da0e,1,1,1,1.0,1
canonical_event,2fff6cb1845933f1,1,1,1,1.0,1
canonical_event,5b718f6cda3ab876,1,1,1,1.0,1
canonical_event,4d6913fa163ed7ee,1,1,1,1.0,1
canonical_event,862dc58bdbcca2d8,1,1,1,1.0,1
canonical_event,7107dc35b4c80b0c,1,1,1,1.0,1
canonical_event,8494d351b190d759,1,1,1,1.0,1
canonical_event,8b734023e38e8d5e,1,1,1,1.0,1
canonical_event,61aa56d8c7aa26eb,1,1,1,1.0,1
canonical_event,97b8f1c1d903bcca,1,1,1,1.0,1
canonical_event,b70471c09ad6cb37,1,1,1,1.0,1
canonical_event,bcacb1633608e64a,1,1,1,1.0,1
canonical_event,a41549580ec268bd,1,1,1,1.0,1
canonical_event,46f8030cbe28ce12,1,1,1,1.0,1
canonical_event,06d3d10d4cd2813f,1,1,1,1.0,1
canonical_event,086a7ec09b1a4b6c,1,1,1,1.0,1
canonical_event,94a7a74a82bba93e,1,1,1,1.0,1
canonical_event,fccae05d7b958fb7,1,1,1,1.0,1
canonical_event,d892f66eb13547c7,1,1,1,1.0,1
canonical_event,424fa03b7db7f651,2,1,2,0.5,2
canonical_event,df038bff9b37eb39,1,1,1,1.0,1
canonical_event,90ba105bcc470d4f,1,1,1,1.0,1
canonical_event,603aa745ed29e238,2,1,2,0.5,2
canonical_event,c4efa521489d7ad8,1,1,1,1.0,1
canonical_event,62025abb956cecd6,1,1,1,1.0,1
canonical_event,ea6e6700e4c5d1ff,1,1,1,1.0,1
canonical_event,b576a1ab41deeae6,1,1,1,1.0,1
canonical_event,181a0c44cab231f3,2,1,2,0.5,2
canonical_event,6abc9edd2a9fed2a,1,1,1,1.0,1
canonical_event,e4d6ce396dff457a,2,1,2,0.5,2
canonical_event,0c10c50308631125,1,1,1,1.0,1
canonical_event,3bb1dba459493c8d,1,1,1,1.0,1
canonical_event,e59c29a88871ae7a,2,1,2,0.5,2
canonical_event,8667f0c48584452a,1,1,1,1.0,1
canonical_event,b15ea4d9b4cd7127,1,1,1,1.0,1
canonical_event,c839570e64df189d,1,1,1,1.0,1
canonical_event,c203caadefdf431f,1,1,1,1.0,1
canonical_event,252d82f0b7ebda75,1,1,1,1.0,1
canonical_event,42c7335eb68b3711,2,1,2,0.5,2
canonical_event,fbd7029612238e71,1,1,1,1.0,1
canonical_event,ac5a192def7d6ef0,1,1,1,1.0,1
canonical_event,a4ba75a535280691,2,1,2,0.5,2
canonical_event,3e3ca8ef3c9d0de9,1,1,1,1.0,1
canonical_event,e9bf339c92aa7074,1,1,1,1.0,1
canonical_event,5bb1230e121cc4bc,2,1,2,0.5,2
canonical_event,7e4f1775aa79b7ab,1,1,1,1.0,1
canonical_event,29517cfc42a0d188,1,1,1,1.0,1
canonical_event,7aa9026137bba875,2,1,2,0.5,2
canonical_event,ee22a6514162a6cd,2,1,2,0.5,2
canonical_event,19fd70f2b2d69cee,1,1,1,1.0,1
canonical_event,e26cc300d0ffc4fc,1,1,1,1.0,1
canonical_event,569fcbbc1741a1c1,1,1,1,1.0,1
canonical_event,1f610d171b8b5844,1,1,1,1.0,1
canonical_event,4b681bad760fd103,18,17,2,0.9444444444444444,11+
canonical_event,1e237e109b77f146,1,1,1,1.0,1
canonical_event,6e45390602b5ef1d,1,1,1,1.0,1
canonical_event,6c028040522a2a94,1,1,1,1.0,1
canonical_event,22aaa07896e9fe11,1,1,1,1.0,1
canonical_event,cc474160b4352a69,1,1,1,1.0,1
canonical_event,1c6caf40b22da42a,1,1,1,1.0,1
canonical_event,d783bdf927fe1edb,1,1,1,1.0,1
canonical_event,ba8a1331fc8bde5c,1,1,1,1.0,1
canonical_event,e9478108de4f7b40,1,1,1,1.0,1
canonical_event,ac98d2dcf44a5e82,1,1,1,1.0,1
canonical_event,0074bd95b447c396,2,1,2,0.5,2
canonical_event,c54b2caaa9048674,1,1,1,1.0,1
canonical_event,cf4010b162002a73,1,1,1,1.0,1
canonical_event,b021b07d90e4ed8d,1,1,1,1.0,1
canonical_event,3b0f3c4446927a7b,1,1,1,1.0,1
canonical_event,cf7b3d05c09eca64,2,1,2,0.5,2
canonical_event,eee3e10badf80714,1,1,1,1.0,1
canonical_event,648e73e83402aede,1,1,1,1.0,1
canonical_event,eebb15bb898acbcb,1,1,1,1.0,1
canonical_event,679b92e6fe539f38,4,2,2,0.5,3-5
canonical_event,ac8ebf0a6588d4f5,1,1,1,1.0,1
canonical_event,267ea653b84ac360,2,1,2,0.5,2
canonical_event,c6e099c1d6f4cb2e,1,1,1,1.0,1
canonical_event,fb3e5ce969aedab2,1,1,1,1.0,1
canonical_event,69900ce9a3a118e5,1,1,1,1.0,1
canonical_event,f002a7e612b92aac,1,1,1,1.0,1
canonical_event,7e44095827423555,1,1,1,1.0,1
canonical_event,5e5ef2b3a7263e4c,2,1,2,0.5,2
canonical_event,d12147b1b78d1de8,1,1,1,1.0,1
canonical_event,3802aac44e1b1284,1,1,1,1.0,1
canonical_event,d1c1f4cb19da58c6,1,1,1,1.0,1
canonical_event,bf811fbfe52a4b01,1,1,1,1.0,1
canonical_event,bbc06e5710fc81b7,1,1,1,1.0,1
canonical_event,e484f13ccb175a01,1,1,1,1.0,1
canonical_event,2fb9a608b85f9b2c,1,1,1,1.0,1
canonical_event,149d463653f3f32a,1,1,1,1.0,1
canonical_event,e73f8bb69246a0b7,2,1,2,0.5,2
canonical_event,795981b47694953e,1,1,1,1.0,1
canonical_event,f017e6fbfeb8d0c9,2,1,2,0.5,2
canonical_event,100e590dffc7110f,1,1,1,1.0,1
canonical_event,b3013f1ef1777fb5,2,1,2,0.5,2
canonical_event,2875cca2122fc0b8,1,1,1,1.0,1
canonical_event,72ce689e734a1a9f,1,1,1,1.0,1
canonical_event,5383c4ae404f2a18,1,1,1,1.0,1
canonical_event,d94bfef5c43bc7b9,1,1,1,1.0,1
canonical_event,bdf4c91f7bc58a96,1,1,1,1.0,1
canonical_event,b167220676beb0c6,1,1,1,1.0,1
canonical_event,17d646158d5e628c,1,1,1,1.0,1
canonical_event,f8aad60dd2a4df47,1,1,1,1.0,1
canonical_event,c952b6751300f0d4,1,1,1,1.0,1
canonical_event,5022c26f07fac83d,1,1,1,1.0,1
canonical_event,2ee2e261e1b53f26,1,1,1,1.0,1
canonical_event,3f9a9fb68d68b5c7,2,1,2,0.5,2
canonical_event,5afe5107233c7b58,1,1,1,1.0,1
canonical_event,f8ea2b8ecd5bf063,1,1,1,1.0,1
canonical_event,f5e38475c99a2e60,1,1,1,1.0,1
canonical_event,fb6402e858a39ab3,1,1,1,1.0,1
canonical_event,64e81411a407c64c,1,1,1,1.0,1
canonical_event,cd4b7eb558a26442,1,1,1,1.0,1
canonical_event,2df9778bf4f2951b,1,1,1,1.0,1
canonical_event,f473c5a4d287769e,1,1,1,1.0,1
canonical_event,93c1d9622562592a,1,1,1,1.0,1
canonical_event,690c83f712f7cef6,1,1,1,1.0,1
canonical_event,d64bdd550fe62dd8,1,1,1,1.0,1
canonical_event,a3c893827f51df0c,1,1,1,1.0,1
canonical_event,c29b568325d911eb,1,1,1,1.0,1
canonical_event,c344052eea615a29,1,1,1,1.0,1
canonical_event,6ae6e37428c8a390,1,1,1,1.0,1
canonical_event,6abfa79d7d2093e8,1,1,1,1.0,1
canonical_event,824526ad7c1f4d3b,1,1,1,1.0,1
canonical_event,bf267dbc5735857f,2,1,2,0.5,2
canonical_event,0769a2f859d55153,1,1,1,1.0,1
canonical_event,ee86852f62413ccb,1,1,1,1.0,1
canonical_event,74b21d65793ce02a,1,1,1,1.0,1
canonical_event,3c1b6772fad6bfa0,1,1,1,1.0,1
canonical_event,48704a1a17509880,1,1,1,1.0,1
canonical_event,f659f516903534a3,2,1,2,0.5,2
canonical_event,a43df93d892b96ab,2,1,2,0.5,2
canonical_event,c1a72e1614f17f65,1,1,1,1.0,1
canonical_event,948d2a3c2f1a5d4d,1,1,1,1.0,1
canonical_event,84be07dc42890589,1,1,1,1.0,1
canonical_event,a3a5a55cddd10c49,1,1,1,1.0,1
canonical_event,28b1529fd292fa3e,1,1,1,1.0,1
canonical_event,fa2ba14b4ac20f06,1,1,1,1.0,1
canonical_event,267de7b0c6a2ff91,1,1,1,1.0,1
canonical_event,396bbc6b2508b8b7,1,1,1,1.0,1
canonical_event,f463183cee7adc27,1,1,1,1.0,1
canonical_event,e4108ea797f2e1be,2,1,2,0.5,2
canonical_event,6b2e5e3b73611109,2,1,2,0.5,2
canonical_event,fe8d5134391c6417,1,1,1,1.0,1
canonical_event,3ed35efe8bf2357e,1,1,1,1.0,1
canonical_event,87d230c72c4a6b75,1,1,1,1.0,1
canonical_event,21df6601122e6a42,1,1,1,1.0,1
canonical_event,5affdee3d7a35f69,1,1,1,1.0,1
canonical_event,cebc03d3323d799d,1,1,1,1.0,1
canonical_event,00db1dfeb708f073,1,1,1,1.0,1
canonical_event,c9dac0c73480db18,1,1,1,1.0,1
canonical_event,1d355a6d1723a3e6,1,1,1,1.0,1
canonical_event,6fbc121b59b92681,1,1,1,1.0,1
canonical_event,9241e3c903643f32,1,1,1,1.0,1
canonical_event,636cfbd4e602503e,1,1,1,1.0,1
canonical_event,1957a260dd4655a5,1,1,1,1.0,1
canonical_event,98f6d2e86f97d63e,1,1,1,1.0,1
canonical_event,cff21c2fbdfd79db,1,1,1,1.0,1
canonical_event,c627549c2d8be946,1,1,1,1.0,1
canonical_event,e10b55f683409a84,1,1,1,1.0,1
canonical_event,c87950caac80c108,1,1,1,1.0,1
canonical_event,802b212aa09783c5,1,1,1,1.0,1
canonical_event,2621707f68a622ae,1,1,1,1.0,1
canonical_event,4b3a15b9189b6e4b,1,1,1,1.0,1
canonical_event,8c49692ccd70688e,1,1,1,1.0,1
canonical_event,6976f209589c5c87,1,1,1,1.0,1
canonical_event,2d40bc0565a383f7,2,1,2,0.5,2
canonical_event,cd900a6b57ade246,1,1,1,1.0,1
canonical_event,e29c002e311ba8e2,1,1,1,1.0,1
canonical_event,4ee20cb269e608a3,1,1,1,1.0,1
canonical_event,eb04e08bfb92675b,1,1,1,1.0,1
canonical_event,5979456de38129fc,1,1,1,1.0,1
canonical_event,eedf2fdf7bb46c4c,1,1,1,1.0,1
canonical_event,bde7ed2b535789b6,1,1,1,1.0,1
canonical_event,4e33cbcb57f9dc34,1,1,1,1.0,1
canonical_event,bc1756a8b144b413,1,1,1,1.0,1
canonical_event,928031fe314122e1,1,1,1,1.0,1
canonical_event,f795514bc8baa48c,1,1,1,1.0,1
canonical_event,18da811c89de4195,1,1,1,1.0,1
canonical_event,5e06e6539133d219,1,1,1,1.0,1
canonical_event,220c76da80c29921,1,1,1,1.0,1
canonical_event,1071a1b3b5dce5d3,1,1,1,1.0,1
canonical_event,f93ac86a1d27daa2,2,1,2,0.5,2
canonical_event,f1e9dc52d15d6b84,1,1,1,1.0,1
canonical_event,72a9dbf0a9a6f7a9,1,1,1,1.0,1
canonical_event,ad92157661d99302,1,1,1,1.0,1
canonical_event,d74da854d2baa3fc,1,1,1,1.0,1
canonical_event,caf7916db18df406,1,1,1,1.0,1
canonical_event,340c21d3cf1d535b,1,1,1,1.0,1
canonical_event,7e94ff777a3a8dc1,1,1,1,1.0,1
canonical_event,19fb7bacb8c92e72,1,1,1,1.0,1
canonical_event,faa9d291e2595f1c,1,1,1,1.0,1
canonical_event,ead56e4ac2d442a1,1,1,1,1.0,1
canonical_event,21c595bb71b446ff,2,1,2,0.5,2
canonical_event,be3b98fbc847d32d,1,1,1,1.0,1
canonical_event,03c7d6dfb8927a84,1,1,1,1.0,1
canonical_event,b468a7c4ba2f055d,1,1,1,1.0,1
canonical_event,36ca42f150bb46e8,1,1,1,1.0,1
canonical_event,83d4655e216136c5,1,1,1,1.0,1
canonical_event,63a5b9ff57e5344b,1,1,1,1.0,1
canonical_event,2364e95fd56e448c,1,1,1,1.0,1
canonical_event,66989035de60f37c,1,1,1,1.0,1
canonical_event,7c8953921877778b,1,1,1,1.0,1
canonical_event,e9e4ef11c3bc9171,2,1,2,0.5,2
canonical_event,0916734e439d1e7a,1,1,1,1.0,1
canonical_event,522df8dafd6c223d,1,1,1,1.0,1
canonical_event,49a9f98e20a3240d,1,1,1,1.0,1
canonical_event,43fdfd5f3d028021,1,1,1,1.0,1
canonical_event,175c3ac1261107cb,1,1,1,1.0,1
canonical_event,52a307244a99da0b,1,1,1,1.0,1
canonical_event,8e0293da9567daf6,1,1,1,1.0,1
canonical_event,94daa35c28815a91,1,1,1,1.0,1
canonical_event,4bb1862a6f899fbc,1,1,1,1.0,1
canonical_event,0559740d55989a66,1,1,1,1.0,1
canonical_event,d42f01665aa92b41,2,1,2,0.5,2
canonical_event,08b337b6c4bfe84b,1,1,1,1.0,1
canonical_event,3874dd326e383923,1,1,1,1.0,1
canonical_event,dcc98741df79e6d0,1,1,1,1.0,1
canonical_event,96df089b3c4c8653,1,1,1,1.0,1
canonical_event,1ae5e550c3be5ba3,1,1,1,1.0,1
canonical_event,cb9119bea76ef849,1,1,1,1.0,1
canonical_event,b7cced43c3cc865f,1,1,1,1.0,1
canonical_event,eb280f72ab1c52d7,1,1,1,1.0,1
canonical_event,d4b37d1a0274532f,2,1,2,0.5,2
canonical_event,a5ff5da018fca5b3,2,1,2,0.5,2
canonical_event,82ece76b27359aab,1,1,1,1.0,1
canonical_event,f5d54f37277c7299,1,1,1,1.0,1
canonical_event,8f128c1c67cd8acc,1,1,1,1.0,1
canonical_event,2de6ce9b006b5502,1,1,1,1.0,1
canonical_event,d455ee5ffb0778af,1,1,1,1.0,1
canonical_event,eb1a4fc255946e03,1,1,1,1.0,1
canonical_event,6b5ab707ac10a708,1,1,1,1.0,1
canonical_event,37519cc98b52c0b9,1,1,1,1.0,1
canonical_event,3db50582ac4e2861,1,1,1,1.0,1
canonical_event,2dab8cdaf152a4b5,1,1,1,1.0,1
canonical_event,499e6190773b701d,1,1,1,1.0,1
canonical_event,a0bf7ed7528cdcc2,1,1,1,1.0,1
canonical_event,3c9e7c66c20f5cdc,1,1,1,1.0,1
canonical_event,7217c0dbe640b75f,1,1,1,1.0,1
canonical_event,1f077c3b8115e90b,1,1,1,1.0,1
canonical_event,e0cc63e0a833fc16,2,1,2,0.5,2
canonical_event,241fa93111e428a0,1,1,1,1.0,1
canonical_event,d0bd2f9ab54b2ea2,1,1,1,1.0,1
canonical_event,997d24e641cb4523,1,1,1,1.0,1
canonical_event,ac6ba6b81101a004,1,1,1,1.0,1
canonical_event,5b34d304c7f9ed14,1,1,1,1.0,1
canonical_event,cfe82ccb21cab952,1,1,1,1.0,1
canonical_event,8464d84097646f13,1,1,1,1.0,1
canonical_event,d88f90f235ed3f73,1,1,1,1.0,1
canonical_event,28e1bbcc27dde2fc,1,1,1,1.0,1
canonical_event,12b2ad4f3887f985,1,1,1,1.0,1
canonical_event,6f266b2d951d3415,1,1,1,1.0,1
canonical_event,ace1ab8a20985576,1,1,1,1.0,1
canonical_event,3a66a38914f704c6,1,1,1,1.0,1
canonical_event,3c4af4feabc3d3ce,1,1,1,1.0,1
canonical_event,2348bd58b3246fa1,1,1,1,1.0,1
canonical_event,3a7f8017826b78d8,1,1,1,1.0,1
canonical_event,e78662d9cfe4b378,2,1,2,0.5,2
canonical_event,a083bea865f5140d,1,1,1,1.0,1
canonical_event,b22b2d157ac08532,1,1,1,1.0,1
canonical_event,98ce18222d948bc1,1,1,1,1.0,1
canonical_event,192166774504fb35,1,1,1,1.0,1
canonical_event,7dbbf2344394433f,2,1,2,0.5,2
canonical_event,15aaef2510fe8447,1,1,1,1.0,1
canonical_event,1731cba00cd91ae5,1,1,1,1.0,1
canonical_event,f207ba851e5711f5,1,1,1,1.0,1
canonical_event,3bc2f84547eec5c0,2,1,2,0.5,2
canonical_event,f4ed9fabd26a532c,2,1,2,0.5,2
canonical_event,4b4cce72b4d4a953,1,1,1,1.0,1
canonical_event,32d32fc947320cfd,1,1,1,1.0,1
canonical_event,3a6ef4042199c46f,1,1,1,1.0,1
canonical_event,75d055403aa9ee1b,1,1,1,1.0,1
canonical_event,da39da34a341c3ea,1,1,1,1.0,1
canonical_event,474b8b61f2775680,1,1,1,1.0,1
canonical_event,d4cf757f60233ab3,1,1,1,1.0,1
canonical_event,9d036f10c2cd9eab,1,1,1,1.0,1
canonical_event,c9a5d6c554551911,1,1,1,1.0,1
canonical_event,4bf8bc884ab12f99,1,1,1,1.0,1
canonical_event,d55dd57f7b0dfacf,1,1,1,1.0,1
canonical_event,122f3cec23e4cab5,1,1,1,1.0,1
canonical_event,590a6ca34d42cfce,1,1,1,1.0,1
canonical_event,ffe4ea2ad0309d24,1,1,1,1.0,1
canonical_event,aac5f2d912d9d4a6,1,1,1,1.0,1
canonical_event,2811e948e0945c92,1,1,1,1.0,1
canonical_event,a48dcc9a6a3ef4ce,1,1,1,1.0,1
canonical_event,4da55acacf84d166,1,1,1,1.0,1
canonical_event,215d370d1924b030,1,1,1,1.0,1
canonical_event,d7fdf12f81db8e72,2,1,2,0.5,2
canonical_event,49d3967d2b640ce4,1,1,1,1.0,1
canonical_event,5e973cb766083e91,1,1,1,1.0,1
canonical_event,db1805a9ab1a2134,1,1,1,1.0,1
canonical_event,37917d9df460d352,2,1,2,0.5,2
canonical_event,cf1f3048f066d52f,1,1,1,1.0,1
canonical_event,50d6bab97f9bc2f7,1,1,1,1.0,1
canonical_event,491c0bd903a42d64,1,1,1,1.0,1
canonical_event,0c7dffac9cdfdf84,1,1,1,1.0,1
canonical_event,64ccf06b9d9aaba2,2,1,2,0.5,2
canonical_event,8d3c498a9cb4e781,2,1,2,0.5,2
canonical_event,44d57cc57ccf8395,1,1,1,1.0,1
canonical_event,885ab7cf0bec2195,1,1,1,1.0,1
canonical_event,aaad927a11c4944e,2,1,2,0.5,2
canonical_event,b3d3cef14dad3b2d,2,1,2,0.5,2
canonical_event,9fef436c10794c8d,1,1,1,1.0,1
canonical_event,3c9e042bd8d553b6,1,1,1,1.0,1
canonical_event,f98b60d13c988fba,2,1,2,0.5,2
canonical_event,1fd170599565e436,1,1,1,1.0,1
canonical_event,3e17ec0ad71ac546,1,1,1,1.0,1
canonical_event,b80fd74d33eabc00,1,1,1,1.0,1
canonical_event,ceba69c4486dfe7a,2,1,2,0.5,2
canonical_event,c982bf9d4e8bf219,1,1,1,1.0,1
canonical_event,4242540f078de5ea,1,1,1,1.0,1
canonical_event,f9ae18c8d713a8c9,1,1,1,1.0,1
canonical_event,81ec62845ee9baa2,1,1,1,1.0,1
canonical_event,48db58ff20f85195,1,1,1,1.0,1
canonical_event,47e1055c7ffd2f92,1,1,1,1.0,1
canonical_event,c3092517fece2ec8,1,1,1,1.0,1
canonical_event,73a6e0c0c7f1bb81,1,1,1,1.0,1
canonical_event,d9f39482bce402e0,1,1,1,1.0,1
canonical_event,04d4c1630988c8a3,1,1,1,1.0,1
canonical_event,7e636c51d9d0226f,1,1,1,1.0,1
canonical_event,85f6dda224157bff,1,1,1,1.0,1
canonical_event,87c95d68ae4ec8fd,1,1,1,1.0,1
canonical_event,2a3fa75e14607252,1,1,1,1.0,1
canonical_event,8527e8e2cd700d70,1,1,1,1.0,1
canonical_event,f4b74a333e35107d,1,1,1,1.0,1
canonical_event,d3f54c98d705a8dd,1,1,1,1.0,1
canonical_event,1b81d027d0ba002e,1,1,1,1.0,1
canonical_event,d25c0837fddbaf2c,1,1,1,1.0,1
canonical_event,6669691832385c88,2,1,2,0.5,2
canonical_event,110352d9be80a6b7,2,1,2,0.5,2
canonical_event,737b94a2070dd7d9,1,1,1,1.0,1
canonical_event,e9007674b5717ab1,1,1,1,1.0,1
canonical_event,bab11e4bf642bb56,1,1,1,1.0,1
canonical_event,0c6f2929dce06d9d,1,1,1,1.0,1
canonical_event,057d50c7ec27e342,1,1,1,1.0,1
canonical_event,3645981c4123790f,1,1,1,1.0,1
canonical_event,0e12f87f54e8920f,1,1,1,1.0,1
canonical_event,9ef35925885399fc,1,1,1,1.0,1
canonical_event,f0d5ea311fa77c9c,1,1,1,1.0,1
canonical_event,3a9de7f2b5e4e809,1,1,1,1.0,1
canonical_event,66a77609709296d7,2,1,2,0.5,2
canonical_event,3380e50db1e1d62e,1,1,1,1.0,1
canonical_event,7586bef16e9ff79d,1,1,1,1.0,1
canonical_event,4dcf0bad05463f63,1,1,1,1.0,1
canonical_event,9e94b62dd157eaf4,1,1,1,1.0,1
canonical_event,d5d366bd1a4b4058,1,1,1,1.0,1
canonical_event,fdcb50d5b6e5f6f3,1,1,1,1.0,1
canonical_event,1b4a09ac9ff8a1ff,1,1,1,1.0,1
canonical_event,77cc650cf2c8f53c,1,1,1,1.0,1
canonical_event,798d645cf5ad1721,1,1,1,1.0,1
canonical_event,9e7c217c36eac245,1,1,1,1.0,1
canonical_event,b8d74b7ae36a738e,1,1,1,1.0,1
canonical_event,541d900ab49cebc1,1,1,1,1.0,1
canonical_event,10c54847eff3f10c,2,1,2,0.5,2
canonical_event,bb8c5aa6a5a2fb22,1,1,1,1.0,1
canonical_event,f1b4135df51407f2,1,1,1,1.0,1
canonical_event,bc9c2315714ada7f,1,1,1,1.0,1
canonical_event,484adc882061e475,1,1,1,1.0,1
canonical_event,581b37ee089c6878,1,1,1,1.0,1
canonical_event,ff935dde5b0de858,1,1,1,1.0,1
canonical_event,8e436daea7716cdd,2,1,2,0.5,2
canonical_event,298954141c1e09da,1,1,1,1.0,1
canonical_event,c353d74532f38c43,1,1,1,1.0,1
canonical_event,4bc6b49b16936e83,2,1,2,0.5,2
canonical_event,3c1b51b58cd6b6da,1,1,1,1.0,1
canonical_event,9c6e1828a704c920,1,1,1,1.0,1
canonical_event,13bcf5a408304d3d,1,1,1,1.0,1
canonical_event,839aff3e5629bea1,1,1,1,1.0,1
canonical_event,18394c5dfdd432f8,1,1,1,1.0,1
canonical_event,e4613543d9203f95,1,1,1,1.0,1
canonical_event,0725f4197c26290c,1,1,1,1.0,1
canonical_event,99c078049487982c,1,1,1,1.0,1
canonical_event,7000ac0dfd321799,1,1,1,1.0,1
canonical_event,2cee1e518bec6924,1,1,1,1.0,1
canonical_event,a3bafa09efa53fac,1,1,1,1.0,1
canonical_event,329450df56d77dee,1,1,1,1.0,1
canonical_event,b53f7e268ca832e2,1,1,1,1.0,1
canonical_event,ec65d5fd062d2f4e,2,1,2,0.5,2
canonical_event,5914de51d164763b,1,1,1,1.0,1
canonical_event,48217c3c39c28253,1,1,1,1.0,1
canonical_event,8182f011d6c9bd94,1,1,1,1.0,1
canonical_event,70498cf39b1f6e78,1,1,1,1.0,1
canonical_event,24d4b6da060ec7a3,1,1,1,1.0,1
canonical_event,188091021d0391fb,1,1,1,1.0,1
canonical_event,27c8d1d81517077b,1,1,1,1.0,1
canonical_event,5687020ea326e1d0,1,1,1,1.0,1
canonical_event,d15cf7322db3db44,2,1,2,0.5,2
canonical_event,4160afd19af693ad,1,1,1,1.0,1
canonical_event,6330f681fbba108a,1,1,1,1.0,1
canonical_event,f21be9476f47fb8b,1,1,1,1.0,1
canonical_event,49dada0f35178278,2,1,2,0.5,2
canonical_event,bc559ce6c90fcb14,1,1,1,1.0,1
canonical_event,82c7fd35ad264d35,1,1,1,1.0,1
canonical_event,5336363e7277e832,1,1,1,1.0,1
canonical_event,39a6c77cbc3a4b40,1,1,1,1.0,1
canonical_event,5ca74bcf04828b2e,1,1,1,1.0,1
canonical_event,847effa2551d8b78,1,1,1,1.0,1
canonical_event,e88ebaf9d7c4c52f,1,1,1,1.0,1
canonical_event,081ff004baa2772f,1,1,1,1.0,1
canonical_event,8021bb6afcc4fa7e,1,1,1,1.0,1
canonical_event,191590f060889dc9,1,1,1,1.0,1
canonical_event,f593ad84db099182,1,1,1,1.0,1
canonical_event,01b35427f325c7c7,1,1,1,1.0,1
canonical_event,03ff3f340ffb4efc,1,1,1,1.0,1
canonical_event,6e615809c4cd2509,1,1,1,1.0,1
canonical_event,1050ef6ecd8866c3,1,1,1,1.0,1
canonical_event,7b654b8035fb2c9f,1,1,1,1.0,1
canonical_event,a44ab2c60123b059,1,1,1,1.0,1
canonical_event,81c97ef274224938,1,1,1,1.0,1
canonical_event,f4153701c61d48ef,1,1,1,1.0,1
canonical_event,41e73827d96864d6,1,1,1,1.0,1
canonical_event,7feb0c8417cf1536,1,1,1,1.0,1
canonical_event,027fe85d9296be98,1,1,1,1.0,1
canonical_event,5b983c135189797f,1,1,1,1.0,1
canonical_event,672b7eb557c502ff,1,1,1,1.0,1
canonical_event,5c2646314994a690,1,1,1,1.0,1
canonical_event,cf415f1fa844b3a1,1,1,1,1.0,1
canonical_event,6cd843959ddc88ba,1,1,1,1.0,1
canonical_event,dd3fe0ba1588e459,1,1,1,1.0,1
canonical_event,11d3de9da50649c9,1,1,1,1.0,1
canonical_event,827283c413550870,1,1,1,1.0,1
canonical_event,fa6e321e674a846d,1,1,1,1.0,1
canonical_event,a970bd3508b1b0e1,1,1,1,1.0,1
canonical_event,f32656d979c68dbb,1,1,1,1.0,1
canonical_event,505ce7bb3220818a,1,1,1,1.0,1
canonical_event,d7a412568ce60e36,1,1,1,1.0,1
canonical_event,5a7484dd93f35fab,1,1,1,1.0,1
canonical_event,0f4c45081d5dc950,1,1,1,1.0,1
canonical_event,5e4a99560475af34,1,1,1,1.0,1
canonical_event,9c58f8cebfebac5c,1,1,1,1.0,1
canonical_event,1eb119f0529db499,1,1,1,1.0,1
canonical_event,bf40cbdd8e684434,2,1,2,0.5,2
canonical_event,07bc460f8f384da7,1,1,1,1.0,1
canonical_event,b2fba973ca1c55fc,1,1,1,1.0,1
canonical_event,cc1d6b5cf77eec6d,1,1,1,1.0,1
canonical_event,8faa49f005446d8f,1,1,1,1.0,1
canonical_event,5d901fbd9de5b6d6,1,1,1,1.0,1
canonical_event,e29eabe21bc45c71,1,1,1,1.0,1
canonical_event,2a426796acb1f1d5,1,1,1,1.0,1
canonical_event,a01c8708d5ca6995,1,1,1,1.0,1
canonical_event,b46884590ae4405c,1,1,1,1.0,1
canonical_event,3dda772d9843d7c9,1,1,1,1.0,1
canonical_event,a5bd51439ed633b6,1,1,1,1.0,1
canonical_event,db05e293038142c4,1,1,1,1.0,1
canonical_event,68c3c4dbeb45fb6a,1,1,1,1.0,1
canonical_event,0c56cc44ddb2a4fe,1,1,1,1.0,1
canonical_event,aaddf89c6d3dd786,1,1,1,1.0,1
canonical_event,a6c15c5cd69ee125,1,1,1,1.0,1
canonical_event,520d28cff2fb1a79,1,1,1,1.0,1
canonical_event,69eacd248b487908,2,1,2,0.5,2
canonical_event,b1b9481f2ed74995,1,1,1,1.0,1
canonical_event,5e948f1bed47e97d,1,1,1,1.0,1
canonical_event,2d741cb8037d3049,1,1,1,1.0,1
canonical_event,566acd37d45f6d1c,1,1,1,1.0,1
canonical_event,a9cac8c33eda0b40,1,1,1,1.0,1
canonical_event,2c3a037fe5aab97d,1,1,1,1.0,1
canonical_event,c1fe10d4255b7a45,1,1,1,1.0,1
canonical_event,81d275b86c2a6791,1,1,1,1.0,1
canonical_event,2835deff9bd26ae4,1,1,1,1.0,1
canonical_event,2599b0e231f549bf,1,1,1,1.0,1
canonical_event,b6ed982fab18f828,1,1,1,1.0,1
canonical_event,5c617ef5c8f62a00,1,1,1,1.0,1
canonical_event,5e22f376c450ff86,1,1,1,1.0,1
canonical_event,96494c54f6977d50,1,1,1,1.0,1
canonical_event,9b1a80aca8dc5406,1,1,1,1.0,1
canonical_event,27238688039f08e1,1,1,1,1.0,1
canonical_event,bcdbba342dbe51ac,1,1,1,1.0,1
canonical_event,5bea50c613cd52d0,1,1,1,1.0,1
canonical_event,d2c1b9f4e3548578,1,1,1,1.0,1
canonical_event,406a04519e672cf7,2,1,2,0.5,2
canonical_event,65b9d1715068815a,1,1,1,1.0,1
canonical_event,2e6a93c2fb0ab2ea,1,1,1,1.0,1
canonical_event,0a100bf80d7e2c45,1,1,1,1.0,1
canonical_event,4f097bcdc94fac8e,1,1,1,1.0,1
canonical_event,1f5c67eadd0bc597,1,1,1,1.0,1
canonical_event,3a41e2977b3a19dc,2,1,2,0.5,2
canonical_event,57f623616f3e544f,2,1,2,0.5,2
canonical_event,adde12f3a54e1216,1,1,1,1.0,1
canonical_event,fc0a96b275a4a4c0,1,1,1,1.0,1
canonical_event,a273bd27c3b41473,1,1,1,1.0,1
canonical_event,c55f86fb7c5bacb9,1,1,1,1.0,1
canonical_event,f07cde090084742b,1,1,1,1.0,1
canonical_event,245c2fa56b5870ea,2,1,2,0.5,2
canonical_event,32e4430dd41fed8c,1,1,1,1.0,1
canonical_event,de408dbf02e9605c,1,1,1,1.0,1
canonical_event,c815a36ad04b0431,1,1,1,1.0,1
canonical_event,d8c5e7d1a892e4d7,1,1,1,1.0,1
canonical_event,185576f47f7700e9,1,1,1,1.0,1
canonical_event,162f4957973c8d26,2,1,2,0.5,2
canonical_event,857579fd164fdd98,1,1,1,1.0,1
canonical_event,75ce0b4f498765ec,1,1,1,1.0,1
canonical_event,e71167dbc14e30ca,1,1,1,1.0,1
canonical_event,10681c8dc6b76bbe,1,1,1,1.0,1
canonical_event,8157cfce4424be5a,1,1,1,1.0,1
canonical_event,9f0f20826eebfb2d,1,1,1,1.0,1
canonical_event,8d6abcafc36029eb,1,1,1,1.0,1
canonical_event,2324be96c581f92b,1,1,1,1.0,1
canonical_event,4f2e6948afe4f032,1,1,1,1.0,1
canonical_event,d7427e657fd6cc58,1,1,1,1.0,1
canonical_event,8b40b3af5b7dd2a6,1,1,1,1.0,1
canonical_event,1045a41ead79e0cd,1,1,1,1.0,1
canonical_event,72b48344e480d630,1,1,1,1.0,1
canonical_event,9874be8cc26d2cc3,1,1,1,1.0,1
canonical_event,5749153625168425,2,1,2,0.5,2
canonical_event,aa98e8b51e4ec458,2,1,2,0.5,2
canonical_event,e900ca2700290031,1,1,1,1.0,1
canonical_event,284a454fe6ccdbef,1,1,1,1.0,1
canonical_event,8961166e8ef6a5a1,1,1,1,1.0,1
canonical_event,ec1aa89a53c7f909,1,1,1,1.0,1
canonical_event,a81fdd54207e8df3,1,1,1,1.0,1
canonical_event,fd2df7198d19b5e6,1,1,1,1.0,1
canonical_event,ef98255aeace5c8d,1,1,1,1.0,1
canonical_event,4a7a8621ae965925,2,1,2,0.5,2
canonical_event,d3a977abbec85e05,1,1,1,1.0,1
canonical_event,db15d849e2a9c3c5,1,1,1,1.0,1
canonical_event,dbca68841d11ac00,1,1,1,1.0,1
canonical_event,099cec1016f3e2d6,1,1,1,1.0,1
canonical_event,aad871c98f5b2afa,1,1,1,1.0,1
canonical_event,bd9a6ad9ecb223a3,1,1,1,1.0,1
canonical_event,93f45794cb2aa841,1,1,1,1.0,1
canonical_event,d8d4dc49904ca563,1,1,1,1.0,1
canonical_event,3dbd93d5d8aae4d3,1,1,1,1.0,1
canonical_event,192a02e24972bdc2,1,1,1,1.0,1
canonical_event,55a95feedae235a0,1,1,1,1.0,1
canonical_event,8222ec2ae10ae5c0,2,1,2,0.5,2
canonical_event,aa488af183efbcd5,1,1,1,1.0,1
canonical_event,80279634ec822977,1,1,1,1.0,1
canonical_event,d414f5590b08fe38,1,1,1,1.0,1
canonical_event,7f5f2a2a23afc316,1,1,1,1.0,1
canonical_event,29b8bc60b191a331,1,1,1,1.0,1
canonical_event,da8c7e5381b51acd,1,1,1,1.0,1
canonical_event,386d10ae617bba0d,2,1,2,0.5,2
canonical_event,8eb8a6c5d0304f86,1,1,1,1.0,1
canonical_event,5473768102a38827,1,1,1,1.0,1
canonical_event,da72ce14d7432b7f,1,1,1,1.0,1
canonical_event,e7c8d253b4bcad28,1,1,1,1.0,1
canonical_event,08485f8e6dcfc3ad,1,1,1,1.0,1
canonical_event,773506217d412f2c,1,1,1,1.0,1
canonical_event,bac4532021c10e68,1,1,1,1.0,1
canonical_event,062693dd7312076e,1,1,1,1.0,1
canonical_event,74cc5db0b14e61d1,1,1,1,1.0,1
canonical_event,80f036c3067b67ed,2,1,2,0.5,2
canonical_event,111c9d181990664d,1,1,1,1.0,1
canonical_event,87f713312ba03a84,2,1,2,0.5,2
canonical_event,463499be6897b86d,1,1,1,1.0,1
canonical_event,88f13321c0476590,1,1,1,1.0,1
canonical_event,263f7f1fab8e9764,1,1,1,1.0,1
canonical_event,3622d8ad006f1977,1,1,1,1.0,1
canonical_event,ff11ecc7d347cc94,1,1,1,1.0,1
canonical_event,3aeb55250d80212b,1,1,1,1.0,1
canonical_event,5f171e6fc72ceb39,2,1,2,0.5,2
canonical_event,09e5221e93d5ff88,1,1,1,1.0,1
canonical_event,f158be82570031da,1,1,1,1.0,1
canonical_event,1f74a40db64a62da,1,1,1,1.0,1
canonical_event,fa992aae236a0c00,1,1,1,1.0,1
canonical_event,e2c5b77c42d9000d,1,1,1,1.0,1
canonical_event,0f5215a24608fb5c,1,1,1,1.0,1
canonical_event,768746ec1194811f,1,1,1,1.0,1
canonical_event,86c27a7074417e4d,1,1,1,1.0,1
canonical_event,5087c005e3b332db,1,1,1,1.0,1
canonical_event,40fb793e9f3bea82,1,1,1,1.0,1
canonical_event,136a24086bcfeece,1,1,1,1.0,1
canonical_event,f25a84b65a742be5,2,1,2,0.5,2
canonical_event,0649e79b5d369c3b,1,1,1,1.0,1
canonical_event,633912c4cc3b37ea,1,1,1,1.0,1
canonical_event,d6a757dff0e865ab,1,1,1,1.0,1
canonical_event,3299fa2b430a9466,1,1,1,1.0,1
canonical_event,2c5c24bdaf784c44,2,1,2,0.5,2
canonical_event,aea599d46601aef4,1,1,1,1.0,1
canonical_event,31498af51fb3d496,1,1,1,1.0,1
canonical_event,fa8400542ff262a9,1,1,1,1.0,1
canonical_event,367a75aa1a46fc60,2,1,2,0.5,2
canonical_event,c9dd66454697bdd6,1,1,1,1.0,1
canonical_event,3acbdc1a2a14a2b9,1,1,1,1.0,1
canonical_event,547235ed8f30b6bf,2,1,2,0.5,2
canonical_event,35a4b3432e589e06,1,1,1,1.0,1
canonical_event,ce30795fe0a6996c,1,1,1,1.0,1
canonical_event,602b783d866d6879,1,1,1,1.0,1
canonical_event,5946d5b157f4969b,1,1,1,1.0,1
canonical_event,c092b91475081309,1,1,1,1.0,1
canonical_event,ca509ef81f4a922e,1,1,1,1.0,1
canonical_event,0e2f68afd1a9e302,2,1,2,0.5,2
canonical_event,780451c51e67cd08,1,1,1,1.0,1
canonical_event,7781ea530c6d0fd9,1,1,1,1.0,1
canonical_event,cb2f6a16759ca2fe,1,1,1,1.0,1
canonical_event,c01b99491793c4f2,1,1,1,1.0,1
canonical_event,5ae2706a3dbc7aa7,3,3,1,1.0,3-5
canonical_event,5fa6a1ad65abcc6e,2,1,2,0.5,2
canonical_event,9a0eb94ae888103c,1,1,1,1.0,1
canonical_event,25b9764df16fe89b,1,1,1,1.0,1
canonical_event,3f606cf419dc44e2,2,1,2,0.5,2
canonical_event,c8a4707dc145a517,1,1,1,1.0,1
canonical_event,b6b1c50c5ae7e48b,1,1,1,1.0,1
canonical_event,0a963cca2b77fe1b,1,1,1,1.0,1
canonical_event,2e0fe0328ce278d4,1,1,1,1.0,1
canonical_event,8a1e488f11f0bb4c,1,1,1,1.0,1
canonical_event,c7a3226d8eda644c,2,1,2,0.5,2
canonical_event,c8c7448208bad132,1,1,1,1.0,1
canonical_event,b8b5d50d2235ca4e,1,1,1,1.0,1
canonical_event,887b43f15c570090,1,1,1,1.0,1
canonical_event,ce0770d0348196e4,2,1,2,0.5,2
canonical_event,73e399dd7b5c8d77,1,1,1,1.0,1
canonical_event,9d418df458680d94,1,1,1,1.0,1
canonical_event,c23a03a271f3a8fa,2,1,2,0.5,2
canonical_event,38a4ed62c7512483,1,1,1,1.0,1
canonical_event,72c954100807671a,1,1,1,1.0,1
canonical_event,7dc76362e5fe69ba,1,1,1,1.0,1
canonical_event,1c6eafb48078dd01,1,1,1,1.0,1
canonical_event,25a0d34bcf3ad68a,2,1,2,0.5,2
canonical_event,78ad013efaf6a356,1,1,1,1.0,1
canonical_event,e320c58b1edd31bf,1,1,1,1.0,1
canonical_event,59829207b25d6137,1,1,1,1.0,1
canonical_event,e114fabea71fcfa6,1,1,1,1.0,1
canonical_event,cf173cd9f5d05890,1,1,1,1.0,1
canonical_event,96f161b9721182e9,1,1,1,1.0,1
canonical_event,d790049cd582f1fc,1,1,1,1.0,1
canonical_event,6475c6d8d05406c2,2,1,2,0.5,2
canonical_event,123fb0372453cc42,1,1,1,1.0,1
canonical_event,19cded13fe25d0ab,1,1,1,1.0,1
canonical_event,0852ee896c40811c,1,1,1,1.0,1
canonical_event,39a410a76de94177,2,1,2,0.5,2
canonical_event,3fee5615b761babe,1,1,1,1.0,1
canonical_event,ffbb75dc5b924da0,2,1,2,0.5,2
canonical_event,309294e380ba6df4,2,1,2,0.5,2
canonical_event,fec3237f385b03fb,1,1,1,1.0,1
canonical_event,7745930f3e85478e,1,1,1,1.0,1
canonical_event,942c2c0e721a4bff,1,1,1,1.0,1
canonical_event,7a269afa612c9801,1,1,1,1.0,1
canonical_event,7d73cb8ff5e38648,1,1,1,1.0,1
canonical_event,73c145bf9ed7fa97,1,1,1,1.0,1
canonical_event,efa15f974ede7608,1,1,1,1.0,1
canonical_event,b0321bebd0c1471c,1,1,1,1.0,1
canonical_event,e688a33de9b6d5dc,1,1,1,1.0,1
canonical_event,7bde36a7e2da9c9a,1,1,1,1.0,1
canonical_event,3b8054f66ce504cd,1,1,1,1.0,1
canonical_event,6bc217175624cb0f,1,1,1,1.0,1
canonical_event,635000fd3406586c,1,1,1,1.0,1
canonical_event,b8f095545b6f5064,1,1,1,1.0,1
canonical_event,a9ccef6b0c84d745,1,1,1,1.0,1
canonical_event,30fdc8812bd833f0,1,1,1,1.0,1
canonical_event,d570b19925ac7b42,1,1,1,1.0,1
canonical_event,dee0e2eff985495f,1,1,1,1.0,1
canonical_event,cd3e7ab0481eb2cd,1,1,1,1.0,1
canonical_event,ad9eb6592767352e,1,1,1,1.0,1
canonical_event,d2498c0217d72b92,1,1,1,1.0,1
canonical_event,812f2df3fee17005,1,1,1,1.0,1
canonical_event,57fcabd321583180,1,1,1,1.0,1
canonical_event,f2590bc8bb18ec7c,1,1,1,1.0,1
canonical_event,071df40aea2b4d64,1,1,1,1.0,1
canonical_event,8bb35f9536cb1961,1,1,1,1.0,1
canonical_event,a162955a36145f7d,1,1,1,1.0,1
canonical_event,6b08866a9cb9e5f8,1,1,1,1.0,1
canonical_event,771ef14cc04a0874,2,1,2,0.5,2
canonical_event,ed7e4bb4f33a48ec,1,1,1,1.0,1
canonical_event,44132a9f998cdc89,1,1,1,1.0,1
canonical_event,d40a6130bb50c56a,1,1,1,1.0,1
canonical_event,5fd4c1d509829f33,1,1,1,1.0,1
canonical_event,dbc5b552f242f2f0,2,1,2,0.5,2
canonical_event,64b280e2dd2e8c12,2,1,2,0.5,2
canonical_event,e4ff6e5f5b33b4b7,1,1,1,1.0,1
canonical_event,cabce04f136a1181,1,1,1,1.0,1
canonical_event,3e8e1c3253db9277,1,1,1,1.0,1
canonical_event,04ca830f2fdfe5c4,2,1,2,0.5,2
canonical_event,5be099d5f4350d22,1,1,1,1.0,1
canonical_event,77c5eecd6137e821,1,1,1,1.0,1
canonical_event,f718c4a5638d5424,2,1,2,0.5,2
canonical_event,fc1bd800e7a84623,1,1,1,1.0,1
canonical_event,9bd0b9b50f0631b9,1,1,1,1.0,1
canonical_event,7a4d24c52126fbe9,1,1,1,1.0,1
canonical_event,a72bac652957051c,1,1,1,1.0,1
canonical_event,8d9150ca4325967d,1,1,1,1.0,1
canonical_event,830aa7c4359787ad,1,1,1,1.0,1
canonical_event,22fdbedf1ad394d5,1,1,1,1.0,1
canonical_event,4e24263444a9a5cc,1,1,1,1.0,1
canonical_event,51e77168533be76b,1,1,1,1.0,1
canonical_event,c7f8b4a156280aa0,1,1,1,1.0,1
canonical_event,0d204ff4fb45d235,1,1,1,1.0,1
canonical_event,95bb508c6bfeaf65,1,1,1,1.0,1
canonical_event,b668d93f1613e4f6,1,1,1,1.0,1
canonical_event,dc6e958eb4bcc1e3,1,1,1,1.0,1
canonical_event,8584fd98024c5c7d,1,1,1,1.0,1
canonical_event,3a1956555eec9433,1,1,1,1.0,1
canonical_event,4b2017ebbe5b6fab,1,1,1,1.0,1
canonical_event,6ecd6c0d30fda11e,1,1,1,1.0,1
canonical_event,f5b6c65254c3c4fd,1,1,1,1.0,1
canonical_event,eb58bc2d93fb34f6,1,1,1,1.0,1
canonical_event,e587fce1a8a2e9b6,1,1,1,1.0,1
canonical_event,cbc0453709db1a1c,1,1,1,1.0,1
canonical_event,ffab37da7eb226f3,1,1,1,1.0,1
canonical_event,64d9af7680adc2fb,1,1,1,1.0,1
canonical_event,110c6925841dcf96,1,1,1,1.0,1
canonical_event,0f1c98027d4beaed,1,1,1,1.0,1
canonical_event,b28eab2204670b3d,1,1,1,1.0,1
canonical_event,44745ede68f6a163,1,1,1,1.0,1
canonical_event,b781e77864897c0b,1,1,1,1.0,1
canonical_event,69edc82ad886c63d,1,1,1,1.0,1
canonical_event,ec8fef1ec101b05a,1,1,1,1.0,1
canonical_event,c6c43eea9e0870c4,1,1,1,1.0,1
canonical_event,a3e95da53ac4eb0a,1,1,1,1.0,1
canonical_event,b97715a991a3982e,1,1,1,1.0,1
canonical_event,d32e00a4b837f8e2,1,1,1,1.0,1
canonical_event,f495e4c8db279731,1,1,1,1.0,1
canonical_event,844e1674d34539c5,1,1,1,1.0,1
canonical_event,3f2e18a75179d4a1,1,1,1,1.0,1
canonical_event,ede54acd3afb8215,2,1,2,0.5,2
canonical_event,fe6752fb397b2a43,1,1,1,1.0,1
canonical_event,7812db2ad859b1b7,1,1,1,1.0,1
canonical_event,52cb34efe8fbaed8,1,1,1,1.0,1
canonical_event,6d093b034ce25e09,1,1,1,1.0,1
canonical_event,fd9ce8602b8858a5,1,1,1,1.0,1
canonical_event,824a0ef1d2110135,1,1,1,1.0,1
canonical_event,ce9981002efb3a01,1,1,1,1.0,1
canonical_event,e32c9476580ba075,1,1,1,1.0,1
canonical_event,0ab45a950edfcd62,1,1,1,1.0,1
canonical_event,41450049faac5c10,1,1,1,1.0,1
canonical_event,1f05c7f6189d7425,1,1,1,1.0,1
canonical_event,c44fdb6ceb6014dd,1,1,1,1.0,1
canonical_event,7317bebbfa69efba,1,1,1,1.0,1
canonical_event,e969dbbbad3ed669,1,1,1,1.0,1
canonical_event,846ad8e1428057ed,1,1,1,1.0,1
canonical_event,c55a0b08c9bc52e8,1,1,1,1.0,1
canonical_event,43ed3f565d071491,1,1,1,1.0,1
canonical_event,f4718a68a4cc3c4a,1,1,1,1.0,1
canonical_event,06771e3a9c9e572b,1,1,1,1.0,1
canonical_event,d8b9a6e35818e79d,1,1,1,1.0,1
canonical_event,39aa4fdb1e557525,1,1,1,1.0,1
canonical_event,9edfd5ae43a0b769,2,1,2,0.5,2
canonical_event,3bcd482c0ac2c522,1,1,1,1.0,1
canonical_event,9941299f4f8b24d5,1,1,1,1.0,1
canonical_event,06637caeea834557,1,1,1,1.0,1
canonical_event,16882591547b929e,1,1,1,1.0,1
canonical_event,48e4294978a31b68,1,1,1,1.0,1
canonical_event,61c279d5f43566b3,1,1,1,1.0,1
canonical_event,14139f9d2c58f36c,1,1,1,1.0,1
canonical_event,041e569276cbad59,1,1,1,1.0,1
canonical_event,0856c78822a2722e,1,1,1,1.0,1
canonical_event,52799ab70f2e6d0d,1,1,1,1.0,1
canonical_event,0b125650953272b7,1,1,1,1.0,1
canonical_event,bc190d80ae626345,1,1,1,1.0,1
canonical_event,c2136c0582f49079,1,1,1,1.0,1
canonical_event,5706727b322fd3b1,1,1,1,1.0,1
canonical_event,abca73487f8e9ef8,1,1,1,1.0,1
canonical_event,51b8dddfcb6c6a5d,1,1,1,1.0,1
canonical_event,17240ae277e4d2b0,1,1,1,1.0,1
canonical_event,82d625f02126b36e,1,1,1,1.0,1
canonical_event,b65b9a44b0dbdd76,1,1,1,1.0,1
canonical_event,203268268590e4b5,1,1,1,1.0,1
canonical_event,a0d4b21f090c7d74,2,1,2,0.5,2
canonical_event,93a456e90233f4a0,1,1,1,1.0,1
canonical_event,2a85d91df10e35d6,1,1,1,1.0,1
canonical_event,374fa790b780dcf4,1,1,1,1.0,1
canonical_event,d5a595ed989263be,1,1,1,1.0,1
canonical_event,db65e51448fdeac8,2,1,2,0.5,2
canonical_event,d2b74dfc8f45c3ac,1,1,1,1.0,1
canonical_event,8f079fe3cace0395,1,1,1,1.0,1
canonical_event,66eeac6f8bdd976a,2,1,2,0.5,2
canonical_event,435dd910e26d3e25,1,1,1,1.0,1
canonical_event,383c9c3e4c8957e1,2,1,2,0.5,2
canonical_event,a6273f9342988da3,1,1,1,1.0,1
canonical_event,6fe69405297f3e87,1,1,1,1.0,1
canonical_event,4fdcd81a3d5c5911,1,1,1,1.0,1
canonical_event,caea02e51d855042,1,1,1,1.0,1
canonical_event,9adbf93ff07a49e9,1,1,1,1.0,1
canonical_event,749029d8b31989a8,1,1,1,1.0,1
canonical_event,742c8b2a3f56ac11,1,1,1,1.0,1
canonical_event,87519d017a9bceca,1,1,1,1.0,1
canonical_event,073081c8688d5ee7,1,1,1,1.0,1
canonical_event,6a9a7fa3a22da6c3,1,1,1,1.0,1
canonical_event,db84c67d330e486b,1,1,1,1.0,1
canonical_event,d907c5634489c91c,1,1,1,1.0,1
canonical_event,af9a85f7260535ec,1,1,1,1.0,1
canonical_event,43912d7f90bbf0e4,1,1,1,1.0,1
canonical_event,ee7e37ae3ec6aa5c,1,1,1,1.0,1
canonical_event,cc18315311661005,1,1,1,1.0,1
canonical_event,65f11735ffc6ebfe,1,1,1,1.0,1
canonical_event,b70c1d7f84e17460,1,1,1,1.0,1
canonical_event,3e16605a88b7407c,1,1,1,1.0,1
canonical_event,bc2dd46f022f14df,1,1,1,1.0,1
canonical_event,40aee6f72da47e3b,1,1,1,1.0,1
canonical_event,efa9b3ddc7e2f9cc,1,1,1,1.0,1
canonical_event,e5721dc5c3308aea,1,1,1,1.0,1
canonical_event,249eb747a9fa5ab8,1,1,1,1.0,1
canonical_event,6dbb24807439ca6d,1,1,1,1.0,1
canonical_event,258857d8564cebcc,1,1,1,1.0,1
canonical_event,0d368f3d0f7b91af,1,1,1,1.0,1
canonical_event,63e08f856a5b2e0a,1,1,1,1.0,1
canonical_event,a595a389db7f3b3f,2,1,2,0.5,2
canonical_event,86d2ebd7ea075d4f,1,1,1,1.0,1
canonical_event,73b97b7d35c8e6b5,1,1,1,1.0,1
canonical_event,659c204028519c22,1,1,1,1.0,1
canonical_event,594d799230d55ba1,2,1,2,0.5,2
canonical_event,faba6a559e633547,1,1,1,1.0,1
canonical_event,b747e397466ac00c,1,1,1,1.0,1
canonical_event,53e7ee8282697639,1,1,1,1.0,1
canonical_event,0bab83b0e54c7096,2,1,2,0.5,2
canonical_event,70422c57d5896fd0,1,1,1,1.0,1
canonical_event,55221c903cb47f5d,1,1,1,1.0,1
canonical_event,dd01ae7875eabc33,1,1,1,1.0,1
canonical_event,21c045abb180c3fc,1,1,1,1.0,1
canonical_event,b86d3f088d3f6dd3,1,1,1,1.0,1
canonical_event,501506ed40b8bac1,1,1,1,1.0,1
canonical_event,c4e0de4ac3af7fc1,1,1,1,1.0,1
canonical_event,78c9fd90687acb4e,1,1,1,1.0,1
canonical_event,dda23d4ff045694f,1,1,1,1.0,1
canonical_event,4c0d4518ab2ecfc5,1,1,1,1.0,1
canonical_event,f08d9b3849a2b62c,1,1,1,1.0,1
canonical_event,6f06794733391193,1,1,1,1.0,1
canonical_event,2e5ea727182f0e98,1,1,1,1.0,1
canonical_event,7464420a327c09cb,1,1,1,1.0,1
canonical_event,baffa62a0eecefaf,1,1,1,1.0,1
canonical_event,b566fa780c209441,1,1,1,1.0,1
canonical_event,475290cb9074080b,1,1,1,1.0,1
canonical_event,3f298369f39d51db,2,1,2,0.5,2
canonical_event,853be8f28b3c348e,2,1,2,0.5,2
canonical_event,04a318798558f737,1,1,1,1.0,1
canonical_event,1265bb66ac672b4e,1,1,1,1.0,1
canonical_event,fbaacb3a3426e08d,1,1,1,1.0,1
canonical_event,f9437d06b9b7f00e,1,1,1,1.0,1
canonical_event,0a6aa7971021d5f1,1,1,1,1.0,1
canonical_event,b848dd47c23af415,1,1,1,1.0,1
canonical_event,d0335d21ddd91435,1,1,1,1.0,1
canonical_event,eff175bba02cca1c,2,1,2,0.5,2
canonical_event,ad744cbf4fadb342,1,1,1,1.0,1
canonical_event,1953accc62364518,1,1,1,1.0,1
canonical_event,cca86ad26a55b14a,2,1,2,0.5,2
canonical_event,977ddcb82587afa8,1,1,1,1.0,1
canonical_event,7b697c957474b8ce,1,1,1,1.0,1
canonical_event,f2f1604934345ce5,1,1,1,1.0,1
canonical_event,d0dc542e9988589d,1,1,1,1.0,1
canonical_event,0c88538819f42777,1,1,1,1.0,1
canonical_event,61e314045f726b63,1,1,1,1.0,1
canonical_event,0398366a80937010,1,1,1,1.0,1
canonical_event,63a374146b80d146,2,1,2,0.5,2
canonical_event,7673dfb661b94ea2,1,1,1,1.0,1
canonical_event,dd1c96db543e84f6,1,1,1,1.0,1
canonical_event,ee52bf673c1c639e,1,1,1,1.0,1
canonical_event,ab89e92e559b03d9,1,1,1,1.0,1
canonical_event,57cc1f4bb2125687,1,1,1,1.0,1
canonical_event,61ca47f3ef5cbce1,1,1,1,1.0,1
canonical_event,981f5496e22d637a,1,1,1,1.0,1
canonical_event,fd99aaae57ddea87,1,1,1,1.0,1
canonical_event,9ee3e61b787b346e,2,1,2,0.5,2
canonical_event,2d4502d70e6bb9f2,1,1,1,1.0,1
canonical_event,e3e57c0a249b8e17,1,1,1,1.0,1
canonical_event,231b17ef8bda2f68,1,1,1,1.0,1
canonical_event,a8561412366eceea,1,1,1,1.0,1
canonical_event,2d8e582ee26ac5bc,1,1,1,1.0,1
canonical_event,8a546f15ffe0d6d0,1,1,1,1.0,1
canonical_event,85a2c44acde0fa00,1,1,1,1.0,1
canonical_event,1d590e018e236fb6,1,1,1,1.0,1
canonical_event,dbd102c9204a3251,1,1,1,1.0,1
canonical_event,65c674fe21c40bb0,1,1,1,1.0,1
canonical_event,529c1f65a8b5c39b,2,1,2,0.5,2
canonical_event,4142cf35b34f85f1,1,1,1,1.0,1
canonical_event,1dfdec47015cf8ec,1,1,1,1.0,1
canonical_event,ffcbe5ff8ffd728d,1,1,1,1.0,1
canonical_event,6a80f8268a5cd113,1,1,1,1.0,1
canonical_event,cea7da1e57370faa,1,1,1,1.0,1
canonical_event,6cc28f55e4f86cda,1,1,1,1.0,1
canonical_event,e3e0ad5fff83bd23,1,1,1,1.0,1
canonical_event,6910d2e3a0d9f3b7,1,1,1,1.0,1
canonical_event,7226fa66a4e5c01a,2,1,2,0.5,2
canonical_event,6da478300eae6ec3,1,1,1,1.0,1
canonical_event,b6f096eaa7905203,1,1,1,1.0,1
canonical_event,758c3dd33c510fe8,1,1,1,1.0,1
canonical_event,120e22c60ad85642,1,1,1,1.0,1
canonical_event,2a764f31102ff098,1,1,1,1.0,1
canonical_event,e310cc16c09ab36d,1,1,1,1.0,1
canonical_event,6546b5aeec7003a5,1,1,1,1.0,1
canonical_event,416a25b9c31babb5,1,1,1,1.0,1
canonical_event,f441a3147dcfeecd,2,1,2,0.5,2
canonical_event,f5be218a198d1515,1,1,1,1.0,1
canonical_event,0e3d9feef3a4952e,1,1,1,1.0,1
canonical_event,2c72c295ce39ee15,2,1,2,0.5,2
canonical_event,2cb86fb0d0327680,1,1,1,1.0,1
canonical_event,1f72980bc0aef701,1,1,1,1.0,1
canonical_event,0d8312801956d19c,1,1,1,1.0,1
canonical_event,64e45eafc9b7681b,1,1,1,1.0,1
canonical_event,f35cda46473b88ad,1,1,1,1.0,1
canonical_event,0d76ccc6825ce43d,1,1,1,1.0,1
canonical_event,ea0b985ef0b9aa19,1,1,1,1.0,1
canonical_event,51e4e2ea5f43f9c3,1,1,1,1.0,1
canonical_event,c2fd185958e32bbf,4,4,1,1.0,3-5
canonical_event,e95d0f6830cfa820,1,1,1,1.0,1
canonical_event,2d14e81eac4fbce2,2,1,2,0.5,2
canonical_event,5359b3c11a6dea16,1,1,1,1.0,1
canonical_event,fa098409faf6448d,1,1,1,1.0,1
canonical_event,b041f853f8df39ce,1,1,1,1.0,1
canonical_event,278784d9698384ef,1,1,1,1.0,1
canonical_event,7006cb8668781731,1,1,1,1.0,1
canonical_event,7cef490b0d721bf5,1,1,1,1.0,1
canonical_event,0aa5a12a3299a63f,1,1,1,1.0,1
canonical_event,8ac4091e238dd0d0,1,1,1,1.0,1
canonical_event,8bb228a9a62e58fc,1,1,1,1.0,1
canonical_event,6229bdc9db9d585f,1,1,1,1.0,1
canonical_event,16c075f9447d3146,1,1,1,1.0,1
canonical_event,d21095db6a8dd676,2,1,2,0.5,2
canonical_event,fd831c540ae169f6,1,1,1,1.0,1
canonical_event,514002ac103645e2,1,1,1,1.0,1
canonical_event,8d894b5f51fac9c1,1,1,1,1.0,1
canonical_event,cc3ad46e575592a4,1,1,1,1.0,1
canonical_event,2cbfd193cc59c258,1,1,1,1.0,1
canonical_event,f3ed91d4aebf0e35,1,1,1,1.0,1
canonical_event,99b830aa0a8e878b,2,1,2,0.5,2
canonical_event,80626953acaa6888,1,1,1,1.0,1
canonical_event,80387306466c5f0b,1,1,1,1.0,1
canonical_event,0dcc168702f0798a,1,1,1,1.0,1
canonical_event,0feac029a557e20a,1,1,1,1.0,1
canonical_event,dd1dbc9f06d6a777,1,1,1,1.0,1
canonical_event,c7604305d896fcd8,1,1,1,1.0,1
canonical_event,75e039be2fd1262c,1,1,1,1.0,1
canonical_event,f63c1fc47cd84536,2,1,2,0.5,2
canonical_event,26d0a95cfb4078f5,1,1,1,1.0,1
canonical_event,2ef0909fc8b37679,1,1,1,1.0,1
canonical_event,37a57c5581b6c7bf,1,1,1,1.0,1
canonical_event,a64fb78f3130a150,1,1,1,1.0,1
canonical_event,df86ee5dbc529a84,1,1,1,1.0,1
canonical_event,c89fecd3d9957772,1,1,1,1.0,1
canonical_event,800364a9ece3fcc8,1,1,1,1.0,1
canonical_event,93a19e05af7b6e5d,1,1,1,1.0,1
canonical_event,bccb675168d5b486,1,1,1,1.0,1
canonical_event,3a0cbb892afe76d5,2,1,2,0.5,2
canonical_event,957ff84f54151a14,1,1,1,1.0,1
canonical_event,2c969194d82749c0,1,1,1,1.0,1
canonical_event,b7fbed607dac4569,1,1,1,1.0,1
canonical_event,7c663e60bc8e1fd4,1,1,1,1.0,1
canonical_event,d61e362eb86827ed,1,1,1,1.0,1
canonical_event,c671def335c93eb4,1,1,1,1.0,1
canonical_event,66a30e67a9c16ca0,1,1,1,1.0,1
canonical_event,8fd95d806161abaf,1,1,1,1.0,1
canonical_event,82f30ba638fd4680,1,1,1,1.0,1
canonical_event,b0bc15eba116b443,1,1,1,1.0,1
canonical_event,4bba57963c594662,2,1,2,0.5,2
canonical_event,3f0c92cdfd1a7322,2,1,2,0.5,2
canonical_event,4fc5ca1d4aaeab35,1,1,1,1.0,1
canonical_event,6e8fc8273d716144,1,1,1,1.0,1
canonical_event,7e7ab6c334c5ad83,1,1,1,1.0,1
canonical_event,5aced9ce663aac50,1,1,1,1.0,1
canonical_event,e582709d4c497794,2,1,2,0.5,2
canonical_event,91307b17db8731e5,1,1,1,1.0,1
canonical_event,135928b8ddd09893,2,1,2,0.5,2
canonical_event,4bc1289ba27a2863,2,1,2,0.5,2
canonical_event,11deaf20804966ef,1,1,1,1.0,1
canonical_event,153153237eb5e319,1,1,1,1.0,1
canonical_event,25e6c5b83a8efb41,1,1,1,1.0,1
canonical_event,15a39a8e048c4c6c,1,1,1,1.0,1
canonical_event,5d5d4f16771cd95c,1,1,1,1.0,1
canonical_event,1288c81e79b6a668,1,1,1,1.0,1
canonical_event,c0c38a586f0d19f5,1,1,1,1.0,1
canonical_event,9855a7b7d230c7b6,1,1,1,1.0,1
canonical_event,1b8db188f840a638,1,1,1,1.0,1
canonical_event,60cb46ca55103d96,1,1,1,1.0,1
canonical_event,980b8ce23eda2c2e,1,1,1,1.0,1
canonical_event,556830e00f4dfeb3,1,1,1,1.0,1
canonical_event,ce47b886109ed107,1,1,1,1.0,1
canonical_event,96068fc66be9a3dc,1,1,1,1.0,1
canonical_event,cb4a53f4fa2ede56,1,1,1,1.0,1
canonical_event,a7bae1f6dbbbccc4,1,1,1,1.0,1
canonical_event,4a5252c93f9ee000,1,1,1,1.0,1
canonical_event,ca579e235db55a36,1,1,1,1.0,1
canonical_event,692c8ebd76d2faea,1,1,1,1.0,1
canonical_event,5766a760417f50e8,1,1,1,1.0,1
canonical_event,cd3684683932416a,1,1,1,1.0,1
canonical_event,c219056e6aa5b728,1,1,1,1.0,1
canonical_event,ac019a38eb7f0dde,1,1,1,1.0,1
canonical_event,4077958774d0bb92,1,1,1,1.0,1
canonical_event,d80310425e23fd3d,1,1,1,1.0,1
canonical_event,9752007f4dfd0fc4,1,1,1,1.0,1
canonical_event,555e0bd9da18fad3,1,1,1,1.0,1
canonical_event,7f1ab0542da3d4b0,1,1,1,1.0,1
canonical_event,98942f480c676566,1,1,1,1.0,1
canonical_event,763d120f8a1ba94b,1,1,1,1.0,1
canonical_event,779cab3012761fbc,1,1,1,1.0,1
canonical_event,be49a51ed82f9a6f,1,1,1,1.0,1
canonical_event,233dbcd2d998f313,1,1,1,1.0,1
canonical_event,34eb141d19531535,1,1,1,1.0,1
canonical_event,da6e0c65044e4008,1,1,1,1.0,1
canonical_event,c3a9671c44156da1,1,1,1,1.0,1
canonical_event,1b467bba0316f71d,1,1,1,1.0,1
canonical_event,b9c268bf95a4f013,1,1,1,1.0,1
canonical_event,c528bf9edefca219,1,1,1,1.0,1
canonical_event,efef9b9f6a6f180b,1,1,1,1.0,1
canonical_event,fef995da712b28f5,2,1,2,0.5,2
canonical_event,ffb2dbd40c7fcb7b,1,1,1,1.0,1
canonical_event,a0102f589d2e5ed6,1,1,1,1.0,1
canonical_event,e923f08ad9e016b4,1,1,1,1.0,1
canonical_event,5ee80510051401b4,1,1,1,1.0,1
canonical_event,814850331946f522,1,1,1,1.0,1
canonical_event,dd38ea324905e239,1,1,1,1.0,1
canonical_event,3c039947fa4fdd3b,1,1,1,1.0,1
canonical_event,d67b06d8dcb34d2e,1,1,1,1.0,1
canonical_event,42a88cc0c2a478cf,1,1,1,1.0,1
canonical_event,df1cef7d13129a0b,1,1,1,1.0,1
canonical_event,198d9f241219020e,1,1,1,1.0,1
canonical_event,05d8dc139aafd3b5,1,1,1,1.0,1
canonical_event,2a61619c8fb1cc36,2,1,2,0.5,2
canonical_event,1328e35d49a70290,2,1,2,0.5,2
canonical_event,f064bfdabfcf5bc1,1,1,1,1.0,1
canonical_event,aa256f52011cf4af,1,1,1,1.0,1
canonical_event,a04642ca79df03aa,1,1,1,1.0,1
canonical_event,5d810a553a02eadd,1,1,1,1.0,1
canonical_event,681d7c0440f65d3f,1,1,1,1.0,1
canonical_event,ecb1e817bc9bd09f,1,1,1,1.0,1
canonical_event,5154bc9b4c904910,1,1,1,1.0,1
canonical_event,6fd32bfe3ba8d539,2,1,2,0.5,2
canonical_event,d778726f441c188e,1,1,1,1.0,1
canonical_event,695ed2442aaf12fa,1,1,1,1.0,1
canonical_event,040637c3f7c15cf9,1,1,1,1.0,1
canonical_event,902d0c4a113ad22e,1,1,1,1.0,1
canonical_event,dd76d59cb0e03a0c,1,1,1,1.0,1
canonical_event,6c5b63809be9c757,2,1,2,0.5,2
canonical_event,a2c6e461ad47a9d7,1,1,1,1.0,1
canonical_event,8112754634533bff,1,1,1,1.0,1
canonical_event,1ce01d66ba838c97,1,1,1,1.0,1
canonical_event,00e35507d1a6be9a,1,1,1,1.0,1
canonical_event,e61cf7e7d29aeb30,1,1,1,1.0,1
canonical_event,a2d5fd48dc2d0eda,1,1,1,1.0,1
canonical_event,18818f3b1a3b31b9,1,1,1,1.0,1
canonical_event,7845918af1cf7ae5,1,1,1,1.0,1
canonical_event,7ccd5fa5ee2e2d00,1,1,1,1.0,1
canonical_event,87290d0f567043f3,1,1,1,1.0,1
canonical_event,f546575f0dbdc776,1,1,1,1.0,1
canonical_event,f0739ae436c1ad7e,1,1,1,1.0,1
canonical_event,5bb0f79a9529e4c6,2,1,2,0.5,2
canonical_event,6adb690b5cc2e071,1,1,1,1.0,1
canonical_event,923341d87da41e25,1,1,1,1.0,1
canonical_event,215f6d0c78087c0f,1,1,1,1.0,1
canonical_event,affdbc298d657f25,1,1,1,1.0,1
canonical_event,adfcd7eeb31e4d6c,2,1,2,0.5,2
canonical_event,5a6015d227f105ad,2,1,2,0.5,2
canonical_event,a2e781c5c755f47d,1,1,1,1.0,1
canonical_event,c6b3973fc00d898b,1,1,1,1.0,1
canonical_event,4cf1de8d1a219b16,1,1,1,1.0,1
canonical_event,c505dd1d273885da,2,1,2,0.5,2
canonical_event,287e6bc9434e3899,2,1,2,0.5,2
canonical_event,8943621869fc5da3,1,1,1,1.0,1
canonical_event,12df4f9e134468eb,1,1,1,1.0,1
canonical_event,7b9df97505a50f7a,1,1,1,1.0,1
canonical_event,c2a2628b897173c2,1,1,1,1.0,1
canonical_event,bb11631f2b3a23cd,1,1,1,1.0,1
canonical_event,ddb30145df86b3d6,1,1,1,1.0,1
canonical_event,3198ca983343158a,1,1,1,1.0,1
canonical_event,c781aa07713c6741,1,1,1,1.0,1
canonical_event,58a3d0cee11a9708,1,1,1,1.0,1
canonical_event,d9d4e61225de1058,1,1,1,1.0,1
canonical_event,b2ce37ee3ed877f5,1,1,1,1.0,1
canonical_event,2f79e82026dda1c7,1,1,1,1.0,1
canonical_event,b59b785036fbcc8e,1,1,1,1.0,1
canonical_event,5aff567074661e78,1,1,1,1.0,1
canonical_event,da8b918626658410,1,1,1,1.0,1
canonical_event,f9b12c6c875ac893,1,1,1,1.0,1
canonical_event,7cd41058d785ade8,1,1,1,1.0,1
canonical_event,5d41e6e48ba63f71,1,1,1,1.0,1
canonical_event,3d15c7336b4b0ecc,1,1,1,1.0,1
canonical_event,543e7a93ea379f81,1,1,1,1.0,1
canonical_event,83c7557133f8e6a5,2,1,2,0.5,2
canonical_event,3756c3eb852034f6,1,1,1,1.0,1
canonical_event,e1d497b6667e9500,1,1,1,1.0,1
canonical_event,02a97d60d1afcad0,1,1,1,1.0,1
canonical_event,7584d88b8d446530,1,1,1,1.0,1
canonical_event,544f4bb933adb8ed,1,1,1,1.0,1
canonical_event,305014acc02b9550,1,1,1,1.0,1
canonical_event,f9c0f892fe7aacf9,1,1,1,1.0,1
canonical_event,a73a5feaf66bf5b2,1,1,1,1.0,1
canonical_event,00ed9143ab9f15a2,1,1,1,1.0,1
canonical_event,d671f0ddd3e7be33,1,1,1,1.0,1
canonical_event,cd17385322f03e96,1,1,1,1.0,1
canonical_event,b8795c859fb927b1,2,1,2,0.5,2
canonical_event,c5f4705e54b64c2a,1,1,1,1.0,1
canonical_event,efe3a9c4f581e05d,1,1,1,1.0,1
canonical_event,20026ac2209bb83d,1,1,1,1.0,1
canonical_event,b3b283a5b8091840,2,1,2,0.5,2
canonical_event,bae24bcfacfa9e75,1,1,1,1.0,1
canonical_event,c268bc76f5604726,1,1,1,1.0,1
canonical_event,3b9e34cce8ee4f5d,1,1,1,1.0,1
canonical_event,e4da85177b003bed,1,1,1,1.0,1
canonical_event,39af4daab43092a5,2,1,2,0.5,2
canonical_event,cfbfeff59677593d,1,1,1,1.0,1
canonical_event,afa9c110f8a3436c,1,1,1,1.0,1
canonical_event,deaf7bb489eb71fe,1,1,1,1.0,1
canonical_event,de353d0282a9bbc0,1,1,1,1.0,1
canonical_event,7db449c27fbf54ea,1,1,1,1.0,1
canonical_event,996ceef7450c39c2,1,1,1,1.0,1
canonical_event,42c5325b7a6f71da,1,1,1,1.0,1
canonical_event,b58de23f8d181b70,1,1,1,1.0,1
canonical_event,e7525244f67d8842,1,1,1,1.0,1
canonical_event,cde51c7390413782,1,1,1,1.0,1
canonical_event,5b41e80563423d21,1,1,1,1.0,1
canonical_event,60d5ea8c2747327e,1,1,1,1.0,1
canonical_event,6ca0337900b3a2d5,1,1,1,1.0,1
canonical_event,e6666a572b088e07,2,1,2,0.5,2
canonical_event,8755e970f3224c74,1,1,1,1.0,1
canonical_event,3c7e3eea99a576ce,1,1,1,1.0,1
canonical_event,039577df7af8d370,1,1,1,1.0,1
canonical_event,6b7ba01c3fdd3142,1,1,1,1.0,1
canonical_event,60f9cd5a93019ea6,1,1,1,1.0,1
canonical_event,a99978c58ad0c992,1,1,1,1.0,1
canonical_event,1e3a418cb71a05d1,2,1,2,0.5,2
canonical_event,4faf20bff24c5ef6,1,1,1,1.0,1
canonical_event,0d5b5f7ffd42963b,2,1,2,0.5,2
canonical_event,f4fceeee80641b35,1,1,1,1.0,1
canonical_event,693a2276093eb3f9,1,1,1,1.0,1
canonical_event,4cded46183c0ee77,2,1,2,0.5,2
canonical_event,9397ab198be63e89,1,1,1,1.0,1
canonical_event,30fabbdaf3cdbb0a,1,1,1,1.0,1
canonical_event,987c32a221a547c9,1,1,1,1.0,1
canonical_event,a24368a93aa13699,1,1,1,1.0,1
canonical_event,233d18511c33cdee,1,1,1,1.0,1
canonical_event,f927fe446d5b9e59,1,1,1,1.0,1
canonical_event,6c0b467cdf997d75,1,1,1,1.0,1
canonical_event,1487e7ab9d052256,2,1,2,0.5,2
canonical_event,1975acfa6cd5f995,1,1,1,1.0,1
canonical_event,e3e0636f3152d5cd,1,1,1,1.0,1
canonical_event,e8d4367752308c9f,1,1,1,1.0,1
canonical_event,5e9f2d27bf046f93,1,1,1,1.0,1
canonical_event,9e381ccbc3284b09,1,1,1,1.0,1
canonical_event,805c2fa27b797e27,1,1,1,1.0,1
canonical_event,f66087b154a62e36,1,1,1,1.0,1
canonical_event,5a4255c7bea23d43,2,1,2,0.5,2
canonical_event,e791b3fb78390d8b,1,1,1,1.0,1
canonical_event,31037bbbb0cfebdf,1,1,1,1.0,1
canonical_event,1038fabb8c35d3dc,1,1,1,1.0,1
canonical_event,908080617fc02dbc,1,1,1,1.0,1
canonical_event,fcd5c522286545e6,1,1,1,1.0,1
canonical_event,30b7a002d3e3c4b7,1,1,1,1.0,1
canonical_event,e1fd5431fa7146da,1,1,1,1.0,1
canonical_event,872bae105c0a496a,1,1,1,1.0,1
canonical_event,61b055435397db65,1,1,1,1.0,1
canonical_event,37947e451bf601ab,1,1,1,1.0,1
canonical_event,08383e3913e73505,1,1,1,1.0,1
canonical_event,b57848488e6858c1,2,1,2,0.5,2
canonical_event,922acfdecca74f1e,1,1,1,1.0,1
canonical_event,2142a925eaea4d0a,1,1,1,1.0,1
canonical_event,d71afad708bc5464,1,1,1,1.0,1
canonical_event,4162d02abe3171e9,2,1,2,0.5,2
canonical_event,a7fb731cd6d6f349,1,1,1,1.0,1
canonical_event,c2d5fabd6c106b73,1,1,1,1.0,1
canonical_event,f7e54db8fcb4c911,1,1,1,1.0,1
canonical_event,40b66c655ef27caa,1,1,1,1.0,1
canonical_event,a2a51b349c99957a,1,1,1,1.0,1
canonical_event,524b9871b4a44ef9,2,1,2,0.5,2
canonical_event,daa5f7aa0171451c,1,1,1,1.0,1
canonical_event,c170c7680d8aa6ee,1,1,1,1.0,1
canonical_event,818e59b8744843cf,1,1,1,1.0,1
canonical_event,c9cb18f77934a906,1,1,1,1.0,1
canonical_event,f0e08c235d78e4e0,1,1,1,1.0,1
canonical_event,667d3d0b278af311,2,1,2,0.5,2
canonical_event,ad68bbcb257d29c9,1,1,1,1.0,1
canonical_event,80c9806c8c10c784,1,1,1,1.0,1
canonical_event,83881cc94411d69c,1,1,1,1.0,1
canonical_event,d78438ef51cb6396,2,1,2,0.5,2
canonical_event,5064dd813cfe0bb0,1,1,1,1.0,1
canonical_event,3b1872844d73a0d1,1,1,1,1.0,1
canonical_event,aa6ca2d12a5f96b0,1,1,1,1.0,1
canonical_event,8c39d0f6454c459b,1,1,1,1.0,1
canonical_event,ebfa6bab50956eff,1,1,1,1.0,1
canonical_event,207c831f5dae910b,1,1,1,1.0,1
canonical_event,669d291cfb26ca2c,1,1,1,1.0,1
canonical_event,1030200753af97d5,1,1,1,1.0,1
canonical_event,1daad160121868ac,1,1,1,1.0,1
canonical_event,38a30e888514a1d2,1,1,1,1.0,1
canonical_event,12b2b0ad46cb3ffb,1,1,1,1.0,1
canonical_event,a1b6182d03c5bcfd,1,1,1,1.0,1
canonical_event,44c430dc4e2cd62c,1,1,1,1.0,1
canonical_event,3369ab770e7ca91e,1,1,1,1.0,1
canonical_event,6be983ff7dcf0cfa,1,1,1,1.0,1
canonical_event,2d47f406b41dfab4,1,1,1,1.0,1
canonical_event,f934e34a7184d687,1,1,1,1.0,1
canonical_event,5f1941fdda64f9db,1,1,1,1.0,1
canonical_event,be83a66418d02a38,2,1,2,0.5,2
canonical_event,d06868709122eb8a,1,1,1,1.0,1
canonical_event,1eed2fc5a64d560b,1,1,1,1.0,1
canonical_event,dfbf991f07d99d1a,2,1,2,0.5,2
canonical_event,4ad64b0a45490839,1,1,1,1.0,1
canonical_event,ed13490004244afd,1,1,1,1.0,1
canonical_event,78380bd8250e3b0c,1,1,1,1.0,1
canonical_event,7432c78416393e84,1,1,1,1.0,1
canonical_event,b656810daae9c412,1,1,1,1.0,1
canonical_event,321473ef8468d255,2,1,2,0.5,2
canonical_event,a7677f19889487c7,1,1,1,1.0,1
canonical_event,6814c690b434b1e9,1,1,1,1.0,1
canonical_event,27bea3094a9999bb,1,1,1,1.0,1
canonical_event,9fecc0030bde7612,1,1,1,1.0,1
canonical_event,280916990d14809d,1,1,1,1.0,1
canonical_event,546b51dfab5141d5,1,1,1,1.0,1
canonical_event,0a2c345f22f7dd20,1,1,1,1.0,1
canonical_event,99800d038e7d539a,1,1,1,1.0,1
canonical_event,31a2f26ea42830fc,2,1,2,0.5,2
canonical_event,85d5bc2ea59e07d3,2,1,2,0.5,2
canonical_event,d97c413896fa1788,1,1,1,1.0,1
canonical_event,6a1ba45da56df6b2,1,1,1,1.0,1
canonical_event,33e96bb11dbce95a,1,1,1,1.0,1
canonical_event,8050dc9d4d8f2d29,1,1,1,1.0,1
canonical_event,f93bfcb8c65f6766,1,1,1,1.0,1
canonical_event,334f6abf62d0af44,1,1,1,1.0,1
canonical_event,b8d5e8da4c20f186,1,1,1,1.0,1
canonical_event,fa128154b534981d,2,1,2,0.5,2
canonical_event,7a8cd8d11a54d7d5,1,1,1,1.0,1
canonical_event,525e63c9ac30428d,1,1,1,1.0,1
canonical_event,f3b85695c6e5a7f8,1,1,1,1.0,1
canonical_event,be5ca48a770f08c8,1,1,1,1.0,1
canonical_event,28790144f8f7957e,2,1,2,0.5,2
canonical_event,40d3f1219080f525,1,1,1,1.0,1
canonical_event,d606e58f42bbaaf9,1,1,1,1.0,1
canonical_event,a9a0263320ed78f2,1,1,1,1.0,1
canonical_event,73b140a60d7e0df6,1,1,1,1.0,1
canonical_event,3018599327fb1f1b,1,1,1,1.0,1
canonical_event,467ab7a85d449c52,1,1,1,1.0,1
canonical_event,188717fca747b38f,1,1,1,1.0,1
canonical_event,547230d703b1f8ba,1,1,1,1.0,1
canonical_event,6b9d7d33f43258cc,1,1,1,1.0,1
canonical_event,0e293a022b9ab0c1,1,1,1,1.0,1
canonical_event,37d38b1e6171f338,1,1,1,1.0,1
canonical_event,c91c726c23ee3dfb,1,1,1,1.0,1
canonical_event,436571dfd6427a3e,1,1,1,1.0,1
canonical_event,4d96fb907c451958,1,1,1,1.0,1
canonical_event,42b80d9e2efde855,1,1,1,1.0,1
canonical_event,8b2f881978242543,1,1,1,1.0,1
canonical_event,4d5fd38b796ac7ba,1,1,1,1.0,1
canonical_event,d5be7b4240d6a989,1,1,1,1.0,1
canonical_event,b3b56332c7261fcd,1,1,1,1.0,1
canonical_event,bf8fa2375d081e1a,1,1,1,1.0,1
canonical_event,4f75f7928c47e9cc,1,1,1,1.0,1
canonical_event,a870055e1498bea4,1,1,1,1.0,1
canonical_event,c34573c8875ebd97,1,1,1,1.0,1
canonical_event,e2b462c5406e7435,1,1,1,1.0,1
canonical_event,107598088f0cbf26,1,1,1,1.0,1
canonical_event,86e8c5b4398a55dd,1,1,1,1.0,1
canonical_event,fbfc84799bd9359b,1,1,1,1.0,1
canonical_event,3494dbf07a0edbdf,1,1,1,1.0,1
canonical_event,b119dcfa6698f7e5,1,1,1,1.0,1
canonical_event,214c28406663585e,1,1,1,1.0,1
canonical_event,1367ecf0e471ceca,1,1,1,1.0,1
canonical_event,00f035c1aca587c9,1,1,1,1.0,1
canonical_event,2c7658d2be88c6d0,1,1,1,1.0,1
canonical_event,49ad50741b1141f5,2,1,2,0.5,2
canonical_event,d5f055d0ecd221ee,1,1,1,1.0,1
canonical_event,c272386726e4b351,1,1,1,1.0,1
canonical_event,8baa273501f858d8,1,1,1,1.0,1
canonical_event,fcbf37379ea74dae,1,1,1,1.0,1
canonical_event,be5b5db83b186ad1,1,1,1,1.0,1
canonical_event,5a4ba68e6cbf2138,1,1,1,1.0,1
canonical_event,bffcecc1818cd198,1,1,1,1.0,1
canonical_event,36edd3f92e3d7952,1,1,1,1.0,1
canonical_event,9328366b1e7a06d4,1,1,1,1.0,1
canonical_event,f2cbd974d5862bc6,1,1,1,1.0,1
canonical_event,3315fccfc95cda33,1,1,1,1.0,1
canonical_event,fa0fc26354313f98,1,1,1,1.0,1
canonical_event,7a8d841840e042a8,1,1,1,1.0,1
canonical_event,24e1427361846264,1,1,1,1.0,1
canonical_event,127e91615b03a019,2,1,2,0.5,2
canonical_event,07dcdbe28a19220d,1,1,1,1.0,1
canonical_event,90be800bb0d936de,1,1,1,1.0,1
canonical_event,169520eafcd7cfef,1,1,1,1.0,1
canonical_event,7212b70ca3a9126d,1,1,1,1.0,1
canonical_event,a645bf7780eefe17,1,1,1,1.0,1
canonical_event,be449130c7b4ae8d,1,1,1,1.0,1
canonical_event,28d0a3664a8c102d,1,1,1,1.0,1
canonical_event,8a78a89625cce5fd,1,1,1,1.0,1
canonical_event,c622c3f05b312eac,1,1,1,1.0,1
canonical_event,3d4a99093f3175d1,1,1,1,1.0,1
canonical_event,541e635a03f1df1f,1,1,1,1.0,1
canonical_event,a7d258736f3d78a0,1,1,1,1.0,1
canonical_event,c4d44342512a1a82,1,1,1,1.0,1
canonical_event,3b89f7d3b167c576,1,1,1,1.0,1
canonical_event,292c0b914ab03647,1,1,1,1.0,1
canonical_event,6f6d6e83c015383f,1,1,1,1.0,1
canonical_event,d5018c0950a9a433,1,1,1,1.0,1
canonical_event,407cedd32fdf3a0f,2,1,2,0.5,2
canonical_event,48a3ed5d5d3c07c6,1,1,1,1.0,1
canonical_event,1ad6058b1c4725b1,1,1,1,1.0,1
canonical_event,3e7c59b212367952,1,1,1,1.0,1
canonical_event,4d9627539fafd8e5,2,1,2,0.5,2
canonical_event,6a51d1668d8457c8,1,1,1,1.0,1
canonical_event,7fc908a7c43e6d36,1,1,1,1.0,1
canonical_event,fc207c032aa0da87,1,1,1,1.0,1
canonical_event,4e638d9d9b830268,1,1,1,1.0,1
canonical_event,cd086b51380e0208,1,1,1,1.0,1
canonical_event,7c8d7684244e75a6,1,1,1,1.0,1
canonical_event,94a55a20ab597c42,1,1,1,1.0,1
canonical_event,59012283bcf22c47,1,1,1,1.0,1
canonical_event,d3144a5d7c360556,1,1,1,1.0,1
canonical_event,d5b442eaeed40462,1,1,1,1.0,1
canonical_event,a0f436483974bf7d,1,1,1,1.0,1
canonical_event,9912e21098a9e2ba,1,1,1,1.0,1
canonical_event,bc0d942b79e3babf,1,1,1,1.0,1
canonical_event,ef71a7a6f0911261,1,1,1,1.0,1
canonical_event,04d66d54b6cb1b65,2,1,2,0.5,2
canonical_event,fd4a0289b65b37bd,1,1,1,1.0,1
canonical_event,3f77b47d14e824c2,2,1,2,0.5,2
canonical_event,75a38b46a61957ac,1,1,1,1.0,1
canonical_event,c95731231b6563f8,1,1,1,1.0,1
canonical_event,467d02b3db6c2ef7,2,1,2,0.5,2
canonical_event,8b4f03da3abdb637,1,1,1,1.0,1
canonical_event,539c1e329d336905,1,1,1,1.0,1
canonical_event,f2564f2c50b032a9,1,1,1,1.0,1
canonical_event,fcc4732439bbb654,1,1,1,1.0,1
canonical_event,779b026628f5c8fe,1,1,1,1.0,1
canonical_event,f761b5f1242b6539,1,1,1,1.0,1
canonical_event,9e915b8184f17acc,1,1,1,1.0,1
canonical_event,874c2f181ab8862e,1,1,1,1.0,1
canonical_event,023e9f29fd4afd7e,1,1,1,1.0,1
canonical_event,029c29ed47962bc7,1,1,1,1.0,1
canonical_event,d617b6d6c88281c3,1,1,1,1.0,1
canonical_event,b9c3291f5a49f936,1,1,1,1.0,1
canonical_event,a8c2f5ff22e74f8b,1,1,1,1.0,1
canonical_event,2e3f7473f04921d4,1,1,1,1.0,1
canonical_event,425fae80cdce0913,1,1,1,1.0,1
canonical_event,4c62e23741e0e44c,1,1,1,1.0,1
canonical_event,04dad3da8b5210d0,1,1,1,1.0,1
canonical_event,baa2e9fff53e34dc,1,1,1,1.0,1
canonical_event,4bdc13b2c4008f10,2,1,2,0.5,2
canonical_event,5a9ff95086049e90,1,1,1,1.0,1
canonical_event,8e135743cc5b01c4,1,1,1,1.0,1
canonical_event,3458bbe1ea461b68,1,1,1,1.0,1
canonical_event,567bf445800a3b67,1,1,1,1.0,1
canonical_event,894c30bc5408729a,1,1,1,1.0,1
canonical_event,15e457ccb311c560,1,1,1,1.0,1
canonical_event,d64c27e44f75f998,1,1,1,1.0,1
canonical_event,b3bf827e5df08092,1,1,1,1.0,1
canonical_event,8d7c2b4baa410be7,2,1,2,0.5,2
canonical_event,9886989082ca046d,1,1,1,1.0,1
canonical_event,10e6f40615cf9ec5,1,1,1,1.0,1
canonical_event,06ecc3edd147c498,1,1,1,1.0,1
canonical_event,0100d2d252d016d7,1,1,1,1.0,1
canonical_event,d516eb405747237b,1,1,1,1.0,1
canonical_event,88bbf2241e10b5c2,1,1,1,1.0,1
canonical_event,457ff52eaa47d997,1,1,1,1.0,1
canonical_event,41cbbe0831fee110,1,1,1,1.0,1
canonical_event,2555a44e36d546b0,1,1,1,1.0,1
canonical_event,b9fd58c20be41abd,1,1,1,1.0,1
canonical_event,ceecac8e8535ed5a,2,1,2,0.5,2
canonical_event,7603d740074b67bc,2,1,2,0.5,2
canonical_event,4e3a4e970409dada,2,1,2,0.5,2
canonical_event,6119f0d99605a0f2,1,1,1,1.0,1
canonical_event,8d59e0b34c61d92f,1,1,1,1.0,1
canonical_event,9a8a33a0b295d42d,1,1,1,1.0,1
canonical_event,ffd061dca0d10d45,1,1,1,1.0,1
canonical_event,5ae2dfacf9394355,1,1,1,1.0,1
canonical_event,3a8139b7842834f9,1,1,1,1.0,1
canonical_event,b8af66d299807b59,1,1,1,1.0,1
canonical_event,ad65cb30fabe1980,1,1,1,1.0,1
canonical_event,7bf9dfc2d33788a5,1,1,1,1.0,1
canonical_event,35ed74fa1c5291bd,1,1,1,1.0,1
canonical_event,ee4b93034b039051,1,1,1,1.0,1
canonical_event,5b1e02a54a2ff326,1,1,1,1.0,1
canonical_event,8405b7cb8d6f3f32,1,1,1,1.0,1
canonical_event,021b7c4fab371dd2,1,1,1,1.0,1
canonical_event,ef6de75f2ddc140b,2,1,2,0.5,2
canonical_event,49cc408b181324fe,1,1,1,1.0,1
canonical_event,5f7d3457828fb13c,1,1,1,1.0,1
canonical_event,63a9598f7bafe0d3,1,1,1,1.0,1
canonical_event,2ca789427921c73d,1,1,1,1.0,1
canonical_event,752254d1891fe568,1,1,1,1.0,1
canonical_event,1960702528c75d2a,1,1,1,1.0,1
canonical_event,9b83b4e3dcfc8dd6,1,1,1,1.0,1
canonical_event,db57fb1aba85076f,2,1,2,0.5,2
canonical_event,8adf5d3a386db4ef,1,1,1,1.0,1
canonical_event,c3cfa7606a859898,1,1,1,1.0,1
canonical_event,f8e7165923dc048a,1,1,1,1.0,1
canonical_event,eec8fb8672fd10de,1,1,1,1.0,1
canonical_event,de07b4e2c29740b5,1,1,1,1.0,1
canonical_event,d20487d27f7aab3f,1,1,1,1.0,1
canonical_event,79e6262c84ef7711,1,1,1,1.0,1
canonical_event,d67d24a0c34f5395,1,1,1,1.0,1
canonical_event,3c90a1e51623e6ea,1,1,1,1.0,1
canonical_event,0d88ce82979ec634,1,1,1,1.0,1
canonical_event,a4f385484031ce1c,1,1,1,1.0,1
canonical_event,ba7937f34af52e6f,1,1,1,1.0,1
canonical_event,212074ab68135c28,1,1,1,1.0,1
canonical_event,00368ea68a0ff326,1,1,1,1.0,1
canonical_event,f735f70e0ffc2d61,1,1,1,1.0,1
canonical_event,37e179423272116d,1,1,1,1.0,1
canonical_event,f183f46c08a0f79a,1,1,1,1.0,1
canonical_event,9c0c21aea7b24078,1,1,1,1.0,1
canonical_event,66d0f5719d88e795,2,1,2,0.5,2
canonical_event,eb1266ca04cfcb50,1,1,1,1.0,1
canonical_event,0975498e806d8973,1,1,1,1.0,1
canonical_event,1ebe58c1ec874bec,1,1,1,1.0,1
canonical_event,10a6ee7d2f47677b,2,1,2,0.5,2
canonical_event,87678ac16aad8186,1,1,1,1.0,1
canonical_event,aae9cdf586f572d0,1,1,1,1.0,1
canonical_event,ae214e804b488b53,2,1,2,0.5,2
canonical_event,3557bf13116ce2ef,1,1,1,1.0,1
canonical_event,e0d01a4d57103b34,1,1,1,1.0,1
canonical_event,9da93aefa7b448a8,1,1,1,1.0,1
canonical_event,8aa8c9357b0441ad,1,1,1,1.0,1
canonical_event,1aa1e97a7ab052ce,1,1,1,1.0,1
canonical_event,61b8d7443df05fcd,1,1,1,1.0,1
canonical_event,094495510ebb9589,1,1,1,1.0,1
canonical_event,825dd87f824c9b69,2,1,2,0.5,2
canonical_event,a23b6bb67f6fc2a4,1,1,1,1.0,1
canonical_event,d3ecad8108ace621,1,1,1,1.0,1
canonical_event,650ea663f98492d4,1,1,1,1.0,1
canonical_event,f5361b9ae43a706b,1,1,1,1.0,1
canonical_event,9418f2fe1296fe42,1,1,1,1.0,1
canonical_event,cbd6249260241a4f,1,1,1,1.0,1
canonical_event,dc09e8ff60816bf8,1,1,1,1.0,1
canonical_event,2cb0617f0cca2b98,1,1,1,1.0,1
canonical_event,a9ed2f9f9037b66a,1,1,1,1.0,1
canonical_event,2ff7e0e8160b3bda,2,1,2,0.5,2
canonical_event,ec2c3f944e980de7,1,1,1,1.0,1
canonical_event,671a89306fb5e4a3,1,1,1,1.0,1
canonical_event,67608f0136e63278,1,1,1,1.0,1
canonical_event,60259d509e7ac8a3,1,1,1,1.0,1
canonical_event,403e93695249759b,1,1,1,1.0,1
canonical_event,42f3135eff00c215,1,1,1,1.0,1
canonical_event,58e2278ff4b26643,1,1,1,1.0,1
canonical_event,abae07a083beb502,1,1,1,1.0,1
canonical_event,566f4117238cb53c,1,1,1,1.0,1
canonical_event,bbc1e7af2541d849,1,1,1,1.0,1
canonical_event,10b3ab20935017d7,1,1,1,1.0,1
canonical_event,35ee86e08054083f,1,1,1,1.0,1
canonical_event,f04b626b16a7d394,1,1,1,1.0,1
canonical_event,7c1a5ceb425da41c,1,1,1,1.0,1
canonical_event,47625751abbcb05b,1,1,1,1.0,1
canonical_event,74b4c40dcd9b4de7,1,1,1,1.0,1
canonical_event,c4a10025cc019e2d,1,1,1,1.0,1
canonical_event,7b4c87e114823919,1,1,1,1.0,1
canonical_event,d87388f1e631f697,2,1,2,0.5,2
canonical_event,5ba4d07735d222cf,1,1,1,1.0,1
canonical_event,d7b9f6eba10ccd0c,1,1,1,1.0,1
canonical_event,e7a0e59bb57aa505,1,1,1,1.0,1
canonical_event,7362d2a04fe0610a,1,1,1,1.0,1
canonical_event,7e973af08478d6c6,2,1,2,0.5,2
canonical_event,bb8ab4d1ecfb1882,1,1,1,1.0,1
canonical_event,2822e2cf08fdb995,1,1,1,1.0,1
canonical_event,9523c306f284900d,1,1,1,1.0,1
canonical_event,7d0e67a038303a38,1,1,1,1.0,1
canonical_event,735bda62b22ddb00,1,1,1,1.0,1
canonical_event,08b3459768f8299a,1,1,1,1.0,1
canonical_event,feedb32ee36536ce,1,1,1,1.0,1
canonical_event,fdf78a3b14dc9b1a,1,1,1,1.0,1
canonical_event,a5adb20412df73b9,1,1,1,1.0,1
canonical_event,a2df84205316a818,1,1,1,1.0,1
canonical_event,ca5b90e44d47fee1,1,1,1,1.0,1
canonical_event,b5477dda3ed63297,1,1,1,1.0,1
canonical_event,9879172f107b42c4,1,1,1,1.0,1
canonical_event,5152390d4c7adbd1,2,1,2,0.5,2
canonical_event,30295df3f55c905f,1,1,1,1.0,1
canonical_event,ca2c259b779a0939,1,1,1,1.0,1
canonical_event,227744c9d06c1c47,1,1,1,1.0,1
canonical_event,9aad179b978dc9bc,1,1,1,1.0,1
canonical_event,3b6186e07f90d54d,1,1,1,1.0,1
canonical_event,550c1ff9aebe017b,1,1,1,1.0,1
canonical_event,fcc61cbb1983f409,1,1,1,1.0,1
canonical_event,7b6551ca7bfdf02b,1,1,1,1.0,1
canonical_event,22952fa26fffed87,1,1,1,1.0,1
canonical_event,c9a031d199841b6b,1,1,1,1.0,1
canonical_event,a811fff5bf06ffcb,1,1,1,1.0,1
canonical_event,51753074aadb902d,2,1,2,0.5,2
canonical_event,647e793a2a0567d2,1,1,1,1.0,1
canonical_event,93e445be02715a12,2,1,2,0.5,2
canonical_event,62ec5a326ba84e88,1,1,1,1.0,1
canonical_event,86f274f3100ca265,1,1,1,1.0,1
canonical_event,9d571151dd03d4b8,1,1,1,1.0,1
canonical_event,99dccfefc31d7a37,1,1,1,1.0,1
canonical_event,a93d6f04d09accee,1,1,1,1.0,1
canonical_event,f3f203cb93916203,1,1,1,1.0,1
canonical_event,2c20b4962be32d21,1,1,1,1.0,1
canonical_event,2ec9e2698af2f03e,2,1,2,0.5,2
canonical_event,7a12ea7f2e085a07,1,1,1,1.0,1
canonical_event,02096b36cf73f3f0,1,1,1,1.0,1
canonical_event,1fa8671c360e0ceb,1,1,1,1.0,1
canonical_event,d69027a688028002,1,1,1,1.0,1
canonical_event,fe30f93adb1b5f02,1,1,1,1.0,1
canonical_event,2e80b75d55cca2d2,1,1,1,1.0,1
canonical_event,62ed78c30d4e61a7,1,1,1,1.0,1
canonical_event,48226f6266f12143,1,1,1,1.0,1
canonical_event,0568a8150f887a6e,1,1,1,1.0,1
canonical_event,f5ce296e2954034f,1,1,1,1.0,1
canonical_event,0b939ce2e75545d1,1,1,1,1.0,1
canonical_event,dbc4db2962fe5c0f,1,1,1,1.0,1
canonical_event,06a4359fa35e1743,1,1,1,1.0,1
canonical_event,881f7a5ab3a1f97b,1,1,1,1.0,1
canonical_event,90b53c834437b9ce,1,1,1,1.0,1
canonical_event,abc45ccfd90b7c9f,1,1,1,1.0,1
canonical_event,6e0d195d790acf6d,1,1,1,1.0,1
canonical_event,852c5edc894fffe6,1,1,1,1.0,1
canonical_event,7cba8318128d6264,1,1,1,1.0,1
canonical_event,de4119ca3566d244,1,1,1,1.0,1
canonical_event,53cfbf0aa2185844,1,1,1,1.0,1
canonical_event,bc435c0066f190ae,1,1,1,1.0,1
canonical_event,dc3e4f9dd7937595,1,1,1,1.0,1
canonical_event,915857f4c5e787a2,1,1,1,1.0,1
canonical_event,a8905752e5cf3ca2,1,1,1,1.0,1
canonical_event,be62c5dcd39d6fa8,1,1,1,1.0,1
canonical_event,ddec2efeb0779818,1,1,1,1.0,1
canonical_event,0aaf19b55627e3d0,1,1,1,1.0,1
canonical_event,3da7a4a67565b254,1,1,1,1.0,1
canonical_event,1178a10e88dbff75,1,1,1,1.0,1
canonical_event,c541538a9cad6136,1,1,1,1.0,1
canonical_event,46efbfd4ea043cd8,1,1,1,1.0,1
canonical_event,45ebd0d49be85206,1,1,1,1.0,1
canonical_event,bbcc844c88e556ac,1,1,1,1.0,1
canonical_event,6f555e49237bace7,2,1,2,0.5,2
canonical_event,ded58bfd2d5bc144,2,1,2,0.5,2
canonical_event,ea6d6c386407803c,1,1,1,1.0,1
canonical_event,8c957f33f36564a3,1,1,1,1.0,1
canonical_event,d5f1258a6469ea38,1,1,1,1.0,1
canonical_event,61457d3404803230,1,1,1,1.0,1
canonical_event,2a1718f799ccab44,1,1,1,1.0,1
canonical_event,9f93beaf7de37250,2,1,2,0.5,2
canonical_event,f1ac57a850b2f966,1,1,1,1.0,1
canonical_event,ab35f72a26685ca4,1,1,1,1.0,1
canonical_event,007a4810602b697a,1,1,1,1.0,1
canonical_event,b58ca53e8460c571,2,1,2,0.5,2
canonical_event,48e4f4c58280ecff,1,1,1,1.0,1
canonical_event,ec253c059a5efb9b,1,1,1,1.0,1
canonical_event,245db7ee200413fc,1,1,1,1.0,1
canonical_event,d8b58d346444d43a,1,1,1,1.0,1
canonical_event,f346408bf09ccf84,2,1,2,0.5,2
canonical_event,6a6797334adcd36b,1,1,1,1.0,1
canonical_event,ea6945fe5eb7f630,1,1,1,1.0,1
canonical_event,4514fb6c5535df36,1,1,1,1.0,1
canonical_event,0c5b91104757dc32,1,1,1,1.0,1
canonical_event,e7d04d302743358f,2,1,2,0.5,2
canonical_event,9e39e12259bfcfae,1,1,1,1.0,1
canonical_event,dec561b47ab13b71,1,1,1,1.0,1
canonical_event,436aaa48a30ac9e6,1,1,1,1.0,1
canonical_event,1090b5c7bad499c2,1,1,1,1.0,1
canonical_event,c808292d9b2fd253,1,1,1,1.0,1
canonical_event,f2f45dc9f97f8ed3,1,1,1,1.0,1
canonical_event,5cc7279d761f92e7,1,1,1,1.0,1
canonical_event,9c325c9fd6f6824e,1,1,1,1.0,1
canonical_event,351f57241bacb3ad,1,1,1,1.0,1
canonical_event,bcd7fc45c89773ee,1,1,1,1.0,1
canonical_event,5042a2136ac3c779,1,1,1,1.0,1
canonical_event,07a740fb86e8ad36,1,1,1,1.0,1
canonical_event,457f65ca332acaea,1,1,1,1.0,1
canonical_event,450b79dae405bc1c,1,1,1,1.0,1
canonical_event,6b2a8530ef3d2373,1,1,1,1.0,1
canonical_event,cb5c8c855396699d,1,1,1,1.0,1
canonical_event,cd4142a681879310,1,1,1,1.0,1
canonical_event,f3fd8222b7e7db7f,1,1,1,1.0,1
canonical_event,24c08f66aa9d106a,1,1,1,1.0,1
canonical_event,fd18c374912d163e,1,1,1,1.0,1
canonical_event,ad3ed67ee5fedd53,1,1,1,1.0,1
canonical_event,c629ae791b9787b4,1,1,1,1.0,1
canonical_event,e504341e5e88ad6e,1,1,1,1.0,1
canonical_event,02d971879127627c,1,1,1,1.0,1
canonical_event,e54097ae17bec570,1,1,1,1.0,1
canonical_event,c62ac42efde9070a,1,1,1,1.0,1
canonical_event,9154e2d424accba7,1,1,1,1.0,1
canonical_event,f53f0558d76957df,1,1,1,1.0,1
canonical_event,3d9fcc950f313ae9,1,1,1,1.0,1
canonical_event,6597c02a8ff3c2b8,1,1,1,1.0,1
canonical_event,71623737c9a264f2,1,1,1,1.0,1
canonical_event,62eaf11c86c64afc,1,1,1,1.0,1
canonical_event,0c1440dca9bef0a9,1,1,1,1.0,1
canonical_event,e3e2052a498fc897,1,1,1,1.0,1
canonical_event,b50be98640b275aa,1,1,1,1.0,1
canonical_event,24f067649cec2c28,1,1,1,1.0,1
canonical_event,abccac32f0609a9c,1,1,1,1.0,1
canonical_event,c961e193c58baa34,1,1,1,1.0,1
canonical_event,f5d26bdff10125a8,1,1,1,1.0,1
canonical_event,ad2009a79e8075c5,1,1,1,1.0,1
canonical_event,b16ef9923a6651b9,1,1,1,1.0,1
canonical_event,369f9c404c8a27f5,1,1,1,1.0,1
canonical_event,fa6509893e7d615d,1,1,1,1.0,1
canonical_event,5e4d1ad11e12adbf,1,1,1,1.0,1
canonical_event,acd017746a953eae,1,1,1,1.0,1
canonical_event,1d5622de5ff4267e,1,1,1,1.0,1
canonical_event,87556168bb642eb4,1,1,1,1.0,1
canonical_event,727184e91bbbc9de,1,1,1,1.0,1
canonical_event,5855fe144f7e0d8d,1,1,1,1.0,1
canonical_event,e67057c4cb6db307,1,1,1,1.0,1
canonical_event,9b6739acf06deff0,1,1,1,1.0,1
canonical_event,23f677deadca3bcd,1,1,1,1.0,1
canonical_event,52835cc131a4eba6,1,1,1,1.0,1
canonical_event,a4278816820a930b,1,1,1,1.0,1
canonical_event,f5bd65a8c0e42a20,1,1,1,1.0,1
canonical_event,bfc63b2725bad353,1,1,1,1.0,1
canonical_event,9ddbab4b28ce65f2,1,1,1,1.0,1
canonical_event,1399ef49a5e6727f,1,1,1,1.0,1
canonical_event,ae147562a5172566,2,1,2,0.5,2
canonical_event,39fab733431fa52a,1,1,1,1.0,1
canonical_event,d1ba7c00aecb682e,1,1,1,1.0,1
canonical_event,bb0ab6852869a93d,1,1,1,1.0,1
canonical_event,5eb869744056bf2d,1,1,1,1.0,1
canonical_event,8245992e897f5208,1,1,1,1.0,1
canonical_event,0bfeee30201bde8c,1,1,1,1.0,1
canonical_event,d558a44e2c3dc641,1,1,1,1.0,1
canonical_event,523d1a1b163a72b7,1,1,1,1.0,1
canonical_event,5bd4f90b5328f2cb,1,1,1,1.0,1
canonical_event,a7671fab79a0f72e,2,1,2,0.5,2
canonical_event,5ae792148f82fd67,2,1,2,0.5,2
canonical_event,601b6c894f1fb67f,1,1,1,1.0,1
canonical_event,aaccbc0ab0eea275,1,1,1,1.0,1
canonical_event,7020cafc0cf152d2,1,1,1,1.0,1
canonical_event,72d638052b090295,2,1,2,0.5,2
canonical_event,bed7aa23ee3bf30a,1,1,1,1.0,1
canonical_event,32b1165f4424ebc1,1,1,1,1.0,1
canonical_event,a060caa96b7c8ac5,1,1,1,1.0,1
canonical_event,92e1acb996bdf985,1,1,1,1.0,1
canonical_event,976c1bd21f403d51,1,1,1,1.0,1
canonical_event,e1019897f314c9ac,1,1,1,1.0,1
canonical_event,283b2f6f64c4a64c,2,1,2,0.5,2
canonical_event,2938cf0a31227d75,1,1,1,1.0,1
canonical_event,367407491b351d4a,1,1,1,1.0,1
canonical_event,d13010593f06068f,1,1,1,1.0,1
canonical_event,defcc2efd3994057,1,1,1,1.0,1
canonical_event,6a4218e17a9f288c,1,1,1,1.0,1
canonical_event,a7b52d4e2a78f505,2,1,2,0.5,2
canonical_event,3240f4ec3a60abc8,1,1,1,1.0,1
canonical_event,23a67ea7d68936c5,1,1,1,1.0,1
canonical_event,cf48695e156261d2,1,1,1,1.0,1
canonical_event,96f19c130185275f,1,1,1,1.0,1
canonical_event,66e95f80ba235147,1,1,1,1.0,1
canonical_event,00b0483b152de75d,1,1,1,1.0,1
canonical_event,42362d816e198258,2,1,2,0.5,2
canonical_event,b486bd157cf0a239,1,1,1,1.0,1
canonical_event,20b05e41c30d6f83,1,1,1,1.0,1
canonical_event,55ebb08bb32309b9,1,1,1,1.0,1
canonical_event,c563f08e2dde981b,1,1,1,1.0,1
canonical_event,727db85b0a0141c9,1,1,1,1.0,1
canonical_event,95de14558a95533b,1,1,1,1.0,1
canonical_event,c743a91baa852fb5,2,1,2,0.5,2
canonical_event,4d6390fc561395ed,1,1,1,1.0,1
canonical_event,3f21d44afa11109f,1,1,1,1.0,1
canonical_event,cfe0736bae4f191d,1,1,1,1.0,1
canonical_event,1b282955207f5c0d,1,1,1,1.0,1
canonical_event,00172a42b2ec9d88,1,1,1,1.0,1
canonical_event,11496f5308bb191f,1,1,1,1.0,1
canonical_event,ba3caea7fd7e6984,1,1,1,1.0,1
canonical_event,f3b346570e75c8d0,1,1,1,1.0,1
canonical_event,141b563eb97c6f45,1,1,1,1.0,1
canonical_event,8c26114b5d8c34ef,2,1,2,0.5,2
canonical_event,90116118363ae024,1,1,1,1.0,1
canonical_event,4fe0a935e8f860ea,1,1,1,1.0,1
canonical_event,f429ddb2ddf1492a,1,1,1,1.0,1
canonical_event,05b3ffa2351b57f1,1,1,1,1.0,1
canonical_event,9d7fa50c6eec91d8,1,1,1,1.0,1
canonical_event,f9b6d922ddad5ab5,1,1,1,1.0,1
canonical_event,0b536fb360d799cf,1,1,1,1.0,1
canonical_event,d7d2aef80d913ebf,1,1,1,1.0,1
canonical_event,952baf38b615db5d,1,1,1,1.0,1
canonical_event,0b58f0ad281b36ca,2,1,2,0.5,2
canonical_event,d410cf7e31b05c2a,1,1,1,1.0,1
canonical_event,9fead86cc313565c,1,1,1,1.0,1
canonical_event,503343fcb9cc34c8,1,1,1,1.0,1
canonical_event,54837daac67794b0,3,2,2,0.6666666666666666,3-5
canonical_event,8be9f09d36d42602,1,1,1,1.0,1
canonical_event,ff2cd944b81214b9,1,1,1,1.0,1
canonical_event,27e361080bfd0af9,1,1,1,1.0,1
canonical_event,3e951d77690ddb6e,1,1,1,1.0,1
canonical_event,0ff53f28ff3614e6,1,1,1,1.0,1
canonical_event,d5ba022200ce18c8,1,1,1,1.0,1
canonical_event,7e598c3d201be017,1,1,1,1.0,1
canonical_event,c8d0f7d05891e52c,1,1,1,1.0,1
canonical_event,e1b8d73f88c67c19,1,1,1,1.0,1
canonical_event,77d4eb1bb3b345a6,1,1,1,1.0,1
canonical_event,a6602e962dad7075,1,1,1,1.0,1
canonical_event,c3de23d05d5584a0,1,1,1,1.0,1
canonical_event,bf3dbd111d205954,1,1,1,1.0,1
canonical_event,12212642312ed5a9,1,1,1,1.0,1
canonical_event,d670ee0ade367a05,1,1,1,1.0,1
canonical_event,118f871d6754727d,1,1,1,1.0,1
canonical_event,a215fd71d191a074,1,1,1,1.0,1
canonical_event,0a7c5fad101ff853,1,1,1,1.0,1
canonical_event,4b31199705a1d122,2,1,2,0.5,2
canonical_event,baa234e6579935b0,1,1,1,1.0,1
canonical_event,613b2caac6fbbdca,1,1,1,1.0,1
canonical_event,bee6d48de2027149,1,1,1,1.0,1
canonical_event,d132d43c91ff75ab,1,1,1,1.0,1
canonical_event,fe65bef071522745,1,1,1,1.0,1
canonical_event,d6e78303877bbfe7,1,1,1,1.0,1
canonical_event,5cc3e1eeb8664202,1,1,1,1.0,1
canonical_event,34603ff8c6d1a0a0,1,1,1,1.0,1
canonical_event,d298b87715ea9df6,2,1,2,0.5,2
canonical_event,62140edcb660be74,1,1,1,1.0,1
canonical_event,efbe6dccfc9c1c78,1,1,1,1.0,1
canonical_event,5880f43cd8078f63,1,1,1,1.0,1
canonical_event,12fbda391be7396c,1,1,1,1.0,1
canonical_event,2417ca6832da127f,1,1,1,1.0,1
canonical_event,186409a235deda04,2,1,2,0.5,2
canonical_event,8a68cc954bfec506,1,1,1,1.0,1
canonical_event,aad4474c3351a369,1,1,1,1.0,1
canonical_event,771d187515b5d000,1,1,1,1.0,1
canonical_event,e6bcead4e5b574b0,1,1,1,1.0,1
canonical_event,d5efa002ea10c0c9,1,1,1,1.0,1
canonical_event,711bdec446b6f3db,1,1,1,1.0,1
canonical_event,4cfdd6c02e68578c,1,1,1,1.0,1
canonical_event,86c0e4578adbe3da,1,1,1,1.0,1
canonical_event,f25591d7839d4727,1,1,1,1.0,1
canonical_event,53d0499673b11211,1,1,1,1.0,1
canonical_event,7e54ad9728d68a83,1,1,1,1.0,1
canonical_event,0699ed24c9d9d566,1,1,1,1.0,1
canonical_event,4e53c618fc9254f9,1,1,1,1.0,1
canonical_event,458318ecfbd91d70,1,1,1,1.0,1
canonical_event,50a6947e2dddf899,1,1,1,1.0,1
canonical_event,6faaf96be2963c11,2,1,2,0.5,2
canonical_event,3fbc2485dde950ea,1,1,1,1.0,1
canonical_event,7cd43334c7d9e0c5,1,1,1,1.0,1
canonical_event,66876be6a27e1e73,1,1,1,1.0,1
canonical_event,09f55668f06dea0d,1,1,1,1.0,1
canonical_event,bf4c880459081508,2,1,2,0.5,2
canonical_event,4b34bfc605b9bcd9,2,1,2,0.5,2
canonical_event,aafe2d36c55d1e6d,1,1,1,1.0,1
canonical_event,7195c0e4f65197bc,1,1,1,1.0,1
canonical_event,c21f744059d14bdb,1,1,1,1.0,1
canonical_event,9a6d2c9bb9be78cd,1,1,1,1.0,1
canonical_event,f68159dddf2f5c64,1,1,1,1.0,1
canonical_event,a161c4625b3e6f64,1,1,1,1.0,1
canonical_event,612c103c1bc19593,1,1,1,1.0,1
canonical_event,0b2b9d4fe8468679,1,1,1,1.0,1
canonical_event,c7f0675b74ff164b,1,1,1,1.0,1
canonical_event,a47968a8f9933625,1,1,1,1.0,1
canonical_event,5665a251c9ee33af,2,1,2,0.5,2
canonical_event,5e00b607bf0d6282,1,1,1,1.0,1
canonical_event,c0e631b4e86aa03a,1,1,1,1.0,1
canonical_event,07cd815d2040a601,1,1,1,1.0,1
canonical_event,861967f237d11e14,1,1,1,1.0,1
canonical_event,4dc0c51195d9a4aa,1,1,1,1.0,1
canonical_event,021537a835df6ded,1,1,1,1.0,1
canonical_event,1e5e687975af36d2,2,1,2,0.5,2
canonical_event,a499d5bf931d337f,1,1,1,1.0,1
canonical_event,5c37b261b053b198,1,1,1,1.0,1
canonical_event,6645f3b218bad7c0,1,1,1,1.0,1
canonical_event,28e5ce9b8b62b2ba,1,1,1,1.0,1
canonical_event,afa0f6527ae56f49,1,1,1,1.0,1
canonical_event,1ce0a01f6a7eb6af,1,1,1,1.0,1
canonical_event,ea53e3c7049b66bf,1,1,1,1.0,1
canonical_event,4cd0d119858bd662,1,1,1,1.0,1
canonical_event,76a3c316eafc2815,1,1,1,1.0,1
canonical_event,d8600211b7d452c8,2,1,2,0.5,2
canonical_event,46cafc72f13f8d04,2,1,2,0.5,2
canonical_event,785dbb6fc4fdf73e,1,1,1,1.0,1
canonical_event,13ee668caade17e6,1,1,1,1.0,1
canonical_event,e10bd18b99134bf1,2,1,2,0.5,2
canonical_event,4dd26e782f2f6da4,1,1,1,1.0,1
canonical_event,df65bac5082751ff,1,1,1,1.0,1
canonical_event,a6a128a895547787,1,1,1,1.0,1
canonical_event,3f18e35323221f63,1,1,1,1.0,1
canonical_event,8a53cb479e9a3537,1,1,1,1.0,1
canonical_event,6d721c73d7b57664,1,1,1,1.0,1
canonical_event,62867e57d84f5c22,1,1,1,1.0,1
canonical_event,be9a17c10079df6e,1,1,1,1.0,1
canonical_event,c65be88cc8c0e932,1,1,1,1.0,1
canonical_event,e6dcd65416345a12,1,1,1,1.0,1
canonical_event,ac6cc45045bf9469,2,1,2,0.5,2
canonical_event,6d8b6f1690baeb33,1,1,1,1.0,1
canonical_event,0ef1b75f3b1deb88,1,1,1,1.0,1
canonical_event,aa8509233065661f,1,1,1,1.0,1
canonical_event,a5d2699abf3fab50,1,1,1,1.0,1
canonical_event,7bc3e69c6f3ea655,1,1,1,1.0,1
canonical_event,15b64734fba099d3,1,1,1,1.0,1
canonical_event,f64a6005bd997730,1,1,1,1.0,1
canonical_event,f11cb4512891aa4c,1,1,1,1.0,1
canonical_event,328f7ce44cf3d62c,1,1,1,1.0,1
canonical_event,8926ec609078c1f3,2,1,2,0.5,2
canonical_event,21a4b0d2224461d5,1,1,1,1.0,1
canonical_event,70c98bea5177108f,1,1,1,1.0,1
canonical_event,4d64142a14a74b6e,1,1,1,1.0,1
canonical_event,a3508cee52c8a944,2,1,2,0.5,2
canonical_event,2b581faaa7fe02b9,1,1,1,1.0,1
canonical_event,1e352e6bd6557210,1,1,1,1.0,1
canonical_event,ed65cbe320c03682,1,1,1,1.0,1
canonical_event,0ed4b5d8da146981,1,1,1,1.0,1
canonical_event,736ee7d18d2b2769,1,1,1,1.0,1
canonical_event,9ecbf8c998f5722b,1,1,1,1.0,1
canonical_event,bd47625898a97a94,1,1,1,1.0,1
canonical_event,5ad13d3fec5ea35c,1,1,1,1.0,1
canonical_event,baabb521efe6ec4f,1,1,1,1.0,1
canonical_event,38b6e2716b4d22c1,1,1,1,1.0,1
canonical_event,fb8021250d7eb9c3,2,1,2,0.5,2
canonical_event,17a9c7614182d29a,1,1,1,1.0,1
canonical_event,abd82757762b2445,2,1,2,0.5,2
canonical_event,db36496d492da083,1,1,1,1.0,1
canonical_event,57bde44fa0534fb0,1,1,1,1.0,1
canonical_event,3537fcfe4540301e,1,1,1,1.0,1
canonical_event,49bf7d3b3acead92,1,1,1,1.0,1
canonical_event,6c8acf08b0f68be4,1,1,1,1.0,1
canonical_event,d7081f510e7b5d21,2,1,2,0.5,2
canonical_event,4aef01d680f386fc,1,1,1,1.0,1
canonical_event,e7dfb03eb6c80988,1,1,1,1.0,1
canonical_event,76acb55190756b4f,2,1,2,0.5,2
canonical_event,57d48e0ae54bfa39,1,1,1,1.0,1
canonical_event,1b6187b8de66bbf8,1,1,1,1.0,1
canonical_event,964cb4e24effde6d,1,1,1,1.0,1
canonical_event,bd170805a42e499d,1,1,1,1.0,1
canonical_event,6fbddacce72a63f2,1,1,1,1.0,1
canonical_event,4d089d9039ff5249,1,1,1,1.0,1
canonical_event,abbfb1d680c6a1f2,1,1,1,1.0,1
canonical_event,09575e987ccb4163,1,1,1,1.0,1
canonical_event,36d4410057c2d8f4,1,1,1,1.0,1
canonical_event,4ecf7bb3558c1996,1,1,1,1.0,1
canonical_event,a8dd8e3b6ce5779d,1,1,1,1.0,1
canonical_event,5bce79ed588dda4e,2,1,2,0.5,2
canonical_event,765d0a05440a60c1,1,1,1,1.0,1
canonical_event,745f36fa8561baad,1,1,1,1.0,1
canonical_event,8af697af80439ddd,1,1,1,1.0,1
canonical_event,164698be37a1dc50,1,1,1,1.0,1
canonical_event,a4210271252e0e1e,1,1,1,1.0,1
canonical_event,57a11b2056fd04ad,1,1,1,1.0,1
canonical_event,c26f9894e775ae21,1,1,1,1.0,1
canonical_event,9bc0de94cc6eeb0c,1,1,1,1.0,1
canonical_event,8b5a3e37494d476f,1,1,1,1.0,1
canonical_event,d1d4de9dd648f447,1,1,1,1.0,1
canonical_event,2ce2a0f81849c7f5,1,1,1,1.0,1
canonical_event,004e6ed77f4797fe,1,1,1,1.0,1
canonical_event,0b8012632b7a11cb,1,1,1,1.0,1
canonical_event,9fb98c8ca83314bc,1,1,1,1.0,1
canonical_event,e09db30728e4e823,1,1,1,1.0,1
canonical_event,7f7bd2f6293d7b05,1,1,1,1.0,1
canonical_event,e3187ca24eaf3e73,1,1,1,1.0,1
canonical_event,ce7ea1e021507e9f,1,1,1,1.0,1
canonical_event,00d90ea4dd87c2b6,1,1,1,1.0,1
canonical_event,7f02e6ceca16eddc,1,1,1,1.0,1
canonical_event,0463f3dd39c48aa4,1,1,1,1.0,1
canonical_event,2bc59401b642d5be,1,1,1,1.0,1
canonical_event,139de23d0ebd546c,1,1,1,1.0,1
canonical_event,4c3fe0944d87ef78,2,1,2,0.5,2
canonical_event,ee76f396b83ec142,1,1,1,1.0,1
canonical_event,9e4e14a6df680341,1,1,1,1.0,1
canonical_event,51d4f7ccf38eb839,1,1,1,1.0,1
canonical_event,429725bf4a04bc18,1,1,1,1.0,1
canonical_event,cba04d43d827a874,2,1,2,0.5,2
canonical_event,2c9413acd30369ef,1,1,1,1.0,1
canonical_event,62493ada91819af3,1,1,1,1.0,1
canonical_event,13be53a7f213a4d6,1,1,1,1.0,1
canonical_event,321d541e0f56ff5d,1,1,1,1.0,1
canonical_event,09af996487b065e2,1,1,1,1.0,1
canonical_event,a628af0fd0bc8bc9,1,1,1,1.0,1
canonical_event,0e223da52a8ae6b5,1,1,1,1.0,1
canonical_event,ee1cca08ae95d425,1,1,1,1.0,1
canonical_event,3c3749b6e49af8fa,1,1,1,1.0,1
canonical_event,5dc46f736552d35e,1,1,1,1.0,1
canonical_event,4841dc600e48f864,1,1,1,1.0,1
canonical_event,fc85b2ba330000ad,1,1,1,1.0,1
canonical_event,3a3bf19123ce5de9,1,1,1,1.0,1
canonical_event,635bf76ddb597a6f,1,1,1,1.0,1
canonical_event,ed0e0089cc7cb006,1,1,1,1.0,1
canonical_event,7e636902063ebff1,1,1,1,1.0,1
canonical_event,fdcae5949628afab,1,1,1,1.0,1
canonical_event,aad73d50ff644ce4,2,1,2,0.5,2
canonical_event,abab4420d2ed3ffa,1,1,1,1.0,1
canonical_event,01f3e9f88f62c9f4,1,1,1,1.0,1
canonical_event,bcae4966e2a3d6c9,1,1,1,1.0,1
canonical_event,d409c599d609dd2c,1,1,1,1.0,1
canonical_event,63ebf712a820a37d,1,1,1,1.0,1
canonical_event,7af440adec4a3343,1,1,1,1.0,1
canonical_event,85e71f647232c2ed,1,1,1,1.0,1
canonical_event,ec75bc31e57d3e0b,1,1,1,1.0,1
canonical_event,67ceba93f30288c5,1,1,1,1.0,1
canonical_event,4bba1c0b9026e27f,1,1,1,1.0,1
canonical_event,e94449f2444228df,1,1,1,1.0,1
canonical_event,e4307f7eef094bbb,1,1,1,1.0,1
canonical_event,01c22d735b6c13da,1,1,1,1.0,1
canonical_event,03cdae7f25909f04,1,1,1,1.0,1
canonical_event,67f5daa2de39cb60,1,1,1,1.0,1
canonical_event,6abfa482892b6fb7,1,1,1,1.0,1
canonical_event,b7f19374e71e5b62,1,1,1,1.0,1
canonical_event,e26c1cb9263a18ae,1,1,1,1.0,1
canonical_event,1a44fe678eeadba1,1,1,1,1.0,1
canonical_event,351c2151b06e2ff8,1,1,1,1.0,1
canonical_event,d333816eb2ff4a03,1,1,1,1.0,1
canonical_event,eee0566d7cacf1d0,1,1,1,1.0,1
canonical_event,78dfeeecc9c62adf,1,1,1,1.0,1
canonical_event,68b3f30baed316c3,1,1,1,1.0,1
canonical_event,46f25ac6dc364800,1,1,1,1.0,1
canonical_event,1b54b36b90de5149,1,1,1,1.0,1
canonical_event,a1ade86ce50debce,1,1,1,1.0,1
canonical_event,3c0ff2472e68bc22,1,1,1,1.0,1
canonical_event,c95b39e08ff7972c,1,1,1,1.0,1
canonical_event,ea8e28b84c74c671,1,1,1,1.0,1
canonical_event,975c0809e187b7db,2,1,2,0.5,2
canonical_event,f4957420f265b47d,1,1,1,1.0,1
canonical_event,d8570abf306a8c63,1,1,1,1.0,1
canonical_event,63fe5641cc5cc989,2,1,2,0.5,2
canonical_event,8749b6a88aa36659,1,1,1,1.0,1
canonical_event,a70ac72fa96c2b88,1,1,1,1.0,1
canonical_event,efd9a6c62f9e2aa1,1,1,1,1.0,1
canonical_event,709f2554347774b4,1,1,1,1.0,1
canonical_event,e5799b5a221440bf,1,1,1,1.0,1
canonical_event,21800a317cd6ef0b,1,1,1,1.0,1
canonical_event,5606095b80af7a9d,1,1,1,1.0,1
canonical_event,96651d59c9457ba4,1,1,1,1.0,1
canonical_event,c7f2157f4eb91f20,1,1,1,1.0,1
canonical_event,a1517442abebf5d0,2,1,2,0.5,2
canonical_event,133a1b939d013bd3,1,1,1,1.0,1
canonical_event,dd5e351fc1698150,1,1,1,1.0,1
canonical_event,8b4d179d93e0ca00,1,1,1,1.0,1
canonical_event,17b67f206731f0e4,1,1,1,1.0,1
canonical_event,dbffb5f5cbefd32b,2,1,2,0.5,2
canonical_event,ddc21829b364ab24,1,1,1,1.0,1
canonical_event,be477377ac85dbc6,1,1,1,1.0,1
canonical_event,cd4311ed27038764,1,1,1,1.0,1
canonical_event,531f8a04da2d8d59,1,1,1,1.0,1
canonical_event,4fc95ae5123d7a19,1,1,1,1.0,1
canonical_event,2fa07f9d1fcde918,2,1,2,0.5,2
canonical_event,40bf84435d5d09e4,1,1,1,1.0,1
canonical_event,fae2ea1f679dc95d,1,1,1,1.0,1
canonical_event,fe61e141459ed7c0,2,1,2,0.5,2
canonical_event,29eab338d3dd2160,1,1,1,1.0,1
canonical_event,81f9b720d53ced6f,1,1,1,1.0,1
canonical_event,f936ff1ac2debbfc,1,1,1,1.0,1
canonical_event,7dfc9a9479574f1f,1,1,1,1.0,1
canonical_event,1b80347c1565b275,1,1,1,1.0,1
canonical_event,0549a127cc77743f,1,1,1,1.0,1
canonical_event,9c1fcca8dbf7fac9,1,1,1,1.0,1
canonical_event,c99678a41dfc9dba,2,1,2,0.5,2
canonical_event,b08b580aa7a594e8,1,1,1,1.0,1
canonical_event,fdf4869a641dfa1b,1,1,1,1.0,1
canonical_event,a56bca13cb2e121c,1,1,1,1.0,1
canonical_event,4fe3546da86e4547,1,1,1,1.0,1
canonical_event,fae92f1124be22a7,1,1,1,1.0,1
canonical_event,45b25d414abc6ab8,2,1,2,0.5,2
canonical_event,a5a14c8cc6aee4fd,1,1,1,1.0,1
canonical_event,fb9d073909fdf795,1,1,1,1.0,1
canonical_event,36f267a7f6973627,1,1,1,1.0,1
canonical_event,4d3ed3ecb1c21572,1,1,1,1.0,1
canonical_event,cdb2cb3949082882,1,1,1,1.0,1
canonical_event,23d591b16d133cf7,2,1,2,0.5,2
canonical_event,cc58faaa98aeb8f6,1,1,1,1.0,1
canonical_event,81c763b97118dcc7,1,1,1,1.0,1
canonical_event,a2b364001197656d,1,1,1,1.0,1
canonical_event,837104332e6bff96,1,1,1,1.0,1
canonical_event,a964c149f4647ba9,1,1,1,1.0,1
canonical_event,4d59176f67f0148b,1,1,1,1.0,1
canonical_event,68d1e7ad5d23c165,1,1,1,1.0,1
canonical_event,97f2e2ddcd372fbe,1,1,1,1.0,1
canonical_event,e5c456d18ed20d43,1,1,1,1.0,1
canonical_event,defc9744141fa0c5,1,1,1,1.0,1
canonical_event,0b9d0f2ee2688a00,1,1,1,1.0,1
canonical_event,e260adb202a569ce,1,1,1,1.0,1
canonical_event,db2d4b25fd6e8ac3,1,1,1,1.0,1
canonical_event,072daf619e658451,1,1,1,1.0,1
canonical_event,c3a0158f657b00cd,1,1,1,1.0,1
canonical_event,449297b503f40df5,1,1,1,1.0,1
canonical_event,c1c18b00c2662d40,1,1,1,1.0,1
canonical_event,3218338bf7e3f653,1,1,1,1.0,1
canonical_event,c973883296b4933a,1,1,1,1.0,1
canonical_event,fb0afc166f821a59,1,1,1,1.0,1
canonical_event,8caeac92408ad4bb,1,1,1,1.0,1
canonical_event,7a1bbb1c7a927240,1,1,1,1.0,1
canonical_event,df6db246a006927c,2,1,2,0.5,2
canonical_event,245fb0fdb4ce5589,1,1,1,1.0,1
canonical_event,8cf1e322d9a79587,1,1,1,1.0,1
canonical_event,7368194beb99151d,2,1,2,0.5,2
canonical_event,6d4e04ed8ca1efda,1,1,1,1.0,1
canonical_event,7f6891be9ce86e35,1,1,1,1.0,1
canonical_event,452c0f5283afa19d,1,1,1,1.0,1
canonical_event,cd143789da223a41,1,1,1,1.0,1
canonical_event,b796ed55319a1968,1,1,1,1.0,1
canonical_event,6ad9676e32d2d538,1,1,1,1.0,1
canonical_event,766f606c30888d9d,2,1,2,0.5,2
canonical_event,70931a839ee377fe,1,1,1,1.0,1
canonical_event,0b4f02c74cf0e265,1,1,1,1.0,1
canonical_event,bbb577cf173ad672,2,1,2,0.5,2
canonical_event,c0c79f753ec5f742,1,1,1,1.0,1
canonical_event,0be7c9e6a361dfb8,1,1,1,1.0,1
canonical_event,bdc2417079c75a35,1,1,1,1.0,1
canonical_event,10386d4fb17a4a75,1,1,1,1.0,1
canonical_event,6e9eba0da0ad3de3,2,1,2,0.5,2
canonical_event,3c230f1db2c74d8b,2,2,1,1.0,2
canonical_event,f3f6aafcee3c99b0,1,1,1,1.0,1
canonical_event,e2568e11cf1fbdc4,1,1,1,1.0,1
canonical_event,f9e57ddad6b47def,1,1,1,1.0,1
canonical_event,218c0cfd05b972d0,1,1,1,1.0,1
canonical_event,0fa0890804d71c07,2,1,2,0.5,2
canonical_event,dd77fefb6cc25dfa,1,1,1,1.0,1
canonical_event,63bd7f2dd76da159,1,1,1,1.0,1
canonical_event,0c7a7815e377ba38,1,1,1,1.0,1
canonical_event,b843bb1ce34b7093,1,1,1,1.0,1
canonical_event,c3be283dbc13cd54,1,1,1,1.0,1
canonical_event,72ff01ac5205dbf3,1,1,1,1.0,1
canonical_event,710834a81990a331,1,1,1,1.0,1
canonical_event,4fbfef70b6488cf5,1,1,1,1.0,1
canonical_event,5e2d4848b0c0c56f,1,1,1,1.0,1
canonical_event,4447fb4d4bc30870,1,1,1,1.0,1
canonical_event,2990d3aa926a0346,1,1,1,1.0,1
canonical_event,ff02e711d66d6e77,1,1,1,1.0,1
canonical_event,472c7e5ae2e95209,1,1,1,1.0,1
canonical_event,f8bea499956a40c1,1,1,1,1.0,1
canonical_event,391d3bea3ccb1394,1,1,1,1.0,1
canonical_event,85cf2abc40f8bf52,1,1,1,1.0,1
canonical_event,fecb1a108ce469fe,1,1,1,1.0,1
canonical_event,6a0a254bb51f6c62,1,1,1,1.0,1
canonical_event,2b379e96bbb2a4bb,1,1,1,1.0,1
canonical_event,4eb0062d16ea7dd2,1,1,1,1.0,1
canonical_event,9a930c7584e796bb,1,1,1,1.0,1
canonical_event,f9b9162b0e7ef3b9,1,1,1,1.0,1
canonical_event,e2e1c875a39c5e77,1,1,1,1.0,1
canonical_event,c56cd70f2ca978a8,1,1,1,1.0,1
canonical_event,79d97bfdbc09b2d0,1,1,1,1.0,1
canonical_event,005bd4585fa3bfa5,1,1,1,1.0,1
canonical_event,6a959e8b26e9774e,1,1,1,1.0,1
canonical_event,65f7ffb878f398c6,2,1,2,0.5,2
canonical_event,2f1a1547edd70e41,1,1,1,1.0,1
canonical_event,652c415888c64aa0,1,1,1,1.0,1
canonical_event,eadfc894c278a1ef,1,1,1,1.0,1
canonical_event,1251c52f66ee7840,2,1,2,0.5,2
canonical_event,7f7fbb2c809805d4,1,1,1,1.0,1
canonical_event,a6ef22e2fcf02934,1,1,1,1.0,1
canonical_event,84139e6d42f15dde,1,1,1,1.0,1
canonical_event,48109a4520145408,1,1,1,1.0,1
canonical_event,b7fb67c92c6131ec,1,1,1,1.0,1
canonical_event,855c6ae1354082de,1,1,1,1.0,1
canonical_event,7368d81861bdc20d,1,1,1,1.0,1
canonical_event,00386f8da5c75b69,2,1,2,0.5,2
canonical_event,2cf89cc1a4b503e3,1,1,1,1.0,1
canonical_event,0ecd0e8e079b1300,1,1,1,1.0,1
canonical_event,1bf7b568c02b842d,1,1,1,1.0,1
canonical_event,76d142244a31244e,1,1,1,1.0,1
canonical_event,0febc6615b2e9402,1,1,1,1.0,1
canonical_event,a3c8c35d309da07f,1,1,1,1.0,1
canonical_event,13f5db6d6f0fcea1,1,1,1,1.0,1
canonical_event,a458edf7195e35d6,1,1,1,1.0,1
canonical_event,971538a60dfb4baa,1,1,1,1.0,1
canonical_event,5a8ef18ef4cc6819,2,1,2,0.5,2
canonical_event,61820c96cffc23b0,1,1,1,1.0,1
canonical_event,4e7b69151b08e6ca,1,1,1,1.0,1
canonical_event,aeef7694b5e70aa4,1,1,1,1.0,1
canonical_event,b0fdf07d4db0299b,1,1,1,1.0,1
canonical_event,fdc725946cbcc1dc,1,1,1,1.0,1
canonical_event,fbe46b262c63776d,1,1,1,1.0,1
canonical_event,333da48cbe3eadf8,1,1,1,1.0,1
canonical_event,790f36c230edba95,1,1,1,1.0,1
canonical_event,afc5f7e2b5eb12f5,1,1,1,1.0,1
canonical_event,7732d8f6007cc664,1,1,1,1.0,1
canonical_event,ffb8b6d7e7548701,1,1,1,1.0,1
canonical_event,2a96d6ee48aee507,1,1,1,1.0,1
canonical_event,c03bff6395562096,1,1,1,1.0,1
canonical_event,d9e4338d4404645c,1,1,1,1.0,1
canonical_event,b80025adac82e340,2,1,2,0.5,2
canonical_event,c83d1fc58020228c,1,1,1,1.0,1
canonical_event,cdd17ffb0a66931e,1,1,1,1.0,1
canonical_event,1d62c3a1312e37d1,1,1,1,1.0,1
canonical_event,9be21bfcaa2301e1,2,1,2,0.5,2
canonical_event,069c26a6b9f24ae7,1,1,1,1.0,1
canonical_event,973aef41547a4324,1,1,1,1.0,1
canonical_event,2445fd8bdea965d0,1,1,1,1.0,1
canonical_event,7e8b893f9351ee36,1,1,1,1.0,1
canonical_event,4328b938e496e149,1,1,1,1.0,1
canonical_event,34d89ef2f4a1cf19,1,1,1,1.0,1
canonical_event,1ca16fff886cd17e,1,1,1,1.0,1
canonical_event,b1ff60951eae879c,2,1,2,0.5,2
canonical_event,7f424e6c0d3bac82,1,1,1,1.0,1
canonical_event,a53cb3d4e1ec1f1a,1,1,1,1.0,1
canonical_event,ddf1bd9ef854c8ad,1,1,1,1.0,1
canonical_event,3a6bf184c3765958,1,1,1,1.0,1
canonical_event,f120a9b6227bd603,1,1,1,1.0,1
canonical_event,60770304b4084708,1,1,1,1.0,1
canonical_event,873c13e55a45a399,1,1,1,1.0,1
canonical_event,487783eb421a6bcc,1,1,1,1.0,1
canonical_event,ea6b857b07f0ff00,1,1,1,1.0,1
canonical_event,12251a11fcacc30b,1,1,1,1.0,1
canonical_event,e28c733b61c61b62,1,1,1,1.0,1
canonical_event,0e97f65e969d425f,1,1,1,1.0,1
canonical_event,fae3ec87bf2268bd,1,1,1,1.0,1
canonical_event,cf8f49885f1e4dc6,1,1,1,1.0,1
canonical_event,5b26bdf2433ca4d1,1,1,1,1.0,1
canonical_event,b369186a4ee53e79,1,1,1,1.0,1
canonical_event,3f5f13cb468254a6,1,1,1,1.0,1
canonical_event,247cbeb051c2ea77,1,1,1,1.0,1
canonical_event,9b54119939b5efa2,1,1,1,1.0,1
canonical_event,bc5ed403508ebded,1,1,1,1.0,1
canonical_event,ec45befd0c2f8f9a,1,1,1,1.0,1
canonical_event,3f89d7d4d6641c6f,1,1,1,1.0,1
canonical_event,fc9bc4554e7cb434,1,1,1,1.0,1
canonical_event,e847c8ec738dc43e,1,1,1,1.0,1
canonical_event,c5ef2f20378aed90,1,1,1,1.0,1
canonical_event,70fdccc783e1b16d,1,1,1,1.0,1
canonical_event,797294aab34275cd,1,1,1,1.0,1
canonical_event,1c4ccceacf636857,1,1,1,1.0,1
canonical_event,5c627f5177806f73,1,1,1,1.0,1
canonical_event,dfd324bcca11b3c3,1,1,1,1.0,1
canonical_event,9d2b0bcdaefcc728,1,1,1,1.0,1
canonical_event,04531dab1989725e,1,1,1,1.0,1
canonical_event,827399322b576cf5,1,1,1,1.0,1
canonical_event,eca192f58e1d1d22,1,1,1,1.0,1
canonical_event,55d313d082aff2aa,1,1,1,1.0,1
canonical_event,65c3b0c7453b89c9,2,1,2,0.5,2
canonical_event,1efea9d242553eef,2,1,2,0.5,2
canonical_event,4bcf455812b20ee3,1,1,1,1.0,1
canonical_event,537bac2757d8b3bf,2,1,2,0.5,2
canonical_event,ff2b44ab0cf09b98,1,1,1,1.0,1
canonical_event,328a3c8940743663,1,1,1,1.0,1
canonical_event,b392433fff8b09e2,1,1,1,1.0,1
canonical_event,31930234b2f98753,1,1,1,1.0,1
canonical_event,46f8c68f79e2a00e,2,1,2,0.5,2
canonical_event,2f8bc4cfaad996dc,1,1,1,1.0,1
canonical_event,00e33d3b2cce3511,1,1,1,1.0,1
canonical_event,f35a6ef44032591e,2,1,2,0.5,2
canonical_event,c95cab61c61db0d1,1,1,1,1.0,1
canonical_event,0939b82eb39e2d49,1,1,1,1.0,1
canonical_event,9be1a61987e9fe54,1,1,1,1.0,1
canonical_event,9517e95f209dbfcd,1,1,1,1.0,1
canonical_event,9b66ecdf75738bc1,1,1,1,1.0,1
canonical_event,b215e617a0664cb8,1,1,1,1.0,1
canonical_event,48d2ea23826e527c,1,1,1,1.0,1
canonical_event,3568a203c1c8a28a,1,1,1,1.0,1
canonical_event,33fc80fe1c19248a,1,1,1,1.0,1
canonical_event,b5545cf669ef2083,1,1,1,1.0,1
canonical_event,e78063cd186ac545,1,1,1,1.0,1
canonical_event,3c1234e93f08be94,1,1,1,1.0,1
canonical_event,745ddb6562b343a3,1,1,1,1.0,1
canonical_event,b17a9a2a15af5a22,1,1,1,1.0,1
canonical_event,0fb4189bc5e3d3f6,1,1,1,1.0,1
canonical_event,387979930b26f40a,2,1,2,0.5,2
canonical_event,0574ef44dfa39e06,1,1,1,1.0,1
canonical_event,d908bfbfb40e4233,1,1,1,1.0,1
canonical_event,73c758177e18a7f5,1,1,1,1.0,1
canonical_event,87ea50a54aaa8baa,1,1,1,1.0,1
canonical_event,9868354c85e368c7,1,1,1,1.0,1
canonical_event,1cad4307515f87ef,1,1,1,1.0,1
canonical_event,7bfc90708715674f,1,1,1,1.0,1
canonical_event,8fc85663e8b86ce7,1,1,1,1.0,1
canonical_event,0fdacd8208371c21,1,1,1,1.0,1
canonical_event,de38ad46e9ac167e,1,1,1,1.0,1
canonical_event,b68ebf947e4480c8,1,1,1,1.0,1
canonical_event,7735649b4fcbb0c8,1,1,1,1.0,1
canonical_event,0acb96a9b9d46a67,1,1,1,1.0,1
canonical_event,e4276d33a0cc20cf,1,1,1,1.0,1
canonical_event,490088ce6d21bbd6,1,1,1,1.0,1
canonical_event,d4c0370970e4aa22,1,1,1,1.0,1
canonical_event,ae932e46e8cea77b,1,1,1,1.0,1
canonical_event,2af013f2c26f9563,1,1,1,1.0,1
canonical_event,e772396f04795c40,1,1,1,1.0,1
canonical_event,51b274cc29f2dfb7,1,1,1,1.0,1
canonical_event,121d29855aa1ee7c,1,1,1,1.0,1
canonical_event,b394c358cb82d77f,1,1,1,1.0,1
canonical_event,650025dc524926de,2,1,2,0.5,2
canonical_event,4b02d73f5224d67b,1,1,1,1.0,1
canonical_event,115ba66899b15815,1,1,1,1.0,1
canonical_event,a38fa1bf5c9263d0,1,1,1,1.0,1
canonical_event,6621600149fd1982,1,1,1,1.0,1
canonical_event,1dbc0c5cd3701d20,1,1,1,1.0,1
canonical_event,3585e13cd77bcf75,1,1,1,1.0,1
canonical_event,0783825bcf51c36d,1,1,1,1.0,1
canonical_event,3d8fdb20163e2808,1,1,1,1.0,1
canonical_event,d076662005f63039,1,1,1,1.0,1
canonical_event,f9e92f6ec344cf2c,1,1,1,1.0,1
canonical_event,7e954dfaef5d7d00,1,1,1,1.0,1
canonical_event,741dd09bf33d0fdd,1,1,1,1.0,1
canonical_event,4320986a3f93699a,1,1,1,1.0,1
canonical_event,18e23b428067a152,2,1,2,0.5,2
canonical_event,26590e19d717b7ba,1,1,1,1.0,1
canonical_event,d675667193eb8d83,1,1,1,1.0,1
canonical_event,7ef19815656af153,2,1,2,0.5,2
canonical_event,387ec3baf6b34e95,1,1,1,1.0,1
canonical_event,48fd6a8aa61327c5,1,1,1,1.0,1
canonical_event,093cabcc12af0233,2,1,2,0.5,2
canonical_event,9221fef76aa4b771,1,1,1,1.0,1
canonical_event,8c1e8744a52ed3a9,1,1,1,1.0,1
canonical_event,c6a482269e8fc9fd,1,1,1,1.0,1
canonical_event,86f7c0efeff938a5,1,1,1,1.0,1
canonical_event,1686b83954d61c79,1,1,1,1.0,1
canonical_event,305a9cc25dbb600d,2,1,2,0.5,2
canonical_event,21e576f316a6ba17,1,1,1,1.0,1
canonical_event,6012332d36e66b0e,1,1,1,1.0,1
canonical_event,d132b06c4475e1e0,1,1,1,1.0,1
canonical_event,6bc0787ce3fef95f,1,1,1,1.0,1
canonical_event,98496e98e936aa31,1,1,1,1.0,1
canonical_event,1ca78178c2b07aaf,1,1,1,1.0,1
canonical_event,402a39ef7f7f302b,2,1,2,0.5,2
canonical_event,43ca919d6904ce7b,1,1,1,1.0,1
canonical_event,321b00f14cbb2def,1,1,1,1.0,1
canonical_event,c33913ee509586be,1,1,1,1.0,1
canonical_event,306c56e16edebc27,1,1,1,1.0,1
canonical_event,6d5583cbb9c987d2,1,1,1,1.0,1
canonical_event,403276c87ccbb959,1,1,1,1.0,1
canonical_event,2238afdba24e9d0c,1,1,1,1.0,1
canonical_event,88720bf590cea5a0,1,1,1,1.0,1
canonical_event,88969d70bf5d5a29,1,1,1,1.0,1
canonical_event,7d71cc14bd6d85a1,1,1,1,1.0,1
canonical_event,5f94b2a37cf9c0e0,2,1,2,0.5,2
canonical_event,a45ea9e50612ed51,1,1,1,1.0,1
canonical_event,1fdbdf75a167c08c,1,1,1,1.0,1
canonical_event,b5bf928202f56708,1,1,1,1.0,1
canonical_event,174b978b56f33e8c,1,1,1,1.0,1
canonical_event,aef2f15deede6c8e,1,1,1,1.0,1
canonical_event,1646ca40e603472c,2,1,2,0.5,2
canonical_event,7ab1982bbf2db476,1,1,1,1.0,1
canonical_event,62c65dcc268d1bff,1,1,1,1.0,1
canonical_event,9ba4c50f7f83bfd8,2,1,2,0.5,2
canonical_event,393af42bb1aef759,1,1,1,1.0,1
canonical_event,eff91a6f77006eea,1,1,1,1.0,1
canonical_event,5e4e1d2ff00765f0,1,1,1,1.0,1
canonical_event,e8897fda0c3cd4c4,1,1,1,1.0,1
canonical_event,e36bd24f5707cef8,1,1,1,1.0,1
canonical_event,a2d4422b340815bc,1,1,1,1.0,1
canonical_event,495a8215552ae31b,1,1,1,1.0,1
canonical_event,1ef0c2553170ae3a,1,1,1,1.0,1
canonical_event,725803aeb4be7ed1,2,1,2,0.5,2
canonical_event,5536313ff8b31609,1,1,1,1.0,1
canonical_event,bbe5d9f9b69e1eab,1,1,1,1.0,1
canonical_event,e31e8a1057a254e8,1,1,1,1.0,1
canonical_event,be4c8baab26e0861,1,1,1,1.0,1
canonical_event,95b24eea5e9ae869,1,1,1,1.0,1
canonical_event,02dc7ecfe2eeccf3,1,1,1,1.0,1
canonical_event,11f0d064e2abae90,1,1,1,1.0,1
canonical_event,cd02ea0b3918abd0,1,1,1,1.0,1
canonical_event,312119e497323fb8,1,1,1,1.0,1
canonical_event,248db6e2a73f5ed2,1,1,1,1.0,1
canonical_event,9ff16f5db9d20148,1,1,1,1.0,1
canonical_event,6117b15357ddc6dc,1,1,1,1.0,1
canonical_event,876c920582fad375,1,1,1,1.0,1
canonical_event,15d1fd46aafa58bc,1,1,1,1.0,1
canonical_event,8488f3deab98a3fd,1,1,1,1.0,1
canonical_event,2b29f6ea98089968,2,1,2,0.5,2
canonical_event,9b0689db37c55a17,1,1,1,1.0,1
canonical_event,400cac3a8fc6ffee,1,1,1,1.0,1
canonical_event,2456478289d91c7b,1,1,1,1.0,1
canonical_event,a84d3fbbc12c0bd0,1,1,1,1.0,1
canonical_event,55974892f582026e,1,1,1,1.0,1
canonical_event,ef066cba20c1b66e,1,1,1,1.0,1
canonical_event,0e291618c3afcab1,1,1,1,1.0,1
canonical_event,937336db6061c6ec,1,1,1,1.0,1
canonical_event,9fd629d01fd8c9df,1,1,1,1.0,1
canonical_event,e41baf0b9bda68bf,1,1,1,1.0,1
canonical_event,7dda5a94e9350191,1,1,1,1.0,1
canonical_event,3bdca3f1425c4a9b,1,1,1,1.0,1
canonical_event,294bae6111b8032a,1,1,1,1.0,1
canonical_event,b50b673748294a97,1,1,1,1.0,1
canonical_event,afee17f945744ab4,1,1,1,1.0,1
canonical_event,1cf876a181f29d27,1,1,1,1.0,1
canonical_event,f8f60c61521bb90a,1,1,1,1.0,1
canonical_event,2f7850ef22eb2a35,1,1,1,1.0,1
canonical_event,c9ab8d117bd4bff5,1,1,1,1.0,1
canonical_event,3afacd0cd5cfa6f7,1,1,1,1.0,1
canonical_event,0ea17b7b12415309,1,1,1,1.0,1
canonical_event,62c7872ce3f7b2f2,1,1,1,1.0,1
canonical_event,bda0c84e5da2d705,1,1,1,1.0,1
canonical_event,4232e6ea15991a4c,1,1,1,1.0,1
canonical_event,a8a74deff93ca72b,1,1,1,1.0,1
canonical_event,53cdc31c7ce09ed2,1,1,1,1.0,1
canonical_event,1046620a291a2e7a,1,1,1,1.0,1
canonical_event,1f08b7e229524389,1,1,1,1.0,1
canonical_event,647b8c79132a9604,1,1,1,1.0,1
canonical_event,8f76dc652644e84a,1,1,1,1.0,1
canonical_event,32ecf329aaba9628,1,1,1,1.0,1
canonical_event,ffbed1526007d548,1,1,1,1.0,1
canonical_event,8f52d79984fb6f7d,1,1,1,1.0,1
canonical_event,3bd7fef67616bc6d,1,1,1,1.0,1
canonical_event,ca02a26aaa2c6d70,1,1,1,1.0,1
canonical_event,dae0956518ab307e,1,1,1,1.0,1
canonical_event,a376d19750eea16b,1,1,1,1.0,1
canonical_event,2e0ee39eefe26ef5,1,1,1,1.0,1
canonical_event,f7048d79350ee817,1,1,1,1.0,1
canonical_event,a5f5c4357e41e586,1,1,1,1.0,1
canonical_event,9d7d2b90f60ff497,1,1,1,1.0,1
canonical_event,5507b5b5ce03ebb9,1,1,1,1.0,1
canonical_event,430e3bde60be6c1b,1,1,1,1.0,1
canonical_event,cc04e154cc6826d7,1,1,1,1.0,1
canonical_event,30f5f90df8858178,1,1,1,1.0,1
canonical_event,5258a97c4db5fe7c,1,1,1,1.0,1
canonical_event,6f1eb70a709fdda6,1,1,1,1.0,1
canonical_event,b68adb6d84665593,1,1,1,1.0,1
canonical_event,f7fea2eea3251b21,1,1,1,1.0,1
canonical_event,7a72a2d744c0eec7,1,1,1,1.0,1
canonical_event,ed68b5919268411d,1,1,1,1.0,1
canonical_event,8919eed44107ebfa,1,1,1,1.0,1
canonical_event,9a06eb865b7d7f72,1,1,1,1.0,1
canonical_event,4a93b10de08d0d80,1,1,1,1.0,1
canonical_event,e1eedaa8c26d68a2,1,1,1,1.0,1
canonical_event,f3780fba1f98a109,1,1,1,1.0,1
canonical_event,ae8e9c24cd66c668,1,1,1,1.0,1
canonical_event,ca876f5578f1a599,1,1,1,1.0,1
canonical_event,fd0e0079ed5f3b06,1,1,1,1.0,1
canonical_event,56e13775fdb4fde6,1,1,1,1.0,1
canonical_event,7d628bf6286758f0,1,1,1,1.0,1
canonical_event,cb99e0c0e596f60b,1,1,1,1.0,1
canonical_event,0ae549d752cd33ee,1,1,1,1.0,1
canonical_event,4f19085025498588,1,1,1,1.0,1
canonical_event,f4f0a70db556e9be,1,1,1,1.0,1
canonical_event,a6d51d8565573c36,1,1,1,1.0,1
canonical_event,23a751173483f2c9,1,1,1,1.0,1
canonical_event,1d23590a72dd8b05,1,1,1,1.0,1
canonical_event,c699b4a733ed3bc8,1,1,1,1.0,1
canonical_event,6535527ad698881e,1,1,1,1.0,1
canonical_event,217e6610bbc6195f,1,1,1,1.0,1
canonical_event,a108ba85170fb372,1,1,1,1.0,1
canonical_event,b41b3ed67284aaea,1,1,1,1.0,1
canonical_event,0ceaf4b54da99ba4,1,1,1,1.0,1
canonical_event,45da53fd397bda9d,1,1,1,1.0,1
canonical_event,9b90cffd064e349e,1,1,1,1.0,1
canonical_event,797fb25c02e3be54,1,1,1,1.0,1
canonical_event,7f3a9d42e8bca298,1,1,1,1.0,1
canonical_event,94bfdb5f0678ab89,1,1,1,1.0,1
canonical_event,fe6e7e94e27eeb96,1,1,1,1.0,1
canonical_event,4f52e1dbde6882c8,1,1,1,1.0,1
canonical_event,2cd2d00f99d503c3,1,1,1,1.0,1
canonical_event,b6128c76cb331527,1,1,1,1.0,1
canonical_event,993663ccc86742aa,1,1,1,1.0,1
canonical_event,488351bef93bc4b3,1,1,1,1.0,1
canonical_event,42d4fa2953691320,1,1,1,1.0,1
canonical_event,17957ea026914e28,1,1,1,1.0,1
canonical_event,018dfc7b77f2eacd,1,1,1,1.0,1
canonical_event,381473d03745a570,1,1,1,1.0,1
canonical_event,314ae5da1d9372ff,1,1,1,1.0,1
canonical_event,78c2bc6d67469076,1,1,1,1.0,1
canonical_event,e0c7adb57cd81e53,1,1,1,1.0,1
canonical_event,0bd7e79ddaf2607c,1,1,1,1.0,1
canonical_event,2d024aa4db4e34a2,1,1,1,1.0,1
canonical_event,9a153be8de43018a,1,1,1,1.0,1
canonical_event,b9e33b21ea4a9f47,1,1,1,1.0,1
canonical_event,c0d105393d624dff,1,1,1,1.0,1
canonical_event,26c6d53d67dc5dd0,1,1,1,1.0,1
canonical_event,d0e74de4c9a9672e,1,1,1,1.0,1
canonical_event,8cd0d954e0deb310,1,1,1,1.0,1
canonical_event,cb51c354f5c4080f,1,1,1,1.0,1
canonical_event,4a4c8bbc4e8ee3c6,1,1,1,1.0,1
canonical_event,d08c1c3e97f4ec76,1,1,1,1.0,1
canonical_event,df36995712452c14,1,1,1,1.0,1
canonical_event,b70901d443a5e71a,1,1,1,1.0,1
canonical_event,b2a3afec6ab464a4,1,1,1,1.0,1
canonical_event,dc867794db0c7589,1,1,1,1.0,1
canonical_event,4bcf30c6b7c84351,1,1,1,1.0,1
canonical_event,5ed355a3a64a16be,1,1,1,1.0,1
canonical_event,c50482c9002640b0,1,1,1,1.0,1
canonical_event,739f29d43639843d,1,1,1,1.0,1
canonical_event,e8f571dc2443b3ac,1,1,1,1.0,1
canonical_event,cd155eb942436a77,1,1,1,1.0,1
canonical_event,f398d6f72cf356c8,1,1,1,1.0,1
canonical_event,205aaa02cf651549,1,1,1,1.0,1
canonical_event,9822526c7f36a0cf,1,1,1,1.0,1
canonical_event,f1e3218271b256b0,1,1,1,1.0,1
canonical_event,d3b17960416cc50b,1,1,1,1.0,1
canonical_event,6f3a88dc5076a079,1,1,1,1.0,1
canonical_event,2a12a9a817e0429e,1,1,1,1.0,1
canonical_event,e161965604a6126f,1,1,1,1.0,1
canonical_event,afef7eca0f840968,1,1,1,1.0,1
canonical_event,5fdd5ee5a380fa31,1,1,1,1.0,1
canonical_event,2f7223096736bf08,1,1,1,1.0,1
canonical_event,7d1794f0002fdee4,1,1,1,1.0,1
canonical_event,081aa678f4b45fa8,1,1,1,1.0,1
canonical_event,cf2bafa020eac92e,1,1,1,1.0,1
canonical_event,204478d70abd52ac,1,1,1,1.0,1
canonical_event,2efcf31fe885e3eb,1,1,1,1.0,1
canonical_event,84e98f06a1fead4c,1,1,1,1.0,1
canonical_event,5208e5ca217961d2,1,1,1,1.0,1
canonical_event,2015ca793085ce5d,1,1,1,1.0,1
canonical_event,5d09dfbf038ce494,1,1,1,1.0,1
canonical_event,42095a319ab7124f,1,1,1,1.0,1
canonical_event,145db10f8c5172e1,1,1,1,1.0,1
canonical_event,8092bfb72181ad22,1,1,1,1.0,1
canonical_event,2b86051d494d896b,1,1,1,1.0,1
canonical_event,2917771f4ae5e7e6,1,1,1,1.0,1
canonical_event,abbb1b8af1408099,1,1,1,1.0,1
canonical_event,158666968f8ccf6d,1,1,1,1.0,1
canonical_event,0b6eafa5b5df27aa,1,1,1,1.0,1
canonical_event,7d012fd740c99340,1,1,1,1.0,1
canonical_event,4477aeeafd62d43f,1,1,1,1.0,1
canonical_event,055019fdabc255eb,1,1,1,1.0,1
canonical_event,5eced3b26bf6ddae,1,1,1,1.0,1
canonical_event,4ff8f9f1ec163154,1,1,1,1.0,1
canonical_event,306158b6f4f4bf4e,1,1,1,1.0,1
canonical_event,de7a2e274f971f3c,1,1,1,1.0,1
canonical_event,6e3272d97a8e1b1f,1,1,1,1.0,1
canonical_event,233e2141b1ebb935,1,1,1,1.0,1
canonical_event,1e0cad3de68d8bfb,1,1,1,1.0,1
canonical_event,3c66e1598626d0a3,1,1,1,1.0,1
canonical_event,95be9461acef2ff1,1,1,1,1.0,1
canonical_event,33ed2c76efe6d75f,1,1,1,1.0,1
canonical_event,33093ad0dd00c09f,1,1,1,1.0,1
canonical_event,c3df7b38e90bd928,1,1,1,1.0,1
canonical_event,1594ac8e07e4a9b0,1,1,1,1.0,1
canonical_event,8b55cece1f1f4df0,1,1,1,1.0,1
canonical_event,c788a96a134016cc,2,1,2,0.5,2
canonical_event,1f4318ed511d47c1,1,1,1,1.0,1
canonical_event,4396829a1ce46d8b,1,1,1,1.0,1
canonical_event,b668029968d9542c,1,1,1,1.0,1
canonical_event,7523239750a42242,1,1,1,1.0,1
canonical_event,ef9ec88a1dc2883f,1,1,1,1.0,1
canonical_event,bf2756d62bf81a0d,2,1,2,0.5,2
canonical_event,857550ddc61eaaab,1,1,1,1.0,1
canonical_event,51af3dcff8949763,1,1,1,1.0,1
canonical_event,dc60d43de0f5999c,1,1,1,1.0,1
canonical_event,373bb910d654f715,1,1,1,1.0,1
canonical_event,966f8b107a590fc0,1,1,1,1.0,1
canonical_event,cbab4a7ed5e27141,1,1,1,1.0,1
canonical_event,50091cfbcdad38a6,1,1,1,1.0,1
canonical_event,2a90e164eee985c6,1,1,1,1.0,1
canonical_event,d5853849819ce20a,1,1,1,1.0,1
canonical_event,6ede27144cb9fc86,2,1,2,0.5,2
canonical_event,26afe8eaa975c6bd,1,1,1,1.0,1
canonical_event,a0ee50cf5a1be5f1,1,1,1,1.0,1
canonical_event,366c300b5d20b566,1,1,1,1.0,1
canonical_event,1494cf2ecbd78de3,1,1,1,1.0,1
canonical_event,dbcf6541702df9b3,1,1,1,1.0,1
canonical_event,b2f548cce0462c6f,2,1,2,0.5,2
canonical_event,26279a93b2196383,1,1,1,1.0,1
canonical_event,75e6ebb5a13ef938,1,1,1,1.0,1
canonical_event,67745e2dfcd5af34,1,1,1,1.0,1
canonical_event,6e9c57d1e3f9a17c,1,1,1,1.0,1
canonical_event,d42824a095b1cc2d,1,1,1,1.0,1
canonical_event,507cf3c65c0646f1,1,1,1,1.0,1
canonical_event,1d86700e8c87f41e,1,1,1,1.0,1
canonical_event,839d9335e580e49c,1,1,1,1.0,1
canonical_event,c59ae3059469ec52,2,1,2,0.5,2
canonical_event,f06bf03ff4c47ce0,1,1,1,1.0,1
canonical_event,59f5d7d88caf3389,1,1,1,1.0,1
canonical_event,55be9b77f829eca2,1,1,1,1.0,1
canonical_event,9eb0be8078ff552d,1,1,1,1.0,1
canonical_event,5381c950392fcdc0,1,1,1,1.0,1
canonical_event,16073410b0db3d38,1,1,1,1.0,1
canonical_event,7b1c4ef03ebbec5c,1,1,1,1.0,1
canonical_event,d9e07e2de7c06a6a,1,1,1,1.0,1
canonical_event,407e537c8a8ae0dd,1,1,1,1.0,1
canonical_event,f7629e3c2cfcaf62,1,1,1,1.0,1
canonical_event,7f7bc066dc686baf,1,1,1,1.0,1
canonical_event,19b3baf7d4dc5711,1,1,1,1.0,1
canonical_event,825870d4c7ac5d4c,1,1,1,1.0,1
canonical_event,2acb9967bc9eabbe,1,1,1,1.0,1
canonical_event,462df07e82cd5bc9,1,1,1,1.0,1
canonical_event,734a2ef2eaea55c5,2,1,2,0.5,2
canonical_event,69e0ee73e33c4a6f,1,1,1,1.0,1
canonical_event,3e2f7de1b128d395,1,1,1,1.0,1
canonical_event,7da3fd0fcf954504,1,1,1,1.0,1
canonical_event,81a20f872fb8f3df,1,1,1,1.0,1
canonical_event,ac21a35946b32651,1,1,1,1.0,1
canonical_event,e98a20505fcb5eff,1,1,1,1.0,1
canonical_event,4a2649d042ad9574,1,1,1,1.0,1
canonical_event,42f8ac583360ba2d,1,1,1,1.0,1
canonical_event,cc94ed03cced415e,1,1,1,1.0,1
canonical_event,446945381dca70cc,1,1,1,1.0,1
canonical_event,aab96f5f375b3db8,1,1,1,1.0,1
canonical_event,e55445b954f0d989,1,1,1,1.0,1
canonical_event,11bdfb7ab5ce0a14,1,1,1,1.0,1
canonical_event,c42c925b381db493,1,1,1,1.0,1
canonical_event,5a337b292c51b246,1,1,1,1.0,1
canonical_event,bac775495b8c4ae2,1,1,1,1.0,1
canonical_event,26c0b964e8653772,1,1,1,1.0,1
canonical_event,9aa118e89935e8dd,1,1,1,1.0,1
canonical_event,45e29204897c0c76,1,1,1,1.0,1
canonical_event,8510e9cb70f6ab9c,1,1,1,1.0,1
canonical_event,65622151dd4948d2,1,1,1,1.0,1
canonical_event,31281238bafd56c4,1,1,1,1.0,1
canonical_event,cacc43e9375bddd9,2,1,2,0.5,2
canonical_event,c59d95cefb884b79,1,1,1,1.0,1
canonical_event,28a6d5e01fdbf046,1,1,1,1.0,1
canonical_event,4c5944b949e453b2,1,1,1,1.0,1
canonical_event,8fe2d84de9239159,1,1,1,1.0,1
canonical_event,573c21beb8da2613,1,1,1,1.0,1
canonical_event,de885662ebb180ac,1,1,1,1.0,1
canonical_event,6d28552fd00c10e8,1,1,1,1.0,1
canonical_event,1a1843ecf1e75196,1,1,1,1.0,1
canonical_event,60549085964f611b,1,1,1,1.0,1
canonical_event,36af594e6418d583,1,1,1,1.0,1
canonical_event,58508b7fc12b4a2b,2,1,2,0.5,2
canonical_event,3e1b638119da167f,1,1,1,1.0,1
canonical_event,3ccdce075d1d1956,1,1,1,1.0,1
canonical_event,b1f6e6d06fc61924,1,1,1,1.0,1
canonical_event,7fe7f998d0476028,2,1,2,0.5,2
canonical_event,6bb9a38d1dda2637,1,1,1,1.0,1
canonical_event,913fd4da12d1f5b7,1,1,1,1.0,1
canonical_event,c9f5979dfadf7d5c,1,1,1,1.0,1
canonical_event,f1be5190efee3237,1,1,1,1.0,1
canonical_event,48a584ff00afccb4,2,1,2,0.5,2
canonical_event,2974a4b438686596,1,1,1,1.0,1
canonical_event,5b8d48dce3324fa6,1,1,1,1.0,1
canonical_event,4612f0d4745221e5,1,1,1,1.0,1
canonical_event,14823101398b41b9,1,1,1,1.0,1
canonical_event,f51b81469f670adf,2,1,2,0.5,2
canonical_event,68d171005d439219,1,1,1,1.0,1
canonical_event,2c4e2ee01a9aa8f2,1,1,1,1.0,1
canonical_event,6c0715a067f07a5e,1,1,1,1.0,1
canonical_event,10da8248f620799c,1,1,1,1.0,1
canonical_event,09a32cb6896927aa,1,1,1,1.0,1
canonical_event,24e9c4f17932e81e,2,1,2,0.5,2
canonical_event,a23c49730c19661b,1,1,1,1.0,1
canonical_event,6a71919df0555488,1,1,1,1.0,1
canonical_event,c535d0a00a206522,1,1,1,1.0,1
canonical_event,23a2cfaf415902e3,1,1,1,1.0,1
canonical_event,5b1c30d8a7bc368a,1,1,1,1.0,1
canonical_event,17510447a53a7706,1,1,1,1.0,1
canonical_event,3c8d1eb1f7c4e192,1,1,1,1.0,1
canonical_event,c6864e0dcd5b8819,1,1,1,1.0,1
canonical_event,f91c6738368e6881,1,1,1,1.0,1
canonical_event,c9e3b8b41dc922e4,1,1,1,1.0,1
canonical_event,a42541259d968ee6,1,1,1,1.0,1
canonical_event,f44463d2db6f28e9,1,1,1,1.0,1
canonical_event,05d2ddecd61e82e5,2,1,2,0.5,2
canonical_event,0d2c24abf1f6938a,2,1,2,0.5,2
canonical_event,d2d04d7074a6cb31,1,1,1,1.0,1
canonical_event,d080d3d87d1b39af,1,1,1,1.0,1
canonical_event,3aa7cf20abe2c4ca,1,1,1,1.0,1
canonical_event,bdf7c4b95d2f7657,1,1,1,1.0,1
canonical_event,e289d22d17c881c4,1,1,1,1.0,1
canonical_event,b991c149930971e1,1,1,1,1.0,1
canonical_event,665f26d0b91b910d,1,1,1,1.0,1
canonical_event,15599c7d9f084a0c,1,1,1,1.0,1
canonical_event,e2bba6e1ad777ce1,1,1,1,1.0,1
canonical_event,511cbc6fb144db0a,1,1,1,1.0,1
canonical_event,5c978dd0fe23ff62,1,1,1,1.0,1
canonical_event,99b854e35361b3f5,1,1,1,1.0,1
canonical_event,cabc6528bb527de1,1,1,1,1.0,1
canonical_event,fc7245967475b398,1,1,1,1.0,1
canonical_event,bd4d46e4b5194457,1,1,1,1.0,1
canonical_event,1cdc8d0fabb6a851,1,1,1,1.0,1
canonical_event,6a9a398e804c0bc1,1,1,1,1.0,1
canonical_event,27e0a89b1c5c4b24,1,1,1,1.0,1
canonical_event,2c4daf4d53379c23,1,1,1,1.0,1
canonical_event,832027f3da1e545f,1,1,1,1.0,1
canonical_event,81b8b8c0f9471459,1,1,1,1.0,1
canonical_event,740c8ca236ad7a33,1,1,1,1.0,1
canonical_event,17ff1d0bce90fa86,1,1,1,1.0,1
canonical_event,38ebc47e2208f9cf,2,1,2,0.5,2
canonical_event,c0612b79ab3d2670,1,1,1,1.0,1
canonical_event,91173ec2af93d196,2,1,2,0.5,2
canonical_event,17c97acbd6b78d0f,1,1,1,1.0,1
canonical_event,38705f121399ed7e,1,1,1,1.0,1
canonical_event,102145e9a0ca46ae,1,1,1,1.0,1
canonical_event,983e03b61f8741ce,1,1,1,1.0,1
canonical_event,9c73fc52d438c697,1,1,1,1.0,1
canonical_event,2aa2a8f8f6da98e9,1,1,1,1.0,1
canonical_event,950fcfb41bca6659,1,1,1,1.0,1
canonical_event,aac06bfc3a32e332,1,1,1,1.0,1
canonical_event,c9f340de6aaec8bd,1,1,1,1.0,1
canonical_event,7e369c3cae187f21,1,1,1,1.0,1
canonical_event,a5bcd554b59e5409,1,1,1,1.0,1
canonical_event,4fb7e4e953ca0df1,1,1,1,1.0,1
canonical_event,d003f30f639bce49,1,1,1,1.0,1
canonical_event,7ceddec610030de1,1,1,1,1.0,1
canonical_event,667d4928e32a41c2,1,1,1,1.0,1
canonical_event,f50e12f1fdb5a824,1,1,1,1.0,1
canonical_event,8e031a7f54951dd7,2,1,2,0.5,2
canonical_event,ecf1d64e2887697b,1,1,1,1.0,1
canonical_event,2f17ed3e53994247,1,1,1,1.0,1
canonical_event,7a41e759d5fecfed,1,1,1,1.0,1
canonical_event,2728eb958e5c3f5f,1,1,1,1.0,1
canonical_event,f16afc12bd0e488d,1,1,1,1.0,1
canonical_event,c8885d7f21c95875,1,1,1,1.0,1
canonical_event,cf7b3ee11fe919fe,1,1,1,1.0,1
canonical_event,b6259cf7e6dc82a8,1,1,1,1.0,1
canonical_event,d5b2cbf908864646,1,1,1,1.0,1
canonical_event,eb253c411bb910fe,1,1,1,1.0,1
canonical_event,b97f6315f8a4c64a,1,1,1,1.0,1
canonical_event,2bb53d6f8fef04de,1,1,1,1.0,1
canonical_event,c5e0d6e2fa7a2656,1,1,1,1.0,1
canonical_event,e7e0906d7f7f8b5a,1,1,1,1.0,1
canonical_event,39382999bf306038,1,1,1,1.0,1
canonical_event,74ce8a74882c597a,1,1,1,1.0,1
canonical_event,747961665033a70f,1,1,1,1.0,1
canonical_event,46603dd919d2c79b,1,1,1,1.0,1
canonical_event,dac3aad09fe4743d,1,1,1,1.0,1
canonical_event,d00fd1f695e0fa51,1,1,1,1.0,1
canonical_event,97d52ce4bb7a41ed,1,1,1,1.0,1
canonical_event,9195597c8d02255a,1,1,1,1.0,1
canonical_event,9496fd7afaf12b04,1,1,1,1.0,1
canonical_event,7eabbd2c5159883b,1,1,1,1.0,1
canonical_event,a9a3abb44600982a,1,1,1,1.0,1
canonical_event,e4b2aa1820952caf,2,1,2,0.5,2
canonical_event,9c87623d391bcf26,1,1,1,1.0,1
canonical_event,a6dbfdee0466c241,1,1,1,1.0,1
canonical_event,db9f39acbdca8781,2,1,2,0.5,2
canonical_event,987bbd443a413da4,1,1,1,1.0,1
canonical_event,93fdfc9132adbf04,1,1,1,1.0,1
canonical_event,e07f08733cd05f24,1,1,1,1.0,1
canonical_event,136e0677e802eeb6,1,1,1,1.0,1
canonical_event,ef58035a6ac1e179,1,1,1,1.0,1
canonical_event,3c58d0da57c83568,1,1,1,1.0,1
canonical_event,8a26a72b6ac8e09e,1,1,1,1.0,1
canonical_event,08f2bf936d338b85,1,1,1,1.0,1
canonical_event,60d7116e1f0efcdd,1,1,1,1.0,1
canonical_event,926e4f615de66d32,1,1,1,1.0,1
canonical_event,b4988513deebd2de,1,1,1,1.0,1
canonical_event,47dc5bfce70771c5,1,1,1,1.0,1
canonical_event,6d0f3e0c7974a48d,1,1,1,1.0,1
canonical_event,4c598831da3711c1,1,1,1,1.0,1
canonical_event,aa75cc182630fa52,1,1,1,1.0,1
canonical_event,9882c0e037aba7eb,1,1,1,1.0,1
canonical_event,8c90f2d1d75d9c7b,1,1,1,1.0,1
canonical_event,b9905fcc2440a2b4,1,1,1,1.0,1
canonical_event,13dd0f6d91dea701,1,1,1,1.0,1
canonical_event,f2c3ac039625ddab,1,1,1,1.0,1
canonical_event,8e9bfa66c80ea17d,1,1,1,1.0,1
canonical_event,449feb595f92d2a6,1,1,1,1.0,1
canonical_event,0a0f5c448bd3fad1,1,1,1,1.0,1
canonical_event,4cfc6ee1ad8585de,1,1,1,1.0,1
canonical_event,f25833013761cb83,1,1,1,1.0,1
canonical_event,921a7b859f208508,1,1,1,1.0,1
canonical_event,24022e7b5a9dc3c1,1,1,1,1.0,1
canonical_event,efdace4e809e67f2,1,1,1,1.0,1
canonical_event,88c9a05701d22d44,1,1,1,1.0,1
canonical_event,c86ca452c1e391d5,1,1,1,1.0,1
canonical_event,139310dceba6dd7d,1,1,1,1.0,1
canonical_event,bccf43495360210a,1,1,1,1.0,1
canonical_event,94d603b781432b7c,1,1,1,1.0,1
canonical_event,3dcd0c87fcfe403f,1,1,1,1.0,1
canonical_event,36a293c5145e8e1f,1,1,1,1.0,1
canonical_event,ab74154e8c03ee1c,1,1,1,1.0,1
canonical_event,a9a9e729c32abb06,1,1,1,1.0,1
canonical_event,58b7e4dd8311c9dc,1,1,1,1.0,1
canonical_event,d34450e4d0705b7a,1,1,1,1.0,1
canonical_event,af11606de8035a7d,1,1,1,1.0,1
canonical_event,ba4821dad0437f71,1,1,1,1.0,1
canonical_event,eaa53b40ac43d330,1,1,1,1.0,1
canonical_event,9defe60b1b1d5e1f,1,1,1,1.0,1
canonical_event,c44b5f6bcf831474,1,1,1,1.0,1
canonical_event,dc21c491f19012dd,1,1,1,1.0,1
canonical_event,6d7246b430136d75,1,1,1,1.0,1
canonical_event,2f551526b35261f1,2,1,2,0.5,2
canonical_event,c4f715a55b7edc96,1,1,1,1.0,1
canonical_event,dba55758bdf92658,1,1,1,1.0,1
canonical_event,8a68f9e5563150ec,1,1,1,1.0,1
canonical_event,242d5bce42b7fad4,1,1,1,1.0,1
canonical_event,96c5bb7c93b72ae0,1,1,1,1.0,1
canonical_event,b38f126c61cac37b,1,1,1,1.0,1
canonical_event,e00d8b7d1df971d3,1,1,1,1.0,1
canonical_event,aaa72e3aa646bf69,1,1,1,1.0,1
canonical_event,a4ad295aa1328003,2,1,2,0.5,2
canonical_event,1a4cfa1189c11ca8,1,1,1,1.0,1
canonical_event,ffe343e010eb8f3b,1,1,1,1.0,1
canonical_event,075abd3c9a43bf80,1,1,1,1.0,1
canonical_event,df72e8003f4bf858,1,1,1,1.0,1
canonical_event,4b5ca84f188e47bd,2,1,2,0.5,2
canonical_event,a998f6abdf8da744,2,2,1,1.0,2
canonical_event,1f7d14f54b05f0dd,1,1,1,1.0,1
canonical_event,f233fe9a2d30218b,1,1,1,1.0,1
canonical_event,b2099589b49e30c1,2,1,2,0.5,2
canonical_event,5ec61b128e9b4592,1,1,1,1.0,1
canonical_event,a9f00338b0c29ba3,1,1,1,1.0,1
canonical_event,d1493eb0795d72d1,1,1,1,1.0,1
canonical_event,7f48b262d11d6a08,1,1,1,1.0,1
canonical_event,b98a1fa150473748,1,1,1,1.0,1
canonical_event,1fbfcb67e0df893b,1,1,1,1.0,1
canonical_event,804abce323e446d0,1,1,1,1.0,1
canonical_event,c1b84c17d794a5c3,1,1,1,1.0,1
canonical_event,914378e4c62e1351,1,1,1,1.0,1
canonical_event,d1c42396743b7217,1,1,1,1.0,1
canonical_event,e8edcb43c839256a,1,1,1,1.0,1
canonical_event,e007217b7485fde5,1,1,1,1.0,1
canonical_event,e9f954213b07c91e,1,1,1,1.0,1
canonical_event,79c2909f15edc36c,1,1,1,1.0,1
canonical_event,e1c17b402c4c7797,1,1,1,1.0,1
canonical_event,beded19eb8705f09,1,1,1,1.0,1
canonical_event,aad6bc476f1df800,1,1,1,1.0,1
canonical_event,13bcc2cac71cfd06,1,1,1,1.0,1
canonical_event,b84bd4c2d45cce4d,1,1,1,1.0,1
canonical_event,41caa898032454d2,1,1,1,1.0,1
canonical_event,40332b44f887c20d,1,1,1,1.0,1
canonical_event,0f47f0ba194b5e8a,1,1,1,1.0,1
canonical_event,ad98198c30d810b6,1,1,1,1.0,1
canonical_event,7be606ee0b37a35f,1,1,1,1.0,1
canonical_event,c2dbdb252b88c087,1,1,1,1.0,1
canonical_event,d9f4b44a7a8a4f08,1,1,1,1.0,1
canonical_event,3b054a9ea84f675e,1,1,1,1.0,1
canonical_event,d620caa51381c971,1,1,1,1.0,1
canonical_event,90b0b0af7d3b2343,1,1,1,1.0,1
canonical_event,251f8cbb64c02cfd,1,1,1,1.0,1
canonical_event,c8ac85741072f3e1,1,1,1,1.0,1
canonical_event,ae3553b9bb6dbd38,1,1,1,1.0,1
canonical_event,7d142382bf6336e7,1,1,1,1.0,1
canonical_event,29a0d2eca64a9f2d,2,1,2,0.5,2
canonical_event,e18b6ad3059b2a42,1,1,1,1.0,1
canonical_event,991b67a5d6e442da,1,1,1,1.0,1
canonical_event,5f76c90d64ec3d66,1,1,1,1.0,1
canonical_event,30f0c611d52239eb,1,1,1,1.0,1
canonical_event,5cbbc30bb9f6764c,1,1,1,1.0,1
canonical_event,2046468a6adcabda,1,1,1,1.0,1
canonical_event,aa63cfa6a262f858,1,1,1,1.0,1
canonical_event,2d3bb1263dffa359,1,1,1,1.0,1
canonical_event,61799750ca19d4fa,2,1,2,0.5,2
canonical_event,031266e14b42ae15,1,1,1,1.0,1
canonical_event,973932c1ff498093,1,1,1,1.0,1
canonical_event,563d5f255bfaf84d,1,1,1,1.0,1
canonical_event,f104102501015d72,1,1,1,1.0,1
canonical_event,eab8611629c234b9,1,1,1,1.0,1
canonical_event,833d97ca29fd6e14,1,1,1,1.0,1
canonical_event,412bde6268430b5f,1,1,1,1.0,1
canonical_event,9a59e63a547b638e,1,1,1,1.0,1
canonical_event,3f72ca705531a800,1,1,1,1.0,1
canonical_event,40fb5212f8f975f9,1,1,1,1.0,1
canonical_event,8bf3db3065942c53,1,1,1,1.0,1
canonical_event,c2496d51382e3d28,2,1,2,0.5,2
canonical_event,b413eb133c5f1cdf,1,1,1,1.0,1
canonical_event,aa2088798d0fe062,1,1,1,1.0,1
canonical_event,219d5fd674c42d7c,1,1,1,1.0,1
canonical_event,336cf093f1c19176,1,1,1,1.0,1
canonical_event,d268bc7d138972e3,1,1,1,1.0,1
canonical_event,b6f127620afd25aa,1,1,1,1.0,1
canonical_event,1316c5be7d95a016,2,1,2,0.5,2
canonical_event,a0831d0d0dc2175c,1,1,1,1.0,1
canonical_event,ffe4dd4c192e3366,1,1,1,1.0,1
canonical_event,1e0af597e4bbde1b,1,1,1,1.0,1
canonical_event,677ac4a39fc4c9d4,1,1,1,1.0,1
canonical_event,9accb0a9f88f1b25,1,1,1,1.0,1
canonical_event,e17dc7767ae764de,1,1,1,1.0,1
canonical_event,fe6d489c73233670,1,1,1,1.0,1
canonical_event,4545d0288bc10c4f,1,1,1,1.0,1
canonical_event,ed8f554b2c0de0c2,1,1,1,1.0,1
canonical_event,77dd33b8ac9dad52,1,1,1,1.0,1
canonical_event,673b12769f95900d,1,1,1,1.0,1
canonical_event,dbb93d234177d69e,1,1,1,1.0,1
canonical_event,2536a0e3f95a6364,1,1,1,1.0,1
canonical_event,2a0bc353c20de882,1,1,1,1.0,1
canonical_event,f0ad04fb12150f55,1,1,1,1.0,1
canonical_event,dd136f416a8b6ba0,1,1,1,1.0,1
canonical_event,ec905ed630ed2219,1,1,1,1.0,1
canonical_event,c928f83080f34c39,1,1,1,1.0,1
canonical_event,b748b05e5647440c,1,1,1,1.0,1
canonical_event,7dfb97e9fafa2f3b,1,1,1,1.0,1
canonical_event,99756837a7e0339c,1,1,1,1.0,1
canonical_event,b8bb6aa2e57f1408,1,1,1,1.0,1
canonical_event,a09c5ea9bda82e6d,1,1,1,1.0,1
canonical_event,d8f49080715249c1,1,1,1,1.0,1
canonical_event,7e67e2c2416cdbb4,1,1,1,1.0,1
canonical_event,f81990ed93ac4550,1,1,1,1.0,1
canonical_event,3c48075ec34209c9,2,1,2,0.5,2
canonical_event,c3dea10031d18e4f,2,1,2,0.5,2
canonical_event,a459ae8df079044b,1,1,1,1.0,1
canonical_event,48a48a1bb92195a8,1,1,1,1.0,1
canonical_event,84081b762dac3d58,1,1,1,1.0,1
canonical_event,45ac1783a90bc198,1,1,1,1.0,1
canonical_event,52b744bb9fb211f2,1,1,1,1.0,1
canonical_event,2ae601cf2825f903,1,1,1,1.0,1
canonical_event,4966c8a6cb84621b,1,1,1,1.0,1
canonical_event,aaff5b77375468c7,1,1,1,1.0,1
canonical_event,19df1d31990e8ab1,1,1,1,1.0,1
canonical_event,71a90301460ef7a0,1,1,1,1.0,1
canonical_event,8c36bce66501b7e9,1,1,1,1.0,1
canonical_event,20c272b4ab881fe3,1,1,1,1.0,1
canonical_event,9617a93a1276d650,1,1,1,1.0,1
canonical_event,04027f314db96ef9,1,1,1,1.0,1
canonical_event,3f1b334a8f882196,1,1,1,1.0,1
canonical_event,4ee3a2eed4257a6e,1,1,1,1.0,1
canonical_event,11126745f2771f25,1,1,1,1.0,1
canonical_event,6548f62fc4241689,1,1,1,1.0,1
canonical_event,ca5af4c220ec15c3,1,1,1,1.0,1
canonical_event,bbfc5bbf4504945e,1,1,1,1.0,1
canonical_event,026b1e2d27cfe928,1,1,1,1.0,1
canonical_event,93e21f92dfa7611f,1,1,1,1.0,1
canonical_event,89dd6fa372077cda,1,1,1,1.0,1
canonical_event,e294e6d67cbee0bb,1,1,1,1.0,1
canonical_event,ad79698540868325,1,1,1,1.0,1
canonical_event,61cb69a1dcffde65,1,1,1,1.0,1
canonical_event,ee213fd7a09da39b,2,1,2,0.5,2
canonical_event,774d5ca95f246783,1,1,1,1.0,1
canonical_event,af11eaf6ef1c3c54,1,1,1,1.0,1
canonical_event,f1846592d34587a7,1,1,1,1.0,1
canonical_event,c91b87bed910b310,1,1,1,1.0,1
canonical_event,9808a7d4cc36c6d5,1,1,1,1.0,1
canonical_event,686c31f60f191fd2,1,1,1,1.0,1
canonical_event,679ca401e0e027ae,1,1,1,1.0,1
canonical_event,55f2b42d34d8683b,1,1,1,1.0,1
canonical_event,b5eb83d09ba0f04d,1,1,1,1.0,1
canonical_event,2cc034694ae1f0b0,1,1,1,1.0,1
canonical_event,68d7039af2276ae5,1,1,1,1.0,1
canonical_event,078d7ce763ef4137,1,1,1,1.0,1
canonical_event,803830f0e64d110c,1,1,1,1.0,1
canonical_event,86d51b7ba6c5310a,1,1,1,1.0,1
canonical_event,579ccfa85d6624bc,1,1,1,1.0,1
canonical_event,7c70b907923f49c2,1,1,1,1.0,1
canonical_event,2803cd4e83d13c3a,1,1,1,1.0,1
canonical_event,292f393d3ca91d35,1,1,1,1.0,1
canonical_event,04687e21428fd939,1,1,1,1.0,1
canonical_event,54f8862a7bbc270d,1,1,1,1.0,1
canonical_event,6757316920f3a096,1,1,1,1.0,1
canonical_event,597c5d9fa22ceb65,1,1,1,1.0,1
canonical_event,69d7b105eb3b2226,1,1,1,1.0,1
canonical_event,89176b8dc8e00dd5,2,1,2,0.5,2
canonical_event,95a9ab84aa8c3a40,1,1,1,1.0,1
canonical_event,cf1472b7018f81bd,1,1,1,1.0,1
canonical_event,bb014b191dc4fd55,1,1,1,1.0,1
canonical_event,d1733bde21a05852,1,1,1,1.0,1
canonical_event,23962d51dc76d21b,1,1,1,1.0,1
canonical_event,34e3f2a88923c811,1,1,1,1.0,1
canonical_event,7a1ee34bf0ce4eb5,1,1,1,1.0,1
canonical_event,a66eff46055447f6,1,1,1,1.0,1
canonical_event,ea34c5aaa81b81b8,1,1,1,1.0,1
canonical_event,682c1e4e966f8bcc,1,1,1,1.0,1
canonical_event,4e04b99913aed073,1,1,1,1.0,1
canonical_event,7857f127fe4a933f,1,1,1,1.0,1
canonical_event,a0015707aaad1a16,1,1,1,1.0,1
canonical_event,44acda98a1f8c3f6,1,1,1,1.0,1
canonical_event,2f60937fd0a6d1f1,1,1,1,1.0,1
canonical_event,b36b3a43d42870cb,1,1,1,1.0,1
canonical_event,c27564ecf9187904,1,1,1,1.0,1
canonical_event,8b4d95d3e855d888,1,1,1,1.0,1
canonical_event,f14ec37ee076330f,1,1,1,1.0,1
canonical_event,c159c8c8a25a8df0,1,1,1,1.0,1
canonical_event,adaca43b9a1f453e,1,1,1,1.0,1
canonical_event,6c4f177933b18a24,1,1,1,1.0,1
canonical_event,1a62a7df991049ec,1,1,1,1.0,1
canonical_event,bac118d8f100765d,1,1,1,1.0,1
canonical_event,8b7fb1ad7c142b91,1,1,1,1.0,1
canonical_event,bf577e6aa6fea236,1,1,1,1.0,1
canonical_event,cca45d85bb90fb2e,1,1,1,1.0,1
canonical_event,2a7a87bb14ac8e60,1,1,1,1.0,1
canonical_event,3c23c5994445956b,1,1,1,1.0,1
canonical_event,8527c20f7b8965e9,1,1,1,1.0,1
canonical_event,6378487f0045fe01,1,1,1,1.0,1
canonical_event,cd11e527a49416d3,1,1,1,1.0,1
canonical_event,267e8c05f83f1e91,1,1,1,1.0,1
canonical_event,1f614a98e5130348,1,1,1,1.0,1
canonical_event,384e2a14b9a7833f,1,1,1,1.0,1
canonical_event,8366f41a999a1440,1,1,1,1.0,1
canonical_event,bf184bd85a06f617,1,1,1,1.0,1
canonical_event,43faa1494dec9015,1,1,1,1.0,1
canonical_event,82440b581f481d83,1,1,1,1.0,1
canonical_event,1a0f5df9b7f78e94,1,1,1,1.0,1
canonical_event,5357e94e98541f56,1,1,1,1.0,1
canonical_event,5453304a4eba66f3,1,1,1,1.0,1
canonical_event,14f50be6eae96423,1,1,1,1.0,1
canonical_event,8c6a271a41b315fd,1,1,1,1.0,1
canonical_event,48fdbc2984f2daf9,1,1,1,1.0,1
canonical_event,bc542b69387fb3d6,1,1,1,1.0,1
canonical_event,1c0fa0e07d9f74ec,1,1,1,1.0,1
canonical_event,fbba4bb9b78cfac6,1,1,1,1.0,1
canonical_event,a76d93592768e77e,1,1,1,1.0,1
canonical_event,15a1a7a9736d8da1,1,1,1,1.0,1
canonical_event,dedcaa6c3dd8ab8f,1,1,1,1.0,1
canonical_event,7ed0e06cc153ed94,1,1,1,1.0,1
canonical_event,51f568f17d80d2fe,1,1,1,1.0,1
canonical_event,ae4e7c0796123f1a,2,1,2,0.5,2
canonical_event,a0d3acd5cc0e47c6,1,1,1,1.0,1
canonical_event,4bc28adc559fe363,1,1,1,1.0,1
canonical_event,6e633ed3d9678827,1,1,1,1.0,1
canonical_event,3512aaba942a4204,2,1,2,0.5,2
canonical_event,bf343977d67f6394,1,1,1,1.0,1
canonical_event,1c384cef35e5e4b3,1,1,1,1.0,1
canonical_event,a7f2a4c0c25c55f2,1,1,1,1.0,1
canonical_event,0dff0032af5f64f7,1,1,1,1.0,1
canonical_event,d6b4be0cf4b01aaa,1,1,1,1.0,1
canonical_event,218f8ecd6b943da2,1,1,1,1.0,1
canonical_event,ef15a2f405879525,1,1,1,1.0,1
canonical_event,ce2a5d67e6ded17f,1,1,1,1.0,1
canonical_event,aae74ff77118b177,1,1,1,1.0,1
canonical_event,a0d331119cdb31be,1,1,1,1.0,1
canonical_event,6ac2518f5877ad2a,1,1,1,1.0,1
canonical_event,917481e901e84397,1,1,1,1.0,1
canonical_event,f8af4c2ee02c5341,1,1,1,1.0,1
canonical_event,753e77cd097d85ec,1,1,1,1.0,1
canonical_event,3547d6675c35e164,1,1,1,1.0,1
canonical_event,6af4e83e80f2dcad,1,1,1,1.0,1
canonical_event,ab088ffaf8a0ef6f,1,1,1,1.0,1
canonical_event,35328eb13d50fa29,1,1,1,1.0,1
canonical_event,87336d413ec43688,1,1,1,1.0,1
canonical_event,022202e809f1f6c9,1,1,1,1.0,1
canonical_event,6b4322af2d2734f5,1,1,1,1.0,1
canonical_event,a352e4176879a39e,1,1,1,1.0,1
canonical_event,2d9caaf3aa14c1cf,1,1,1,1.0,1
canonical_event,ede2bd9ca4309317,1,1,1,1.0,1
canonical_event,0c91e3fe7ea558ed,1,1,1,1.0,1
canonical_event,dcfdb61621360435,1,1,1,1.0,1
canonical_event,151370da6b8835f4,1,1,1,1.0,1
canonical_event,d8ef76d4c8dedd40,1,1,1,1.0,1
canonical_event,df60a9e3aa858044,1,1,1,1.0,1
canonical_event,943eb58b47b464f6,1,1,1,1.0,1
canonical_event,3ded39eb036a9ddd,1,1,1,1.0,1
canonical_event,847acb40b8d74167,1,1,1,1.0,1
canonical_event,d10e5af74aec84db,1,1,1,1.0,1
canonical_event,c6ed4ee6b918f1dd,1,1,1,1.0,1
canonical_event,b337580d4d2fe257,1,1,1,1.0,1
canonical_event,ac0d24cd831912a3,1,1,1,1.0,1
canonical_event,85348ed4b7c1d680,1,1,1,1.0,1
canonical_event,975fdf8513677169,1,1,1,1.0,1
canonical_event,6971d161875568ce,1,1,1,1.0,1
canonical_event,d74388171d1b1807,1,1,1,1.0,1
canonical_event,5231ec4eb6545836,1,1,1,1.0,1
canonical_event,6eaee012dcacd778,1,1,1,1.0,1
canonical_event,df4dfbc7f98bdba4,1,1,1,1.0,1
canonical_event,2251e7fdc8429deb,1,1,1,1.0,1
canonical_event,9327b2afe9cc00b6,1,1,1,1.0,1
canonical_event,71cfb0e49bfe44cb,1,1,1,1.0,1
canonical_event,8b5fc45f253d6dcb,1,1,1,1.0,1
canonical_event,dacb3d6b7eb6ea99,1,1,1,1.0,1
canonical_event,9bc4595792ad1396,1,1,1,1.0,1
canonical_event,214a861cb40dafb8,1,1,1,1.0,1
canonical_event,d2bb1700946c0193,1,1,1,1.0,1
canonical_event,2d3b63b5836f1937,1,1,1,1.0,1
canonical_event,9c3b5faa3af90f60,1,1,1,1.0,1
canonical_event,9f081863d2ee2fd1,1,1,1,1.0,1
canonical_event,c4153c5c4a42b48e,1,1,1,1.0,1
canonical_event,c6253a6d0f502469,1,1,1,1.0,1
canonical_event,7475c97ca96ea601,1,1,1,1.0,1
canonical_event,a9818a0b3e2b0c3a,1,1,1,1.0,1
canonical_event,0570fc9f26f647ec,1,1,1,1.0,1
canonical_event,cb007dac76099365,1,1,1,1.0,1
canonical_event,394617eb37e84f9a,1,1,1,1.0,1
canonical_event,07cae656af1e9d81,1,1,1,1.0,1
canonical_event,314b21cfbc0352ce,1,1,1,1.0,1
canonical_event,a298535d62d0999b,1,1,1,1.0,1
canonical_event,90cc2228aee5a29f,1,1,1,1.0,1
canonical_event,f593ddc707a01615,1,1,1,1.0,1
canonical_event,774804a665764c55,1,1,1,1.0,1
canonical_event,c188e50d191e8ac4,1,1,1,1.0,1
canonical_event,3071c3c05d4a1a12,1,1,1,1.0,1
canonical_event,94aaef829af60e90,1,1,1,1.0,1
canonical_event,1d6c8a2bf6cbc790,1,1,1,1.0,1
canonical_event,be4372401d389a4e,1,1,1,1.0,1
canonical_event,e9d7c9d48b4fc300,1,1,1,1.0,1
canonical_event,ff8068266075454e,1,1,1,1.0,1
canonical_event,40cb350f3d8f5d46,1,1,1,1.0,1
canonical_event,fbe2ef9c4f2cf8ae,1,1,1,1.0,1
canonical_event,cee3a4a395db611f,1,1,1,1.0,1
canonical_event,4d14e1622756cb25,1,1,1,1.0,1
canonical_event,6c141436716652db,1,1,1,1.0,1
canonical_event,32dcbbe2919d1b3c,1,1,1,1.0,1
canonical_event,7576a9a50bee2c21,1,1,1,1.0,1
canonical_event,0980ad2558aedfef,1,1,1,1.0,1
canonical_event,d7e9e97ce9ad3dba,1,1,1,1.0,1
canonical_event,8442e2e55e81b18e,1,1,1,1.0,1
canonical_event,de638fdc36a0af7a,1,1,1,1.0,1
canonical_event,17eb3152c2b848a9,1,1,1,1.0,1
canonical_event,f1082d3d23226b57,1,1,1,1.0,1
canonical_event,53df02856c025294,1,1,1,1.0,1
canonical_event,8db4e8eef963008b,1,1,1,1.0,1
canonical_event,9fdbcd22908706d1,2,1,2,0.5,2
canonical_event,cb78a272d2a4cdfb,1,1,1,1.0,1
canonical_event,29140d4d56427a4f,1,1,1,1.0,1
canonical_event,373d60df27d2322c,1,1,1,1.0,1
canonical_event,8acd09f25fc60fe2,1,1,1,1.0,1
canonical_event,387cd5ac6771b57e,1,1,1,1.0,1
canonical_event,2051a47a92c70bb7,1,1,1,1.0,1
canonical_event,c3b8fa45b91cd5c6,1,1,1,1.0,1
canonical_event,bd495188da387b0a,1,1,1,1.0,1
canonical_event,c67c7eb4940b80a8,1,1,1,1.0,1
canonical_event,b3147623d3688d62,1,1,1,1.0,1
canonical_event,12730ce8dab3c74d,1,1,1,1.0,1
canonical_event,f24a981ff026e6fb,1,1,1,1.0,1
canonical_event,d3553296e7486d5f,1,1,1,1.0,1
canonical_event,f4be5610d2b93986,1,1,1,1.0,1
canonical_event,fffc57d635902611,1,1,1,1.0,1
canonical_event,0fb23e975b30e094,1,1,1,1.0,1
canonical_event,a29333c5ac282750,1,1,1,1.0,1
canonical_event,8b1e3bd112b2304b,1,1,1,1.0,1
canonical_event,8dc0a0d9c92ce52c,1,1,1,1.0,1
canonical_event,ae196d3cde7b90b0,2,1,2,0.5,2
canonical_event,f452f247110434e2,1,1,1,1.0,1
canonical_event,6729e3790105c0c9,1,1,1,1.0,1
canonical_event,68c0934f720d4d44,1,1,1,1.0,1
canonical_event,4275cf43565450dc,1,1,1,1.0,1
canonical_event,f0f130a092df21c7,2,1,2,0.5,2
canonical_event,38ef757c9324884d,1,1,1,1.0,1
canonical_event,a1ffe1409659c16a,1,1,1,1.0,1
canonical_event,1564ac084d77b87a,1,1,1,1.0,1
canonical_event,63fac97a666b48e0,2,1,2,0.5,2
canonical_event,fa626a74e4814628,1,1,1,1.0,1
canonical_event,2a413b5383dbdddb,1,1,1,1.0,1
canonical_event,f9ff43671fe50d04,1,1,1,1.0,1
canonical_event,918e3c35567b46e3,1,1,1,1.0,1
canonical_event,1c56c1eb368ff772,1,1,1,1.0,1
canonical_event,ae2edf53148fea6c,1,1,1,1.0,1
canonical_event,030cee06ba9f24d0,1,1,1,1.0,1
canonical_event,91ef0c0895f4d1e9,1,1,1,1.0,1
canonical_event,300c22dc89fee7f5,2,1,2,0.5,2
canonical_event,26e391df53cee146,1,1,1,1.0,1
canonical_event,e47c28c3db330ca9,2,1,2,0.5,2
canonical_event,e535b5c0701059c6,1,1,1,1.0,1
canonical_event,c0e19b1d77cadb53,1,1,1,1.0,1
canonical_event,a02a539390cda8dd,1,1,1,1.0,1
canonical_event,69ae9253f040786c,1,1,1,1.0,1
canonical_event,da9b19420051482f,1,1,1,1.0,1
canonical_event,a17c18f5b2343685,1,1,1,1.0,1
canonical_event,d23be5409ea69334,1,1,1,1.0,1
canonical_event,b3b9795236f07591,1,1,1,1.0,1
canonical_event,db95cff199f67cf3,1,1,1,1.0,1
canonical_event,725244b2803ffdfd,1,1,1,1.0,1
canonical_event,fae1241258495760,1,1,1,1.0,1
canonical_event,a04ba58b8da179d8,1,1,1,1.0,1
canonical_event,787f40f23e45334b,1,1,1,1.0,1
canonical_event,8985d7a2f37af6ad,1,1,1,1.0,1
canonical_event,c475ab0885db1d22,1,1,1,1.0,1
canonical_event,c235a7623dae78b5,1,1,1,1.0,1
canonical_event,9fafb8ff15f87ee5,1,1,1,1.0,1
canonical_event,950380cc0c35a2c7,1,1,1,1.0,1
canonical_event,58c4158824c2a347,1,1,1,1.0,1
canonical_event,2ad10f70b7d8da3f,1,1,1,1.0,1
canonical_event,e0b173f44aa8d226,1,1,1,1.0,1
canonical_event,188d3fadf2a18918,1,1,1,1.0,1
canonical_event,965cb52ec1b96d85,1,1,1,1.0,1
canonical_event,8ab16ef5e3598e0f,1,1,1,1.0,1
canonical_event,c4117e6cbff6c5b4,1,1,1,1.0,1
canonical_event,c009da4c1202b7fc,1,1,1,1.0,1
canonical_event,1fd10a1462e42632,1,1,1,1.0,1
canonical_event,30a1214ca756e889,1,1,1,1.0,1
canonical_event,85cf6855e5954e8d,1,1,1,1.0,1
canonical_event,4439c4730b6559da,1,1,1,1.0,1
canonical_event,1dcdddd278a669ae,1,1,1,1.0,1
canonical_event,9fdbda28cffa84dc,1,1,1,1.0,1
canonical_event,31c976cfca1f450d,1,1,1,1.0,1
canonical_event,d742107c3b01e098,1,1,1,1.0,1
canonical_event,ce5dc1f556e454ec,1,1,1,1.0,1
canonical_event,6daa4d5c656853fa,2,1,2,0.5,2
canonical_event,3aa6cd3964ca8594,1,1,1,1.0,1
canonical_event,78d92b5c79ac3ed9,1,1,1,1.0,1
canonical_event,ad8c453486338c28,1,1,1,1.0,1
canonical_event,adb064124d8a4220,2,1,2,0.5,2
canonical_event,c3e6851f94a5ea5b,1,1,1,1.0,1
canonical_event,b3cc2edd07a15a3f,1,1,1,1.0,1
canonical_event,3da83b2597cfef19,1,1,1,1.0,1
canonical_event,f87de72ffe819b60,1,1,1,1.0,1
canonical_event,b62155ab80aa24c8,1,1,1,1.0,1
canonical_event,c5c1f956e540a270,1,1,1,1.0,1
canonical_event,dd3b05bccd1ef9d1,1,1,1,1.0,1
canonical_event,cd53ac5148e8f23d,1,1,1,1.0,1
canonical_event,b6669ad65b4678cf,1,1,1,1.0,1
canonical_event,a7089078a5842259,1,1,1,1.0,1
canonical_event,46c5ed32e499c829,1,1,1,1.0,1
canonical_event,b8a4426fb385e3f1,1,1,1,1.0,1
canonical_event,a803a62b8205da47,1,1,1,1.0,1
canonical_event,b65c4ab494907786,1,1,1,1.0,1
canonical_event,c290d3cf03049a7c,1,1,1,1.0,1
canonical_event,067c756d391b3cf4,1,1,1,1.0,1
canonical_event,91c0f2cc14052461,2,1,2,0.5,2
canonical_event,8ce6f18c98379c1b,1,1,1,1.0,1
canonical_event,3dbfb77ee4f66fdf,1,1,1,1.0,1
canonical_event,9f501fbfd020cd0a,1,1,1,1.0,1
canonical_event,21796a4e37b7c826,1,1,1,1.0,1
canonical_event,94de512fd8a69bf7,1,1,1,1.0,1
canonical_event,1cbed493032b64a9,2,1,2,0.5,2
canonical_event,eabe3bbe385d840a,1,1,1,1.0,1
canonical_event,6f504f13442f0bfa,1,1,1,1.0,1
canonical_event,13b5e8ced17c94a1,1,1,1,1.0,1
canonical_event,03d4482cebdf09f6,1,1,1,1.0,1
canonical_event,9050db7c0b3d8d2a,1,1,1,1.0,1
canonical_event,9bf1686275c9a123,1,1,1,1.0,1
canonical_event,4d91961814351201,1,1,1,1.0,1
canonical_event,b1af5e7618cb36d0,1,1,1,1.0,1
canonical_event,38e2585629514fbf,1,1,1,1.0,1
canonical_event,a6845d6560b13f51,1,1,1,1.0,1
canonical_event,659fc301f564dd76,1,1,1,1.0,1
canonical_event,9df969218be8a9a4,1,1,1,1.0,1
canonical_event,71fd0a0e57d97a72,1,1,1,1.0,1
canonical_event,64270650f4dcc5d6,1,1,1,1.0,1
canonical_event,368ea09a6bcb9506,1,1,1,1.0,1
canonical_event,b3877dea3caeebb6,1,1,1,1.0,1
canonical_event,375ef9e9c6d121c5,1,1,1,1.0,1
canonical_event,3814ff0c8240fd7e,1,1,1,1.0,1
canonical_event,5564c8b4840c8a0e,1,1,1,1.0,1
canonical_event,8f28f30561d82a78,1,1,1,1.0,1
canonical_event,32ea1ee3b6b25171,1,1,1,1.0,1
canonical_event,1936449f7f82479e,1,1,1,1.0,1
canonical_event,d6a08579560cfb0e,1,1,1,1.0,1
canonical_event,74eb85bfc7e889dc,1,1,1,1.0,1
canonical_event,a5a19ceff7b50208,1,1,1,1.0,1
canonical_event,7379915f041c94be,1,1,1,1.0,1
canonical_event,1b550c05bf88ace9,1,1,1,1.0,1
canonical_event,c445ca8113ca92b5,1,1,1,1.0,1
canonical_event,6a5af9d0bc7d910b,1,1,1,1.0,1
canonical_event,4ab2a8261b59dc9e,1,1,1,1.0,1
canonical_event,f9fdc92945eb2a2d,1,1,1,1.0,1
canonical_event,974a4deef2048444,1,1,1,1.0,1
canonical_event,5e2b86d3d6aa154e,1,1,1,1.0,1
canonical_event,1e9f11deca251d21,1,1,1,1.0,1
canonical_event,40da0025923849a3,1,1,1,1.0,1
canonical_event,5e51a8e258d13b92,1,1,1,1.0,1
canonical_event,3d3ec7a555749cf3,1,1,1,1.0,1
canonical_event,37c5d80c0d500983,1,1,1,1.0,1
canonical_event,dbd883fcc8eaf392,1,1,1,1.0,1
canonical_event,563745d96cbd97dc,1,1,1,1.0,1
canonical_event,b769b51f09c10172,1,1,1,1.0,1
canonical_event,ee4477236edadda8,2,1,2,0.5,2
canonical_event,23e87a7bfb6981d7,2,1,2,0.5,2
canonical_event,b9bb9b7b5a86fc28,1,1,1,1.0,1
canonical_event,ec55465ef88fc41d,1,1,1,1.0,1
canonical_event,8393249c5f9cf9ba,1,1,1,1.0,1
canonical_event,eb859a221d1e40d1,1,1,1,1.0,1
canonical_event,f4b5a4496aeab738,1,1,1,1.0,1
canonical_event,3fd6126c7a79bc3f,1,1,1,1.0,1
canonical_event,e37093752b2df230,1,1,1,1.0,1
canonical_event,686bad56f148bd6f,2,1,2,0.5,2
canonical_event,54641e5a4dffc2a5,1,1,1,1.0,1
canonical_event,fee3ab786d92a253,1,1,1,1.0,1
canonical_event,068730bde933322d,1,1,1,1.0,1
canonical_event,3e2bbb5513208621,1,1,1,1.0,1
canonical_event,083b4b7d134f15ce,1,1,1,1.0,1
canonical_event,9e9e803e40f2155a,1,1,1,1.0,1
canonical_event,28a224946a58076e,1,1,1,1.0,1
canonical_event,d813de8ae216089c,2,1,2,0.5,2
canonical_event,fdb434c0fd427b39,1,1,1,1.0,1
canonical_event,24fba3cd231961c6,2,1,2,0.5,2
canonical_event,6c885fc46eaad8ce,1,1,1,1.0,1
canonical_event,4e48c16d1544115f,1,1,1,1.0,1
canonical_event,f1f55426e6300018,1,1,1,1.0,1
canonical_event,3448b550288aaa75,1,1,1,1.0,1
canonical_event,95c72d61e9bdb047,1,1,1,1.0,1
canonical_event,30aa28fa57be7a7c,1,1,1,1.0,1
canonical_event,53a9d08e60e43b18,1,1,1,1.0,1
canonical_event,14178bb50ceddd06,1,1,1,1.0,1
canonical_event,d027c5cc0e344193,1,1,1,1.0,1
canonical_event,203e5c8ad5ad0259,1,1,1,1.0,1
canonical_event,f505399d9046bacc,1,1,1,1.0,1
canonical_event,bea2e9783f6545da,1,1,1,1.0,1
canonical_event,b7b562e203348a6d,1,1,1,1.0,1
canonical_event,be8c6c440636c9fc,1,1,1,1.0,1
canonical_event,d252e5ecbee3e12a,1,1,1,1.0,1
canonical_event,8eb1ca85862caf7a,1,1,1,1.0,1
canonical_event,6daa67fcaec6ca3d,1,1,1,1.0,1
canonical_event,ce4ce6f4a1521040,1,1,1,1.0,1
canonical_event,debdc989c0ffcdea,1,1,1,1.0,1
canonical_event,2bd4fec5f2941a80,1,1,1,1.0,1
canonical_event,c9c9ca62cac90831,1,1,1,1.0,1
canonical_event,01a6718c9f00fafe,1,1,1,1.0,1
canonical_event,c0f5616da26f0fb0,1,1,1,1.0,1
canonical_event,99d66eff8b8f830c,1,1,1,1.0,1
canonical_event,bdc9963f6b4bb08e,1,1,1,1.0,1
canonical_event,2eba3505a07e4a79,1,1,1,1.0,1
canonical_event,1c30d18059d8a12f,1,1,1,1.0,1
canonical_event,62f250f80e950a83,2,1,2,0.5,2
canonical_event,2ad522b7e41832bf,1,1,1,1.0,1
canonical_event,8b8f5613ddc7cdf5,1,1,1,1.0,1
canonical_event,6ce95b6b8d19606a,1,1,1,1.0,1
canonical_event,f81df6cc550f4bb2,1,1,1,1.0,1
canonical_event,d937c7df75283ef2,1,1,1,1.0,1
canonical_event,ee2cb982a3dd0bba,1,1,1,1.0,1
canonical_event,5bf2558227ff4810,1,1,1,1.0,1
canonical_event,1d598cf1111e3f2b,1,1,1,1.0,1
canonical_event,696165b3999f2e26,1,1,1,1.0,1
canonical_event,f1edaf8bda524be2,1,1,1,1.0,1
canonical_event,594c16c161482e93,1,1,1,1.0,1
canonical_event,edc5b0c0cfe5c138,1,1,1,1.0,1
canonical_event,6ae7cba30fe59e7f,1,1,1,1.0,1
canonical_event,8324525f923409c9,1,1,1,1.0,1
canonical_event,9d48d4a4b4ad7a58,1,1,1,1.0,1
canonical_event,ee88b351266165b1,2,1,2,0.5,2
canonical_event,e50839c1b0f06965,1,1,1,1.0,1
canonical_event,4a170e69dd126d75,1,1,1,1.0,1
canonical_event,783f7c35b92b5e71,1,1,1,1.0,1
canonical_event,ad2a64568da6aa4d,1,1,1,1.0,1
canonical_event,ea3e77ba5a1847be,1,1,1,1.0,1
canonical_event,562f282423b0e0c3,1,1,1,1.0,1
canonical_event,5d46a7e3c4e55c49,1,1,1,1.0,1
canonical_event,79ae7e117e042efe,1,1,1,1.0,1
canonical_event,21f48d2c8f9792fe,1,1,1,1.0,1
canonical_event,cd759d1368fc7035,1,1,1,1.0,1
canonical_event,c254e3f98b242581,1,1,1,1.0,1
canonical_event,7fdb825651e7a6d3,1,1,1,1.0,1
canonical_event,695aef5f9ef0349d,1,1,1,1.0,1
canonical_event,79afd57d5dd06c03,1,1,1,1.0,1
canonical_event,8d139f88b21c30f3,1,1,1,1.0,1
canonical_event,90b4c157300d39be,1,1,1,1.0,1
canonical_event,d9a3cbd586927a09,1,1,1,1.0,1
canonical_event,cc13ad9ea8eb9378,1,1,1,1.0,1
canonical_event,32d2d2d6bdec62cc,1,1,1,1.0,1
canonical_event,616004c2f219b6b4,1,1,1,1.0,1
canonical_event,631bbc0c25e898b7,2,1,2,0.5,2
canonical_event,ff42907d23887825,1,1,1,1.0,1
canonical_event,2b39facf62e54036,1,1,1,1.0,1
canonical_event,4f6b2c0939205f1d,1,1,1,1.0,1
canonical_event,765660c357d67072,1,1,1,1.0,1
canonical_event,1d3f277d75414092,1,1,1,1.0,1
canonical_event,871baaca1821ad6a,1,1,1,1.0,1
canonical_event,e658fbaa234a8043,2,1,2,0.5,2
canonical_event,c5604e3d2c940991,1,1,1,1.0,1
canonical_event,6bb7af3dfebe96b6,1,1,1,1.0,1
canonical_event,c760c8815019943f,1,1,1,1.0,1
canonical_event,cabfabdac61ecb9a,1,1,1,1.0,1
canonical_event,02fdba25f4588f3a,1,1,1,1.0,1
canonical_event,41cea6bc04065d1b,1,1,1,1.0,1
canonical_event,835ecff2ac0b6303,1,1,1,1.0,1
canonical_event,13ee9c7bdacb4e1e,1,1,1,1.0,1
canonical_event,8d9ea29671f33602,1,1,1,1.0,1
canonical_event,56a85e421426cfff,1,1,1,1.0,1
canonical_event,277f44e1d32dfd93,1,1,1,1.0,1
canonical_event,8816b0a961133654,1,1,1,1.0,1
canonical_event,99c4f7f15523855c,1,1,1,1.0,1
canonical_event,d5a521965815b341,1,1,1,1.0,1
canonical_event,42b267a97f3ae8cf,1,1,1,1.0,1
canonical_event,8ef65e1e024538db,1,1,1,1.0,1
canonical_event,8315d0c22da742bf,1,1,1,1.0,1
canonical_event,65b112a057d92476,1,1,1,1.0,1
canonical_event,5aa971fbfbc7c4d1,1,1,1,1.0,1
canonical_event,f225bf5b24b692ba,1,1,1,1.0,1
canonical_event,e6502e6c857114d7,1,1,1,1.0,1
canonical_event,eb7461bbd0255237,1,1,1,1.0,1
canonical_event,d18d8d4d8b960785,1,1,1,1.0,1
canonical_event,316afef41a163abc,1,1,1,1.0,1
canonical_event,3e503d54784cc87c,1,1,1,1.0,1
canonical_event,5ce1d13598765889,1,1,1,1.0,1
canonical_event,b105c245c3d74c59,1,1,1,1.0,1
canonical_event,7ae35633beb4f55d,1,1,1,1.0,1
canonical_event,f87870f1e706b7e9,1,1,1,1.0,1
canonical_event,2e09d5467b9dfffa,1,1,1,1.0,1
canonical_event,5d5c718a48a6dd61,1,1,1,1.0,1
canonical_event,0a8c88bbe003e47b,1,1,1,1.0,1
canonical_event,2c5426ac2c254886,1,1,1,1.0,1
canonical_event,7be71290a901c59a,1,1,1,1.0,1
canonical_event,d9c63e4b39410fdd,1,1,1,1.0,1
canonical_event,8071c7a0415bab28,1,1,1,1.0,1
canonical_event,eace63bb435ac785,1,1,1,1.0,1
canonical_event,56ec0bc17f7bf5aa,1,1,1,1.0,1
canonical_event,8c1633ff4cdcaa0c,2,1,2,0.5,2
canonical_event,519495936a793d28,1,1,1,1.0,1
canonical_event,7246f7da741b722c,1,1,1,1.0,1
canonical_event,9f81620c7c6942e2,1,1,1,1.0,1
canonical_event,28241de3a7b13914,1,1,1,1.0,1
canonical_event,c684b36cda2e4ddb,1,1,1,1.0,1
canonical_event,5b5e2b13fe612371,1,1,1,1.0,1
canonical_event,85ffb71bb256b0ab,1,1,1,1.0,1
canonical_event,8abd00775db70a53,1,1,1,1.0,1
canonical_event,17ed71eb0fb7bb66,1,1,1,1.0,1
canonical_event,066910985cc7505b,1,1,1,1.0,1
canonical_event,750de96466f783e8,1,1,1,1.0,1
canonical_event,7774ee00f7e0f9c8,1,1,1,1.0,1
canonical_event,177ac094987ac0ff,1,1,1,1.0,1
canonical_event,25d45dd9a7b71042,1,1,1,1.0,1
canonical_event,3b387725a9f510ec,1,1,1,1.0,1
canonical_event,0764f888b98fb731,1,1,1,1.0,1
canonical_event,6a6cba6fde843a87,1,1,1,1.0,1
canonical_event,763e20cc53911805,1,1,1,1.0,1
canonical_event,d77ded0840395ee2,1,1,1,1.0,1
canonical_event,1b1ebe7a06f75093,1,1,1,1.0,1
canonical_event,cd3bda27fc195af3,1,1,1,1.0,1
canonical_event,4f3685ef2d129a17,1,1,1,1.0,1
canonical_event,fb7315665dc6a760,1,1,1,1.0,1
canonical_event,d820d909fad365f0,1,1,1,1.0,1
canonical_event,6058b8fdcae9ed76,1,1,1,1.0,1
canonical_event,3b5d0184b29c7af5,1,1,1,1.0,1
canonical_event,a30bc4dbf4ca84be,1,1,1,1.0,1
canonical_event,0a32b31c0c36271e,1,1,1,1.0,1
canonical_event,3771489eeca89246,1,1,1,1.0,1
canonical_event,8d2d408e01768c94,1,1,1,1.0,1
canonical_event,05fb766aa88e86ae,1,1,1,1.0,1
canonical_event,f7f9b7ed59537dcf,1,1,1,1.0,1
canonical_event,e7d706cdca41ca62,1,1,1,1.0,1
canonical_event,d1136ed9f4c72ae9,1,1,1,1.0,1
canonical_event,0f1dc68a742cef2e,1,1,1,1.0,1
canonical_event,cbe0908716391bb1,1,1,1,1.0,1
canonical_event,63d7cbf8011fc85a,1,1,1,1.0,1
canonical_event,02746b0062de44a3,1,1,1,1.0,1
canonical_event,3a2daba19167ea0c,1,1,1,1.0,1
canonical_event,73f200ac3c540818,1,1,1,1.0,1
canonical_event,99c2f58e29ba1333,1,1,1,1.0,1
canonical_event,888984f481ceaa6e,1,1,1,1.0,1
canonical_event,a5965c99de7a5e6b,1,1,1,1.0,1
canonical_event,47f9046d1d7935fd,1,1,1,1.0,1
canonical_event,0c8b164b2f58f34d,1,1,1,1.0,1
canonical_event,c4f67782e4bb6080,1,1,1,1.0,1
canonical_event,37ccfe3a182666bb,1,1,1,1.0,1
canonical_event,18f86721ee2e867a,1,1,1,1.0,1
canonical_event,d7540103cf47a6d8,1,1,1,1.0,1
canonical_event,49e91161e07e83b1,1,1,1,1.0,1
canonical_event,d97124b692bed64f,1,1,1,1.0,1
canonical_event,db27cfc6a81d230a,1,1,1,1.0,1
canonical_event,96b54da100f3582d,1,1,1,1.0,1
canonical_event,020585df6b2f24ac,1,1,1,1.0,1
canonical_event,28bd74101f656ca1,1,1,1,1.0,1
canonical_event,527207392819fee2,1,1,1,1.0,1
canonical_event,afa896d6987eadda,1,1,1,1.0,1
canonical_event,857b5c1e16e9658b,1,1,1,1.0,1
canonical_event,336dba27336c8c74,1,1,1,1.0,1
canonical_event,f1af04da19d44069,1,1,1,1.0,1
canonical_event,c3da59fad4f247d2,1,1,1,1.0,1
canonical_event,a3efd0f3af5b5f85,1,1,1,1.0,1
canonical_event,b95a5918547cb6be,1,1,1,1.0,1
canonical_event,20c19de7c48135b7,1,1,1,1.0,1
canonical_event,84f1363ee7d2ff37,1,1,1,1.0,1
canonical_event,584cf1b57a7968bc,1,1,1,1.0,1
canonical_event,d1a44e18faf2ee68,1,1,1,1.0,1
canonical_event,c7dabec8d26080c6,1,1,1,1.0,1
canonical_event,b25ee283b3ab5918,1,1,1,1.0,1
canonical_event,c483dcba9a42370c,1,1,1,1.0,1
canonical_event,0ff0dc26a2cac93a,1,1,1,1.0,1
canonical_event,29f9bf497ee4521f,1,1,1,1.0,1
canonical_event,ed1764d8581bd8da,1,1,1,1.0,1
canonical_event,7cf169b55218e039,1,1,1,1.0,1
canonical_event,24a9dfe1aa3c181e,1,1,1,1.0,1
canonical_event,0ed93dc868dca1b4,1,1,1,1.0,1
canonical_event,93b05e8f2d1a83ac,1,1,1,1.0,1
canonical_event,df5d7b7d420bc12b,1,1,1,1.0,1
canonical_event,a840c01b33abfb70,1,1,1,1.0,1
canonical_event,630217fe2c890373,1,1,1,1.0,1
canonical_event,ff23e935e6b89f12,1,1,1,1.0,1
canonical_event,475fd800c4bf0050,1,1,1,1.0,1
canonical_event,41d01cd4e46787a0,1,1,1,1.0,1
canonical_event,f8e8af9f5f521b5e,1,1,1,1.0,1
canonical_event,10fb0b382d479909,1,1,1,1.0,1
canonical_event,b49500f6b2211d54,1,1,1,1.0,1
canonical_event,d28a2cb8e3d543dd,1,1,1,1.0,1
canonical_event,b6441100a50b8a63,1,1,1,1.0,1
canonical_event,e5a389c5b6996d6c,1,1,1,1.0,1
canonical_event,5075ac2ea2dd5c56,1,1,1,1.0,1
canonical_event,758a6e9a73244771,1,1,1,1.0,1
canonical_event,767b1cd44f881d1f,1,1,1,1.0,1
canonical_event,7832d384b33af733,1,1,1,1.0,1
canonical_event,24aba93b604d710d,1,1,1,1.0,1
canonical_event,64b626d600a45f89,1,1,1,1.0,1
canonical_event,5274355b5777902c,1,1,1,1.0,1
canonical_event,f750d7de12738ea6,1,1,1,1.0,1
canonical_event,0df06e99494ddc66,1,1,1,1.0,1
canonical_event,5fae8ac3007c6720,1,1,1,1.0,1
canonical_event,3e44f854fc7a6bab,1,1,1,1.0,1
canonical_event,c8a2fdb16c7acb5f,1,1,1,1.0,1
canonical_event,2e6f25df92be59b5,1,1,1,1.0,1
canonical_event,9a2f90f270f8d71e,1,1,1,1.0,1
canonical_event,1424bfa7f53be5a2,1,1,1,1.0,1
canonical_event,abefa24de931972a,1,1,1,1.0,1
canonical_event,a1f759ce081c4be2,1,1,1,1.0,1
canonical_event,ce18f27b055d1f7f,1,1,1,1.0,1
canonical_event,5d803e8492f560e3,1,1,1,1.0,1
canonical_event,7c6ee025ea7645a3,1,1,1,1.0,1
canonical_event,f1de010cfd831839,1,1,1,1.0,1
canonical_event,8bf0260bc44f406a,1,1,1,1.0,1
canonical_event,8d4b8295ad2b3a24,1,1,1,1.0,1
canonical_event,8e689b24b650a4aa,1,1,1,1.0,1
canonical_event,8014e00c6f9fc48d,1,1,1,1.0,1
canonical_event,55231753f65fab51,1,1,1,1.0,1
canonical_event,32ceb42db6bfd941,1,1,1,1.0,1
canonical_event,e0c5e17e8d145f9d,1,1,1,1.0,1
canonical_event,e9ce995db0d99fc2,1,1,1,1.0,1
canonical_event,bf0820613bfb1dd1,2,1,2,0.5,2
canonical_event,2e53f1726a295f70,1,1,1,1.0,1
canonical_event,2ca75aaadeb9d83b,1,1,1,1.0,1
canonical_event,25476ff1b1af89a1,1,1,1,1.0,1
canonical_event,9b35dbc65f8358ef,1,1,1,1.0,1
canonical_event,89fe04ba448e9736,1,1,1,1.0,1
canonical_event,015e68d739b05438,1,1,1,1.0,1
canonical_event,0335ece5231b77aa,1,1,1,1.0,1
canonical_event,b5f99b23411deae3,1,1,1,1.0,1
canonical_event,0f462ef992d787e1,1,1,1,1.0,1
canonical_event,d75e1e4b15b32f41,1,1,1,1.0,1
canonical_event,d5ae95310a61ee3e,1,1,1,1.0,1
canonical_event,eb50d48ec2647f9e,1,1,1,1.0,1
canonical_event,fcefc0eddd6d380c,1,1,1,1.0,1
canonical_event,644f3f79f20a74fc,1,1,1,1.0,1
canonical_event,cf4212e6396ead4c,1,1,1,1.0,1
canonical_event,6d4b82db6374479d,1,1,1,1.0,1
canonical_event,bc80810c4a9ab824,1,1,1,1.0,1
canonical_event,040a62a49555823d,1,1,1,1.0,1
canonical_event,47b76db23e3575be,1,1,1,1.0,1
canonical_event,9b8c9b7fe0f47d01,1,1,1,1.0,1
canonical_event,caf51de4108db2a9,1,1,1,1.0,1
canonical_event,552f200eab4c84ba,1,1,1,1.0,1
canonical_event,dd48b3635d4a2b9f,1,1,1,1.0,1
canonical_event,9f23d24dca8fb590,1,1,1,1.0,1
canonical_event,5670d1f51b9f2daa,2,1,2,0.5,2
canonical_event,ef8d8f824275ebe0,1,1,1,1.0,1
canonical_event,6e871a3078266c33,1,1,1,1.0,1
canonical_event,3a899fe87f84ad63,1,1,1,1.0,1
canonical_event,dd3d6019013c002c,1,1,1,1.0,1
canonical_event,b6d9cda88e2aef84,1,1,1,1.0,1
canonical_event,e030618037f71885,1,1,1,1.0,1
canonical_event,7ae328a8ccb7a7be,1,1,1,1.0,1
canonical_event,fd66ccfc6bc55117,1,1,1,1.0,1
canonical_event,a7305c86e255fc90,1,1,1,1.0,1
canonical_event,4b4724042fbacc7a,1,1,1,1.0,1
canonical_event,135c87014d842de1,1,1,1,1.0,1
canonical_event,8902fa40dde19125,1,1,1,1.0,1
canonical_event,df34e2dad81298b4,1,1,1,1.0,1
canonical_event,d7db6fa564447854,1,1,1,1.0,1
canonical_event,7d26fcbdd70759e1,1,1,1,1.0,1
canonical_event,6e849b276080da22,1,1,1,1.0,1
canonical_event,05e2b3684f88d504,1,1,1,1.0,1
canonical_event,adb087177a18690d,1,1,1,1.0,1
canonical_event,46436e148400fda4,2,1,2,0.5,2
canonical_event,106006ca307e919e,1,1,1,1.0,1
canonical_event,4e9a2fab41c84679,1,1,1,1.0,1
canonical_event,30b3ff571d26fafc,1,1,1,1.0,1
canonical_event,27ca0667f2a4a239,1,1,1,1.0,1
canonical_event,37e173b5a8404513,1,1,1,1.0,1
canonical_event,59b9735733bff77a,2,1,2,0.5,2
canonical_event,f8ce58cff62308be,1,1,1,1.0,1
canonical_event,0f5139b620a67130,1,1,1,1.0,1
canonical_event,c98cda9ce4ac380c,1,1,1,1.0,1
canonical_event,ea7a2eac4d687f41,1,1,1,1.0,1
canonical_event,c3c40815453fdb47,1,1,1,1.0,1
canonical_event,75380f48ac72c86b,1,1,1,1.0,1
canonical_event,d5e297b7b6faa687,1,1,1,1.0,1
canonical_event,dc0a4c79009364f3,2,1,2,0.5,2
canonical_event,00d8d1ae79313c00,1,1,1,1.0,1
canonical_event,5ef4869aea469905,1,1,1,1.0,1
canonical_event,e78e683e4bb03f1a,1,1,1,1.0,1
canonical_event,b5b12bdddc4e5ca2,1,1,1,1.0,1
canonical_event,ca012d1db385fece,1,1,1,1.0,1
canonical_event,da924730f3e4a78c,2,1,2,0.5,2
canonical_event,486477c64bafd0b3,1,1,1,1.0,1
canonical_event,01abba822c742d4a,1,1,1,1.0,1
canonical_event,51f2d55635f2992e,1,1,1,1.0,1
canonical_event,9fb16129c176f135,1,1,1,1.0,1
canonical_event,e7d7c3ecc2f57bce,1,1,1,1.0,1
canonical_event,400bc813ee9e8463,1,1,1,1.0,1
canonical_event,0325d0f912a380e1,1,1,1,1.0,1
canonical_event,98d3e0294eafc7e0,1,1,1,1.0,1
canonical_event,eda08dd50ee99543,1,1,1,1.0,1
canonical_event,969a60dd198d0b55,1,1,1,1.0,1
canonical_event,45327d6502a8a32f,1,1,1,1.0,1
canonical_event,397fda00c704e551,1,1,1,1.0,1
canonical_event,6864b476377559cd,1,1,1,1.0,1
canonical_event,757ba9b4bd4f67cd,1,1,1,1.0,1
canonical_event,06959290752f5b5d,1,1,1,1.0,1
canonical_event,22e8c800b69724a2,1,1,1,1.0,1
canonical_event,945534f5d29cd128,1,1,1,1.0,1
canonical_event,ce15573f79c6c983,1,1,1,1.0,1
canonical_event,81355bc65724971d,1,1,1,1.0,1
canonical_event,dc0d7836e91c730f,1,1,1,1.0,1
canonical_event,b0e0b30db00c3768,1,1,1,1.0,1
canonical_event,288651a047de5815,1,1,1,1.0,1
canonical_event,4d8e380aa1a602c2,1,1,1,1.0,1
canonical_event,00d04769c46bbdb8,1,1,1,1.0,1
canonical_event,c1d1cf565b660e3f,1,1,1,1.0,1
canonical_event,eda909a8995978bd,1,1,1,1.0,1
canonical_event,d95db15f91af5d7b,1,1,1,1.0,1
canonical_event,a45784630410c93d,1,1,1,1.0,1
canonical_event,f7771ee5d0aae5b1,1,1,1,1.0,1
canonical_event,248dffd5b9334e8b,1,1,1,1.0,1
canonical_event,b61c300027f928d9,1,1,1,1.0,1
canonical_event,489e161a59ac125b,1,1,1,1.0,1
canonical_event,5f0496a20b7271d1,1,1,1,1.0,1
canonical_event,4d58e90e41107e28,1,1,1,1.0,1
canonical_event,f6df82e8d1aacc64,1,1,1,1.0,1
canonical_event,45fba0bca31d48c7,1,1,1,1.0,1
canonical_event,ce98d55cdf6c751a,1,1,1,1.0,1
canonical_event,f17d7a29bb6977ab,1,1,1,1.0,1
canonical_event,b1211937a5bbcba0,1,1,1,1.0,1
canonical_event,71e5cb04c1f26232,1,1,1,1.0,1
canonical_event,3f97811c19a5964d,1,1,1,1.0,1
canonical_event,57b9b673f656b4be,1,1,1,1.0,1
canonical_event,18ab0b70dd7901c1,1,1,1,1.0,1
canonical_event,f2877897b1897421,1,1,1,1.0,1
canonical_event,69a0b5df09981faf,1,1,1,1.0,1
canonical_event,8cfdfa34553c9e28,1,1,1,1.0,1
canonical_event,0439f4e41ea39702,1,1,1,1.0,1
canonical_event,79e901ea789d16eb,1,1,1,1.0,1
canonical_event,ea51fe8b599792c5,1,1,1,1.0,1
canonical_event,0e94d51e51bd11dd,1,1,1,1.0,1
canonical_event,b670a1d1f52466a9,1,1,1,1.0,1
canonical_event,13350b2b63957b6f,1,1,1,1.0,1
canonical_event,280a01290dc8f59e,1,1,1,1.0,1
canonical_event,7d298cd7b8ea7876,1,1,1,1.0,1
canonical_event,2bfa3434de6446b3,1,1,1,1.0,1
canonical_event,8003b2cbbd26a89d,1,1,1,1.0,1
canonical_event,b408e5eceaf3f7b9,1,1,1,1.0,1
canonical_event,a13f4417149983a8,1,1,1,1.0,1
canonical_event,77c0a78995f2b87e,1,1,1,1.0,1
canonical_event,53bc42b798af7126,1,1,1,1.0,1
canonical_event,a8f942948ca4631b,1,1,1,1.0,1
canonical_event,0620270e061cb683,1,1,1,1.0,1
canonical_event,a6d6801f8194f047,1,1,1,1.0,1
canonical_event,42d19e01dab7cf9f,1,1,1,1.0,1
canonical_event,1481353c6d0c65fa,1,1,1,1.0,1
canonical_event,c81a3753811d706e,1,1,1,1.0,1
canonical_event,1e409a2c86719d80,1,1,1,1.0,1
canonical_event,b4d318768b04487d,2,1,2,0.5,2
canonical_event,6d677607403b5ead,1,1,1,1.0,1
canonical_event,35f29bcb4123f0aa,1,1,1,1.0,1
canonical_event,fb75aa99d577926c,1,1,1,1.0,1
canonical_event,bf835385c600b1df,1,1,1,1.0,1
canonical_event,32e90f93c2b43e61,1,1,1,1.0,1
canonical_event,4009ab02b90c12af,1,1,1,1.0,1
canonical_event,6380ae254ee3342e,1,1,1,1.0,1
canonical_event,c34079eafcb37ad0,1,1,1,1.0,1
canonical_event,10ce506ae0f28bb9,1,1,1,1.0,1
canonical_event,67a92f521297b337,1,1,1,1.0,1
canonical_event,9605ce2a7a5b6765,1,1,1,1.0,1
canonical_event,d2d3755f69ea318b,1,1,1,1.0,1
canonical_event,5e2f59720d116d00,1,1,1,1.0,1
canonical_event,032aac71251bd098,1,1,1,1.0,1
canonical_event,5fc04d9ac66e503f,1,1,1,1.0,1
canonical_event,1bee9b2d986cfb9b,2,1,2,0.5,2
canonical_event,9a9e258c76a5e2bb,1,1,1,1.0,1
canonical_event,cb30e124c21a0667,1,1,1,1.0,1
canonical_event,941075574660ff82,1,1,1,1.0,1
canonical_event,0bcd713cd868b91c,1,1,1,1.0,1
canonical_event,d8493c98edf4856f,1,1,1,1.0,1
canonical_event,0b1364c8d0290718,1,1,1,1.0,1
canonical_event,1d7c3cb3b29f8c81,1,1,1,1.0,1
canonical_event,98ec5e49d815c6d8,1,1,1,1.0,1
canonical_event,ebf4be47955b1b4c,1,1,1,1.0,1
canonical_event,9ee966bbd1d1e5ba,1,1,1,1.0,1
canonical_event,bcb0f417bd6e93d1,1,1,1,1.0,1
canonical_event,11bad1e298a44b36,1,1,1,1.0,1
canonical_event,e72d3d070ecf0ce9,1,1,1,1.0,1
canonical_event,74053e8cea9d15ac,2,1,2,0.5,2
canonical_event,8d1383433e004d5c,1,1,1,1.0,1
canonical_event,8227f403005263df,1,1,1,1.0,1
canonical_event,d0fddf793573b7a7,1,1,1,1.0,1
canonical_event,377440591792befe,1,1,1,1.0,1
canonical_event,6c7093c0a1b1b7a4,1,1,1,1.0,1
canonical_event,c0f9902e4572a0f0,1,1,1,1.0,1
canonical_event,e54db698e3e889ba,1,1,1,1.0,1
canonical_event,0bf07de50b9ff1a4,1,1,1,1.0,1
canonical_event,c246bea5d0593ba1,1,1,1,1.0,1
canonical_event,67db365d322b82c2,2,1,2,0.5,2
canonical_event,d9d814762a2ff95c,1,1,1,1.0,1
canonical_event,8fd56e37ef62c916,1,1,1,1.0,1
canonical_event,fc0f2edc040bd5a7,1,1,1,1.0,1
canonical_event,954cef42a89fbeaf,1,1,1,1.0,1
canonical_event,896aa41113221397,1,1,1,1.0,1
canonical_event,e2aff56997e189b8,1,1,1,1.0,1
canonical_event,66d5c68992aeaec9,1,1,1,1.0,1
canonical_event,f1466fe4895c4829,1,1,1,1.0,1
canonical_event,de401f8c4f956cb6,2,1,2,0.5,2
canonical_event,b37d50697d8635b9,1,1,1,1.0,1
canonical_event,68631dda4984724b,1,1,1,1.0,1
canonical_event,b72be288c28f21f1,2,1,2,0.5,2
canonical_event,f0e9f97e63e1f1f1,1,1,1,1.0,1
canonical_event,776525590a7534b6,1,1,1,1.0,1
canonical_event,60043e92cf2af6db,1,1,1,1.0,1
canonical_event,3e0c25c4f74a6c80,1,1,1,1.0,1
canonical_event,46b11358a58936ff,1,1,1,1.0,1
canonical_event,734bbb3ccb339cbf,1,1,1,1.0,1
canonical_event,75cff81fede8dfb9,1,1,1,1.0,1
canonical_event,98018508d9229769,1,1,1,1.0,1
canonical_event,e4a503adbae4ccdd,1,1,1,1.0,1
canonical_event,fca9da5381903e92,1,1,1,1.0,1
canonical_event,27c08236e5752da8,1,1,1,1.0,1
canonical_event,04ec5699fc72c51f,1,1,1,1.0,1
canonical_event,1a109d1386674848,1,1,1,1.0,1
canonical_event,339fe0f498055eb6,1,1,1,1.0,1
canonical_event,2a820c39eb2cc80f,1,1,1,1.0,1
canonical_event,af26ab151e627835,1,1,1,1.0,1
canonical_event,772fff4fb421f2f1,1,1,1,1.0,1
canonical_event,599fb953393805cd,1,1,1,1.0,1
canonical_event,9b80a4c99d5592e6,1,1,1,1.0,1
canonical_event,af83338ac41ec1ca,1,1,1,1.0,1
canonical_event,295c1f898a13829d,1,1,1,1.0,1
canonical_event,780690e552afbcba,1,1,1,1.0,1
canonical_event,9fda916614edb1f4,1,1,1,1.0,1
canonical_event,fa6244d1e1e70e92,1,1,1,1.0,1
canonical_event,2f412b998706e5cd,1,1,1,1.0,1
canonical_event,ab3afb0512509f46,1,1,1,1.0,1
canonical_event,c23600204957ef63,1,1,1,1.0,1
canonical_event,94d618c9e363db6a,1,1,1,1.0,1
canonical_event,0a7079366e9b78a9,1,1,1,1.0,1
canonical_event,d3f31573dbf5fafb,1,1,1,1.0,1
canonical_event,7d4af0e7825f2146,1,1,1,1.0,1
canonical_event,2e1d8ef461038d8c,1,1,1,1.0,1
canonical_event,e41bc9027fee9fe4,1,1,1,1.0,1
canonical_event,30e38a50f77a9777,1,1,1,1.0,1
canonical_event,7fa3ee9bbf7b6603,1,1,1,1.0,1
canonical_event,7febb3075c2faf0c,1,1,1,1.0,1
canonical_event,11682043047b6f00,1,1,1,1.0,1
canonical_event,f10860fe9e6c0b54,1,1,1,1.0,1
canonical_event,af13405c43d38b63,1,1,1,1.0,1
canonical_event,0ee701bade241e1b,1,1,1,1.0,1
canonical_event,c213ba06bad13d9f,2,1,2,0.5,2
canonical_event,96639efea913c8b4,1,1,1,1.0,1
canonical_event,9f7e64ef13ad47aa,1,1,1,1.0,1
canonical_event,993a90886ff80262,2,1,2,0.5,2
canonical_event,5721162e48ebfdb9,1,1,1,1.0,1
canonical_event,aa3b89d9fed80f2b,1,1,1,1.0,1
canonical_event,40891d9a2524c28a,1,1,1,1.0,1
canonical_event,209d777d9c3fe9c3,1,1,1,1.0,1
canonical_event,187703c6512a1b7c,1,1,1,1.0,1
canonical_event,de0c1ed22eaf6813,1,1,1,1.0,1
canonical_event,f093f6878d5b8629,1,1,1,1.0,1
canonical_event,731cef9aac1a35df,1,1,1,1.0,1
canonical_event,6a306a6508adf3f0,1,1,1,1.0,1
canonical_event,debbdc38b81f41fa,1,1,1,1.0,1
canonical_event,47d715e03f119186,1,1,1,1.0,1
canonical_event,4510309252ff7994,1,1,1,1.0,1
canonical_event,9e8e03b6d5a53171,1,1,1,1.0,1
canonical_event,e86f89dc499d62ac,1,1,1,1.0,1
canonical_event,f5d747be17c697a4,1,1,1,1.0,1
canonical_event,75b3ae52b88cfd20,1,1,1,1.0,1
canonical_event,58d4c798b90c4575,1,1,1,1.0,1
canonical_event,82400ae57f4abc74,1,1,1,1.0,1
canonical_event,81b72c6a28f6da0c,1,1,1,1.0,1
canonical_event,989f491901b08cad,1,1,1,1.0,1
canonical_event,69de4174a631e651,1,1,1,1.0,1
canonical_event,6950731c7f2f4fe6,1,1,1,1.0,1
canonical_event,aad2ae148eea2ba9,1,1,1,1.0,1
canonical_event,fd0a88bae365921e,1,1,1,1.0,1
canonical_event,cf530b165ae8403e,1,1,1,1.0,1
canonical_event,7da0386db62214bf,1,1,1,1.0,1
canonical_event,07f487d94161716d,1,1,1,1.0,1
canonical_event,1c843e4d719352a4,1,1,1,1.0,1
canonical_event,2cff2815e094f40d,1,1,1,1.0,1
canonical_event,0d5599cf848503b1,1,1,1,1.0,1
canonical_event,a15ee5403c81381a,1,1,1,1.0,1
canonical_event,65ef400285fbdc71,1,1,1,1.0,1
canonical_event,17303ced8b66d52c,1,1,1,1.0,1
canonical_event,ba3fb5fc1625f89f,1,1,1,1.0,1
canonical_event,9d5a9138439120e1,1,1,1,1.0,1
canonical_event,539dc38dc033e1b2,1,1,1,1.0,1
canonical_event,e1416e6c6d5cbc80,1,1,1,1.0,1
canonical_event,ca3b1b07d4c3875f,1,1,1,1.0,1
canonical_event,64a235f82d988e4e,1,1,1,1.0,1
canonical_event,6ccedb695bc3fc86,1,1,1,1.0,1
canonical_event,34e001e5a46792db,1,1,1,1.0,1
canonical_event,76167f52d2973ae0,1,1,1,1.0,1
canonical_event,e4645fdb120e3126,1,1,1,1.0,1
canonical_event,c6a7066adbbd69a0,1,1,1,1.0,1
canonical_event,bb6435bcaf7b0435,2,1,2,0.5,2
canonical_event,701165b23e4d18fe,1,1,1,1.0,1
canonical_event,1ce62de1305fdc1d,1,1,1,1.0,1
canonical_event,270d162f61d385fa,1,1,1,1.0,1
canonical_event,9696a2bab1577191,1,1,1,1.0,1
canonical_event,77997d372df0cf2a,1,1,1,1.0,1
canonical_event,e5d999608d93f740,1,1,1,1.0,1
canonical_event,d7250a3a420640ca,1,1,1,1.0,1
canonical_event,1b73c53ab60ef5b8,1,1,1,1.0,1
canonical_event,7e0d2d2ad7903037,1,1,1,1.0,1
canonical_event,6e1cfa8b9390a5f5,1,1,1,1.0,1
canonical_event,1a9b33bbfa9cb1cc,1,1,1,1.0,1
canonical_event,f2f3db86a0b7ab24,1,1,1,1.0,1
canonical_event,1fa84bf3e7b1948e,1,1,1,1.0,1
canonical_event,c1f93c925b8eff75,1,1,1,1.0,1
canonical_event,d5114f7ab7d14b45,1,1,1,1.0,1
canonical_event,e2524a4f39df83f9,1,1,1,1.0,1
canonical_event,9fd35735a8fce885,1,1,1,1.0,1
canonical_event,b601281c2145369e,1,1,1,1.0,1
canonical_event,9d129bdde7386b96,2,1,2,0.5,2
canonical_event,0f102bf33d883de5,1,1,1,1.0,1
canonical_event,8990ac7609128308,1,1,1,1.0,1
canonical_event,d0013d9fc8457b2b,1,1,1,1.0,1
canonical_event,b53ab0d7729f40ed,1,1,1,1.0,1
canonical_event,e66480861498e5d1,1,1,1,1.0,1
canonical_event,e39d9ae3304dabc0,1,1,1,1.0,1
canonical_event,6cbeb111526df358,1,1,1,1.0,1
canonical_event,7ad1deadf3edf93e,1,1,1,1.0,1
canonical_event,3c45c5852393a67d,1,1,1,1.0,1
canonical_event,313e0cb5739e60bd,1,1,1,1.0,1
canonical_event,0f559242eb37fc63,2,1,2,0.5,2
canonical_event,574c2aac50d670e2,1,1,1,1.0,1
canonical_event,eb279ce25feb8683,1,1,1,1.0,1
canonical_event,9f17654eedf6787e,1,1,1,1.0,1
canonical_event,e6217aa272f7cf8f,2,1,2,0.5,2
canonical_event,4ecc5df3a73e6543,1,1,1,1.0,1
canonical_event,a72da6db9b14f454,1,1,1,1.0,1
canonical_event,c5b738832bc8c285,1,1,1,1.0,1
canonical_event,f85134f57ebf1524,1,1,1,1.0,1
canonical_event,d1a89ace69012e3d,1,1,1,1.0,1
canonical_event,2599e8ce38660fd3,1,1,1,1.0,1
canonical_event,fd9df34f1bd2aed2,1,1,1,1.0,1
canonical_event,4ea04ab6c4d39dc6,1,1,1,1.0,1
canonical_event,484445cee0d41f3a,1,1,1,1.0,1
canonical_event,6e5ffb75b1f46ba3,1,1,1,1.0,1
canonical_event,d6a16cf2f40029cf,1,1,1,1.0,1
canonical_event,b8bfcd894c94dc0a,1,1,1,1.0,1
canonical_event,433ba980d169bc10,1,1,1,1.0,1
canonical_event,c97cabb8c661775a,1,1,1,1.0,1
canonical_event,7ce69f1353b694bf,1,1,1,1.0,1
canonical_event,f8d8f2b6b8260a38,1,1,1,1.0,1
canonical_event,893f1f9887c5def2,1,1,1,1.0,1
canonical_event,7866c151af707e71,1,1,1,1.0,1
canonical_event,9fefbb9460badbe4,1,1,1,1.0,1
canonical_event,2b2c2f168f3b0977,1,1,1,1.0,1
canonical_event,1d1dc312d648dd21,1,1,1,1.0,1
canonical_event,596cd7ff130df339,1,1,1,1.0,1
canonical_event,43bfbf9f39508393,1,1,1,1.0,1
canonical_event,f4397a9ab8c8d44b,1,1,1,1.0,1
canonical_event,130f8c00e04c9e97,1,1,1,1.0,1
canonical_event,2a8b34b549a0229d,1,1,1,1.0,1
canonical_event,ef47debba83a5f24,1,1,1,1.0,1
canonical_event,8ede9732e011d83e,1,1,1,1.0,1
canonical_event,4d30531fe04e4ef7,1,1,1,1.0,1
canonical_event,258de25c177c8656,1,1,1,1.0,1
canonical_event,8608412d38cc100c,1,1,1,1.0,1
canonical_event,c7cfc07698a66afc,1,1,1,1.0,1
canonical_event,1271f15d8fe93c6c,1,1,1,1.0,1
canonical_event,d546bf65a1988ba0,1,1,1,1.0,1
canonical_event,b382ba9fbbf43c35,1,1,1,1.0,1
canonical_event,03f58b08bc7893bd,1,1,1,1.0,1
canonical_event,69eb2d1528c66675,1,1,1,1.0,1
canonical_event,bb9d3a8ae82f9715,1,1,1,1.0,1
canonical_event,02cb585a74c3ce12,1,1,1,1.0,1
canonical_event,aad20d5b4f21344e,1,1,1,1.0,1
canonical_event,57a3444c3abb4c32,1,1,1,1.0,1
canonical_event,9c72a042202216f2,1,1,1,1.0,1
canonical_event,834a7f58b6f0c765,1,1,1,1.0,1
canonical_event,fde18c717620ebfa,1,1,1,1.0,1
canonical_event,dd0a8f73e30cd6cb,1,1,1,1.0,1
canonical_event,fbc8c624546899e8,1,1,1,1.0,1
canonical_event,38bb090ae6527cd0,1,1,1,1.0,1
canonical_event,e5756bf88e22a48b,1,1,1,1.0,1
canonical_event,5554ca3c2de9955c,1,1,1,1.0,1
canonical_event,df70fd4175efae39,1,1,1,1.0,1
canonical_event,2ea4ca0de36cea11,1,1,1,1.0,1
canonical_event,2336dee593ff2d4c,1,1,1,1.0,1
canonical_event,3e96578d2ef64e00,1,1,1,1.0,1
canonical_event,6ac5c4d442a0eae6,1,1,1,1.0,1
canonical_event,3dda2afc1c310697,1,1,1,1.0,1
canonical_event,08d4450f1d559b97,1,1,1,1.0,1
canonical_event,c97867bdfe132707,1,1,1,1.0,1
canonical_event,74d55494897b3876,1,1,1,1.0,1
canonical_event,4b2b1fd0f4fecf5d,1,1,1,1.0,1
canonical_event,d975071ee19dee1d,1,1,1,1.0,1
canonical_event,fc69fa8715e276e3,1,1,1,1.0,1
canonical_event,6a825675e3d77c49,1,1,1,1.0,1
canonical_event,d1e4552195fe8157,1,1,1,1.0,1
canonical_event,0a562efbd801205b,1,1,1,1.0,1
canonical_event,1cbd775a27120e68,1,1,1,1.0,1
canonical_event,2abc1c37149c63f7,1,1,1,1.0,1
canonical_event,879c87eade9fea98,1,1,1,1.0,1
canonical_event,3fc30de01f021530,1,1,1,1.0,1
canonical_event,d6043e3c78a1b536,1,1,1,1.0,1
canonical_event,1e14eb00056b6ff2,1,1,1,1.0,1
canonical_event,ad3818654848c1a9,1,1,1,1.0,1
canonical_event,a8379a5b87512b1c,1,1,1,1.0,1
canonical_event,181b3f9dd0634990,1,1,1,1.0,1
canonical_event,633616c74f38a70b,1,1,1,1.0,1
canonical_event,2de52741e1655076,1,1,1,1.0,1
canonical_event,7acb48d485c1f102,1,1,1,1.0,1
canonical_event,2fb2f91000b1d594,1,1,1,1.0,1
canonical_event,b836c6d7a74081cd,1,1,1,1.0,1
canonical_event,9fc409b98d758009,1,1,1,1.0,1
canonical_event,06c39c3bce123016,1,1,1,1.0,1
canonical_event,c094401c756568d6,1,1,1,1.0,1
canonical_event,890181b192ba44ce,1,1,1,1.0,1
canonical_event,e04a9c1578fcbf94,1,1,1,1.0,1
canonical_event,c708ceeb6cd2ca29,1,1,1,1.0,1
canonical_event,f3d167c98bd5614c,1,1,1,1.0,1
canonical_event,81f8eb2c28a87e10,1,1,1,1.0,1
canonical_event,95c276c5c28b9a58,2,1,2,0.5,2
canonical_event,7bb5e718a37041f1,1,1,1,1.0,1
canonical_event,886ab503873bd70b,1,1,1,1.0,1
canonical_event,4bfe7bf0392de5b5,1,1,1,1.0,1
canonical_event,459d823354fe7cb5,1,1,1,1.0,1
canonical_event,a29c452301d39ef5,1,1,1,1.0,1
canonical_event,2a742d2c94f9db61,1,1,1,1.0,1
canonical_event,0806071bb2a15f22,1,1,1,1.0,1
canonical_event,6d5a66ce11dda24d,1,1,1,1.0,1
canonical_event,aa7427bbb74d180e,1,1,1,1.0,1
canonical_event,1e919578a3926de8,1,1,1,1.0,1
canonical_event,2516697a35c42b3a,1,1,1,1.0,1
canonical_event,f3241cb58f7db92d,1,1,1,1.0,1
canonical_event,92f8ef1087afe827,1,1,1,1.0,1
canonical_event,8f939971e3bdc546,1,1,1,1.0,1
canonical_event,2f59111f7d700f33,1,1,1,1.0,1
canonical_event,283027064d0511d8,1,1,1,1.0,1
canonical_event,e095ce882438208e,1,1,1,1.0,1
canonical_event,855b28bdcca7228f,1,1,1,1.0,1
canonical_event,2d1b7a5e380cb921,1,1,1,1.0,1
canonical_event,83a8b5b22db66b97,1,1,1,1.0,1
canonical_event,a63a568851040008,1,1,1,1.0,1
canonical_event,2f818fbbe78ea455,1,1,1,1.0,1
canonical_event,7a57bae49150f7a3,1,1,1,1.0,1
canonical_event,9cdcdac93d44526f,1,1,1,1.0,1
canonical_event,9e49a90c78ff8630,1,1,1,1.0,1
canonical_event,aa6e7e0fb25e08b0,1,1,1,1.0,1
canonical_event,e21aaa0588ad2285,1,1,1,1.0,1
canonical_event,3425d1d56a55b5d7,1,1,1,1.0,1
canonical_event,055d1e624285b1d9,1,1,1,1.0,1
canonical_event,97c787c49096b629,1,1,1,1.0,1
canonical_event,d36318ae030a7982,2,1,2,0.5,2
canonical_event,b297c53d1b400d18,1,1,1,1.0,1
canonical_event,72839e1a7e03de62,1,1,1,1.0,1
canonical_event,46d5222728e01e6b,1,1,1,1.0,1
canonical_event,e4c9642104e17ec0,1,1,1,1.0,1
canonical_event,8d3a5a62d7ff9c56,1,1,1,1.0,1
canonical_event,9fcb36a8c7eed182,1,1,1,1.0,1
canonical_event,facc41c0b62bc0fc,1,1,1,1.0,1
canonical_event,a3a54baf0c686cc8,1,1,1,1.0,1
canonical_event,4ff2006d5b28e3de,1,1,1,1.0,1
canonical_event,856dd2e4d062c1b9,1,1,1,1.0,1
canonical_event,0ccbffc010c76a73,1,1,1,1.0,1
canonical_event,5fdf57b5e6bd9e7b,1,1,1,1.0,1
canonical_event,c64ce91ee081089f,1,1,1,1.0,1
canonical_event,bbfd99d3a05caa4b,1,1,1,1.0,1
canonical_event,80c3f0dc32c8d2fb,1,1,1,1.0,1
canonical_event,e60fee8217b8c60f,1,1,1,1.0,1
canonical_event,062d47af7412a68b,2,1,2,0.5,2
canonical_event,57a1798cc7e1cd4b,2,1,2,0.5,2
canonical_event,0688adb24f02610a,1,1,1,1.0,1
canonical_event,56dc5b55f2af7d16,1,1,1,1.0,1
canonical_event,dc2ee170d95bde78,1,1,1,1.0,1
canonical_event,4e93cedb3b1add84,1,1,1,1.0,1
canonical_event,99d869f48b1477fa,1,1,1,1.0,1
canonical_event,43c5cb3dff4d3716,1,1,1,1.0,1
canonical_event,de96a4c5466a1e37,1,1,1,1.0,1
canonical_event,c835f035c8c9a423,1,1,1,1.0,1
canonical_event,bd671488c79fc8b0,1,1,1,1.0,1
canonical_event,049bb10a8fd7f402,1,1,1,1.0,1
canonical_event,1fe8a228a09ffbdf,1,1,1,1.0,1
canonical_event,16421f97b0f025b7,1,1,1,1.0,1
canonical_event,577b38951627a6a2,1,1,1,1.0,1
canonical_event,f0dd9f239348273e,1,1,1,1.0,1
canonical_event,5ccffc2a48962dae,1,1,1,1.0,1
canonical_event,ea07544eb8968067,1,1,1,1.0,1
canonical_event,686c580bc5523665,2,1,2,0.5,2
canonical_event,c797c4277df86ebd,1,1,1,1.0,1
canonical_event,05e07a1bfa63972f,1,1,1,1.0,1
canonical_event,7f310a0725079262,1,1,1,1.0,1
canonical_event,a14559b0204c26ae,1,1,1,1.0,1
canonical_event,33bc735e94a7773f,1,1,1,1.0,1
canonical_event,32cf7be77fdcdfec,1,1,1,1.0,1
canonical_event,b47c23c68e004121,1,1,1,1.0,1
canonical_event,c9af516fb075a85c,1,1,1,1.0,1
canonical_event,8c3a96a1496232a2,1,1,1,1.0,1
canonical_event,b683487056295007,1,1,1,1.0,1
canonical_event,0bd84d977fd2be00,1,1,1,1.0,1
canonical_event,3673daa6b8c248cc,1,1,1,1.0,1
canonical_event,03dc8e3074d78079,1,1,1,1.0,1
canonical_event,03a183fe35e5b84d,1,1,1,1.0,1
canonical_event,b70fb874b214e047,1,1,1,1.0,1
canonical_event,6efb43ba0f173482,1,1,1,1.0,1
canonical_event,3208b04397256ee0,1,1,1,1.0,1
canonical_event,10436121eef0c97f,1,1,1,1.0,1
canonical_event,7ce64c251ceb0685,1,1,1,1.0,1
canonical_event,da026d0c1bee4a20,1,1,1,1.0,1
canonical_event,29ed31b9d406fa8c,1,1,1,1.0,1
canonical_event,5f74c2db0e12cce9,1,1,1,1.0,1
canonical_event,8773ab5bd5fe6de0,1,1,1,1.0,1
canonical_event,cf9447e11fd72dc4,1,1,1,1.0,1
canonical_event,4196c30626c66b2b,1,1,1,1.0,1
canonical_event,9d3851fb7a4438c7,1,1,1,1.0,1
canonical_event,d92863ab472ae3c7,1,1,1,1.0,1
canonical_event,3ea95242e98a510a,1,1,1,1.0,1
canonical_event,af80864ba67741d2,1,1,1,1.0,1
canonical_event,083d19cbe8f0a8f9,1,1,1,1.0,1
canonical_event,a6b399f36639a6f0,1,1,1,1.0,1
canonical_event,4d39694ccb393809,1,1,1,1.0,1
canonical_event,6b39304925ee9780,1,1,1,1.0,1
canonical_event,9fb54d7a8ceb4dbc,1,1,1,1.0,1
canonical_event,79743337f98e7e49,1,1,1,1.0,1
canonical_event,fc13f82294f45aab,1,1,1,1.0,1
canonical_event,6823b2781d033dd1,1,1,1,1.0,1
canonical_event,c200fdff36d6dd07,1,1,1,1.0,1
canonical_event,83af2ab571e62d30,1,1,1,1.0,1
canonical_event,99719644c7d3dd9a,1,1,1,1.0,1
canonical_event,31d4d09f6cdfc961,1,1,1,1.0,1
canonical_event,b81bdac759dae055,1,1,1,1.0,1
canonical_event,f843ff2994689acd,1,1,1,1.0,1
canonical_event,3afc5b1af252a6b3,1,1,1,1.0,1
canonical_event,4eaa51e3b8a37808,1,1,1,1.0,1
canonical_event,0247ca7c9dae50ca,1,1,1,1.0,1
canonical_event,cce443267f39814e,1,1,1,1.0,1
canonical_event,79d6957dcf42729e,1,1,1,1.0,1
canonical_event,bf29c0722e14bf54,1,1,1,1.0,1
canonical_event,13a0bebda23ba7f4,1,1,1,1.0,1
canonical_event,e0003fd14f77f140,1,1,1,1.0,1
canonical_event,48925a7448305308,1,1,1,1.0,1
canonical_event,7de11e577744c183,1,1,1,1.0,1
canonical_event,57546ea5afccaf06,1,1,1,1.0,1
canonical_event,d514933f3922be57,1,1,1,1.0,1
canonical_event,4ff122d02a76bf8e,1,1,1,1.0,1
canonical_event,5de5a107c44459f6,1,1,1,1.0,1
canonical_event,56052767dcd99f35,1,1,1,1.0,1
canonical_event,e7e9d64e2f22c5e2,1,1,1,1.0,1
canonical_event,cd9b3a8795061a9a,1,1,1,1.0,1
canonical_event,4d38aa49cffc87e9,1,1,1,1.0,1
canonical_event,6d34177dda1d6b16,1,1,1,1.0,1
canonical_event,685f76465b74effa,1,1,1,1.0,1
canonical_event,6f569dde79b31a16,1,1,1,1.0,1
canonical_event,adf5a09093626f6a,1,1,1,1.0,1
canonical_event,befc6431fef7ff03,1,1,1,1.0,1
canonical_event,e7044c6d7a0dc9a1,1,1,1,1.0,1
canonical_event,043ae5365d08f9c2,1,1,1,1.0,1
canonical_event,42735198fba0760c,1,1,1,1.0,1
canonical_event,98c58f6796b48345,1,1,1,1.0,1
canonical_event,be30d6ea5981758c,1,1,1,1.0,1
canonical_event,c4aafbd302f29aab,1,1,1,1.0,1
canonical_event,af7a3ae386036590,1,1,1,1.0,1
canonical_event,82ff46ad064e230a,1,1,1,1.0,1
canonical_event,7f731120aa3f24aa,1,1,1,1.0,1
canonical_event,16e19f93b415ea32,1,1,1,1.0,1
canonical_event,e26c81ad7f042f7f,1,1,1,1.0,1
canonical_event,f9819d591e20ac52,1,1,1,1.0,1
canonical_event,ea343b3867f5c1f3,1,1,1,1.0,1
canonical_event,6f8405c8371fdf5a,1,1,1,1.0,1
canonical_event,01e78b19b3da0350,1,1,1,1.0,1
canonical_event,87647c3d4066542b,1,1,1,1.0,1
canonical_event,df68c73809b101e4,1,1,1,1.0,1
canonical_event,610e8bb1311ee4ea,1,1,1,1.0,1
canonical_event,2d51fdfa4d1c68b7,1,1,1,1.0,1
canonical_event,e9478283aae82b3c,1,1,1,1.0,1
canonical_event,842867f3b4bd1468,1,1,1,1.0,1
canonical_event,8a8b513f38dd0875,1,1,1,1.0,1
canonical_event,5042c7c19d133ab3,1,1,1,1.0,1
canonical_event,e055b7f1322136c3,1,1,1,1.0,1
canonical_event,f33b7d946922d431,1,1,1,1.0,1
canonical_event,a65f1204e7dd6ec2,1,1,1,1.0,1
canonical_event,7c28f207016f61cb,1,1,1,1.0,1
canonical_event,cf15765e95b247f0,1,1,1,1.0,1
canonical_event,1b4ce4e4c2651a7a,1,1,1,1.0,1
canonical_event,13577c9fbceb7e83,2,1,2,0.5,2
canonical_event,46fc148af394f54f,1,1,1,1.0,1
canonical_event,bd6c7a3ec4edbfc2,1,1,1,1.0,1
canonical_event,a43fa685a4a88f0b,1,1,1,1.0,1
canonical_event,937cf5d4888e74dd,1,1,1,1.0,1
canonical_event,02c01fba7b37bcaa,1,1,1,1.0,1
canonical_event,753121d2ae20b889,2,1,2,0.5,2
canonical_event,d2f9063ba2f85fe9,2,1,2,0.5,2
canonical_event,e1794ec24bf46b9a,1,1,1,1.0,1
canonical_event,fd305df8e44ecd08,1,1,1,1.0,1
canonical_event,ede8d8d14b7a4ce5,1,1,1,1.0,1
canonical_event,654b975d46419ad9,1,1,1,1.0,1
canonical_event,61783e87e19708a4,1,1,1,1.0,1
canonical_event,a46e10dfdfc892d2,1,1,1,1.0,1
canonical_event,98f3da70e3317941,1,1,1,1.0,1
canonical_event,8a1fb0ca70ed3309,1,1,1,1.0,1
canonical_event,b9ee2dee77742762,1,1,1,1.0,1
canonical_event,44906e21955a6f4c,1,1,1,1.0,1
canonical_event,86b6b2f7ec426cd6,1,1,1,1.0,1
canonical_event,453829437d4eedf5,1,1,1,1.0,1
canonical_event,0006956e401f7f21,2,1,2,0.5,2
canonical_event,75f2e6639b3be5e2,1,1,1,1.0,1
canonical_event,85454685ef23110b,1,1,1,1.0,1
canonical_event,dd6e3b7098ff1acd,1,1,1,1.0,1
canonical_event,b43f546d2cfec45e,1,1,1,1.0,1
canonical_event,5e2e1e22e72dbf37,1,1,1,1.0,1
canonical_event,046f52c4ced0fdf1,1,1,1,1.0,1
canonical_event,e02fc105ac551f25,1,1,1,1.0,1
canonical_event,8727e02317831d87,1,1,1,1.0,1
canonical_event,8c811d86ff7617a5,1,1,1,1.0,1
canonical_event,73cf08acf88774d8,1,1,1,1.0,1
canonical_event,83eb60ebf9628815,1,1,1,1.0,1
canonical_event,d249c4e10a968a3c,1,1,1,1.0,1
canonical_event,7468c02e77f6decf,1,1,1,1.0,1
canonical_event,0a097732387057f4,1,1,1,1.0,1
canonical_event,acc7d643d3274255,1,1,1,1.0,1
canonical_event,e12b57d4e13c70f0,1,1,1,1.0,1
canonical_event,f65818f0cea62c62,1,1,1,1.0,1
canonical_event,9ab7ffc510bd4f17,1,1,1,1.0,1
canonical_event,d168718ff6daf776,1,1,1,1.0,1
canonical_event,3ac689ff1bda845d,1,1,1,1.0,1
canonical_event,1456ba6bb8e914a7,1,1,1,1.0,1
canonical_event,b09d938bceabf131,1,1,1,1.0,1
canonical_event,85ed9778e790713f,1,1,1,1.0,1
canonical_event,a331dcc3d6f53e3b,1,1,1,1.0,1
canonical_event,639957284a3804b9,1,1,1,1.0,1
canonical_event,35b995ee632bb10b,1,1,1,1.0,1
canonical_event,19f06e20f6286ec6,1,1,1,1.0,1
canonical_event,8a9fe0a32248822c,1,1,1,1.0,1
canonical_event,0bc60e1cbbab7503,2,1,2,0.5,2
canonical_event,f8f05da38a41d6cb,1,1,1,1.0,1
canonical_event,9d822c9ed07a14a4,1,1,1,1.0,1
canonical_event,17f99103d68f9d8f,1,1,1,1.0,1
canonical_event,42bc7abd0df39f21,1,1,1,1.0,1
canonical_event,326537f11aa50d85,1,1,1,1.0,1
canonical_event,2796d3210f1516cc,1,1,1,1.0,1
canonical_event,5c477008b205ba35,1,1,1,1.0,1
canonical_event,b966ba7b7332532a,1,1,1,1.0,1
canonical_event,e49c82ae4e32c9e9,1,1,1,1.0,1
canonical_event,c2a0c1fedf74aa9c,1,1,1,1.0,1
canonical_event,7fa88b06c73c7189,1,1,1,1.0,1
canonical_event,32ff5fccc09170df,1,1,1,1.0,1
canonical_event,0cd1a59a9e7d8d9d,1,1,1,1.0,1
canonical_event,bbeeaeec846f5bf9,2,1,2,0.5,2
canonical_event,4ccfe7fa3cb0d131,1,1,1,1.0,1
canonical_event,8c556517f78c2e9b,1,1,1,1.0,1
canonical_event,511b6fcdd3282a45,1,1,1,1.0,1
canonical_event,79dead8a64000678,1,1,1,1.0,1
canonical_event,f745f7f6ad0c30e2,1,1,1,1.0,1
canonical_event,84fd1f291ae02c68,1,1,1,1.0,1
canonical_event,b822a60e1a6bf42d,1,1,1,1.0,1
canonical_event,816535c39f785789,1,1,1,1.0,1
canonical_event,60ebcbcefe2557c6,1,1,1,1.0,1
canonical_event,a1ce3d17b8907e96,1,1,1,1.0,1
canonical_event,5d38dc5d2453ac7a,1,1,1,1.0,1
canonical_event,4d8ae9f4d5341f20,1,1,1,1.0,1
canonical_event,a6de407bf662251a,1,1,1,1.0,1
canonical_event,30a035fab7fa232e,1,1,1,1.0,1
canonical_event,85346ad4687319f9,1,1,1,1.0,1
canonical_event,5b138b013972bf7d,1,1,1,1.0,1
canonical_event,431408cac964ae22,1,1,1,1.0,1
canonical_event,29be81f14d50b0b8,1,1,1,1.0,1
canonical_event,e87ddfe0a7e24772,1,1,1,1.0,1
canonical_event,d79404dc97d79fd8,1,1,1,1.0,1
canonical_event,7e3c0aecf5d3d05b,1,1,1,1.0,1
canonical_event,365ce482bdf1a526,1,1,1,1.0,1
canonical_event,9483ca8b50f2efc2,1,1,1,1.0,1
canonical_event,16bf3f8c7f381ea4,1,1,1,1.0,1
canonical_event,ac8cf26dcef50663,1,1,1,1.0,1
canonical_event,0e15bdcb29a0eb48,1,1,1,1.0,1
canonical_event,e0626aa301c6f23b,1,1,1,1.0,1
canonical_event,d6cefb52740f474c,1,1,1,1.0,1
canonical_event,c7448bfa60abad8a,1,1,1,1.0,1
canonical_event,1f6e6eb27692d5a1,1,1,1,1.0,1
canonical_event,baccd5e71c14fa64,1,1,1,1.0,1
canonical_event,5fffc2962ca079ee,1,1,1,1.0,1
canonical_event,847d7ef25cda29b7,1,1,1,1.0,1
canonical_event,3883095d07b6f0b4,1,1,1,1.0,1
canonical_event,09692dbc577a4e93,1,1,1,1.0,1
canonical_event,b13b802330db3bf5,1,1,1,1.0,1
canonical_event,edfcb04394b04568,1,1,1,1.0,1
canonical_event,119c4a961bfb134b,1,1,1,1.0,1
canonical_event,36847fab9ce118d6,1,1,1,1.0,1
canonical_event,c69e2a7d06da3d69,1,1,1,1.0,1
canonical_event,27fea68fbc0e2879,1,1,1,1.0,1
canonical_event,de5215c7d78f5b99,1,1,1,1.0,1
canonical_event,52777681e62d6202,1,1,1,1.0,1
canonical_event,ba94680fbe2516ac,1,1,1,1.0,1
canonical_event,f61e6de5e6fd11d3,1,1,1,1.0,1
canonical_event,9d7c34d5c23b0a03,1,1,1,1.0,1
canonical_event,cb66cf452d9fb435,1,1,1,1.0,1
canonical_event,b5faac8ea3e6cd9d,1,1,1,1.0,1
canonical_event,6c721d623edc3fe6,1,1,1,1.0,1
canonical_event,7cff5432d7e07aaf,1,1,1,1.0,1
canonical_event,7da1f1567c45cff9,1,1,1,1.0,1
canonical_event,2c8dc6add61de111,1,1,1,1.0,1
canonical_event,90bab614ef312053,1,1,1,1.0,1
canonical_event,3f32e9b83092638b,1,1,1,1.0,1
canonical_event,83032ede5254d59f,1,1,1,1.0,1
canonical_event,6d0db789a3ddf916,1,1,1,1.0,1
canonical_event,8fff3ee0bc88f812,2,1,2,0.5,2
canonical_event,ebdfb248edbc7468,1,1,1,1.0,1
canonical_event,680bfd8027368e5e,1,1,1,1.0,1
canonical_event,bfa14813603ddfdc,1,1,1,1.0,1
canonical_event,df534cda97ec3837,1,1,1,1.0,1
canonical_event,23c2beef8cfe76d7,1,1,1,1.0,1
canonical_event,334563a8cfe93503,1,1,1,1.0,1
canonical_event,f3352b17feee6e79,1,1,1,1.0,1
canonical_event,037b23cdbf4f8092,1,1,1,1.0,1
canonical_event,82e3386c14b98303,1,1,1,1.0,1
canonical_event,7329652865573fcb,1,1,1,1.0,1
canonical_event,e5ca64533f5fbe39,1,1,1,1.0,1
canonical_event,39ac6bf4bc8a1d0b,1,1,1,1.0,1
canonical_event,8cf5eb1e26d27c3e,1,1,1,1.0,1
canonical_event,5c2307395a968c74,2,1,2,0.5,2
canonical_event,78cb803b204bfba6,1,1,1,1.0,1
canonical_event,33d438e78fa9bb25,1,1,1,1.0,1
canonical_event,683170930c230a83,1,1,1,1.0,1
canonical_event,78fa407fe4fe44ff,1,1,1,1.0,1
canonical_event,f716f9ddfd30342e,1,1,1,1.0,1
canonical_event,1c3605c1564151dd,1,1,1,1.0,1
canonical_event,e83e8fdb6eb614c8,1,1,1,1.0,1
canonical_event,dac1c36655575f5a,1,1,1,1.0,1
canonical_event,4fd262dbbb06bace,1,1,1,1.0,1
canonical_event,73af0f6545748510,1,1,1,1.0,1
canonical_event,cde84d5f2844e660,1,1,1,1.0,1
canonical_event,488fa5ccc2a60321,1,1,1,1.0,1
canonical_event,8057ae42fb27305c,1,1,1,1.0,1
canonical_event,5e3975058d563b2a,1,1,1,1.0,1
canonical_event,6bf6b58cd0c46b39,1,1,1,1.0,1
canonical_event,fd9a369f8513d09d,1,1,1,1.0,1
canonical_event,14bd27911637aa56,1,1,1,1.0,1
canonical_event,57ebef47197ccb38,1,1,1,1.0,1
canonical_event,20e97a208740e242,1,1,1,1.0,1
canonical_event,2e8806bdc0105e99,1,1,1,1.0,1
canonical_event,f5996a344a92e9e3,1,1,1,1.0,1
canonical_event,9ea642e83d6af8ad,1,1,1,1.0,1
canonical_event,8f64694e8526e85e,1,1,1,1.0,1
canonical_event,224b87f85fbdb308,1,1,1,1.0,1
canonical_event,61726764ace8c9ef,1,1,1,1.0,1
canonical_event,b74dbe1f10be7ce1,1,1,1,1.0,1
canonical_event,ac688d2158f4c64d,1,1,1,1.0,1
canonical_event,3954e8e043fccb28,2,1,2,0.5,2
canonical_event,dfed6761f9e0ce3c,1,1,1,1.0,1
canonical_event,2286949a5d9de8fc,1,1,1,1.0,1
canonical_event,8b1389d50b3f1d35,1,1,1,1.0,1
canonical_event,000b4efd207b9d0f,1,1,1,1.0,1
canonical_event,1a70171ea6a5b001,1,1,1,1.0,1
canonical_event,a7d610cff06aa160,1,1,1,1.0,1
canonical_event,2d41928c705ce37d,1,1,1,1.0,1
canonical_event,df99f17710f6d42d,2,1,2,0.5,2
canonical_event,d2bd640e0a540880,1,1,1,1.0,1
canonical_event,2c19b0ff5344d778,1,1,1,1.0,1
canonical_event,7ac69581919da041,1,1,1,1.0,1
canonical_event,acc54ac6314c229e,1,1,1,1.0,1
canonical_event,8eb78ff0b1328a36,1,1,1,1.0,1
canonical_event,dc0d2db5a9a944a0,1,1,1,1.0,1
canonical_event,a4c290730ae2cabc,1,1,1,1.0,1
canonical_event,487f30652ebb3441,1,1,1,1.0,1
canonical_event,3cd7f6660fd5b85a,1,1,1,1.0,1
canonical_event,046afa22f53b7719,1,1,1,1.0,1
canonical_event,b63bc4d5533ab39d,1,1,1,1.0,1
canonical_event,3d7fc34c64ca2957,1,1,1,1.0,1
canonical_event,9789475b215fdff4,1,1,1,1.0,1
canonical_event,0527a4041a249dc1,1,1,1,1.0,1
canonical_event,310527bcd0c18ca1,2,1,2,0.5,2
canonical_event,b54510f3bec0fc75,1,1,1,1.0,1
canonical_event,b0273f4d7eb01101,1,1,1,1.0,1
canonical_event,2eaed38e4435a9c4,1,1,1,1.0,1
canonical_event,37e1520d9c42d32b,1,1,1,1.0,1
canonical_event,331149017399e7d2,1,1,1,1.0,1
canonical_event,3edd4c87c6772597,1,1,1,1.0,1
canonical_event,b24d2f60b9d8f3ff,1,1,1,1.0,1
canonical_event,b27fa339d7b435f6,1,1,1,1.0,1
canonical_event,20d7a2bec69ad4d9,1,1,1,1.0,1
canonical_event,2efb75c51c67821e,1,1,1,1.0,1
canonical_event,27aee05f40c38012,1,1,1,1.0,1
canonical_event,55110b8b89e4bcaa,1,1,1,1.0,1
canonical_event,c20925681f21b876,1,1,1,1.0,1
canonical_event,fecf6d9c37d1018d,1,1,1,1.0,1
canonical_event,276d0ccc03f98daa,1,1,1,1.0,1
canonical_event,2deca318b102b06a,1,1,1,1.0,1
canonical_event,153e6947cfa7c5f3,1,1,1,1.0,1
canonical_event,03bd3401ca96509a,1,1,1,1.0,1
canonical_event,4d68debc3a347a4b,1,1,1,1.0,1
canonical_event,24de7ae845f462b1,1,1,1,1.0,1
canonical_event,3c42ab3a48f55874,1,1,1,1.0,1
canonical_event,1ec789ec0aaa3430,1,1,1,1.0,1
canonical_event,7d4c9a68eb5b22a7,1,1,1,1.0,1
canonical_event,c179c4b9e7ab0095,1,1,1,1.0,1
canonical_event,793304be2da6ab69,1,1,1,1.0,1
canonical_event,031f909fff6f5596,1,1,1,1.0,1
canonical_event,abe5335ce6f8c4d9,1,1,1,1.0,1
canonical_event,6619e1e9fa44ea41,1,1,1,1.0,1
canonical_event,d90a67d31f884c15,1,1,1,1.0,1
canonical_event,792e7de3fa94bf13,1,1,1,1.0,1
canonical_event,cb854d3cf6c99bba,2,1,2,0.5,2
canonical_event,d3588540a0c8cf6c,1,1,1,1.0,1
canonical_event,d73dc7a0d41333b9,1,1,1,1.0,1
canonical_event,f18c273197365222,1,1,1,1.0,1
canonical_event,eab632b134f52655,1,1,1,1.0,1
canonical_event,4321abfd5a484185,1,1,1,1.0,1
canonical_event,8800afb9b18606ee,1,1,1,1.0,1
canonical_event,4a6f5cd0cb3f45c3,1,1,1,1.0,1
canonical_event,ffe24dd0646ea757,1,1,1,1.0,1
canonical_event,269d50346b4fc696,1,1,1,1.0,1
canonical_event,e4490277bd3da75b,1,1,1,1.0,1
canonical_event,a9ded1dea58656c7,1,1,1,1.0,1
canonical_event,0fc0e350686b776d,1,1,1,1.0,1
canonical_event,39161249eaf43e5b,1,1,1,1.0,1
canonical_event,1180438889010631,1,1,1,1.0,1
canonical_event,4a56225852672f65,1,1,1,1.0,1
canonical_event,2fcfcad115615fe0,2,1,2,0.5,2
canonical_event,d9ceac2ee6fa81d2,1,1,1,1.0,1
canonical_event,753b870caf759ed5,1,1,1,1.0,1
canonical_event,9cbc204dcef215aa,1,1,1,1.0,1
canonical_event,bce2406871811862,1,1,1,1.0,1
canonical_event,c68bf9ce80d87826,1,1,1,1.0,1
canonical_event,e982f3a6caab0602,1,1,1,1.0,1
canonical_event,3777d876fb6ca81e,1,1,1,1.0,1
canonical_event,9de0c5a3ae3b2937,1,1,1,1.0,1
canonical_event,7403cf44ee083163,1,1,1,1.0,1
canonical_event,c9bce5eed976d1fa,1,1,1,1.0,1
canonical_event,d332a60644665623,1,1,1,1.0,1
canonical_event,6615cfe247e591fa,1,1,1,1.0,1
canonical_event,3ee559799373377d,1,1,1,1.0,1
canonical_event,261537b3af8c5209,1,1,1,1.0,1
canonical_event,466165d9c9f49b5d,1,1,1,1.0,1
canonical_event,a7e1289a2c9b2c4d,2,1,2,0.5,2
canonical_event,7e2675673717e62c,1,1,1,1.0,1
canonical_event,770a4f5dfad4e75c,1,1,1,1.0,1
canonical_event,5c352c896a90f74e,1,1,1,1.0,1
canonical_event,f06a40e256e587ac,1,1,1,1.0,1
canonical_event,b4785ea765fee20d,1,1,1,1.0,1
canonical_event,93ecf30968fe3fe3,1,1,1,1.0,1
canonical_event,cd85185f5182a915,1,1,1,1.0,1
canonical_event,7dae653a380dc43f,1,1,1,1.0,1
canonical_event,bc344752a924f369,1,1,1,1.0,1
canonical_event,c6da08ef2bb3cc3a,1,1,1,1.0,1
canonical_event,9182a59c1edb723e,1,1,1,1.0,1
canonical_event,948df6b03561fd3c,1,1,1,1.0,1
canonical_event,6bce8ef7747cd698,1,1,1,1.0,1
canonical_event,f10ca8eebe8c26bf,1,1,1,1.0,1
canonical_event,2ae70180a19c6258,1,1,1,1.0,1
canonical_event,0071400d373ea748,1,1,1,1.0,1
canonical_event,c0006816900a990b,1,1,1,1.0,1
canonical_event,0ede367b5ea9dafd,1,1,1,1.0,1
canonical_event,dbfd1b5e27f20f59,1,1,1,1.0,1
canonical_event,6a2b497c8bc0563a,1,1,1,1.0,1
canonical_event,51a58d783436a1b8,1,1,1,1.0,1
canonical_event,7228e0783fa3388f,1,1,1,1.0,1
canonical_event,11e1739787f35e88,1,1,1,1.0,1
canonical_event,a7e9a30517049117,1,1,1,1.0,1
canonical_event,8915d27ca171dab4,1,1,1,1.0,1
canonical_event,44ebd2288dacc8e8,1,1,1,1.0,1
canonical_event,5847ccfe0c7484ec,1,1,1,1.0,1
canonical_event,18e370612e88f39e,1,1,1,1.0,1
canonical_event,3a004fe909a8191a,1,1,1,1.0,1
canonical_event,13cff8481ef74f4e,1,1,1,1.0,1
canonical_event,14cdb77640bbcdbe,2,1,2,0.5,2
canonical_event,1f94d1ac4064226c,1,1,1,1.0,1
canonical_event,cba2bcd1fa559841,1,1,1,1.0,1
canonical_event,6a2853e2254d6f26,1,1,1,1.0,1
canonical_event,ee2086b40d06e2fc,1,1,1,1.0,1
canonical_event,aaa5b5f4dbb5deda,1,1,1,1.0,1
canonical_event,f61a935403f3226c,1,1,1,1.0,1
canonical_event,1686e5b0e81a1783,1,1,1,1.0,1
canonical_event,399c62d747565ae2,1,1,1,1.0,1
canonical_event,7a7be4bbdbc5ab4c,2,1,2,0.5,2
canonical_event,561c41bfbf854c8d,1,1,1,1.0,1
canonical_event,f7ec30f21711f4c0,1,1,1,1.0,1
canonical_event,608c2b98aecf4c63,1,1,1,1.0,1
canonical_event,a66c6a5c98c676f8,1,1,1,1.0,1
canonical_event,05c1e0a97ba7f8bf,1,1,1,1.0,1
canonical_event,9e755f908bb6c13e,1,1,1,1.0,1
canonical_event,2a3db2d59395b558,1,1,1,1.0,1
canonical_event,86524bc662815aae,1,1,1,1.0,1
canonical_event,eedd925e673d56cd,1,1,1,1.0,1
canonical_event,51a5e921605699ce,1,1,1,1.0,1
canonical_event,1f2d0b673e8e6752,1,1,1,1.0,1
canonical_event,1af6107b0e4956d5,1,1,1,1.0,1
canonical_event,f7f095b1484e6075,1,1,1,1.0,1
canonical_event,dd6bb38c5b9e8355,1,1,1,1.0,1
canonical_event,27b17d2358cbca2a,1,1,1,1.0,1
canonical_event,eadb7807cf5280f0,1,1,1,1.0,1
canonical_event,161ad6b8461b8c6f,1,1,1,1.0,1
canonical_event,dfb4df825db415eb,1,1,1,1.0,1
canonical_event,f1f4eac70284452c,1,1,1,1.0,1
canonical_event,346e9dff8f70bead,1,1,1,1.0,1
canonical_event,303193f0d4a63e28,1,1,1,1.0,1
canonical_event,c5b026b5787bf817,1,1,1,1.0,1
canonical_event,43d12b3b7c4374f7,1,1,1,1.0,1
canonical_event,d5fad5ab3a8c94a5,1,1,1,1.0,1
canonical_event,1c1ff116d1123ff8,1,1,1,1.0,1
canonical_event,68c730bd02d602cc,1,1,1,1.0,1
canonical_event,ebd70cf29b7b4ab9,1,1,1,1.0,1
canonical_event,8af8f8b5fc45e68f,1,1,1,1.0,1
canonical_event,13651e2dd5c26d74,1,1,1,1.0,1
canonical_event,e62931698bba8043,2,1,2,0.5,2
canonical_event,a3b5476019bfa288,1,1,1,1.0,1
canonical_event,a3592314fb154f5b,1,1,1,1.0,1
canonical_event,565bda81d83ccfdf,1,1,1,1.0,1
canonical_event,0c0d09a972b1784a,1,1,1,1.0,1
canonical_event,51862b303dd7012f,1,1,1,1.0,1
canonical_event,224815c5fd862da2,1,1,1,1.0,1
canonical_event,abcc4f8a3699132d,1,1,1,1.0,1
canonical_event,a1d30d8178a6292c,1,1,1,1.0,1
canonical_event,d7ef8d82e71b49e1,1,1,1,1.0,1
canonical_event,b14667472a242552,1,1,1,1.0,1
canonical_event,f84141645d806c43,1,1,1,1.0,1
canonical_event,aa194ccd842ab7a9,1,1,1,1.0,1
canonical_event,329a27a80debdf0c,1,1,1,1.0,1
canonical_event,14ac02ff3e4692bd,1,1,1,1.0,1
canonical_event,4ba6b9f5693b4595,1,1,1,1.0,1
canonical_event,1440e33bda03ec3f,1,1,1,1.0,1
canonical_event,0b7349dc79d2b28b,1,1,1,1.0,1
canonical_event,f4b73f450c3161e1,1,1,1,1.0,1
canonical_event,3927027205e0fc66,1,1,1,1.0,1
canonical_event,9db5b560632f07a3,1,1,1,1.0,1
canonical_event,445b5845cdb99b30,1,1,1,1.0,1
canonical_event,35e90d19754500d7,1,1,1,1.0,1
canonical_event,cb789db163fb39b2,1,1,1,1.0,1
canonical_event,f3aefb454ebc3c4f,1,1,1,1.0,1
canonical_event,96aee69789b77ca2,1,1,1,1.0,1
canonical_event,62e2d5ac0e7337b3,1,1,1,1.0,1
canonical_event,0db29bac31e2d72a,1,1,1,1.0,1
canonical_event,3492a4460a5f9890,1,1,1,1.0,1
canonical_event,205f58632ab8db30,1,1,1,1.0,1
canonical_event,4fa45ac05f394a13,1,1,1,1.0,1
canonical_event,c4eb723134fa8c59,1,1,1,1.0,1
canonical_event,74158e088d8fdeba,1,1,1,1.0,1
canonical_event,80b91057eddf798c,1,1,1,1.0,1
canonical_event,88c47d4a43672a31,1,1,1,1.0,1
canonical_event,c3ad0fd540afdd14,1,1,1,1.0,1
canonical_event,923b5f49bf16381a,1,1,1,1.0,1
canonical_event,2852a91ddf7df427,1,1,1,1.0,1
canonical_event,51587be4dba2dc2d,2,1,2,0.5,2
canonical_event,18f6ff49d7a71da1,1,1,1,1.0,1
canonical_event,c73f1e50882d5bdd,1,1,1,1.0,1
canonical_event,5c88f642bd0709df,1,1,1,1.0,1
canonical_event,35f23603501cc43c,1,1,1,1.0,1
canonical_event,95765028a0b355b8,1,1,1,1.0,1
canonical_event,04c302b1445e81d2,1,1,1,1.0,1
canonical_event,a4a87fbc28b0f851,1,1,1,1.0,1
canonical_event,65cc9823b4769129,1,1,1,1.0,1
canonical_event,16127b6a55df5a4d,1,1,1,1.0,1
canonical_event,645188293dab74f9,1,1,1,1.0,1
canonical_event,7c7251723c051073,1,1,1,1.0,1
canonical_event,90664a6d3555ac6a,1,1,1,1.0,1
canonical_event,1f9f7bc2df59b5aa,1,1,1,1.0,1
canonical_event,331227449cf8fdd7,1,1,1,1.0,1
canonical_event,e771fe65fb7353c7,1,1,1,1.0,1
canonical_event,3a60533454124e98,1,1,1,1.0,1
canonical_event,6ea64d05d2796e54,1,1,1,1.0,1
canonical_event,090f674f301b2c42,1,1,1,1.0,1
canonical_event,a9cf9eaab48b17de,1,1,1,1.0,1
canonical_event,52c001d5bf6d7091,1,1,1,1.0,1
canonical_event,85709dda19c36714,1,1,1,1.0,1
canonical_event,d9d7e0500eecea02,1,1,1,1.0,1
canonical_event,ec30b52582f38085,1,1,1,1.0,1
canonical_event,966d376be34ab187,1,1,1,1.0,1
canonical_event,409ed3f688440f54,1,1,1,1.0,1
canonical_event,980163c421cab83d,1,1,1,1.0,1
canonical_event,37a27c4e7cb5dd60,1,1,1,1.0,1
canonical_event,b5a74b372bce977a,1,1,1,1.0,1
canonical_event,d0d61789da40c442,1,1,1,1.0,1
canonical_event,1fcb5b0a167bd6cc,1,1,1,1.0,1
canonical_event,da73fd097ab508c2,1,1,1,1.0,1
canonical_event,9dbf730fa4f74976,1,1,1,1.0,1
canonical_event,d5e121c1f8672bcc,1,1,1,1.0,1
canonical_event,c89984345f875cb4,1,1,1,1.0,1
canonical_event,7e4688c22489fbf8,1,1,1,1.0,1
canonical_event,0654b322d527c483,1,1,1,1.0,1
canonical_event,ad45760dee375334,1,1,1,1.0,1
canonical_event,3ff12013ab338be3,1,1,1,1.0,1
canonical_event,a7a49fc369af1d87,1,1,1,1.0,1
canonical_event,11a7c2b302a981ff,1,1,1,1.0,1
canonical_event,e0d88f3a750eb816,1,1,1,1.0,1
canonical_event,8523d0c5f954c291,1,1,1,1.0,1
canonical_event,c8b16fa229d23ad3,1,1,1,1.0,1
canonical_event,0b1105b7b141ce5f,1,1,1,1.0,1
canonical_event,b073ebb5387f2cce,1,1,1,1.0,1
canonical_event,3a886f3f73646d5b,1,1,1,1.0,1
canonical_event,999c6b4bbaa73705,1,1,1,1.0,1
canonical_event,c39a9a1b86680e9c,1,1,1,1.0,1
canonical_event,8673927d81590f3e,1,1,1,1.0,1
canonical_event,afb9fbf53f3883a1,1,1,1,1.0,1
canonical_event,a81f8da0a813cac1,1,1,1,1.0,1
canonical_event,132ecd7e07fe1f6c,1,1,1,1.0,1
canonical_event,d7d73c395ab1b97e,1,1,1,1.0,1
canonical_event,b62a212fb3092419,1,1,1,1.0,1
canonical_event,4d1208928d11b43c,1,1,1,1.0,1
canonical_event,eb4f3f15209182bc,1,1,1,1.0,1
canonical_event,715527b4e783d369,1,1,1,1.0,1
canonical_event,006fd7cd4a57a576,1,1,1,1.0,1
canonical_event,fa4db3b4391942b6,1,1,1,1.0,1
canonical_event,f83407704d07d083,1,1,1,1.0,1
canonical_event,22be0ee000b8d12f,1,1,1,1.0,1
canonical_event,f5362b4a6f9cd0fc,1,1,1,1.0,1
canonical_event,3b5fefbbfebbc3da,1,1,1,1.0,1
canonical_event,ae54f5a54390cdcc,1,1,1,1.0,1
canonical_event,496ac7accf15cb49,1,1,1,1.0,1
canonical_event,8448db21aac469d0,1,1,1,1.0,1
canonical_event,bda5ac00fe9ca62f,1,1,1,1.0,1
canonical_event,1ba74702f60bdd7b,1,1,1,1.0,1
canonical_event,7a73f2889bb16ab1,1,1,1,1.0,1
canonical_event,103c68b1e67d4a28,1,1,1,1.0,1
canonical_event,95e1f4212afef5b9,1,1,1,1.0,1
canonical_event,4c350d4a0fed82f7,1,1,1,1.0,1
canonical_event,f2138e630515060d,1,1,1,1.0,1
canonical_event,5c36af8a405cdade,1,1,1,1.0,1
canonical_event,e9fc33ea214f8ad3,1,1,1,1.0,1
canonical_event,0472e3d9f3fd230f,1,1,1,1.0,1
canonical_event,634725c81e23f53f,1,1,1,1.0,1
canonical_event,a9f036554925148a,1,1,1,1.0,1
canonical_event,a1c45e429d164bed,1,1,1,1.0,1
canonical_event,aad988519aa68d96,1,1,1,1.0,1
canonical_event,c5025fcee97802b5,1,1,1,1.0,1
canonical_event,8244410736dcd8a7,1,1,1,1.0,1
canonical_event,3a9de0b91d36f0b6,1,1,1,1.0,1
canonical_event,314f0fdaa39453c1,1,1,1,1.0,1
canonical_event,0348f08dadba0313,1,1,1,1.0,1
canonical_event,8a98dc78c07bd301,1,1,1,1.0,1
canonical_event,5211637ac8cacc4e,1,1,1,1.0,1
canonical_event,0414871e6b8da426,1,1,1,1.0,1
canonical_event,4af418495a35ac53,1,1,1,1.0,1
canonical_event,e383aa3c0b6adc81,1,1,1,1.0,1
canonical_event,1e615035a92cbd37,1,1,1,1.0,1
canonical_event,e5ba7abf1cb39fe6,1,1,1,1.0,1
canonical_event,a49cdba9b9250252,1,1,1,1.0,1
canonical_event,ef196718c6750101,1,1,1,1.0,1
canonical_event,9322eeb72f800d27,1,1,1,1.0,1
canonical_event,7c7c3880d1377671,1,1,1,1.0,1
canonical_event,edfde49801a427f4,1,1,1,1.0,1
canonical_event,8dca2f8fcac3d8d6,1,1,1,1.0,1
canonical_event,e5be6a23eda22dd9,1,1,1,1.0,1
canonical_event,30074113c12b95c6,1,1,1,1.0,1
canonical_event,d864721604348614,1,1,1,1.0,1
canonical_event,d4a44e975dab6f8b,1,1,1,1.0,1
canonical_event,0c432b89ecac0255,1,1,1,1.0,1
canonical_event,442845541ebf130e,1,1,1,1.0,1
canonical_event,2b9064a199f3b6ca,1,1,1,1.0,1
canonical_event,7a3919f2ee1adb83,1,1,1,1.0,1
canonical_event,55693c3d425d68e7,1,1,1,1.0,1
canonical_event,967525fcd756e325,1,1,1,1.0,1
canonical_event,003dca1089510a77,1,1,1,1.0,1
canonical_event,992242ae211db30b,1,1,1,1.0,1
canonical_event,d2cfc4b62d29e6a4,1,1,1,1.0,1
canonical_event,5c5c826bacc983bb,1,1,1,1.0,1
canonical_event,5a416005d0bb3c15,1,1,1,1.0,1
canonical_event,c9aa7b352ec29ee8,2,1,2,0.5,2
canonical_event,5b56cdc12af79539,1,1,1,1.0,1
canonical_event,d963bf3a40b15341,1,1,1,1.0,1
canonical_event,2f51d4982882fd52,1,1,1,1.0,1
canonical_event,34091891bcda21a8,1,1,1,1.0,1
canonical_event,23d1cfc6d8b51f3c,1,1,1,1.0,1
canonical_event,8b352472fa9df6be,1,1,1,1.0,1
canonical_event,1a1c0109504b939e,1,1,1,1.0,1
canonical_event,e2997eeea68b8acd,1,1,1,1.0,1
canonical_event,afd0145474505b25,1,1,1,1.0,1
canonical_event,b650eb5b2c6a519e,1,1,1,1.0,1
canonical_event,91684ab124f5ef40,1,1,1,1.0,1
canonical_event,61cf8da753f62b61,1,1,1,1.0,1
canonical_event,a36aa7b949700a12,1,1,1,1.0,1
canonical_event,7dbdd5b080d72df8,1,1,1,1.0,1
canonical_event,13e79a7c110dd4ac,1,1,1,1.0,1
canonical_event,63ed0bd8fb492ad3,1,1,1,1.0,1
canonical_event,77d21939848f04f3,1,1,1,1.0,1
canonical_event,98ff82ce72915745,1,1,1,1.0,1
canonical_event,cb95609af6f0042d,1,1,1,1.0,1
canonical_event,55bac6ea902cacf1,1,1,1,1.0,1
canonical_event,82ae359f8f205d64,1,1,1,1.0,1
canonical_event,78a174a801454ef6,1,1,1,1.0,1
canonical_event,cfed84c9e11aa423,1,1,1,1.0,1
canonical_event,4474e277bfeedae9,1,1,1,1.0,1
canonical_event,7b919faf15853d96,1,1,1,1.0,1
canonical_event,fd47f45cf64f8a0a,1,1,1,1.0,1
canonical_event,9545832b2b65c4b7,1,1,1,1.0,1
canonical_event,f48575d6bfc0c357,1,1,1,1.0,1
canonical_event,6f1e72550dc67267,1,1,1,1.0,1
canonical_event,75212a67798dcec7,1,1,1,1.0,1
canonical_event,22bb42f383fc99f8,1,1,1,1.0,1
canonical_event,5903e20751ab7fca,1,1,1,1.0,1
canonical_event,8c9e438dc4932e7e,1,1,1,1.0,1
canonical_event,c6fba1d3329f4660,1,1,1,1.0,1
canonical_event,477fb9e764c225bb,1,1,1,1.0,1
canonical_event,4637f05f21d354fd,1,1,1,1.0,1
canonical_event,8bcfdaffc305723b,1,1,1,1.0,1
canonical_event,1e2a8f78a15a2cd9,1,1,1,1.0,1
canonical_event,1a972a7b8edad1bf,1,1,1,1.0,1
canonical_event,f14ff8679534105e,1,1,1,1.0,1
canonical_event,a79a14575af2c708,1,1,1,1.0,1
canonical_event,0cf857f240871333,1,1,1,1.0,1
canonical_event,df0ee1ff325b9974,1,1,1,1.0,1
canonical_event,02bebed1d78a10d4,1,1,1,1.0,1
canonical_event,5d1d3ebf24eeb25d,1,1,1,1.0,1
canonical_event,c0e98c458ca9ed47,1,1,1,1.0,1
canonical_event,2d64345794190e07,1,1,1,1.0,1
canonical_event,fb5c3311c6486361,1,1,1,1.0,1
canonical_event,70904d765d230645,1,1,1,1.0,1
canonical_event,313253abb331fc6c,1,1,1,1.0,1
canonical_event,f13dc221020dcf5b,1,1,1,1.0,1
canonical_event,0955cd0fb2227956,2,1,2,0.5,2
canonical_event,f26b69ca5cd1f7ca,1,1,1,1.0,1
canonical_event,572c827bf098bdc2,1,1,1,1.0,1
canonical_event,6503a5c344950f4e,1,1,1,1.0,1
canonical_event,cdf268b2df42dbb4,1,1,1,1.0,1
canonical_event,355f05e65e2292b0,1,1,1,1.0,1
canonical_event,a613383bdf6816ed,1,1,1,1.0,1
canonical_event,68cdf040cd87b895,1,1,1,1.0,1
canonical_event,979276ddff1e3823,1,1,1,1.0,1
canonical_event,2c5fc10fc6b6ea21,1,1,1,1.0,1
canonical_event,1db6c64e35f95279,1,1,1,1.0,1
canonical_event,68930c1dd9b02ca9,1,1,1,1.0,1
canonical_event,b6e59e422dbffc9f,1,1,1,1.0,1
canonical_event,ab9d58e8f2b5ddeb,1,1,1,1.0,1
canonical_event,1428864eb9c0e367,1,1,1,1.0,1
canonical_event,e1b6ea75b334e009,1,1,1,1.0,1
canonical_event,d2db04c701fcf9a3,1,1,1,1.0,1
canonical_event,845497ee2e8a40b0,1,1,1,1.0,1
canonical_event,b88439d2c92d6f06,1,1,1,1.0,1
canonical_event,744495dd290056ef,1,1,1,1.0,1
canonical_event,f47ed425ecaeeab8,1,1,1,1.0,1
canonical_event,7ceb178737b3df9a,1,1,1,1.0,1
canonical_event,91f856ec38f81dc6,1,1,1,1.0,1
canonical_event,c5c604cf637a044a,1,1,1,1.0,1
canonical_event,957562d63dd6b28c,1,1,1,1.0,1
canonical_event,c8e889767413320d,1,1,1,1.0,1
canonical_event,45b049ba4d46fb30,1,1,1,1.0,1
canonical_event,f93edf4c93bcfc97,1,1,1,1.0,1
canonical_event,ef06ae5afe109907,1,1,1,1.0,1
canonical_event,d5945d5b552d75c6,1,1,1,1.0,1
canonical_event,6101829bb37a4fc0,1,1,1,1.0,1
canonical_event,73e60f1f8ab2c734,1,1,1,1.0,1
canonical_event,7f3a535d28e81ec8,1,1,1,1.0,1
canonical_event,62cbd86a24f392de,1,1,1,1.0,1
canonical_event,497a3eefa7341ddc,1,1,1,1.0,1
canonical_event,c48842c50422f201,1,1,1,1.0,1
canonical_event,95461142b8d4a019,1,1,1,1.0,1
canonical_event,7bf0b7c22b5e001c,2,1,2,0.5,2
canonical_event,88c1b219e2745130,1,1,1,1.0,1
canonical_event,dbcafde8c32722e8,1,1,1,1.0,1
canonical_event,583b8e2818da6525,1,1,1,1.0,1
canonical_event,0172a03fa8f3b4ff,1,1,1,1.0,1
canonical_event,b06850aab0b33aba,1,1,1,1.0,1
canonical_event,bc308f7cb680dcfd,1,1,1,1.0,1
canonical_event,c9ab2d70aabb9eb7,1,1,1,1.0,1
canonical_event,d8b98343932cda5d,1,1,1,1.0,1
canonical_event,ea8e99a6d753b377,1,1,1,1.0,1
canonical_event,5e03ff87a2b43817,1,1,1,1.0,1
canonical_event,b3a9e896db55a310,1,1,1,1.0,1
canonical_event,fc3ef59e497d438d,1,1,1,1.0,1
canonical_event,ca352caa16fea68a,2,1,2,0.5,2
canonical_event,8bbd28714388c0c2,1,1,1,1.0,1
canonical_event,063a3c87460f221b,1,1,1,1.0,1
canonical_event,3fa73acb7024b141,1,1,1,1.0,1
canonical_event,fed63d203184b92b,1,1,1,1.0,1
canonical_event,d828edff6813008c,1,1,1,1.0,1
canonical_event,95808196ec0f4d6b,1,1,1,1.0,1
canonical_event,7168d88761dbc72f,1,1,1,1.0,1
canonical_event,12edba50a6fee0de,1,1,1,1.0,1
canonical_event,061d991a4ceabb29,1,1,1,1.0,1
canonical_event,63ce5ab7243adde4,1,1,1,1.0,1
canonical_event,c086df0fcb468b7d,1,1,1,1.0,1
canonical_event,16b7687ce6559f8d,1,1,1,1.0,1
canonical_event,26dd8de591f65aa1,1,1,1,1.0,1
canonical_event,8114e05d2ff519a0,1,1,1,1.0,1
canonical_event,1cd721cbc8136ea4,1,1,1,1.0,1
canonical_event,57dddb4f7cb91abd,1,1,1,1.0,1
canonical_event,86fcdbcc3a6dbbcc,1,1,1,1.0,1
canonical_event,c82ae4e68da993e8,1,1,1,1.0,1
canonical_event,af4878d6f5c23b0e,1,1,1,1.0,1
canonical_event,fe02a149bb7a6cef,1,1,1,1.0,1
canonical_event,3f25871a474dcf6b,1,1,1,1.0,1
canonical_event,870a0fd2f8720f53,1,1,1,1.0,1
canonical_event,8af380ae5f559b83,1,1,1,1.0,1
canonical_event,4cfb514ecc1368ba,1,1,1,1.0,1
canonical_event,c927b6bdb7d2b604,2,1,2,0.5,2
canonical_event,99c18a13e5726c62,1,1,1,1.0,1
canonical_event,180d03892057ccc0,1,1,1,1.0,1
canonical_event,e05671eeb1de2de4,1,1,1,1.0,1
canonical_event,f7d1274191e38816,1,1,1,1.0,1
canonical_event,eaf35a4b988b08f1,1,1,1,1.0,1
canonical_event,3068d9fac4507f2f,1,1,1,1.0,1
canonical_event,8d617ad4cfd35518,1,1,1,1.0,1
canonical_event,25feaf359919cd7f,1,1,1,1.0,1
canonical_event,d2c84bb3a3ff10b8,1,1,1,1.0,1
canonical_event,fa27ebcef052c8f0,1,1,1,1.0,1
canonical_event,c567c7088c63201d,1,1,1,1.0,1
canonical_event,68c74340c31e71de,1,1,1,1.0,1
canonical_event,9e83163bf05b2084,1,1,1,1.0,1
canonical_event,99a4be906904802b,1,1,1,1.0,1
canonical_event,6022ab3f9b0b6cad,1,1,1,1.0,1
canonical_event,a06335fa364e4f99,1,1,1,1.0,1
canonical_event,f04bac89a4fae657,1,1,1,1.0,1
canonical_event,471bd346fba0ac67,1,1,1,1.0,1
canonical_event,67eb9fd5dfbcf2b5,1,1,1,1.0,1
canonical_event,b0822962f380f42b,1,1,1,1.0,1
canonical_event,0cd8a7e525b136dc,1,1,1,1.0,1
canonical_event,e7188adc34a9dbb1,1,1,1,1.0,1
canonical_event,b2c7cc6910ada903,1,1,1,1.0,1
canonical_event,903f9c18fabe8396,1,1,1,1.0,1
canonical_event,28e56d6216c0dfd2,1,1,1,1.0,1
canonical_event,cb4c1801e9121c39,1,1,1,1.0,1
canonical_event,a6ba2fae822b83ec,1,1,1,1.0,1
canonical_event,c034d0ebac221f3e,1,1,1,1.0,1
canonical_event,6ebfc5304e8afa48,1,1,1,1.0,1
canonical_event,bcf18ff89c4d8be7,1,1,1,1.0,1
canonical_event,c469769634cffa9e,1,1,1,1.0,1
canonical_event,fd08137e6ed5d961,1,1,1,1.0,1
canonical_event,38766ce110cf34fa,1,1,1,1.0,1
canonical_event,480af1fc872a470c,1,1,1,1.0,1
canonical_event,4bde7da41510c002,1,1,1,1.0,1
canonical_event,9d5e83e244d74303,1,1,1,1.0,1
canonical_event,afdc64dc69c56a4d,1,1,1,1.0,1
canonical_event,efc433723e1be8f1,1,1,1,1.0,1
canonical_event,0b6ab3db520d40f3,1,1,1,1.0,1
canonical_event,f3b767ea7db81038,1,1,1,1.0,1
canonical_event,ac71f61f42c37ef5,1,1,1,1.0,1
canonical_event,43837c15cd2d4dc6,1,1,1,1.0,1
canonical_event,908ceb0647d22410,1,1,1,1.0,1
canonical_event,6711bdad81632615,1,1,1,1.0,1
canonical_event,de58fe3b3ace4d3b,1,1,1,1.0,1
canonical_event,efce18852ef35b2e,1,1,1,1.0,1
canonical_event,4b14e01f6c97834a,1,1,1,1.0,1
canonical_event,d3b05ea4571db97c,1,1,1,1.0,1
canonical_event,887fe9f10181c501,1,1,1,1.0,1
canonical_event,76d0c4f3ab09318b,1,1,1,1.0,1
canonical_event,5628abebdf217107,1,1,1,1.0,1
canonical_event,a6879de870fb4ec9,1,1,1,1.0,1
canonical_event,60cd3c1af6f32aa5,1,1,1,1.0,1
canonical_event,8a44acb7a7f1cf3f,1,1,1,1.0,1
canonical_event,b42db050a07de598,1,1,1,1.0,1
canonical_event,901afc058552b85b,1,1,1,1.0,1
canonical_event,2175f160da1f8e36,1,1,1,1.0,1
canonical_event,b7a5ce5d44667040,1,1,1,1.0,1
canonical_event,0054588302359337,1,1,1,1.0,1
canonical_event,a99355874fdf8c19,1,1,1,1.0,1
canonical_event,2c557adb535eaced,1,1,1,1.0,1
canonical_event,2e25ed90973488ad,1,1,1,1.0,1
canonical_event,0b8697674ff59f25,1,1,1,1.0,1
canonical_event,dc5a9ad878c1abe3,1,1,1,1.0,1
canonical_event,4b4a5a959b320a9b,1,1,1,1.0,1
canonical_event,9928eac43214a29a,1,1,1,1.0,1
canonical_event,165f05970d8fb9ec,1,1,1,1.0,1
canonical_event,8f149c03f1ef6e3d,1,1,1,1.0,1
canonical_event,6957dbb581b7ca2b,1,1,1,1.0,1
canonical_event,8beeb19b294c958d,1,1,1,1.0,1
canonical_event,fc04234dd31a2335,1,1,1,1.0,1
canonical_event,c6893de38604bb2f,1,1,1,1.0,1
canonical_event,a54e1098885b4b73,2,1,2,0.5,2
canonical_event,d01f77b954153257,1,1,1,1.0,1
canonical_event,5a3f6925bc25b0ba,1,1,1,1.0,1
canonical_event,27606d7fe3c51773,1,1,1,1.0,1
canonical_event,1c60e8eb9993529d,1,1,1,1.0,1
canonical_event,99db722238529cc0,1,1,1,1.0,1
canonical_event,2520213323b3f55f,1,1,1,1.0,1
canonical_event,06297174cc0e06ec,1,1,1,1.0,1
canonical_event,27a819865b1ca10e,1,1,1,1.0,1
canonical_event,70d40563f6d0fd6d,1,1,1,1.0,1
canonical_event,8fe9a6f765039b18,1,1,1,1.0,1
canonical_event,6f30221a390aba5d,1,1,1,1.0,1
canonical_event,b551c018fe151fa6,1,1,1,1.0,1
canonical_event,80aa5fdaabf3674c,1,1,1,1.0,1
canonical_event,da357c9af013f705,1,1,1,1.0,1
canonical_event,272891d2b2bb7437,1,1,1,1.0,1
canonical_event,1fa21312f07c502e,1,1,1,1.0,1
canonical_event,1cbb56e521ac1d11,1,1,1,1.0,1
canonical_event,d601e39992f5089c,1,1,1,1.0,1
canonical_event,3a1cd55d1c2829d0,1,1,1,1.0,1
canonical_event,e55b619c7f1c6f29,1,1,1,1.0,1
canonical_event,e88d3d5c5619b9d7,1,1,1,1.0,1
canonical_event,d4c6b6bc2458e78d,1,1,1,1.0,1
canonical_event,535673f6f0c814e5,1,1,1,1.0,1
canonical_event,9a2d330732d8522f,1,1,1,1.0,1
canonical_event,7f4c8b83d356269c,1,1,1,1.0,1
canonical_event,4f4be01db7e29495,1,1,1,1.0,1
canonical_event,5285dc9821e01cba,1,1,1,1.0,1
canonical_event,0328583754e6a6db,1,1,1,1.0,1
canonical_event,d082aadc66df9c52,1,1,1,1.0,1
canonical_event,e37328bd9ebcabe8,1,1,1,1.0,1
canonical_event,965f643b49d0f8e4,1,1,1,1.0,1
canonical_event,ff8a98716699db1a,1,1,1,1.0,1
canonical_event,ef6e2c3167c0a2b3,1,1,1,1.0,1
canonical_event,cfe82b857072d502,1,1,1,1.0,1
canonical_event,14fe92e64fe8c021,1,1,1,1.0,1
canonical_event,d29d9f3f58795207,1,1,1,1.0,1
canonical_event,8f22aa22f605b9bf,1,1,1,1.0,1
canonical_event,f3f1d1fd14fa5ef5,1,1,1,1.0,1
canonical_event,76fbb53ecca360dc,1,1,1,1.0,1
canonical_event,8daf428ce9ba7fed,1,1,1,1.0,1
canonical_event,bfd78fdd851608ca,1,1,1,1.0,1
canonical_event,8a42646aa9639ab9,1,1,1,1.0,1
canonical_event,f5d175abfb5d3cb7,1,1,1,1.0,1
canonical_event,da66c418e35fb23b,1,1,1,1.0,1
canonical_event,f1da93fa4b7e7c5f,1,1,1,1.0,1
canonical_event,e253d9d2be2c3c20,1,1,1,1.0,1
canonical_event,63fb478d5eb2cba4,1,1,1,1.0,1
canonical_event,037641df5ed7b858,1,1,1,1.0,1
canonical_event,1f364fbf1785f65c,1,1,1,1.0,1
canonical_event,523dcbd950a49a73,1,1,1,1.0,1
canonical_event,03bcc1bc12d3b9ee,1,1,1,1.0,1
canonical_event,f16b268b862d7df8,1,1,1,1.0,1
canonical_event,e2d933a8b7c19402,1,1,1,1.0,1
canonical_event,e254975d83060e92,1,1,1,1.0,1
canonical_event,b32fac3c406045c7,1,1,1,1.0,1
canonical_event,b8e51576d17159ba,1,1,1,1.0,1
canonical_event,4aff9e59d5671c8d,1,1,1,1.0,1
canonical_event,bf37b2322a9518d3,1,1,1,1.0,1
canonical_event,f08a76d0b715f796,1,1,1,1.0,1
canonical_event,a1fef2c038e05f37,1,1,1,1.0,1
canonical_event,2f898d4d0f00a4d4,1,1,1,1.0,1
canonical_event,b6b30c99f416c1ad,1,1,1,1.0,1
canonical_event,2ee10743feb58ed3,1,1,1,1.0,1
canonical_event,e8e6480e810eb8ed,2,1,2,0.5,2
canonical_event,7a65bbc856cb814e,1,1,1,1.0,1
canonical_event,1bc7f1f2d3c52082,1,1,1,1.0,1
canonical_event,d1030f79d3a193cf,1,1,1,1.0,1
canonical_event,b6077785aef7dd80,1,1,1,1.0,1
canonical_event,490743d059a5461e,1,1,1,1.0,1
canonical_event,166fbfe9f0cd88d7,1,1,1,1.0,1
canonical_event,dc232835bc8821d0,1,1,1,1.0,1
canonical_event,cd2211f2face1d46,1,1,1,1.0,1
canonical_event,da7a40f4ba72cd36,1,1,1,1.0,1
canonical_event,45c056cc16e18a13,1,1,1,1.0,1
canonical_event,bd128d9e1e1dd317,1,1,1,1.0,1
canonical_event,b5c0690f75cbf000,1,1,1,1.0,1
canonical_event,8ec05a715f5b0d79,1,1,1,1.0,1
canonical_event,1e8bb651f08a7e66,2,1,2,0.5,2
canonical_event,59931c8e89b33b03,1,1,1,1.0,1
canonical_event,c0bcfb209881d9da,1,1,1,1.0,1
canonical_event,637902a455321184,1,1,1,1.0,1
canonical_event,b5a064c2565c7e14,1,1,1,1.0,1
canonical_event,424a8aa37276d362,1,1,1,1.0,1
canonical_event,37d28502140461de,1,1,1,1.0,1
canonical_event,1ba3a229de1b849c,1,1,1,1.0,1
canonical_event,2fa657625e10f963,1,1,1,1.0,1
canonical_event,3fe741387b31fbce,1,1,1,1.0,1
canonical_event,74e56c2e1836ec7e,1,1,1,1.0,1
canonical_event,44ae9228e57c924d,1,1,1,1.0,1
canonical_event,80294bda2df87519,1,1,1,1.0,1
canonical_event,a12528d63181c9cd,1,1,1,1.0,1
canonical_event,1f20da2924c44db5,1,1,1,1.0,1
canonical_event,b52b6fc9f0199e29,1,1,1,1.0,1
canonical_event,f067e16d538dbc72,1,1,1,1.0,1
canonical_event,3731d1017df0a8fb,1,1,1,1.0,1
canonical_event,f5bd161232cc3170,1,1,1,1.0,1
canonical_event,1812d18006f44e48,1,1,1,1.0,1
canonical_event,e948bd3f4d1d73e4,1,1,1,1.0,1
canonical_event,0ab6c9a1708b8d1f,1,1,1,1.0,1
canonical_event,45db0158ae613979,1,1,1,1.0,1
canonical_event,ff3a464a8cf8da58,1,1,1,1.0,1
canonical_event,74221ec89c45a4bf,1,1,1,1.0,1
canonical_event,f07ddae1ff02302e,1,1,1,1.0,1
canonical_event,c3daf2d8995c63fc,1,1,1,1.0,1
canonical_event,6b7b58f388f062dd,1,1,1,1.0,1
canonical_event,6c44b7b3009939c3,1,1,1,1.0,1
canonical_event,88f1dc588c7af4f6,1,1,1,1.0,1
canonical_event,5b7078bbd18a4a8d,1,1,1,1.0,1
canonical_event,c230db2c0568b453,1,1,1,1.0,1
canonical_event,9a7e760d8024606a,1,1,1,1.0,1
canonical_event,7025ef31980d43cb,1,1,1,1.0,1
canonical_event,07c8b90e2df0132b,1,1,1,1.0,1
canonical_event,841e44b41992c4e3,1,1,1,1.0,1
canonical_event,64ada1099bc98999,1,1,1,1.0,1
canonical_event,51ca3ffed4c2ad22,1,1,1,1.0,1
canonical_event,c041cd7c08b9307a,1,1,1,1.0,1
canonical_event,637b6ea0fa18bea9,1,1,1,1.0,1
canonical_event,ba3fc6c283661930,1,1,1,1.0,1
canonical_event,5b4c8f8c1eaa41c1,1,1,1,1.0,1
canonical_event,ae17e9f390b3e5ab,1,1,1,1.0,1
canonical_event,988fb5ec269d095b,1,1,1,1.0,1
canonical_event,b75fa59fea480cf2,1,1,1,1.0,1
canonical_event,63d375091e39cea0,1,1,1,1.0,1
canonical_event,96b66a8a9ef395e8,1,1,1,1.0,1
canonical_event,875bf405b3c79913,1,1,1,1.0,1
canonical_event,761d75a22daf4b07,1,1,1,1.0,1
canonical_event,bcea2dae2144cbea,1,1,1,1.0,1
canonical_event,a458c2ee1acb7c25,1,1,1,1.0,1
canonical_event,45391d67ac43bfb4,1,1,1,1.0,1
canonical_event,b4e198ff9ab7d046,1,1,1,1.0,1
canonical_event,0028a9c3312d8c8a,1,1,1,1.0,1
canonical_event,9d1c93a41f80cd28,1,1,1,1.0,1
canonical_event,81f253bc49f8108a,1,1,1,1.0,1
canonical_event,5107f065bb3ebc77,1,1,1,1.0,1
canonical_event,9e51d4992a06e7e0,1,1,1,1.0,1
canonical_event,a77d492aac81eec4,1,1,1,1.0,1
canonical_event,07831866db859376,1,1,1,1.0,1
canonical_event,86dced1d5bf4cc56,1,1,1,1.0,1
canonical_event,a2375e3c260fe881,1,1,1,1.0,1
canonical_event,963f26f316369228,1,1,1,1.0,1
canonical_event,8319ba5de21b8cf2,1,1,1,1.0,1
canonical_event,2629a4b3bc985eb6,1,1,1,1.0,1
canonical_event,78d4a6e0213fea5d,1,1,1,1.0,1
canonical_event,78e9815386f65601,1,1,1,1.0,1
canonical_event,c786e8f61f3aaba3,1,1,1,1.0,1
canonical_event,251183888b3ccc40,1,1,1,1.0,1
canonical_event,6e4918541e921813,1,1,1,1.0,1
canonical_event,97ace6ea33b9f252,1,1,1,1.0,1
canonical_event,9c05741e9597d9f9,1,1,1,1.0,1
canonical_event,a36759d725d3fab8,1,1,1,1.0,1
canonical_event,dd7ab88ec3ae4fe0,1,1,1,1.0,1
canonical_event,ce22d044c9d7ea4a,1,1,1,1.0,1
canonical_event,ce801568d58fcc5c,1,1,1,1.0,1
canonical_event,dde3a28461b48539,1,1,1,1.0,1
canonical_event,75957afeb1017e11,1,1,1,1.0,1
canonical_event,963b92073e04a103,1,1,1,1.0,1
canonical_event,494b15d53bf90b99,1,1,1,1.0,1
canonical_event,deb8f51e33b10ee0,1,1,1,1.0,1
canonical_event,e92dc96086d5afc8,1,1,1,1.0,1
canonical_event,8c1cc157fbbb2b98,1,1,1,1.0,1
canonical_event,2f7800cfdebf3fa1,1,1,1,1.0,1
canonical_event,d17e4f432d0d2142,1,1,1,1.0,1
canonical_event,282ed2eda0d31d07,1,1,1,1.0,1
canonical_event,dd52d612c95b1bd4,1,1,1,1.0,1
canonical_event,4147c66e825b5c39,1,1,1,1.0,1
canonical_event,9e59f5c6a75f45a0,1,1,1,1.0,1
canonical_event,d1d44ae5921f4c40,1,1,1,1.0,1
canonical_event,cdf7ca878e1f6bc1,1,1,1,1.0,1
canonical_event,28f1405fbb7af451,1,1,1,1.0,1
canonical_event,311364e34183540a,1,1,1,1.0,1
canonical_event,95493dae8b06fd29,1,1,1,1.0,1
canonical_event,e021ad5b2e007f78,1,1,1,1.0,1
canonical_event,e3fc57b66272c5f0,1,1,1,1.0,1
canonical_event,138e8ca114eb728c,1,1,1,1.0,1
canonical_event,7fb1829736bb8278,1,1,1,1.0,1
canonical_event,b759b39c3fb5dfb0,1,1,1,1.0,1
canonical_event,7c71243a7db12a72,1,1,1,1.0,1
canonical_event,8a9e8d3bb72ce4b7,1,1,1,1.0,1
canonical_event,e778e551778b0480,1,1,1,1.0,1
canonical_event,348cb17263bb3bcb,1,1,1,1.0,1
canonical_event,e2252aad65822b76,1,1,1,1.0,1
canonical_event,f5947bbeb07e6a5d,1,1,1,1.0,1
canonical_event,f088545a24f08621,1,1,1,1.0,1
canonical_event,eff8ae78d96a85dd,1,1,1,1.0,1
canonical_event,e8e0ef99facc92cd,1,1,1,1.0,1
canonical_event,a531c1d3d4548dd7,1,1,1,1.0,1
canonical_event,704ba5de615dfbf1,1,1,1,1.0,1
canonical_event,5e1d3cb792504303,1,1,1,1.0,1
canonical_event,79b265adf289948e,1,1,1,1.0,1
canonical_event,14fe31b7aee65e2b,1,1,1,1.0,1
canonical_event,74d46b9d54e26306,1,1,1,1.0,1
canonical_event,5fd0c1de14a90e47,1,1,1,1.0,1
canonical_event,603d8244d5709eb9,1,1,1,1.0,1
canonical_event,34fdb546cec18eb3,1,1,1,1.0,1
canonical_event,1e3e56ae914ffcf8,1,1,1,1.0,1
canonical_event,e53122e0af5b6e83,1,1,1,1.0,1
canonical_event,18eb3e9170634f90,1,1,1,1.0,1
canonical_event,5cb02b4398ef353a,1,1,1,1.0,1
canonical_event,34a5d13efc8b59e7,1,1,1,1.0,1
canonical_event,3824a86bd7049e48,1,1,1,1.0,1
canonical_event,ca49a7cb01b78da2,1,1,1,1.0,1
canonical_event,c2f2be7885bb22ea,1,1,1,1.0,1
canonical_event,d70554ae8dabd755,1,1,1,1.0,1
canonical_event,1f8fb55f1700d24a,1,1,1,1.0,1
canonical_event,494fd7da0d9bed25,1,1,1,1.0,1
canonical_event,1de426f5e4d1cd21,1,1,1,1.0,1
canonical_event,468e9cbd92f874cd,1,1,1,1.0,1
canonical_event,2dbb35afaad76892,1,1,1,1.0,1
canonical_event,e367b6bad312a6e6,1,1,1,1.0,1
canonical_event,87be70510f1761f8,1,1,1,1.0,1
canonical_event,f01856c1f6f6a067,1,1,1,1.0,1
canonical_event,c87f689cc45a80fe,1,1,1,1.0,1
canonical_event,5c7b42ce6a31071d,1,1,1,1.0,1
canonical_event,ec7bc3ff4f340ce6,1,1,1,1.0,1
canonical_event,685865da051e1b91,1,1,1,1.0,1
canonical_event,dcff42af03c1d60d,1,1,1,1.0,1
canonical_event,202f6cdab6f25ac2,1,1,1,1.0,1
canonical_event,ff4d73aa21023597,1,1,1,1.0,1
canonical_event,402f345b9260e3b7,1,1,1,1.0,1
canonical_event,97e83fc06e6e20d5,1,1,1,1.0,1
canonical_event,83a860cc1a27bd4a,1,1,1,1.0,1
canonical_event,98af65560f65b91b,1,1,1,1.0,1
canonical_event,a0751b5cffaa687c,1,1,1,1.0,1
canonical_event,6fa52b33aa091416,1,1,1,1.0,1
canonical_event,bb507679ffb0bfd9,1,1,1,1.0,1
canonical_event,aa48db4edd6463ef,1,1,1,1.0,1
canonical_event,8c2aa18e122efdcc,1,1,1,1.0,1
canonical_event,8f737d9dc74f0ac0,1,1,1,1.0,1
canonical_event,1b83b74e68ddcef3,1,1,1,1.0,1
canonical_event,7c1781cea23777c4,1,1,1,1.0,1
canonical_event,afe017f054059af8,1,1,1,1.0,1
canonical_event,73984f94d60f8b8a,1,1,1,1.0,1
canonical_event,2c192fbe064e3382,1,1,1,1.0,1
canonical_event,5214a49297968097,1,1,1,1.0,1
canonical_event,279589c9ded19d3c,1,1,1,1.0,1
canonical_event,69c8f2aaeeab9fe0,1,1,1,1.0,1
canonical_event,adeeaff335f0654e,1,1,1,1.0,1
canonical_event,be912cb78f3cf760,1,1,1,1.0,1
canonical_event,2ea35e2b43e8e47e,1,1,1,1.0,1
canonical_event,f05f04e30fda9d61,1,1,1,1.0,1
canonical_event,24ab08cf4de723de,1,1,1,1.0,1
canonical_event,6a520131eaad8a8a,1,1,1,1.0,1
canonical_event,393453b1b04bf7b6,1,1,1,1.0,1
canonical_event,643c00b49b4f1956,1,1,1,1.0,1
canonical_event,a2f66834094a0509,1,1,1,1.0,1
canonical_event,ce2c72844c42af46,1,1,1,1.0,1
canonical_event,95551b555ec9ae49,1,1,1,1.0,1
canonical_event,23b13c3d60784f78,1,1,1,1.0,1
canonical_event,e87bd4a8c024b0b7,1,1,1,1.0,1
canonical_event,250679eeb2c48f5c,1,1,1,1.0,1
canonical_event,9c1707bf8382a201,1,1,1,1.0,1
canonical_event,58ea8a879c836afa,1,1,1,1.0,1
canonical_event,4de9daa9c57e2ec4,1,1,1,1.0,1
canonical_event,c6a648453d4449bf,1,1,1,1.0,1
canonical_event,89e453915cbef41d,1,1,1,1.0,1
canonical_event,84f2627b760eae5b,1,1,1,1.0,1
canonical_event,2b51fe33c009009d,1,1,1,1.0,1
canonical_event,cffddfa2f6749dbb,1,1,1,1.0,1
canonical_event,282767ca1d33fbfc,1,1,1,1.0,1
canonical_event,a88f18ddfc9a89ca,1,1,1,1.0,1
canonical_event,b1b470f21d814764,1,1,1,1.0,1
canonical_event,f06057155d32e11a,1,1,1,1.0,1
canonical_event,fa75087118b3c366,1,1,1,1.0,1
canonical_event,8ab402b23b552a3d,1,1,1,1.0,1
canonical_event,c4fd79339c222de0,1,1,1,1.0,1
canonical_event,708a30c64f60cdad,1,1,1,1.0,1
canonical_event,726079d28d483551,1,1,1,1.0,1
canonical_event,80bcfc88dae1b83c,1,1,1,1.0,1
canonical_event,e77017e5e08a93ce,1,1,1,1.0,1
canonical_event,b16ddce259387244,1,1,1,1.0,1
canonical_event,fbf2b38b310af1f7,1,1,1,1.0,1
canonical_event,4cabc30f14825604,1,1,1,1.0,1
canonical_event,e9592a573933c7ac,1,1,1,1.0,1
canonical_event,a01162a895a587f9,1,1,1,1.0,1
canonical_event,76de8f5b9629d34c,1,1,1,1.0,1
canonical_event,f58277a97cfd813d,1,1,1,1.0,1
canonical_event,c1659dafda65658a,1,1,1,1.0,1
canonical_event,f99b680bb88b9eeb,1,1,1,1.0,1
canonical_event,488f9d8188802d6e,1,1,1,1.0,1
canonical_event,dfeec688cfb81945,1,1,1,1.0,1
canonical_event,d50d90dcc9989ad4,1,1,1,1.0,1
canonical_event,9c7baa6bb1a144e5,1,1,1,1.0,1
canonical_event,7d0805cd0a7bcd50,1,1,1,1.0,1
canonical_event,f48693913cbc97d6,1,1,1,1.0,1
canonical_event,0fd9a481c3919a92,1,1,1,1.0,1
canonical_event,8c1afd2553675172,1,1,1,1.0,1
canonical_event,28b0ff78ac20b1a5,1,1,1,1.0,1
canonical_event,5e4bfcaeaf45af7b,1,1,1,1.0,1
canonical_event,c6b840da891ebee5,1,1,1,1.0,1
canonical_event,6d316b25a8abb924,1,1,1,1.0,1
canonical_event,8592231cacdb8977,1,1,1,1.0,1
canonical_event,8565ac2ac64892e1,1,1,1,1.0,1
canonical_event,73fcf946ce9450e1,1,1,1,1.0,1
canonical_event,b36d003774a63c2d,1,1,1,1.0,1
canonical_event,9db7c015ba7fa5aa,1,1,1,1.0,1
canonical_event,f8fbfac4b03731c5,1,1,1,1.0,1
canonical_event,7009b3b3ff37cc71,1,1,1,1.0,1
canonical_event,c53a2d51d26f7252,1,1,1,1.0,1
canonical_event,735e4583b1e99648,1,1,1,1.0,1
canonical_event,fb0bcc234c48a416,1,1,1,1.0,1
canonical_event,9ca65a189771032b,1,1,1,1.0,1
canonical_event,106e879392a0cbf4,1,1,1,1.0,1
canonical_event,8bf2d4545f6c23c6,1,1,1,1.0,1
canonical_event,689480e3baa7d7b5,1,1,1,1.0,1
canonical_event,072cf6f5f33747c9,1,1,1,1.0,1
canonical_event,79c7639319f5707c,1,1,1,1.0,1
canonical_event,e834db10df904cda,1,1,1,1.0,1
canonical_event,b7f8d997b92ec65e,1,1,1,1.0,1
canonical_event,86b583d390fa3503,1,1,1,1.0,1
canonical_event,b85b3c86f422816d,1,1,1,1.0,1
canonical_event,62a0bc869778cf3a,1,1,1,1.0,1
canonical_event,3503f3ad432fa464,1,1,1,1.0,1
canonical_event,5d6a32ddf7dd55c5,1,1,1,1.0,1
canonical_event,9132bdebfd73e4ce,1,1,1,1.0,1
canonical_event,c8cdbfe21b2ab870,1,1,1,1.0,1
canonical_event,13299bf941a01ad7,1,1,1,1.0,1
canonical_event,bff94363b3b544c6,1,1,1,1.0,1
canonical_event,fe5f01b1b26525fc,1,1,1,1.0,1
canonical_event,b82a1cfbc358a062,1,1,1,1.0,1
canonical_event,2df8e217a321cd46,1,1,1,1.0,1
canonical_event,28aa8278ff43ae8a,1,1,1,1.0,1
canonical_event,600ee5c370ea138c,1,1,1,1.0,1
canonical_event,1aac39fb14d56499,1,1,1,1.0,1
canonical_event,e73617188af5117d,1,1,1,1.0,1
canonical_event,2995f9574cad520d,1,1,1,1.0,1
canonical_event,4bb622d3aecc96a0,1,1,1,1.0,1
canonical_event,6dcebd699f51ea9b,1,1,1,1.0,1
canonical_event,a67692b11e80895b,1,1,1,1.0,1
canonical_event,62c8ea256560d888,1,1,1,1.0,1
canonical_event,b055ebaccc5854b8,1,1,1,1.0,1
canonical_event,d8f67124d065f636,1,1,1,1.0,1
canonical_event,8cce8cbc21c9e9de,1,1,1,1.0,1
canonical_event,15aa961667fa4352,1,1,1,1.0,1
canonical_event,5910b1bee321a69d,1,1,1,1.0,1
canonical_event,b7e57b542d1543cb,1,1,1,1.0,1
canonical_event,fd7ae59dceba4c8a,1,1,1,1.0,1
canonical_event,f413c83f88611030,1,1,1,1.0,1
canonical_event,640adc9d73fa2f2e,1,1,1,1.0,1
canonical_event,6212e201bef969b0,1,1,1,1.0,1
canonical_event,b81003b0b0c7b3b8,1,1,1,1.0,1
canonical_event,9f1895412e900674,1,1,1,1.0,1
canonical_event,ee9bf94dc7f087bc,1,1,1,1.0,1
canonical_event,bcaa08609cf3f5b1,1,1,1,1.0,1
canonical_event,9d5d53a4623b8690,1,1,1,1.0,1
canonical_event,cdfcc44ff2d44c76,1,1,1,1.0,1
canonical_event,7fc3b3fcf72753db,1,1,1,1.0,1
canonical_event,76ab832ac9e6c20c,1,1,1,1.0,1
canonical_event,fe6c5df4b688dcbb,1,1,1,1.0,1
canonical_event,2b2d9dc051f08e3d,1,1,1,1.0,1
canonical_event,482ca4038687b5b4,1,1,1,1.0,1
canonical_event,f089958f379e6198,1,1,1,1.0,1
canonical_event,a23f899358448a42,1,1,1,1.0,1
canonical_event,70171f209403b729,1,1,1,1.0,1
canonical_event,402b09b68048ad3e,1,1,1,1.0,1
canonical_event,cf4d4bcd61aeaec0,1,1,1,1.0,1
canonical_event,bd819872979736c1,1,1,1,1.0,1
canonical_event,fdc71752fe7aa990,1,1,1,1.0,1
canonical_event,d98dd0f54e0f82c4,1,1,1,1.0,1
canonical_event,a66f469513cce645,1,1,1,1.0,1
canonical_event,215dcb8812c42618,1,1,1,1.0,1
canonical_event,e677d36167c9f959,1,1,1,1.0,1
canonical_event,b1d3f7c27702bc81,1,1,1,1.0,1
canonical_event,a9234f0b51b37ef0,1,1,1,1.0,1
canonical_event,7e24fafc0df626f2,1,1,1,1.0,1
canonical_event,758002cbe8cb0cc2,1,1,1,1.0,1
canonical_event,75fdf393565c3849,1,1,1,1.0,1
canonical_event,916fbae28c057855,1,1,1,1.0,1
canonical_event,5c0601f4bf5c7a4a,1,1,1,1.0,1
canonical_event,8bbf96694076e254,1,1,1,1.0,1
canonical_event,524bb510edc5d97e,1,1,1,1.0,1
gene_type,a890dbf66957cb8f,1,1,1,1.0,1
gene_type,278c16858838625a,1,1,1,1.0,1
gene_type,d809d6f4242a4471,1,1,1,1.0,1
gene_type,ada4eb353cccb47c,2,1,2,0.5,2
gene_type,c2a27fda0781f8de,1,1,1,1.0,1
gene_type,8f1472b008c399a5,1,1,1,1.0,1
gene_type,829b32ad27b820ed,1,1,1,1.0,1
gene_type,07c36e2603cb18aa,1,1,1,1.0,1
gene_type,e610b104a6ae73cb,1,1,1,1.0,1
gene_type,c70c05442bca9b6a,1,1,1,1.0,1
gene_type,ea07582330f95b42,1,1,1,1.0,1
gene_type,d689a0b3d66315a3,1,1,1,1.0,1
gene_type,cc3731484dec7e3a,1,1,1,1.0,1
gene_type,072458d9275aa90e,1,1,1,1.0,1
gene_type,1d2a416da8f7c06a,1,1,1,1.0,1
gene_type,a695ed36262b6947,1,1,1,1.0,1
gene_type,efbf681aa2ebba6c,1,1,1,1.0,1
gene_type,148aec7fcfaacd46,6,3,2,0.5,6-10
gene_type,58dfadb80effb6a0,1,1,1,1.0,1
gene_type,ca4773eaab8d9230,1,1,1,1.0,1
gene_type,6f5728defe8ec405,1,1,1,1.0,1
gene_type,175d71a52bd8abe4,1,1,1,1.0,1
gene_type,d6dac6212ae6ccff,1,1,1,1.0,1
gene_type,aefea954479980cb,1,1,1,1.0,1
gene_type,1ac26d0513eee3e1,1,1,1,1.0,1
gene_type,c5e87217cba6f273,1,1,1,1.0,1
gene_type,f62ba5b2642e203e,1,1,1,1.0,1
gene_type,faeb67345b5e7381,1,1,1,1.0,1
gene_type,1f289251349e6772,1,1,1,1.0,1
gene_type,1efb8cccb134b36a,1,1,1,1.0,1
gene_type,2836dae34d611d7f,1,1,1,1.0,1
gene_type,286d0eb115d3308e,2,1,2,0.5,2
gene_type,e0e83deb4d55eb26,1,1,1,1.0,1
gene_type,f66dc427eeb8db76,2,1,2,0.5,2
gene_type,ed72a0e1e4c11ad2,2,1,2,0.5,2
gene_type,d9e00275cacefca1,1,1,1,1.0,1
gene_type,397304c6035dfbc5,2,1,2,0.5,2
gene_type,f8771e742451fb81,1,1,1,1.0,1
gene_type,483d02ba1c57c100,1,1,1,1.0,1
gene_type,2432c8134295d83c,1,1,1,1.0,1
gene_type,85a822722948acc7,1,1,1,1.0,1
gene_type,c7efe9730b710f42,1,1,1,1.0,1
gene_type,e811cb42bbb794db,2,1,2,0.5,2
gene_type,3140223867f608dd,2,1,2,0.5,2
gene_type,f6981e852839df66,1,1,1,1.0,1
gene_type,b8b06f2b7927e1a2,1,1,1,1.0,1
gene_type,d2643320461ae527,1,1,1,1.0,1
gene_type,f94625445fbd6f07,1,1,1,1.0,1
gene_type,ec44c0d4a3de3c4c,1,1,1,1.0,1
gene_type,b7d9651d110b9f4d,1,1,1,1.0,1
gene_type,c6bfe86f6c173b5e,1,1,1,1.0,1
gene_type,7b647c32d7814232,1,1,1,1.0,1
gene_type,ac16106437416250,11,6,2,0.5454545454545454,11+
gene_type,d5affb19252509f8,1,1,1,1.0,1
gene_type,1bdbd7596b23ed85,1,1,1,1.0,1
gene_type,643e677fb17a0b0a,1,1,1,1.0,1
gene_type,4f92258450665d4c,1,1,1,1.0,1
gene_type,1e3334d610f871c1,1,1,1,1.0,1
gene_type,a732a2fb6ea54d50,1,1,1,1.0,1
gene_type,374d5c5fdb576f4e,2,1,2,0.5,2
gene_type,d17ce8c3f2fb9d82,1,1,1,1.0,1
gene_type,db2ba3ccdf1636be,2,1,2,0.5,2
gene_type,896773e9e82a44c0,1,1,1,1.0,1
gene_type,a2dad5337fbd4e26,1,1,1,1.0,1
gene_type,811bad7999859935,1,1,1,1.0,1
gene_type,d7ea1c62d7bb8de3,1,1,1,1.0,1
gene_type,e3b0c44298fc1c14,94,30,15,0.3191489361702128,11+
gene_type,00bf1644dbb6c55f,1,1,1,1.0,1
gene_type,47e3753aff303c3a,1,1,1,1.0,1
gene_type,7a029ecf5402d53b,2,1,2,0.5,2
gene_type,44be007ccc565d09,1,1,1,1.0,1
gene_type,4283dc60e9810186,1,1,1,1.0,1
gene_type,3d21591dc3fb3841,1,1,1,1.0,1
gene_type,4e8d3fa0eed51540,1,1,1,1.0,1
gene_type,6e74e29289642536,1,1,1,1.0,1
gene_type,ba85aec3445beebd,1,1,1,1.0,1
gene_type,77639d19cf076bf7,1,1,1,1.0,1
gene_type,a4a30c390b0f1492,1,1,1,1.0,1
gene_type,8319247a76566ab4,1,1,1,1.0,1
gene_type,e7f973f924b3d0ae,1,1,1,1.0,1
gene_type,0cbf9e76a5379fee,1,1,1,1.0,1
gene_type,c4420196884b12a7,1,1,1,1.0,1
gene_type,e13c2bc20cba4f81,1,1,1,1.0,1
gene_type,651f3e945a5f14f3,1,1,1,1.0,1
gene_type,9244ea2341b9c332,1,1,1,1.0,1
gene_type,6f0c85167dafe36d,1,1,1,1.0,1
gene_type,2b05cb4b2bd45653,1,1,1,1.0,1
gene_type,93b861e17262dcfb,1,1,1,1.0,1
gene_type,1b16fecb45fea5a1,1,1,1,1.0,1
gene_type,90b80b3c852db29b,1,1,1,1.0,1
gene_type,f595724c9c68155b,1,1,1,1.0,1
gene_type,5849733c9d4dc746,1,1,1,1.0,1
gene_type,723dae244922e995,1,1,1,1.0,1
gene_type,e2bc6d2fa1afdb24,1,1,1,1.0,1
gene_type,d7b3c2a427b40157,1,1,1,1.0,1
gene_type,3bd9d7dba27bcfd0,1,1,1,1.0,1
gene_type,1242358393889f55,1,1,1,1.0,1
gene_type,3e6624b9cd0e113c,2,1,2,0.5,2
gene_type,051d1402c005b6c9,1,1,1,1.0,1
gene_type,7c7e65bd692ea443,1,1,1,1.0,1
gene_type,72ef36ba81aadc0c,1,1,1,1.0,1
gene_type,3e0e8d87206d9b9e,1,1,1,1.0,1
gene_type,602fbabb60155251,1,1,1,1.0,1
gene_type,a990ff5d39c01d1a,1,1,1,1.0,1
gene_type,0ce96803496628c2,1,1,1,1.0,1
gene_type,011a8e3659f1b0b3,1,1,1,1.0,1
gene_type,8d6726823b79f51c,1,1,1,1.0,1
gene_type,be12a2cb6a8d380b,1,1,1,1.0,1
gene_type,bc0452c1bd00e1c5,1,1,1,1.0,1
gene_type,847996a8c8d4905f,1,1,1,1.0,1
gene_type,e261ee9a4d043146,1,1,1,1.0,1
gene_type,4e4f6f3a8e9393f7,2,1,2,0.5,2
gene_type,b8a3c454ef9d28d3,1,1,1,1.0,1
gene_type,8e10517be1e2a563,1,1,1,1.0,1
gene_type,85d72eedef7d1b54,1,1,1,1.0,1
gene_type,d19190a334ee2d64,1,1,1,1.0,1
gene_type,c3045cf085d7c950,1,1,1,1.0,1
gene_type,171332eba17b7038,1,1,1,1.0,1
gene_type,e923bb0ec0985f22,1,1,1,1.0,1
gene_type,7d6a7248aec20ce8,2,1,2,0.5,2
gene_type,1a064e79b7c29780,2,1,2,0.5,2
gene_type,10e9254e1a968c99,1,1,1,1.0,1
gene_type,d4ce86fc552886dd,1,1,1,1.0,1
gene_type,73105b4521b9c0c4,1,1,1,1.0,1
gene_type,0abf4a61e5df9249,1,1,1,1.0,1
gene_type,c7f1aab4f19937bf,1,1,1,1.0,1
gene_type,d1cb57516d255a79,1,1,1,1.0,1
gene_type,f101e4fd2fd22f7a,1,1,1,1.0,1
gene_type,4b2f19497b134627,1,1,1,1.0,1
gene_type,a8ed79f363e3c15f,1,1,1,1.0,1
gene_type,b378097d12fb5bc2,1,1,1,1.0,1
gene_type,4667c6d2f596cbbe,1,1,1,1.0,1
gene_type,3e2c291d0f78efa7,1,1,1,1.0,1
gene_type,c9453c48c8fa7c9c,1,1,1,1.0,1
gene_type,609c91b7a4ae617e,2,1,2,0.5,2
gene_type,4a66d6893295855a,1,1,1,1.0,1
gene_type,00c70354d82ab5e3,1,1,1,1.0,1
gene_type,418fea7723a7c6d4,1,1,1,1.0,1
gene_type,9b2ac8524ad81650,1,1,1,1.0,1
gene_type,162fdc6abddc19cc,1,1,1,1.0,1
gene_type,00826046dabb22b0,1,1,1,1.0,1
gene_type,dc56a505a68c39c9,1,1,1,1.0,1
gene_type,8071e9ec33870b47,1,1,1,1.0,1
gene_type,7a874b700d44efc0,1,1,1,1.0,1
gene_type,316b42789ab19746,2,1,2,0.5,2
gene_type,89cfbff55bc77ebc,2,1,2,0.5,2
gene_type,b0e65ad4657b16b4,1,1,1,1.0,1
gene_type,f3884e400514af9a,2,1,2,0.5,2
gene_type,d436483422b39bdb,1,1,1,1.0,1
gene_type,336952206694d33f,1,1,1,1.0,1
gene_type,aea4d2a4f4de3dd0,1,1,1,1.0,1
gene_type,0e19f43239ff748f,1,1,1,1.0,1
gene_type,2d06942865006bb2,1,1,1,1.0,1
gene_type,977e4aa6b7662813,2,1,2,0.5,2
gene_type,1147e96024fda9cb,1,1,1,1.0,1
gene_type,cb29a098b8df10cb,1,1,1,1.0,1
gene_type,dfb0dee89c1942d5,2,1,2,0.5,2
gene_type,1cfc35a960d43a34,1,1,1,1.0,1
gene_type,d41a38e6d447d250,1,1,1,1.0,1
gene_type,8b07f212cb41d4fd,1,1,1,1.0,1
gene_type,f3a894c2ea3bcbaf,1,1,1,1.0,1
gene_type,91e58730abe587d1,1,1,1,1.0,1
gene_type,a7f95a7e3000ce2b,1,1,1,1.0,1
gene_type,a900af218fbf2c31,1,1,1,1.0,1
gene_type,0818159380bae565,1,1,1,1.0,1
gene_type,e76c1268b85be778,2,1,2,0.5,2
gene_type,530cee083366c4e6,1,1,1,1.0,1
gene_type,27132f884e557556,1,1,1,1.0,1
gene_type,7606c1d13d42d5b4,1,1,1,1.0,1
gene_type,e2ff943150f69096,1,1,1,1.0,1
gene_type,96588572dd6133fe,1,1,1,1.0,1
gene_type,168b29189c5beda6,1,1,1,1.0,1
gene_type,c0f027baee0c321e,1,1,1,1.0,1
gene_type,ed3750b4406334a8,1,1,1,1.0,1
gene_type,a9fd40691dba949f,1,1,1,1.0,1
gene_type,1c666434e15524b9,2,1,2,0.5,2
gene_type,2a032d9cf24c6e99,1,1,1,1.0,1
gene_type,d5a0ac8b23298a74,1,1,1,1.0,1
gene_type,ce294602d2dfa2b8,1,1,1,1.0,1
gene_type,2ecc09428c921598,1,1,1,1.0,1
gene_type,0ef4801e1205ac3b,1,1,1,1.0,1
gene_type,996b0431a84bbd2a,1,1,1,1.0,1
gene_type,858157d850d1491c,1,1,1,1.0,1
gene_type,7bbd081519bec874,1,1,1,1.0,1
gene_type,f6121f4f696ad0fe,1,1,1,1.0,1
gene_type,36e68d7d35c897ab,1,1,1,1.0,1
gene_type,ac194197e4777c2b,1,1,1,1.0,1
gene_type,0688d8ff8e517d58,1,1,1,1.0,1
gene_type,a207da16b65c7800,2,1,2,0.5,2
gene_type,24a649f079480add,1,1,1,1.0,1
gene_type,6ed481f8c25ba634,1,1,1,1.0,1
gene_type,4aef1c6536ccc16d,1,1,1,1.0,1
gene_type,88794a5cc1c054df,1,1,1,1.0,1
gene_type,1321c9791e1844a5,1,1,1,1.0,1
gene_type,6c65d8ce70723842,1,1,1,1.0,1
gene_type,04eee5062e2ae4f2,1,1,1,1.0,1
gene_type,0daa417cb83e0c5e,1,1,1,1.0,1
gene_type,e6c6cc311c862a96,1,1,1,1.0,1
gene_type,81aa544a6de34bf8,2,1,2,0.5,2
gene_type,39edfd037d3b7faa,1,1,1,1.0,1
gene_type,54735a19e7d2aa14,1,1,1,1.0,1
gene_type,5d3ba22999694573,1,1,1,1.0,1
gene_type,bc2987a37c38c81c,2,1,2,0.5,2
gene_type,e2bb258031d7b88c,1,1,1,1.0,1
gene_type,0d54b2f72cf600cd,1,1,1,1.0,1
gene_type,807c5803bb39aeb6,1,1,1,1.0,1
gene_type,470d614445b94193,1,1,1,1.0,1
gene_type,8a5e2ea6d949bb98,1,1,1,1.0,1
gene_type,b8fa438c880b57f0,1,1,1,1.0,1
gene_type,dfff916c1c6f3a78,1,1,1,1.0,1
gene_type,7f76cb51baba03c5,1,1,1,1.0,1
gene_type,9fb8ec45742e89c6,1,1,1,1.0,1
gene_type,c600c9af18b5a3b9,1,1,1,1.0,1
gene_type,1fcfbf29bc48f6b2,1,1,1,1.0,1
gene_type,270a4c3a651f0bb5,2,1,2,0.5,2
gene_type,c0f7ef9c751880b7,1,1,1,1.0,1
gene_type,1e242c8819b119ce,1,1,1,1.0,1
gene_type,7f15039728f52e0f,1,1,1,1.0,1
gene_type,2b93d83c9739641e,1,1,1,1.0,1
gene_type,2350a8ce0e67d4ea,1,1,1,1.0,1
gene_type,ae280671e92151f7,2,1,2,0.5,2
gene_type,2885ac9571e53e7c,1,1,1,1.0,1
gene_type,fd57b101212adc21,1,1,1,1.0,1
gene_type,ea63a6c139ca639d,2,1,2,0.5,2
gene_type,014ff004983023dc,1,1,1,1.0,1
gene_type,c0d0bcac7dea4eb7,1,1,1,1.0,1
gene_type,6ef5db2bd9a39ada,1,1,1,1.0,1
gene_type,430b9df07438a182,1,1,1,1.0,1
gene_type,e131e1b447c8b028,1,1,1,1.0,1
gene_type,322153256daddab0,1,1,1,1.0,1
gene_type,b35e29d437c847db,1,1,1,1.0,1
gene_type,9ac422007a93d165,1,1,1,1.0,1
gene_type,dd1f46714748efe6,1,1,1,1.0,1
gene_type,7cb748d475435e18,1,1,1,1.0,1
gene_type,385f1a831aa3ea65,1,1,1,1.0,1
gene_type,315333cf718df150,1,1,1,1.0,1
gene_type,c0fa3b617c8f70ca,1,1,1,1.0,1
gene_type,db8c3a8dc9e13048,1,1,1,1.0,1
gene_type,7cef7674b9fb8cf1,1,1,1,1.0,1
gene_type,a4dea83328d79b10,1,1,1,1.0,1
gene_type,b59cc38828b94fa6,1,1,1,1.0,1
gene_type,e03a4102be588b6b,1,1,1,1.0,1
gene_type,29bd14fafa5777a5,1,1,1,1.0,1
gene_type,3e7ad4454b26e3fb,1,1,1,1.0,1
gene_type,df1493a55170343a,1,1,1,1.0,1
gene_type,47eb2106edc1441e,1,1,1,1.0,1
gene_type,1c125c251c6e3e1d,1,1,1,1.0,1
gene_type,e8a26b7e7fd80b5a,2,1,2,0.5,2
gene_type,e988df10bf169d69,1,1,1,1.0,1
gene_type,9bc33db5bcf24d61,1,1,1,1.0,1
gene_type,e896d6276f6fee1b,1,1,1,1.0,1
gene_type,76cba8dad1ad2797,1,1,1,1.0,1
gene_type,e1ae2fae9f23e129,1,1,1,1.0,1
gene_type,7cd32cabf08fed60,1,1,1,1.0,1
gene_type,90ac495c291d6e04,1,1,1,1.0,1
gene_type,84f9ee22eedfdcc3,1,1,1,1.0,1
gene_type,cd597e5c6a087423,1,1,1,1.0,1
gene_type,c0b46a5fd6835ab1,1,1,1,1.0,1
gene_type,594280b44716016d,1,1,1,1.0,1
gene_type,57401dff38ef36e9,1,1,1,1.0,1
gene_type,ec34a3e878a8efcc,2,1,2,0.5,2
gene_type,4370d1d45eaa3560,1,1,1,1.0,1
gene_type,d650a9c4a3382f09,1,1,1,1.0,1
gene_type,0899f48959377948,1,1,1,1.0,1
gene_type,a5da4c628cadbdfc,2,1,2,0.5,2
gene_type,11193aa79899e8c2,1,1,1,1.0,1
gene_type,59d5bab3922133f3,1,1,1,1.0,1
gene_type,7791f9d1b5582539,1,1,1,1.0,1
gene_type,3037cb395bfe938a,1,1,1,1.0,1
gene_type,4fdaec4490c79e8a,1,1,1,1.0,1
gene_type,1780041999bbfc9b,1,1,1,1.0,1
gene_type,ea767e0d523946cd,2,1,2,0.5,2
gene_type,ced943f50e5f1fbe,1,1,1,1.0,1
gene_type,5981ea2abaca4f99,1,1,1,1.0,1
gene_type,d21ade6712cfd1dc,1,1,1,1.0,1
gene_type,4e9b436bd34ddbd1,1,1,1,1.0,1
gene_type,068e00f30083fe06,1,1,1,1.0,1
gene_type,a5893b2297513c3a,1,1,1,1.0,1
gene_type,8e22caf77cb378f9,1,1,1,1.0,1
gene_type,1fd92bb005a480e7,1,1,1,1.0,1
gene_type,faf56f0e56201f49,1,1,1,1.0,1
gene_type,07eff76ab7e151fc,1,1,1,1.0,1
gene_type,f366a469af2aa9d2,1,1,1,1.0,1
gene_type,a2a87ba40f7897f1,2,1,2,0.5,2
gene_type,c29abd36a514517d,1,1,1,1.0,1
gene_type,aa9077f3b0753fd6,1,1,1,1.0,1
gene_type,3b0e5cd62923a4c8,1,1,1,1.0,1
gene_type,5b334ad7324be4f8,1,1,1,1.0,1
gene_type,8b8e9fd7d388f96d,1,1,1,1.0,1
gene_type,578328f6087fb72b,1,1,1,1.0,1
gene_type,2b6e2907d7fbf6c0,1,1,1,1.0,1
gene_type,d14d0fb64c08ed1e,1,1,1,1.0,1
gene_type,0001ac194add5dc2,1,1,1,1.0,1
gene_type,a91ce01ded8be7cf,2,1,2,0.5,2
gene_type,b5c58a2ef8c341a4,1,1,1,1.0,1
gene_type,b49382b365a0df82,1,1,1,1.0,1
gene_type,302cccd736f2d9dd,1,1,1,1.0,1
gene_type,f0e2ed40c4fa7e35,1,1,1,1.0,1
gene_type,e424d473013cfff9,1,1,1,1.0,1
gene_type,85df212d8e8e8450,1,1,1,1.0,1
gene_type,bee8b271bda7c230,1,1,1,1.0,1
gene_type,e1b03a3e8a805998,1,1,1,1.0,1
gene_type,bd7183b70863d489,1,1,1,1.0,1
gene_type,27cd5b5ca7ccd262,1,1,1,1.0,1
gene_type,ba8bda1154d11962,1,1,1,1.0,1
gene_type,106dcbd6167c401b,1,1,1,1.0,1
gene_type,72b0818b69627e61,2,1,2,0.5,2
gene_type,0ae8e62748d13536,1,1,1,1.0,1
gene_type,e904dbc454fe0c0d,1,1,1,1.0,1
gene_type,f366ab80c76cd4aa,1,1,1,1.0,1
gene_type,7fa471253a28567d,1,1,1,1.0,1
gene_type,24d6c5570e8be757,1,1,1,1.0,1
gene_type,22d30921b7475ca6,1,1,1,1.0,1
gene_type,6eb83be6a4a23246,1,1,1,1.0,1
gene_type,04c7a0e7de77b5e7,1,1,1,1.0,1
gene_type,a461d07058a6fd55,1,1,1,1.0,1
gene_type,ce932b40b24b9ec9,1,1,1,1.0,1
gene_type,c28397b65307ee43,1,1,1,1.0,1
gene_type,63c68bd4c4f0b418,1,1,1,1.0,1
gene_type,c82b98eae35fd2f1,2,1,2,0.5,2
gene_type,dec80bc18f25dea8,1,1,1,1.0,1
gene_type,d5001da8c9cbc1a9,1,1,1,1.0,1
gene_type,aa998af2bd2e528e,1,1,1,1.0,1
gene_type,90934b2f09e2d4d4,2,1,2,0.5,2
gene_type,cd761366fe210c17,1,1,1,1.0,1
gene_type,72942f358ba830eb,1,1,1,1.0,1
gene_type,334898b57116f679,1,1,1,1.0,1
gene_type,33d1b63d81cf71a5,1,1,1,1.0,1
gene_type,55f6592b40276b82,1,1,1,1.0,1
gene_type,997d4f4769fcef92,1,1,1,1.0,1
gene_type,2db9c96a3a43250d,1,1,1,1.0,1
gene_type,1cf7a25be15a4b3f,1,1,1,1.0,1
gene_type,b63987b246f796d4,1,1,1,1.0,1
gene_type,226066942e4b7e20,1,1,1,1.0,1
gene_type,d96a1a5195d2ca84,1,1,1,1.0,1
gene_type,05af734b74fda5fe,1,1,1,1.0,1
gene_type,178e0f897ccb618b,2,1,2,0.5,2
gene_type,f6c0d6bdd3493d5a,1,1,1,1.0,1
gene_type,cd6c86204ec2e431,1,1,1,1.0,1
gene_type,68757a632e34575f,2,1,2,0.5,2
gene_type,52e07d8666fa8a13,2,1,2,0.5,2
gene_type,5d277633cc44b3a4,1,1,1,1.0,1
gene_type,a4548a6cb0389b3a,1,1,1,1.0,1
gene_type,8f32d6dece0ae256,1,1,1,1.0,1
gene_type,0a8e01ffcf60cb6c,1,1,1,1.0,1
gene_type,2210380e2cba48f5,1,1,1,1.0,1
gene_type,1f036b9e1b6f4813,1,1,1,1.0,1
gene_type,4dcd9a524f121cad,1,1,1,1.0,1
gene_type,cd4a137994890e51,1,1,1,1.0,1
gene_type,c21a780f8df9db04,1,1,1,1.0,1
gene_type,fea703c26847fee1,2,1,2,0.5,2
gene_type,ff221fa15b132102,1,1,1,1.0,1
gene_type,a672c6680d7c9c48,1,1,1,1.0,1
gene_type,1f0008fab5f457e0,1,1,1,1.0,1
gene_type,67968c123adbb0df,1,1,1,1.0,1
gene_type,964360edb2c22685,1,1,1,1.0,1
gene_type,86a59a4582c9ca6d,1,1,1,1.0,1
gene_type,ba3c55d9f2b14e5c,1,1,1,1.0,1
gene_type,bd8ff8cde1d57dc7,1,1,1,1.0,1
gene_type,505b999504fa0ecf,1,1,1,1.0,1
gene_type,5fc5ef3c5c5c2f5e,1,1,1,1.0,1
gene_type,3d723811ae0a2ebe,1,1,1,1.0,1
gene_type,f862d8e5e80ca437,1,1,1,1.0,1
gene_type,896f59c79a5354b7,1,1,1,1.0,1
gene_type,4e96d39bbe8b4edb,1,1,1,1.0,1
gene_type,e75dc376205bf3e9,1,1,1,1.0,1
gene_type,87d77e7eb62e5e05,2,1,2,0.5,2
gene_type,a3ac2801f58e3671,1,1,1,1.0,1
gene_type,2b5802a62dc4c8be,1,1,1,1.0,1
gene_type,359d23027f8495de,2,1,2,0.5,2
gene_type,484edc7852c0356e,1,1,1,1.0,1
gene_type,7198c54d45c02840,1,1,1,1.0,1
gene_type,168300222647b35d,1,1,1,1.0,1
gene_type,c7c29d093deea51f,1,1,1,1.0,1
gene_type,cde50b20c583b83b,2,1,2,0.5,2
gene_type,b035c7d838755f81,1,1,1,1.0,1
gene_type,4a0686c583d0fa7e,1,1,1,1.0,1
gene_type,8aa93357871e2cb2,1,1,1,1.0,1
gene_type,d9242cd47bb81107,1,1,1,1.0,1
gene_type,03a90343e6a80d8a,1,1,1,1.0,1
gene_type,bd2074368ed2e140,1,1,1,1.0,1
gene_type,5d6a77ef1f6295ed,1,1,1,1.0,1
gene_type,9435c5ddf1efef64,1,1,1,1.0,1
gene_type,097c4eb8b6ce0589,2,1,2,0.5,2
gene_type,4a13c12a5f25616c,1,1,1,1.0,1
gene_type,8df60ec41a2073b3,1,1,1,1.0,1
gene_type,f3e3fd877c8469db,1,1,1,1.0,1
gene_type,272785e743a9c561,1,1,1,1.0,1
gene_type,c2ab5ff097c3b2e8,1,1,1,1.0,1
gene_type,27ff6b2263b1296f,1,1,1,1.0,1
gene_type,a0a69812bbfefb39,1,1,1,1.0,1
gene_type,0433e74544f3afd4,1,1,1,1.0,1
gene_type,d781fb28b769d8fd,1,1,1,1.0,1
gene_type,48c3c53251bd0a0a,1,1,1,1.0,1
gene_type,6af5bc8a95a5099b,1,1,1,1.0,1
gene_type,8d56a47b6bb11957,1,1,1,1.0,1
gene_type,a1bb47cd7c1fe725,1,1,1,1.0,1
gene_type,66fe4f9bda17c0ab,1,1,1,1.0,1
gene_type,f1c49a548e0d9824,1,1,1,1.0,1
gene_type,ebda3c51345dfb07,1,1,1,1.0,1
gene_type,cc624b87e720f6dd,1,1,1,1.0,1
gene_type,5ca8b1c5841f405e,1,1,1,1.0,1
gene_type,694ae01ae69382c6,1,1,1,1.0,1
gene_type,819bd3abc2802c8b,1,1,1,1.0,1
gene_type,b63314335ff87a43,1,1,1,1.0,1
gene_type,357073305435e2c1,1,1,1,1.0,1
gene_type,800a1b32ae884e90,1,1,1,1.0,1
gene_type,57f8ec9bd0bd8502,1,1,1,1.0,1
gene_type,a3dd2021093922ff,1,1,1,1.0,1
gene_type,bca91ffd7f0a8d4d,1,1,1,1.0,1
gene_type,c57db23d1fe7d5d8,2,1,2,0.5,2
gene_type,0ce65ba7b90fd64c,1,1,1,1.0,1
gene_type,5690ddc3ab97248e,1,1,1,1.0,1
gene_type,1139cdb6a61775d4,2,1,2,0.5,2
gene_type,7f9b2fea55214207,2,1,2,0.5,2
gene_type,4a7b7775ae0570e2,1,1,1,1.0,1
gene_type,6b3c645c451ffab3,1,1,1,1.0,1
gene_type,0313ca8d528473cc,1,1,1,1.0,1
gene_type,8be6d683b22d6795,1,1,1,1.0,1
gene_type,1a29b9e5a91d72db,1,1,1,1.0,1
gene_type,089db89438b1ee18,1,1,1,1.0,1
gene_type,885f7f55131dfa6d,1,1,1,1.0,1
gene_type,23a5a094f6fd9882,1,1,1,1.0,1
gene_type,a714dd648c449e85,1,1,1,1.0,1
gene_type,e5189f54f37d4fb6,1,1,1,1.0,1
gene_type,f6033484508a6760,1,1,1,1.0,1
gene_type,6c3dcf4ca667e2a5,1,1,1,1.0,1
gene_type,bba9a82ab652b673,1,1,1,1.0,1
gene_type,0e4385006967bad2,1,1,1,1.0,1
gene_type,512cfea56f72f54b,1,1,1,1.0,1
gene_type,2d0686db35d42222,1,1,1,1.0,1
gene_type,daa7baea21138fef,1,1,1,1.0,1
gene_type,1c02a68317018fd5,1,1,1,1.0,1
gene_type,9a42b9cefe277ae4,1,1,1,1.0,1
gene_type,adc2519d1790e6a1,1,1,1,1.0,1
gene_type,01494eacc365eb78,1,1,1,1.0,1
gene_type,b3c48c88b72c1493,1,1,1,1.0,1
gene_type,809264037ba25b75,1,1,1,1.0,1
gene_type,9e0a5646ecc29fec,1,1,1,1.0,1
gene_type,96672ad98f60284f,1,1,1,1.0,1
gene_type,3f215ef751c4f02c,1,1,1,1.0,1
gene_type,e18e281cc0bebf00,2,1,2,0.5,2
gene_type,5b7ba18016c5fceb,1,1,1,1.0,1
gene_type,4a749dbe5645ac21,1,1,1,1.0,1
gene_type,fffdeb06b392171c,2,1,2,0.5,2
gene_type,1def9d42e5a0141f,2,1,2,0.5,2
gene_type,cb288497e3630ba1,1,1,1,1.0,1
gene_type,e089dfb261fcee08,1,1,1,1.0,1
gene_type,6be8d209e4695568,1,1,1,1.0,1
gene_type,90dc0701ca9d9bb1,1,1,1,1.0,1
gene_type,31b64baa867e0670,1,1,1,1.0,1
gene_type,794dd2ff837abc74,1,1,1,1.0,1
gene_type,ddc56f8363079605,1,1,1,1.0,1
gene_type,7a827782b01e75fc,1,1,1,1.0,1
gene_type,9a617420f884861b,1,1,1,1.0,1
gene_type,b487b7a19ec3e430,1,1,1,1.0,1
gene_type,17675b5a3527f0af,1,1,1,1.0,1
gene_type,5f7b76c4b5a6da4c,1,1,1,1.0,1
gene_type,df6dc7e0637c4688,1,1,1,1.0,1
gene_type,ad2cfd40e64262b2,1,1,1,1.0,1
gene_type,e69f37c77b621177,1,1,1,1.0,1
gene_type,ae8ad01abc960c42,1,1,1,1.0,1
gene_type,b19867a99fe26208,2,1,2,0.5,2
gene_type,3a271d12b11ce35c,1,1,1,1.0,1
gene_type,295fa3fbd457a666,1,1,1,1.0,1
gene_type,c323eee62a0a4b11,1,1,1,1.0,1
gene_type,3e38547418cc065f,1,1,1,1.0,1
gene_type,4db7e5c785342a0e,2,1,2,0.5,2
gene_type,4d878a8895007130,1,1,1,1.0,1
gene_type,0ba0bbfaa4086fdf,1,1,1,1.0,1
gene_type,71edf457cc8c1f27,1,1,1,1.0,1
gene_type,9c18bb1efcdb88de,1,1,1,1.0,1
gene_type,3807851b7416d38c,1,1,1,1.0,1
gene_type,4b88c760408ab7d0,1,1,1,1.0,1
gene_type,d17e757a922ac955,1,1,1,1.0,1
gene_type,6eec17636febab4d,1,1,1,1.0,1
gene_type,ff0d460c8d650f49,1,1,1,1.0,1
gene_type,3e51458438ec24ad,1,1,1,1.0,1
gene_type,5b0f2d28673524da,1,1,1,1.0,1
gene_type,6d77d515b7b982a8,1,1,1,1.0,1
gene_type,afc18ccd45ea3e51,1,1,1,1.0,1
gene_type,2d149e1439ec4088,1,1,1,1.0,1
gene_type,d642dfa6e7ab0c12,1,1,1,1.0,1
gene_type,f37e03cac1d9df1a,2,1,2,0.5,2
gene_type,1fd21ff01ca8d520,1,1,1,1.0,1
gene_type,582b50536fe881ca,1,1,1,1.0,1
gene_type,fedb8efbdde17a11,1,1,1,1.0,1
gene_type,4248364f31257ad3,1,1,1,1.0,1
gene_type,fb4a14a9c8370b4a,1,1,1,1.0,1
gene_type,17cccd61726d4f6c,1,1,1,1.0,1
gene_type,6920483fedcbb7fe,1,1,1,1.0,1
gene_type,1e9bf553b6a29cee,2,1,2,0.5,2
gene_type,c50f65572fffe648,1,1,1,1.0,1
gene_type,e4feeb59078a57a0,1,1,1,1.0,1
gene_type,aa8956b220f4a165,1,1,1,1.0,1
gene_type,78be5384ea66d9c6,1,1,1,1.0,1
gene_type,43e94f3a730c6188,1,1,1,1.0,1
gene_type,58ef648815de9915,1,1,1,1.0,1
gene_type,5b6bd2fc73f4fbdb,2,1,2,0.5,2
gene_type,0a7744f76257439e,1,1,1,1.0,1
gene_type,48a907f02c093d24,1,1,1,1.0,1
gene_type,094f0d6f77aa1a38,1,1,1,1.0,1
gene_type,b27e874fa9e0b5c5,2,1,2,0.5,2
gene_type,c1a64b607f61070d,1,1,1,1.0,1
gene_type,959f84418914e308,2,1,2,0.5,2
gene_type,161dac232e586ab4,1,1,1,1.0,1
gene_type,c7297122f3f22f73,1,1,1,1.0,1
gene_type,778a190d762de100,1,1,1,1.0,1
gene_type,83ba2ca51e1b8319,1,1,1,1.0,1
gene_type,adcddd1500f22787,1,1,1,1.0,1
gene_type,f2bf66a3d1db2198,1,1,1,1.0,1
gene_type,476c93f61ef7451e,1,1,1,1.0,1
gene_type,eca10ba0a5390821,1,1,1,1.0,1
gene_type,34ae44898e65cd47,1,1,1,1.0,1
gene_type,97c25add33fb56ad,1,1,1,1.0,1
gene_type,0e1bf22189a0cc0b,1,1,1,1.0,1
gene_type,402b4ac0f13c5b55,1,1,1,1.0,1
gene_type,fb644add55434f47,1,1,1,1.0,1
gene_type,1cb5dda0a54b4651,1,1,1,1.0,1
gene_type,b4405e7605835e06,1,1,1,1.0,1
gene_type,e82715ea19e10d06,1,1,1,1.0,1
gene_type,9b42531fc34d9509,1,1,1,1.0,1
gene_type,1d7291097f0528c8,1,1,1,1.0,1
gene_type,3f7f689960e47eef,1,1,1,1.0,1
gene_type,c9c457423fa84fcd,1,1,1,1.0,1
gene_type,40b83235fe29a205,1,1,1,1.0,1
gene_type,72a9f9ca32cc2900,2,1,2,0.5,2
gene_type,29070b76be06c95b,1,1,1,1.0,1
gene_type,29c9b4baa9afcddb,2,1,2,0.5,2
gene_type,eb50618d1d9ba0d2,1,1,1,1.0,1
gene_type,7eb57f868335ae61,1,1,1,1.0,1
gene_type,38f39861367f263b,1,1,1,1.0,1
gene_type,91259edafcb0da73,1,1,1,1.0,1
gene_type,748edcf4f3809f14,1,1,1,1.0,1
gene_type,35a246867bc82efd,1,1,1,1.0,1
gene_type,2f9b492873318610,1,1,1,1.0,1
gene_type,6cc429611998ed0d,1,1,1,1.0,1
gene_type,a8c188f23b7515c9,2,1,2,0.5,2
gene_type,2845da29512179d0,1,1,1,1.0,1
gene_type,5ffa73a10805cfc7,1,1,1,1.0,1
gene_type,e6e5524592bae7cf,1,1,1,1.0,1
gene_type,8e556104619776b5,1,1,1,1.0,1
gene_type,0be5c2d899f69c2d,1,1,1,1.0,1
gene_type,378f3be40362b59e,1,1,1,1.0,1
gene_type,5c63ab35e72857f8,1,1,1,1.0,1
gene_type,1b89e9d70f67ad71,1,1,1,1.0,1
gene_type,0894f294cc9ac30f,1,1,1,1.0,1
gene_type,3b710393901cf904,1,1,1,1.0,1
gene_type,e472cbec06ed2c57,1,1,1,1.0,1
gene_type,81add54458f9926e,1,1,1,1.0,1
gene_type,6d9950bd827286a0,1,1,1,1.0,1
gene_type,7bbf183078525b56,1,1,1,1.0,1
gene_type,5bb3621086acb9df,1,1,1,1.0,1
gene_type,fd96772cf62b7710,1,1,1,1.0,1
gene_type,4a02b256eea742f7,1,1,1,1.0,1
gene_type,ef0eb70066fb281a,1,1,1,1.0,1
gene_type,586654f234cf0546,1,1,1,1.0,1
gene_type,046bbc1e771267c9,1,1,1,1.0,1
gene_type,19c19110fe13fd25,1,1,1,1.0,1
gene_type,e4a8538d618bf0bc,2,1,2,0.5,2
gene_type,a79bf0fd371569e9,1,1,1,1.0,1
gene_type,b26d1392c9df8181,1,1,1,1.0,1
gene_type,b4e29684c30e242c,1,1,1,1.0,1
gene_type,e0a07f1b7973bb39,1,1,1,1.0,1
gene_type,ffbb3f8b6bfa9f4b,1,1,1,1.0,1
gene_type,7f6e999271731ad1,2,1,2,0.5,2
gene_type,c657949386a923aa,1,1,1,1.0,1
gene_type,04530ebfb5c0e435,1,1,1,1.0,1
gene_type,2cfc4cfa2bebec29,1,1,1,1.0,1
gene_type,396289e1664a0a7d,1,1,1,1.0,1
gene_type,91d56fb928d2042e,2,1,2,0.5,2
gene_type,14e1416fb440b435,2,1,2,0.5,2
gene_type,e0ef178ce9109e37,1,1,1,1.0,1
gene_type,14d514a7b700101d,1,1,1,1.0,1
gene_type,342abd8fa33ba9de,1,1,1,1.0,1
gene_type,467937e24a456b42,1,1,1,1.0,1
gene_type,d9a51787c9e94b4c,1,1,1,1.0,1
gene_type,55bacd2606a80921,21,11,2,0.5238095238095238,11+
gene_type,ed75ff146f160de2,1,1,1,1.0,1
gene_type,d49ac744021a53c6,1,1,1,1.0,1
gene_type,3e68e42abf12712b,1,1,1,1.0,1
gene_type,d37b0974da5d3917,1,1,1,1.0,1
gene_type,a4ada7a6953e62a5,1,1,1,1.0,1
gene_type,9a65e7edcd4a373e,2,1,2,0.5,2
gene_type,a20f2b815b03ead8,1,1,1,1.0,1
gene_type,a76c2378f7907b74,1,1,1,1.0,1
gene_type,40b73198a38f389c,1,1,1,1.0,1
gene_type,afbf3b61e9e2e81e,1,1,1,1.0,1
gene_type,e564b67b2ec83197,1,1,1,1.0,1
gene_type,d4020eda5d23aa31,1,1,1,1.0,1
gene_type,6573eb2fd1604a73,1,1,1,1.0,1
gene_type,c9a30ce7980fadb8,1,1,1,1.0,1
gene_type,81003c809a5090ce,1,1,1,1.0,1
gene_type,6b0819df589b3fbc,1,1,1,1.0,1
gene_type,2f53da67e3595789,1,1,1,1.0,1
gene_type,6d8beb9929de68d9,1,1,1,1.0,1
gene_type,db15326faae38674,1,1,1,1.0,1
gene_type,82a26cdd287e8187,2,1,2,0.5,2
gene_type,9cf42c164c6dd5bd,1,1,1,1.0,1
gene_type,035b5712f2a59a28,1,1,1,1.0,1
gene_type,bb184a46db7f0433,1,1,1,1.0,1
gene_type,c2cf52b9cfe32ca5,1,1,1,1.0,1
gene_type,ff3c0fbfa4c14a83,1,1,1,1.0,1
gene_type,bf4ba0e9c52b0034,1,1,1,1.0,1
gene_type,4ece4da5e094445e,1,1,1,1.0,1
gene_type,0dae7ccfc269f925,1,1,1,1.0,1
gene_type,a2947ecd4abf2894,1,1,1,1.0,1
gene_type,4b705ceafa00e326,1,1,1,1.0,1
gene_type,eff58e4706dfe236,1,1,1,1.0,1
gene_type,13c5d46aeeb3d319,1,1,1,1.0,1
gene_type,bddbc911303ce7b9,1,1,1,1.0,1
gene_type,a3750305049624f3,1,1,1,1.0,1
gene_type,0d977edd38781e98,1,1,1,1.0,1
gene_type,bd92214ee1532da3,1,1,1,1.0,1
gene_type,740d0ca147c177e3,1,1,1,1.0,1
gene_type,02ec07a139ded652,1,1,1,1.0,1
gene_type,7ea665f247c06337,1,1,1,1.0,1
gene_type,fedf62906d740a15,1,1,1,1.0,1
gene_type,07701dcb779a8bab,1,1,1,1.0,1
gene_type,a73c3bf304c19f7a,2,1,2,0.5,2
gene_type,81b657a9ae2ba855,2,1,2,0.5,2
gene_type,01ca13dfc957f498,1,1,1,1.0,1
gene_type,141f2fd6d9c6b07c,1,1,1,1.0,1
gene_type,f47f8df43aead865,1,1,1,1.0,1
gene_type,da4a003c93afa647,1,1,1,1.0,1
gene_type,280d2a48e3b8a23e,1,1,1,1.0,1
gene_type,8e528067556f6fdc,2,1,2,0.5,2
gene_type,665106f0d6cf1e58,1,1,1,1.0,1
gene_type,259afc0e64c73642,2,1,2,0.5,2
gene_type,2747d71f758488dc,2,1,2,0.5,2
gene_type,3b804f87581d697f,1,1,1,1.0,1
gene_type,efb2cda69da693ed,1,1,1,1.0,1
gene_type,156ae623fb1763bf,1,1,1,1.0,1
gene_type,823f77abd98a46cc,1,1,1,1.0,1
gene_type,131e22efe87c75f6,1,1,1,1.0,1
gene_type,47b8ab31396a022e,1,1,1,1.0,1
gene_type,5d576d601fa34617,1,1,1,1.0,1
gene_type,c99311c63fd0db1e,1,1,1,1.0,1
gene_type,64baa555099eb954,1,1,1,1.0,1
gene_type,833cb38356a1618e,1,1,1,1.0,1
gene_type,e8cf087664eb812c,1,1,1,1.0,1
gene_type,ad5d654bb718cfee,1,1,1,1.0,1
gene_type,12646707a7b60c27,1,1,1,1.0,1
gene_type,238de8daaa975a96,1,1,1,1.0,1
gene_type,9e55f0d655918c72,1,1,1,1.0,1
gene_type,3b8dc5ca15dea7ba,1,1,1,1.0,1
gene_type,6de09f1cb7b54b5a,1,1,1,1.0,1
gene_type,cfb6118eda55b5a0,1,1,1,1.0,1
gene_type,6db90c5e45ebe0ab,1,1,1,1.0,1
gene_type,911f1916ebe2b4de,1,1,1,1.0,1
gene_type,e98c4e3e9f84b214,2,1,2,0.5,2
gene_type,e6a1416b29433ab2,1,1,1,1.0,1
gene_type,46953a39b18367c3,1,1,1,1.0,1
gene_type,23bda7fc305df9af,1,1,1,1.0,1
gene_type,e31fc427bc5443fb,1,1,1,1.0,1
gene_type,e1750c77e2d67feb,1,1,1,1.0,1
gene_type,1a1fce38243ca8bd,2,1,2,0.5,2
gene_type,28189df22024c49f,1,1,1,1.0,1
gene_type,11ad9ca18ac34ecf,1,1,1,1.0,1
gene_type,8b27112fdc695c3d,1,1,1,1.0,1
gene_type,1c27389e3044d2a2,2,1,2,0.5,2
gene_type,c2af3f0bb67ab07a,1,1,1,1.0,1
gene_type,c39b642594f01792,1,1,1,1.0,1
gene_type,c8abef58e4fc2288,1,1,1,1.0,1
gene_type,89d8098d31e29ce5,1,1,1,1.0,1
gene_type,ba82c3d2adc697b7,1,1,1,1.0,1
gene_type,578f59100a5c8ba0,1,1,1,1.0,1
gene_type,9f12929db2dd8461,2,1,2,0.5,2
gene_type,84a24d8e5a938f37,1,1,1,1.0,1
gene_type,2bfed2634c4f9956,1,1,1,1.0,1
gene_type,3685e529f0be9652,2,1,2,0.5,2
gene_type,795145383744f1f8,1,1,1,1.0,1
gene_type,a8ca4975941b2a0d,1,1,1,1.0,1
gene_type,fc35201f769f57b5,1,1,1,1.0,1
gene_type,eedcdef77c8f20b2,1,1,1,1.0,1
gene_type,04a339c19fbd6124,1,1,1,1.0,1
gene_type,137ba07abac4bef8,1,1,1,1.0,1
gene_type,44bd8d401dda0de1,1,1,1,1.0,1
gene_type,59d34344a3863c6f,1,1,1,1.0,1
gene_type,f42b13b478003903,2,1,2,0.5,2
gene_type,90917aa431eb6ee0,2,1,2,0.5,2
gene_type,0fa3ccba4372e8af,1,1,1,1.0,1
gene_type,4e0c14691c97d77e,1,1,1,1.0,1
gene_type,d988e99a81fb61ff,1,1,1,1.0,1
gene_type,fc90f5aab9730504,1,1,1,1.0,1
gene_type,c3972f2f2338a267,1,1,1,1.0,1
gene_type,be42cf75f90c099a,1,1,1,1.0,1
gene_type,1cb9320ca85c9d03,1,1,1,1.0,1
gene_type,49ff426dfde84d44,1,1,1,1.0,1
gene_type,1ed3655e8d0fe574,1,1,1,1.0,1
gene_type,a9fd3bcb075bb3a0,1,1,1,1.0,1
gene_type,dae6701ef3ff495e,1,1,1,1.0,1
gene_type,a33b4a9a80f70503,1,1,1,1.0,1
gene_type,64c777806e863822,1,1,1,1.0,1
gene_type,bafa817c205c24b3,1,1,1,1.0,1
gene_type,ce3f1569136240ac,1,1,1,1.0,1
gene_type,5e969fcb3c3e8e42,2,1,2,0.5,2
gene_type,7880bf47145878dd,1,1,1,1.0,1
gene_type,e999d0f0dd1720ca,1,1,1,1.0,1
gene_type,c8b200056f3b426d,2,1,2,0.5,2
gene_type,9a203206d344b470,1,1,1,1.0,1
gene_type,41f1e40e6523d043,1,1,1,1.0,1
gene_type,bc641a1cf8eacfb8,1,1,1,1.0,1
gene_type,65b34c6d1ca480f6,1,1,1,1.0,1
gene_type,9e8200179e5af880,1,1,1,1.0,1
gene_type,d9aeba65d52bd862,1,1,1,1.0,1
gene_type,ce88ed86acff035d,1,1,1,1.0,1
gene_type,12c2dcbadb164581,1,1,1,1.0,1
gene_type,11d1d7e3d6d456f9,1,1,1,1.0,1
gene_type,73f8bceb41d381a2,2,1,2,0.5,2
gene_type,376636104583a98d,1,1,1,1.0,1
gene_type,36356b5318085a9d,2,1,2,0.5,2
gene_type,46ad01ff9741bf96,1,1,1,1.0,1
gene_type,fcb90fa5a12a5079,1,1,1,1.0,1
gene_type,9da87bedcc74a061,2,1,2,0.5,2
gene_type,4d9ccfd7276601e6,2,1,2,0.5,2
gene_type,b1504fa183ecf906,1,1,1,1.0,1
gene_type,1e68704894cb4ad5,1,1,1,1.0,1
gene_type,bd1d358baa223b4b,1,1,1,1.0,1
gene_type,000f586ee17ce4f0,1,1,1,1.0,1
gene_type,6bf3330a22155fe5,1,1,1,1.0,1
gene_type,e66b1b39a6fecca3,1,1,1,1.0,1
gene_type,033ab755dcb6be0a,1,1,1,1.0,1
gene_type,bc392e0db60ebfb3,1,1,1,1.0,1
gene_type,773327a59277f4d3,1,1,1,1.0,1
gene_type,8563e9e2dfeb8872,1,1,1,1.0,1
gene_type,fe350e50132f86e2,1,1,1,1.0,1
gene_type,7c25ea0308dcafbc,2,1,2,0.5,2
gene_type,3a571bc176c6ef45,1,1,1,1.0,1
gene_type,a16c663a0d91bcff,1,1,1,1.0,1
gene_type,1e4385d6903667f2,1,1,1,1.0,1
gene_type,29a3c6571c24c305,1,1,1,1.0,1
gene_type,31efbf2b46bbe96b,1,1,1,1.0,1
gene_type,fa5c66968a87e7bf,1,1,1,1.0,1
gene_type,25ec74605a527c6e,1,1,1,1.0,1
gene_type,8af711db56b7d12f,1,1,1,1.0,1
gene_type,8647a89842e16816,1,1,1,1.0,1
gene_type,4c3f835b3f2c86c0,1,1,1,1.0,1
gene_type,cf4547bd8a5a1e66,1,1,1,1.0,1
gene_type,fb2042063cd4adea,1,1,1,1.0,1
gene_type,3ada1e257e11a667,1,1,1,1.0,1
gene_type,d765f0b99bc57fc6,2,1,2,0.5,2
gene_type,015456a897a5840c,1,1,1,1.0,1
gene_type,76a530a56190029b,1,1,1,1.0,1
gene_type,67f029b5499acc41,1,1,1,1.0,1
gene_type,787dc2223667c41e,1,1,1,1.0,1
gene_type,f9f7c3aa5e703348,1,1,1,1.0,1
gene_type,9822876b1cad9b32,1,1,1,1.0,1
gene_type,ba5aa9916f031668,1,1,1,1.0,1
gene_type,d6a92a5738c5f878,1,1,1,1.0,1
gene_type,3f368656275adcfc,1,1,1,1.0,1
gene_type,cf249c3935c10db0,1,1,1,1.0,1
gene_type,3c0daf4441c9cca0,1,1,1,1.0,1
gene_type,04d07b8e7f6e9e24,1,1,1,1.0,1
gene_type,cfd2c5db6f794a63,1,1,1,1.0,1
gene_type,c4f347dcb5dcd98f,1,1,1,1.0,1
gene_type,56522140642ab561,1,1,1,1.0,1
gene_type,19fbfcfa49e2e925,1,1,1,1.0,1
gene_type,4773ba28e0f03c28,1,1,1,1.0,1
gene_type,eb27932bee8567d4,1,1,1,1.0,1
gene_type,3fd2a97fd6b4caf7,1,1,1,1.0,1
gene_type,d4fa42dae07c1f29,1,1,1,1.0,1
gene_type,3b807fe69387f33c,2,1,2,0.5,2
gene_type,41ccf96093964a75,1,1,1,1.0,1
gene_type,e668891d96f49009,1,1,1,1.0,1
gene_type,2d151c6e17dbb0b3,2,1,2,0.5,2
gene_type,221804416a33f7c8,1,1,1,1.0,1
gene_type,26396115dab0b471,1,1,1,1.0,1
gene_type,b0dfa2b246e2083b,1,1,1,1.0,1
gene_type,e091dbd91792b271,1,1,1,1.0,1
gene_type,1d5133f8e8a23249,2,1,2,0.5,2
gene_type,85a793a8b5842bf7,1,1,1,1.0,1
gene_type,0d95d4af53968108,2,1,2,0.5,2
gene_type,012a27fb59b51c57,1,1,1,1.0,1
gene_type,733f6b3a30667395,1,1,1,1.0,1
gene_type,6b3411bec0d08951,2,1,2,0.5,2
gene_type,bab9ef2e52c8487b,1,1,1,1.0,1
gene_type,b1c54d150629524e,1,1,1,1.0,1
gene_type,b05b0094e0853767,1,1,1,1.0,1
gene_type,039290b66cb3f5ce,1,1,1,1.0,1
gene_type,d9faf9b05d9e0762,1,1,1,1.0,1
gene_type,aa07609865ef100b,2,1,2,0.5,2
gene_type,772f433278ff62cc,1,1,1,1.0,1
gene_type,8c4f06dfeda3b875,1,1,1,1.0,1
gene_type,72c72bec574c28ac,2,1,2,0.5,2
gene_type,9aea0bc7b203858f,1,1,1,1.0,1
gene_type,7b2acdec9354e10b,1,1,1,1.0,1
gene_type,6a8307cabf039ac1,2,1,2,0.5,2
gene_type,268c81ea35c8a81f,1,1,1,1.0,1
gene_type,4fd3f8d67dce4276,1,1,1,1.0,1
gene_type,30fd23fd10b38492,2,1,2,0.5,2
gene_type,303b4d339a4ea2a7,2,1,2,0.5,2
gene_type,15cba2e83d276c52,1,1,1,1.0,1
gene_type,19db3d43028b83eb,1,1,1,1.0,1
gene_type,428ad9b86f349b54,1,1,1,1.0,1
gene_type,3cf050ec1de6a57b,1,1,1,1.0,1
gene_type,ee7574632261ac7d,18,17,2,0.9444444444444444,11+
gene_type,b5fcc023107dfd15,1,1,1,1.0,1
gene_type,61e1b3c2ae7551d2,1,1,1,1.0,1
gene_type,5414773b0a6d5cd6,1,1,1,1.0,1
gene_type,05c83e40f8491612,1,1,1,1.0,1
gene_type,dccee68dcbd719f7,1,1,1,1.0,1
gene_type,19ff3fd822f9d566,1,1,1,1.0,1
gene_type,2df91060ae7cbde6,1,1,1,1.0,1
gene_type,c66b68615cbfde02,1,1,1,1.0,1
gene_type,9a3cda13fdcea336,1,1,1,1.0,1
gene_type,a1e4ea26b19925e5,1,1,1,1.0,1
gene_type,45615265a241ddb0,2,1,2,0.5,2
gene_type,c7b0ec08dba416f4,1,1,1,1.0,1
gene_type,1c811bc316025dc3,1,1,1,1.0,1
gene_type,c2274bdf8f8d1958,1,1,1,1.0,1
gene_type,5b5e6708d8fde7da,1,1,1,1.0,1
gene_type,de1136b1be81fcee,2,1,2,0.5,2
gene_type,b43c0ab70c93350e,1,1,1,1.0,1
gene_type,64e18f45e6fb345a,1,1,1,1.0,1
gene_type,4c2d6fc83bfc26f4,1,1,1,1.0,1
gene_type,605baf7c4d61062e,1,1,1,1.0,1
gene_type,053245ebcb51c5e3,2,1,2,0.5,2
gene_type,9be15605f4da1dbe,1,1,1,1.0,1
gene_type,4537da98988e5931,1,1,1,1.0,1
gene_type,d9114c34b88c3fd9,1,1,1,1.0,1
gene_type,842fc319974ebf0d,1,1,1,1.0,1
gene_type,364c652907646c01,1,1,1,1.0,1
gene_type,8f94c83ac3edc7e5,2,1,2,0.5,2
gene_type,bed3ab129d07e86f,1,1,1,1.0,1
gene_type,25f00b44f4c488df,1,1,1,1.0,1
gene_type,91118fa05da3d61c,1,1,1,1.0,1
gene_type,cc032782d11bda75,1,1,1,1.0,1
gene_type,6e28b3b1c2c13920,1,1,1,1.0,1
gene_type,16dc557027938b26,1,1,1,1.0,1
gene_type,51dfc498e31ab6eb,1,1,1,1.0,1
gene_type,aa1a16b08abb2972,1,1,1,1.0,1
gene_type,14c354e15bf4fec1,2,1,2,0.5,2
gene_type,73d5a86150f8c6ea,1,1,1,1.0,1
gene_type,114c5be8194f6f44,2,1,2,0.5,2
gene_type,16f6180ef5ab428c,1,1,1,1.0,1
gene_type,5bd10a950d6811a0,2,1,2,0.5,2
gene_type,1f9992e08ead3f01,1,1,1,1.0,1
gene_type,0c0b1e7f97d0c6c9,1,1,1,1.0,1
gene_type,0517f2aa6a0defc8,1,1,1,1.0,1
gene_type,8041a13d6b591a5c,1,1,1,1.0,1
gene_type,9cb117b78c1dc8c5,1,1,1,1.0,1
gene_type,bfcdce4cdcb12869,1,1,1,1.0,1
gene_type,8b44382b73babdfa,1,1,1,1.0,1
gene_type,2603de6dbdde6dce,1,1,1,1.0,1
gene_type,aa030cb52c6bd233,1,1,1,1.0,1
gene_type,d6feb3f2b3887615,1,1,1,1.0,1
gene_type,591e8644851723a2,1,1,1,1.0,1
gene_type,fa85e823c502a3ab,2,1,2,0.5,2
gene_type,da6312edce286103,1,1,1,1.0,1
gene_type,f434d92a6811379f,1,1,1,1.0,1
gene_type,8b7bb072afaf7330,1,1,1,1.0,1
gene_type,94f6df35e0b55d26,1,1,1,1.0,1
gene_type,06998da8a2f455c8,1,1,1,1.0,1
gene_type,6850a5935112faa2,1,1,1,1.0,1
gene_type,391f047541c15b2e,1,1,1,1.0,1
gene_type,bb4ecdd7b00978e7,1,1,1,1.0,1
gene_type,58e412fc3a60e987,1,1,1,1.0,1
gene_type,a66b5cb9163d2c6a,1,1,1,1.0,1
gene_type,b5e0f10e90be6b55,1,1,1,1.0,1
gene_type,3bd69b7465d89bf0,1,1,1,1.0,1
gene_type,331b9ce08cc28580,1,1,1,1.0,1
gene_type,5397f64c5ebc5b8a,1,1,1,1.0,1
gene_type,82b6280a84bcb54b,1,1,1,1.0,1
gene_type,c5f8b43000db0c8a,1,1,1,1.0,1
gene_type,86f40977f12d9480,1,1,1,1.0,1
gene_type,1c402ac4697238bd,2,1,2,0.5,2
gene_type,f6c15578031710cf,1,1,1,1.0,1
gene_type,005f407a0f241892,1,1,1,1.0,1
gene_type,dccb1123e3ce0068,1,1,1,1.0,1
gene_type,d6c6363f054fbd4c,1,1,1,1.0,1
gene_type,a707f3665f209c15,1,1,1,1.0,1
gene_type,1e5882dafce8520a,2,1,2,0.5,2
gene_type,4ab298693efd948c,2,1,2,0.5,2
gene_type,b26a0e174592b98f,1,1,1,1.0,1
gene_type,5c262e6c350e79a9,1,1,1,1.0,1
gene_type,e16cb0b2127fd8e2,1,1,1,1.0,1
gene_type,dd4c9f21370aa1b1,1,1,1,1.0,1
gene_type,27c8b83d7ea674d1,1,1,1,1.0,1
gene_type,dd87d4df37e7a766,1,1,1,1.0,1
gene_type,2947d844845ed317,1,1,1,1.0,1
gene_type,d74cc097e4684387,1,1,1,1.0,1
gene_type,e1bedf46ad535459,1,1,1,1.0,1
gene_type,ffbc2239fb791c3d,2,1,2,0.5,2
gene_type,df0b807082c9547d,2,1,2,0.5,2
gene_type,e9f8d286bf4d9357,1,1,1,1.0,1
gene_type,d938a16b9239365b,1,1,1,1.0,1
gene_type,9aa1d05e2f6eff11,1,1,1,1.0,1
gene_type,96b33301882dee8f,1,1,1,1.0,1
gene_type,785f03aef7a47584,1,1,1,1.0,1
gene_type,15e06e705e27a08a,1,1,1,1.0,1
gene_type,dc1e0ac8fa7c8ea7,1,1,1,1.0,1
gene_type,f3d1f08521531551,1,1,1,1.0,1
gene_type,b3233bf762244cc9,1,1,1,1.0,1
gene_type,14d21ad496417c69,1,1,1,1.0,1
gene_type,f05526df6e642096,1,1,1,1.0,1
gene_type,4d4e4cd19f630300,1,1,1,1.0,1
gene_type,05e103ba30b83572,1,1,1,1.0,1
gene_type,7ca1376c6af2ce87,1,1,1,1.0,1
gene_type,5c1b074c714d366f,1,1,1,1.0,1
gene_type,a6bb336b00824da1,1,1,1,1.0,1
gene_type,7e524402903c45b1,1,1,1,1.0,1
gene_type,2958c4cf2506ad6f,1,1,1,1.0,1
gene_type,57d1959140e99dff,1,1,1,1.0,1
gene_type,54c4e544fbfa8201,1,1,1,1.0,1
gene_type,3f050361b7fdb5ea,1,1,1,1.0,1
gene_type,e22c6537a9b2acea,1,1,1,1.0,1
gene_type,fceb761c7b7f2703,1,1,1,1.0,1
gene_type,20ffa20d0b5c8c42,2,1,2,0.5,2
gene_type,598cde12ae14e4c0,1,1,1,1.0,1
gene_type,354655cf8c5b0589,1,1,1,1.0,1
gene_type,2ccf7753602f5904,1,1,1,1.0,1
gene_type,9b1508898e538752,1,1,1,1.0,1
gene_type,71f34868d7971f67,1,1,1,1.0,1
gene_type,553219645c058b33,1,1,1,1.0,1
gene_type,169372b2edd433b4,1,1,1,1.0,1
gene_type,0cca1ad3f1abd976,1,1,1,1.0,1
gene_type,8f9490d2ba26dcef,1,1,1,1.0,1
gene_type,bf5fca370ad00d32,1,1,1,1.0,1
gene_type,326876ec27438e91,1,1,1,1.0,1
gene_type,9c420992bfaed35c,1,1,1,1.0,1
gene_type,73c3bef27667a36a,1,1,1,1.0,1
gene_type,c30b3f4f4345f4ea,1,1,1,1.0,1
gene_type,c0432a9cbb510eca,1,1,1,1.0,1
gene_type,8ab4c28696870f81,2,1,2,0.5,2
gene_type,20692d741f3205f1,1,1,1,1.0,1
gene_type,0c579e59db2be913,1,1,1,1.0,1
gene_type,a98058847671d992,1,1,1,1.0,1
gene_type,4b54d695e7c11efc,1,1,1,1.0,1
gene_type,78ef9312b2565686,1,1,1,1.0,1
gene_type,1f97d5e5589e4c7f,1,1,1,1.0,1
gene_type,6d517fd0cf484cae,1,1,1,1.0,1
gene_type,ce386c87460be6cb,1,1,1,1.0,1
gene_type,76bce9c5d71d2608,1,1,1,1.0,1
gene_type,5a8eb9e4b9e8289f,1,1,1,1.0,1
gene_type,d1d62f6af6026081,2,1,2,0.5,2
gene_type,7bed0a8faed80b48,1,1,1,1.0,1
gene_type,d297896fb5540448,1,1,1,1.0,1
gene_type,304ccf2aac6d885e,1,1,1,1.0,1
gene_type,c12e76465938df4f,1,1,1,1.0,1
gene_type,96c6455305bd41d4,1,1,1,1.0,1
gene_type,49b7821ee52eefc4,1,1,1,1.0,1
gene_type,e5fb53eb6b708454,1,1,1,1.0,1
gene_type,fe70308609a7ccac,1,1,1,1.0,1
gene_type,813cad8bf292c939,1,1,1,1.0,1
gene_type,1079d15ad95cf4ed,2,1,2,0.5,2
gene_type,4f2ae8cf6b34721a,1,1,1,1.0,1
gene_type,b4b5708f520d9bb3,1,1,1,1.0,1
gene_type,8a0074768d59c93a,1,1,1,1.0,1
gene_type,bab88e3968b26437,1,1,1,1.0,1
gene_type,2b7ab718147aa8c3,1,1,1,1.0,1
gene_type,dd1614fbb182967c,1,1,1,1.0,1
gene_type,81e8650b198f65a3,1,1,1,1.0,1
gene_type,b8c7dbe5f51a784a,1,1,1,1.0,1
gene_type,8f9ecdbc91c24516,1,1,1,1.0,1
gene_type,2ef4eb4e3836b267,1,1,1,1.0,1
gene_type,f2d42a98dfecb238,2,1,2,0.5,2
gene_type,2eb07deb1f061bca,1,1,1,1.0,1
gene_type,357250234e910798,1,1,1,1.0,1
gene_type,9985969c832dae25,1,1,1,1.0,1
gene_type,e5d1726fd9283286,1,1,1,1.0,1
gene_type,a9cdfa5cca32043f,1,1,1,1.0,1
gene_type,8d0c2f00975c102d,1,1,1,1.0,1
gene_type,838ff022e33458e1,1,1,1,1.0,1
gene_type,f4818abcc4a209d2,1,1,1,1.0,1
gene_type,ef97af59bfb522de,2,1,2,0.5,2
gene_type,85c61356f2a1ccbb,2,1,2,0.5,2
gene_type,efc1238ac7235132,1,1,1,1.0,1
gene_type,f1fcc78bed8967d8,1,1,1,1.0,1
gene_type,51a7b969038c9eea,1,1,1,1.0,1
gene_type,7c747754049dea63,1,1,1,1.0,1
gene_type,625d736612175d06,1,1,1,1.0,1
gene_type,38fb7d79bc0b73ee,1,1,1,1.0,1
gene_type,04cab59a09e8abbd,1,1,1,1.0,1
gene_type,c6e4aa9e7b5d9eb5,1,1,1,1.0,1
gene_type,c0cc417b72d24769,1,1,1,1.0,1
gene_type,afedc3091cbec8b7,1,1,1,1.0,1
gene_type,977e2f835ba46c9a,1,1,1,1.0,1
gene_type,89247c4f165cbaf1,1,1,1,1.0,1
gene_type,82ca8bbf9a89742d,1,1,1,1.0,1
gene_type,c6fad991591a9939,1,1,1,1.0,1
gene_type,2f3611d98e34bb4f,1,1,1,1.0,1
gene_type,5d2891a214ba2467,2,1,2,0.5,2
gene_type,9f85cfabf9d92eb7,1,1,1,1.0,1
gene_type,48ebf98e3bbbbaa9,1,1,1,1.0,1
gene_type,05eae75f563ed51c,1,1,1,1.0,1
gene_type,7fcead7b55042984,1,1,1,1.0,1
gene_type,8d10cb12300b286c,1,1,1,1.0,1
gene_type,6d0f492255a1d963,1,1,1,1.0,1
gene_type,136c0a7fd08dd6ff,1,1,1,1.0,1
gene_type,7337a781d3b2bcb1,1,1,1,1.0,1
gene_type,78ea5ea5bd88cf1a,1,1,1,1.0,1
gene_type,b92b18e2974709c7,1,1,1,1.0,1
gene_type,0da915ec90efe356,1,1,1,1.0,1
gene_type,b0713526e97d1278,1,1,1,1.0,1
gene_type,43d0f7e003f75253,1,1,1,1.0,1
gene_type,ca603df3eb7dd3d9,1,1,1,1.0,1
gene_type,008e2d9f481abe8e,1,1,1,1.0,1
gene_type,431ad582028e5b25,1,1,1,1.0,1
gene_type,a0265ff2aa92b078,2,1,2,0.5,2
gene_type,0744f675954b1029,1,1,1,1.0,1
gene_type,c773c00f7b4ca9dd,1,1,1,1.0,1
gene_type,866995bc00d74904,1,1,1,1.0,1
gene_type,737dfb9fcbbfc5dc,1,1,1,1.0,1
gene_type,db7c155cfa5c3fb6,2,1,2,0.5,2
gene_type,53f615c0e332f307,1,1,1,1.0,1
gene_type,cec7d7b9af96d227,1,1,1,1.0,1
gene_type,6d44380ce5ddd22e,1,1,1,1.0,1
gene_type,df42a5079b562219,2,1,2,0.5,2
gene_type,0bd52b88d28b5a34,2,1,2,0.5,2
gene_type,f630e750c77647e7,1,1,1,1.0,1
gene_type,f2fc4604185ee7f7,1,1,1,1.0,1
gene_type,dc0569e2304b96a7,1,1,1,1.0,1
gene_type,c4294d2ebe926ba0,1,1,1,1.0,1
gene_type,be192663519a6101,1,1,1,1.0,1
gene_type,5d53d2c615cef5dd,1,1,1,1.0,1
gene_type,b88157770838cd90,1,1,1,1.0,1
gene_type,733a9799f22aaf5f,1,1,1,1.0,1
gene_type,314e5e567743a2bc,1,1,1,1.0,1
gene_type,b8030dca235456fa,1,1,1,1.0,1
gene_type,feb12bf68318d2c8,1,1,1,1.0,1
gene_type,a7cf248ecdc7ad01,1,1,1,1.0,1
gene_type,f860a0fc1dec85ec,1,1,1,1.0,1
gene_type,303b8d0b10217d3f,1,1,1,1.0,1
gene_type,e9959660a6cfab87,1,1,1,1.0,1
gene_type,90be1084314143aa,1,1,1,1.0,1
gene_type,1fe2eec6459457a8,1,1,1,1.0,1
gene_type,855cfcce3c204b2c,1,1,1,1.0,1
gene_type,d308dff4927d9d7b,1,1,1,1.0,1
gene_type,5c2a3b670166ac67,2,1,2,0.5,2
gene_type,475e24fd4ea577ed,1,1,1,1.0,1
gene_type,5f2d7ebf9f001dc4,1,1,1,1.0,1
gene_type,ce25b159e2e9ed9a,1,1,1,1.0,1
gene_type,11921ea8694ac2b5,2,1,2,0.5,2
gene_type,78612d2009dd5884,1,1,1,1.0,1
gene_type,26a56e92c20baf1d,1,1,1,1.0,1
gene_type,97efef27fe2d959c,1,1,1,1.0,1
gene_type,64886a63527b2299,1,1,1,1.0,1
gene_type,8c69a19bd8659f3a,2,1,2,0.5,2
gene_type,749b309340ac501c,2,1,2,0.5,2
gene_type,eeacafc892280ee1,1,1,1,1.0,1
gene_type,d0f26155f099f0c4,1,1,1,1.0,1
gene_type,161b52ea6b983bf2,2,1,2,0.5,2
gene_type,5fbcb330b1694b74,2,1,2,0.5,2
gene_type,058c46cc96b0d938,1,1,1,1.0,1
gene_type,36be4fd8245f970c,1,1,1,1.0,1
gene_type,86df90d813bda9dd,2,1,2,0.5,2
gene_type,a59d95f3ce1676ac,1,1,1,1.0,1
gene_type,8dbec5346ee014d0,1,1,1,1.0,1
gene_type,73e90b05598b6d62,1,1,1,1.0,1
gene_type,4137b5fabbe70036,2,1,2,0.5,2
gene_type,9969215fc67303e6,1,1,1,1.0,1
gene_type,4579dfb4b8e9f929,1,1,1,1.0,1
gene_type,3368d5f7d9d1add8,1,1,1,1.0,1
gene_type,306fdf39ed5e0eb8,1,1,1,1.0,1
gene_type,44b0b61379f05f30,1,1,1,1.0,1
gene_type,0117e0491abd1954,1,1,1,1.0,1
gene_type,81c6cb9c051f9cf2,1,1,1,1.0,1
gene_type,078b4c07e9dd0afe,1,1,1,1.0,1
gene_type,4f19917e0bf7889d,1,1,1,1.0,1
gene_type,e01fa0c480f3fc11,1,1,1,1.0,1
gene_type,9b759ea19bf23901,1,1,1,1.0,1
gene_type,1592d9ece53ec57d,1,1,1,1.0,1
gene_type,3c7c0e3b34118214,1,1,1,1.0,1
gene_type,01822ccb6cb98cc1,1,1,1,1.0,1
gene_type,e157f3b3821cba98,1,1,1,1.0,1
gene_type,b601ec219be43d17,1,1,1,1.0,1
gene_type,9ba4a5da57abbc84,1,1,1,1.0,1
gene_type,42fc9b3b5a5a0afb,1,1,1,1.0,1
gene_type,4e5ca46ec3056af3,1,1,1,1.0,1
gene_type,1bc8edc8751a42f0,2,1,2,0.5,2
gene_type,ba4d8ef08bbc8219,2,1,2,0.5,2
gene_type,49d1c524730a0e35,1,1,1,1.0,1
gene_type,34564da195f738c1,1,1,1,1.0,1
gene_type,5b266f8a6c34e0f1,1,1,1,1.0,1
gene_type,16938936186d5698,1,1,1,1.0,1
gene_type,5587de74a9c3851d,1,1,1,1.0,1
gene_type,08c771ff550c438d,1,1,1,1.0,1
gene_type,95d482a0fc23aa1b,1,1,1,1.0,1
gene_type,3638a53680c80710,1,1,1,1.0,1
gene_type,d8dc704fc8517042,1,1,1,1.0,1
gene_type,57316abbb1d81fd7,1,1,1,1.0,1
gene_type,dd54c6d930aa8823,2,1,2,0.5,2
gene_type,cc387e908457045a,1,1,1,1.0,1
gene_type,eef1fa58099d01e3,1,1,1,1.0,1
gene_type,e99783533b19be73,1,1,1,1.0,1
gene_type,2d3a9e924d3dc0a0,1,1,1,1.0,1
gene_type,9e89abf6667ef9db,1,1,1,1.0,1
gene_type,ee033d61498eb05d,1,1,1,1.0,1
gene_type,9c514d71fdf0887c,1,1,1,1.0,1
gene_type,b1a3258a6c66d244,1,1,1,1.0,1
gene_type,31894211719cce5e,1,1,1,1.0,1
gene_type,2b0e31aac53bd5be,1,1,1,1.0,1
gene_type,0097d882a0ebb369,1,1,1,1.0,1
gene_type,75e01dbecfddf41e,1,1,1,1.0,1
gene_type,187f8cb56b643a13,2,1,2,0.5,2
gene_type,1a8e9a33cf9777b6,1,1,1,1.0,1
gene_type,d3128e42de3e2f62,1,1,1,1.0,1
gene_type,9cdd7b964d6dba9b,1,1,1,1.0,1
gene_type,002c10ba17291bdb,1,1,1,1.0,1
gene_type,8aa9878ae3b2a800,1,1,1,1.0,1
gene_type,d30da187ac6d956a,1,1,1,1.0,1
gene_type,a413806044fcf601,2,1,2,0.5,2
gene_type,18e565b7e4d60a97,1,1,1,1.0,1
gene_type,fffe4544f5c5ef5e,1,1,1,1.0,1
gene_type,3069e43915aefe66,2,1,2,0.5,2
gene_type,dc967d8adbb48f64,1,1,1,1.0,1
gene_type,61596a3616c069f6,1,1,1,1.0,1
gene_type,b98bea23ebce497d,1,1,1,1.0,1
gene_type,48c4f58aad0548f0,1,1,1,1.0,1
gene_type,ae3e907853c82027,1,1,1,1.0,1
gene_type,5d25d4571a9a806d,1,1,1,1.0,1
gene_type,2a8db4808791d3e7,1,1,1,1.0,1
gene_type,cbf38bed9f18bae8,1,1,1,1.0,1
gene_type,8eec10ae8f08f510,1,1,1,1.0,1
gene_type,fb5e49089a21bb64,1,1,1,1.0,1
gene_type,c37b718e9066f190,1,1,1,1.0,1
gene_type,5c4118ed4f07e37a,1,1,1,1.0,1
gene_type,8e40447dbeb4e752,1,1,1,1.0,1
gene_type,487ac82c824f32fa,2,1,2,0.5,2
gene_type,5dfe2d81ff3adf43,1,1,1,1.0,1
gene_type,18338a045730cb43,1,1,1,1.0,1
gene_type,1ee778fc29707ac4,1,1,1,1.0,1
gene_type,88d9878f7fcdef3b,1,1,1,1.0,1
gene_type,b41d48d12d6eaf86,1,1,1,1.0,1
gene_type,a9540edfa0bb46ae,1,1,1,1.0,1
gene_type,138c4570cd5a3f4a,1,1,1,1.0,1
gene_type,443a1a7497983d0b,1,1,1,1.0,1
gene_type,00dfc20c0bdaec68,2,1,2,0.5,2
gene_type,d917f1cdec916656,1,1,1,1.0,1
gene_type,40b250293c8e658e,1,1,1,1.0,1
gene_type,cd7092af95b80b5f,1,1,1,1.0,1
gene_type,94f7d5da388f2d10,2,1,2,0.5,2
gene_type,f432359e096e3845,1,1,1,1.0,1
gene_type,cb1e244b16fed154,1,1,1,1.0,1
gene_type,1ded8dbf761c305a,1,1,1,1.0,1
gene_type,866a32988849a8aa,1,1,1,1.0,1
gene_type,03ba4bf3b05a6dfe,1,1,1,1.0,1
gene_type,2ea043e9418c0703,1,1,1,1.0,1
gene_type,fde830ea7af3befc,1,1,1,1.0,1
gene_type,478d74de25b0c93a,1,1,1,1.0,1
gene_type,928b36b1017bee14,1,1,1,1.0,1
gene_type,a5eb10e587afa25b,1,1,1,1.0,1
gene_type,5565c005dd11ea93,1,1,1,1.0,1
gene_type,ca3a77f81b6d6dde,1,1,1,1.0,1
gene_type,d7c6f086596c42f5,1,1,1,1.0,1
gene_type,6e4e18c1ffb8c19a,1,1,1,1.0,1
gene_type,6198f81a86b35319,1,1,1,1.0,1
gene_type,67319a7013bf3954,1,1,1,1.0,1
gene_type,7c4b3448800ae58a,1,1,1,1.0,1
gene_type,62a0a42e8ea764b1,1,1,1,1.0,1
gene_type,06eefac91600d08a,1,1,1,1.0,1
gene_type,a3ff8a1e7201a95a,1,1,1,1.0,1
gene_type,20935b6e687633cc,1,1,1,1.0,1
gene_type,68968e3bb3cb9c26,1,1,1,1.0,1
gene_type,848d7e1a41b194a5,1,1,1,1.0,1
gene_type,b1abc5d50cf50097,1,1,1,1.0,1
gene_type,71c6508830d5757e,1,1,1,1.0,1
gene_type,575ea9c225cc104b,1,1,1,1.0,1
gene_type,31b783d857b31905,1,1,1,1.0,1
gene_type,483089b2dac629c2,1,1,1,1.0,1
gene_type,a8d0ff5d0248bf0d,1,1,1,1.0,1
gene_type,6e122905ca0bd185,1,1,1,1.0,1
gene_type,e2baf357869786df,1,1,1,1.0,1
gene_type,ab969ecfa15b84a5,1,1,1,1.0,1
gene_type,19d37dae85abc65e,1,1,1,1.0,1
gene_type,df5b9bf5a88e698e,1,1,1,1.0,1
gene_type,af35518fc27d2636,1,1,1,1.0,1
gene_type,72fb1c66d0d27a19,1,1,1,1.0,1
gene_type,1e0afc8b2d11380e,1,1,1,1.0,1
gene_type,2e365f36c4200933,1,1,1,1.0,1
gene_type,eced3253e5fe42ae,1,1,1,1.0,1
gene_type,733b88b3c4caf2d4,1,1,1,1.0,1
gene_type,2140a428069b0007,2,1,2,0.5,2
gene_type,40e48f5162b312ad,1,1,1,1.0,1
gene_type,166aa96a95c698fd,1,1,1,1.0,1
gene_type,4a344d74681b9f11,1,1,1,1.0,1
gene_type,57c226eb2530e703,1,1,1,1.0,1
gene_type,b1b2ff120a1c8298,1,1,1,1.0,1
gene_type,616b50b39239a1bd,1,1,1,1.0,1
gene_type,d8bbb7a3202fcaa7,1,1,1,1.0,1
gene_type,04b73505ce24b569,1,1,1,1.0,1
gene_type,c22ffa4ed4405dac,1,1,1,1.0,1
gene_type,2a3836c2017d4a36,1,1,1,1.0,1
gene_type,f272c0726e6c4692,1,1,1,1.0,1
gene_type,21882088ee1294f2,1,1,1,1.0,1
gene_type,0379d3a4fb6f82b1,1,1,1,1.0,1
gene_type,37a66cf78fdb760c,1,1,1,1.0,1
gene_type,cb3856518b329bb5,1,1,1,1.0,1
gene_type,8592a941693a325b,1,1,1,1.0,1
gene_type,8e6349ae8db77890,1,1,1,1.0,1
gene_type,f75df46285000215,2,1,2,0.5,2
gene_type,ad10327d1c60b64a,1,1,1,1.0,1
gene_type,c37966c9b2ffa51a,1,1,1,1.0,1
gene_type,db6dee29d3e72e05,1,1,1,1.0,1
gene_type,09fdb5930ba482f2,1,1,1,1.0,1
gene_type,5b792864397aa230,1,1,1,1.0,1
gene_type,81ba0ee6ed9228d4,1,1,1,1.0,1
gene_type,65ff9edee3808518,1,1,1,1.0,1
gene_type,d7e110a52fdddc34,1,1,1,1.0,1
gene_type,589bc00d850f8a2d,1,1,1,1.0,1
gene_type,3606998ce3902df9,1,1,1,1.0,1
gene_type,bc789116d639f6ae,1,1,1,1.0,1
gene_type,bd6320bdc7d242c3,1,1,1,1.0,1
gene_type,a2b85fa351f7a4e4,1,1,1,1.0,1
gene_type,8372ee152804aecb,1,1,1,1.0,1
gene_type,0692fca8032872f8,1,1,1,1.0,1
gene_type,8ba2949524c8a175,1,1,1,1.0,1
gene_type,b1ac5995ddff0c8d,1,1,1,1.0,1
gene_type,7fbe62673c1bbc8d,1,1,1,1.0,1
gene_type,173a5038b8dfab5f,1,1,1,1.0,1
gene_type,7546432708b231a0,2,1,2,0.5,2
gene_type,615d3883fc851a76,1,1,1,1.0,1
gene_type,203448fcecaf0e23,1,1,1,1.0,1
gene_type,fe5761ee2e81ff91,1,1,1,1.0,1
gene_type,b647598ebbb87662,1,1,1,1.0,1
gene_type,3d270d26574a0476,1,1,1,1.0,1
gene_type,e7a514dfda8c1a0d,2,1,2,0.5,2
gene_type,5ce61d37508b5bf8,2,1,2,0.5,2
gene_type,3c682a1241e317ca,1,1,1,1.0,1
gene_type,a324ff872bf3decd,1,1,1,1.0,1
gene_type,f8163b27759c3e44,1,1,1,1.0,1
gene_type,e9a0df5bdb74c216,1,1,1,1.0,1
gene_type,158ef51b32a79cd2,1,1,1,1.0,1
gene_type,87e1bde97d4028bd,2,1,2,0.5,2
gene_type,ce6be566b2d5b6e1,1,1,1,1.0,1
gene_type,0d0443fb73634629,1,1,1,1.0,1
gene_type,d2cbb0ff6237aa46,1,1,1,1.0,1
gene_type,c185cf23ed8c4b1b,1,1,1,1.0,1
gene_type,1b0d239402af2c71,1,1,1,1.0,1
gene_type,3d7e6028613bf553,2,1,2,0.5,2
gene_type,a03a678fee6bf6da,1,1,1,1.0,1
gene_type,d888c60ce3066647,1,1,1,1.0,1
gene_type,db054d4ef2eb434a,1,1,1,1.0,1
gene_type,7de1e85e3b287c07,1,1,1,1.0,1
gene_type,b31fad5f1eefa633,1,1,1,1.0,1
gene_type,4d8f11d61e349eae,1,1,1,1.0,1
gene_type,b777efcb95b816b3,1,1,1,1.0,1
gene_type,6f37b2c51409d8c6,1,1,1,1.0,1
gene_type,6a2dcc340f84568c,1,1,1,1.0,1
gene_type,6bf7b29b39b3c086,1,1,1,1.0,1
gene_type,614af89def2a059e,1,1,1,1.0,1
gene_type,034f99843139779c,1,1,1,1.0,1
gene_type,e0610502846ef52d,1,1,1,1.0,1
gene_type,bc8e6c87626d4cbb,1,1,1,1.0,1
gene_type,ff7ff84870bea983,2,1,2,0.5,2
gene_type,bfc43b229cd7bc55,2,1,2,0.5,2
gene_type,b0cb3be6364f98f9,1,1,1,1.0,1
gene_type,c2084ee5d30c05be,1,1,1,1.0,1
gene_type,004babb05ea73050,1,1,1,1.0,1
gene_type,8dc20e4f7d860e44,1,1,1,1.0,1
gene_type,d7486cb672f9cf5e,1,1,1,1.0,1
gene_type,f39c80366f5f269c,1,1,1,1.0,1
gene_type,596f98bdd30d726a,1,1,1,1.0,1
gene_type,cd6e1d0e51d4e691,2,1,2,0.5,2
gene_type,1e490cca9c450622,1,1,1,1.0,1
gene_type,63d97ce93bc213f5,1,1,1,1.0,1
gene_type,887e0679e7184535,1,1,1,1.0,1
gene_type,89467e5e6df1beb2,1,1,1,1.0,1
gene_type,1de48c820956df89,1,1,1,1.0,1
gene_type,1e8f7bd165eb29e8,1,1,1,1.0,1
gene_type,46d9e058c1ce9a97,1,1,1,1.0,1
gene_type,adaff01522894826,1,1,1,1.0,1
gene_type,ee6aeffca2001f86,1,1,1,1.0,1
gene_type,4bcaedd85a46c296,1,1,1,1.0,1
gene_type,f9fbca26e7521931,1,1,1,1.0,1
gene_type,25bc90dbbf353c93,2,1,2,0.5,2
gene_type,43be8d2020944802,1,1,1,1.0,1
gene_type,4d26a6f3c9f6ebd9,1,1,1,1.0,1
gene_type,20e0f68a1cd55170,1,1,1,1.0,1
gene_type,04e067400aa1c5eb,1,1,1,1.0,1
gene_type,a9656823b22611dc,1,1,1,1.0,1
gene_type,8986d322c8b11730,1,1,1,1.0,1
gene_type,b233bed62aeec8bc,2,1,2,0.5,2
gene_type,8c7e33a21ac32c6d,1,1,1,1.0,1
gene_type,9f561f4ba80ef0b2,1,1,1,1.0,1
gene_type,200586933d6f2e1f,1,1,1,1.0,1
gene_type,dcd58a70f69341f5,1,1,1,1.0,1
gene_type,8f85dc5cd1e9aaba,1,1,1,1.0,1
gene_type,676529efa3262e07,1,1,1,1.0,1
gene_type,735094ea1b60c1eb,1,1,1,1.0,1
gene_type,ccb02548d831b81c,1,1,1,1.0,1
gene_type,08b6eaea06c6112e,1,1,1,1.0,1
gene_type,0a7e0e0dfd46254b,2,1,2,0.5,2
gene_type,9b41b5b4acc4bd54,1,1,1,1.0,1
gene_type,00c129802f58c8f7,1,1,1,1.0,1
gene_type,dac8346d25692f4e,1,1,1,1.0,1
gene_type,1c274db07afebdeb,1,1,1,1.0,1
gene_type,4df7461ad181c667,1,1,1,1.0,1
gene_type,408eba08bd0fe886,1,1,1,1.0,1
gene_type,9d24d2bcd4cb43ce,1,1,1,1.0,1
gene_type,90958a361f936f92,2,1,2,0.5,2
gene_type,c2a07ebbfc145939,1,1,1,1.0,1
gene_type,34707f153e5ccdb1,1,1,1,1.0,1
gene_type,63fb25f9f8f40a3b,1,1,1,1.0,1
gene_type,03578f170d5b07f0,1,1,1,1.0,1
gene_type,98448671214b048d,1,1,1,1.0,1
gene_type,0a7bf95ccb8cdc91,1,1,1,1.0,1
gene_type,af737ef905db162c,1,1,1,1.0,1
gene_type,dd2b3cd7b67efc40,1,1,1,1.0,1
gene_type,faf22e69684d856d,1,1,1,1.0,1
gene_type,ecc804ec49597144,1,1,1,1.0,1
gene_type,5feb906af0b4d98f,1,1,1,1.0,1
gene_type,8fde777ccf5bfee3,2,1,2,0.5,2
gene_type,15a9cc753a307110,1,1,1,1.0,1
gene_type,5657751eed78db8d,1,1,1,1.0,1
gene_type,83f107043dd06f36,1,1,1,1.0,1
gene_type,2eeff23a69d2b6ab,1,1,1,1.0,1
gene_type,4aa91b804c4f4e7b,2,1,2,0.5,2
gene_type,f7a65bb236463eac,1,1,1,1.0,1
gene_type,5dabf2c6ba910c1a,1,1,1,1.0,1
gene_type,eb570f2c1282b45c,1,1,1,1.0,1
gene_type,cacadf88c7df8ea5,2,1,2,0.5,2
gene_type,260e926c2a65e582,1,1,1,1.0,1
gene_type,3a5fc556cbf269cc,1,1,1,1.0,1
gene_type,6ca7c166e6c32caa,2,1,2,0.5,2
gene_type,130361297170194b,1,1,1,1.0,1
gene_type,72ec74bcd914b3ae,1,1,1,1.0,1
gene_type,2b8486301629820c,1,1,1,1.0,1
gene_type,beaed35733346827,1,1,1,1.0,1
gene_type,4ea90a4bbb3cf15e,1,1,1,1.0,1
gene_type,57b8f85b0e3ab83e,1,1,1,1.0,1
gene_type,f6b8cce1746ba8a6,2,1,2,0.5,2
gene_type,7f25a44f0c3207b1,1,1,1,1.0,1
gene_type,f90f2de8b8625a30,1,1,1,1.0,1
gene_type,3d3905bc29c76a37,1,1,1,1.0,1
gene_type,1f3c813732b1d550,1,1,1,1.0,1
gene_type,48650473c02ee134,3,3,1,1.0,3-5
gene_type,f90666fb6cd8e9bf,2,1,2,0.5,2
gene_type,bbde73b04d1fc7b1,1,1,1,1.0,1
gene_type,a9104d61149be911,1,1,1,1.0,1
gene_type,7d418a56e92c569e,2,1,2,0.5,2
gene_type,f9b11eeacfa6c3e4,1,1,1,1.0,1
gene_type,c4fed77510bcdae1,1,1,1,1.0,1
gene_type,7f4558ce0beab1e4,1,1,1,1.0,1
gene_type,e512dde23cc74da4,1,1,1,1.0,1
gene_type,2238dc4d70c67835,1,1,1,1.0,1
gene_type,7ade4509113a57ad,2,1,2,0.5,2
gene_type,3405f88c066c7894,1,1,1,1.0,1
gene_type,a8cd541619288cb9,1,1,1,1.0,1
gene_type,ed889cfe2929a265,1,1,1,1.0,1
gene_type,373e66f43b0f16f3,2,1,2,0.5,2
gene_type,14ebc521b7c70a3a,1,1,1,1.0,1
gene_type,45b97fe3ab8cf7df,1,1,1,1.0,1
gene_type,b8df62a6a4b61723,2,1,2,0.5,2
gene_type,f938e253af797e20,1,1,1,1.0,1
gene_type,e8eb9bbb14957636,1,1,1,1.0,1
gene_type,6b0f39f9891628b0,1,1,1,1.0,1
gene_type,6c746b6495ea62f8,1,1,1,1.0,1
gene_type,07c34aaf0a25955f,2,1,2,0.5,2
gene_type,f5670030aeb70615,1,1,1,1.0,1
gene_type,4c08ca6acacdca50,1,1,1,1.0,1
gene_type,0bc69a0617854f9a,1,1,1,1.0,1
gene_type,05fc8bb48fd65926,1,1,1,1.0,1
gene_type,a8d9de5cd3f874ff,1,1,1,1.0,1
gene_type,d7c1419520e3b4f7,1,1,1,1.0,1
gene_type,98e5b86e3efb60e2,1,1,1,1.0,1
gene_type,15236cf05f36b292,1,1,1,1.0,1
gene_type,d8125a9b678e51fd,1,1,1,1.0,1
gene_type,f4fec875753f5351,1,1,1,1.0,1
gene_type,5f199aa48547f04a,2,1,2,0.5,2
gene_type,27811ef0e36a7a1d,1,1,1,1.0,1
gene_type,a9b9300c823d191e,2,1,2,0.5,2
gene_type,a4bbd18beaec6d9e,1,1,1,1.0,1
gene_type,888f55a5ade07230,1,1,1,1.0,1
gene_type,ad1dfd6afeea4e1c,1,1,1,1.0,1
gene_type,6a607ed413dae7c7,1,1,1,1.0,1
gene_type,83a5a85a6785679b,1,1,1,1.0,1
gene_type,3ed64382c0c4d201,1,1,1,1.0,1
gene_type,6773003fe1754e6c,1,1,1,1.0,1
gene_type,2617202e24e46f22,1,1,1,1.0,1
gene_type,b3933579cbd61921,1,1,1,1.0,1
gene_type,062bbf58014297d7,1,1,1,1.0,1
gene_type,279c7d6e70fba423,1,1,1,1.0,1
gene_type,5ee6dca167fd63c0,1,1,1,1.0,1
gene_type,5eef85fe0ef490a0,1,1,1,1.0,1
gene_type,d9220afe736c9486,1,1,1,1.0,1
gene_type,9188c3e206a84198,1,1,1,1.0,1
gene_type,eb3a80ce5794ac3c,1,1,1,1.0,1
gene_type,77b23d52f5775944,1,1,1,1.0,1
gene_type,506652738e865671,1,1,1,1.0,1
gene_type,ac876312ff5c5c02,1,1,1,1.0,1
gene_type,e75f1a6a0d4c0066,1,1,1,1.0,1
gene_type,ee72f1d268db325d,1,1,1,1.0,1
gene_type,7a0b0f95f929ff2b,1,1,1,1.0,1
gene_type,e6e49a384ddacff2,1,1,1,1.0,1
gene_type,42e673be870b0513,1,1,1,1.0,1
gene_type,f83c2cec1227a1ae,1,1,1,1.0,1
gene_type,e5d0ba8bec1f8025,1,1,1,1.0,1
gene_type,374763bc4fd1afa4,1,1,1,1.0,1
gene_type,be2e5aa62318bbaf,1,1,1,1.0,1
gene_type,89962093dda33ecf,2,1,2,0.5,2
gene_type,8d280a87c355e6ae,1,1,1,1.0,1
gene_type,bdf013425a2a51cc,1,1,1,1.0,1
gene_type,a6411a37c11693b8,1,1,1,1.0,1
gene_type,8679c3039f67bf99,1,1,1,1.0,1
gene_type,491c4ceeb6a68b7a,2,1,2,0.5,2
gene_type,c653a6ac0fb275aa,2,1,2,0.5,2
gene_type,168cfbecfcf9327a,1,1,1,1.0,1
gene_type,aecf01b420eebf10,1,1,1,1.0,1
gene_type,bae554ec37815bc3,1,1,1,1.0,1
gene_type,8a71f34da6dd23d5,2,1,2,0.5,2
gene_type,6dc499bd19af207f,1,1,1,1.0,1
gene_type,2f6b7cdf162ad78b,1,1,1,1.0,1
gene_type,4cd7f92ccc2a14b5,2,1,2,0.5,2
gene_type,0c32b668b05e2f89,1,1,1,1.0,1
gene_type,438fdd837c09499d,1,1,1,1.0,1
gene_type,1f2479c1d34ad9c4,1,1,1,1.0,1
gene_type,a8f3c5cb1d164ecd,1,1,1,1.0,1
gene_type,445f69950f3204c8,1,1,1,1.0,1
gene_type,44f8492c15d0d152,1,1,1,1.0,1
gene_type,17ce0908cf414a96,1,1,1,1.0,1
gene_type,af9857ab5d8026f5,1,1,1,1.0,1
gene_type,27b2ed0e45bb832f,1,1,1,1.0,1
gene_type,6fef45f8ce2ff40a,1,1,1,1.0,1
gene_type,910987bcb1e74844,1,1,1,1.0,1
gene_type,30e8b5da9127b1e8,1,1,1,1.0,1
gene_type,3733165b32461b7c,1,1,1,1.0,1
gene_type,3944cb0429d84b3d,1,1,1,1.0,1
gene_type,9c51b41cc958fc40,1,1,1,1.0,1
gene_type,f024c082740a002a,1,1,1,1.0,1
gene_type,b7c2ace39bef4907,1,1,1,1.0,1
gene_type,05d4eb7e55b4f023,1,1,1,1.0,1
gene_type,50fcc7f002f8de21,1,1,1,1.0,1
gene_type,071a4b4dbc6e862a,1,1,1,1.0,1
gene_type,764a4a4f2fc4f6ff,1,1,1,1.0,1
gene_type,e4a5d9c388096eba,1,1,1,1.0,1
gene_type,b109889451edb398,1,1,1,1.0,1
gene_type,b0b40af0d05a2716,1,1,1,1.0,1
gene_type,3e56db0c85bd8e44,1,1,1,1.0,1
gene_type,da11b61d332d838e,1,1,1,1.0,1
gene_type,dce21f791807d858,1,1,1,1.0,1
gene_type,5c259af5ef92403d,1,1,1,1.0,1
gene_type,ad0838ffce738a34,1,1,1,1.0,1
gene_type,dc2741add78b5487,1,1,1,1.0,1
gene_type,1630cafa5a8c9213,1,1,1,1.0,1
gene_type,afe1e6ede9dfb029,1,1,1,1.0,1
gene_type,d7947cfad1018032,1,1,1,1.0,1
gene_type,22fa47be6bc9c542,1,1,1,1.0,1
gene_type,2d6a03a880b7a628,1,1,1,1.0,1
gene_type,b89f55df34930e5c,1,1,1,1.0,1
gene_type,dbfb8e8b0852c83a,1,1,1,1.0,1
gene_type,5604a64e8e21f6b0,1,1,1,1.0,1
gene_type,0f8b1e8f9b223157,2,1,2,0.5,2
gene_type,9f3f78716072a963,1,1,1,1.0,1
gene_type,dcd96e2bb6e1645d,1,1,1,1.0,1
gene_type,78bbcbaf02be1751,1,1,1,1.0,1
gene_type,07ccb565d1a38408,1,1,1,1.0,1
gene_type,cbf954110b9e62ce,1,1,1,1.0,1
gene_type,221c596000aff798,1,1,1,1.0,1
gene_type,4ebfd90331a3de5a,1,1,1,1.0,1
gene_type,39b61e3c8a17c755,1,1,1,1.0,1
gene_type,b04342d846b0afc8,1,1,1,1.0,1
gene_type,d99e2aed80053dda,1,1,1,1.0,1
gene_type,13ba7c0683ef1e6f,1,1,1,1.0,1
gene_type,94efd2d2d3a25ec9,1,1,1,1.0,1
gene_type,151d0bcb93ec7d3d,1,1,1,1.0,1
gene_type,13acd2f8be6a46b1,1,1,1,1.0,1
gene_type,179208b2b315371d,1,1,1,1.0,1
gene_type,cfb2da9f01e79c72,1,1,1,1.0,1
gene_type,adc6978d5ffddae0,1,1,1,1.0,1
gene_type,b089eff93e9e8383,1,1,1,1.0,1
gene_type,285027fb080008eb,1,1,1,1.0,1
gene_type,04dc18973cd685a7,1,1,1,1.0,1
gene_type,b72bcaa0280fa40b,1,1,1,1.0,1
gene_type,20649bb1cb060e04,2,1,2,0.5,2
gene_type,30913f2b83a8ea38,1,1,1,1.0,1
gene_type,715ea9f24bb4ac9d,1,1,1,1.0,1
gene_type,e6189486fcfd592c,1,1,1,1.0,1
gene_type,7d10d071ae903abf,1,1,1,1.0,1
gene_type,d62ef9d8cdb789d9,1,1,1,1.0,1
gene_type,48e5a96cb123a322,1,1,1,1.0,1
gene_type,5eb5779e6c8656fc,1,1,1,1.0,1
gene_type,40cec579527cfeac,1,1,1,1.0,1
gene_type,6ff46dc1afe80731,1,1,1,1.0,1
gene_type,0cee3bef275a1546,1,1,1,1.0,1
gene_type,4547457de3e03a97,1,1,1,1.0,1
gene_type,cb76fdb26e75b699,1,1,1,1.0,1
gene_type,1d3344d880864174,1,1,1,1.0,1
gene_type,5a3f86f5cc7c1db4,1,1,1,1.0,1
gene_type,6b42faf2f56d0507,1,1,1,1.0,1
gene_type,f1775c777a213312,1,1,1,1.0,1
gene_type,75b9ada68cb4cd7c,1,1,1,1.0,1
gene_type,b8a8abf2d145568c,1,1,1,1.0,1
gene_type,5f68a13f60639c86,1,1,1,1.0,1
gene_type,3466981c10fcbc69,1,1,1,1.0,1
gene_type,876bcedb2652d38e,2,1,2,0.5,2
gene_type,5c9cac37e9a56f66,1,1,1,1.0,1
gene_type,58d03ab655269fa0,1,1,1,1.0,1
gene_type,c10da75e27b7314f,1,1,1,1.0,1
gene_type,440bdae9fc0859a4,1,1,1,1.0,1
gene_type,f611eea87265f64d,2,1,2,0.5,2
gene_type,c489cf2d30111952,1,1,1,1.0,1
gene_type,b53016e83f8586d3,1,1,1,1.0,1
gene_type,e0af0446a328b669,2,1,2,0.5,2
gene_type,007658cbeac87c92,1,1,1,1.0,1
gene_type,fa4752d0b0098dde,2,1,2,0.5,2
gene_type,5034d115f333f7c9,1,1,1,1.0,1
gene_type,0773cc45baa1b9c3,1,1,1,1.0,1
gene_type,5652ea3f8a574e42,1,1,1,1.0,1
gene_type,d67902e2f1743ad7,1,1,1,1.0,1
gene_type,efdd239745db793e,1,1,1,1.0,1
gene_type,bc05a34fc46c5968,1,1,1,1.0,1
gene_type,33491f0cc8ceb6de,1,1,1,1.0,1
gene_type,0b174bfe55e940dd,1,1,1,1.0,1
gene_type,7a57b31aa1135d34,1,1,1,1.0,1
gene_type,4f4dbfdd0f8af6a2,1,1,1,1.0,1
gene_type,a3e19a6dcb30578c,1,1,1,1.0,1
gene_type,84fb122f66b656cf,1,1,1,1.0,1
gene_type,275a2155a7a1a2f5,1,1,1,1.0,1
gene_type,2d5ad04403d276f3,1,1,1,1.0,1
gene_type,b31f2968a1936c58,1,1,1,1.0,1
gene_type,25271e7a329d97d9,1,1,1,1.0,1
gene_type,ecca38860a793b06,1,1,1,1.0,1
gene_type,f43d799b404afaea,1,1,1,1.0,1
gene_type,3d214751f6287879,1,1,1,1.0,1
gene_type,fb138216a5a1b1a6,1,1,1,1.0,1
gene_type,242d52fdf797ce30,1,1,1,1.0,1
gene_type,f772faddc3d3be92,1,1,1,1.0,1
gene_type,cf77ed2c6078f85e,1,1,1,1.0,1
gene_type,42d0c38a734ec8a6,1,1,1,1.0,1
gene_type,12b7e5161927f4a6,1,1,1,1.0,1
gene_type,25e1fc1c12adf17b,1,1,1,1.0,1
gene_type,c491beb63db94410,1,1,1,1.0,1
gene_type,3d88604f0281c595,1,1,1,1.0,1
gene_type,eddda5075acd6449,2,1,2,0.5,2
gene_type,0c0a183e369edd37,1,1,1,1.0,1
gene_type,19434d4943e50006,1,1,1,1.0,1
gene_type,250f866a2269545e,1,1,1,1.0,1
gene_type,69b5f339aaa98ed5,2,1,2,0.5,2
gene_type,700fd6eb9b21b1c0,1,1,1,1.0,1
gene_type,bc8b97b09cf60ca2,1,1,1,1.0,1
gene_type,cdbfbea019033112,1,1,1,1.0,1
gene_type,cd17327569dc15c5,2,1,2,0.5,2
gene_type,73e25ec15441c415,1,1,1,1.0,1
gene_type,f25c9a7491a4d6d3,1,1,1,1.0,1
gene_type,7acd8369ed2b2468,1,1,1,1.0,1
gene_type,5fbaa5724a11d1c7,1,1,1,1.0,1
gene_type,afbf2433eb892476,1,1,1,1.0,1
gene_type,af785e6088109b4b,1,1,1,1.0,1
gene_type,c0fa9792b63a7cc3,1,1,1,1.0,1
gene_type,d1965ca4010a6517,1,1,1,1.0,1
gene_type,b2ccbf3ec345d45e,1,1,1,1.0,1
gene_type,e422e6824ec44c54,1,1,1,1.0,1
gene_type,17832bf6cb00506b,1,1,1,1.0,1
gene_type,0e14fef756c9f159,1,1,1,1.0,1
gene_type,3137fcfb68b59e3c,1,1,1,1.0,1
gene_type,27394c739bb0fffc,1,1,1,1.0,1
gene_type,04c09d907366112a,1,1,1,1.0,1
gene_type,cb61b652e336c316,1,1,1,1.0,1
gene_type,e593ed317fe0eecc,1,1,1,1.0,1
gene_type,dae58edd86fa7f23,2,1,2,0.5,2
gene_type,91f7bf0f865a6319,2,1,2,0.5,2
gene_type,6d175893f7e08b65,1,1,1,1.0,1
gene_type,6e903f54d98a0d74,1,1,1,1.0,1
gene_type,aced98ca26d69f5e,1,1,1,1.0,1
gene_type,09f9a24c05b88f14,1,1,1,1.0,1
gene_type,3cfa53d287e376dc,1,1,1,1.0,1
gene_type,290651785a6a8dce,1,1,1,1.0,1
gene_type,6478fc439f026ef5,1,1,1,1.0,1
gene_type,e05f34b9f2e2ee60,2,1,2,0.5,2
gene_type,426e5ac0c6acc93d,1,1,1,1.0,1
gene_type,d680dbec5d800ac8,1,1,1,1.0,1
gene_type,1a3cb7837655346c,2,1,2,0.5,2
gene_type,d3a040457eac0b92,1,1,1,1.0,1
gene_type,a6623d744cdf3155,1,1,1,1.0,1
gene_type,9958cf0a364f1a73,1,1,1,1.0,1
gene_type,4c01c4ae18c9cab0,1,1,1,1.0,1
gene_type,73952b1e7bab99f8,1,1,1,1.0,1
gene_type,6c5d58dee453a115,1,1,1,1.0,1
gene_type,e5c92d2c9a9cf27d,1,1,1,1.0,1
gene_type,56cc8c4064a1ec29,2,1,2,0.5,2
gene_type,95aefba331689c79,1,1,1,1.0,1
gene_type,4d6293563114652d,1,1,1,1.0,1
gene_type,743805e23701ff42,1,1,1,1.0,1
gene_type,ef0d7a1cdf16cc36,1,1,1,1.0,1
gene_type,105a8d569d00cd6a,1,1,1,1.0,1
gene_type,2e8fc1578bb26664,1,1,1,1.0,1
gene_type,d3b30bdfcab4a36f,1,1,1,1.0,1
gene_type,c1717849d54ee669,1,1,1,1.0,1
gene_type,f0eb2c318295df2f,2,1,2,0.5,2
gene_type,f61a238c44de4220,1,1,1,1.0,1
gene_type,1acc8ffceda9fccc,1,1,1,1.0,1
gene_type,e56596531f97eb89,1,1,1,1.0,1
gene_type,a51d14a3a7f0feaa,1,1,1,1.0,1
gene_type,0f4e41a8c8cf563f,1,1,1,1.0,1
gene_type,f7040de89342c3be,1,1,1,1.0,1
gene_type,8a1393e4e6043a97,1,1,1,1.0,1
gene_type,3e7966423f7c71c3,1,1,1,1.0,1
gene_type,d37f8c8da662c004,1,1,1,1.0,1
gene_type,90ff9d2116072406,1,1,1,1.0,1
gene_type,7f40dc5abac96086,2,1,2,0.5,2
gene_type,e385c3d89b80b47e,1,1,1,1.0,1
gene_type,eee524a95f3a80ff,1,1,1,1.0,1
gene_type,d1fc9e5dd4091f8f,1,1,1,1.0,1
gene_type,38e91682e16ce126,1,1,1,1.0,1
gene_type,d69c07acc0f9c5cf,1,1,1,1.0,1
gene_type,ed1b4528a375e48e,1,1,1,1.0,1
gene_type,2b1099ee05d4984c,1,1,1,1.0,1
gene_type,9602184071c5d39b,1,1,1,1.0,1
gene_type,f54bdd216b0b729e,2,1,2,0.5,2
gene_type,10a4790dbd9cff46,1,1,1,1.0,1
gene_type,f8619f976cc293c5,1,1,1,1.0,1
gene_type,a8ff56f0d158f66d,1,1,1,1.0,1
gene_type,d8a5907fe560455d,1,1,1,1.0,1
gene_type,15d309a2f71b6d2f,1,1,1,1.0,1
gene_type,c006843daf6c993d,1,1,1,1.0,1
gene_type,8dfa176dc26b8759,1,1,1,1.0,1
gene_type,12055d132a135018,1,1,1,1.0,1
gene_type,41fc9421f867403b,2,1,2,0.5,2
gene_type,1424c42bd0cda0a1,1,1,1,1.0,1
gene_type,f5a44e343fc3d0dd,1,1,1,1.0,1
gene_type,782f7f0c05602003,2,1,2,0.5,2
gene_type,41dbb78f03d0ebfe,1,1,1,1.0,1
gene_type,ed45f16c442100e4,1,1,1,1.0,1
gene_type,0929d41589ad5ebc,1,1,1,1.0,1
gene_type,d0aded4ca6cf1844,1,1,1,1.0,1
gene_type,93faf49806c8dcf8,1,1,1,1.0,1
gene_type,5b7c2aa51157afd1,1,1,1,1.0,1
gene_type,1286fc7ded766d45,1,1,1,1.0,1
gene_type,eaf71278cce901a4,1,1,1,1.0,1
gene_type,4cd6c00059b949c8,6,6,1,1.0,6-10
gene_type,a4ef2e3ed4bdb059,1,1,1,1.0,1
gene_type,77573957653eebd7,2,1,2,0.5,2
gene_type,ce19af41ffc58d2e,1,1,1,1.0,1
gene_type,fd293352a25c5f4f,1,1,1,1.0,1
gene_type,489b585a990c4849,1,1,1,1.0,1
gene_type,d9137b327fb6041e,1,1,1,1.0,1
gene_type,e9b992e40ca02054,1,1,1,1.0,1
gene_type,e9a13ee2a678182a,1,1,1,1.0,1
gene_type,f005b957d23098c4,1,1,1,1.0,1
gene_type,97655ad0d176c6f3,1,1,1,1.0,1
gene_type,52e897df09d297a0,1,1,1,1.0,1
gene_type,e3a70fa84db54b3c,1,1,1,1.0,1
gene_type,e736e149b3b24c53,1,1,1,1.0,1
gene_type,e0d082d34dc4e976,2,1,2,0.5,2
gene_type,dd80889dbe9565dc,1,1,1,1.0,1
gene_type,162a1392f95721dc,1,1,1,1.0,1
gene_type,482fa1ad2e2875ec,1,1,1,1.0,1
gene_type,25bf3d700c17c816,1,1,1,1.0,1
gene_type,187b368e6fe09fc5,1,1,1,1.0,1
gene_type,6957dee27d3a18df,1,1,1,1.0,1
gene_type,fe566b9263434b95,1,1,1,1.0,1
gene_type,a7b800cf110523e8,1,1,1,1.0,1
gene_type,fefd975d5257f706,1,1,1,1.0,1
gene_type,b1c63e24dc9097d6,1,1,1,1.0,1
gene_type,9e3657a0036618e5,1,1,1,1.0,1
gene_type,39e83d9e9cd14f56,1,1,1,1.0,1
gene_type,dd71a9dd9ff49c33,1,1,1,1.0,1
gene_type,8abb9f3511872daf,2,1,2,0.5,2
gene_type,480036936627ae27,1,1,1,1.0,1
gene_type,16fb8a03b5eccafc,1,1,1,1.0,1
gene_type,48ce20befb1859d7,1,1,1,1.0,1
gene_type,7fd740a9f4bca108,1,1,1,1.0,1
gene_type,caefb00237130296,1,1,1,1.0,1
gene_type,f3715bcd0e59b400,1,1,1,1.0,1
gene_type,6188d0dd6e3f85fb,1,1,1,1.0,1
gene_type,170dd12d0e1c4fbe,1,1,1,1.0,1
gene_type,031d7594e787fc5c,1,1,1,1.0,1
gene_type,dd2e9ce17bb288fc,2,1,2,0.5,2
gene_type,e9f15d5a7af07a26,1,1,1,1.0,1
gene_type,256c375eee34f6aa,1,1,1,1.0,1
gene_type,dd2491561a11ce93,1,1,1,1.0,1
gene_type,84343d86d73264dd,1,1,1,1.0,1
gene_type,15b7eb8bf4e025dd,1,1,1,1.0,1
gene_type,d7d5822232772282,1,1,1,1.0,1
gene_type,1b1b079d9931b7df,1,1,1,1.0,1
gene_type,604a27a4da8ee004,1,1,1,1.0,1
gene_type,8752bd64cd625b59,1,1,1,1.0,1
gene_type,71acc669f3729f83,1,1,1,1.0,1
gene_type,6508eb45ef9e28be,2,1,2,0.5,2
gene_type,dcc4431cd2c281ef,2,1,2,0.5,2
gene_type,df7a34aadb895e57,1,1,1,1.0,1
gene_type,28446bfd8fc2fdaa,1,1,1,1.0,1
gene_type,df6aa6e9b659d0b7,1,1,1,1.0,1
gene_type,5db64ae8d0ec7f7b,1,1,1,1.0,1
gene_type,c50c6e105fea10b7,2,1,2,0.5,2
gene_type,bef14ce414db3d27,1,1,1,1.0,1
gene_type,c1c67e2fcd8c49fa,2,1,2,0.5,2
gene_type,003850129e834b1c,2,1,2,0.5,2
gene_type,62dba1c4830640f8,1,1,1,1.0,1
gene_type,e388b4ccb9309977,1,1,1,1.0,1
gene_type,a586e35e5a0854cf,1,1,1,1.0,1
gene_type,f071622f488af394,1,1,1,1.0,1
gene_type,a21de181d44bc636,1,1,1,1.0,1
gene_type,fef80289d0072622,1,1,1,1.0,1
gene_type,e609ba5685e5fabf,1,1,1,1.0,1
gene_type,fde905bf6d92840d,1,1,1,1.0,1
gene_type,866f32d132b614a2,1,1,1,1.0,1
gene_type,94fe0ba5b7538bc2,1,1,1,1.0,1
gene_type,9c47369aa5e50557,1,1,1,1.0,1
gene_type,7fd57cb9bd178035,1,1,1,1.0,1
gene_type,7f68c3d794d5ade7,1,1,1,1.0,1
gene_type,63117225040c3894,1,1,1,1.0,1
gene_type,38306d0b107c8182,1,1,1,1.0,1
gene_type,ed56209d5ec19059,1,1,1,1.0,1
gene_type,1b57aae835eee38c,1,1,1,1.0,1
gene_type,ca62b8bd10510d5e,1,1,1,1.0,1
gene_type,f3a15cd54b98867d,1,1,1,1.0,1
gene_type,cf4db23f24c9d856,1,1,1,1.0,1
gene_type,371091ba9db1c831,1,1,1,1.0,1
gene_type,e78b96623c185ed0,1,1,1,1.0,1
gene_type,10b09267a80d94e6,1,1,1,1.0,1
gene_type,3511d1f7fef3d705,1,1,1,1.0,1
gene_type,6966116408af15a5,1,1,1,1.0,1
gene_type,d6aa83164910510d,1,1,1,1.0,1
gene_type,8c24758ef405c1b7,1,1,1,1.0,1
gene_type,2bb6a6c145d087b6,1,1,1,1.0,1
gene_type,204f7976680730d6,1,1,1,1.0,1
gene_type,ed072636c8a1dd37,1,1,1,1.0,1
gene_type,2524c7ac3b88f662,1,1,1,1.0,1
gene_type,687c8dfaab105615,1,1,1,1.0,1
gene_type,7262ea4a86c40e65,1,1,1,1.0,1
gene_type,7700190c418f4d7e,1,1,1,1.0,1
gene_type,fc540fd9e1dfa23b,1,1,1,1.0,1
gene_type,c9b7450e66bf6c1f,1,1,1,1.0,1
gene_type,6c1daebc7b624da7,1,1,1,1.0,1
gene_type,55e69764b2fcac3e,1,1,1,1.0,1
gene_type,fe8f77c02ca25b68,1,1,1,1.0,1
gene_type,17f8393d2d3a3edb,1,1,1,1.0,1
gene_type,b60a81617bc9f598,2,1,2,0.5,2
gene_type,58aa21bcc34fc24a,1,1,1,1.0,1
gene_type,00f0588b8f104b92,1,1,1,1.0,1
gene_type,93bf8d7f419b8bd4,1,1,1,1.0,1
gene_type,f08e440807b2a35b,1,1,1,1.0,1
gene_type,905182c38d050e6f,1,1,1,1.0,1
gene_type,b732207651ccb3ab,1,1,1,1.0,1
gene_type,26d79a6275c5b3ea,1,1,1,1.0,1
gene_type,94df15e733e79430,1,1,1,1.0,1
gene_type,99bb099be0df6672,1,1,1,1.0,1
gene_type,75021f275e0fef11,1,1,1,1.0,1
gene_type,dbf611c1d94c95aa,1,1,1,1.0,1
gene_type,a8bc5451c67735e4,1,1,1,1.0,1
gene_type,2207fb76635d7c47,2,1,2,0.5,2
gene_type,d58fafa358d998ba,2,1,2,0.5,2
gene_type,fdffe23408b2b34d,1,1,1,1.0,1
gene_type,67a6294d0fd6a6ff,1,1,1,1.0,1
gene_type,c012f9ad0279bfb7,1,1,1,1.0,1
gene_type,7aee27ce0cac2fb4,1,1,1,1.0,1
gene_type,3e8cd9e3f8eec418,1,1,1,1.0,1
gene_type,05241d9c886c62d6,1,1,1,1.0,1
gene_type,744d70d2e920dabf,1,1,1,1.0,1
gene_type,f06dce061c133155,2,1,2,0.5,2
gene_type,6f267289fe248b26,1,1,1,1.0,1
gene_type,d140c184bf8cb638,1,1,1,1.0,1
gene_type,50ac66f69db4d7a3,1,1,1,1.0,1
gene_type,f7d31de8217b6219,1,1,1,1.0,1
gene_type,2ba3266a60f12495,1,1,1,1.0,1
gene_type,628ccd56ddf30dfe,2,1,2,0.5,2
gene_type,adf8313a0fbf911d,1,1,1,1.0,1
gene_type,aa82a71bc21fdd90,1,1,1,1.0,1
gene_type,02dd91276da85a85,1,1,1,1.0,1
gene_type,03d39ca4703f8236,1,1,1,1.0,1
gene_type,29d34c769b75d372,1,1,1,1.0,1
gene_type,7745daf50312c8ca,1,1,1,1.0,1
gene_type,486000901e0ba5be,1,1,1,1.0,1
gene_type,ae3a54482e880cb2,1,1,1,1.0,1
gene_type,77e755881f919aa8,1,1,1,1.0,1
gene_type,d1ba2f972698e41d,1,1,1,1.0,1
gene_type,721f5f949b57308e,1,1,1,1.0,1
gene_type,37d64ddace0532f2,1,1,1,1.0,1
gene_type,353bb116fdba1f0e,2,1,2,0.5,2
gene_type,437956d7a9d7ee95,1,1,1,1.0,1
gene_type,bbeb42fe53263b08,1,1,1,1.0,1
gene_type,789d6e81496a4127,1,1,1,1.0,1
gene_type,eac268985e0b6e3e,1,1,1,1.0,1
gene_type,a6f2c751f088a2c9,2,1,2,0.5,2
gene_type,30835f916522d3e1,2,1,2,0.5,2
gene_type,56c6b14353455782,1,1,1,1.0,1
gene_type,66a4ca0f6ec28449,1,1,1,1.0,1
gene_type,ef7ecd6d28952d6e,1,1,1,1.0,1
gene_type,eba1d1564d91d3c8,2,1,2,0.5,2
gene_type,fde8115b8de3853b,2,1,2,0.5,2
gene_type,5fbd9e961fbc3e9e,1,1,1,1.0,1
gene_type,1adadedeb88caaed,1,1,1,1.0,1
gene_type,9ac3b104cfa01c82,1,1,1,1.0,1
gene_type,e43600b546770a38,1,1,1,1.0,1
gene_type,04ecce67ecd71f5b,1,1,1,1.0,1
gene_type,31ff07ce2225ddd7,1,1,1,1.0,1
gene_type,527fec217605cc6c,1,1,1,1.0,1
gene_type,15d9ac62f363e36b,1,1,1,1.0,1
gene_type,af333a0797019105,1,1,1,1.0,1
gene_type,e7a7156d84f0bf34,1,1,1,1.0,1
gene_type,9230d3b1a23ac83c,1,1,1,1.0,1
gene_type,f2f7aa74ff21c8a1,1,1,1,1.0,1
gene_type,c89628021e91bda7,1,1,1,1.0,1
gene_type,bc1ec6e26eba7ea2,1,1,1,1.0,1
gene_type,1108d2e3c6e8d422,1,1,1,1.0,1
gene_type,07d34376aa23f3a9,1,1,1,1.0,1
gene_type,827ca2d32311d919,1,1,1,1.0,1
gene_type,f7612cf1fb594148,1,1,1,1.0,1
gene_type,23e735b20c02f536,1,1,1,1.0,1
gene_type,7470cfe70e5cdc1a,1,1,1,1.0,1
gene_type,e23a243577e1c776,2,1,2,0.5,2
gene_type,8505c65f4b4fae22,1,1,1,1.0,1
gene_type,7bbd6fa110284363,1,1,1,1.0,1
gene_type,bf0b9e20c96bf088,1,1,1,1.0,1
gene_type,97c3bec3765661ba,1,1,1,1.0,1
gene_type,f29be9f54b0995fb,1,1,1,1.0,1
gene_type,6e038be7d69f7084,1,1,1,1.0,1
gene_type,3679fd27adfb0f90,1,1,1,1.0,1
gene_type,a1f4a88d1f1bdcdb,1,1,1,1.0,1
gene_type,4008662d2aed75ec,1,1,1,1.0,1
gene_type,47f5068303bdc08c,1,1,1,1.0,1
gene_type,5e6ceebfecf4c152,1,1,1,1.0,1
gene_type,06bb3572f9e6b892,2,1,2,0.5,2
gene_type,a4c3fcac0d5cf73f,1,1,1,1.0,1
gene_type,9d057c995b362f83,1,1,1,1.0,1
gene_type,3c4da1afb0358784,1,1,1,1.0,1
gene_type,57af57f876ff4236,2,1,2,0.5,2
gene_type,d573ef3a2665b9a0,1,1,1,1.0,1
gene_type,d26ae9ebc577f0be,1,1,1,1.0,1
gene_type,11a7225f37dd4949,1,1,1,1.0,1
gene_type,c72f54b9aa675061,1,1,1,1.0,1
gene_type,bb52f3328d039f0b,2,1,2,0.5,2
gene_type,e281cf13ff594a5e,1,1,1,1.0,1
gene_type,e0dd8060878420c3,1,1,1,1.0,1
gene_type,081d169a7b7debe8,1,1,1,1.0,1
gene_type,c8afbd4b4bfb0e14,1,1,1,1.0,1
gene_type,c4a5d1283a827ed3,1,1,1,1.0,1
gene_type,ea0b739079b60c81,1,1,1,1.0,1
gene_type,6bc953095440320c,1,1,1,1.0,1
gene_type,82ed6308e3d89754,1,1,1,1.0,1
gene_type,ae715a63ebe26452,1,1,1,1.0,1
gene_type,69835c99b130e51f,1,1,1,1.0,1
gene_type,5fc2af4a3eaf3ac2,1,1,1,1.0,1
gene_type,537a30145b903ce0,1,1,1,1.0,1
gene_type,6cfc17a73d0b4030,1,1,1,1.0,1
gene_type,499ed81cb11b31aa,2,1,2,0.5,2
gene_type,bf911088abbcf8a9,1,1,1,1.0,1
gene_type,acde360fc2528395,1,1,1,1.0,1
gene_type,1675f997c1e59cf0,1,1,1,1.0,1
gene_type,a3ba22a103632571,1,1,1,1.0,1
gene_type,62bf01bb45f915bd,1,1,1,1.0,1
gene_type,c687bee399988e2d,1,1,1,1.0,1
gene_type,cafb81fab97fc319,2,1,2,0.5,2
gene_type,ac8a4cc9dfd4d739,1,1,1,1.0,1
gene_type,bc0fd95ff7314dd5,2,1,2,0.5,2
gene_type,c7816306c9e7b078,1,1,1,1.0,1
gene_type,a7382ca92bc8da1c,1,1,1,1.0,1
gene_type,9387301cb95e3dcc,2,1,2,0.5,2
gene_type,51bce245425e3391,1,1,1,1.0,1
gene_type,84437725c7c7e1ad,1,1,1,1.0,1
gene_type,77303a1a534be705,1,1,1,1.0,1
gene_type,2958288cfefda0f2,1,1,1,1.0,1
gene_type,4a557176331cdf63,1,1,1,1.0,1
gene_type,43875ddf7a2691af,1,1,1,1.0,1
gene_type,5c435bb0c2b1461a,1,1,1,1.0,1
gene_type,7b86407843992115,2,1,2,0.5,2
gene_type,1ad185829ef19b7c,1,1,1,1.0,1
gene_type,53bcc8f35d82d415,1,1,1,1.0,1
gene_type,db0c5dc7ebba8d79,1,1,1,1.0,1
gene_type,566d28be17f032dc,1,1,1,1.0,1
gene_type,10d1592ed8fcb792,1,1,1,1.0,1
gene_type,bbc1045f2a57954b,1,1,1,1.0,1
gene_type,0d0c305d7b6b63e3,1,1,1,1.0,1
gene_type,1fe4634962ab0110,2,1,2,0.5,2
gene_type,fe878bfe48b3e80a,1,1,1,1.0,1
gene_type,afea3c28cf208c31,1,1,1,1.0,1
gene_type,a9dfa55067a7dd6a,1,1,1,1.0,1
gene_type,4958213b68d3c23e,1,1,1,1.0,1
gene_type,5b520443c7a61560,1,1,1,1.0,1
gene_type,1be449dd682e0951,1,1,1,1.0,1
gene_type,a84a7f816820357a,1,1,1,1.0,1
gene_type,335236d34f26fba4,1,1,1,1.0,1
gene_type,89b665336c9f7ad4,1,1,1,1.0,1
gene_type,c5abf5b98e9cd2de,1,1,1,1.0,1
gene_type,37055e5814b66a3c,1,1,1,1.0,1
gene_type,d8a5bd6aaf21e28f,2,1,2,0.5,2
gene_type,8cc07ae556252e82,1,1,1,1.0,1
gene_type,e0837c169fe46e26,1,1,1,1.0,1
gene_type,9aaf716dc6cd1d1c,1,1,1,1.0,1
gene_type,462584adaf8a8453,2,1,2,0.5,2
gene_type,25b65cd3555be4f1,1,1,1,1.0,1
gene_type,b21b477aef81ed86,1,1,1,1.0,1
gene_type,a2a580fb49f00c81,1,1,1,1.0,1
gene_type,591373e46f0a7466,1,1,1,1.0,1
gene_type,13289684c1b25466,1,1,1,1.0,1
gene_type,3f5575fa16709a70,2,1,2,0.5,2
gene_type,6a091d9a18f4012a,1,1,1,1.0,1
gene_type,3155cf5281ae5c95,1,1,1,1.0,1
gene_type,4ea33a8eccc6cbf4,1,1,1,1.0,1
gene_type,ee1becbcfa8df895,1,1,1,1.0,1
gene_type,e754e8bf1f43d8d5,1,1,1,1.0,1
gene_type,ccf2bdf7b160315d,2,1,2,0.5,2
gene_type,1bd5bef6ecaabbfd,1,1,1,1.0,1
gene_type,0450cfd160b22a58,1,1,1,1.0,1
gene_type,759ec7fd95c33ece,1,1,1,1.0,1
gene_type,6068b3509dc8d933,2,1,2,0.5,2
gene_type,d6cc4039e2b84314,1,1,1,1.0,1
gene_type,6e26503677dd3d4e,1,1,1,1.0,1
gene_type,05ef0e79221aa2e8,1,1,1,1.0,1
gene_type,03aa5ac669dd7598,2,1,2,0.5,2
gene_type,f1819abd9a99fda8,1,1,1,1.0,1
gene_type,a6099e6efb04e52b,1,1,1,1.0,1
gene_type,afaae0cb0c61bfbd,1,1,1,1.0,1
gene_type,94b67c6def9e52ba,1,1,1,1.0,1
gene_type,462b6033304472bd,1,1,1,1.0,1
gene_type,8a47526a139f74f9,1,1,1,1.0,1
gene_type,686e0ba4fcc96a7c,1,1,1,1.0,1
gene_type,dc7a844ea56901e1,1,1,1,1.0,1
gene_type,54a30e6455b37092,1,1,1,1.0,1
gene_type,d862f49bfbf6c214,1,1,1,1.0,1
gene_type,a32bc16863ca6a8f,1,1,1,1.0,1
gene_type,431e2097db02a234,1,1,1,1.0,1
gene_type,6a2492a9148d4fe7,1,1,1,1.0,1
gene_type,41b18c9fd4735a7e,1,1,1,1.0,1
gene_type,256d0d0e5359d3fd,2,1,2,0.5,2
gene_type,3b46bd4f2dba975d,1,1,1,1.0,1
gene_type,43230f40ff916ea8,1,1,1,1.0,1
gene_type,d13f2c328351d73c,2,1,2,0.5,2
gene_type,add53f112ba716e1,1,1,1,1.0,1
gene_type,0986d79b5f0e90b4,1,1,1,1.0,1
gene_type,6d0be3331f692bb0,1,1,1,1.0,1
gene_type,27e8efc30f4e440b,1,1,1,1.0,1
gene_type,fb46d85373e5b965,1,1,1,1.0,1
gene_type,5f2f0541eba13a46,2,1,2,0.5,2
gene_type,97adf03c5d7f125d,1,1,1,1.0,1
gene_type,1cac0141ebea16b8,1,1,1,1.0,1
gene_type,eccbd68156b52f81,1,1,1,1.0,1
gene_type,d87ea1e148ff73ad,1,1,1,1.0,1
gene_type,04066a12ee961d97,1,1,1,1.0,1
gene_type,9c993b96b814c67b,1,1,1,1.0,1
gene_type,ca6030f354b8ca90,1,1,1,1.0,1
gene_type,dc330f75e3c1aa18,1,1,1,1.0,1
gene_type,474af1e9ab37f924,2,1,2,0.5,2
gene_type,a19bcb7b78b1a97a,2,1,2,0.5,2
gene_type,a901d649362ddd29,1,1,1,1.0,1
gene_type,0480d0497944f770,1,1,1,1.0,1
gene_type,b40b2d9dfc73fce3,1,1,1,1.0,1
gene_type,edf1380af7389f54,1,1,1,1.0,1
gene_type,4a97c730fbff38f0,1,1,1,1.0,1
gene_type,1212eaaaf0b470dc,1,1,1,1.0,1
gene_type,79ddccd293638113,1,1,1,1.0,1
gene_type,99564a3c5f33701e,2,1,2,0.5,2
gene_type,cfab07e0f5af3870,1,1,1,1.0,1
gene_type,3d709dfed3582b3b,1,1,1,1.0,1
gene_type,472b4cc365c42b53,1,1,1,1.0,1
gene_type,8dbed4691e0964dc,1,1,1,1.0,1
gene_type,70b0fe91e777afc0,2,1,2,0.5,2
gene_type,112d5599aa41796d,1,1,1,1.0,1
gene_type,3e4a3705b32a9120,1,1,1,1.0,1
gene_type,f7c040a871b9ec5a,1,1,1,1.0,1
gene_type,4c5d5909ea169a6b,1,1,1,1.0,1
gene_type,17a35561f238fd15,1,1,1,1.0,1
gene_type,36e9f328f0b5b41b,1,1,1,1.0,1
gene_type,4eb8f3a6ae0adedc,1,1,1,1.0,1
gene_type,cbe851bb804aae04,1,1,1,1.0,1
gene_type,165f3fb07be86d0f,1,1,1,1.0,1
gene_type,2c56a870184741e7,1,1,1,1.0,1
gene_type,0990c77d9498fbe5,1,1,1,1.0,1
gene_type,275985e4b56d3070,1,1,1,1.0,1
gene_type,b7cc72333b4709e7,1,1,1,1.0,1
gene_type,03e730f9d3606d4e,1,1,1,1.0,1
gene_type,087d3c23592d14d9,1,1,1,1.0,1
gene_type,2eb1d44ccce7a945,1,1,1,1.0,1
gene_type,127c978e1bc1b59d,1,1,1,1.0,1
gene_type,daf1fec8e8bc1cca,1,1,1,1.0,1
gene_type,998504a5e8a6bb23,1,1,1,1.0,1
gene_type,3ca7e67310ba8f70,1,1,1,1.0,1
gene_type,fda1721eec14ae87,1,1,1,1.0,1
gene_type,121a41c5d9705631,1,1,1,1.0,1
gene_type,076167fd29895a0a,1,1,1,1.0,1
gene_type,43b22d69bf4b1ad8,1,1,1,1.0,1
gene_type,81bdce9dc288de5e,1,1,1,1.0,1
gene_type,979bb3665d45dac5,1,1,1,1.0,1
gene_type,0dddfc8f805e2b32,1,1,1,1.0,1
gene_type,cddbb7dc10b75ba8,1,1,1,1.0,1
gene_type,b2d7d4ddf9939f5a,1,1,1,1.0,1
gene_type,06a00d037328d3d0,1,1,1,1.0,1
gene_type,19fcb901e3ee82ac,1,1,1,1.0,1
gene_type,7d93f05e35ca6fc7,1,1,1,1.0,1
gene_type,5a4cffb65257bd32,1,1,1,1.0,1
gene_type,939fb435576229a1,2,1,2,0.5,2
gene_type,a32cfc38bde1fe49,1,1,1,1.0,1
gene_type,e2394ea1aad3087e,1,1,1,1.0,1
gene_type,81bab45005a12fed,1,1,1,1.0,1
gene_type,2a05621775668ec6,1,1,1,1.0,1
gene_type,d0246d43fce57d98,1,1,1,1.0,1
gene_type,ad178393c623949b,1,1,1,1.0,1
gene_type,ca3880c84b68baeb,1,1,1,1.0,1
gene_type,a36ec22d7df0349e,1,1,1,1.0,1
gene_type,2fdedc3e4538fb08,1,1,1,1.0,1
gene_type,f38b22a0c5332063,1,1,1,1.0,1
gene_type,720f235e17ee8315,1,1,1,1.0,1
gene_type,96f6df28921e5c66,1,1,1,1.0,1
gene_type,1d458ac1ec5eece2,1,1,1,1.0,1
gene_type,df19d345071757eb,1,1,1,1.0,1
gene_type,164223331cd40b72,2,1,2,0.5,2
gene_type,25496f33ceae201e,1,1,1,1.0,1
gene_type,36512ea68fb0ef7b,1,1,1,1.0,1
gene_type,e84cf26d1b330a8b,1,1,1,1.0,1
gene_type,5ff32ad41272d97d,1,1,1,1.0,1
gene_type,49b540fc05d3aab4,1,1,1,1.0,1
gene_type,024a219e240cb063,1,1,1,1.0,1
gene_type,d1f5d7df54ed8cd9,1,1,1,1.0,1
gene_type,6cdb6622a3b41f34,1,1,1,1.0,1
gene_type,c27a4f2b150cdd1a,1,1,1,1.0,1
gene_type,f0ffc722b169536e,1,1,1,1.0,1
gene_type,18094ff9288049cc,1,1,1,1.0,1
gene_type,2daa81d93e4eeadb,1,1,1,1.0,1
gene_type,bcdca82bb78b7d41,1,1,1,1.0,1
gene_type,edd6f4d6f1d138fe,1,1,1,1.0,1
gene_type,fb8e8141c241466d,1,1,1,1.0,1
gene_type,fa85ef9a07f56e93,1,1,1,1.0,1
gene_type,b242efbc5f3a6220,1,1,1,1.0,1
gene_type,597cf8a9bdd71f51,2,1,2,0.5,2
gene_type,797e2851bbda06a4,1,1,1,1.0,1
gene_type,2cd64006791b7c87,1,1,1,1.0,1
gene_type,9c0d97d4ce13211d,1,1,1,1.0,1
gene_type,304b9b90e5bbe268,2,1,2,0.5,2
gene_type,66e9fd2e0faca0f5,1,1,1,1.0,1
gene_type,06b918fdc06bf0ae,1,1,1,1.0,1
gene_type,2fc1f88fddcc3515,1,1,1,1.0,1
gene_type,1cbe83c4554e3b10,1,1,1,1.0,1
gene_type,229dc9e56ea202c8,1,1,1,1.0,1
gene_type,6ae64fcb2959c2a4,1,1,1,1.0,1
gene_type,5de99168f8bd607e,1,1,1,1.0,1
gene_type,18881d2c42870ff5,1,1,1,1.0,1
gene_type,8bdf6b7a9c0be98c,1,1,1,1.0,1
gene_type,991b7e50c61099f7,1,1,1,1.0,1
gene_type,db319f906e73aed9,1,1,1,1.0,1
gene_type,fcfd0faf2038b21e,1,1,1,1.0,1
gene_type,3256b0063d34d0d5,1,1,1,1.0,1
gene_type,165ef31c1a014e4a,1,1,1,1.0,1
gene_type,f15accc5842d4d6d,2,1,2,0.5,2
gene_type,1796b1ce35b4dbac,1,1,1,1.0,1
gene_type,da9bda824e89f111,2,1,2,0.5,2
gene_type,23bd201b4c25eac7,1,1,1,1.0,1
gene_type,031d84fa49955472,1,1,1,1.0,1
gene_type,60b003cf0883aed9,2,1,2,0.5,2
gene_type,d13bef9691b8069c,1,1,1,1.0,1
gene_type,60513e3469096376,1,1,1,1.0,1
gene_type,80dca2968938e283,1,1,1,1.0,1
gene_type,44381f84581e1071,1,1,1,1.0,1
gene_type,370fc53d044a714a,1,1,1,1.0,1
gene_type,b5ca67acb818d420,1,1,1,1.0,1
gene_type,695cd4598cb14168,1,1,1,1.0,1
gene_type,a49f8f10ab864be7,1,1,1,1.0,1
gene_type,8b842e45d98b2411,1,1,1,1.0,1
gene_type,92d6c97ec1177d56,1,1,1,1.0,1
gene_type,2824475fa009f965,1,1,1,1.0,1
gene_type,218cadc3ca041aaf,1,1,1,1.0,1
gene_type,f223f2257ff1b673,1,1,1,1.0,1
gene_type,761a82fea773e53c,1,1,1,1.0,1
gene_type,ae1981e22ebba698,1,1,1,1.0,1
gene_type,92e52fbd266969f1,1,1,1,1.0,1
gene_type,496b1f3ce563b8b2,1,1,1,1.0,1
gene_type,de5670317eb0fc84,1,1,1,1.0,1
gene_type,2079f059eb05e24f,2,1,2,0.5,2
gene_type,c461111f351bcc40,1,1,1,1.0,1
gene_type,3aff2ae8ecfaf6ac,1,1,1,1.0,1
gene_type,0949a6bee0b45dd9,1,1,1,1.0,1
gene_type,b0894fcdce720ede,1,1,1,1.0,1
gene_type,a2e71747a1ec2807,1,1,1,1.0,1
gene_type,da879ebadd67af0e,1,1,1,1.0,1
gene_type,d829d01164ff0017,1,1,1,1.0,1
gene_type,7d065a342093bdc0,1,1,1,1.0,1
gene_type,b1c96aadf24cf8ef,2,1,2,0.5,2
gene_type,62d1b4cab661d352,1,1,1,1.0,1
gene_type,0abf8ea1c51bd908,1,1,1,1.0,1
gene_type,eb572719fdb1a885,1,1,1,1.0,1
gene_type,9f956590ab752064,1,1,1,1.0,1
gene_type,7edf5a1761dcebef,1,1,1,1.0,1
gene_type,a3e54e06d687eb13,1,1,1,1.0,1
gene_type,9648ae05848464e5,1,1,1,1.0,1
gene_type,a58d6aa9f02866f7,1,1,1,1.0,1
gene_type,6c2a6bdeac55b74a,1,1,1,1.0,1
gene_type,1961fac3213eb9a5,1,1,1,1.0,1
gene_type,1c02a22fd6fa8ba4,2,1,2,0.5,2
gene_type,11b5e5f1d4aea45d,2,1,2,0.5,2
gene_type,3c99c65e0d0db7e0,1,1,1,1.0,1
gene_type,c178ac868008797d,1,1,1,1.0,1
gene_type,6e9495c55eeb0bdc,1,1,1,1.0,1
gene_type,1fbb4d4a1794da01,1,1,1,1.0,1
gene_type,b3ee90f41bd20d7e,1,1,1,1.0,1
gene_type,872f2fd06f35c8fa,1,1,1,1.0,1
gene_type,6f9834dd0de9b835,1,1,1,1.0,1
gene_type,0aea3b69cb7965f1,1,1,1,1.0,1
gene_type,5007d8af37c139aa,1,1,1,1.0,1
gene_type,7faa7ca0553b9e4c,1,1,1,1.0,1
gene_type,7fe602adc14d9249,1,1,1,1.0,1
gene_type,2052f4d109de366d,1,1,1,1.0,1
gene_type,0204743bd4ec7251,1,1,1,1.0,1
gene_type,49f41b3884fcaca8,1,1,1,1.0,1
gene_type,1f2b7419a25a2fd2,2,1,2,0.5,2
gene_type,5ae56cfd40e799bf,1,1,1,1.0,1
gene_type,6586711800020367,1,1,1,1.0,1
gene_type,e36a2a6599a7e7ce,1,1,1,1.0,1
gene_type,447e89a51c379d49,1,1,1,1.0,1
gene_type,93ff9cc6c72d5a0a,1,1,1,1.0,1
gene_type,b9bfb08c18c87875,1,1,1,1.0,1
gene_type,579606c6fc374ce1,1,1,1,1.0,1
gene_type,aec2a30e9abd0cbf,2,1,2,0.5,2
gene_type,9e0d04d8c66cf063,1,1,1,1.0,1
gene_type,e921c972b5a87959,1,1,1,1.0,1
gene_type,0f821e70a4ec3fd2,1,1,1,1.0,1
gene_type,8dcca32accaacdcb,1,1,1,1.0,1
gene_type,b3d7f89666584062,1,1,1,1.0,1
gene_type,6b140a253bb51977,1,1,1,1.0,1
gene_type,f4fdf9f70e2957c5,1,1,1,1.0,1
gene_type,09cc55c7500bf254,1,1,1,1.0,1
gene_type,1ac47ce22b33ed5d,1,1,1,1.0,1
gene_type,8714fa85d4ceee1e,1,1,1,1.0,1
gene_type,a7fdcd907489a01e,1,1,1,1.0,1
gene_type,bde66af934ffc66d,1,1,1,1.0,1
gene_type,c175767cc2ce0095,1,1,1,1.0,1
gene_type,6b55cd8f03b06458,1,1,1,1.0,1
gene_type,f216bfe09d0c418a,1,1,1,1.0,1
gene_type,6875e7233646c0a7,1,1,1,1.0,1
gene_type,7203e98ceced8f82,1,1,1,1.0,1
gene_type,de764bbf7c7d7371,1,1,1,1.0,1
gene_type,77ad0df2225f55b4,2,1,2,0.5,2
gene_type,fdd0e18ebd92d3eb,1,1,1,1.0,1
gene_type,0693377e48d82f3a,1,1,1,1.0,1
gene_type,041242dcb9a76232,1,1,1,1.0,1
gene_type,9a8349a76205fb28,2,1,2,0.5,2
gene_type,462702385fbde2b2,1,1,1,1.0,1
gene_type,cd0a5a77a49f0a79,1,1,1,1.0,1
gene_type,c90cecf72353d4b8,2,1,2,0.5,2
gene_type,b7ba9eb0352dd91f,1,1,1,1.0,1
gene_type,2291d25d83828aa3,1,1,1,1.0,1
gene_type,befd595c38e4d6d1,1,1,1,1.0,1
gene_type,5f51733b638a386a,1,1,1,1.0,1
gene_type,fedf05fba0416390,1,1,1,1.0,1
gene_type,7348998f16869e7d,1,1,1,1.0,1
gene_type,867a9c0539e15e35,1,1,1,1.0,1
gene_type,d8e6751cc472a536,2,1,2,0.5,2
gene_type,bf1ca9ac166ce21c,1,1,1,1.0,1
gene_type,31eab5644ff6b66b,1,1,1,1.0,1
gene_type,34a568b26a6c6e33,1,1,1,1.0,1
gene_type,868efb45ed56d366,1,1,1,1.0,1
gene_type,f0141439e18f264b,1,1,1,1.0,1
gene_type,19957c801f10b95e,1,1,1,1.0,1
gene_type,bad353ecfb4a512c,1,1,1,1.0,1
gene_type,7648985480fff661,1,1,1,1.0,1
gene_type,f510abc72ae3d824,1,1,1,1.0,1
gene_type,b0896a5b7ae2c097,2,1,2,0.5,2
gene_type,aa139da627231259,1,1,1,1.0,1
gene_type,72ec6748106395cd,1,1,1,1.0,1
gene_type,d22af9341975eafa,1,1,1,1.0,1
gene_type,2bedf4585497d08c,1,1,1,1.0,1
gene_type,6c220c632da1cce4,1,1,1,1.0,1
gene_type,b36e0b75e7878ba4,1,1,1,1.0,1
gene_type,36446e4d058e3ec7,1,1,1,1.0,1
gene_type,92e555c0ebad0f25,1,1,1,1.0,1
gene_type,25f3af4ab76328df,1,1,1,1.0,1
gene_type,58d4fa1ac91a6f05,1,1,1,1.0,1
gene_type,3493f4f1ef1f42b8,1,1,1,1.0,1
gene_type,2c701c919809c89e,1,1,1,1.0,1
gene_type,dec61fb86a94c1db,1,1,1,1.0,1
gene_type,57061fd838039667,1,1,1,1.0,1
gene_type,7188a69eaf4476a7,1,1,1,1.0,1
gene_type,1269fa04873930cb,1,1,1,1.0,1
gene_type,dedd288e012b4d5e,1,1,1,1.0,1
gene_type,62182c26b106a191,1,1,1,1.0,1
gene_type,dcb588da165d7663,2,1,2,0.5,2
gene_type,a152d31392c92e91,1,1,1,1.0,1
gene_type,47c65cc96dfd0c32,1,1,1,1.0,1
gene_type,6b779f8a1b9d61d3,1,1,1,1.0,1
gene_type,45a5c4efc59347ee,1,1,1,1.0,1
gene_type,3b04dc5506e3d6e8,2,1,2,0.5,2
gene_type,33284ad7dbfe9015,1,1,1,1.0,1
gene_type,ace9e2837f59d350,1,1,1,1.0,1
gene_type,7698103715e4d8eb,1,1,1,1.0,1
gene_type,dc59fd3270e90ba5,1,1,1,1.0,1
gene_type,f6e2c6b6a843c8d1,1,1,1,1.0,1
gene_type,83eac46869ca22d4,1,1,1,1.0,1
gene_type,f8c1d21c2f574e8f,1,1,1,1.0,1
gene_type,79e30ab40a4ac515,1,1,1,1.0,1
gene_type,5db0209cb16a9b80,1,1,1,1.0,1
gene_type,ffb01e40ac15dba0,1,1,1,1.0,1
gene_type,a4f76aa5c3a06378,1,1,1,1.0,1
gene_type,ebab1c0f9d6a4a57,1,1,1,1.0,1
gene_type,f0cbad63608c10b8,1,1,1,1.0,1
gene_type,1fc39b98c3cb79f9,2,1,2,0.5,2
gene_type,c16c437191f7bdff,1,1,1,1.0,1
gene_type,34069b76fe714f0f,1,1,1,1.0,1
gene_type,faf07b60d0bf4406,1,1,1,1.0,1
gene_type,e673f03228544f38,1,1,1,1.0,1
gene_type,4f7c2a7da9a6655e,1,1,1,1.0,1
gene_type,45da255eccce97c9,1,1,1,1.0,1
gene_type,e8e730dba618a562,1,1,1,1.0,1
gene_type,0483324cc687c646,1,1,1,1.0,1
gene_type,4b6264194784b1c7,1,1,1,1.0,1
gene_type,f8777e3b1d80c885,1,1,1,1.0,1
gene_type,73f6734090885b09,1,1,1,1.0,1
gene_type,06ca53d3669a2461,2,1,2,0.5,2
gene_type,e453bea554697ac6,1,1,1,1.0,1
gene_type,939d5003676c6d93,2,1,2,0.5,2
gene_type,d1957692027683d8,1,1,1,1.0,1
gene_type,972f48fd9493acbe,1,1,1,1.0,1
gene_type,d28b7fa024e48339,1,1,1,1.0,1
gene_type,a3b6a02a7cc87374,1,1,1,1.0,1
gene_type,6313674ba08832e6,1,1,1,1.0,1
gene_type,70bd52fd949def37,1,1,1,1.0,1
gene_type,00c5bba666eb5d88,1,1,1,1.0,1
gene_type,fa0c86d27e7fe0ae,2,1,2,0.5,2
gene_type,404a5390f0f4e296,1,1,1,1.0,1
gene_type,ebb131fc6fcf618d,1,1,1,1.0,1
gene_type,cd8741af4c9d4bf4,1,1,1,1.0,1
gene_type,a1149b9520e9dcef,1,1,1,1.0,1
gene_type,df6e12caa8294538,1,1,1,1.0,1
gene_type,8d5c3e59d2a2845e,1,1,1,1.0,1
gene_type,b3b4871d4460b52b,1,1,1,1.0,1
gene_type,7b52972538f29d94,1,1,1,1.0,1
gene_type,afdb6b51a48d5373,1,1,1,1.0,1
gene_type,3e27f2659e4b7050,1,1,1,1.0,1
gene_type,3b20ebc4598916f6,1,1,1,1.0,1
gene_type,3319a04535afc4ef,1,1,1,1.0,1
gene_type,c309336c21845c71,1,1,1,1.0,1
gene_type,227407360be419cb,1,1,1,1.0,1
gene_type,dca3907dac59accc,1,1,1,1.0,1
gene_type,ecdf45bf36e2b051,1,1,1,1.0,1
gene_type,e9cf8b4bf306f99d,1,1,1,1.0,1
gene_type,18b9473cd34925f5,1,1,1,1.0,1
gene_type,ad023640616863c3,1,1,1,1.0,1
gene_type,71d65a807e3435fb,1,1,1,1.0,1
gene_type,dea2e3214675d179,1,1,1,1.0,1
gene_type,b0b3c64d4220bc15,1,1,1,1.0,1
gene_type,75acf4f053f55829,1,1,1,1.0,1
gene_type,be23680508c64134,1,1,1,1.0,1
gene_type,9294e7690eae4d4b,1,1,1,1.0,1
gene_type,fedc3cc032994d9f,1,1,1,1.0,1
gene_type,f0371d4b69afd313,1,1,1,1.0,1
gene_type,71a31b885d15af94,1,1,1,1.0,1
gene_type,b0ceb536e3a10e6a,1,1,1,1.0,1
gene_type,a1eab243fc7972a0,1,1,1,1.0,1
gene_type,3eab9589d244ed38,1,1,1,1.0,1
gene_type,eedbb9d0560891f8,1,1,1,1.0,1
gene_type,4eb47ef56535515e,1,1,1,1.0,1
gene_type,2a4585eecd077f8f,1,1,1,1.0,1
gene_type,83e5d34a8e206af5,2,1,2,0.5,2
gene_type,d19ecdfdb834ab8f,2,1,2,0.5,2
gene_type,62f568b17ad319c2,1,1,1,1.0,1
gene_type,6bbf81dd0a934b10,1,1,1,1.0,1
gene_type,49ea57a6885bbc4b,1,1,1,1.0,1
gene_type,22f09a19d9324fdc,1,1,1,1.0,1
gene_type,a829338d6e32d85a,1,1,1,1.0,1
gene_type,cf4579f182a09daf,2,1,2,0.5,2
gene_type,1cec14992d2ac6f8,1,1,1,1.0,1
gene_type,c2951d9b68e1044d,1,1,1,1.0,1
gene_type,cd0def79942716bf,1,1,1,1.0,1
gene_type,275f875141d00e68,2,1,2,0.5,2
gene_type,c1511bf98ed6a3ca,1,1,1,1.0,1
gene_type,d2a27627ecba58c8,1,1,1,1.0,1
gene_type,e38ebc1b1d110fda,1,1,1,1.0,1
gene_type,7651efda5206251f,1,1,1,1.0,1
gene_type,31591a6fb00c3bad,2,1,2,0.5,2
gene_type,487598caebf16c3e,1,1,1,1.0,1
gene_type,cea20badab3540b8,1,1,1,1.0,1
gene_type,cc7fb7b497f15aad,1,1,1,1.0,1
gene_type,382abb7ea57294f5,1,1,1,1.0,1
gene_type,d7c96087244a347a,2,1,2,0.5,2
gene_type,60b6502dba556eee,1,1,1,1.0,1
gene_type,289a32b84a03da40,1,1,1,1.0,1
gene_type,447b7e45b018429f,1,1,1,1.0,1
gene_type,5ea37b7d7a4cce42,1,1,1,1.0,1
gene_type,81d634844bdd0dfa,1,1,1,1.0,1
gene_type,f5ce3fea3b846f79,1,1,1,1.0,1
gene_type,3fdd5e009923399f,1,1,1,1.0,1
gene_type,f70a7b1b00db5390,1,1,1,1.0,1
gene_type,bc4b2f924a6e9490,1,1,1,1.0,1
gene_type,12dd8f73494f9c8d,1,1,1,1.0,1
gene_type,ba0f432ecb8d2fe5,1,1,1,1.0,1
gene_type,cc3432dd1a7a4e98,1,1,1,1.0,1
gene_type,a700f32d166db8a5,1,1,1,1.0,1
gene_type,1b3e531414a3ae1a,1,1,1,1.0,1
gene_type,a642373f6cbbfeaa,1,1,1,1.0,1
gene_type,967246e689c580ca,1,1,1,1.0,1
gene_type,9bac5ec78451cb64,1,1,1,1.0,1
gene_type,67da999012c87441,1,1,1,1.0,1
gene_type,3caabd61cf8e2a9c,1,1,1,1.0,1
gene_type,0dc9e70c06eb7ab2,1,1,1,1.0,1
gene_type,4b43e42456178ceb,1,1,1,1.0,1
gene_type,779aa31c987deb8c,1,1,1,1.0,1
gene_type,f8b9c2c22badee0b,1,1,1,1.0,1
gene_type,bb48f3f4af3d1197,1,1,1,1.0,1
gene_type,7c0f2e4e68c09312,1,1,1,1.0,1
gene_type,4bbf588063947e0f,1,1,1,1.0,1
gene_type,ebf43d9c4ff2c1af,1,1,1,1.0,1
gene_type,c4b5c1a90e12ba92,1,1,1,1.0,1
gene_type,1d7e421c160b5e8a,1,1,1,1.0,1
gene_type,d14ec77cc34f7599,1,1,1,1.0,1
gene_type,fdc6547cd5e8ee27,1,1,1,1.0,1
gene_type,1f3fa953add4dde2,1,1,1,1.0,1
gene_type,68b60a805a4fe8f1,1,1,1,1.0,1
gene_type,1c245d0ea7919540,1,1,1,1.0,1
gene_type,44353d8e6fc6d883,1,1,1,1.0,1
gene_type,92b0276530300add,1,1,1,1.0,1
gene_type,86c52f86f1ccc0c2,1,1,1,1.0,1
gene_type,9367222fddff38bc,1,1,1,1.0,1
gene_type,b6ad3e842cf08e5d,1,1,1,1.0,1
gene_type,fff81e15e0bf34f6,1,1,1,1.0,1
gene_type,47b0ad2eca7a6bff,1,1,1,1.0,1
gene_type,9b856ca4ee0d39ef,1,1,1,1.0,1
gene_type,d7d05033a1ce352c,1,1,1,1.0,1
gene_type,b3c82a2f8c9a51d0,1,1,1,1.0,1
gene_type,3574d593a382a83c,1,1,1,1.0,1
gene_type,c655ac3c945b7d9e,1,1,1,1.0,1
gene_type,b393e0a1da86b92a,1,1,1,1.0,1
gene_type,db83462dc863035f,1,1,1,1.0,1
gene_type,6bb2e7d4c24bb85d,1,1,1,1.0,1
gene_type,73d52858b84b178c,1,1,1,1.0,1
gene_type,6977e208ebaa7d12,1,1,1,1.0,1
gene_type,5fda7c4bb8ceddbc,1,1,1,1.0,1
gene_type,35ea591edf49cb79,1,1,1,1.0,1
gene_type,ac667aa759d1e02c,1,1,1,1.0,1
gene_type,a89b54994261c668,1,1,1,1.0,1
gene_type,aebda962cbccf6fb,1,1,1,1.0,1
gene_type,5b74cb28f8d99f92,1,1,1,1.0,1
gene_type,6dca59f84214f383,1,1,1,1.0,1
gene_type,7d59cf6069b33e60,2,1,2,0.5,2
gene_type,0b7a0b9eb51042f2,1,1,1,1.0,1
gene_type,750bd1dfd3eb3420,1,1,1,1.0,1
gene_type,04a917de34e04271,1,1,1,1.0,1
gene_type,cfa1d9d60f40f95e,1,1,1,1.0,1
gene_type,4d8a327ca34f2884,1,1,1,1.0,1
gene_type,04c56cf4be8d6a12,1,1,1,1.0,1
gene_type,f431173bd082b6c2,1,1,1,1.0,1
gene_type,6f0b431806add0f0,1,1,1,1.0,1
gene_type,1dd6b14006865310,1,1,1,1.0,1
gene_type,96c6c329435a6caf,2,1,2,0.5,2
gene_type,0d3413f5917fdec0,2,1,2,0.5,2
gene_type,f998d1ac4865eaf8,1,1,1,1.0,1
gene_type,06b2b060ec658e5f,1,1,1,1.0,1
gene_type,f627ed5730ec90a6,1,1,1,1.0,1
gene_type,b2850ab7b3e6859e,2,1,2,0.5,2
gene_type,348243a32e2f0f06,1,1,1,1.0,1
gene_type,9de03e523ddb0c83,1,1,1,1.0,1
gene_type,4669ec3f7445fc1d,1,1,1,1.0,1
gene_type,a4c45ef0a9500e13,1,1,1,1.0,1
gene_type,1fc8d2ae58cc1d8b,1,1,1,1.0,1
gene_type,dbb581fb2581e608,1,1,1,1.0,1
gene_type,1141ec03b23b2c9c,2,1,2,0.5,2
gene_type,253b37231b1d5bfa,1,1,1,1.0,1
gene_type,7c3b83c3b2112d7f,1,1,1,1.0,1
gene_type,61ad2bc7a379f338,1,1,1,1.0,1
gene_type,9c8d1031a668125f,1,1,1,1.0,1
gene_type,b9160ffdb318d96f,1,1,1,1.0,1
gene_type,eda81d240760189e,2,1,2,0.5,2
gene_type,a3ada0244fccca3e,1,1,1,1.0,1
gene_type,2042409b52689ce7,1,1,1,1.0,1
gene_type,8856efdf48243169,1,1,1,1.0,1
gene_type,532bb6f544ea80fd,1,1,1,1.0,1
gene_type,2560824d1b2da3a6,1,1,1,1.0,1
gene_type,8e4ae3cd1fb85cb7,1,1,1,1.0,1
gene_type,81bc55fdce93bd84,2,1,2,0.5,2
gene_type,a5135d3bf8d40613,1,1,1,1.0,1
gene_type,56efa1d1e2bf0927,1,1,1,1.0,1
gene_type,98e09712884666cf,1,1,1,1.0,1
gene_type,184ab9a7a67d24de,1,1,1,1.0,1
gene_type,9a6fa29fa1427bbc,1,1,1,1.0,1
gene_type,804ca2c67675b51d,1,1,1,1.0,1
gene_type,39f7ecea6030d3e5,2,1,2,0.5,2
gene_type,e3b4cf9d528d6828,1,1,1,1.0,1
gene_type,64423ef94b829660,1,1,1,1.0,1
gene_type,bbcacedfbd300a35,1,1,1,1.0,1
gene_type,10db143ac256ca38,1,1,1,1.0,1
gene_type,6eccf4b54df9ac51,1,1,1,1.0,1
gene_type,f0064faed186cf9c,1,1,1,1.0,1
gene_type,5a92100020a7f8e4,1,1,1,1.0,1
gene_type,7b3c09c6625f91a6,1,1,1,1.0,1
gene_type,23e6577dae0993cb,1,1,1,1.0,1
gene_type,8d9fbb295734f01b,2,1,2,0.5,2
gene_type,ea2c36db69501cee,1,1,1,1.0,1
gene_type,ee59330092d3beb9,1,1,1,1.0,1
gene_type,eb43fdb4f607e398,1,1,1,1.0,1
gene_type,1220863eacb8ff21,1,1,1,1.0,1
gene_type,f60eadc926900bca,1,1,1,1.0,1
gene_type,e4e8688bb743384e,1,1,1,1.0,1
gene_type,78c5e58cf5cc424e,1,1,1,1.0,1
gene_type,85e984df13b7aa07,1,1,1,1.0,1
gene_type,fa611f652cbef37e,1,1,1,1.0,1
gene_type,c2dca08defbbd7d7,2,1,2,0.5,2
gene_type,0992582ddf6b47ab,1,1,1,1.0,1
gene_type,fcd39635e7ddd8b0,1,1,1,1.0,1
gene_type,b019947650e75326,1,1,1,1.0,1
gene_type,4d6b43f8d95dde1d,1,1,1,1.0,1
gene_type,9391f2d5babf0f01,1,1,1,1.0,1
gene_type,a2914fcdcf1dd18e,1,1,1,1.0,1
gene_type,22e66f87263cf777,1,1,1,1.0,1
gene_type,2f25cb75df6297e7,1,1,1,1.0,1
gene_type,c0164281abc21fa6,1,1,1,1.0,1
gene_type,4ce37037dc47602f,1,1,1,1.0,1
gene_type,2d2f81638519fab8,1,1,1,1.0,1
gene_type,4255d8cf5cbf6ed3,1,1,1,1.0,1
gene_type,261c305911e79015,1,1,1,1.0,1
gene_type,8d62b1a02c055882,1,1,1,1.0,1
gene_type,a6ebf19490d0469f,1,1,1,1.0,1
gene_type,36c733e3429610d9,1,1,1,1.0,1
gene_type,ee54186ad511dbc3,1,1,1,1.0,1
gene_type,9ba39fe2ff041c53,1,1,1,1.0,1
gene_type,c0bfb32e6fcd2ef6,1,1,1,1.0,1
gene_type,34ba412d7800e9a7,1,1,1,1.0,1
gene_type,b90ac3e128799a6b,1,1,1,1.0,1
gene_type,ca67c6a4e0d97810,2,1,2,0.5,2
gene_type,362cd0ee96dd5952,1,1,1,1.0,1
gene_type,364df139cc66efe1,1,1,1,1.0,1
gene_type,a15b1c453712bdcc,1,1,1,1.0,1
gene_type,3c90dbd4399aa1b4,1,1,1,1.0,1
gene_type,6488218054343233,1,1,1,1.0,1
gene_type,884554a2913ee969,1,1,1,1.0,1
gene_type,b1b1bc70b4bcb8a6,1,1,1,1.0,1
gene_type,7b3ecde2c5733802,1,1,1,1.0,1
gene_type,85b122eeaaf5b706,2,1,2,0.5,2
gene_type,1eed50a9ae1738fd,1,1,1,1.0,1
gene_type,f3c1a094372b164d,1,1,1,1.0,1
gene_type,5aa5a83a84360af8,1,1,1,1.0,1
gene_type,3b31a0ec7ecbc07d,1,1,1,1.0,1
gene_type,b339264c7e916e11,1,1,1,1.0,1
gene_type,d45e93ea7dcf7337,2,1,2,0.5,2
gene_type,4bf3a7de741bf51f,1,1,1,1.0,1
gene_type,6e91345f44645e38,1,1,1,1.0,1
gene_type,088c4569fcc70f4b,1,1,1,1.0,1
gene_type,aede5422b4a754c0,1,1,1,1.0,1
gene_type,dbc4f5d5361476ea,1,1,1,1.0,1
gene_type,e88a4723a17eb8c6,1,1,1,1.0,1
gene_type,7b113efb693b74d8,1,1,1,1.0,1
gene_type,26cf283c151456c1,1,1,1,1.0,1
gene_type,33145b5c7a608f50,1,1,1,1.0,1
gene_type,df8ae152d52b0790,1,1,1,1.0,1
gene_type,7dbceed84333b8d5,1,1,1,1.0,1
gene_type,f70617e5618ac808,1,1,1,1.0,1
gene_type,6c06430bb84b4199,1,1,1,1.0,1
gene_type,5a384569f4006c10,1,1,1,1.0,1
gene_type,b2319ca9e3cce288,1,1,1,1.0,1
gene_type,5907787199e281a2,2,1,2,0.5,2
gene_type,f59e6c0204dc59d4,1,1,1,1.0,1
gene_type,dca8b1554c00501b,1,1,1,1.0,1
gene_type,f901252207189757,1,1,1,1.0,1
gene_type,0c18fc2ef0743de2,1,1,1,1.0,1
gene_type,703b6963b90006dd,2,1,2,0.5,2
gene_type,4929957843196949,2,1,2,0.5,2
gene_type,02b81f35ce4e9a9e,1,1,1,1.0,1
gene_type,00b12b613f5b5475,1,1,1,1.0,1
gene_type,e93da371273eee63,1,1,1,1.0,1
gene_type,491d7d69aae9dcf3,1,1,1,1.0,1
gene_type,9246016cde1f7af7,1,1,1,1.0,1
gene_type,e8ec914d3ba94862,1,1,1,1.0,1
gene_type,430322c468ac0123,1,1,1,1.0,1
gene_type,7456cf54eab1997e,1,1,1,1.0,1
gene_type,4f4596df7e7d3e1f,1,1,1,1.0,1
gene_type,510df10a6286e5ec,1,1,1,1.0,1
gene_type,ef1a667f914d8910,2,1,2,0.5,2
gene_type,136c98b95b35fee2,1,1,1,1.0,1
gene_type,d8745d7cf0de28f0,1,1,1,1.0,1
gene_type,0a7d5bd17aa1f0ca,1,1,1,1.0,1
gene_type,b97500fa7c81b656,1,1,1,1.0,1
gene_type,ced94d11c47c7826,1,1,1,1.0,1
gene_type,58b0ca13c55f26b2,1,1,1,1.0,1
gene_type,240839cf6a977552,2,1,2,0.5,2
gene_type,b2a0188f129eaf03,1,1,1,1.0,1
gene_type,cd6e6f0d0c811c50,1,1,1,1.0,1
gene_type,844b210109824267,1,1,1,1.0,1
gene_type,0a9ed07ab0efac5a,1,1,1,1.0,1
gene_type,8451c942f5f6b974,1,1,1,1.0,1
gene_type,acea1207e14cd241,1,1,1,1.0,1
gene_type,91ad309415313f00,1,1,1,1.0,1
gene_type,5564ec6fb848c704,1,1,1,1.0,1
gene_type,e107aae759fad656,1,1,1,1.0,1
gene_type,b9ebddaedb085837,2,1,2,0.5,2
gene_type,79a82f024c7d5cae,2,1,2,0.5,2
gene_type,af946092ffc5bdab,1,1,1,1.0,1
gene_type,fc6df41b7c2c94ba,1,1,1,1.0,1
gene_type,249034f1c3a55a76,2,1,2,0.5,2
gene_type,ddb9350fafff3ebe,1,1,1,1.0,1
gene_type,cfa1cffbb2e8cbc0,1,1,1,1.0,1
gene_type,8b448a0fa465738c,1,1,1,1.0,1
gene_type,90b8bf1ed7fbf0ce,1,1,1,1.0,1
gene_type,73ac6275ce00c4db,1,1,1,1.0,1
gene_type,02cf5e18da8cef9d,1,1,1,1.0,1
gene_type,4b0b3e5e42186f34,1,1,1,1.0,1
gene_type,1bb11d4bce519d0a,1,1,1,1.0,1
gene_type,2944b834af627215,1,1,1,1.0,1
gene_type,d77e4f45cf5bb5e1,1,1,1,1.0,1
gene_type,d935ba39eeb79452,2,1,2,0.5,2
gene_type,231ef030e1388a26,1,1,1,1.0,1
gene_type,7465b55c8c4f3ca9,1,1,1,1.0,1
gene_type,b45b34e3e3d6c1c8,1,1,1,1.0,1
gene_type,2ad14b63b2578c9b,1,1,1,1.0,1
gene_type,9cada2c8d5994ef1,1,1,1,1.0,1
gene_type,0e1710624ea93cee,1,1,1,1.0,1
gene_type,18f10d0b22a2829c,1,1,1,1.0,1
gene_type,79978b0206b7c487,1,1,1,1.0,1
gene_type,5733724183a559c4,1,1,1,1.0,1
gene_type,f4285babd77cc05b,2,1,2,0.5,2
gene_type,eeee633799404efc,1,1,1,1.0,1
gene_type,2194f6d03f3e0640,1,1,1,1.0,1
gene_type,f4eb266f174a9953,1,1,1,1.0,1
gene_type,4cafb5b28639cfcb,2,1,2,0.5,2
gene_type,ef4139aa3c687769,1,1,1,1.0,1
gene_type,1ad31efb7c6677e3,1,1,1,1.0,1
gene_type,179d0b7003fe8744,1,1,1,1.0,1
gene_type,4cbb652934c13410,1,1,1,1.0,1
gene_type,02a5a71711ebbf36,1,1,1,1.0,1
gene_type,e7ab4c64c773d1ce,1,1,1,1.0,1
gene_type,12d78b2bb900d5be,1,1,1,1.0,1
gene_type,f0cd46844cf981c6,1,1,1,1.0,1
gene_type,ba216aa02d94d8c4,1,1,1,1.0,1
gene_type,5963c6b45f2fd446,1,1,1,1.0,1
gene_type,428d6912174561bd,2,1,2,0.5,2
gene_type,a641528a92e3f179,1,1,1,1.0,1
gene_type,7bd3f51e0559c8a5,2,1,2,0.5,2
gene_type,854eb831e56bb83d,1,1,1,1.0,1
gene_type,801d48ba8c8f8a0d,1,1,1,1.0,1
gene_type,a795f266994d09e6,1,1,1,1.0,1
gene_type,04680ed7d9372690,1,1,1,1.0,1
gene_type,2cb856cb1883202d,1,1,1,1.0,1
gene_type,5d7a70a44a4e8b7c,2,1,2,0.5,2
gene_type,27033e012cb09c3b,1,1,1,1.0,1
gene_type,806b0537d43d16ed,1,1,1,1.0,1
gene_type,adf00680b904c102,2,1,2,0.5,2
gene_type,f7caac74df5d5ac3,1,1,1,1.0,1
gene_type,8755b9b480e87dd4,1,1,1,1.0,1
gene_type,ded2378a1c57d37d,1,1,1,1.0,1
gene_type,2448985b61cfcb0e,1,1,1,1.0,1
gene_type,d1d8b1a5d015e783,1,1,1,1.0,1
gene_type,7285042da1b26163,1,1,1,1.0,1
gene_type,513fdf28411b1b2c,1,1,1,1.0,1
gene_type,61b9119c4216d327,1,1,1,1.0,1
gene_type,7a19ce8f7eb7415d,1,1,1,1.0,1
gene_type,5868dcebb4000507,1,1,1,1.0,1
gene_type,b9c18d90e8692f9d,1,1,1,1.0,1
gene_type,d1ea3b4c8da7ca8a,2,1,2,0.5,2
gene_type,012db718596abae7,1,1,1,1.0,1
gene_type,e755471cbc75e33a,1,1,1,1.0,1
gene_type,5fc9106651d3987d,1,1,1,1.0,1
gene_type,846e275a97ffc634,1,1,1,1.0,1
gene_type,3301d99c50159231,1,1,1,1.0,1
gene_type,fbde067edbd14fa6,1,1,1,1.0,1
gene_type,456826a0afe6a5c3,1,1,1,1.0,1
gene_type,188b220b3c22b9e4,1,1,1,1.0,1
gene_type,8a7bf07a16654d74,1,1,1,1.0,1
gene_type,4aec10ef946dbeab,1,1,1,1.0,1
gene_type,cd8e9d98e588f430,1,1,1,1.0,1
gene_type,40949f88459a1c10,1,1,1,1.0,1
gene_type,f0fc31c3e211f284,1,1,1,1.0,1
gene_type,51764ddf29e0f9ba,1,1,1,1.0,1
gene_type,c47e460eb486795a,1,1,1,1.0,1
gene_type,6d917bedd2da0699,1,1,1,1.0,1
gene_type,6ef5b59c613a2c19,1,1,1,1.0,1
gene_type,52472c4dded2db22,1,1,1,1.0,1
gene_type,e36fe3f8115cfbee,1,1,1,1.0,1
gene_type,edff09792edf327a,1,1,1,1.0,1
gene_type,ef1b1c636911ae4c,1,1,1,1.0,1
gene_type,496bb3a72f44af0d,1,1,1,1.0,1
gene_type,5920b464fb360bd0,1,1,1,1.0,1
gene_type,5d4d514f349dee62,2,1,2,0.5,2
gene_type,312200d220b861b3,1,1,1,1.0,1
gene_type,0a1c867921fabec1,1,1,1,1.0,1
gene_type,563521b8fb7e60a2,1,1,1,1.0,1
gene_type,cbb2f2a223c28798,1,1,1,1.0,1
gene_type,c5a957e4985a5254,2,1,2,0.5,2
gene_type,f8d92a38a474d439,1,1,1,1.0,1
gene_type,9ac17c1d96b8bb0f,1,1,1,1.0,1
gene_type,e31aba84946b9e9a,1,1,1,1.0,1
gene_type,f0218163bc0de3ca,1,1,1,1.0,1
gene_type,9344347bb62931a4,1,1,1,1.0,1
gene_type,3ca65e51f65177ab,1,1,1,1.0,1
gene_type,023a5302cd8bedd3,1,1,1,1.0,1
gene_type,0f3b28bc7e327559,1,1,1,1.0,1
gene_type,2ea7688d34f0aaf6,1,1,1,1.0,1
gene_type,14f3c5ed85fbe027,1,1,1,1.0,1
gene_type,562c12ac73065147,1,1,1,1.0,1
gene_type,c0d98d615b48943f,1,1,1,1.0,1
gene_type,1cd05fb47cf46b37,1,1,1,1.0,1
gene_type,205927285f87bd5f,1,1,1,1.0,1
gene_type,6d417f21bec1895c,1,1,1,1.0,1
gene_type,716d58dd0d19f0c0,1,1,1,1.0,1
gene_type,4a078cfe988d349d,1,1,1,1.0,1
gene_type,71c93d95ce05a2e7,2,1,2,0.5,2
gene_type,2b04d2111dd8879d,1,1,1,1.0,1
gene_type,d9ba59f19c7aea38,1,1,1,1.0,1
gene_type,c652299c97a5ccdb,1,1,1,1.0,1
gene_type,6d0e4794244c6eaf,1,1,1,1.0,1
gene_type,9e14858f81f9b6bb,1,1,1,1.0,1
gene_type,6bbbdd5670a3856f,1,1,1,1.0,1
gene_type,3d5f60fe052de79e,1,1,1,1.0,1
gene_type,99db41d503375e06,1,1,1,1.0,1
gene_type,474da5d204ef9d62,1,1,1,1.0,1
gene_type,5a866e60522d3e18,1,1,1,1.0,1
gene_type,94ee488283eeeb48,1,1,1,1.0,1
gene_type,3613d21746e91376,1,1,1,1.0,1
gene_type,c12f7cd3b56c8519,1,1,1,1.0,1
gene_type,a2a3770213c8655f,1,1,1,1.0,1
gene_type,eb01435f8970ec33,1,1,1,1.0,1
gene_type,98481c7857c1dad0,1,1,1,1.0,1
gene_type,4fcd458fba9d3633,1,1,1,1.0,1
gene_type,875953f94e44e3ad,1,1,1,1.0,1
gene_type,2d2a3ada2d0f69de,1,1,1,1.0,1
gene_type,c2d06f9357fda7dd,1,1,1,1.0,1
gene_type,d3c66360db16c3fc,1,1,1,1.0,1
gene_type,fc428de4f95c66f8,1,1,1,1.0,1
gene_type,33ad6d4bf2d0c195,1,1,1,1.0,1
gene_type,40197499864ec05d,1,1,1,1.0,1
gene_type,5f33337a418c2699,1,1,1,1.0,1
gene_type,b44ac96f1b1d478a,1,1,1,1.0,1
gene_type,394ca64644409334,1,1,1,1.0,1
gene_type,6b88a0ecb7325fc6,1,1,1,1.0,1
gene_type,dedcad930492489f,1,1,1,1.0,1
gene_type,195eb0d3c0b99d75,1,1,1,1.0,1
gene_type,ecb336c3f591abd5,2,1,2,0.5,2
gene_type,b4d07d2b09a69e09,1,1,1,1.0,1
gene_type,eb5751a922b463d0,1,1,1,1.0,1
gene_type,1b3beab688b65707,1,1,1,1.0,1
gene_type,bc210fa3f85ff037,1,1,1,1.0,1
gene_type,1895ec792da2730b,1,1,1,1.0,1
gene_type,22adadeefa3420bc,1,1,1,1.0,1
gene_type,da95a43d51a4c11b,1,1,1,1.0,1
gene_type,bb661464c68f806d,1,1,1,1.0,1
gene_type,6edc6e397533ced1,1,1,1,1.0,1
gene_type,79832ad15c5b0fde,2,2,1,1.0,2
gene_type,7d65a73ff682c494,1,1,1,1.0,1
gene_type,6adf3b7e98b5d00c,2,1,2,0.5,2
gene_type,9e10b5cacc8ab980,1,1,1,1.0,1
gene_type,5e57fee8acd321ef,1,1,1,1.0,1
gene_type,db420d123ac1db3f,1,1,1,1.0,1
gene_type,830e843f87752a56,1,1,1,1.0,1
gene_type,158a7ab9090e5272,2,1,2,0.5,2
gene_type,27775d1f0f92d192,1,1,1,1.0,1
gene_type,bcbdc3a4e3a4232d,1,1,1,1.0,1
gene_type,fa1bf9a110bac1cb,1,1,1,1.0,1
gene_type,7811dab25610441b,1,1,1,1.0,1
gene_type,fb67751e5352b6de,1,1,1,1.0,1
gene_type,aceb085443358881,2,1,2,0.5,2
gene_type,cc48eeefafa77033,1,1,1,1.0,1
gene_type,df9566ad94b01610,1,1,1,1.0,1
gene_type,3bf116f6622d0bd5,2,1,2,0.5,2
gene_type,ec95ec232609729e,1,1,1,1.0,1
gene_type,0329c886f8444047,1,1,1,1.0,1
gene_type,a1ac21966351b084,1,1,1,1.0,1
gene_type,b47f68f051ffe628,1,1,1,1.0,1
gene_type,adf5c8a60e45b89a,1,1,1,1.0,1
gene_type,bbaedb07874be015,1,1,1,1.0,1
gene_type,dae36ca80747c672,1,1,1,1.0,1
gene_type,94e552806f81ca44,2,1,2,0.5,2
gene_type,f559d18f76b7ba43,1,1,1,1.0,1
gene_type,41b88bca58f31952,1,1,1,1.0,1
gene_type,c675e76ec97bfbc3,1,1,1,1.0,1
gene_type,233e741d779715d8,1,1,1,1.0,1
gene_type,694e0f99bdf7c0b0,1,1,1,1.0,1
gene_type,ba81721e48528726,2,1,2,0.5,2
gene_type,3a6174eb77fdfce0,1,1,1,1.0,1
gene_type,c7d0ae23768316cf,1,1,1,1.0,1
gene_type,b7a8153ddee1e946,1,1,1,1.0,1
gene_type,6827942a4a876a56,1,1,1,1.0,1
gene_type,3705f6e2ba4a89d4,1,1,1,1.0,1
gene_type,40964da9a6db07c3,2,1,2,0.5,2
gene_type,e60b3c82ace6802f,1,1,1,1.0,1
gene_type,227e3422173eeb1d,1,1,1,1.0,1
gene_type,f4d36099ca342cf3,1,1,1,1.0,1
gene_type,e591b89aeaadb0c9,1,1,1,1.0,1
gene_type,d79b32fd90360e96,1,1,1,1.0,1
gene_type,187abffdfe7f4d45,1,1,1,1.0,1
gene_type,ad7284ee88cd86ea,1,1,1,1.0,1
gene_type,2c507a86a88e0138,1,1,1,1.0,1
gene_type,ed24addb910089cd,1,1,1,1.0,1
gene_type,2efb91507cba1f46,1,1,1,1.0,1
gene_type,2173a31db7e8a3b4,1,1,1,1.0,1
gene_type,16aef1402173770c,1,1,1,1.0,1
gene_type,12f548e8d518b9fb,1,1,1,1.0,1
gene_type,f3285645f10aaaae,1,1,1,1.0,1
gene_type,92e7ed731102621c,1,1,1,1.0,1
gene_type,05a582b7dd3f8b49,1,1,1,1.0,1
gene_type,47cf3871a071e5bd,1,1,1,1.0,1
gene_type,840309ad484ba4c7,1,1,1,1.0,1
gene_type,02bb130556a0cd90,1,1,1,1.0,1
gene_type,8b31f1d1ecab237a,1,1,1,1.0,1
gene_type,25c831e2c483323f,1,1,1,1.0,1
gene_type,54fa5dc47e6d91f6,1,1,1,1.0,1
gene_type,43f4ba7f3fca22ae,2,1,2,0.5,2
gene_type,f3771dc1428c2a0f,1,1,1,1.0,1
gene_type,d8033ebe35476ba8,1,1,1,1.0,1
gene_type,e214432b352daa94,2,1,2,0.5,2
gene_type,762fb34bffb51d09,1,1,1,1.0,1
gene_type,4e39dcb091678d83,1,1,1,1.0,1
gene_type,6867acc312ef596a,1,1,1,1.0,1
gene_type,bdf7c82df8bfe841,1,1,1,1.0,1
gene_type,8a9f6ec04751ece1,1,1,1,1.0,1
gene_type,42e36f1dd26125bb,1,1,1,1.0,1
gene_type,7cdaa68139d29edd,2,1,2,0.5,2
gene_type,b13b797a82436c03,1,1,1,1.0,1
gene_type,12d7bb000f92491f,1,1,1,1.0,1
gene_type,a100af26c9e15151,2,1,2,0.5,2
gene_type,cb9e47bf7540ac19,1,1,1,1.0,1
gene_type,f87f554da675e8ef,1,1,1,1.0,1
gene_type,9d5b4b96b7aaa9c1,1,1,1,1.0,1
gene_type,f1ad1e51e4707afd,1,1,1,1.0,1
gene_type,72def971f258926b,2,1,2,0.5,2
gene_type,0c28157ab5c77a01,1,1,1,1.0,1
gene_type,33c76ebd4b77f633,1,1,1,1.0,1
gene_type,76568c26f516357e,1,1,1,1.0,1
gene_type,03307fe363e7e1b3,1,1,1,1.0,1
gene_type,b0c82c0e8d3becac,2,1,2,0.5,2
gene_type,3c5f3e94a8b69fc9,1,1,1,1.0,1
gene_type,342074e9d119fb1d,1,1,1,1.0,1
gene_type,e35e3b20d7115a2d,1,1,1,1.0,1
gene_type,07c86ad7f4a7e91e,1,1,1,1.0,1
gene_type,7774c01ceb1f170b,1,1,1,1.0,1
gene_type,67a8ade201e25eba,1,1,1,1.0,1
gene_type,e3911811cf6ce6b6,1,1,1,1.0,1
gene_type,d4bf18408a233f1a,1,1,1,1.0,1
gene_type,266f376117d73eb2,1,1,1,1.0,1
gene_type,d9797f6334a00ea5,1,1,1,1.0,1
gene_type,cc8bbda998fd8348,1,1,1,1.0,1
gene_type,8f6e6a622170b1ab,1,1,1,1.0,1
gene_type,e8e173a2d4ea806b,1,1,1,1.0,1
gene_type,99d8e459aaa5407e,1,1,1,1.0,1
gene_type,6c16c5af00695b0c,1,1,1,1.0,1
gene_type,db0d6890d5661356,1,1,1,1.0,1
gene_type,87d2e8f8557e8f94,1,1,1,1.0,1
gene_type,4b0b5ff649bc7a32,1,1,1,1.0,1
gene_type,13048d2c787624f9,1,1,1,1.0,1
gene_type,2e1474e3ea14b301,1,1,1,1.0,1
gene_type,e2eee11395ff47d4,1,1,1,1.0,1
gene_type,5dffebf096409db2,1,1,1,1.0,1
gene_type,c71763c5aa01964d,1,1,1,1.0,1
gene_type,f98ab199a40faa79,1,1,1,1.0,1
gene_type,ad98176c9ccd81f0,1,1,1,1.0,1
gene_type,2f0272cc73115e12,1,1,1,1.0,1
gene_type,fdcb0a4237489f13,1,1,1,1.0,1
gene_type,0b9aeedfc3e6e629,2,1,2,0.5,2
gene_type,277015a69530b12c,1,1,1,1.0,1
gene_type,3bf5b559842162cf,1,1,1,1.0,1
gene_type,359d46f7f04f9c4f,1,1,1,1.0,1
gene_type,7ca828d5e1c81408,2,1,2,0.5,2
gene_type,9f663ec0b1707a57,1,1,1,1.0,1
gene_type,ac0dad619ac32628,1,1,1,1.0,1
gene_type,84280c9fa9ce8fdb,1,1,1,1.0,1
gene_type,b4013a437a6023de,1,1,1,1.0,1
gene_type,0a903ea6b6005c76,1,1,1,1.0,1
gene_type,728ba28c2ca1e536,1,1,1,1.0,1
gene_type,f62e4c77f5f4a2e7,1,1,1,1.0,1
gene_type,d9699f96f02bac14,2,1,2,0.5,2
gene_type,c506e686c248cf79,1,1,1,1.0,1
gene_type,05e6202befb1f3c3,1,1,1,1.0,1
gene_type,d08322ed9c2d9cc1,1,1,1,1.0,1
gene_type,1bfc95b980be52a5,1,1,1,1.0,1
gene_type,3b7cdaa75736baf9,1,1,1,1.0,1
gene_type,5160cd8f8740cfc7,1,1,1,1.0,1
gene_type,801809ab47a0e95a,1,1,1,1.0,1
gene_type,b92161ce5b06190b,1,1,1,1.0,1
gene_type,13b5eb81b9c5faec,1,1,1,1.0,1
gene_type,fe9da18ef81a62d2,2,1,2,0.5,2
gene_type,802e3da46eb7a989,1,1,1,1.0,1
gene_type,0958901627e777cd,1,1,1,1.0,1
gene_type,c4740e76e6ea6354,1,1,1,1.0,1
gene_type,9ac157fe2dc26a8f,1,1,1,1.0,1
gene_type,b3799b1bcffbc6cb,1,1,1,1.0,1
gene_type,2b9c7dc28b835abd,1,1,1,1.0,1
gene_type,38c45c64394a6c8a,1,1,1,1.0,1
gene_type,668e6720f850357b,1,1,1,1.0,1
gene_type,192f9566f418af49,1,1,1,1.0,1
gene_type,f36c618c831197ab,1,1,1,1.0,1
gene_type,54af1ec745f6464c,1,1,1,1.0,1
gene_type,6d70d7093387e89d,1,1,1,1.0,1
gene_type,bf7040b9aa2149e3,1,1,1,1.0,1
gene_type,de307f35c243f53c,1,1,1,1.0,1
gene_type,f85cfc6b5c277720,2,1,2,0.5,2
gene_type,bfeb50560418133b,1,1,1,1.0,1
gene_type,afb1ee997b794d3d,1,1,1,1.0,1
gene_type,ad1893eb2a7b42ee,1,1,1,1.0,1
gene_type,7ee20dd8fd5a90b9,2,1,2,0.5,2
gene_type,ab46ed2f6c693a42,1,1,1,1.0,1
gene_type,5f65e28d048a727c,1,1,1,1.0,1
gene_type,be7bae094d7ac9e0,1,1,1,1.0,1
gene_type,e1ef09c0c3927944,1,1,1,1.0,1
gene_type,be146920437c18f2,1,1,1,1.0,1
gene_type,db33587895259a48,1,1,1,1.0,1
gene_type,a2395293450bfd83,1,1,1,1.0,1
gene_type,42e0229cdf19085d,2,1,2,0.5,2
gene_type,a83a2c38957ce69f,1,1,1,1.0,1
gene_type,04200b683ce33312,1,1,1,1.0,1
gene_type,803af9f9523cafb4,1,1,1,1.0,1
gene_type,8dc3fb15f5c6f5eb,1,1,1,1.0,1
gene_type,b50e6466ba45c5f4,1,1,1,1.0,1
gene_type,ff084de2ed6322fe,1,1,1,1.0,1
gene_type,03f5a1b9d9ea20a4,1,1,1,1.0,1
gene_type,6fba1ad5e6944006,1,1,1,1.0,1
gene_type,e61ed8e5fed62205,1,1,1,1.0,1
gene_type,b12ae3c4006276c7,1,1,1,1.0,1
gene_type,de78e0ec765709b7,1,1,1,1.0,1
gene_type,3f9da27c6931d67f,1,1,1,1.0,1
gene_type,f20c2c1961caec05,1,1,1,1.0,1
gene_type,8adf2bc16c6b5ddd,1,1,1,1.0,1
gene_type,f106d7ee811e7c00,1,1,1,1.0,1
gene_type,619b8992be980f1b,1,1,1,1.0,1
gene_type,d9f27bc33546ba10,1,1,1,1.0,1
gene_type,f3a5caf179b51dab,1,1,1,1.0,1
gene_type,6eaba9255311eeac,1,1,1,1.0,1
gene_type,490f96c08cefcaa6,1,1,1,1.0,1
gene_type,a67df209fa5bc7fa,1,1,1,1.0,1
gene_type,e0c2c0560aee1ef9,1,1,1,1.0,1
gene_type,fc535fd8c9433fc6,1,1,1,1.0,1
gene_type,a0fc09f59e438604,1,1,1,1.0,1
gene_type,f84869823fb6d05a,1,1,1,1.0,1
gene_type,672a5db3399d8213,1,1,1,1.0,1
gene_type,6c5c0ed8ac1c42f5,1,1,1,1.0,1
gene_type,4b6a791fe7ce0493,1,1,1,1.0,1
gene_type,ca32f62a21838e1e,1,1,1,1.0,1
gene_type,180e017d06fabb28,1,1,1,1.0,1
gene_type,02ce8fc27f2ecbcf,1,1,1,1.0,1
gene_type,1eea99c4284967b5,1,1,1,1.0,1
gene_type,e5a62cc4d532ac97,1,1,1,1.0,1
gene_type,eed64542f4bf2ec9,1,1,1,1.0,1
gene_type,7cf601a940f788fa,1,1,1,1.0,1
gene_type,e9318068d4ec4357,2,1,2,0.5,2
gene_type,4902835a80b2c604,2,1,2,0.5,2
gene_type,d77e46e2ec571c0d,1,1,1,1.0,1
gene_type,f0a51abaa19c26f5,2,1,2,0.5,2
gene_type,2fff5ce981930f68,1,1,1,1.0,1
gene_type,93f796434d5cc59d,1,1,1,1.0,1
gene_type,faa7f0d7bb58568e,1,1,1,1.0,1
gene_type,5c34ea598a4eeb19,1,1,1,1.0,1
gene_type,f1bff1d60d460bb0,1,1,1,1.0,1
gene_type,62ac8cbddc1ee008,1,1,1,1.0,1
gene_type,cbad903209524475,2,1,2,0.5,2
gene_type,3bd9c24ec7d5ef2c,1,1,1,1.0,1
gene_type,f9a25dfe6f4833c4,1,1,1,1.0,1
gene_type,531868475143995e,1,1,1,1.0,1
gene_type,5ed701f7d374ce12,1,1,1,1.0,1
gene_type,74510a5625aaa0ce,1,1,1,1.0,1
gene_type,b01fb70faa47d6b0,1,1,1,1.0,1
gene_type,14f40e292c97faf2,1,1,1,1.0,1
gene_type,4467125fff15d1b9,1,1,1,1.0,1
gene_type,fd5eefd544e439f3,1,1,1,1.0,1
gene_type,97abf44e2afc5f99,1,1,1,1.0,1
gene_type,5903f6a580d57a53,1,1,1,1.0,1
gene_type,ebd9acc2b6187db0,1,1,1,1.0,1
gene_type,3d3383fb128af57e,1,1,1,1.0,1
gene_type,06b133a350be5882,1,1,1,1.0,1
gene_type,cb8f0398ea784e07,1,1,1,1.0,1
gene_type,7453c338e1289bb6,2,1,2,0.5,2
gene_type,88434a9b9e191183,1,1,1,1.0,1
gene_type,117efac11cf5aaaf,1,1,1,1.0,1
gene_type,8bb1f5b29ff1d2a2,1,1,1,1.0,1
gene_type,34d1adb7c606abdd,1,1,1,1.0,1
gene_type,8cb1dac643f29e21,1,1,1,1.0,1
gene_type,43314afeca97ac78,1,1,1,1.0,1
gene_type,b844b372ae20178d,1,1,1,1.0,1
gene_type,1575f6c7c0fb6b4b,1,1,1,1.0,1
gene_type,33cd6a4dd846c070,1,1,1,1.0,1
gene_type,f4168e40c5c0ca6f,1,1,1,1.0,1
gene_type,da9048eda6cad673,1,1,1,1.0,1
gene_type,3ff4dea569e81fbf,1,1,1,1.0,1
gene_type,dd546839ac3ec0b9,1,1,1,1.0,1
gene_type,90f6a40a808c0642,1,1,1,1.0,1
gene_type,7dbabae90fc08111,1,1,1,1.0,1
gene_type,e0e49e2efc708d3b,1,1,1,1.0,1
gene_type,f6f6964b5a281dca,1,1,1,1.0,1
gene_type,e363c84d882eaeb4,1,1,1,1.0,1
gene_type,3256209de074a491,1,1,1,1.0,1
gene_type,9184560a9fb8d12d,1,1,1,1.0,1
gene_type,0385fb691a6ac845,1,1,1,1.0,1
gene_type,a8e4cff3e28e3e0e,1,1,1,1.0,1
gene_type,3c831e4934304fbb,2,1,2,0.5,2
gene_type,773f4d3be4a02b62,1,1,1,1.0,1
gene_type,e47a8a1134749428,1,1,1,1.0,1
gene_type,cad4c01c0dbb101a,1,1,1,1.0,1
gene_type,accc01cfef584a4a,1,1,1,1.0,1
gene_type,c0b9ec2501ad7cf9,1,1,1,1.0,1
gene_type,c711a39ba6202e56,1,1,1,1.0,1
gene_type,ac329218d2e896bf,1,1,1,1.0,1
gene_type,5c5664c995ad61b2,1,1,1,1.0,1
gene_type,7a552d52c5afefb2,1,1,1,1.0,1
gene_type,5d0a5c9ef2229e92,1,1,1,1.0,1
gene_type,10357ba7b051241b,1,1,1,1.0,1
gene_type,7869fadb879011f4,1,1,1,1.0,1
gene_type,6d0383bd569c76e1,1,1,1,1.0,1
gene_type,d56acb8f91b0b4d5,2,1,2,0.5,2
gene_type,b3e5d7e92f082514,1,1,1,1.0,1
gene_type,6885373d01c2fd1e,1,1,1,1.0,1
gene_type,03867e609104177e,2,1,2,0.5,2
gene_type,afd9bf45aeb10f11,1,1,1,1.0,1
gene_type,ac52f62ab3923bca,1,1,1,1.0,1
gene_type,e6d7c0473758d9ba,2,1,2,0.5,2
gene_type,e15f8507d15a4258,1,1,1,1.0,1
gene_type,bdf59c9c539bb0ac,1,1,1,1.0,1
gene_type,9ec4e3d9d34e595b,1,1,1,1.0,1
gene_type,7d154f10ea3e99db,1,1,1,1.0,1
gene_type,633e3253427d3698,1,1,1,1.0,1
gene_type,4438e8722723a662,2,1,2,0.5,2
gene_type,ba6225b6edaf1848,1,1,1,1.0,1
gene_type,d279ba766fead0d6,1,1,1,1.0,1
gene_type,72d53066e9006672,1,1,1,1.0,1
gene_type,79b7f9036975808d,1,1,1,1.0,1
gene_type,434bc2fcf3789b76,1,1,1,1.0,1
gene_type,f938c7685140f475,1,1,1,1.0,1
gene_type,31874ad0331ca8f9,2,1,2,0.5,2
gene_type,c4ce0eddf42489fe,1,1,1,1.0,1
gene_type,4f8d87b7a93c0e44,1,1,1,1.0,1
gene_type,6668e1165f823e3c,1,1,1,1.0,1
gene_type,dcc0d22db69cdaa9,1,1,1,1.0,1
gene_type,b9a9ad525bfd641f,1,1,1,1.0,1
gene_type,ea08478b59a6b097,1,1,1,1.0,1
gene_type,fb34ec90eeb25907,1,1,1,1.0,1
gene_type,1947ad8f9a9ea4de,1,1,1,1.0,1
gene_type,7f7f99706aa606bf,1,1,1,1.0,1
gene_type,c4ce80281dff5fb8,1,1,1,1.0,1
gene_type,4cec550956d9f9e7,2,1,2,0.5,2
gene_type,da56b5f76d470f51,1,1,1,1.0,1
gene_type,5272e2bf4a2abf74,1,1,1,1.0,1
gene_type,2e038927e0a47420,1,1,1,1.0,1
gene_type,ab548e9f38dbfcf0,1,1,1,1.0,1
gene_type,d986bb9edd34b438,1,1,1,1.0,1
gene_type,e2d9b9deaed67096,2,1,2,0.5,2
gene_type,0b4b01df767a6d69,1,1,1,1.0,1
gene_type,d4e6e3d25e7a38bc,1,1,1,1.0,1
gene_type,91980b07b8bfb620,2,1,2,0.5,2
gene_type,7599f902f1e46cb9,1,1,1,1.0,1
gene_type,9da38146d6a82097,1,1,1,1.0,1
gene_type,298312c35b89739d,1,1,1,1.0,1
gene_type,7823ab59728bb472,1,1,1,1.0,1
gene_type,cfa1189c97a538f5,1,1,1,1.0,1
gene_type,c2c9d801f6f4e7e7,1,1,1,1.0,1
gene_type,2cd69848d74ac5be,1,1,1,1.0,1
gene_type,b4ae908066a116b0,1,1,1,1.0,1
gene_type,22d547d3f45f1a9c,2,1,2,0.5,2
gene_type,022bf8305084a62c,1,1,1,1.0,1
gene_type,8aec245ff0c1c669,1,1,1,1.0,1
gene_type,4e525150f494af81,1,1,1,1.0,1
gene_type,66b04ff9f6d03ae5,1,1,1,1.0,1
gene_type,a529f5b93ec2328b,1,1,1,1.0,1
gene_type,fc4a1d49bde48a0d,1,1,1,1.0,1
gene_type,7689400152b8c2d8,1,1,1,1.0,1
gene_type,17a9e8a37b412a71,1,1,1,1.0,1
gene_type,39918558c5daec30,1,1,1,1.0,1
gene_type,0efef12273f19b6d,1,1,1,1.0,1
gene_type,64f9f2c45fa3497a,1,1,1,1.0,1
gene_type,d3b81a3b9275d4b2,1,1,1,1.0,1
gene_type,29b2628855bdb46f,1,1,1,1.0,1
gene_type,76a38f3e2003a282,1,1,1,1.0,1
gene_type,1d0eaecd8824e146,1,1,1,1.0,1
gene_type,a63c0529523c6c2f,2,1,2,0.5,2
gene_type,6a72ebfc7a2b45a3,1,1,1,1.0,1
gene_type,b5f9ea1d0e5e3a13,1,1,1,1.0,1
gene_type,89e14d43bde43f24,1,1,1,1.0,1
gene_type,a95d9693a60c57a0,1,1,1,1.0,1
gene_type,decb47cff4537440,1,1,1,1.0,1
gene_type,73fd7881a7380859,1,1,1,1.0,1
gene_type,7a88c89d72f4e237,1,1,1,1.0,1
gene_type,52ddf87b2b13e53b,1,1,1,1.0,1
gene_type,a9bdb33af545147d,1,1,1,1.0,1
gene_type,3614870a1a810c78,1,1,1,1.0,1
gene_type,34c82b6a5e545fe5,1,1,1,1.0,1
gene_type,e9f679a2d1700c14,1,1,1,1.0,1
gene_type,818f2b791823fd0b,1,1,1,1.0,1
gene_type,55968167de5f7e07,1,1,1,1.0,1
gene_type,af9fd05cbc5fc0d9,1,1,1,1.0,1
gene_type,7f1d468f2c4711f1,1,1,1,1.0,1
gene_type,9d92542a23b97726,1,1,1,1.0,1
gene_type,b90850d833c19212,1,1,1,1.0,1
gene_type,b00b94d97cfd429e,1,1,1,1.0,1
gene_type,4227e7af9d3060f5,1,1,1,1.0,1
gene_type,c06fa84b43c20683,1,1,1,1.0,1
gene_type,ee8ad2833bfbcf51,1,1,1,1.0,1
gene_type,86ae9f636b3e0d8d,1,1,1,1.0,1
gene_type,b7823d89de900905,1,1,1,1.0,1
gene_type,0ea1ba31f35909a7,1,1,1,1.0,1
gene_type,6cec0a16889f6c5a,1,1,1,1.0,1
gene_type,a6cb76f6d449693c,1,1,1,1.0,1
gene_type,8d4c2370734598c9,1,1,1,1.0,1
gene_type,c63bc2624579cd29,1,1,1,1.0,1
gene_type,b3fd06a08e87e048,1,1,1,1.0,1
gene_type,5ad32890c71862a0,1,1,1,1.0,1
gene_type,c9dd8e3c5e1b4bb3,1,1,1,1.0,1
gene_type,dce308bf88d50444,1,1,1,1.0,1
gene_type,3ce9e344e2d83dbc,1,1,1,1.0,1
gene_type,a4f718202aa18a3c,1,1,1,1.0,1
gene_type,a30372a2b779d123,1,1,1,1.0,1
gene_type,d15b1e6badde3de4,1,1,1,1.0,1
gene_type,5a6f0055ed606e77,1,1,1,1.0,1
gene_type,c7a5f243ef909253,1,1,1,1.0,1
gene_type,614b020fe4e74516,1,1,1,1.0,1
gene_type,ff470877adec61f7,1,1,1,1.0,1
gene_type,42810b6d149989c1,1,1,1,1.0,1
gene_type,174dd7eccedc4d37,1,1,1,1.0,1
gene_type,1952356d07e719b0,1,1,1,1.0,1
gene_type,0672cbb128d74ce3,1,1,1,1.0,1
gene_type,3a818a9ee5e39418,1,1,1,1.0,1
gene_type,6eba344fa770a0a8,1,1,1,1.0,1
gene_type,a816b44538bb2525,1,1,1,1.0,1
gene_type,5a23c97ea14e3413,1,1,1,1.0,1
gene_type,0af753e2caab1081,1,1,1,1.0,1
gene_type,f2992735ebfe0156,1,1,1,1.0,1
gene_type,5a509adfea72f3bf,1,1,1,1.0,1
gene_type,606242a603e2405f,1,1,1,1.0,1
gene_type,3a291e71daf34d28,1,1,1,1.0,1
gene_type,f1508057d5669a66,1,1,1,1.0,1
gene_type,7fc99caa540b3a4b,1,1,1,1.0,1
gene_type,030c3e102e6a5a54,1,1,1,1.0,1
gene_type,24f77ea66f015b02,1,1,1,1.0,1
gene_type,0c7faaacad1d6540,1,1,1,1.0,1
gene_type,57473ab33b8f6888,1,1,1,1.0,1
gene_type,ad688233f0b01c0b,1,1,1,1.0,1
gene_type,75ced58352fca09b,1,1,1,1.0,1
gene_type,705b5443385287c5,1,1,1,1.0,1
gene_type,e2ece790b89eaa0f,1,1,1,1.0,1
gene_type,c1792603a5f16479,1,1,1,1.0,1
gene_type,cdd6886dc4843a03,1,1,1,1.0,1
gene_type,d94b0d64252401cb,1,1,1,1.0,1
gene_type,b782b4531e90585b,1,1,1,1.0,1
gene_type,0237dcfa27c12997,1,1,1,1.0,1
gene_type,b543cf1421ab4946,1,1,1,1.0,1
gene_type,703a7075ef288cb9,1,1,1,1.0,1
gene_type,2f037b616421bbc4,1,1,1,1.0,1
gene_type,c0da851787d82fac,1,1,1,1.0,1
gene_type,02ddfd84c07e0860,1,1,1,1.0,1
gene_type,f28df02428f9962c,1,1,1,1.0,1
gene_type,739c348df4ff793d,1,1,1,1.0,1
gene_type,3bef787ba759a0de,1,1,1,1.0,1
gene_type,c2afa7250d0489e7,1,1,1,1.0,1
gene_type,4a97ac8ffa12a24a,1,1,1,1.0,1
gene_type,d9b5b0d33960c41b,1,1,1,1.0,1
gene_type,b64b55648439b99c,1,1,1,1.0,1
gene_type,f713fac962213a37,1,1,1,1.0,1
gene_type,b6575a185f89c40c,1,1,1,1.0,1
gene_type,82655a665432e71c,1,1,1,1.0,1
gene_type,6ef1dc7ea9120306,1,1,1,1.0,1
gene_type,54a2faa0536b8c75,1,1,1,1.0,1
gene_type,e6b768671d92a511,1,1,1,1.0,1
gene_type,f3a9791854d18111,1,1,1,1.0,1
gene_type,f9434ac33d19e7c4,1,1,1,1.0,1
gene_type,c80f1b4e379b3133,1,1,1,1.0,1
gene_type,14e7f7f846cdf612,1,1,1,1.0,1
gene_type,b44c5fa52a132be2,1,1,1,1.0,1
gene_type,d4c07fbcb95544a2,1,1,1,1.0,1
gene_type,3962a113d8048131,1,1,1,1.0,1
gene_type,2f121c2b3be2a44c,1,1,1,1.0,1
gene_type,d302ac6f4da69a29,1,1,1,1.0,1
gene_type,c188a1f55ab63f9d,1,1,1,1.0,1
gene_type,7e619dfa2161da6b,1,1,1,1.0,1
gene_type,0470b4230aa30199,1,1,1,1.0,1
gene_type,3ceaf0b9db5ced55,1,1,1,1.0,1
gene_type,2645c32c40263ca2,1,1,1,1.0,1
gene_type,86b80a4c6ffa80ee,1,1,1,1.0,1
gene_type,a32c3c1aca591534,1,1,1,1.0,1
gene_type,0f1d512334770c4e,1,1,1,1.0,1
gene_type,8cb729036b18f89c,1,1,1,1.0,1
gene_type,530dd3adb62884bc,1,1,1,1.0,1
gene_type,dd875bf39df5410e,1,1,1,1.0,1
gene_type,8b945237e4f648b9,1,1,1,1.0,1
gene_type,0837b5097f44095c,1,1,1,1.0,1
gene_type,8f1facf1d024c614,1,1,1,1.0,1
gene_type,bf59406398b2ec66,1,1,1,1.0,1
gene_type,29b3bea57fb0d8b4,1,1,1,1.0,1
gene_type,c8e2d7e45308b505,1,1,1,1.0,1
gene_type,add152926ba1fec7,1,1,1,1.0,1
gene_type,28ec3b1ec8c048ab,1,1,1,1.0,1
gene_type,29bec44ea58f6be3,1,1,1,1.0,1
gene_type,d60296470f25b986,1,1,1,1.0,1
gene_type,5270a4c1323d5515,1,1,1,1.0,1
gene_type,ee561115983b4770,1,1,1,1.0,1
gene_type,85f7ed96ef99e656,1,1,1,1.0,1
gene_type,eeee7cfff5e3a859,1,1,1,1.0,1
gene_type,9d23213141d02604,1,1,1,1.0,1
gene_type,defcd221d512af0b,1,1,1,1.0,1
gene_type,1860564bf8d43565,1,1,1,1.0,1
gene_type,0e0132c2278a4111,1,1,1,1.0,1
gene_type,53c3165f70c91ebd,1,1,1,1.0,1
gene_type,090b53c2035f490a,1,1,1,1.0,1
gene_type,a30d9543cb25955a,1,1,1,1.0,1
gene_type,982a85c54a5f0fc5,1,1,1,1.0,1
gene_type,a50c62879f817bf5,1,1,1,1.0,1
gene_type,81170ff719e22326,1,1,1,1.0,1
gene_type,91feb5e1c52a67ae,1,1,1,1.0,1
gene_type,2930f2975af3289a,1,1,1,1.0,1
gene_type,dfc0390130695d8a,1,1,1,1.0,1
gene_type,25aa7e8400a793f5,1,1,1,1.0,1
gene_type,5d396d6f6938ec15,1,1,1,1.0,1
gene_type,711218bad8fc54a6,1,1,1,1.0,1
gene_type,fc52ba5c85771eda,1,1,1,1.0,1
gene_type,32e7dcbb4420cd73,1,1,1,1.0,1
gene_type,ab073f43747ce04d,1,1,1,1.0,1
gene_type,96cdabdd902fe50f,1,1,1,1.0,1
gene_type,71f877b7928e8880,1,1,1,1.0,1
gene_type,457d9628cad43b1a,1,1,1,1.0,1
gene_type,696379bbe536e573,1,1,1,1.0,1
gene_type,91c704109481c6d2,1,1,1,1.0,1
gene_type,6b5878305ceda933,1,1,1,1.0,1
gene_type,ce9b9e7cd90a6c1b,1,1,1,1.0,1
gene_type,91b026b6ca540b02,1,1,1,1.0,1
gene_type,fd5be415f61c2865,1,1,1,1.0,1
gene_type,2555a5418f1d5ebd,1,1,1,1.0,1
gene_type,0ee94fc8cd9209bc,1,1,1,1.0,1
gene_type,d90957ab2ccf478a,1,1,1,1.0,1
gene_type,c52a0940c9bf3891,1,1,1,1.0,1
gene_type,6eba2c9ef36d3828,1,1,1,1.0,1
gene_type,e25f100c66eb78a7,1,1,1,1.0,1
gene_type,fb2df204f4a80aa6,1,1,1,1.0,1
gene_type,533078fd5ccb9a4d,1,1,1,1.0,1
gene_type,a9745535ff478f34,1,1,1,1.0,1
gene_type,5455a2b5941e7b66,2,1,2,0.5,2
gene_type,f95aa6e1e117f444,1,1,1,1.0,1
gene_type,9eb81b8abf65276c,1,1,1,1.0,1
gene_type,af02e68d0b8bee49,1,1,1,1.0,1
gene_type,a225eff8b904ab58,1,1,1,1.0,1
gene_type,0939e710fc766cf4,1,1,1,1.0,1
gene_type,1cd6da7c7f737f02,2,1,2,0.5,2
gene_type,5fabb73843e37c35,1,1,1,1.0,1
gene_type,8d3cf068f935be94,1,1,1,1.0,1
gene_type,2dce2f9d120a10f0,1,1,1,1.0,1
gene_type,d9d85e75d0aa9a7e,1,1,1,1.0,1
gene_type,f943c8ec59480ff2,1,1,1,1.0,1
gene_type,d5f7c8e2f907893c,1,1,1,1.0,1
gene_type,55329f72e20f6edd,1,1,1,1.0,1
gene_type,7a52e8a7219ac10e,1,1,1,1.0,1
gene_type,979461780c3e4b1b,1,1,1,1.0,1
gene_type,d744f7ce9fe27bfa,2,1,2,0.5,2
gene_type,99435072d451ac3d,1,1,1,1.0,1
gene_type,c1e94ae05fbc6061,1,1,1,1.0,1
gene_type,8662d3dbe6ff9081,1,1,1,1.0,1
gene_type,7b75d43efab96067,1,1,1,1.0,1
gene_type,14b8e5759131fb32,1,1,1,1.0,1
gene_type,07a75c10469a0623,2,1,2,0.5,2
gene_type,67684150ae5496da,1,1,1,1.0,1
gene_type,17f734293d1cc016,1,1,1,1.0,1
gene_type,12f4b8d1c5bc0253,1,1,1,1.0,1
gene_type,420672f9b0204887,1,1,1,1.0,1
gene_type,390c665b952dd4d5,1,1,1,1.0,1
gene_type,67b84ec2a591d1e1,1,1,1,1.0,1
gene_type,f6e44c263da26cb1,1,1,1,1.0,1
gene_type,b9508ea4f0a34f8d,1,1,1,1.0,1
gene_type,48902e1a2e530086,2,1,2,0.5,2
gene_type,4db4e1dbc081c3a5,1,1,1,1.0,1
gene_type,104d3094fd9f8373,1,1,1,1.0,1
gene_type,aa6cf95c0e472640,1,1,1,1.0,1
gene_type,2d7947ff05dbc790,1,1,1,1.0,1
gene_type,2c5c14ddb7ed6c89,1,1,1,1.0,1
gene_type,0bce8355904d1855,1,1,1,1.0,1
gene_type,49c8099559225c3d,1,1,1,1.0,1
gene_type,547248243a64657f,1,1,1,1.0,1
gene_type,87d2d0adf9dfa251,1,1,1,1.0,1
gene_type,1a1925fe8684be1c,1,1,1,1.0,1
gene_type,b37cf7d30269c56e,1,1,1,1.0,1
gene_type,c264a37568af0551,1,1,1,1.0,1
gene_type,e344e678b843e80e,1,1,1,1.0,1
gene_type,18daeb060aacda0e,1,1,1,1.0,1
gene_type,2e635aff4642ad44,1,1,1,1.0,1
gene_type,e474a2f5c260609e,2,1,2,0.5,2
gene_type,c0f39c98e850a69f,1,1,1,1.0,1
gene_type,23edee002869349f,1,1,1,1.0,1
gene_type,257963a828a598d5,1,1,1,1.0,1
gene_type,cbc3dcb685fd02da,1,1,1,1.0,1
gene_type,614b994d63c32b84,1,1,1,1.0,1
gene_type,5eec5004de49ad8a,1,1,1,1.0,1
gene_type,7325abaedae592ef,1,1,1,1.0,1
gene_type,72393445b578018e,1,1,1,1.0,1
gene_type,3b5a4bb7edd0bdb8,1,1,1,1.0,1
gene_type,4f78cacf00e74b94,1,1,1,1.0,1
gene_type,5169428deaf98866,1,1,1,1.0,1
gene_type,9b43df86fe8a066f,1,1,1,1.0,1
gene_type,8810ba6990b5639f,1,1,1,1.0,1
gene_type,421a4315b2a0029e,1,1,1,1.0,1
gene_type,eecd788d35f31c1e,1,1,1,1.0,1
gene_type,f4748d4435cbf1cd,1,1,1,1.0,1
gene_type,2d48549789c3e79c,1,1,1,1.0,1
gene_type,19fbe4324d1543d7,1,1,1,1.0,1
gene_type,45cfa5eb3eac5dea,1,1,1,1.0,1
gene_type,c405c55b9b3e934e,1,1,1,1.0,1
gene_type,0b7393550bf2572e,1,1,1,1.0,1
gene_type,537aa8d63d38c6cb,1,1,1,1.0,1
gene_type,36e587ba877177f8,2,1,2,0.5,2
gene_type,f3bcef844e367bf9,1,1,1,1.0,1
gene_type,e2b591e2fe5d3b9b,1,1,1,1.0,1
gene_type,105e7e4eeadd2c12,1,1,1,1.0,1
gene_type,9cdc4e19eeada920,1,1,1,1.0,1
gene_type,a4da79875a97761f,1,1,1,1.0,1
gene_type,37aeec1e1754d3de,1,1,1,1.0,1
gene_type,902bb12e29412e31,1,1,1,1.0,1
gene_type,f3b63fc027f07e5b,1,1,1,1.0,1
gene_type,93055005e61ec9b2,1,1,1,1.0,1
gene_type,1d803ec8a0cd6940,1,1,1,1.0,1
gene_type,54f88afc76069c68,2,1,2,0.5,2
gene_type,be049e16ca7445c0,1,1,1,1.0,1
gene_type,05298e0aec40c2b7,1,1,1,1.0,1
gene_type,c1384e87007e7aee,1,1,1,1.0,1
gene_type,5c80253d52a96f5e,2,1,2,0.5,2
gene_type,77df887fb7768eb6,1,1,1,1.0,1
gene_type,fb714022117a8473,1,1,1,1.0,1
gene_type,2de7013a1393b930,1,1,1,1.0,1
gene_type,56032f4b9b7f8fb6,1,1,1,1.0,1
gene_type,348e8bddbb7da7a2,2,1,2,0.5,2
gene_type,396443e1b4a17c04,1,1,1,1.0,1
gene_type,b07f585d443da35c,1,1,1,1.0,1
gene_type,42df40fb411fbd9f,1,1,1,1.0,1
gene_type,43906f0fec2fa534,1,1,1,1.0,1
gene_type,a99929e031f2484f,2,1,2,0.5,2
gene_type,8460786e9f18727d,1,1,1,1.0,1
gene_type,a528ff0b3ee4187e,1,1,1,1.0,1
gene_type,99e9b999b5a1e913,1,1,1,1.0,1
gene_type,3fe73d1202ee3898,1,1,1,1.0,1
gene_type,1491a7fb94a1fc9e,1,1,1,1.0,1
gene_type,167ec4ae044e0520,2,1,2,0.5,2
gene_type,85b3100a6c4ecd9e,1,1,1,1.0,1
gene_type,fcf2b910a550c64a,1,1,1,1.0,1
gene_type,20acc75725994715,1,1,1,1.0,1
gene_type,dc2c49df530cfd44,1,1,1,1.0,1
gene_type,78f0ee8d4acd2eb7,1,1,1,1.0,1
gene_type,6ad4a33a3c0df0db,1,1,1,1.0,1
gene_type,9f9f98208912f720,1,1,1,1.0,1
gene_type,ecd904f3cd53a1b8,1,1,1,1.0,1
gene_type,86e70b34d6f73f32,1,1,1,1.0,1
gene_type,ea454c881643a19b,1,1,1,1.0,1
gene_type,bb73aac278d9b798,1,1,1,1.0,1
gene_type,f9caf30b2ffd00c5,1,1,1,1.0,1
gene_type,722cf7d32c437b8b,2,1,2,0.5,2
gene_type,8ec4a57ded3df4d2,2,1,2,0.5,2
gene_type,e921342c31696119,1,1,1,1.0,1
gene_type,e8b146c375a90640,1,1,1,1.0,1
gene_type,fc5f786cf0e23439,1,1,1,1.0,1
gene_type,daae2327064e9324,1,1,1,1.0,1
gene_type,6572b72662fcaa4c,1,1,1,1.0,1
gene_type,aa304eb59359a6d1,1,1,1,1.0,1
gene_type,8321d9a7d28afbc0,1,1,1,1.0,1
gene_type,4b9e3b86b26af1e8,1,1,1,1.0,1
gene_type,94150e9c8916b5b9,1,1,1,1.0,1
gene_type,5743cb78b9e601c4,1,1,1,1.0,1
gene_type,b93cfb7c666a6539,1,1,1,1.0,1
gene_type,fe1b65dee8be2b46,1,1,1,1.0,1
gene_type,f3e87de2162ad65b,1,1,1,1.0,1
gene_type,1939c97dc3f7f59a,1,1,1,1.0,1
gene_type,7595c5272a87b4be,1,1,1,1.0,1
gene_type,c48fdd6fb1001ff2,1,1,1,1.0,1
gene_type,924fda8e81ee4a5e,1,1,1,1.0,1
gene_type,0c9051a9075fb4d3,1,1,1,1.0,1
gene_type,e6b365b40da53179,1,1,1,1.0,1
gene_type,6d7ba6227fdd4d2f,1,1,1,1.0,1
gene_type,3ce39472e4fa264b,1,1,1,1.0,1
gene_type,4881c0e1ed2a0d95,1,1,1,1.0,1
gene_type,f78448cbd741d746,1,1,1,1.0,1
gene_type,034e64d61e053a49,2,1,2,0.5,2
gene_type,1203d4f287e61b44,1,1,1,1.0,1
gene_type,64c9d11393ccbb0f,2,1,2,0.5,2
gene_type,e00b16d94e19fabf,1,1,1,1.0,1
gene_type,c4d0ab7db1f183c9,1,1,1,1.0,1
gene_type,48d743c614adfd4a,1,1,1,1.0,1
gene_type,381cf2f0f6d0ccda,1,1,1,1.0,1
gene_type,23fbc1affbc52f95,1,1,1,1.0,1
gene_type,facdec97e4192b9e,1,1,1,1.0,1
gene_type,4a9ac9a5a4cf4ceb,1,1,1,1.0,1
gene_type,5227c35650f1e327,1,1,1,1.0,1
gene_type,4e9aacaebf453245,1,1,1,1.0,1
gene_type,9088283b45f5ca2b,1,1,1,1.0,1
gene_type,72ad22aff5a3ffab,1,1,1,1.0,1
gene_type,375967037ed3ce62,1,1,1,1.0,1
gene_type,b45688ddb573412f,1,1,1,1.0,1
gene_type,1ed989e80c0019bf,1,1,1,1.0,1
gene_type,2dc64deae5bb8ba7,1,1,1,1.0,1
gene_type,b2516ec64bcecbe0,1,1,1,1.0,1
gene_type,5a0e4b0d268e776e,2,1,2,0.5,2
gene_type,1d92077565675ebe,1,1,1,1.0,1
gene_type,cb1cf50719690a6f,1,1,1,1.0,1
gene_type,cd482fac4659edde,1,1,1,1.0,1
gene_type,54a676807fb04506,1,1,1,1.0,1
gene_type,bb06de8c66e5d94e,1,1,1,1.0,1
gene_type,2fe2306b4e333ea3,1,1,1,1.0,1
gene_type,4c9c03a2de76562d,1,1,1,1.0,1
gene_type,639da5511e41e360,1,1,1,1.0,1
gene_type,4c903891ec7bd300,1,1,1,1.0,1
gene_type,3ff7684c1a1cbf4a,1,1,1,1.0,1
gene_type,17c05c87b39c087c,1,1,1,1.0,1
gene_type,afcf282774fc328d,1,1,1,1.0,1
gene_type,578124a811c529ba,1,1,1,1.0,1
gene_type,c1d3552da3e39e8d,1,1,1,1.0,1
gene_type,e2a53d1c9117faac,1,1,1,1.0,1
gene_type,5da6a79e73adcf04,1,1,1,1.0,1
gene_type,d7078760ab3d6ad6,1,1,1,1.0,1
gene_type,3e916a7d941d8380,1,1,1,1.0,1
gene_type,272958fb68566b08,1,1,1,1.0,1
gene_type,1ef0118cb7f7f5e2,1,1,1,1.0,1
gene_type,8e07cc9eb55a929a,1,1,1,1.0,1
gene_type,3e27e88eb08df49a,1,1,1,1.0,1
gene_type,ec75b54873a3ea0b,1,1,1,1.0,1
gene_type,215858354f6aa40d,1,1,1,1.0,1
gene_type,d86fb426ca376544,1,1,1,1.0,1
gene_type,0c06369f526fa8af,2,1,2,0.5,2
gene_type,6fcc2fda234e4132,1,1,1,1.0,1
gene_type,55788973615c2368,1,1,1,1.0,1
gene_type,491c9089f6cb7cbf,2,1,2,0.5,2
gene_type,bb530a7b70f637eb,1,1,1,1.0,1
gene_type,d3a20158c49644ab,1,1,1,1.0,1
gene_type,a1e24ed2c223a5a3,1,1,1,1.0,1
gene_type,00c280d9c6867ac2,1,1,1,1.0,1
gene_type,5b746b8a3132ec2c,1,1,1,1.0,1
gene_type,a89a2c2ea53c0e35,1,1,1,1.0,1
gene_type,355e33db6351eee3,1,1,1,1.0,1
gene_type,e0c162f09f5c87da,1,1,1,1.0,1
gene_type,fe2ab591a337c537,1,1,1,1.0,1
gene_type,f83febbed9b55bf7,1,1,1,1.0,1
gene_type,582f832c8407a698,1,1,1,1.0,1
gene_type,194ea6d8bd57f021,1,1,1,1.0,1
gene_type,1caf51d34eeffc61,1,1,1,1.0,1
gene_type,48bc6a6c7be7a25f,1,1,1,1.0,1
gene_type,4397cefbcdc6f03a,1,1,1,1.0,1
gene_type,730995754910d580,1,1,1,1.0,1
gene_type,0088ba8d6cba5313,1,1,1,1.0,1
gene_type,1d74477f62901d7d,1,1,1,1.0,1
gene_type,7a3524d7c06f55d5,1,1,1,1.0,1
gene_type,e08ba9b4ac05ef43,1,1,1,1.0,1
gene_type,dc2634171b7c3638,1,1,1,1.0,1
gene_type,a7b96ac4d0c6198b,1,1,1,1.0,1
gene_type,77529240941cc041,1,1,1,1.0,1
gene_type,5f3aa86fbf5f89ad,1,1,1,1.0,1
gene_type,d80b397827ebdba2,1,1,1,1.0,1
gene_type,7f71dc465023a56f,1,1,1,1.0,1
gene_type,050b7c0ec9438c3c,1,1,1,1.0,1
gene_type,96f4a6b5b727fd46,1,1,1,1.0,1
gene_type,239d4bcb3de075da,1,1,1,1.0,1
gene_type,1d02681278f8629b,1,1,1,1.0,1
gene_type,3af9ab5424f551b0,1,1,1,1.0,1
gene_type,28f8fdf3a8ee69cf,1,1,1,1.0,1
gene_type,3b0e752fb9f88ce2,1,1,1,1.0,1
gene_type,5d10266f9958bd31,1,1,1,1.0,1
gene_type,8c7f18b21b57b156,1,1,1,1.0,1
gene_type,07273941e09a7c3b,1,1,1,1.0,1
gene_type,8a8c0c829dfc0f1c,1,1,1,1.0,1
gene_type,96b979cbb31861f1,1,1,1,1.0,1
gene_type,6f0232a677d923ff,1,1,1,1.0,1
gene_type,22c6196ef0fa52e0,1,1,1,1.0,1
gene_type,fbcf8ad18733d147,1,1,1,1.0,1
gene_type,fc12ea8bbe1c6abf,1,1,1,1.0,1
gene_type,2e9479272cb5fafb,1,1,1,1.0,1
gene_type,4f34fd220e75e636,1,1,1,1.0,1
gene_type,7ac0e6e54c7e4826,1,1,1,1.0,1
gene_type,836e7d5e845747dc,1,1,1,1.0,1
gene_type,3bc31354290fb17a,2,1,2,0.5,2
gene_type,bdad10298f2c0ac1,1,1,1,1.0,1
gene_type,dabb43ff6daba166,1,1,1,1.0,1
gene_type,d25cc0e00dce23f4,1,1,1,1.0,1
gene_type,9bba76ac31de9930,1,1,1,1.0,1
gene_type,8ca42f93f879f86d,1,1,1,1.0,1
gene_type,c8cadf0f7a423126,1,1,1,1.0,1
gene_type,90cddd9957b08282,1,1,1,1.0,1
gene_type,dc0517f289af2c5d,1,1,1,1.0,1
gene_type,15ad55adbdd61601,2,1,2,0.5,2
gene_type,0b59d3843666a288,1,1,1,1.0,1
gene_type,fe495eb21f8ebe96,1,1,1,1.0,1
gene_type,89c53de1242a1be5,1,1,1,1.0,1
gene_type,9f8ecb328f41b6b8,1,1,1,1.0,1
gene_type,ed6c21dee1e5004c,2,1,2,0.5,2
gene_type,804b41972ff46316,1,1,1,1.0,1
gene_type,dff982ab8255ba73,1,1,1,1.0,1
gene_type,0f1a3bb9ac3835f3,2,1,2,0.5,2
gene_type,033253490346ee0f,1,1,1,1.0,1
gene_type,ea5aba69bd1cce6e,1,1,1,1.0,1
gene_type,a8a7847eff0f7993,1,1,1,1.0,1
gene_type,2a2414f16a41ffd5,1,1,1,1.0,1
gene_type,e537555bcba40707,1,1,1,1.0,1
gene_type,60f1a3e6fd213c13,1,1,1,1.0,1
gene_type,35cd3d528f329c85,1,1,1,1.0,1
gene_type,752be1e98956d5c9,1,1,1,1.0,1
gene_type,1a3e162573efd101,1,1,1,1.0,1
gene_type,68a3fc067cc53438,1,1,1,1.0,1
gene_type,ea920acae09c8fd7,1,1,1,1.0,1
gene_type,05672beb95d49b8e,1,1,1,1.0,1
gene_type,68be815a8d52d68b,1,1,1,1.0,1
gene_type,8baae6255de10430,1,1,1,1.0,1
gene_type,e21a7b91f17db3bb,1,1,1,1.0,1
gene_type,8c5ff9da8c54a908,1,1,1,1.0,1
gene_type,77c048f51aa6cf53,1,1,1,1.0,1
gene_type,576c3140c7c05ac1,1,1,1,1.0,1
gene_type,4c937bc8952df2ed,1,1,1,1.0,1
gene_type,75d3df366e2b2595,1,1,1,1.0,1
gene_type,1e2ed8c235877460,1,1,1,1.0,1
gene_type,732cf845e33e7141,1,1,1,1.0,1
gene_type,b1e98a8a32ddb7d0,1,1,1,1.0,1
gene_type,5c8c0548c4c3f128,1,1,1,1.0,1
gene_type,54f7806ea5cc6d06,1,1,1,1.0,1
gene_type,f293bd16bccb1cf8,1,1,1,1.0,1
gene_type,ff01a5d0935810dc,1,1,1,1.0,1
gene_type,c61454bea4072fd3,1,1,1,1.0,1
gene_type,079a13e530bf3259,1,1,1,1.0,1
gene_type,fdd73b22a7e9f28b,1,1,1,1.0,1
gene_type,8fb491da1e14be21,1,1,1,1.0,1
gene_type,ab6aaf3e55f9997d,1,1,1,1.0,1
gene_type,2ae55fa30f23aa4f,1,1,1,1.0,1
gene_type,53094c5b669aeec8,2,1,2,0.5,2
gene_type,28d71f1df2fe691f,1,1,1,1.0,1
gene_type,068e2679b055da88,1,1,1,1.0,1
gene_type,a53b9dcec3ba1fcb,1,1,1,1.0,1
gene_type,c29f3fbb4537f9b4,1,1,1,1.0,1
gene_type,8a467a143deac733,1,1,1,1.0,1
gene_type,6fbe8d047a0949f4,1,1,1,1.0,1
gene_type,75b2e127fdcaf594,1,1,1,1.0,1
gene_type,b18f80a3ce45eaf7,1,1,1,1.0,1
gene_type,eae74d1e81525ac2,2,1,2,0.5,2
gene_type,bf19d9b9ae2ce037,1,1,1,1.0,1
gene_type,f188b039c94e7a2f,1,1,1,1.0,1
gene_type,a1fa18061a38de2e,1,1,1,1.0,1
gene_type,95dc141b9669eae4,1,1,1,1.0,1
gene_type,3200b06d02f8b5fd,1,1,1,1.0,1
gene_type,bbf2d1ea274f2f9a,1,1,1,1.0,1
gene_type,72327b61a7587295,1,1,1,1.0,1
gene_type,7030d424e87a3c16,1,1,1,1.0,1
gene_type,86075f362bfd7604,1,1,1,1.0,1
gene_type,722241c3e7ad7901,1,1,1,1.0,1
gene_type,d0a259643af0bf87,1,1,1,1.0,1
gene_type,c0be4d96bc2080d5,2,1,2,0.5,2
gene_type,6812ad64a5fc973c,1,1,1,1.0,1
gene_type,38040d548be3677d,1,1,1,1.0,1
gene_type,f8b49013e4f4dd61,1,1,1,1.0,1
gene_type,51316b20dc0b727b,1,1,1,1.0,1
gene_type,e5ad4d8d42e0bd21,1,1,1,1.0,1
gene_type,aefcf1e7ad448815,1,1,1,1.0,1
gene_type,b4c3e27765513953,2,1,2,0.5,2
gene_type,4dab3647a64d0c10,1,1,1,1.0,1
gene_type,26ae6661c06880fd,1,1,1,1.0,1
gene_type,4006ec41b2c2b7a2,1,1,1,1.0,1
gene_type,de866da583f40c79,1,1,1,1.0,1
gene_type,1a2c4f5e6c25b443,1,1,1,1.0,1
gene_type,4d90221f5ebaf939,1,1,1,1.0,1
gene_type,04d4ae457aef57c3,1,1,1,1.0,1
gene_type,24885023af87233d,1,1,1,1.0,1
gene_type,a6adb6ab1887eb63,1,1,1,1.0,1
gene_type,f7b60826640fd4b2,1,1,1,1.0,1
gene_type,40006efce0f76479,1,1,1,1.0,1
gene_type,ac7f4b0ff34e3d1a,1,1,1,1.0,1
gene_type,4ad2c4277df97b4b,1,1,1,1.0,1
gene_type,8b31c11e3a782e94,1,1,1,1.0,1
gene_type,1f5e3d2df46da7fc,1,1,1,1.0,1
gene_type,a956cddfe127cf86,1,1,1,1.0,1
gene_type,4032a41e9c1b0cd7,1,1,1,1.0,1
gene_type,72ea0d217d565b87,1,1,1,1.0,1
gene_type,42c5897b8d02c932,1,1,1,1.0,1
gene_type,5f511e0a9a93b979,1,1,1,1.0,1
gene_type,22a8e873a90eb69c,1,1,1,1.0,1
gene_type,088ca5122e854236,1,1,1,1.0,1
gene_type,0ec3b52c59468511,1,1,1,1.0,1
gene_type,3044040c25ebf62b,1,1,1,1.0,1
gene_type,0907ca5daa5bfbcd,1,1,1,1.0,1
gene_type,27e8f003ee3db1b2,1,1,1,1.0,1
gene_type,1542bd6ea7096f8c,2,1,2,0.5,2
gene_type,1160362680adf188,2,1,2,0.5,2
gene_type,121f3fd38906299c,1,1,1,1.0,1
gene_type,df3b31c14e0ed1f3,1,1,1,1.0,1
gene_type,4f1fc4a3616bb2a2,1,1,1,1.0,1
gene_type,8e6425ef0f88c26d,1,1,1,1.0,1
gene_type,28ad8aa96b7f35b5,1,1,1,1.0,1
gene_type,1eed89829aa278b8,1,1,1,1.0,1
gene_type,7ab30a5f316a5dc5,1,1,1,1.0,1
gene_type,86b91dfbd5e396aa,1,1,1,1.0,1
gene_type,ed863a280549408b,1,1,1,1.0,1
gene_type,334cbe2aa54bd1ea,1,1,1,1.0,1
gene_type,f39ed5e1b1267668,1,1,1,1.0,1
gene_type,cea5d58facea1ccd,1,1,1,1.0,1
gene_type,0d309ba6521e22c5,1,1,1,1.0,1
gene_type,673238cb45e5c0a4,1,1,1,1.0,1
gene_type,4e78c89e0ccad004,1,1,1,1.0,1
gene_type,243d723b12f20e36,1,1,1,1.0,1
gene_type,2df91fe9491f3648,1,1,1,1.0,1
gene_type,53f4b3e964fe8ede,1,1,1,1.0,1
gene_type,672bbc12a820fc9f,1,1,1,1.0,1
gene_type,afb6eddf70a6a43e,1,1,1,1.0,1
gene_type,8bf9b5a23a8b261a,1,1,1,1.0,1
gene_type,74c1a7e21fd289f5,1,1,1,1.0,1
gene_type,fd09505d5b96634d,1,1,1,1.0,1
gene_type,529a101d823933ac,1,1,1,1.0,1
gene_type,8606f06ae087f98c,1,1,1,1.0,1
gene_type,b6ac7f85492a18f2,1,1,1,1.0,1
gene_type,6ac3ebff5d0e7f72,2,1,2,0.5,2
gene_type,5fa929dba71c5249,1,1,1,1.0,1
gene_type,344c6e07c34ea3e7,1,1,1,1.0,1
gene_type,01f3af23c1b68dc8,1,1,1,1.0,1
gene_type,b9f58e718263fed3,1,1,1,1.0,1
gene_type,fd6c3cfae436bf19,1,1,1,1.0,1
gene_type,9a0113f6b812d0f1,1,1,1,1.0,1
gene_type,e5beabd060ab02f8,1,1,1,1.0,1
gene_type,bab0004ca719ed44,1,1,1,1.0,1
gene_type,2e06952ee60491e7,1,1,1,1.0,1
gene_type,c9737543d76d14bb,1,1,1,1.0,1
gene_type,9a3a4bbb8ec51f56,1,1,1,1.0,1
gene_type,e810d7e20771c6bd,1,1,1,1.0,1
gene_type,e46a52509dff518b,1,1,1,1.0,1
gene_type,10ed5c6d9e692153,1,1,1,1.0,1
gene_type,559374b5b2dd7dbf,1,1,1,1.0,1
gene_type,c89446b16fa11f7b,1,1,1,1.0,1
gene_type,8da3e4a3463d52d3,1,1,1,1.0,1
gene_type,931f4d5f0cb2420b,1,1,1,1.0,1
gene_type,1114212b83652c8d,1,1,1,1.0,1
gene_type,466fafc936f566a0,1,1,1,1.0,1
gene_type,7890f4834a248b31,1,1,1,1.0,1
gene_type,3434cb7a3e3538fe,1,1,1,1.0,1
gene_type,4b1e6109a0deadc6,1,1,1,1.0,1
gene_type,b9cae24d88048492,2,1,2,0.5,2
gene_type,ad675e56d0fa01c2,1,1,1,1.0,1
gene_type,6246b315b849ac73,1,1,1,1.0,1
gene_type,450071073c905207,1,1,1,1.0,1
gene_type,e6771a04b223f4b7,1,1,1,1.0,1
gene_type,f07ce36c844bc088,1,1,1,1.0,1
gene_type,934276a7b209d579,1,1,1,1.0,1
gene_type,7095ce2357fef671,1,1,1,1.0,1
gene_type,901ee7b1db9e1341,1,1,1,1.0,1
gene_type,5cc50f04fcaea202,1,1,1,1.0,1
gene_type,58c448eab40e1584,1,1,1,1.0,1
gene_type,3506aec85b306c15,1,1,1,1.0,1
gene_type,1212736ce70ed01a,1,1,1,1.0,1
gene_type,491974863559d514,1,1,1,1.0,1
gene_type,b531bda6bc2e4e14,1,1,1,1.0,1
gene_type,8e1a1550f219bc42,1,1,1,1.0,1
gene_type,78719a0f7de0b625,1,1,1,1.0,1
gene_type,cc9b07a9de7aff31,1,1,1,1.0,1
gene_type,db726b3eb454aa95,1,1,1,1.0,1
gene_type,662a3682a996bf7e,1,1,1,1.0,1
gene_type,a74942caa88c625e,1,1,1,1.0,1
gene_type,b8217f055dd57af6,1,1,1,1.0,1
gene_type,0a4e15d1a660a4d2,1,1,1,1.0,1
gene_type,81ea07c01441e4ed,1,1,1,1.0,1
gene_type,6ca9b731041aa8de,1,1,1,1.0,1
gene_type,7433c72cc5338d3d,1,1,1,1.0,1
gene_type,1f3c78dfdf62a209,1,1,1,1.0,1
gene_type,03cea7747a5cb8a0,1,1,1,1.0,1
gene_type,dab46be2b531ed4e,1,1,1,1.0,1
gene_type,0d7d748a69cbd66e,1,1,1,1.0,1
gene_type,38312cf261bc6d3b,1,1,1,1.0,1
gene_type,d65fc2de24f7e767,1,1,1,1.0,1
gene_type,e708c0d37e838856,1,1,1,1.0,1
gene_type,d4bdd68e62442eab,1,1,1,1.0,1
gene_type,0f54f144cdda8e09,1,1,1,1.0,1
gene_type,513902592f215121,1,1,1,1.0,1
gene_type,e4aacf033d8b2700,1,1,1,1.0,1
gene_type,507dc8991433137d,1,1,1,1.0,1
gene_type,2c722e686c0e5214,1,1,1,1.0,1
gene_type,7a9d1f87c9d1adb5,1,1,1,1.0,1
gene_type,fe79d4f66dd56724,1,1,1,1.0,1
gene_type,44a630a89b4ffc29,1,1,1,1.0,1
gene_type,53b8b3885c6a9157,1,1,1,1.0,1
gene_type,406af6d554d7766b,1,1,1,1.0,1
gene_type,00f6bada418f4b23,1,1,1,1.0,1
gene_type,b5a765a43db406a4,1,1,1,1.0,1
gene_type,1a594febeba33db6,1,1,1,1.0,1
gene_type,74903bf2b89a4c70,1,1,1,1.0,1
gene_type,8783db3720a8409e,1,1,1,1.0,1
gene_type,bd992b3c9b5c9d6a,1,1,1,1.0,1
gene_type,b343583199b72dc6,1,1,1,1.0,1
gene_type,3efb5a4ba9a87e56,1,1,1,1.0,1
gene_type,d004c06685c07a3a,1,1,1,1.0,1
gene_type,733ea1d48f39a5bf,1,1,1,1.0,1
gene_type,7c70d05f2d93cb56,2,1,2,0.5,2
gene_type,f2f174702bae3671,1,1,1,1.0,1
gene_type,f124e6366b75e739,1,1,1,1.0,1
gene_type,0a7ce10754ce28e1,1,1,1,1.0,1
gene_type,a88f2c11d2fdce0e,2,1,2,0.5,2
gene_type,d8de14f5b963869e,1,1,1,1.0,1
gene_type,23238a492efb1f52,1,1,1,1.0,1
gene_type,bc7acc5417beb89b,1,1,1,1.0,1
gene_type,7bc206b72445b7c7,1,1,1,1.0,1
gene_type,ae126865c6073507,1,1,1,1.0,1
gene_type,aeae95300b9387d9,1,1,1,1.0,1
gene_type,2873ac1e7426e528,1,1,1,1.0,1
gene_type,62f9b9c7ab6c929a,1,1,1,1.0,1
gene_type,29ddf9f6f0a89557,1,1,1,1.0,1
gene_type,ab4eca7f37a69f9a,1,1,1,1.0,1
gene_type,8f1463645a7e1001,1,1,1,1.0,1
gene_type,ad97cab3c87d0c7e,1,1,1,1.0,1
gene_type,bb490bbb1cd27d9f,1,1,1,1.0,1
gene_type,c95a815cfc7c46dc,1,1,1,1.0,1
gene_type,36e6096aa3e2326f,1,1,1,1.0,1
gene_type,4f9e877475416bfa,1,1,1,1.0,1
gene_type,b0930337d2b69484,1,1,1,1.0,1
gene_type,47d2961be6644dbd,1,1,1,1.0,1
gene_type,642a0f1c78cd74ef,1,1,1,1.0,1
gene_type,9ea0673b79bbfd1e,1,1,1,1.0,1
gene_type,8f6710aeaafee00b,1,1,1,1.0,1
gene_type,01f5d68fb5524e0b,1,1,1,1.0,1
gene_type,ab21138207942de5,1,1,1,1.0,1
gene_type,4404472849ff0fe5,1,1,1,1.0,1
gene_type,4a7077bb70e31229,1,1,1,1.0,1
gene_type,c670f52beddc27ec,1,1,1,1.0,1
gene_type,6fcc901ec5112609,1,1,1,1.0,1
gene_type,13c292f9995729b1,1,1,1,1.0,1
gene_type,d63b48c48908fa0a,1,1,1,1.0,1
gene_type,1ab24c0f35c10ccb,1,1,1,1.0,1
gene_type,0f7b21ed3c0c9799,1,1,1,1.0,1
gene_type,4ab82aa0063b4cca,1,1,1,1.0,1
gene_type,ccde32a62a76d77d,1,1,1,1.0,1
gene_type,163576123eedf274,1,1,1,1.0,1
gene_type,ad14479a7e241e5c,1,1,1,1.0,1
gene_type,d255c1b03878c035,1,1,1,1.0,1
gene_type,75262348e9002b17,1,1,1,1.0,1
gene_type,11ebbad3dcdeb3f9,1,1,1,1.0,1
gene_type,9dc5dc240a392a4a,1,1,1,1.0,1
gene_type,555cef9eb58c6eaa,1,1,1,1.0,1
gene_type,df55cb04fc9fd3a5,1,1,1,1.0,1
gene_type,79324086a6049dbc,1,1,1,1.0,1
gene_type,04c68471cb441c17,1,1,1,1.0,1
gene_type,9199baba793ba9bb,1,1,1,1.0,1
gene_type,f83f5f8c0c3cdb69,1,1,1,1.0,1
gene_type,e5582ad41fbc8325,1,1,1,1.0,1
gene_type,9d33115aa5dfdba7,1,1,1,1.0,1
gene_type,7dbffc0bb8b1fba0,1,1,1,1.0,1
gene_type,1075928c6033c3bd,1,1,1,1.0,1
gene_type,3d25dd0e953085a4,1,1,1,1.0,1
gene_type,b5b38ede135ace1f,1,1,1,1.0,1
gene_type,8a070e7f4b0ee31e,1,1,1,1.0,1
gene_type,5893fbcf12a27446,1,1,1,1.0,1
gene_type,27e6e0497c1cff71,1,1,1,1.0,1
gene_type,90dd49302ce254a3,1,1,1,1.0,1
gene_type,0e2eda31f68dfe41,1,1,1,1.0,1
gene_type,deece8aaa89ff896,1,1,1,1.0,1
gene_type,c97d24d9e0b80a58,1,1,1,1.0,1
gene_type,063017d6660cebec,1,1,1,1.0,1
gene_type,eb8f9183e74da596,1,1,1,1.0,1
gene_type,e804fd194d437840,1,1,1,1.0,1
gene_type,d34a5c94e7c2c8d9,1,1,1,1.0,1
gene_type,0fe849fc3618ad5a,1,1,1,1.0,1
gene_type,8fe8cae46982c8e1,1,1,1,1.0,1
gene_type,67023889cd93d3e6,1,1,1,1.0,1
gene_type,9c26cbba8ed9f907,1,1,1,1.0,1
gene_type,8393434a1e29ae7b,1,1,1,1.0,1
gene_type,50e21446f4ca5645,1,1,1,1.0,1
gene_type,7957efa247fee363,1,1,1,1.0,1
gene_type,73035a700774e9e8,1,1,1,1.0,1
gene_type,1c09e0ca33cf017f,1,1,1,1.0,1
gene_type,1c5034e35d5c746e,1,1,1,1.0,1
gene_type,931f6b7de12b4d52,1,1,1,1.0,1
gene_type,d0a5e1e9ff5cb636,1,1,1,1.0,1
gene_type,c0593f3ef702300e,1,1,1,1.0,1
gene_type,1d27e4168f260b9a,1,1,1,1.0,1
gene_type,30b0c14d5af09683,1,1,1,1.0,1
gene_type,7b4b1b787a9f37d8,1,1,1,1.0,1
gene_type,c45395366021e530,1,1,1,1.0,1
gene_type,d8641070344ca83f,1,1,1,1.0,1
gene_type,31e77c865e6470be,1,1,1,1.0,1
gene_type,0eeefc2626770823,1,1,1,1.0,1
gene_type,ba44c876bf7be2a8,1,1,1,1.0,1
gene_type,a269e137dcf62745,1,1,1,1.0,1
gene_type,55bc243258b8fd61,1,1,1,1.0,1
gene_type,806a2dce0ee1f31e,1,1,1,1.0,1
gene_type,881ffd6ef856af3b,1,1,1,1.0,1
gene_type,5961d43a22bbf80b,1,1,1,1.0,1
gene_type,2ee5b8f8564955ca,1,1,1,1.0,1
gene_type,918066014d437cff,2,1,2,0.5,2
gene_type,fe96aca5c243a176,1,1,1,1.0,1
gene_type,dc8b447031ec51b8,1,1,1,1.0,1
gene_type,ee39816d466a8008,1,1,1,1.0,1
gene_type,b3df644898229516,1,1,1,1.0,1
gene_type,6f8d6137f66f73cd,1,1,1,1.0,1
gene_type,4b2be43ba3125a00,1,1,1,1.0,1
gene_type,f82edb3bb7687fea,1,1,1,1.0,1
gene_type,4219b6b42bbe9096,1,1,1,1.0,1
gene_type,a318a3199fc971cd,1,1,1,1.0,1
gene_type,8d6f3361434178a0,1,1,1,1.0,1
gene_type,563b2cec6b43c430,1,1,1,1.0,1
gene_type,e29e9215d5a040bc,1,1,1,1.0,1
gene_type,c1029706fff007eb,1,1,1,1.0,1
gene_type,ea0c4f62b7da2cfd,1,1,1,1.0,1
gene_type,ce1a7d0f66bd0f57,1,1,1,1.0,1
gene_type,984364fcfc765427,1,1,1,1.0,1
gene_type,da19980f823993ba,1,1,1,1.0,1
gene_type,7a4b2ddbb712a717,1,1,1,1.0,1
gene_type,2147e7a484ecc89c,1,1,1,1.0,1
gene_type,e884ddab084ab3b6,2,1,2,0.5,2
gene_type,6980038e87564c15,1,1,1,1.0,1
gene_type,b5502694a764cbf2,1,1,1,1.0,1
gene_type,de6513dfc32062ad,1,1,1,1.0,1
gene_type,acc384ae0ecfb95e,1,1,1,1.0,1
gene_type,74ec5a803510f617,2,1,2,0.5,2
gene_type,8db12d283c92bd50,1,1,1,1.0,1
gene_type,b321598da9277837,1,1,1,1.0,1
gene_type,75d04eaafb03d259,1,1,1,1.0,1
gene_type,ebfa1058bf66269b,2,1,2,0.5,2
gene_type,ce7fcc752c16012a,1,1,1,1.0,1
gene_type,65532f553256afa3,1,1,1,1.0,1
gene_type,6b4e09add3f6ee0b,1,1,1,1.0,1
gene_type,31eee8ecac84cbee,1,1,1,1.0,1
gene_type,82698202802b9d1f,1,1,1,1.0,1
gene_type,0dacddbc428d457f,1,1,1,1.0,1
gene_type,51b131b1aad2324f,1,1,1,1.0,1
gene_type,2d262c30d4558063,1,1,1,1.0,1
gene_type,111ec14acdffc83d,2,1,2,0.5,2
gene_type,a12a140afbdf8c35,1,1,1,1.0,1
gene_type,2cce7d14d14089b2,2,1,2,0.5,2
gene_type,300eb77a8bebeda0,1,1,1,1.0,1
gene_type,d44748d8f6edf127,1,1,1,1.0,1
gene_type,682712618bb2b8dd,1,1,1,1.0,1
gene_type,83021092cd3d362b,1,1,1,1.0,1
gene_type,7b045a4c51d2ffbe,1,1,1,1.0,1
gene_type,2bb4e0122c16b904,1,1,1,1.0,1
gene_type,8d63e3ee562a45d1,1,1,1,1.0,1
gene_type,5d68183f8d1f78f6,1,1,1,1.0,1
gene_type,1f16971fdb6f741c,1,1,1,1.0,1
gene_type,3a4105720f147d79,1,1,1,1.0,1
gene_type,1f3d6f71a484c722,1,1,1,1.0,1
gene_type,2808e51f828bffdd,1,1,1,1.0,1
gene_type,9f935896ae9d966d,1,1,1,1.0,1
gene_type,b8f91a1504dd43c6,1,1,1,1.0,1
gene_type,c4e30926cb548abe,1,1,1,1.0,1
gene_type,5a658c4ff0bd711d,1,1,1,1.0,1
gene_type,32644c70896e12c1,1,1,1,1.0,1
gene_type,5afc31110754baa2,1,1,1,1.0,1
gene_type,936c2062cf10936a,1,1,1,1.0,1
gene_type,580a3d74881d158b,1,1,1,1.0,1
gene_type,79be23b2a27b2a83,1,1,1,1.0,1
gene_type,ddf89a869390f35b,1,1,1,1.0,1
gene_type,f39ec5da12e0a000,1,1,1,1.0,1
gene_type,4c033aedafc93527,1,1,1,1.0,1
gene_type,5eb87a128044809f,1,1,1,1.0,1
gene_type,7ed6e88eac400aca,1,1,1,1.0,1
gene_type,08ed99d8f185fb9c,1,1,1,1.0,1
gene_type,a29c47500a7ffe02,1,1,1,1.0,1
gene_type,d14a801edc5c9285,1,1,1,1.0,1
gene_type,5d3a7f65c15ffe2d,1,1,1,1.0,1
gene_type,50a84bd0c530c797,1,1,1,1.0,1
gene_type,eb4dfaac32eb1a5c,1,1,1,1.0,1
gene_type,7e24df2452224a70,1,1,1,1.0,1
gene_type,030047af40716bdb,1,1,1,1.0,1
gene_type,5a1f253efef8e5be,1,1,1,1.0,1
gene_type,043b835aff71101f,2,1,2,0.5,2
gene_type,8fddb9f4008ae61c,1,1,1,1.0,1
gene_type,e0a3f1b1f750bfeb,1,1,1,1.0,1
gene_type,5021113681995446,1,1,1,1.0,1
gene_type,81521ef7c31a87ff,2,1,2,0.5,2
gene_type,4990bfa09384492b,1,1,1,1.0,1
gene_type,7af03c44dcc7f21a,1,1,1,1.0,1
gene_type,bb9cc8eb3e061a1c,1,1,1,1.0,1
gene_type,b066d3a39c017bec,1,1,1,1.0,1
gene_type,3a148513c361db63,1,1,1,1.0,1
gene_type,09201d9c785bf57b,1,1,1,1.0,1
gene_type,ade288a220dbb3fe,1,1,1,1.0,1
gene_type,9ff4a52967849aeb,1,1,1,1.0,1
gene_type,794377265d3ec254,1,1,1,1.0,1
gene_type,3e5d89407e2c1013,1,1,1,1.0,1
gene_type,0d3c01af82f6ded3,1,1,1,1.0,1
gene_type,9635818243d9388d,1,1,1,1.0,1
gene_type,780232083fa508de,1,1,1,1.0,1
gene_type,3719418c22cc4879,1,1,1,1.0,1
gene_type,43eb1f8871a36e40,1,1,1,1.0,1
gene_type,5786f216b00d7b1a,1,1,1,1.0,1
gene_type,372b5b54923c3d04,2,1,2,0.5,2
gene_type,1fa018ec6fde4ea0,1,1,1,1.0,1
gene_type,27d4fbf4a4d08b1d,1,1,1,1.0,1
gene_type,0ab9d9d8a3c33f57,1,1,1,1.0,1
gene_type,6590d53f3e7b3d9f,1,1,1,1.0,1
gene_type,d909c6f9d89474d4,1,1,1,1.0,1
gene_type,224d18379ba1c1eb,2,1,2,0.5,2
gene_type,e9a051c7959cd329,1,1,1,1.0,1
gene_type,432edca420db29df,1,1,1,1.0,1
gene_type,3b797fa8c690fd1b,1,1,1,1.0,1
gene_type,21094f06d6ab327e,1,1,1,1.0,1
gene_type,bd5b516088d7a917,1,1,1,1.0,1
gene_type,4e0f7604a97147ab,1,1,1,1.0,1
gene_type,8fc35b623b065899,1,1,1,1.0,1
gene_type,98a24d0ecf218095,1,1,1,1.0,1
gene_type,5d83260e2ba9c58e,1,1,1,1.0,1
gene_type,ef8d9b48a7beb441,1,1,1,1.0,1
gene_type,b81d56037c50b34b,1,1,1,1.0,1
gene_type,1f6aa8ff6f60d1aa,1,1,1,1.0,1
gene_type,e268f5b7695e75ef,1,1,1,1.0,1
gene_type,d0b665cfdbb87a43,1,1,1,1.0,1
gene_type,8c783ab54c06ba02,1,1,1,1.0,1
gene_type,e91f0e975675a7f2,1,1,1,1.0,1
gene_type,1f9bae2e28e01860,1,1,1,1.0,1
gene_type,f10d6c4398cc2221,1,1,1,1.0,1
gene_type,59c52c36b0edc008,1,1,1,1.0,1
gene_type,6e63ba000704d4df,1,1,1,1.0,1
gene_type,79fb95e54c38b98e,1,1,1,1.0,1
gene_type,7ec0233ded0c8794,1,1,1,1.0,1
gene_type,ad1c3e97b08faa79,1,1,1,1.0,1
gene_type,c126e88ca73021bb,1,1,1,1.0,1
gene_type,289ddc03378d5ecf,1,1,1,1.0,1
gene_type,4b0e18c13e667414,1,1,1,1.0,1
gene_type,4794d5fae0496d15,1,1,1,1.0,1
gene_type,a7b601e9b06cf4dc,1,1,1,1.0,1
gene_type,c841a31faa6dc2e2,1,1,1,1.0,1
gene_type,a79cc0c1fe5f1422,1,1,1,1.0,1
gene_type,ab5267e14c2e4f3d,1,1,1,1.0,1
gene_type,00a7df639385325f,1,1,1,1.0,1
gene_type,8e49b83d3b616429,1,1,1,1.0,1
gene_type,7f37b8d7020b79a7,1,1,1,1.0,1
gene_type,38d3b0cb7b6163fd,1,1,1,1.0,1
gene_type,3c9397d16ab50783,1,1,1,1.0,1
gene_type,bbaaf7497ee7167e,1,1,1,1.0,1
gene_type,155e768ae1c018f8,1,1,1,1.0,1
gene_type,4eb8d44fe6bebc90,1,1,1,1.0,1
gene_type,077bbe7163e87637,1,1,1,1.0,1
gene_type,e361bd76f71a8b86,1,1,1,1.0,1
gene_type,5529c81f77d41fbd,2,1,2,0.5,2
gene_type,191ccda92824373f,2,1,2,0.5,2
gene_type,da947bf19d857467,1,1,1,1.0,1
gene_type,fe523dd83ed2e45d,1,1,1,1.0,1
gene_type,f0cbcc4297d2169b,1,1,1,1.0,1
gene_type,aeee50d8ddb171f7,1,1,1,1.0,1
gene_type,89ecaf9d953d4899,1,1,1,1.0,1
gene_type,a5be4c7961d54daf,1,1,1,1.0,1
gene_type,5cad80bb63260dac,1,1,1,1.0,1
gene_type,4f44f22fcde5f460,2,1,2,0.5,2
gene_type,8a7bfb2c0cf83468,1,1,1,1.0,1
gene_type,759b04f017e7ff38,1,1,1,1.0,1
gene_type,c121209136b4933d,1,1,1,1.0,1
gene_type,a9770f801db2d7de,1,1,1,1.0,1
gene_type,178aabd86b6283e6,1,1,1,1.0,1
gene_type,e36a642c8a7a3c96,1,1,1,1.0,1
gene_type,38f7676268ace568,1,1,1,1.0,1
gene_type,5063df246ab1257e,2,1,2,0.5,2
gene_type,29ca5a9d033ee4d3,1,1,1,1.0,1
gene_type,a2235ae99f21ccea,2,1,2,0.5,2
gene_type,5a5586458477d6ac,1,1,1,1.0,1
gene_type,84306ca608676ed6,1,1,1,1.0,1
gene_type,57eeb901c0764ee2,1,1,1,1.0,1
gene_type,b43e80d821175893,1,1,1,1.0,1
gene_type,23b3701f99052bdb,1,1,1,1.0,1
gene_type,db11493801a3184d,1,1,1,1.0,1
gene_type,9b9e8081b9e08674,1,1,1,1.0,1
gene_type,2ae2d72c1871bf1a,1,1,1,1.0,1
gene_type,d6f55a94582048a9,1,1,1,1.0,1
gene_type,2c547d6ebaca72bf,1,1,1,1.0,1
gene_type,52470c62237f12c5,1,1,1,1.0,1
gene_type,e7e2fd32eecdc8e1,1,1,1,1.0,1
gene_type,f6f2b6fc3d399f85,1,1,1,1.0,1
gene_type,327392d4ad0ccec9,1,1,1,1.0,1
gene_type,db7f84e20012f380,1,1,1,1.0,1
gene_type,f620d8fd295785b0,1,1,1,1.0,1
gene_type,9a52a0e879fb3cd1,1,1,1,1.0,1
gene_type,46b35e94d45e82ac,1,1,1,1.0,1
gene_type,0de42fba24c05ead,1,1,1,1.0,1
gene_type,24dd4835642238c7,1,1,1,1.0,1
gene_type,6018bc81a90b4a07,1,1,1,1.0,1
gene_type,7bd5c1db8b3e431d,1,1,1,1.0,1
gene_type,1d79676e8f4b6e30,1,1,1,1.0,1
gene_type,fa04c6a244f5b8ec,1,1,1,1.0,1
gene_type,208bdba49cb6c47e,1,1,1,1.0,1
gene_type,6858c92215d349a9,1,1,1,1.0,1
gene_type,e32747c2894d24e7,1,1,1,1.0,1
gene_type,d82d8f7cdb79abbf,2,1,2,0.5,2
gene_type,22327d226ed97d0b,1,1,1,1.0,1
gene_type,075bca5509d633b0,1,1,1,1.0,1
gene_type,5aa1502b969e6bd6,1,1,1,1.0,1
gene_type,db94cbedac7e39be,1,1,1,1.0,1
gene_type,e0835647e753bd11,1,1,1,1.0,1
gene_type,36d2a96cf60709e5,1,1,1,1.0,1
gene_type,dd52ee9e2b7f9f1b,1,1,1,1.0,1
gene_type,71a7fd12459982d2,1,1,1,1.0,1
gene_type,06a3362ca37777a6,1,1,1,1.0,1
gene_type,d3fc55d7207addee,1,1,1,1.0,1
gene_type,a5971f8c0ccbaf27,1,1,1,1.0,1
gene_type,0fd2fd9dcdf9f504,1,1,1,1.0,1
gene_type,a9761c89323830b5,1,1,1,1.0,1
gene_type,7c2868fca4d6924c,1,1,1,1.0,1
gene_type,d99ea6cbe67c99c6,1,1,1,1.0,1
gene_type,7bba44dc534f572f,2,1,2,0.5,2
gene_type,b0d8880a9ea22a14,1,1,1,1.0,1
gene_type,accab6b189b9f1d8,1,1,1,1.0,1
gene_type,c25f66cee810d485,1,1,1,1.0,1
gene_type,dbef672e14c4fc84,1,1,1,1.0,1
gene_type,801273c3f01c46d3,1,1,1,1.0,1
gene_type,24d16ecbfcdf8007,1,1,1,1.0,1
gene_type,a55a55cbf7368b5a,1,1,1,1.0,1
gene_type,9b81e1d53d039814,1,1,1,1.0,1
gene_type,a00ea840beaefbcc,1,1,1,1.0,1
gene_type,f89bd9f3b872080a,1,1,1,1.0,1
gene_type,2044826d1562399a,1,1,1,1.0,1
gene_type,70bd1684650fc5db,1,1,1,1.0,1
gene_type,b7ce50bb0e1e224d,1,1,1,1.0,1
gene_type,8bf6dba7d450c74a,1,1,1,1.0,1
gene_type,cce994fa9d91f41d,1,1,1,1.0,1
gene_type,09a9a0255010d7e5,1,1,1,1.0,1
gene_type,d304154a00a1efdc,1,1,1,1.0,1
gene_type,8a61e922325ae9db,1,1,1,1.0,1
gene_type,937c59ec3f431ef7,1,1,1,1.0,1
gene_type,1e711f0695d0d129,1,1,1,1.0,1
gene_type,aab5fca7d64caf45,2,1,2,0.5,2
gene_type,197d540fdbbe930f,1,1,1,1.0,1
gene_type,c4087c7cdcba87bf,1,1,1,1.0,1
gene_type,9eaf87ea061f5016,1,1,1,1.0,1
gene_type,881a46166235d9e7,1,1,1,1.0,1
gene_type,de73cf14522945bd,1,1,1,1.0,1
gene_type,c19b4330baa0ec23,1,1,1,1.0,1
gene_type,26b82ba5d86066ab,2,1,2,0.5,2
gene_type,3e8589ca2b6e3ad5,1,1,1,1.0,1
gene_type,d56a595779b19297,1,1,1,1.0,1
gene_type,e92334755e0440d6,1,1,1,1.0,1
gene_type,fc33c4baa9a699db,1,1,1,1.0,1
gene_type,858bbcdaaca57227,1,1,1,1.0,1
gene_type,a100357e2454619b,1,1,1,1.0,1
gene_type,24ddc3dbf8ff3b86,1,1,1,1.0,1
gene_type,7cfc31879e3c4848,1,1,1,1.0,1
gene_type,4d2ade69b653c32d,1,1,1,1.0,1
gene_type,01c3826b883bf955,1,1,1,1.0,1
gene_type,bb26e8fb434ebe6d,1,1,1,1.0,1
gene_type,43c060f7d91f68b3,1,1,1,1.0,1
gene_type,de460b83545b51fc,1,1,1,1.0,1
gene_type,024f9540b00b783e,1,1,1,1.0,1
gene_type,6e9689e5405a02f9,1,1,1,1.0,1
gene_type,8dd900e2f3ef2d33,1,1,1,1.0,1
gene_type,229401aa0b17c469,1,1,1,1.0,1
gene_type,bbc59d08bfccfb52,1,1,1,1.0,1
gene_type,f8fb5c10648a27ea,1,1,1,1.0,1
gene_type,3877d0c1e14215a8,1,1,1,1.0,1
gene_type,47d2ddb56f4d5d48,1,1,1,1.0,1
gene_type,134153d6c6e2913d,1,1,1,1.0,1
gene_type,51cc03943573d33c,1,1,1,1.0,1
gene_type,d18c91ed6a4de382,1,1,1,1.0,1
gene_type,25b7560f2f797b42,1,1,1,1.0,1
gene_type,1c267b2badb54ac2,1,1,1,1.0,1
gene_type,625e9cb907b443c2,1,1,1,1.0,1
gene_type,fd1e8226ec9ebf54,1,1,1,1.0,1
gene_type,84a944ad67e85e43,1,1,1,1.0,1
gene_type,cc50c3b588e6f8da,1,1,1,1.0,1
gene_type,3bd6c589783a3b14,1,1,1,1.0,1
gene_type,08c05b0ca88d64de,1,1,1,1.0,1
gene_type,699a708c008a2c7f,1,1,1,1.0,1
gene_type,e6accfe7cc1a86e6,1,1,1,1.0,1
gene_type,f245cbfee2b2f820,1,1,1,1.0,1
gene_type,1116da4bb21bf404,1,1,1,1.0,1
gene_type,59d87871cad06505,1,1,1,1.0,1
gene_type,bafa51125e590f7c,1,1,1,1.0,1
gene_type,f6c2800a925c5635,2,1,2,0.5,2
gene_type,c4e41e2276847770,1,1,1,1.0,1
gene_type,b801f7896043a5fb,1,1,1,1.0,1
gene_type,4c0186c6b3bb8b88,1,1,1,1.0,1
gene_type,6072f7b339230e19,1,1,1,1.0,1
gene_type,4e562b72c232e307,1,1,1,1.0,1
gene_type,97275dd6b394edb5,1,1,1,1.0,1
gene_type,c2f722aa75519cc4,1,1,1,1.0,1
gene_type,b1701a256ea55894,1,1,1,1.0,1
gene_type,3cc2ed29d9d46c39,1,1,1,1.0,1
gene_type,8340cca812abb893,1,1,1,1.0,1
gene_type,04a0d0adc55d4ae4,1,1,1,1.0,1
gene_type,b1c6813f85e21fcf,1,1,1,1.0,1
gene_type,97ecd023300c8af1,1,1,1,1.0,1
gene_type,e59270c2970d8007,1,1,1,1.0,1
gene_type,a25bdd95ebb8458c,1,1,1,1.0,1
gene_type,2a933b127f7e8b64,1,1,1,1.0,1
gene_type,b7f62f82f1a0e66a,1,1,1,1.0,1
gene_type,4478a6abcfcaf941,1,1,1,1.0,1
gene_type,19e582bb051bc4c8,1,1,1,1.0,1
gene_type,cd82db8e7cce6362,1,1,1,1.0,1
gene_type,4b4136914df8854d,1,1,1,1.0,1
gene_type,2afec438eb8aad6b,1,1,1,1.0,1
gene_type,c57fbf7a0b5ed199,1,1,1,1.0,1
gene_type,81b02a428ada75c6,1,1,1,1.0,1
gene_type,4e0c9e90f6ded2c7,1,1,1,1.0,1
gene_type,4794e35211b6c0d9,1,1,1,1.0,1
gene_type,8db68ae057ab5704,1,1,1,1.0,1
gene_type,8f7ad4613c674d80,1,1,1,1.0,1
gene_type,6e4aa33b38b1b229,1,1,1,1.0,1
gene_type,3eebcba87de786d8,1,1,1,1.0,1
gene_type,0c65eec1fd1486b3,1,1,1,1.0,1
gene_type,0d79b4e0125424d4,1,1,1,1.0,1
gene_type,2d6f6979082d4466,1,1,1,1.0,1
gene_type,96dc15fb3b0729a2,1,1,1,1.0,1
gene_type,533798ea9865cd93,1,1,1,1.0,1
gene_type,b0801f0186d5d252,1,1,1,1.0,1
gene_type,6c8f734e3f411b87,1,1,1,1.0,1
gene_type,50a628f6e5d82aa9,1,1,1,1.0,1
gene_type,e02f864c8f56d69e,1,1,1,1.0,1
gene_type,7f8fa92aa7065ac6,1,1,1,1.0,1
gene_type,176c8aa2792909b4,1,1,1,1.0,1
gene_type,5b24ab464e26a8f1,1,1,1,1.0,1
gene_type,05f7d3987f6061ab,1,1,1,1.0,1
gene_type,f4aa57002f7ea988,1,1,1,1.0,1
gene_type,c99ae27dac04e163,1,1,1,1.0,1
gene_type,9b058a2678741bf1,1,1,1,1.0,1
gene_type,6727a62bb714757a,1,1,1,1.0,1
gene_type,16347217be1ff40e,1,1,1,1.0,1
gene_type,0fcda7fadd98225a,1,1,1,1.0,1
gene_type,c5bde1be22c6e02e,1,1,1,1.0,1
gene_type,36a671cdf9dc9628,1,1,1,1.0,1
gene_type,b12c1ae8d895a43f,1,1,1,1.0,1
gene_type,4f8b4984624eab42,1,1,1,1.0,1
gene_type,13875df7d9eeba2e,1,1,1,1.0,1
gene_type,128111dc4c528b75,1,1,1,1.0,1
gene_type,cbeba9d239b5d260,1,1,1,1.0,1
gene_type,4b6d9661ada58809,1,1,1,1.0,1
gene_type,25045e94fffdc9ef,1,1,1,1.0,1
gene_type,d424c971dfacc484,1,1,1,1.0,1
gene_type,3e0d073a5ba9956a,1,1,1,1.0,1
gene_type,10110e7f326eff4d,1,1,1,1.0,1
gene_type,e79fad797b304d8e,1,1,1,1.0,1
gene_type,72e1e05125bc2c6b,1,1,1,1.0,1
gene_type,a447ed8fe23cec55,1,1,1,1.0,1
gene_type,bab01ec540aeb4b9,1,1,1,1.0,1
gene_type,f40109627a46fe8c,1,1,1,1.0,1
gene_type,dbb4c21061c3620f,1,1,1,1.0,1
gene_type,1ea4275a5c731f92,1,1,1,1.0,1
gene_type,7ea0853235204434,1,1,1,1.0,1
gene_type,d92522d2631ad2e6,1,1,1,1.0,1
gene_type,f40157f02b5c5d12,1,1,1,1.0,1
gene_type,d955e4f6d846640e,1,1,1,1.0,1
gene_type,b8f7acc5a7f8d780,1,1,1,1.0,1
gene_type,32e231a2d8c84e59,1,1,1,1.0,1
gene_type,6fac98295cf666a3,1,1,1,1.0,1
gene_type,f4ba0024bc020448,1,1,1,1.0,1
gene_type,2138505b9086a1ac,1,1,1,1.0,1
gene_type,646ce6210948febd,1,1,1,1.0,1
gene_type,1c65cb557f37c23b,1,1,1,1.0,1
gene_type,af0b432750877c87,1,1,1,1.0,1
gene_type,07b5e4e33ae9d0a8,1,1,1,1.0,1
gene_type,e13eeff8805ec629,1,1,1,1.0,1
gene_type,6628f77c08d2bf87,1,1,1,1.0,1
gene_type,8d4905f1e1725f3f,1,1,1,1.0,1
gene_type,0788e82559b4a5a7,1,1,1,1.0,1
gene_type,bbfb863d3b36d220,1,1,1,1.0,1
gene_type,9e72ef82c9be1749,1,1,1,1.0,1
gene_type,d03f2eb0ad5e1361,1,1,1,1.0,1
gene_type,91ea933564f7539d,1,1,1,1.0,1
gene_type,219315a7dc85375a,1,1,1,1.0,1
gene_type,774aa3a24ffab6a4,1,1,1,1.0,1
gene_type,77cd1fec47dc585d,1,1,1,1.0,1
gene_type,b5edbeeeac3cbb0b,1,1,1,1.0,1
gene_type,b56e3ebb43585d43,1,1,1,1.0,1
gene_type,f5cab244d4b4ed54,1,1,1,1.0,1
gene_type,1512e9ef9946094b,1,1,1,1.0,1
gene_type,c06d0e4a998d4f36,1,1,1,1.0,1
gene_type,2f2559ed46c788cf,1,1,1,1.0,1
gene_type,f4de3798914ad834,1,1,1,1.0,1
gene_type,dd365a110a5bc2e2,1,1,1,1.0,1
gene_type,7b227fe68a9e1247,1,1,1,1.0,1
gene_type,add4f01f7afb1c98,1,1,1,1.0,1
gene_type,eb088b20ff50781a,1,1,1,1.0,1
gene_type,d1390f745c36c861,1,1,1,1.0,1
gene_type,160598b7735eba7e,1,1,1,1.0,1
gene_type,e19be3af0ac5c091,1,1,1,1.0,1
gene_type,d3156fc4650aab7d,1,1,1,1.0,1
gene_type,004f485e3b764f9e,1,1,1,1.0,1
gene_type,f1d08ed63682ea27,1,1,1,1.0,1
gene_type,daab806b2e63e746,1,1,1,1.0,1
gene_type,e81e8406fcca93f4,1,1,1,1.0,1
gene_type,c42ea01db18fc1b3,1,1,1,1.0,1
gene_type,054c4ef3db2be93e,1,1,1,1.0,1
gene_type,62fdeb0cb80a4d68,1,1,1,1.0,1
gene_type,7cf32baaa58871fa,1,1,1,1.0,1
gene_type,7ccc02622536ca0f,1,1,1,1.0,1
gene_type,9f4e311855d4f43b,1,1,1,1.0,1
gene_type,01e027ae4a211fa8,1,1,1,1.0,1
gene_type,6f67fcdbadf3ac08,2,1,2,0.5,2
gene_type,7ecf7eca219d2ff3,1,1,1,1.0,1
gene_type,a20f63312391d919,1,1,1,1.0,1
gene_type,8ab39fa7a918b194,1,1,1,1.0,1
gene_type,e876eb114625e5ff,1,1,1,1.0,1
gene_type,2cc59dbce1f23793,1,1,1,1.0,1
gene_type,73ec5ba73f186df2,1,1,1,1.0,1
gene_type,f5df162849918935,1,1,1,1.0,1
gene_type,698d17582efbe202,1,1,1,1.0,1
gene_type,6e506cdc7ca205fa,1,1,1,1.0,1
gene_type,8d2a74f16680c633,1,1,1,1.0,1
gene_type,612252f878ef8b44,1,1,1,1.0,1
gene_type,a6f91edb8eaf3318,1,1,1,1.0,1
gene_type,2a1029c744afe499,1,1,1,1.0,1
gene_type,2bbb15449d8b5dd7,1,1,1,1.0,1
gene_type,8c39197c70748c9e,1,1,1,1.0,1
gene_type,cda34a4c3f6909b8,1,1,1,1.0,1
gene_type,3b32fcec6cbbc51c,1,1,1,1.0,1
gene_type,fe6a61055b5c1859,1,1,1,1.0,1
gene_type,498847215c1c003a,1,1,1,1.0,1
gene_type,1ef8af17a967ab76,1,1,1,1.0,1
gene_type,cf7089575401b2eb,1,1,1,1.0,1
gene_type,08cb9d4e75a2b70c,1,1,1,1.0,1
gene_type,e000a2e2837db87f,1,1,1,1.0,1
gene_type,9baac5b8dfacf294,1,1,1,1.0,1
gene_type,aa0b5d54e4b985c7,2,1,2,0.5,2
gene_type,a500fe127f1c5f38,1,1,1,1.0,1
gene_type,102a52a9982f489d,1,1,1,1.0,1
gene_type,96c7a0e8bbbcca97,1,1,1,1.0,1
gene_type,649dbc3b7f095618,1,1,1,1.0,1
gene_type,d1ff481632bb8363,1,1,1,1.0,1
gene_type,23194340214f47bb,1,1,1,1.0,1
gene_type,7003bc508e21c4bb,1,1,1,1.0,1
gene_type,e0848e4efb17f1b1,1,1,1,1.0,1
gene_type,68cc91e5ae962925,1,1,1,1.0,1
gene_type,d63c6e929df5d82c,1,1,1,1.0,1
gene_type,b2ea4e0a673da54f,1,1,1,1.0,1
gene_type,269d757e77a41330,1,1,1,1.0,1
gene_type,fcaba2526714df4f,1,1,1,1.0,1
gene_type,187bd601e5a1be30,1,1,1,1.0,1
gene_type,073d0d38ddeb697b,1,1,1,1.0,1
gene_type,23d4bd881f9d29ef,1,1,1,1.0,1
gene_type,4bae1b579f82b0ad,1,1,1,1.0,1
gene_type,bfa61d2dbcd38a1f,1,1,1,1.0,1
gene_type,dbceb188fba660d3,2,1,2,0.5,2
gene_type,4b3e0a21d5896817,1,1,1,1.0,1
gene_type,45ece71320502f83,1,1,1,1.0,1
gene_type,351a330c5ab3e7e8,1,1,1,1.0,1
gene_type,2219ca51d2cc521e,1,1,1,1.0,1
gene_type,3108423bb4ecb542,1,1,1,1.0,1
gene_type,fdcad49e622d3f0c,2,1,2,0.5,2
gene_type,8b2b54ff81cbc305,1,1,1,1.0,1
gene_type,346a9019b3ffe260,1,1,1,1.0,1
gene_type,b1a96bb6256b07fe,1,1,1,1.0,1
gene_type,c6c866f722025af1,1,1,1,1.0,1
gene_type,81ee9e722c22d709,1,1,1,1.0,1
gene_type,1270f2763f8624cf,1,1,1,1.0,1
gene_type,95c29a8299d12f54,1,1,1,1.0,1
gene_type,b6ddbfc92de1a92b,2,1,2,0.5,2
gene_type,b746a86269c211f6,1,1,1,1.0,1
gene_type,ede07d0d67c81cef,1,1,1,1.0,1
gene_type,69f565f938d20603,1,1,1,1.0,1
gene_type,13d080aa6de04fec,1,1,1,1.0,1
gene_type,db7b045a0ed76be6,1,1,1,1.0,1
gene_type,a6618350554efa39,2,1,2,0.5,2
gene_type,90555862e4baeace,1,1,1,1.0,1
gene_type,5521c9eed8435612,1,1,1,1.0,1
gene_type,e0d9cceec909155b,1,1,1,1.0,1
gene_type,51b4b1b96647fc27,1,1,1,1.0,1
gene_type,b07181f31ef99cf9,1,1,1,1.0,1
gene_type,80b3215a540c9961,1,1,1,1.0,1
gene_type,7f80187b91a1b2a2,1,1,1,1.0,1
gene_type,ef44bcc644a76134,1,1,1,1.0,1
gene_type,1507893def6a641c,1,1,1,1.0,1
gene_type,afcdd035d00e08e7,1,1,1,1.0,1
gene_type,6cc9f93ac8c3a155,1,1,1,1.0,1
gene_type,2843dbf12773c9ab,1,1,1,1.0,1
gene_type,6560ffb0e9aee661,1,1,1,1.0,1
gene_type,3cc8e529a85632d9,1,1,1,1.0,1
gene_type,8d181b109310bb38,1,1,1,1.0,1
gene_type,2a22b10bf66dc314,1,1,1,1.0,1
gene_type,a8a9ebaa61ef4d14,1,1,1,1.0,1
gene_type,52471a00b14473cb,1,1,1,1.0,1
gene_type,fdcafa967202b93a,1,1,1,1.0,1
gene_type,4ef70d85eff66569,1,1,1,1.0,1
gene_type,123a25ccf1b0ac91,1,1,1,1.0,1
gene_type,f5180a5e8b40ecfb,1,1,1,1.0,1
gene_type,a0ba8c9416445d77,1,1,1,1.0,1
gene_type,ccf3183337450553,1,1,1,1.0,1
gene_type,6959752095f176a4,1,1,1,1.0,1
gene_type,ac5e454c1b219840,1,1,1,1.0,1
gene_type,3aa94b13501a6487,1,1,1,1.0,1
gene_type,91d922c7874813af,1,1,1,1.0,1
gene_type,d8573cd3523ff1ba,1,1,1,1.0,1
gene_type,d0220d648589a77d,1,1,1,1.0,1
gene_type,48cfa593c78b2e19,1,1,1,1.0,1
gene_type,88e5377844110cb8,1,1,1,1.0,1
gene_type,020257aacf3ca178,1,1,1,1.0,1
gene_type,2499480915f3c926,1,1,1,1.0,1
gene_type,df44f23707bee4e7,1,1,1,1.0,1
gene_type,38d944e99256f25d,1,1,1,1.0,1
gene_type,1835091361a4b67a,1,1,1,1.0,1
gene_type,a41fadeabec21c91,1,1,1,1.0,1
gene_type,1e7d92cc06a1447b,1,1,1,1.0,1
gene_type,9af84c9882b43682,1,1,1,1.0,1
gene_type,14830a119c1e24b1,1,1,1,1.0,1
gene_type,491d144780aea308,1,1,1,1.0,1
gene_type,1a403cb6c3fde592,1,1,1,1.0,1
gene_type,0ecca941c41298e0,1,1,1,1.0,1
gene_type,92ed5c8a21e21f63,1,1,1,1.0,1
gene_type,40a6c9c0e0bf6c3c,1,1,1,1.0,1
gene_type,1f24024523ed4f07,1,1,1,1.0,1
gene_type,86c9807025beb0bc,1,1,1,1.0,1
gene_type,2a15aedac1cc1c2d,1,1,1,1.0,1
gene_type,64f707a0a4de6f28,1,1,1,1.0,1
gene_type,fa1a4b6da8e8d11c,1,1,1,1.0,1
gene_type,f9ece385b6e718ad,1,1,1,1.0,1
gene_type,af4f74b58a499faa,1,1,1,1.0,1
gene_type,a57a499d9f8f382e,1,1,1,1.0,1
gene_type,28cc6ceff68d156f,1,1,1,1.0,1
gene_type,b7309aa4a17001fd,1,1,1,1.0,1
gene_type,d99639a10010f726,1,1,1,1.0,1
gene_type,89cf8c8a4fccb1e9,1,1,1,1.0,1
gene_type,60f39652cee6bc79,1,1,1,1.0,1
gene_type,c48754ae4e1a0fb8,1,1,1,1.0,1
gene_type,eee58717d0f3a1f3,1,1,1,1.0,1
gene_type,f33f1a5933930046,1,1,1,1.0,1
gene_type,d772e76cfc6d0f14,1,1,1,1.0,1
gene_type,efd382afe1c788a6,1,1,1,1.0,1
gene_type,390c01a5533b23e3,1,1,1,1.0,1
gene_type,90ff2bbc45b4b360,1,1,1,1.0,1
gene_type,c6920bf779ad107c,1,1,1,1.0,1
gene_type,099e42b5edace1ec,2,1,2,0.5,2
gene_type,a5d6bfb0022b6444,1,1,1,1.0,1
gene_type,436061ffc61fe096,1,1,1,1.0,1
gene_type,06276e80cf2cbfae,1,1,1,1.0,1
gene_type,768786b5276f7b0a,1,1,1,1.0,1
gene_type,0c38e0b3ed993820,1,1,1,1.0,1
gene_type,77fc76b7f2a8164d,1,1,1,1.0,1
gene_type,51da47c54c580f44,1,1,1,1.0,1
gene_type,ebf1ce6adab44eb8,1,1,1,1.0,1
gene_type,08bcbc972c5e08ea,1,1,1,1.0,1
gene_type,04b8a5c23e285c04,1,1,1,1.0,1
gene_type,94a903bba17bfc91,1,1,1,1.0,1
gene_type,59346a8639c00e8f,1,1,1,1.0,1
gene_type,0b1842606100489e,1,1,1,1.0,1
gene_type,f41d20eac265ed6b,1,1,1,1.0,1
gene_type,a0d96e0fee78cb59,1,1,1,1.0,1
gene_type,890b29e0c59292d5,2,1,2,0.5,2
gene_type,9dd887fab8a22385,1,1,1,1.0,1
gene_type,459775bf8d50c30d,1,1,1,1.0,1
gene_type,fb98d23af137d4aa,1,1,1,1.0,1
gene_type,cbae552fa21896cc,1,1,1,1.0,1
gene_type,0fcf5d6086b17eb7,1,1,1,1.0,1
gene_type,a9e3b60c7a2e6189,1,1,1,1.0,1
gene_type,6fd20848a17fcfca,1,1,1,1.0,1
gene_type,9bc539db01b39d5e,1,1,1,1.0,1
gene_type,617ab6227cee8a2d,1,1,1,1.0,1
gene_type,63c374dcb780dffa,1,1,1,1.0,1
gene_type,41b1d2bf5df1e6fd,1,1,1,1.0,1
gene_type,aec17600f15c92d3,1,1,1,1.0,1
gene_type,be7ef209acc52fc0,1,1,1,1.0,1
gene_type,ded0d52db3de16fb,2,1,2,0.5,2
gene_type,23fad3f4b937bfd0,1,1,1,1.0,1
gene_type,ad3b720bb86a2a3b,1,1,1,1.0,1
gene_type,d1a5828d34f1f0df,1,1,1,1.0,1
gene_type,1d23e2ee6923f939,1,1,1,1.0,1
gene_type,0a8349f92643bfc1,1,1,1,1.0,1
gene_type,4b736432ca17ab17,1,1,1,1.0,1
gene_type,942c03af066f2a78,1,1,1,1.0,1
gene_type,acc40c74e81c966b,1,1,1,1.0,1
gene_type,3097e107d372e285,1,1,1,1.0,1
gene_type,5bd536a1e2d4024f,2,1,2,0.5,2
gene_type,1c8aea59ba626fd8,1,1,1,1.0,1
gene_type,9a78e1aace6d4698,1,1,1,1.0,1
gene_type,0ac2a5f7c6cfabdb,1,1,1,1.0,1
gene_type,17997fe364f1ce75,1,1,1,1.0,1
gene_type,4e9f872612a36628,1,1,1,1.0,1
gene_type,7c95892d69df27c1,1,1,1,1.0,1
gene_type,51a58b23ee17aa48,1,1,1,1.0,1
gene_type,d976fc9aa2815839,1,1,1,1.0,1
gene_type,2f1813881d638ab8,2,1,2,0.5,2
gene_type,cff41162f1fb47a6,1,1,1,1.0,1
gene_type,6363564383449eeb,1,1,1,1.0,1
gene_type,aa23a1749a82efc7,2,1,2,0.5,2
gene_type,52e30c618af57948,1,1,1,1.0,1
gene_type,53804ba791af338a,1,1,1,1.0,1
gene_type,69362f77975270d3,1,1,1,1.0,1
gene_type,a65df1f3d630ccdc,1,1,1,1.0,1
gene_type,1171721b5ac85429,1,1,1,1.0,1
gene_type,0bde35210c365837,1,1,1,1.0,1
gene_type,e5f2441abc9bb98e,1,1,1,1.0,1
gene_type,f8da68214698f8ff,1,1,1,1.0,1
gene_type,4c97f843e5e598bb,1,1,1,1.0,1
gene_type,2802bc8ec8b45c46,1,1,1,1.0,1
gene_type,6a2d2db208730f73,1,1,1,1.0,1
gene_type,c96dfcd7ac4f209b,1,1,1,1.0,1
gene_type,d09b0ff3f64468b0,1,1,1,1.0,1
gene_type,081f0e391438f677,1,1,1,1.0,1
gene_type,e72431c99ed91e03,1,1,1,1.0,1
gene_type,cfa4f3ba58572054,1,1,1,1.0,1
gene_type,e6704c0bb220e724,1,1,1,1.0,1
gene_type,3ffaaa9124b49c9b,1,1,1,1.0,1
gene_type,3ac8e2692b6c3aeb,1,1,1,1.0,1
gene_type,c442cbcab0c9ed69,1,1,1,1.0,1
gene_type,703b7a16a8437196,1,1,1,1.0,1
gene_type,b1e9456f3bc6465f,1,1,1,1.0,1
gene_type,5ecdc02b08dc50c2,1,1,1,1.0,1
gene_type,60c3c5ab483dc237,1,1,1,1.0,1
gene_type,0079213cb6dd9e1a,1,1,1,1.0,1
gene_type,58f681373708cdab,1,1,1,1.0,1
gene_type,8a26d5a1d1488b4d,1,1,1,1.0,1
gene_type,5bad918f3f9353ce,1,1,1,1.0,1
gene_type,343e582f0ae468dd,1,1,1,1.0,1
gene_type,76d330ca330ce6bc,1,1,1,1.0,1
gene_type,c0c8ab324341928e,1,1,1,1.0,1
gene_type,a1ca6d94dbe7ab5b,1,1,1,1.0,1
gene_type,ff6b0693d6dcf4d9,1,1,1,1.0,1
gene_type,f3d4335a78ea2224,1,1,1,1.0,1
gene_type,ac0403d24b1e3af4,1,1,1,1.0,1
gene_type,38c61ee7f19e4cac,1,1,1,1.0,1
gene_type,0029868ecc0e7519,1,1,1,1.0,1
gene_type,50432ad667987745,1,1,1,1.0,1
gene_type,ec625acd7b213008,1,1,1,1.0,1
gene_type,ff87adcf0abcd217,1,1,1,1.0,1
gene_type,991dcced5881fa34,2,1,2,0.5,2
gene_type,be9beb35bf8cfbef,1,1,1,1.0,1
gene_type,2eb20e1ce8f68bb9,1,1,1,1.0,1
gene_type,6af518932c2d5e5a,2,1,2,0.5,2
gene_type,a667ce9d279b99df,1,1,1,1.0,1
gene_type,8873d0c29f23430e,1,1,1,1.0,1
gene_type,b41f86d1b15d39a8,1,1,1,1.0,1
gene_type,8d6da9c8bb83524e,1,1,1,1.0,1
gene_type,fed81d127a7d85c6,1,1,1,1.0,1
gene_type,e60e0ef3a7ab274e,1,1,1,1.0,1
gene_type,137cc4f8422ab932,1,1,1,1.0,1
gene_type,638180c82c133213,1,1,1,1.0,1
gene_type,8b59873417a79477,1,1,1,1.0,1
gene_type,fa0f8be739424500,1,1,1,1.0,1
gene_type,f6e720a05985b080,1,1,1,1.0,1
gene_type,3c217228e7bc8500,1,1,1,1.0,1
gene_type,ef1e6ae5b764a1e4,1,1,1,1.0,1
gene_type,700647fecf2f5c1d,1,1,1,1.0,1
gene_type,8781c8074fd021cd,1,1,1,1.0,1
gene_type,76021859a7a04bb0,1,1,1,1.0,1
gene_type,fc39df9e6dd34dce,1,1,1,1.0,1
gene_type,11a01ec53d75daa7,1,1,1,1.0,1
gene_type,c5e54970f079e4b7,1,1,1,1.0,1
gene_type,fcdb22dd21c24845,1,1,1,1.0,1
gene_type,0bc7519e869e8106,1,1,1,1.0,1
gene_type,e210c09c2df16d14,1,1,1,1.0,1
gene_type,4bba17cc7feeef77,1,1,1,1.0,1
gene_type,03df405826494d27,1,1,1,1.0,1
gene_type,c05a1e7dc4aa0294,1,1,1,1.0,1
gene_type,a4c7062fc9a781e6,1,1,1,1.0,1
gene_type,9c732818569229cc,1,1,1,1.0,1
gene_type,8d198bdfde3b0005,1,1,1,1.0,1
gene_type,f1fff4a5797e7fa8,1,1,1,1.0,1
gene_type,49e094c42b486350,1,1,1,1.0,1
gene_type,b60f12b79eede5d9,1,1,1,1.0,1
gene_type,d69210d316e563fb,1,1,1,1.0,1
gene_type,4b4715372d64b818,1,1,1,1.0,1
gene_type,28d6ba18a4be1039,1,1,1,1.0,1
gene_type,960b6649ada100fe,1,1,1,1.0,1
gene_type,bc26dd654ae4e050,1,1,1,1.0,1
gene_type,e266ab0a9d4d2e1d,1,1,1,1.0,1
gene_type,f64d80b86cf3fb56,1,1,1,1.0,1
gene_type,77355e4251aeaf91,1,1,1,1.0,1
gene_type,832bea70c850c0c4,1,1,1,1.0,1
gene_type,9b5e8df4828e2be8,1,1,1,1.0,1
gene_type,8d07b92944479ece,1,1,1,1.0,1
gene_type,0ed46768a8f5e4bb,1,1,1,1.0,1
gene_type,5371c81cf5857b49,1,1,1,1.0,1
gene_type,b4aaa4da857290ff,2,1,2,0.5,2
gene_type,45387bece9f78be6,1,1,1,1.0,1
gene_type,23e5bfbc04d77055,1,1,1,1.0,1
gene_type,4e80376ed047ab97,1,1,1,1.0,1
gene_type,c8a2c18996a78bbb,1,1,1,1.0,1
gene_type,22fb52d2e29a50a3,1,1,1,1.0,1
gene_type,bb12f73ebd35a6d1,1,1,1,1.0,1
gene_type,621ccd021e67536f,1,1,1,1.0,1
gene_type,c4d56226b66c8aa1,1,1,1,1.0,1
gene_type,350e60cf94b1447c,1,1,1,1.0,1
gene_type,63d4e343c26d3a89,1,1,1,1.0,1
gene_type,0a669dd1600b6e9d,1,1,1,1.0,1
gene_type,0eb758d6a75e437f,1,1,1,1.0,1
gene_type,c3451ff60e6652ce,1,1,1,1.0,1
gene_type,1640c22136a9eb9a,1,1,1,1.0,1
gene_type,c5203fa1c8b1814d,1,1,1,1.0,1
gene_type,e4159bfdf11d9a44,1,1,1,1.0,1
gene_type,a068ed7cdeef3b3a,1,1,1,1.0,1
gene_type,73bb8013d9c90493,1,1,1,1.0,1
gene_type,934fcbfd53de0fc1,2,1,2,0.5,2
gene_type,71a747770984ccd4,1,1,1,1.0,1
gene_type,1cd2c36ed2787073,1,1,1,1.0,1
gene_type,8719281026a1f787,1,1,1,1.0,1
gene_type,cd264e0d8710f851,1,1,1,1.0,1
gene_type,c257dddf160ff068,1,1,1,1.0,1
gene_type,94cd4c8725208c0c,1,1,1,1.0,1
gene_type,d7ff8659e971bb0a,1,1,1,1.0,1
gene_type,fa6780ed9bcca9eb,1,1,1,1.0,1
gene_type,f7877717c83c4de7,1,1,1,1.0,1
gene_type,4ca1d410c34dc0dd,1,1,1,1.0,1
gene_type,c3bae77f47c4fbe1,2,1,2,0.5,2
gene_type,301c98942a1c8245,2,1,2,0.5,2
gene_type,35e78821c1558133,1,1,1,1.0,1
gene_type,64c0db96359568f9,1,1,1,1.0,1
gene_type,d6fccb607657bb4d,2,1,2,0.5,2
gene_type,2a8c90ed9e23c3f3,1,1,1,1.0,1
gene_type,d56d7de730ef400a,1,1,1,1.0,1
gene_type,56d76e580c3aa9c2,1,1,1,1.0,1
gene_type,122162ff71a79865,1,1,1,1.0,1
gene_type,812e08f21f61af4e,1,1,1,1.0,1
gene_type,06e934b11c68b5d7,1,1,1,1.0,1
gene_type,7651f35556a91ba9,1,1,1,1.0,1
gene_type,0293840fd4646258,1,1,1,1.0,1
gene_type,2339c0f07340903d,1,1,1,1.0,1
gene_type,a26e4ac0ffb4891f,1,1,1,1.0,1
gene_type,5b53910c30178683,1,1,1,1.0,1
gene_type,b85415d6f575abc5,1,1,1,1.0,1
gene_type,ff5f5316a4b79542,1,1,1,1.0,1
gene_type,ca2cb48764c1bdc6,1,1,1,1.0,1
gene_type,333d119d0d1215e2,1,1,1,1.0,1
gene_type,89ffc9f63ce4106a,1,1,1,1.0,1
gene_type,b03f98ccef872172,1,1,1,1.0,1
gene_type,a0e8d8c480bc8ce5,1,1,1,1.0,1
gene_type,5d3e50c7b110f2c4,1,1,1,1.0,1
gene_type,a4a6398242c006c6,1,1,1,1.0,1
gene_type,bc2f8ea6e2f23d8a,1,1,1,1.0,1
gene_type,1df9a21dec6e9bb4,1,1,1,1.0,1
gene_type,be73779e93a483c7,1,1,1,1.0,1
gene_type,32973ea420af1918,1,1,1,1.0,1
gene_type,92208f945b371498,1,1,1,1.0,1
gene_type,69db1d21098b3d45,1,1,1,1.0,1
gene_type,2bf36d1fe5f8e71c,1,1,1,1.0,1
gene_type,0a440aab3beeb0e2,1,1,1,1.0,1
gene_type,ce1009a1f44c840a,1,1,1,1.0,1
gene_type,7676b7b30b38b978,1,1,1,1.0,1
gene_type,8a053cc152229977,1,1,1,1.0,1
gene_type,cf7a4ba15a9a9ad0,1,1,1,1.0,1
gene_type,74e53cb939b1c558,1,1,1,1.0,1
gene_type,3588c2ee42a453b7,1,1,1,1.0,1
gene_type,865f1b32ed20cb85,1,1,1,1.0,1
gene_type,fd601905c588cfe2,1,1,1,1.0,1
gene_type,3da35189d1c7a9be,1,1,1,1.0,1
gene_type,f80986e475b89946,1,1,1,1.0,1
gene_type,07ee557fce56eb7c,1,1,1,1.0,1
gene_type,35b6b70a69931068,1,1,1,1.0,1
gene_type,69a7ddfa5a86893f,1,1,1,1.0,1
gene_type,4423629ed5a78d49,1,1,1,1.0,1
gene_type,76f6acd3c7b47199,1,1,1,1.0,1
gene_type,e16b63ab7681bf66,1,1,1,1.0,1
gene_type,a4efcc071fc0ef81,1,1,1,1.0,1
gene_type,825dd324e8dea8a0,1,1,1,1.0,1
gene_type,b0369431a2cc45c5,1,1,1,1.0,1
gene_type,69426a459ce66e48,1,1,1,1.0,1
gene_type,4a8925dc6b26e9dd,1,1,1,1.0,1
gene_type,18e32398ae91a308,1,1,1,1.0,1
gene_type,dbdcfd3d1c09c197,1,1,1,1.0,1
gene_type,578aab95d6c9ed66,1,1,1,1.0,1
gene_type,727994cab43c8061,1,1,1,1.0,1
gene_type,59f409baf80a1431,1,1,1,1.0,1
gene_type,73d502b237f12633,1,1,1,1.0,1
gene_type,7a28d537f04ddf0b,1,1,1,1.0,1
gene_type,822be9b5936ab11d,1,1,1,1.0,1
gene_type,4dd48388e6abe9e5,1,1,1,1.0,1
gene_type,0f80c8ca56fc9840,1,1,1,1.0,1
gene_type,ab052ef3ad1a79c8,1,1,1,1.0,1
gene_type,a44b251030d745e9,1,1,1,1.0,1
gene_type,f698e8f863301243,1,1,1,1.0,1
gene_type,8c1f8bce38e4bee6,1,1,1,1.0,1
gene_type,2e1153e8783698c2,1,1,1,1.0,1
gene_type,0caf4eb13e1c6185,1,1,1,1.0,1
gene_type,d45117d573aa6e55,1,1,1,1.0,1
gene_type,36e0afc7822aa72a,1,1,1,1.0,1
gene_type,46d83455a63d5a4b,1,1,1,1.0,1
gene_type,0bcbeb9d98b8f895,1,1,1,1.0,1
gene_type,26d5da6f096fae6c,1,1,1,1.0,1
gene_type,5aec82016f30ae87,1,1,1,1.0,1
gene_type,eff623f5e870189f,1,1,1,1.0,1
gene_type,84da3fb23f823bf6,1,1,1,1.0,1
gene_type,14dc6b3f541d5d43,1,1,1,1.0,1
gene_type,d9fbea88da52357d,1,1,1,1.0,1
gene_type,49fb4da29eb09e4e,1,1,1,1.0,1
gene_type,4746e74d06345ffd,1,1,1,1.0,1
gene_type,8af43a2870ec65f1,1,1,1,1.0,1
gene_type,b57c2092c9f0d3db,1,1,1,1.0,1
gene_type,5f45c5681fe573d3,1,1,1,1.0,1
gene_type,5707534f548fd914,1,1,1,1.0,1
gene_type,087ff6f9ee45a329,1,1,1,1.0,1
gene_type,f92fd8c94b581e66,1,1,1,1.0,1
gene_type,2eb23000824b487c,1,1,1,1.0,1
gene_type,56e4c5416bc5cbeb,2,1,2,0.5,2
gene_type,aec38e3674f47efe,1,1,1,1.0,1
gene_type,96626f4fa20b174d,1,1,1,1.0,1
gene_type,fa5c82ae2d6d7794,1,1,1,1.0,1
gene_type,40b820354d3cf85f,1,1,1,1.0,1
gene_type,24cb1e9c434a8f42,1,1,1,1.0,1
gene_type,9845d24978ac29c7,1,1,1,1.0,1
gene_type,90be0ad65d0c98b2,1,1,1,1.0,1
gene_type,e6d6672016ce0ba4,1,1,1,1.0,1
gene_type,ec205edb542bcad3,1,1,1,1.0,1
gene_type,c3ceb48f44216418,1,1,1,1.0,1
gene_type,2c1110633dc45908,1,1,1,1.0,1
gene_type,5655f3000102812a,1,1,1,1.0,1
gene_type,6c1d77bbca098d7e,1,1,1,1.0,1
gene_type,cdda03dab0c461dc,1,1,1,1.0,1
gene_type,43e2985d8c1ed0a5,1,1,1,1.0,1
gene_type,82e88ad68d3fd17b,1,1,1,1.0,1
gene_type,2f7bf68bd2986315,1,1,1,1.0,1
gene_type,a1b05acf85906c58,1,1,1,1.0,1
gene_type,6f74c72aad0c35a0,1,1,1,1.0,1
gene_type,0d83191ebfcc0dd2,1,1,1,1.0,1
gene_type,b776e70e0de75eb3,1,1,1,1.0,1
gene_type,412bfb5714b8ff14,1,1,1,1.0,1
gene_type,9727ae23d3a7a2df,1,1,1,1.0,1
gene_type,d784b01cf6e65c06,1,1,1,1.0,1
gene_type,5b17f293ec69e87a,1,1,1,1.0,1
gene_type,005aada2470bc882,1,1,1,1.0,1
gene_type,b31709bfaa39aa25,1,1,1,1.0,1
gene_type,92876d05d9f23d63,1,1,1,1.0,1
gene_type,702a33dc73ae6094,1,1,1,1.0,1
gene_type,a350eb6352916ca4,1,1,1,1.0,1
gene_type,e2e90df04b947455,2,1,2,0.5,2
gene_type,6843857fe056f2d7,1,1,1,1.0,1
gene_type,660b0d866afdf1e0,1,1,1,1.0,1
gene_type,2596c46f5aed6816,1,1,1,1.0,1
gene_type,ac285c7097f08f5d,1,1,1,1.0,1
gene_type,12bc3a0c18ca3cec,1,1,1,1.0,1
gene_type,59203e0cde0a808d,1,1,1,1.0,1
gene_type,79d9cfe8a87d05b1,1,1,1,1.0,1
gene_type,551303fdc4648513,1,1,1,1.0,1
gene_type,93ffc7cf21af94a6,1,1,1,1.0,1
gene_type,6d59ec3140e1db1b,1,1,1,1.0,1
gene_type,c55b60fad6c562ef,1,1,1,1.0,1
gene_type,b98714a1e3bd2c0f,1,1,1,1.0,1
gene_type,43e36829d05ccd2e,1,1,1,1.0,1
gene_type,736ca35e4321b8c0,1,1,1,1.0,1
gene_type,93b3ec22e0585a6a,1,1,1,1.0,1
gene_type,19803604503b9c27,1,1,1,1.0,1
gene_type,877d3ebd564ef9f1,2,1,2,0.5,2
gene_type,32da4e7fb6b39cec,2,1,2,0.5,2
gene_type,228152a50bfdbf5d,1,1,1,1.0,1
gene_type,ea9f8e91bbc4ae2d,1,1,1,1.0,1
gene_type,9ab3e762eb20df6f,1,1,1,1.0,1
gene_type,6b97138c68de1d83,1,1,1,1.0,1
gene_type,0d1026897e677354,1,1,1,1.0,1
gene_type,c3760c81290dc1ad,1,1,1,1.0,1
gene_type,77aa8a75da9e387f,1,1,1,1.0,1
gene_type,6f9f818e92a9bbf4,1,1,1,1.0,1
gene_type,a8fae9b056e9437f,1,1,1,1.0,1
gene_type,dd1090a5d8e3f67e,1,1,1,1.0,1
gene_type,ae22d703e95a0417,1,1,1,1.0,1
gene_type,87e372ec796cf56b,1,1,1,1.0,1
gene_type,2513aa73838ca4de,1,1,1,1.0,1
gene_type,a6eea9e21e785e0b,1,1,1,1.0,1
gene_type,d84a71f49addffe8,1,1,1,1.0,1
gene_type,1108528532261858,1,1,1,1.0,1
gene_type,8f590f8234b0e693,2,1,2,0.5,2
gene_type,3c31a19085bf815e,1,1,1,1.0,1
gene_type,c5f3ac7f90a44cd2,1,1,1,1.0,1
gene_type,fbbc36c8984219f1,1,1,1,1.0,1
gene_type,e21f3e1133d8cba1,1,1,1,1.0,1
gene_type,1eb9a248fb22dae4,1,1,1,1.0,1
gene_type,e784273d8c2a9bcc,1,1,1,1.0,1
gene_type,2eee8a4578bac6c8,1,1,1,1.0,1
gene_type,55a012bbd634452f,1,1,1,1.0,1
gene_type,bff25f0d88f9074c,1,1,1,1.0,1
gene_type,22b17c7fae02a3b4,1,1,1,1.0,1
gene_type,ff67259b9b9f00f5,1,1,1,1.0,1
gene_type,eb6ee7cec130c3a3,1,1,1,1.0,1
gene_type,fbf2c53a62fcdb64,1,1,1,1.0,1
gene_type,b45c8ab30e24fce0,1,1,1,1.0,1
gene_type,1bb2a311dee248c3,1,1,1,1.0,1
gene_type,d49d5b0465ac4a87,1,1,1,1.0,1
gene_type,4009be867a28a458,1,1,1,1.0,1
gene_type,51a3acb9578b7789,1,1,1,1.0,1
gene_type,695e982b78b16fb4,1,1,1,1.0,1
gene_type,f05096a4c9f4c994,1,1,1,1.0,1
gene_type,f0185cf62ab11cff,1,1,1,1.0,1
gene_type,f45b62d85539972b,1,1,1,1.0,1
gene_type,2b4d823757b0630e,1,1,1,1.0,1
gene_type,0229c793943cda07,1,1,1,1.0,1
gene_type,9a9c651a27989b75,1,1,1,1.0,1
gene_type,33c9233d4a69d2f0,1,1,1,1.0,1
gene_type,f8b94bcd7d692bb7,1,1,1,1.0,1
gene_type,e324b0e0204f35e0,1,1,1,1.0,1
gene_type,5094423ab50e95a4,1,1,1,1.0,1
gene_type,e6c984273ed56b92,1,1,1,1.0,1
gene_type,2e50b46d78f17c1a,1,1,1,1.0,1
gene_type,13f8f6c95deab14e,1,1,1,1.0,1
gene_type,cbc658a781dc0a50,1,1,1,1.0,1
gene_type,73fcc66b7f539b8b,1,1,1,1.0,1
gene_type,063945582743b5ae,1,1,1,1.0,1
gene_type,c03d8c5666bcec9e,1,1,1,1.0,1
gene_type,b68926f246c37299,1,1,1,1.0,1
gene_type,e911b0fcb1ecfd21,1,1,1,1.0,1
gene_type,d103f419dd16b5fa,1,1,1,1.0,1
gene_type,cf40a5dd1d04480c,1,1,1,1.0,1
gene_type,72fed75988fdc9b0,1,1,1,1.0,1
gene_type,39e92692840f5062,1,1,1,1.0,1
gene_type,d1251258d5af44eb,1,1,1,1.0,1
gene_type,8042d8c061d9d7d1,1,1,1,1.0,1
gene_type,154e3037fdc46983,1,1,1,1.0,1
gene_type,137d9f8d2c41e051,1,1,1,1.0,1
gene_type,a640e99ea561d372,1,1,1,1.0,1
gene_type,6af47c2460b5cb15,1,1,1,1.0,1
gene_type,ec213c0ec118b509,1,1,1,1.0,1
gene_type,ed0bdbe7a323a553,1,1,1,1.0,1
gene_type,a0b3aca0254a5e3e,1,1,1,1.0,1
gene_type,c86cda224b959f8b,1,1,1,1.0,1
gene_type,4fea27a8a8412723,1,1,1,1.0,1
gene_type,dd868f198ec50f97,1,1,1,1.0,1
gene_type,d7ed2581ae703945,1,1,1,1.0,1
gene_type,63923f93dcec00b5,1,1,1,1.0,1
gene_type,2ce34e0a3b8665ee,1,1,1,1.0,1
gene_type,ba5b2d794edc7843,1,1,1,1.0,1
gene_type,b0293024ccce86d1,1,1,1,1.0,1
gene_type,9bd80e3694593dba,1,1,1,1.0,1
gene_type,d51178b4b846d172,1,1,1,1.0,1
gene_type,1e0e3ef1578dcb02,1,1,1,1.0,1
gene_type,5135f62ed6bbc99e,1,1,1,1.0,1
gene_type,c9e40322afb59b36,1,1,1,1.0,1
gene_type,2344581e4068591a,1,1,1,1.0,1
gene_type,12cbbc255a0a3599,1,1,1,1.0,1
gene_type,d599cff89045f528,1,1,1,1.0,1
gene_type,5d7504631645d2aa,1,1,1,1.0,1
gene_type,0e7eddd348fa506d,1,1,1,1.0,1
gene_type,e0a0c9e5954d16b8,1,1,1,1.0,1
gene_type,cfc37037e91920dc,1,1,1,1.0,1
gene_type,d1f9acf291e826b4,1,1,1,1.0,1
gene_type,55814155ebc59ca8,1,1,1,1.0,1
gene_type,4c2fef8cc38d6367,1,1,1,1.0,1
gene_type,edd7d2902c8ae576,1,1,1,1.0,1
gene_type,c51576f32bc25858,1,1,1,1.0,1
gene_type,ac56b8a72b877156,1,1,1,1.0,1
gene_type,3428134b378af537,1,1,1,1.0,1
gene_type,933520ed52f507a3,1,1,1,1.0,1
gene_type,ed860cab27530f80,1,1,1,1.0,1
gene_type,4936c39db341f950,1,1,1,1.0,1
gene_type,108db5696bfcf127,1,1,1,1.0,1
gene_type,273b2f18fe4bf0bd,1,1,1,1.0,1
gene_type,d57380637f22dfec,1,1,1,1.0,1
gene_type,ace15e9822cc1c28,1,1,1,1.0,1
gene_type,8495fc41d76b2603,1,1,1,1.0,1
gene_type,bf21719acb5194ba,1,1,1,1.0,1
gene_type,1b4f95c0c7865b7b,1,1,1,1.0,1
gene_type,13ee50485e2784e0,1,1,1,1.0,1
gene_type,0706866df90b0409,1,1,1,1.0,1
gene_type,61e10b6dd6f71a44,1,1,1,1.0,1
gene_type,e38fc20542d9b0e7,1,1,1,1.0,1
gene_type,052b698a9badfd76,1,1,1,1.0,1
gene_type,1b1450a8cc9e1bb3,1,1,1,1.0,1
gene_type,a3fc58266a8cc360,1,1,1,1.0,1
gene_type,b38194cceb526559,2,1,2,0.5,2
gene_type,0ecdc8668020b968,1,1,1,1.0,1
gene_type,c224064971a9dede,1,1,1,1.0,1
gene_type,309d185ac9c4cdc1,1,1,1,1.0,1
gene_type,33c70b5deea1f1d5,1,1,1,1.0,1
gene_type,298dae463611b6c7,1,1,1,1.0,1
gene_type,78a7c152005275c6,2,1,2,0.5,2
gene_type,75c7be057219ec6e,2,1,2,0.5,2
gene_type,bd8a94f0cba410ad,1,1,1,1.0,1
gene_type,4dd6c2c1bb9c1213,1,1,1,1.0,1
gene_type,58bdf405ea9a678f,1,1,1,1.0,1
gene_type,d70a913be8b7cbd8,1,1,1,1.0,1
gene_type,cf2be0665513123e,1,1,1,1.0,1
gene_type,37d72398b8f59095,1,1,1,1.0,1
gene_type,6cf8fc67c3c48715,1,1,1,1.0,1
gene_type,c2891148027c2fa7,1,1,1,1.0,1
gene_type,5d3b273594a0d077,1,1,1,1.0,1
gene_type,460c5a119e530dfd,1,1,1,1.0,1
gene_type,e0116c5c2e970fdd,1,1,1,1.0,1
gene_type,dbe420cb8cba2f2f,1,1,1,1.0,1
gene_type,9c52785ab1908819,2,1,2,0.5,2
gene_type,4fafab8c4d4ed5da,1,1,1,1.0,1
gene_type,430a438b87fde7d4,1,1,1,1.0,1
gene_type,3f3a1d7fcc8429ca,1,1,1,1.0,1
gene_type,bc5feae2f7975ccb,1,1,1,1.0,1
gene_type,26c597ec759ddf39,1,1,1,1.0,1
gene_type,826da29a449306a8,1,1,1,1.0,1
gene_type,6c0f4f8d52153e68,1,1,1,1.0,1
gene_type,4359f78be3e34015,1,1,1,1.0,1
gene_type,ab0e8778453813ee,1,1,1,1.0,1
gene_type,048d0e9c45687bc0,1,1,1,1.0,1
gene_type,855be030c1e9b344,1,1,1,1.0,1
gene_type,6080a82cf711f9b1,1,1,1,1.0,1
gene_type,582d0ada01b89cc3,1,1,1,1.0,1
gene_type,f2b023f100ec87a3,1,1,1,1.0,1
gene_type,c85130c174cffec7,1,1,1,1.0,1
gene_type,c10dc3721d62d2ea,1,1,1,1.0,1
gene_type,039b97051a09e02f,1,1,1,1.0,1
gene_type,2acc725bba1e7ed8,1,1,1,1.0,1
gene_type,4301fe3f14ac75e9,1,1,1,1.0,1
gene_type,6658877fb8c1cb2d,1,1,1,1.0,1
gene_type,e8e5d3eb0fa005ea,1,1,1,1.0,1
gene_type,57df2b7baeec1837,1,1,1,1.0,1
gene_type,1363780763834c74,1,1,1,1.0,1
gene_type,9737451d3ee4861e,1,1,1,1.0,1
gene_type,37758fa70934b37b,1,1,1,1.0,1
gene_type,edfd20720bdc83d9,1,1,1,1.0,1
gene_type,530f619928f1fb73,1,1,1,1.0,1
gene_type,72ca8ac62f20e3e8,1,1,1,1.0,1
gene_type,1410e0166a757274,2,1,2,0.5,2
gene_type,10cbec2085e08d07,1,1,1,1.0,1
gene_type,6580d48929305d59,1,1,1,1.0,1
gene_type,35e7432ce9a25454,1,1,1,1.0,1
gene_type,8f1f806cba5cfd85,1,1,1,1.0,1
gene_type,c8e652e9f6b1cb07,1,1,1,1.0,1
gene_type,be2c2e2bb466407e,1,1,1,1.0,1
gene_type,a6c423f8333c5dfe,1,1,1,1.0,1
gene_type,a5c87da5d97bacd3,1,1,1,1.0,1
gene_type,28320b3329840157,1,1,1,1.0,1
gene_type,ec6c562a037b610b,1,1,1,1.0,1
gene_type,573babe30d975433,1,1,1,1.0,1
gene_type,6b1818b418e2abc7,1,1,1,1.0,1
gene_type,485f64c7ceecdf78,1,1,1,1.0,1
gene_type,3130403f2074543c,2,1,2,0.5,2
gene_type,606758e35292270c,1,1,1,1.0,1
gene_type,33c5c5ec3c4c3588,1,1,1,1.0,1
gene_type,3ff2f9d773307052,1,1,1,1.0,1
gene_type,c6c55493dece82b8,1,1,1,1.0,1
gene_type,ead76dd46a565690,1,1,1,1.0,1
gene_type,a282e46fb58e197a,1,1,1,1.0,1
gene_type,6a0476dbd591dc91,1,1,1,1.0,1
gene_type,b26cc04031b02f2f,1,1,1,1.0,1
gene_type,b37616e2aa65518b,1,1,1,1.0,1
gene_type,314ec12238d79671,1,1,1,1.0,1
gene_type,cc531061387be4b5,1,1,1,1.0,1
gene_type,75eb9042224d1676,1,1,1,1.0,1
gene_type,badfba69545f2016,1,1,1,1.0,1
gene_type,cc587352e2b0b52f,1,1,1,1.0,1
gene_type,eceae9f7f5b2e2d1,1,1,1,1.0,1
gene_type,6e9e6510cd043b01,1,1,1,1.0,1
gene_type,fc3640a84404c51d,1,1,1,1.0,1
gene_type,e17b5de38e39d5fc,1,1,1,1.0,1
gene_type,ad2d913c0f8bb38c,1,1,1,1.0,1
gene_type,b989c0477c9e4130,1,1,1,1.0,1
gene_type,4a0dffa05a23bfd8,1,1,1,1.0,1
gene_type,82afe0b7678139b2,1,1,1,1.0,1
gene_type,e81b701ff099dc63,1,1,1,1.0,1
gene_type,a347ecda8f9ce57f,1,1,1,1.0,1
gene_type,69adffc401f77b22,1,1,1,1.0,1
gene_type,9816a380c0f90313,1,1,1,1.0,1
gene_type,dab42fe4670438eb,1,1,1,1.0,1
gene_type,42ce08a18f868d8d,1,1,1,1.0,1
gene_type,6c1a68cd96e9e9bf,1,1,1,1.0,1
gene_type,71a81a98d97f2588,1,1,1,1.0,1
gene_type,40394710f33ec7eb,1,1,1,1.0,1
gene_type,e5fe8f51e5118ad6,1,1,1,1.0,1
gene_type,02a5aa82cee2c286,1,1,1,1.0,1
gene_type,819943ea0ed2901d,1,1,1,1.0,1
gene_type,5ca53ac9c4869b1a,1,1,1,1.0,1
gene_type,bf5e4625287588c1,1,1,1,1.0,1
gene_type,97fec9a6e3201781,1,1,1,1.0,1
gene_type,396f2beceec76f55,1,1,1,1.0,1
gene_type,12c0e876b912884f,1,1,1,1.0,1
gene_type,275fb7d22219c84c,1,1,1,1.0,1
gene_type,5c7134ac1c26609e,1,1,1,1.0,1
gene_type,0f65e34e5cf13f02,1,1,1,1.0,1
gene_type,24b674386a76ccd8,1,1,1,1.0,1
gene_type,c1f74b949135272b,1,1,1,1.0,1
gene_type,eaf82bce1e5d7125,1,1,1,1.0,1
gene_type,11b42145487438b9,1,1,1,1.0,1
gene_type,3dfdf0691fcb388a,1,1,1,1.0,1
gene_type,bf6f1c4ac9a7dd8a,1,1,1,1.0,1
gene_type,97ecf27de72fc2c9,1,1,1,1.0,1
gene_type,3bfac7cb79d71566,1,1,1,1.0,1
gene_type,d951dcd56326bc61,1,1,1,1.0,1
gene_type,332d8964c420af30,1,1,1,1.0,1
gene_type,9786d0ad32868022,1,1,1,1.0,1
gene_type,a04f5cbc445b3624,1,1,1,1.0,1
gene_type,6113782c8cd2c09b,1,1,1,1.0,1
gene_type,eec554c11fdb66e6,1,1,1,1.0,1
gene_type,8e4c82900851ec8a,2,1,2,0.5,2
gene_type,63607d1f7f106a56,1,1,1,1.0,1
gene_type,82ea6428c48b62ee,1,1,1,1.0,1
gene_type,598ed5816807235e,1,1,1,1.0,1
gene_type,935583cebeb928bb,1,1,1,1.0,1
gene_type,6a7aa452c30f44e9,1,1,1,1.0,1
gene_type,41e0a5b579b8ffa5,1,1,1,1.0,1
gene_type,41b8d329da4206ee,1,1,1,1.0,1
gene_type,278efd0bd159c2ed,1,1,1,1.0,1
gene_type,46ec26c3355dfefa,1,1,1,1.0,1
gene_type,24cf54818aa4f425,1,1,1,1.0,1
gene_type,3e932e01af0759f0,1,1,1,1.0,1
gene_type,491fc70fa26f3bf0,1,1,1,1.0,1
gene_type,e2dd69f5fe352770,1,1,1,1.0,1
gene_type,8007fe5f812fede0,2,1,2,0.5,2
gene_type,23ec04f116c19054,1,1,1,1.0,1
gene_type,e7e9925d71c01b14,1,1,1,1.0,1
gene_type,0567c59b01eec6f0,1,1,1,1.0,1
gene_type,b16c38addd559a35,1,1,1,1.0,1
gene_type,9b4484440412acd4,1,1,1,1.0,1
gene_type,c8dbe5f125e8c4ec,1,1,1,1.0,1
gene_type,c2a4fdb5ca9dffe6,1,1,1,1.0,1
gene_type,a297364c5c32c9a8,1,1,1,1.0,1
gene_type,95194ef5b53411a2,1,1,1,1.0,1
gene_type,a55e52165cb6e733,1,1,1,1.0,1
gene_type,10344afc4177d474,1,1,1,1.0,1
gene_type,f3f25a90c99a9af2,1,1,1,1.0,1
gene_type,2f62267cf6f7d86b,1,1,1,1.0,1
gene_type,b6ca11d6100f5e11,1,1,1,1.0,1
gene_type,7bbad04c35e1a5af,1,1,1,1.0,1
gene_type,a2bec0a8e4b70718,1,1,1,1.0,1
gene_type,805a98cd4521596c,1,1,1,1.0,1
gene_type,af28b5d66f20a3b3,1,1,1,1.0,1
gene_type,a2b6b45bcd5242c6,1,1,1,1.0,1
gene_type,b30e510f2d28458b,1,1,1,1.0,1
gene_type,f1b828939df54de9,1,1,1,1.0,1
gene_type,f0be05cb151858e7,1,1,1,1.0,1
gene_type,35c0e05d23284f54,1,1,1,1.0,1
gene_type,c15bd1ec4144f86d,1,1,1,1.0,1
gene_type,78e2fcd4447e5af5,1,1,1,1.0,1
gene_type,e1e057bc921917da,1,1,1,1.0,1
gene_type,9829048cade2c032,1,1,1,1.0,1
gene_type,288381190941f586,2,1,2,0.5,2
gene_type,ff833c15352e74bf,1,1,1,1.0,1
gene_type,c391bca8e77a5c4e,1,1,1,1.0,1
gene_type,e3e4a50824e27447,1,1,1,1.0,1
gene_type,801aec767620845f,1,1,1,1.0,1
gene_type,d1703114f7d33dca,1,1,1,1.0,1
gene_type,bbc76087bccc577f,1,1,1,1.0,1
gene_type,23a5f7eaa3ccf2f1,1,1,1,1.0,1
gene_type,2b06bde71231ef21,2,1,2,0.5,2
gene_type,6c3622d146cf18cd,1,1,1,1.0,1
gene_type,6063eef76b71adcc,1,1,1,1.0,1
gene_type,e4c495376b4ee830,1,1,1,1.0,1
gene_type,20e4427f83a49449,1,1,1,1.0,1
gene_type,b9c5242f7855ce68,1,1,1,1.0,1
gene_type,a28d87a90a99b7fe,1,1,1,1.0,1
gene_type,3248f112f872b16b,1,1,1,1.0,1
gene_type,fe4735159f6f8b4b,1,1,1,1.0,1
gene_type,032b418330a6f88f,1,1,1,1.0,1
gene_type,4525b55ace113769,1,1,1,1.0,1
gene_type,d36cb971591dffd4,1,1,1,1.0,1
gene_type,02d1a90b644ba9bd,1,1,1,1.0,1
gene_type,8107ad561103a653,1,1,1,1.0,1
gene_type,c7a93afc0aa1dd33,1,1,1,1.0,1
gene_type,6cda4bb6d99c5a62,2,1,2,0.5,2
gene_type,2829cd1d83fa2e26,1,1,1,1.0,1
gene_type,3d8878b6fd29c858,1,1,1,1.0,1
gene_type,640d49172e5bcea1,1,1,1,1.0,1
gene_type,221909623a9e7259,1,1,1,1.0,1
gene_type,17a54558c2e044fa,1,1,1,1.0,1
gene_type,341aa422a00b866b,1,1,1,1.0,1
gene_type,fb4b881c9ce9a0ec,1,1,1,1.0,1
gene_type,5362952637ed9b25,1,1,1,1.0,1
gene_type,eecedfafdc930c8f,1,1,1,1.0,1
gene_type,f8feb49827baaaf2,1,1,1,1.0,1
gene_type,41a1d0a62699e7e7,1,1,1,1.0,1
gene_type,defa7d6b6fb8baaa,1,1,1,1.0,1
gene_type,d61993a09eaae69b,1,1,1,1.0,1
gene_type,c977c32695d33765,1,1,1,1.0,1
gene_type,aa57d2d1fd72576c,1,1,1,1.0,1
gene_type,f98e29937a57cf6e,1,1,1,1.0,1
gene_type,5989bda840d5a077,1,1,1,1.0,1
gene_type,8d082e514b354f97,1,1,1,1.0,1
gene_type,fbb6d5ec78e136df,1,1,1,1.0,1
gene_type,c534812ee5435de7,1,1,1,1.0,1
gene_type,e9185e68ad84ca48,1,1,1,1.0,1
gene_type,75f255e95b1aa731,1,1,1,1.0,1
gene_type,e1938fc2f8de4b8e,1,1,1,1.0,1
gene_type,7c3a0d4f9ceb75e9,1,1,1,1.0,1
gene_type,a72d7c1f0b4d27ac,1,1,1,1.0,1
gene_type,f37d07ed24862388,1,1,1,1.0,1
gene_type,2bdf5fa7439672dd,1,1,1,1.0,1
gene_type,19653d2c275eb70d,1,1,1,1.0,1
gene_type,8814e279893e9114,1,1,1,1.0,1
gene_type,da7bf33bbf7bac2a,2,1,2,0.5,2
gene_type,280e3bf174dcfbd2,1,1,1,1.0,1
gene_type,1f8aa75e1734e767,1,1,1,1.0,1
gene_type,22a5865783765d6e,1,1,1,1.0,1
gene_type,c4d3d3ef99feda98,1,1,1,1.0,1
gene_type,67e40c7ffae2e009,1,1,1,1.0,1
gene_type,5bcecf738e83b530,1,1,1,1.0,1
gene_type,40c9d2394b2639cb,1,1,1,1.0,1
gene_type,2dd8ae655df5e374,1,1,1,1.0,1
gene_type,6edff65c0442a40c,1,1,1,1.0,1
gene_type,f5b5feb17676a1c4,1,1,1,1.0,1
gene_type,4db44f005e76a3dc,1,1,1,1.0,1
gene_type,f8655e92eddff751,1,1,1,1.0,1
gene_type,0ba59c9df67fa577,1,1,1,1.0,1
gene_type,c74b28c633cb05ba,1,1,1,1.0,1
gene_type,18d4b68a7a8883a1,1,1,1,1.0,1
gene_type,5e1c339669aa1de0,2,1,2,0.5,2
gene_type,d5f3c5edd116247f,1,1,1,1.0,1
gene_type,d3b4b9bc28501023,1,1,1,1.0,1
gene_type,6c8d892812b59cec,1,1,1,1.0,1
gene_type,9802cbe89da5a227,1,1,1,1.0,1
gene_type,26636faaa8f46cc2,1,1,1,1.0,1
gene_type,1322c6f0ac452168,1,1,1,1.0,1
gene_type,d5e891af649802bd,1,1,1,1.0,1
gene_type,2265f3880658800e,1,1,1,1.0,1
gene_type,4a34cfb284ca367d,1,1,1,1.0,1
gene_type,ffc1ca1a125befd1,1,1,1,1.0,1
gene_type,aa7f862fd79fdbd9,1,1,1,1.0,1
gene_type,26b60c596013d0bf,1,1,1,1.0,1
gene_type,dd35278950d01b72,1,1,1,1.0,1
gene_type,47b2ace4cf52f416,1,1,1,1.0,1
gene_type,30651c7b548d3af0,1,1,1,1.0,1
gene_type,1c94d212261bedff,2,1,2,0.5,2
gene_type,aa0c81399a6997d8,1,1,1,1.0,1
gene_type,a1410e5b200961cd,1,1,1,1.0,1
gene_type,61941a2f345380bc,1,1,1,1.0,1
gene_type,4b94870967fc3075,1,1,1,1.0,1
gene_type,f696d52e7e312e86,1,1,1,1.0,1
gene_type,a711a965c2c70abb,1,1,1,1.0,1
gene_type,e11d9d184d567c66,1,1,1,1.0,1
gene_type,5e5ef9d49eccca85,1,1,1,1.0,1
gene_type,c8421133d398bbe4,1,1,1,1.0,1
gene_type,0dafc5b526d95d5f,1,1,1,1.0,1
gene_type,be5c6f6aa831f31e,1,1,1,1.0,1
gene_type,dfde7a861688d115,1,1,1,1.0,1
gene_type,6b68f34441984b81,1,1,1,1.0,1
gene_type,1fa979f08797472b,1,1,1,1.0,1
gene_type,67b5ae29b3e85604,1,1,1,1.0,1
gene_type,0686e4fa8ae907b1,1,1,1,1.0,1
gene_type,b488182ebc02631e,1,1,1,1.0,1
gene_type,6f4155569a5de0e9,1,1,1,1.0,1
gene_type,12b0f2bd3b571ae8,1,1,1,1.0,1
gene_type,0ce6eb36c4825013,1,1,1,1.0,1
gene_type,b615ce607b9312fa,1,1,1,1.0,1
gene_type,4e49a305ea50a173,1,1,1,1.0,1
gene_type,ec6d010dcc6be9a5,1,1,1,1.0,1
gene_type,a8c2326f587123bc,1,1,1,1.0,1
gene_type,508e7b80bf7d061b,1,1,1,1.0,1
gene_type,da2c620caa75b5c7,1,1,1,1.0,1
gene_type,2f27057b5850e0c2,1,1,1,1.0,1
gene_type,54d3450bb7fa59b0,1,1,1,1.0,1
gene_type,a25e412cda3cf2b6,1,1,1,1.0,1
gene_type,c10bbfb9138d97fb,1,1,1,1.0,1
gene_type,45119fbdb7065ec8,1,1,1,1.0,1
gene_type,9da1c29ec2304648,1,1,1,1.0,1
gene_type,d55238c22c4795a9,1,1,1,1.0,1
gene_type,0e4e3a84fe5cc64c,1,1,1,1.0,1
gene_type,a0c0981d51e94a7b,1,1,1,1.0,1
gene_type,97704e981dcf2ce8,1,1,1,1.0,1
gene_type,f364c3cec59d4d0a,1,1,1,1.0,1
gene_type,a8a1a0cc9cde84d6,1,1,1,1.0,1
gene_type,38a38ceaac47b4e3,1,1,1,1.0,1
gene_type,93c3fb1a92cde770,1,1,1,1.0,1
gene_type,c2326820527bf7ea,1,1,1,1.0,1
gene_type,91889db292ab3e1f,1,1,1,1.0,1
gene_type,49229939cfcbc38c,1,1,1,1.0,1
gene_type,b062dd993c2ff337,1,1,1,1.0,1
gene_type,44e74faa0fc0691e,1,1,1,1.0,1
gene_type,ed807de59a7e4900,1,1,1,1.0,1
gene_type,e5c3591fac87feb9,1,1,1,1.0,1
gene_type,f36e6e2a02c5d5a0,1,1,1,1.0,1
gene_type,ac80853230e5b171,1,1,1,1.0,1
gene_type,b3ded7e58fa775a0,1,1,1,1.0,1
gene_type,beedb365352a6cfc,1,1,1,1.0,1
gene_type,b8fc0b11e70d2f41,1,1,1,1.0,1
gene_type,9702156dc19b8a11,1,1,1,1.0,1
gene_type,996efb35f8dddf8f,1,1,1,1.0,1
gene_type,a31b0f2763aa64be,1,1,1,1.0,1
gene_type,3edc82350fe1e17f,1,1,1,1.0,1
gene_type,6c5dac882b8ba8c6,1,1,1,1.0,1
gene_type,79f4aa351a8acea7,1,1,1,1.0,1
gene_type,8364f0a1772f9ebe,1,1,1,1.0,1
gene_type,6345bf18ed25639b,1,1,1,1.0,1
gene_type,c9a8fac689c83d1b,1,1,1,1.0,1
gene_type,03da79a8f54b2a31,1,1,1,1.0,1
gene_type,9e39b8ecbcf35924,1,1,1,1.0,1
gene_type,b73a10c979f513b8,1,1,1,1.0,1
gene_type,31b303ba2bb8a64e,1,1,1,1.0,1
gene_type,c69233513474c544,1,1,1,1.0,1
gene_type,3013ddcdbaa24036,1,1,1,1.0,1
gene_type,53acde77927728a6,2,1,2,0.5,2
gene_type,ddcc6059d6456a50,1,1,1,1.0,1
gene_type,ab383fd626b5fb6f,1,1,1,1.0,1
gene_type,881f3fe9ef294ce9,1,1,1,1.0,1
gene_type,a583124f3b90780a,1,1,1,1.0,1
gene_type,2e2ea93738d9f5ab,1,1,1,1.0,1
gene_type,258020c87155b4a4,1,1,1,1.0,1
gene_type,0926e5819f22f064,1,1,1,1.0,1
gene_type,089847f73531ffc9,1,1,1,1.0,1
gene_type,c231f96cf5eb16f0,1,1,1,1.0,1
gene_type,b1cb6889bec01424,1,1,1,1.0,1
gene_type,380ba145bbfec3c9,1,1,1,1.0,1
gene_type,03b63131ad38bcbd,1,1,1,1.0,1
gene_type,b1a5159e5c892bfb,1,1,1,1.0,1
gene_type,2f3da6cb98f30c62,1,1,1,1.0,1
gene_type,5649a7419352c46d,1,1,1,1.0,1
gene_type,5d22f02e71304313,1,1,1,1.0,1
gene_type,2a37c265bf8f7fba,1,1,1,1.0,1
gene_type,807a6a62a359d863,1,1,1,1.0,1
gene_type,3de98da79e13987e,1,1,1,1.0,1
gene_type,b832c07912dfdf75,1,1,1,1.0,1
gene_type,696e07f0462d6794,1,1,1,1.0,1
gene_type,b2c0b6086c449952,1,1,1,1.0,1
gene_type,d9053be001a72c66,1,1,1,1.0,1
gene_type,6617ee96db42f013,1,1,1,1.0,1
gene_type,b1b354539137bd4f,1,1,1,1.0,1
gene_type,4cdf230e270b749f,1,1,1,1.0,1
gene_type,de0e6013beb54089,1,1,1,1.0,1
gene_type,83cea4a3b000e26d,1,1,1,1.0,1
gene_type,1c34aa78080f24ce,1,1,1,1.0,1
gene_type,b8e99fd5c0c13e20,1,1,1,1.0,1
gene_type,0bd28dd17ac43769,1,1,1,1.0,1
gene_type,cdb98ebc400bf3a3,1,1,1,1.0,1
gene_type,132605d96b331477,1,1,1,1.0,1
gene_type,32d41faf7c34f125,1,1,1,1.0,1
gene_type,027a5718311e3ce3,1,1,1,1.0,1
gene_type,dcc5aaf3a2fdb339,1,1,1,1.0,1
gene_type,5913aca25d94a95c,1,1,1,1.0,1
gene_type,bc82af64cc3d58e0,2,1,2,0.5,2
gene_type,033170ebffa48298,1,1,1,1.0,1
gene_type,b964ddadda170f77,1,1,1,1.0,1
gene_type,fd617bfed38375f3,1,1,1,1.0,1
gene_type,2ddaacc83cc02788,1,1,1,1.0,1
gene_type,8239793ba223260c,1,1,1,1.0,1
gene_type,c28f742b3f786385,1,1,1,1.0,1
gene_type,1932cca99e701077,1,1,1,1.0,1
gene_type,e76b81414dbb8658,1,1,1,1.0,1
gene_type,8437d16ae194ff35,1,1,1,1.0,1
gene_type,13b9e0e2400df44c,1,1,1,1.0,1
gene_type,bb181c56ee31bd55,1,1,1,1.0,1
gene_type,01ede965ab56e9a1,1,1,1,1.0,1
gene_type,764e277da725799f,1,1,1,1.0,1
gene_type,66fe2257ff979146,1,1,1,1.0,1
gene_type,1c5234e6980aecf7,1,1,1,1.0,1
gene_type,124fb3a7ee87089b,1,1,1,1.0,1
gene_type,f4acdcb2708c84ff,1,1,1,1.0,1
gene_type,cbb5eb00b5b6f926,1,1,1,1.0,1
gene_type,ca03435779268b4c,1,1,1,1.0,1
gene_type,3ecef80cfc683b0b,1,1,1,1.0,1
gene_type,b9a2f0741817e19c,1,1,1,1.0,1
gene_type,8cfc22e2cb69c4ba,1,1,1,1.0,1
gene_type,d28d2b26575b3bc8,1,1,1,1.0,1
gene_type,cd6c4b62cb91a6d2,1,1,1,1.0,1
gene_type,b980c4b3b5458fea,1,1,1,1.0,1
gene_type,ecdab4f572f047f7,1,1,1,1.0,1
gene_type,7eb9ab8001f59f05,1,1,1,1.0,1
gene_type,eb06bdc9bf44971d,1,1,1,1.0,1
gene_type,bce5a79e2d64aba0,1,1,1,1.0,1
gene_type,5e1d470c0903c589,1,1,1,1.0,1
gene_type,91d8cb39fa8a1450,1,1,1,1.0,1
gene_type,bd9292d0ff6841d5,1,1,1,1.0,1
gene_type,a2e334b1e22f1bc2,1,1,1,1.0,1
gene_type,55cf5815e8e642e4,1,1,1,1.0,1
gene_type,14dd0df98f778c06,1,1,1,1.0,1
gene_type,04dce6f23ce0f62d,1,1,1,1.0,1
gene_type,a7b529da73e64867,1,1,1,1.0,1
gene_type,3759dc43e178dd78,1,1,1,1.0,1
gene_type,8b4d6154163e0b2e,1,1,1,1.0,1
gene_type,4d32731addec636c,1,1,1,1.0,1
gene_type,e0a1225831189ad5,1,1,1,1.0,1
gene_type,fb50cdf4946ef6ab,1,1,1,1.0,1
gene_type,f2198a6c6f1f226f,1,1,1,1.0,1
gene_type,0c9a6576466561e5,1,1,1,1.0,1
gene_type,c455e96d7538ed90,1,1,1,1.0,1
gene_type,fd1f91e1ba3079a6,1,1,1,1.0,1
gene_type,295e1be19ab03b89,1,1,1,1.0,1
gene_type,a0e7b110e90a3704,1,1,1,1.0,1
gene_type,a97b67ee02dcc7c7,1,1,1,1.0,1
gene_type,5430977b3e2fa6f5,1,1,1,1.0,1
gene_type,7511518b430fa000,1,1,1,1.0,1
gene_type,e0c21a085a390bb5,1,1,1,1.0,1
gene_type,77c5893a6ce47cd5,1,1,1,1.0,1
gene_type,fbd323c3e8254677,1,1,1,1.0,1
gene_type,04a53710defc717f,1,1,1,1.0,1
gene_type,edc656a6875fcc69,1,1,1,1.0,1
gene_type,70e20511b8524825,1,1,1,1.0,1
gene_type,8cc9d849feadc920,1,1,1,1.0,1
gene_type,231c06483930311f,1,1,1,1.0,1
gene_type,494ed7c4a89e5c19,1,1,1,1.0,1
gene_type,b670f61f8fbdb8b9,1,1,1,1.0,1
gene_type,a119673b8d6c1691,1,1,1,1.0,1
gene_type,19714dacce1738bf,1,1,1,1.0,1
gene_type,9b0d963660970181,1,1,1,1.0,1
gene_type,de6b893e5afa0d39,1,1,1,1.0,1
gene_type,b6591918315e7543,1,1,1,1.0,1
gene_type,34a81c208a6cb6e2,1,1,1,1.0,1
gene_type,feb151270e84873c,1,1,1,1.0,1
gene_type,1b72396967bc769f,1,1,1,1.0,1
gene_type,98af3728b93981c2,1,1,1,1.0,1
gene_type,df2a2dcf908007f6,1,1,1,1.0,1
gene_type,42e34e48c3d8057b,1,1,1,1.0,1
gene_type,55190d835979a888,1,1,1,1.0,1
gene_type,97eb2e111f672bf3,1,1,1,1.0,1
gene_type,c4970eb9644337aa,1,1,1,1.0,1
gene_type,55cb15d24967a4f9,1,1,1,1.0,1
gene_type,5e938b1c51a59eba,1,1,1,1.0,1
gene_type,267ea83f1387be89,1,1,1,1.0,1
gene_type,85049619c293efb3,1,1,1,1.0,1
gene_type,5005252266c0e822,1,1,1,1.0,1
gene_type,aafa77542fa1eeae,1,1,1,1.0,1
gene_type,a59ccb440017998a,1,1,1,1.0,1
gene_type,932357a8b52b3676,1,1,1,1.0,1
gene_type,aa188c91d725faab,1,1,1,1.0,1
gene_type,9f85b7c7080270d6,1,1,1,1.0,1
gene_type,513eae5c8a51a49b,1,1,1,1.0,1
gene_type,e7e900769ff6367c,1,1,1,1.0,1
gene_type,4ddeebebf48921fd,1,1,1,1.0,1
gene_type,e6191936a64cf5da,1,1,1,1.0,1
gene_type,ce15a60e093e34c7,1,1,1,1.0,1
gene_type,925229211c8dbc43,1,1,1,1.0,1
gene_type,dc0ec2aa2bb88a80,1,1,1,1.0,1
gene_type,f9bba542f11a24e3,1,1,1,1.0,1
gene_type,fc8b66c718ee649a,1,1,1,1.0,1
gene_type,3e18ac5edc53c185,1,1,1,1.0,1
gene_type,f496d3f4e7518a96,1,1,1,1.0,1
gene_type,3efcd1bb513862d2,1,1,1,1.0,1
gene_type,f5a2602985c30e3d,1,1,1,1.0,1
gene_type,793381cccd63dc90,1,1,1,1.0,1
gene_type,5db3dc2507527df8,1,1,1,1.0,1
gene_type,bf670c784d55bff4,1,1,1,1.0,1
gene_type,38fbb80dbe30336e,1,1,1,1.0,1
gene_type,854f283e5a7f2845,1,1,1,1.0,1
gene_type,a3d7a4abd7b328af,1,1,1,1.0,1
gene_type,3b6959c646c39d00,1,1,1,1.0,1
gene_type,5ddd8e11d15d6e17,1,1,1,1.0,1
gene_type,a4395752641fb9aa,1,1,1,1.0,1
gene_type,d87c9409f45608a7,1,1,1,1.0,1
gene_type,e4ffbea9ed3e1a32,1,1,1,1.0,1
gene_type,bf0e8a053299ba90,1,1,1,1.0,1
gene_type,b11b21e1bef95658,1,1,1,1.0,1
gene_type,bc2077fb6e1ad5d2,1,1,1,1.0,1
gene_type,1098b8201e35bac2,1,1,1,1.0,1
gene_type,e9e7191dfea36b00,2,1,2,0.5,2
gene_type,2896c261a295778a,1,1,1,1.0,1
gene_type,4ffdb0ff8efc5a79,1,1,1,1.0,1
gene_type,c7e046691cb41e39,1,1,1,1.0,1
gene_type,12d50228b1f665d3,1,1,1,1.0,1
gene_type,48432e94a3a7cb2b,1,1,1,1.0,1
gene_type,f1a2ddb19ec4b883,1,1,1,1.0,1
gene_type,7203f858e84f687d,1,1,1,1.0,1
gene_type,006da557efef42da,1,1,1,1.0,1
gene_type,2d49d3baacd8f6e5,1,1,1,1.0,1
gene_type,dd20107a19c03e2a,1,1,1,1.0,1
gene_type,e311f3e188bafce7,1,1,1,1.0,1
gene_type,e6d9afedd92608aa,1,1,1,1.0,1
gene_type,9177a4a591975aa3,1,1,1,1.0,1
gene_type,34f45087288e9828,1,1,1,1.0,1
gene_type,889158805eedd206,1,1,1,1.0,1
gene_type,a6557e3afc600d9d,1,1,1,1.0,1
gene_type,7afbb30cb189f3a0,1,1,1,1.0,1
gene_type,a3b26a64bb36b2cc,1,1,1,1.0,1
gene_type,3c405ddd7c13e9f4,1,1,1,1.0,1
gene_type,d762e8686e4e94f9,1,1,1,1.0,1
gene_type,e6e2ef6afb3e8919,1,1,1,1.0,1
gene_type,ff587013b7734f7a,1,1,1,1.0,1
gene_type,b3eef4d500fae4ef,1,1,1,1.0,1
gene_type,1190783f8edde83a,1,1,1,1.0,1
gene_type,f697af6bff01e838,1,1,1,1.0,1
gene_type,91066d2ff382c569,1,1,1,1.0,1
gene_type,41037bdefd90c0c5,1,1,1,1.0,1
gene_type,e12be9ccde36c598,1,1,1,1.0,1
gene_type,842f19427170d8df,1,1,1,1.0,1
gene_type,5a8157ac42c3d6ce,1,1,1,1.0,1
gene_type,afe4739b1960699f,1,1,1,1.0,1
gene_type,6f9c8d4f0b225607,1,1,1,1.0,1
gene_type,eeede4f062aedbc6,1,1,1,1.0,1
gene_type,2ee8f6fadda58d6d,1,1,1,1.0,1
gene_type,509a59baf4920469,1,1,1,1.0,1
gene_type,2cbc4210c60d8697,1,1,1,1.0,1
gene_type,2d89928db9ab8dfd,1,1,1,1.0,1
gene_type,22564b1718ffc23b,1,1,1,1.0,1
gene_type,8dd43ea2c57c1d24,1,1,1,1.0,1
gene_type,9fa41fc5edac903b,1,1,1,1.0,1
gene_type,fca0adbd3f33af5a,1,1,1,1.0,1
gene_type,f80a782757386797,1,1,1,1.0,1
gene_type,c6791a0bac86f813,1,1,1,1.0,1
gene_type,67863e493eb48056,1,1,1,1.0,1
gene_type,a600af335c16cbc7,1,1,1,1.0,1
gene_type,12a69540986f3ea1,1,1,1,1.0,1
gene_type,d417744b0f89ee5b,1,1,1,1.0,1
gene_type,c463238cfad55b4e,1,1,1,1.0,1
gene_type,153d71051379bba7,1,1,1,1.0,1
gene_type,0d8347c14a6df1ac,1,1,1,1.0,1
gene_type,a54a2b77dbaaab6d,1,1,1,1.0,1
gene_type,da08325a49192175,2,1,2,0.5,2
gene_type,16e4b34b86f6f0c1,1,1,1,1.0,1
gene_type,c551fb41cd874593,1,1,1,1.0,1
gene_type,53d7424efefdd2cf,1,1,1,1.0,1
gene_type,3bc6ce79aa4cd5d8,1,1,1,1.0,1
gene_type,66805dac52e23f16,1,1,1,1.0,1
gene_type,856f7ead857ed29b,1,1,1,1.0,1
gene_type,33f3a204eeb04706,1,1,1,1.0,1
gene_type,be1ec2010b3b1df1,1,1,1,1.0,1
gene_type,1144d26477f29777,1,1,1,1.0,1
gene_type,466346c0b3a2ac46,1,1,1,1.0,1
gene_type,75bcd1856e4b59e5,1,1,1,1.0,1
gene_type,887e54f1988bf374,1,1,1,1.0,1
gene_type,fa1d066f9b313d16,1,1,1,1.0,1
gene_type,a2e1df453ed21117,1,1,1,1.0,1
gene_type,374c75bda5fbf1ec,1,1,1,1.0,1
gene_type,d2f45c8cadc501ff,1,1,1,1.0,1
gene_type,671636affb16279d,1,1,1,1.0,1
gene_type,096fbcd2ee45a5e6,1,1,1,1.0,1
gene_type,bd993a2d66da01c1,1,1,1,1.0,1
gene_type,bd65b32b388472bb,1,1,1,1.0,1
gene_type,de03f1a17a0b42ff,1,1,1,1.0,1
gene_type,26c4685f82b1b72e,1,1,1,1.0,1
gene_type,39d9b711a06f0821,1,1,1,1.0,1
gene_type,e31c872af92035e6,1,1,1,1.0,1
gene_type,2205e8ab37d46a4e,1,1,1,1.0,1
gene_type,4244239683e826c7,1,1,1,1.0,1
gene_type,7b68693de1ceaf37,1,1,1,1.0,1
gene_type,6e8e88508a148634,1,1,1,1.0,1
gene_type,59d2f2665f12b23a,1,1,1,1.0,1
gene_type,c8b4f37fc38e75aa,1,1,1,1.0,1
gene_type,36334d356e1bbe98,1,1,1,1.0,1
gene_type,524d469b72cd8d2d,1,1,1,1.0,1
gene_type,e85e9c83d80b7304,1,1,1,1.0,1
gene_type,058207cd203fe4d8,1,1,1,1.0,1
gene_type,60fbeaeb4dc23464,1,1,1,1.0,1
gene_type,5d4888050b3187cb,1,1,1,1.0,1
gene_type,e6d70ec27a38d959,1,1,1,1.0,1
gene_type,5c2296b8a56cb997,1,1,1,1.0,1
gene_type,7d6bacf8a4e71e66,1,1,1,1.0,1
gene_type,317d8fbdf84773cc,1,1,1,1.0,1
gene_type,742ddf32b652520c,1,1,1,1.0,1
gene_type,276ba4bc1366b7b3,1,1,1,1.0,1
gene_type,d42edcedc70d8683,1,1,1,1.0,1
gene_type,8760b36c4bbcd456,1,1,1,1.0,1
gene_type,5be111495bb9997a,1,1,1,1.0,1
gene_type,5fec7cdde2bb0a8d,1,1,1,1.0,1
gene_type,c45f168a837043a5,1,1,1,1.0,1
gene_type,091fcfd9a05e049c,1,1,1,1.0,1
gene_type,7b52badc7085bd41,2,1,2,0.5,2
gene_type,0d3249028c3dcb9f,1,1,1,1.0,1
gene_type,98666b28fef29428,1,1,1,1.0,1
gene_type,255c51c4c4ac8f3e,1,1,1,1.0,1
gene_type,ccda01bed3191e27,1,1,1,1.0,1
gene_type,f1c1ed5d02244add,1,1,1,1.0,1
gene_type,c20d86150717252c,1,1,1,1.0,1
gene_type,7cd0115eb557c1c9,1,1,1,1.0,1
gene_type,8abe00ea1dc54128,1,1,1,1.0,1
gene_type,2930bc4bed8d9eb3,1,1,1,1.0,1
gene_type,385250c6b781dee6,1,1,1,1.0,1
gene_type,fbdb9e890d67bf3c,1,1,1,1.0,1
gene_type,6484823f4fb711f3,1,1,1,1.0,1
gene_type,e43a6d280d54c8f1,1,1,1,1.0,1
gene_type,24b4ba2d907dceda,1,1,1,1.0,1
gene_type,510bd0faaa177c1b,1,1,1,1.0,1
gene_type,ac792a9e8642a17b,1,1,1,1.0,1
gene_type,5ecba9ba01d51337,1,1,1,1.0,1
gene_type,954448c6bd0557a9,1,1,1,1.0,1
gene_type,7b7a16462364fb14,1,1,1,1.0,1
gene_type,5508b7539d670c8c,1,1,1,1.0,1
gene_type,a1aa2e63f1b4d9e6,1,1,1,1.0,1
gene_type,4aa410b169cca0cc,1,1,1,1.0,1
gene_type,bbe4022350013797,1,1,1,1.0,1
gene_type,ea5169eff1c41fdb,1,1,1,1.0,1
gene_type,088ad80efb7fd490,2,1,2,0.5,2
gene_type,42da3f56ba7383ec,1,1,1,1.0,1
gene_type,6f8fd42bfbad5bcf,1,1,1,1.0,1
gene_type,cc92afe517317ebc,1,1,1,1.0,1
gene_type,962bccebd6fe05dd,1,1,1,1.0,1
gene_type,abf797f24817cc41,1,1,1,1.0,1
gene_type,65384a83631bb8e3,1,1,1,1.0,1
gene_type,bc00262ab8279547,1,1,1,1.0,1
gene_type,5f4a59c23e9925db,1,1,1,1.0,1
gene_type,6ac5414f64c4910b,1,1,1,1.0,1
gene_type,fa01baf564f1f4be,1,1,1,1.0,1
gene_type,48166bbe86a1a222,1,1,1,1.0,1
gene_type,a5d874c743320e07,1,1,1,1.0,1
gene_type,f2faac4163044532,1,1,1,1.0,1
gene_type,583633d0bff445a2,1,1,1,1.0,1
gene_type,e12906e1fbe3d6f2,1,1,1,1.0,1
gene_type,23c37e5d11f30fbb,1,1,1,1.0,1
gene_type,167ed1934fb37d84,1,1,1,1.0,1
gene_type,64c6cff003b457d2,1,1,1,1.0,1
gene_type,e3dc3de0897b9662,1,1,1,1.0,1
gene_type,e9dd006903af9d39,1,1,1,1.0,1
gene_type,2015cbcb372f8b60,1,1,1,1.0,1
gene_type,f1599e9ddb7af0c4,1,1,1,1.0,1
gene_type,ae1db92bbec360a5,1,1,1,1.0,1
gene_type,3b626509190b837a,1,1,1,1.0,1
gene_type,d3716d54a42fe25f,1,1,1,1.0,1
gene_type,e83f51f347b5edd9,1,1,1,1.0,1
gene_type,9dc11820519a2a12,1,1,1,1.0,1
gene_type,9e0587bb8175aa99,1,1,1,1.0,1
gene_type,069043fcd5363b9f,1,1,1,1.0,1
gene_type,b940dca2b9824bcb,1,1,1,1.0,1
gene_type,0fe35f26539b235a,1,1,1,1.0,1
gene_type,d0eecd879254e95b,1,1,1,1.0,1
gene_type,681f4a3496c638da,1,1,1,1.0,1
gene_type,c2f2e16654968fe1,1,1,1,1.0,1
gene_type,da90a14c61163bd7,1,1,1,1.0,1
gene_type,a61ea3f7d4d3375d,1,1,1,1.0,1
gene_type,5bea0a5ef4326390,1,1,1,1.0,1
gene_type,9b3a6c49b505e1cc,1,1,1,1.0,1
gene_type,7b5de67b17ede5db,1,1,1,1.0,1
gene_type,39ffaf264a2bb3bb,1,1,1,1.0,1
gene_type,c8b621e95a809bff,1,1,1,1.0,1
gene_type,64ed20a35970b8e6,1,1,1,1.0,1
gene_type,2e1639ead8099d07,1,1,1,1.0,1
gene_type,204fe8f54557cb55,1,1,1,1.0,1
gene_type,a760b44d11d1dbe7,1,1,1,1.0,1
gene_type,d1044f1d0a89cad7,1,1,1,1.0,1
gene_type,921cec0b27821637,1,1,1,1.0,1
gene_type,21e10f4211b469c4,1,1,1,1.0,1
gene_type,507ec46b066574e3,1,1,1,1.0,1
gene_type,61ef45f29886204c,1,1,1,1.0,1
gene_type,3c903c922d18ad3c,1,1,1,1.0,1
gene_type,0a821f3957219945,1,1,1,1.0,1
gene_type,78f7e283ffdc696d,1,1,1,1.0,1
gene_type,7067842db2032edc,1,1,1,1.0,1
gene_type,62bdcae803f4798e,1,1,1,1.0,1
gene_type,cc9db407bbb42ed6,1,1,1,1.0,1
gene_type,bc5cd3e7dd5dd1b8,1,1,1,1.0,1
gene_type,a92255bb44bd3e22,1,1,1,1.0,1
gene_type,99a75ba3bd7f602b,1,1,1,1.0,1
gene_type,09bcfc924af99102,1,1,1,1.0,1
gene_type,acadf29b287bfcf1,1,1,1,1.0,1
gene_type,d023648aa82639df,1,1,1,1.0,1
gene_type,5c3c6aa423759238,1,1,1,1.0,1
gene_type,99d8d18fb0995757,1,1,1,1.0,1
gene_type,fe58255177dc08e1,1,1,1,1.0,1
gene_type,dcb5cf8a03eb09e9,1,1,1,1.0,1
gene_type,0f225171e4005c30,1,1,1,1.0,1
gene_type,949e3b5cfc481dc1,1,1,1,1.0,1
gene_type,0bf5489533531ebb,1,1,1,1.0,1
gene_type,8e3d2b2f25d25d3d,1,1,1,1.0,1
gene_type,095c3a56e605974c,1,1,1,1.0,1
gene_type,59763ddcc761612a,1,1,1,1.0,1
gene_type,44448ce00d1f58c3,2,1,2,0.5,2
gene_type,e84e380c7752307e,1,1,1,1.0,1
gene_type,43b4607a68f6535b,1,1,1,1.0,1
gene_type,dc5149a60889861a,1,1,1,1.0,1
gene_type,eafd0c6445541ed9,1,1,1,1.0,1
gene_type,b2e54eee6dac135f,1,1,1,1.0,1
gene_type,071f4afad000fd63,1,1,1,1.0,1
gene_type,ffd22600b467356b,1,1,1,1.0,1
gene_type,06b2466e52c34a82,1,1,1,1.0,1
gene_type,31090ac287ba5ee0,1,1,1,1.0,1
gene_type,d69f16881282a56b,1,1,1,1.0,1
gene_type,e2916db82ee26521,1,1,1,1.0,1
gene_type,35f1c4c57d50d231,1,1,1,1.0,1
gene_type,fb14ef0f76e57a8b,1,1,1,1.0,1
gene_type,f32a7e6f7be44f3f,1,1,1,1.0,1
gene_type,995d8b7598d61cc3,1,1,1,1.0,1
gene_type,d61ef6b809cda496,1,1,1,1.0,1
gene_type,9d267271f8012005,1,1,1,1.0,1
gene_type,27a6a4243f59fccc,1,1,1,1.0,1
gene_type,8228623fff04a323,1,1,1,1.0,1
gene_type,35be759560630ce7,1,1,1,1.0,1
gene_type,912601dcb55fd077,1,1,1,1.0,1
gene_type,73e7851bb3699919,1,1,1,1.0,1
gene_type,df906f7de66c8cfb,1,1,1,1.0,1
gene_type,1a32ae49197de02d,1,1,1,1.0,1
gene_type,7970abbcefca4d87,1,1,1,1.0,1
gene_type,ef77be19b53b6aa9,1,1,1,1.0,1
gene_type,16c88d2d8a86d65c,1,1,1,1.0,1
gene_type,bfc2f53361d38555,1,1,1,1.0,1
gene_type,812ff1a5375d5675,1,1,1,1.0,1
gene_type,3ce31bee246f173e,1,1,1,1.0,1
gene_type,4a38760795676d7e,1,1,1,1.0,1
gene_type,272feaf0ca42b594,1,1,1,1.0,1
gene_type,d06ac8e4350e81a7,1,1,1,1.0,1
gene_type,a38941a1668fe2e7,1,1,1,1.0,1
gene_type,0022ee99fe5f9a15,1,1,1,1.0,1
gene_type,88f8262fa861c974,1,1,1,1.0,1
gene_type,fe05ec6f7f8b4635,1,1,1,1.0,1
gene_type,0c63d4e9e7176b03,1,1,1,1.0,1
gene_type,9c97d93d2c7b4722,1,1,1,1.0,1
gene_type,cd39df22934cfda2,1,1,1,1.0,1
gene_type,24ace01f856bf75a,1,1,1,1.0,1
gene_type,7990c64b306a5b84,1,1,1,1.0,1
gene_type,ccdc1ee2080e511f,1,1,1,1.0,1
gene_type,1bccbb5c51d1e159,1,1,1,1.0,1
gene_type,d79f2776cbb856aa,1,1,1,1.0,1
gene_type,011a8dc3ba411e11,1,1,1,1.0,1
gene_type,3cd65a3d6983ca5b,1,1,1,1.0,1
gene_type,d9306f5e7937c269,1,1,1,1.0,1
gene_type,786f14237bd59b49,1,1,1,1.0,1
gene_type,b42b9db24e557ce2,1,1,1,1.0,1
gene_type,4419c858ccabf940,1,1,1,1.0,1
gene_type,ec445e91b5f0dce2,1,1,1,1.0,1
gene_type,a078078679a95ec9,1,1,1,1.0,1
gene_type,0caa5870f6e54713,1,1,1,1.0,1
gene_type,19dea08ae3e61554,1,1,1,1.0,1
gene_type,83f870e2140336fb,1,1,1,1.0,1
gene_type,798287d506214b67,1,1,1,1.0,1
gene_type,94bb529c9b0a3aea,1,1,1,1.0,1
gene_type,6d4676e14df2cb72,1,1,1,1.0,1
gene_type,836f4dcf2a021327,1,1,1,1.0,1
gene_type,7a9401576aa441c8,1,1,1,1.0,1
gene_type,31fea86f74eb7ca4,1,1,1,1.0,1
gene_type,17348de760190e24,2,1,2,0.5,2
gene_type,bd4c3cd06ebeae47,1,1,1,1.0,1
gene_type,b40faa4e93582f22,1,1,1,1.0,1
gene_type,4d6062e375c09d72,1,1,1,1.0,1
gene_type,f3ecbef963f50bb0,1,1,1,1.0,1
gene_type,af34286e432518e0,1,1,1,1.0,1
gene_type,3ac29f0c73c38bf5,1,1,1,1.0,1
gene_type,b1a7c008664bce5f,1,1,1,1.0,1
gene_type,4eaada4b9c2a5371,1,1,1,1.0,1
gene_type,d0802d029cd589d9,1,1,1,1.0,1
gene_type,98048f73a7d857bb,1,1,1,1.0,1
gene_type,7294427e7ac954cd,1,1,1,1.0,1
gene_type,9b3884d95d4c2628,1,1,1,1.0,1
gene_type,d18209712b55156c,1,1,1,1.0,1
gene_type,46defb1347a7f48f,2,1,2,0.5,2
gene_type,4926c3a7ba7a6ef6,1,1,1,1.0,1
gene_type,ca1943f0d2431217,1,1,1,1.0,1
gene_type,7d1c3c9a6aba29e6,1,1,1,1.0,1
gene_type,d39d85266b18815a,1,1,1,1.0,1
gene_type,31569b5c5144e71c,1,1,1,1.0,1
gene_type,16c5ea0bab05ef5f,1,1,1,1.0,1
gene_type,e13fa45ffc162958,1,1,1,1.0,1
gene_type,fc4f131c834a35bb,1,1,1,1.0,1
gene_type,a8b4d5273a112c12,1,1,1,1.0,1
gene_type,5098407e6b4e67ea,1,1,1,1.0,1
gene_type,1663579ad688ef12,1,1,1,1.0,1
gene_type,8ba21e1c64c600d2,1,1,1,1.0,1
gene_type,7e9ad0f99e0d1d08,1,1,1,1.0,1
gene_type,ff575f817ea2650a,1,1,1,1.0,1
gene_type,10b96609f0790d7a,1,1,1,1.0,1
gene_type,f130f8698bf8ef83,1,1,1,1.0,1
gene_type,2a9894bda428afeb,1,1,1,1.0,1
gene_type,282f38be1514968e,1,1,1,1.0,1
gene_type,f7407118ad1fb97a,1,1,1,1.0,1
gene_type,77f417560e264555,1,1,1,1.0,1
gene_type,4b62174231c3852f,1,1,1,1.0,1
gene_type,5ac0874eb6702059,1,1,1,1.0,1
gene_type,e2b38d5d9cec6a9d,1,1,1,1.0,1
gene_type,eba77acdd6348744,1,1,1,1.0,1
gene_type,353de4d4f01a307e,1,1,1,1.0,1
gene_type,6f5f947ccf936d99,1,1,1,1.0,1
gene_type,78911d5466cb8673,1,1,1,1.0,1
gene_type,9e533d1095776c6b,1,1,1,1.0,1
gene_type,a22ca40ccd66fa43,1,1,1,1.0,1
gene_type,664cffdc8a166100,1,1,1,1.0,1
gene_type,469db05b01bb5321,1,1,1,1.0,1
gene_type,260f18a46329504c,1,1,1,1.0,1
gene_type,8f17cd5d5fbf36aa,1,1,1,1.0,1
gene_type,6a9778629f3a5b18,1,1,1,1.0,1
gene_type,302955f0be50c166,1,1,1,1.0,1
gene_type,e9d156b2ef1d35d3,1,1,1,1.0,1
gene_type,38f96e0e33501370,1,1,1,1.0,1
gene_type,2013aeaba33e3707,1,1,1,1.0,1
gene_type,d0135f8f6bbecb78,1,1,1,1.0,1
gene_type,b4855586c4b67f8d,1,1,1,1.0,1
gene_type,e7a28c133c9c65c3,1,1,1,1.0,1
gene_type,90ca19a7b97cb55e,1,1,1,1.0,1
gene_type,dea4e4cbcceaa67b,1,1,1,1.0,1
gene_type,c3e882e4c268315f,1,1,1,1.0,1
gene_type,cd09091c668d92d8,1,1,1,1.0,1
gene_type,6c6f9b96255a869f,1,1,1,1.0,1
gene_type,5b69c6d0a6e83a8e,1,1,1,1.0,1
gene_type,cde32943cd12cdf0,1,1,1,1.0,1
gene_type,d3050a2214d20eeb,1,1,1,1.0,1
gene_type,17abaa5a51bc5ea8,1,1,1,1.0,1
gene_type,a3e5f157c84d0ef1,1,1,1,1.0,1
gene_type,782384d5bfde7560,1,1,1,1.0,1
gene_type,5404a28b481ff0da,1,1,1,1.0,1
gene_type,0ceed4040205d959,1,1,1,1.0,1
gene_type,b13d8fc9917cd179,1,1,1,1.0,1
gene_type,b1b2cf2c5252b6f3,1,1,1,1.0,1
gene_type,6ec2ac801312dda9,1,1,1,1.0,1
gene_type,f3af7b8b10f06ed7,1,1,1,1.0,1
gene_type,a230b66263e82e26,1,1,1,1.0,1
gene_type,ae43051d19dde105,1,1,1,1.0,1
gene_type,8676de199d7edd89,1,1,1,1.0,1
gene_type,af9cdeec45d9b03e,1,1,1,1.0,1
gene_type,a6d76ecaadbe109c,1,1,1,1.0,1
gene_type,3c91f0ef1224709f,1,1,1,1.0,1
gene_type,01d0f9524848c5bb,1,1,1,1.0,1
gene_type,b1e6522715d79234,1,1,1,1.0,1
gene_type,a95983d19981beb9,1,1,1,1.0,1
gene_type,4f9780641049e172,1,1,1,1.0,1
gene_type,ac9d8e37824dbdc8,1,1,1,1.0,1
gene_type,15056612a6ea2636,1,1,1,1.0,1
gene_type,59e58101cca1c629,1,1,1,1.0,1
gene_type,557483c4b61a48fa,1,1,1,1.0,1
gene_type,e52982cedd0cde4e,1,1,1,1.0,1
gene_type,e03445b42d34b714,1,1,1,1.0,1
gene_type,1a7cf9933f192fd8,1,1,1,1.0,1
gene_type,c534f4975b661701,1,1,1,1.0,1
gene_type,900714919a24768d,1,1,1,1.0,1
gene_type,8a3bac1d737b0708,1,1,1,1.0,1
gene_type,dcc468afc96c9760,1,1,1,1.0,1
gene_type,19b507d4ae5892e8,1,1,1,1.0,1
gene_type,ec1da030b765554b,1,1,1,1.0,1
gene_type,7a00f5003e77de62,1,1,1,1.0,1
gene_type,f4f89fa83808bb34,1,1,1,1.0,1
gene_type,001bc5b6daca63b8,1,1,1,1.0,1
gene_type,91a31bb3cd4fef07,1,1,1,1.0,1
gene_type,f90e15238da59ef6,1,1,1,1.0,1
gene_type,19fcd0fda6c3c2ec,1,1,1,1.0,1
gene_type,711d862291e53649,1,1,1,1.0,1
gene_type,e404ed8298d4cd53,1,1,1,1.0,1
gene_type,c4627b6df03e2293,1,1,1,1.0,1
gene_type,15c78848ce8cdec1,1,1,1,1.0,1
gene_type,cf8f736ea3d365bf,1,1,1,1.0,1
gene_type,fd44e10753760e9a,1,1,1,1.0,1
gene_type,cfca85c58a1505c9,1,1,1,1.0,1
gene_type,0eaa4c8a492cc9f5,1,1,1,1.0,1
gene_type,c10ee7be885e24f3,1,1,1,1.0,1
gene_type,459eb72d462a6377,1,1,1,1.0,1
gene_type,7b77d848be255976,1,1,1,1.0,1
gene_type,3284ee0e910852d2,1,1,1,1.0,1
gene_type,aecc50e194fe689c,1,1,1,1.0,1
gene_type,91cd758c40c24825,1,1,1,1.0,1
gene_type,2015eba641138b65,1,1,1,1.0,1
gene_type,02b334b8a75e7930,1,1,1,1.0,1
gene_type,a55b054c71ee949c,1,1,1,1.0,1
gene_type,93b7ca811b089e31,1,1,1,1.0,1
gene_type,7bfcc5cce8eecaf3,1,1,1,1.0,1
gene_type,93277cac6d308d76,1,1,1,1.0,1
gene_type,118f8bf66a0e578b,1,1,1,1.0,1
gene_type,17877bea6bf520ee,1,1,1,1.0,1
gene_type,6c327d9804e34c17,1,1,1,1.0,1
gene_type,2ba9357c5ee6cbe1,1,1,1,1.0,1
gene_type,edacbc99a7c212bd,1,1,1,1.0,1
gene_type,128ddbf9125f7fb2,1,1,1,1.0,1
gene_type,322a048a28f01852,1,1,1,1.0,1
gene_type,47dd1a167b990b73,1,1,1,1.0,1
gene_type,55d1d7a4153cc751,1,1,1,1.0,1
gene_type,5472f2ddde2ac927,1,1,1,1.0,1
gene_type,c1892337686288f0,1,1,1,1.0,1
gene_type,ffc0b5e18b99cbc6,1,1,1,1.0,1
gene_type,9de8ad266ca18aad,1,1,1,1.0,1
gene_type,0e367f7191b71740,1,1,1,1.0,1
gene_type,af143433c291d50a,1,1,1,1.0,1
gene_type,ba81f0cdcf0ecf52,1,1,1,1.0,1
gene_type,8ff235a90c1e1748,1,1,1,1.0,1
gene_type,3512e34cd8131351,1,1,1,1.0,1
gene_type,33982408ab134835,1,1,1,1.0,1
gene_type,6f3055c4013a36c0,1,1,1,1.0,1
gene_type,30a2f7974dc8c015,1,1,1,1.0,1
gene_type,70a77d6f7b5748dc,1,1,1,1.0,1
gene_type,c9edf6764e58aa30,1,1,1,1.0,1
gene_type,fccc4333f5558020,1,1,1,1.0,1
gene_type,1bf116558faf2858,1,1,1,1.0,1
gene_type,acf1066f964c0613,1,1,1,1.0,1
gene_type,d52167892908626c,1,1,1,1.0,1
gene_type,cb385a337ae23fd1,1,1,1,1.0,1
gene_type,2819c558c7f2d223,1,1,1,1.0,1
gene_type,ab86f107ec9f49b3,1,1,1,1.0,1
gene_type,55ce0731a846eaeb,1,1,1,1.0,1
gene_type,445daa1a501b4c50,1,1,1,1.0,1
gene_type,d44c941716292454,1,1,1,1.0,1
gene_type,8064759ec0b1e826,1,1,1,1.0,1
gene_type,588a1b566b13bd23,1,1,1,1.0,1
gene_type,d286602fbbf7309d,1,1,1,1.0,1
gene_type,7e8390788eca87a2,1,1,1,1.0,1
gene_type,a06f15c1e6299c8a,1,1,1,1.0,1
gene_type,0b7af444432bd4b5,1,1,1,1.0,1
gene_type,4898b33f2d6bb407,1,1,1,1.0,1
gene_type,465237809ab33a99,1,1,1,1.0,1
gene_type,ddf7b9d8f818001e,1,1,1,1.0,1
gene_type,0b783d1691242ce9,1,1,1,1.0,1
gene_type,ae75c8ce5322ec63,1,1,1,1.0,1
gene_type,342904c706c651f6,1,1,1,1.0,1
gene_type,836bb5a85233203f,1,1,1,1.0,1
gene_type,193ad9eda6445fea,1,1,1,1.0,1
gene_type,5ddd5c404c41c95c,1,1,1,1.0,1
gene_type,da564583a0a58d4c,1,1,1,1.0,1
gene_type,7a03fa44c5ec53c2,1,1,1,1.0,1
gene_type,01ffaa882cba10e3,1,1,1,1.0,1
gene_type,72550b8234f76323,1,1,1,1.0,1
gene_type,f9d99ffc175532c3,1,1,1,1.0,1
gene_type,7f2e0c0917ebecfa,1,1,1,1.0,1
gene_type,a54a761d640fa3f0,1,1,1,1.0,1
gene_type,66e8cd947cac3fb7,1,1,1,1.0,1
gene_type,a0a3093700b9771e,1,1,1,1.0,1
gene_type,c33138840355a6b6,1,1,1,1.0,1
gene_type,90ee0c814b065fa5,1,1,1,1.0,1
gene_type,89d0e5318de87352,1,1,1,1.0,1
gene_type,bc5498011cf3727c,1,1,1,1.0,1
gene_type,28c285677be5e9dc,1,1,1,1.0,1
gene_type,d1e29cb7aac78d5f,1,1,1,1.0,1
gene_type,4bd2ac8e45c99325,1,1,1,1.0,1
gene_type,790710e0017f3bdc,1,1,1,1.0,1
gene_type,47c21ef8429871b9,1,1,1,1.0,1
gene_type,79bb5e72d537d81a,1,1,1,1.0,1
gene_type,58fe711a5e8d7c20,1,1,1,1.0,1
gene_type,832df00a3a02fcd2,1,1,1,1.0,1
gene_type,394b3c99afad0cdf,1,1,1,1.0,1
gene_type,0647a94186316a8a,1,1,1,1.0,1
gene_type,091dc258604c6453,1,1,1,1.0,1
gene_type,5ced57d295979909,1,1,1,1.0,1
gene_type,1ece427850a4a2a2,1,1,1,1.0,1
gene_type,d46f5a51cd130edb,1,1,1,1.0,1
gene_type,c1fc0c71e0c55871,1,1,1,1.0,1
gene_type,6dfb0844cf424e11,1,1,1,1.0,1
gene_type,4a63c5cff16cac9f,1,1,1,1.0,1
gene_type,9c89e4500005a6e1,1,1,1,1.0,1
gene_type,32bf7dd64c0c3fae,1,1,1,1.0,1
gene_type,85e9b622fb0b2852,1,1,1,1.0,1
gene_type,b116daf145d041dd,1,1,1,1.0,1
gene_type,185da0df78349af9,1,1,1,1.0,1
gene_type,5874ee003b4fb646,1,1,1,1.0,1
gene_type,6b100000ae8b9c7a,1,1,1,1.0,1
gene_type,d9d19f8cbe8fc90c,1,1,1,1.0,1
gene_type,1b68e6edf953fba4,1,1,1,1.0,1
gene_type,4efc2f9beb60f1bb,1,1,1,1.0,1
gene_type,8c9fa5e5256ed2eb,1,1,1,1.0,1
gene_type,5a39700fe68321e4,1,1,1,1.0,1
gene_type,94967bdb3f020aec,1,1,1,1.0,1
gene_type,bb3fdb2ba7d4e5d1,1,1,1,1.0,1
gene_type,4ec1fac050239382,1,1,1,1.0,1
gene_type,0fa81ead9411b0ad,1,1,1,1.0,1
gene_type,803396f08a4ddfd2,1,1,1,1.0,1
gene_type,5af024f5b9383dc0,1,1,1,1.0,1
gene_type,a075cac047291b09,1,1,1,1.0,1
gene_type,e815f61d30e32001,1,1,1,1.0,1
gene_type,48f032762a01de41,1,1,1,1.0,1
gene_type,c516dce5b0f01b72,1,1,1,1.0,1
gene_type,2c9a974636f877bb,1,1,1,1.0,1
gene_type,4b4be579a3a3818b,1,1,1,1.0,1
gene_type,5659d24d819b7ed6,1,1,1,1.0,1
gene_type,762d2b2852130c68,1,1,1,1.0,1
gene_type,a1eec7ba677cb1e8,1,1,1,1.0,1
gene_type,cce6506343103479,1,1,1,1.0,1
gene_type,62658d8be5afaaac,1,1,1,1.0,1
gene_type,5b585ccd81d59a6c,1,1,1,1.0,1
gene_type,c03f11abd579e025,1,1,1,1.0,1
gene_type,cdbdbb80509a0939,1,1,1,1.0,1
gene_type,d45f0164bddd515f,1,1,1,1.0,1
gene_type,72ad87e2300a7216,1,1,1,1.0,1
gene_type,4abeac5dff64eba0,1,1,1,1.0,1
gene_type,47623231d7179d27,1,1,1,1.0,1
gene_type,aafdb7be541d04d7,1,1,1,1.0,1
gene_type,2d6c1162c7a3bbed,1,1,1,1.0,1
gene_type,18d0a4ed06e20223,1,1,1,1.0,1
gene_type,d9abf00debb45d95,1,1,1,1.0,1
gene_type,63b6cce9627aea8e,1,1,1,1.0,1
gene_type,fad5bd8c8ae2e980,1,1,1,1.0,1
gene_type,1a451f264da8a908,1,1,1,1.0,1
gene_type,6079892b9db91455,1,1,1,1.0,1
gene_type,7f1b86b24df05ae9,1,1,1,1.0,1
gene_type,5a532e6def736bb0,1,1,1,1.0,1
gene_type,db46c2ec864b9235,1,1,1,1.0,1
gene_type,42e278012d31707b,1,1,1,1.0,1
gene_type,8cd850f18c674385,1,1,1,1.0,1
gene_type,020c59dd3388432e,1,1,1,1.0,1
gene_type,49144e2e97ab7ace,1,1,1,1.0,1
gene_type,4a9a25ea7beafc26,1,1,1,1.0,1
gene_type,ab76993148ff4cce,1,1,1,1.0,1
gene_type,7499985858d4e67b,1,1,1,1.0,1
gene_type,463d3f8047591ca4,1,1,1,1.0,1
gene_type,3d435173ac2e0d45,1,1,1,1.0,1
gene_type,f00fbb831c038476,1,1,1,1.0,1
gene_type,cd7906955f3d4fd4,1,1,1,1.0,1
gene_type,dfc85ec0c1cc48e0,1,1,1,1.0,1
gene_type,c408472263c6948f,1,1,1,1.0,1
gene_type,daef64e3a23e0e86,1,1,1,1.0,1
gene_type,277184f0a15c0eb6,1,1,1,1.0,1
gene_type,507754a89e29c9a9,1,1,1,1.0,1
gene_type,7634fb32417e097d,1,1,1,1.0,1
gene_type,922a4372f145a332,1,1,1,1.0,1
gene_type,61aeccc7808aa434,1,1,1,1.0,1
gene_type,4766a280b57b805e,1,1,1,1.0,1
gene_type,faf8f91ccab39a21,1,1,1,1.0,1
gene_type,9c2e5af26fea07b4,1,1,1,1.0,1
gene_type,fdbd02a48b0bdb4e,1,1,1,1.0,1
gene_type,1e2e0cbf512974a1,1,1,1,1.0,1
gene_type,5c100dd202862521,1,1,1,1.0,1
gene_type,93211b5580997380,1,1,1,1.0,1
gene_type,4f48d0c815e83127,1,1,1,1.0,1
gene_type,af9a21a1aa7893ee,1,1,1,1.0,1
gene_type,82d660258e35b63b,1,1,1,1.0,1
gene_type,9cce72682724942a,1,1,1,1.0,1
gene_type,697cee8ea9882652,1,1,1,1.0,1
gene_type,567a64378e8fc7f3,1,1,1,1.0,1
gene_type,aba77ffe87b5920c,1,1,1,1.0,1
gene_type,14f51b5c1e90d0b6,1,1,1,1.0,1
gene_type,f2fb295cf7625050,1,1,1,1.0,1
gene_type,71b4c4ea3ebbac5b,1,1,1,1.0,1
gene_type,8a9b0d9a1bf2cd9e,1,1,1,1.0,1
gene_type,1eb0fa9acdf69057,1,1,1,1.0,1
gene_type,57ce7a7ad63b88b7,1,1,1,1.0,1
gene_type,dd8c6628146a0c33,1,1,1,1.0,1
gene_type,8ae92e5b038d77dd,1,1,1,1.0,1
gene_type,98eaf94eec114573,1,1,1,1.0,1
gene_type,39198cdc49f44731,1,1,1,1.0,1
gene_type,f71dd53ebaf4b540,1,1,1,1.0,1
gene_type,678eea576000605e,1,1,1,1.0,1
gene_type,84be3e77e1b372d2,1,1,1,1.0,1
gene_type,d26cd45472c8f1ae,1,1,1,1.0,1
gene_type,17b731f27a93bab9,1,1,1,1.0,1
gene_type,ae039af4f7e13ff5,1,1,1,1.0,1
gene_type,7aac251200a008bd,1,1,1,1.0,1
gene_type,5e321896644e0bd5,1,1,1,1.0,1
gene_type,97e107971c5ce556,1,1,1,1.0,1
gene_type,8fff259b21c590d2,1,1,1,1.0,1
gene_type,a99c1d8a195f24c0,1,1,1,1.0,1
gene_type,440994f72228bd1b,1,1,1,1.0,1
gene_type,5d4fb94741a1732e,1,1,1,1.0,1
gene_type,778e906d08f08bcc,1,1,1,1.0,1
gene_type,42caeef06c16b79b,1,1,1,1.0,1
gene_type,72ad22629c296e3e,1,1,1,1.0,1
gene_type,36a09aed37d95767,1,1,1,1.0,1
