row,jaccard_neighbor,cosine_similarity,jaccard_similarity,label,neighbor_label,label_match
0,1,0.0,0.0,KIPAN,SARC,False
1,5505,0.09166986,0.04347826,SARC,PRAD,False
2,1356,0.08980265,0.008064516,SKCM,LAML,False
3,5645,1.0000001,1.0,KIRC,KIPAN,False
4,2825,0.045834925,0.021276595,GBMLGG,PAAD,False
5,48,0.027083963,0.0065789474,STES,STES,True
6,496,0.28867513,0.16666667,BRCA,UCEC,False
7,0,0.0,0.0,THCA,KIPAN,False
8,0,0.0,0.0,LIHC,KIPAN,False
9,1429,0.04152274,0.020833334,STES,STES,True
10,5935,0.13608275,0.071428575,STES,UCEC,False
11,3198,0.019968076,0.009259259,HNSC,CESC,False
12,0,0.0,0.0,KIRC,KIPAN,False
13,175,0.046524208,0.02173913,PAAD,PAAD,True
14,4641,0.025318485,0.003164557,SKCM,OV,False
15,0,0.0,0.0,OV,KIPAN,False
16,0,0.0,0.0,KIPAN,KIPAN,True
17,5767,1.0,1.0,KIPAN,KIRC,False
18,0,0.0,0.0,BRCA,KIPAN,False
19,730,0.20412415,0.1,PRAD,THCA,False
20,1877,0.14433756,0.020833334,GBMLGG,BLCA,False
21,4051,0.2236068,0.09090909,UCEC,LGG,False
22,1765,0.096225046,0.05,GBMLGG,UCEC,False
23,5969,0.31622776,0.16666667,LAML,LAML,True
24,811,0.05976143,0.0035714286,COAD,THCA,False
25,2581,0.050832856,0.019607844,STES,BRCA,False
26,4721,0.28867513,0.14285715,BRCA,BRCA,True
27,811,0.70710677,0.5,THCA,THCA,True
28,0,0.0,0.0,BRCA,KIPAN,False
29,1356,0.08543577,0.00729927,SKCM,LAML,False
30,2669,0.1924501,0.10638298,ACC,ACC,True
31,4613,1.0,1.0,GBMLGG,LGG,False
32,2259,0.061545745,0.025,HNSC,SARC,False
33,224,1.0,1.0,KIRC,KIPAN,False
34,1913,1.0,1.0,KIRC,KIPAN,False
35,0,0.0,0.0,PRAD,KIPAN,False
36,5404,1.0000001,1.0,LGG,GBMLGG,False
37,4641,0.059761424,0.016666668,LUSC,OV,False
38,6103,0.089087084,0.022727273,LUSC,LAML,False
39,0,0.0,0.0,BRCA,KIPAN,False
40,1957,0.28867513,0.083333336,BRCA,OV,False
41,5100,0.03526728,0.007194245,UCEC,UCEC,True
42,1252,1.0,1.0,KIRC,KIPAN,False
43,2891,1.0,1.0,GBMLGG,LGG,False
44,890,0.11891288,0.061728396,ACC,ACC,True
45,5378,0.029000739,0.014492754,LUAD,KIPAN,False
46,4888,0.25000003,0.11111111,BRCA,BRCA,True
47,3348,0.015253404,0.003125,SKCM,COAD,False
48,563,0.047836483,0.024390243,STES,STES,True
49,1327,0.062017366,0.017857144,LUSC,OV,False
50,5429,0.18430245,0.1,ACC,ACC,True
51,5748,0.010818558,0.0013831259,BRCA,LUSC,False
52,4207,1.0,1.0,KIRC,KIPAN,False
53,277,0.08164965,0.041666668,GBMLGG,PAAD,False
54,728,0.02372895,0.006289308,UCEC,KIRC,False
55,1896,0.052270833,0.015151516,PRAD,BRCA,False
56,4721,0.25000003,0.11111111,BRCA,BRCA,True
57,0,0.0,0.0,BRCA,KIPAN,False
58,753,0.024332413,0.0051107327,STES,STES,True
59,870,0.99999994,1.0,KIPAN,KIRC,False
60,1767,0.093658574,0.041666668,UCEC,BRCA,False
61,2088,1.0,1.0,KIRC,KIPAN,False
62,225,0.059234884,0.030303031,KIRC,KIPAN,False
63,4306,0.061545745,0.030303031,BRCA,COAD,False
64,3722,0.0860663,0.032258064,OV,OV,True
65,1624,0.15430336,0.083333336,BRCA,BRCA,True
66,0,0.0,0.0,KIPAN,KIPAN,True
67,121,0.09759001,0.027027028,BRCA,LGG,False
68,5821,0.019381883,0.0070422534,OV,SKCM,False
69,2223,0.99999994,1.0,LGG,GBMLGG,False
70,4701,0.26726124,0.125,BRCA,BRCA,True
71,3463,0.01479413,0.0006557377,UCEC,KIRC,False
72,5895,0.05,0.025,GBMLGG,HNSC,False
73,698,0.015430336,0.0034013605,SKCM,SKCM,True
74,121,0.03857584,0.0044247787,STES,LGG,False
75,0,0.0,0.0,BRCA,KIPAN,False
76,0,0.0,0.0,LUSC,KIPAN,False
77,3443,0.12500001,0.06666667,PRAD,PRAD,True
78,3058,0.013961798,0.0058139535,SKCM,STES,False
79,2519,0.056343615,0.028571429,KIPAN,BRCA,False
80,2224,0.032410186,0.012345679,UCEC,SARC,False
81,0,0.0,0.0,LAML,KIPAN,False
82,4081,0.0060280357,0.00036218762,BRCA,COAD,False
83,2086,0.083333336,0.041666668,GBMLGG,GBMLGG,True
84,5018,0.06262243,0.032258064,OV,OV,True
85,2233,0.08703882,0.037037037,STES,OV,False
86,109,0.15430336,0.083333336,BRCA,BRCA,True
87,2772,0.029617444,0.004310345,PRAD,CESC,False
88,6,0.14433756,0.06666667,BRCA,BRCA,True
89,6140,0.0039344477,0.0005173306,BRCA,UCEC,False
90,2261,0.060192928,0.013888889,LUSC,PCPG,False
91,3302,0.048112523,0.024390243,KIPAN,TGCT,False
92,4641,0.027628947,0.0037593986,KIPAN,OV,False
93,2875,0.017039955,0.006666667,CESC,SKCM,False
94,2375,0.028171808,0.00390625,UCEC,BRCA,False
95,4288,0.014967109,0.002610966,KIPAN,UCEC,False
96,1528,0.048911598,0.020833334,STES,CESC,False
97,5126,0.99999994,1.0,KIPAN,KIRC,False
98,0,0.0,0.0,KIPAN,KIPAN,True
99,1388,0.31622776,0.16666667,PCPG,PCPG,True
100,811,0.28867513,0.083333336,SKCM,THCA,False
101,1939,0.07715168,0.030303031,BRCA,BRCA,True
102,0,0.0,0.0,THYM,KIPAN,False
103,403,0.19069251,0.08,BRCA,BRCA,True
104,3993,0.14433756,0.06666667,BRCA,GBMLGG,False
105,811,0.096225046,0.009259259,SKCM,THCA,False
106,1868,0.2519763,0.14285715,LGG,GBMLGG,False
107,811,0.70710677,0.5,THCA,THCA,True
108,0,0.0,0.0,KIPAN,KIPAN,True
109,2261,0.18898225,0.1,BRCA,PCPG,False
110,4721,0.08111071,0.012987013,BRCA,BRCA,True
111,6151,0.027116308,0.010416667,SKCM,SKCM,True
112,255,1.0,1.0,GBMLGG,LGG,False
113,1069,0.023262106,0.0056179776,LUSC,LGG,False
114,3096,0.020261023,0.0028248588,PRAD,STES,False
115,0,0.0,0.0,BRCA,KIPAN,False
116,5956,0.039223228,0.0074626864,BLCA,THCA,False
117,4198,0.083333336,0.041666668,GBMLGG,GBMLGG,True
118,2049,0.05063697,0.020833334,BRCA,STES,False
119,1861,0.1490712,0.05882353,TGCT,LAML,False
120,5703,1.0000001,1.0,KIPAN,KIRC,False
121,2874,1.0,1.0,LGG,GBMLGG,False
122,0,0.0,0.0,THCA,KIPAN,False
123,402,0.03711348,0.018518519,KIPAN,KIPAN,True
124,3543,0.02620712,0.008547009,OV,SKCM,False
125,1902,0.039344475,0.018518519,STES,HNSC,False
126,2011,0.16903086,0.09090909,THYM,THYM,True
127,2133,0.024633233,0.008474576,LUSC,GBMLGG,False
128,848,0.14433756,0.055555556,HNSC,SARC,False
129,0,0.0,0.0,LUSC,KIPAN,False
130,5174,0.11952286,0.0625,PCPG,GBMLGG,False
131,3176,0.04767313,0.02,KIRC,HNSC,False
132,811,0.12309149,0.015151516,SKCM,THCA,False
133,0,0.0,0.0,SARC,KIPAN,False
134,5679,0.02051525,0.0067114094,DLBC,STES,False
135,4641,0.08451543,0.03125,LUAD,OV,False
136,0,0.0,0.0,BRCA,KIPAN,False
137,4888,0.13867505,0.037037037,BRCA,BRCA,True
138,5616,1.0000001,1.0,KIRC,KIPAN,False
139,4721,0.073323555,0.010638298,LUSC,BRCA,False
140,0,0.0,0.0,THCA,KIPAN,False
141,1982,0.068041384,0.01754386,LUSC,PCPG,False
142,1356,0.07412493,0.0054945056,SKCM,LAML,False
143,5105,0.035805743,0.01724138,KIRC,HNSC,False
144,1803,0.08451542,0.04347826,BRCA,GBMLGG,False
145,3993,0.07808688,0.022727273,STES,GBMLGG,False
146,1427,0.06052275,0.030303031,LUAD,KIRC,False
147,4676,0.13608277,0.035714287,STES,LAML,False
148,5810,1.0,1.0,LGG,GBMLGG,False
149,4234,1.0,1.0,KIRC,KIPAN,False
150,1978,0.0625,0.014925373,BLCA,THCA,False
151,1594,1.0,1.0,GBMLGG,LGG,False
152,2845,0.050251894,0.025641026,LIHC,COAD,False
153,4633,0.17677669,0.09090909,BRCA,BRCA,True
154,3207,0.045175392,0.009803922,SARC,LUSC,False
155,0,0.0,0.0,BRCA,KIPAN,False
156,3018,0.12403473,0.05882353,KIPAN,BRCA,False
157,3040,1.0,1.0,GBMLGG,LGG,False
158,4486,0.06085806,0.02,OV,BRCA,False
159,2836,0.18257418,0.1,BRCA,PRAD,False
160,5888,1.0,1.0,LGG,GBMLGG,False
161,2070,0.011032395,0.0015527951,KIPAN,COAD,False
162,245,0.069337524,0.035714287,GBMLGG,UCEC,False
163,0,0.0,0.0,PRAD,KIPAN,False
164,4888,0.20412415,0.07692308,BRCA,BRCA,True
165,4365,0.031311214,0.0121951215,SARC,BLCA,False
166,811,0.35355338,0.125,THCA,THCA,True
167,4721,0.06772855,0.009090909,BRCA,BRCA,True
168,0,0.0,0.0,PRAD,KIPAN,False
169,3991,1.0,1.0,KIRC,KIPAN,False
170,0,0.0,0.0,THYM,KIPAN,False
171,0,0.0,0.0,BRCA,KIPAN,False
172,1983,0.0860663,0.04347826,BRCA,BRCA,True
173,1435,0.034045327,0.01369863,SKCM,SKCM,True
174,3896,0.08333334,0.04,CESC,PCPG,False
175,5574,0.12309149,0.029411765,PAAD,LAML,False
176,0,0.0,0.0,THCA,KIPAN,False
177,4888,0.28867513,0.14285715,BRCA,BRCA,True
178,4888,0.15811388,0.04761905,CESC,BRCA,False
179,6197,0.99999994,1.0,GBMLGG,LGG,False
180,4336,0.06622662,0.033333335,BRCA,STES,False
181,1421,0.058025885,0.024390243,KIPAN,LIHC,False
182,811,0.1490712,0.022222223,SKCM,THCA,False
183,890,0.1469988,0.077922076,ACC,ACC,True
184,2324,0.090909086,0.04761905,PAAD,BRCA,False
185,0,0.0,0.0,OV,KIPAN,False
186,519,0.07537784,0.03448276,KIPAN,STES,False
187,1038,0.051298916,0.02631579,CESC,UCEC,False
188,2902,0.02311251,0.011627907,LUAD,BLCA,False
189,4721,0.26726124,0.125,BRCA,BRCA,True
190,121,0.23570225,0.125,BRCA,LGG,False
191,0,0.0,0.0,LUSC,KIPAN,False
192,6163,1.0,1.0,KIRC,KIPAN,False
193,1705,0.053452246,0.022727273,KIPAN,STES,False
194,4435,0.045175392,0.009803922,UCEC,LAML,False
195,0,0.0,0.0,OV,KIPAN,False
196,3528,0.024883632,0.003058104,LAML,STES,False
197,0,0.0,0.0,BRCA,KIPAN,False
198,3651,0.13363062,0.03448276,LIHC,PCPG,False
199,811,0.40824828,0.16666667,THCA,THCA,True
200,0,0.0,0.0,PRAD,KIPAN,False
201,4420,0.13867505,0.0625,BRCA,BRCA,True
202,3394,1.0,1.0,KIRC,KIPAN,False
203,4763,0.08451543,0.03125,LIHC,DLBC,False
204,1664,0.026745234,0.004201681,BRCA,STES,False
205,0,0.0,0.0,SARC,KIPAN,False
206,2498,1.0,1.0,KIPAN,KIRC,False
207,4984,0.005389602,0.00040453076,SARC,UCEC,False
208,1605,0.058025885,0.024390243,BRCA,COAD,False
209,3651,0.11470787,0.025641026,LUSC,PCPG,False
210,0,0.0,0.0,SKCM,KIPAN,False
211,834,0.06085806,0.02,UCEC,OV,False
212,480,0.10910894,0.041666668,OV,OV,True
213,0,0.0,0.0,THYM,KIPAN,False
214,0,0.0,0.0,THCA,KIPAN,False
215,811,0.09325048,0.008695652,SKCM,THCA,False
216,4721,0.10783278,0.022727273,STES,BRCA,False
217,2061,0.028116079,0.012987013,LUAD,OV,False
218,2360,1.0,1.0,KIPAN,KIRC,False
219,0,0.0,0.0,CESC,KIPAN,False
220,689,0.07715168,0.04,KIPAN,KIPAN,True
221,848,0.12038585,0.04,COAD,SARC,False
222,811,0.12126782,0.014705882,SKCM,THCA,False
223,0,0.0,0.0,BRCA,KIPAN,False
224,33,1.0,1.0,KIPAN,KIRC,False
225,2098,0.99999994,1.0,KIPAN,KIRC,False
226,0,0.0,0.0,THCA,KIPAN,False
227,5989,0.0766965,0.03846154,KIPAN,KIPAN,True
228,2925,1.0,1.0,GBMLGG,LGG,False
229,5741,0.03513642,0.011111111,BLCA,LGG,False
230,221,0.024404768,0.010526316,LUSC,COAD,False
231,1848,0.04662524,0.023809524,KIPAN,TGCT,False
232,0,0.0,0.0,PRAD,KIPAN,False
233,0,0.0,0.0,TGCT,KIPAN,False
234,0,0.0,0.0,HNSC,KIPAN,False
235,0,0.0,0.0,THYM,KIPAN,False
236,574,0.10206207,0.037037037,OV,LGG,False
237,2309,0.13363062,0.05882353,UCEC,BRCA,False
238,4676,0.09805807,0.018867925,STES,LAML,False
239,2852,0.069006555,0.033333335,GBMLGG,GBMLGG,True
240,215,0.021393128,0.007518797,CESC,SKCM,False
241,496,0.13608277,0.05,BRCA,UCEC,False
242,2069,0.15811388,0.083333336,BRCA,BRCA,True
243,0,0.0,0.0,PRAD,KIPAN,False
244,4701,0.05012547,0.005,LUSC,BRCA,False
245,162,0.069337524,0.035714287,UCEC,GBMLGG,False
246,4531,0.125,0.05263158,OV,BRCA,False
247,3440,0.012626907,0.0021691974,KIPAN,SKCM,False
248,811,0.2085144,0.04347826,LUAD,THCA,False
249,811,0.12700012,0.016129032,SKCM,THCA,False
250,3153,0.07106691,0.035714287,KIPAN,UCEC,False
251,0,0.0,0.0,BRCA,KIPAN,False
252,5557,0.99999994,1.0,GBMLGG,LGG,False
253,2757,0.035533454,0.010416667,SARC,STES,False
254,0,0.0,0.0,THYM,KIPAN,False
255,112,1.0,1.0,LGG,GBMLGG,False
256,0,0.0,0.0,LAML,KIPAN,False
257,5191,0.0671156,0.023809524,BLCA,COAD,False
258,4723,0.114707865,0.045454547,COAD,SARC,False
259,5890,0.02845552,0.012048192,STES,UCEC,False
260,4668,0.18898225,0.06666667,PRAD,GBMLGG,False
261,0,0.0,0.0,GBMLGG,KIPAN,False
262,1338,0.044194173,0.014084507,BLCA,BRCA,False
263,3993,0.125,0.05263158,BRCA,GBMLGG,False
264,0,0.0,0.0,KIPAN,KIPAN,True
265,0,0.0,0.0,BRCA,KIPAN,False
266,0,0.0,0.0,PRAD,KIPAN,False
267,1407,1.0000001,1.0,GBMLGG,LGG,False
268,121,0.16012816,0.06666667,PAAD,LGG,False
269,4650,0.026352314,0.010989011,BRCA,BRCA,True
270,2033,0.09128709,0.045454547,GBMLGG,UCEC,False
271,5013,0.99999994,1.0,KIPAN,KIRC,False
272,3447,0.101015255,0.05,KIPAN,OV,False
273,4721,0.04508348,0.004048583,STES,BRCA,False
274,476,0.05270463,0.027027028,UCEC,GBMLGG,False
275,536,0.03179815,0.015384615,CESC,CESC,True
276,0,0.0,0.0,SARC,KIPAN,False
277,53,0.08164965,0.041666668,PAAD,GBMLGG,False
278,2122,0.99999994,1.0,GBMLGG,LGG,False
279,1669,0.70710677,0.5,LAML,LAML,True
280,1761,0.0067139803,0.00035971223,GBMLGG,UCEC,False
281,848,0.21821791,0.11111111,BRCA,SARC,False
282,0,0.0,0.0,BRCA,KIPAN,False
283,811,0.15249857,0.023255814,SKCM,THCA,False
284,657,0.07715168,0.030303031,OV,SARC,False
285,2883,0.1118034,0.05,KIPAN,PCPG,False
286,5393,0.01684782,0.003533569,STES,PAAD,False
287,811,0.4472136,0.2,THCA,THCA,True
288,0,0.0,0.0,SARC,KIPAN,False
289,0,0.0,0.0,PRAD,KIPAN,False
290,2719,1.0000001,1.0,GBMLGG,LGG,False
291,0,0.0,0.0,SARC,KIPAN,False
292,0,0.0,0.0,PRAD,KIPAN,False
293,1683,0.15811388,0.025,LAML,COAD,False
294,3374,0.00648231,0.0025125628,LUAD,STES,False
295,957,0.094491124,0.032258064,LUAD,PRAD,False
296,811,0.40824828,0.16666667,THCA,THCA,True
297,811,0.35355338,0.125,THCA,THCA,True
298,811,0.57735026,0.33333334,THCA,THCA,True
299,1993,0.10206208,0.05263158,TGCT,KIPAN,False
300,1574,1.0,1.0,GBMLGG,LGG,False
301,4918,0.035805743,0.013157895,UCEC,TGCT,False
302,5105,0.053376053,0.021276595,GBMLGG,HNSC,False
303,3993,0.33333334,0.18181819,GBMLGG,GBMLGG,True
304,0,0.0,0.0,TGCT,KIPAN,False
305,3205,0.039840955,0.01724138,HNSC,GBMLGG,False
306,5139,0.043355495,0.0121951215,PCPG,SKCM,False
307,3277,0.088388346,0.04347826,TGCT,SARC,False
308,848,0.14002801,0.05263158,COAD,SARC,False
309,0,0.0,0.0,PRAD,KIPAN,False
310,2526,0.026967997,0.012658228,LUSC,STES,False
311,2008,0.062017366,0.028571429,SARC,GBMLGG,False
312,4984,0.0060802912,0.00040502226,PAAD,UCEC,False
313,4034,0.99999994,1.0,KIRC,KIPAN,False
314,5787,0.13608275,0.071428575,SARC,LGG,False
315,4673,0.073323555,0.027777778,PAAD,BRCA,False
316,0,0.0,0.0,GBMLGG,KIPAN,False
317,0,0.0,0.0,OV,KIPAN,False
318,496,0.07856742,0.017857144,BLCA,UCEC,False
319,811,0.10976426,0.012048192,SKCM,THCA,False
320,0,0.0,0.0,BRCA,KIPAN,False
321,1062,0.09166986,0.04347826,OV,GBMLGG,False
322,2533,0.01825742,0.002617801,STES,BRCA,False
323,4440,0.040522046,0.010752688,UCEC,BRCA,False
324,0,0.0,0.0,PRAD,KIPAN,False
325,4043,0.07715168,0.04,TGCT,TGCT,True
326,1311,0.99999994,1.0,GBMLGG,LGG,False
327,1349,0.058722023,0.02631579,COAD,BLCA,False
328,6018,0.07106691,0.033333335,LIHC,GBMLGG,False
329,0,0.0,0.0,BRCA,KIPAN,False
330,3306,0.99999994,1.0,KIPAN,KIRC,False
331,3213,0.0745356,0.010989011,LAML,LUSC,False
332,4486,0.10910894,0.05263158,OV,BRCA,False
333,956,0.25000003,0.11111111,LGG,GBMLGG,False
334,0,0.0,0.0,OV,KIPAN,False
335,4732,0.019920478,0.00990099,LIHC,LUAD,False
336,0,0.0,0.0,THCA,KIPAN,False
337,1296,0.06454972,0.004166667,LUSC,LAML,False
338,121,0.0949158,0.025641026,STES,LGG,False
339,1356,0.4472136,0.2,LAML,LAML,True
340,0,0.0,0.0,BRCA,KIPAN,False
341,956,0.2236068,0.09090909,GBMLGG,GBMLGG,True
342,4888,0.1714986,0.055555556,UCEC,BRCA,False
343,5226,1.0,1.0,KIRC,KIPAN,False
344,5505,0.08671099,0.04,SARC,PRAD,False
345,4888,0.23570228,0.1,BRCA,BRCA,True
346,1281,0.99999994,1.0,KIPAN,KIRC,False
347,4375,0.9999999,1.0,KIPAN,KIRC,False
348,0,0.0,0.0,PRAD,KIPAN,False
349,3853,0.057166196,0.029411765,STES,STES,True
350,3647,0.35355338,0.2,LAML,LAML,True
351,3549,0.083333336,0.04347826,LUAD,LGG,False
352,0,0.0,0.0,KIPAN,KIPAN,True
353,3997,0.03779645,0.01923077,KIPAN,ACC,False
354,501,0.01249512,0.0010857764,DLBC,STES,False
355,2509,0.03042903,0.01369863,BLCA,PAAD,False
356,5574,0.10314212,0.020833334,LUAD,LAML,False
357,4687,1.0,1.0,KIRC,KIPAN,False
358,0,0.0,0.0,SARC,KIPAN,False
359,1981,0.15811388,0.07692308,KIRC,KIPAN,False
360,2221,0.14142136,0.03846154,COAD,BRCA,False
361,848,0.109108955,0.033333335,COAD,SARC,False
362,4758,0.1490712,0.022222223,LUSC,THYM,False
363,1380,0.035333265,0.010309278,HNSC,GBMLGG,False
364,5890,0.045883145,0.023255814,COAD,UCEC,False
365,2285,0.2581989,0.06666667,KIPAN,HNSC,False
366,5771,0.14142136,0.071428575,PCPG,PCPG,True
367,5401,0.044280745,0.016666668,STES,LUAD,False
368,0,0.0,0.0,BRCA,KIPAN,False
369,0,0.0,0.0,TGCT,KIPAN,False
370,811,0.4472136,0.2,THCA,THCA,True
371,0,0.0,0.0,GBMLGG,KIPAN,False
372,4888,0.21320072,0.083333336,BRCA,BRCA,True
373,2809,1.0,1.0,KIPAN,KIRC,False
374,811,0.14744195,0.02173913,SKCM,THCA,False
375,385,0.09759001,0.04,BRCA,LGG,False
376,4517,1.0,1.0,KIRC,KIPAN,False
377,4888,0.12700012,0.03125,COAD,BRCA,False
378,0,0.0,0.0,THCA,KIPAN,False
379,1562,0.038490016,0.012048192,LUSC,GBMLGG,False
380,4701,0.4082483,0.25,BRCA,BRCA,True
381,2916,1.0000001,1.0,GBMLGG,LGG,False
382,0,0.0,0.0,LAML,KIPAN,False
383,601,0.007204506,0.00066934404,OV,STES,False
384,121,0.109108955,0.033333335,HNSC,LGG,False
385,956,0.31622776,0.16666667,LGG,GBMLGG,False
386,2033,0.09128709,0.045454547,GBMLGG,UCEC,False
387,3640,0.08111071,0.024390243,LUAD,GBMLGG,False
388,4334,0.11396058,0.05882353,LIHC,OV,False
389,0,0.0,0.0,LAML,KIPAN,False
390,5276,0.99999994,1.0,KIRC,KIPAN,False
391,2321,0.051917415,0.016949153,LUSC,GBMLGG,False
392,811,0.5,0.25,THCA,THCA,True
393,1202,0.0055932296,0.00046620046,STES,UCEC,False
394,2991,0.045643546,0.01754386,LUAD,HNSC,False
395,313,0.021457052,0.0027247956,STES,KIRC,False
396,0,0.0,0.0,PRAD,KIPAN,False
397,0,0.0,0.0,PRAD,KIPAN,False
398,5379,0.15430336,0.023809524,STES,THYM,False
399,5385,0.06537205,0.033333335,PAAD,LIHC,False
400,0,0.0,0.0,BRCA,KIPAN,False
401,5787,0.044151083,0.015384615,HNSC,LGG,False
402,123,0.03711348,0.018518519,KIPAN,KIPAN,True
403,4888,0.31622776,0.16666667,BRCA,BRCA,True
404,811,0.18898225,0.035714287,SKCM,THCA,False
405,480,0.06868028,0.017857144,STES,OV,False
406,71,0.013463126,0.0067750677,UCEC,UCEC,True
407,2240,0.046524208,0.023809524,STES,GBMLGG,False
408,0,0.0,0.0,LIHC,KIPAN,False
409,5807,0.042640146,0.015625,HNSC,HNSC,True
410,3908,0.0559017,0.024390243,CESC,LUSC,False
411,0,0.0,0.0,SARC,KIPAN,False
412,0,0.0,0.0,THYM,KIPAN,False
413,0,0.0,0.0,THYM,KIPAN,False
414,5705,0.021247758,0.0022371365,PCPG,UCEC,False
415,590,0.87038827,0.7692308,BRCA,BRCA,True
416,1957,0.120385855,0.014492754,STES,OV,False
417,2108,0.032376196,0.014285714,STES,COAD,False
418,5977,0.13483997,0.06666667,PCPG,HNSC,False
419,4173,0.9999999,1.0,LGG,GBMLGG,False
420,4723,0.125,0.05263158,GBMLGG,SARC,False
421,0,0.0,0.0,TGCT,KIPAN,False
422,856,1.0,1.0,KIPAN,KIRC,False
423,4104,1.0,1.0,KIPAN,KIRC,False
424,494,0.062017366,0.03125,COAD,CESC,False
425,0,0.0,0.0,LAML,KIPAN,False
426,0,0.0,0.0,BRCA,KIPAN,False
427,0,0.0,0.0,PRAD,KIPAN,False
428,0,0.0,0.0,THYM,KIPAN,False
429,0,0.0,0.0,PCPG,KIPAN,False
430,811,0.4472136,0.2,THCA,THCA,True
431,3430,0.09901475,0.045454547,LIHC,OV,False
432,0,0.0,0.0,PRAD,KIPAN,False
433,0,0.0,0.0,UCEC,KIPAN,False
434,4374,0.038984057,0.01,STES,OV,False
435,0,0.0,0.0,PRAD,KIPAN,False
436,2847,0.08451542,0.04347826,TGCT,KIPAN,False
437,5477,0.02946278,0.009345794,OV,LUSC,False
438,2335,0.043768812,0.02173913,HNSC,GBMLGG,False
439,4362,0.06579517,0.025641026,LUAD,LAML,False
440,2996,0.033538926,0.007518797,OV,COAD,False
441,0,0.0,0.0,BRCA,KIPAN,False
442,811,0.09534626,0.009090909,SKCM,THCA,False
443,848,0.18257418,0.083333336,BRCA,SARC,False
444,4985,0.020632815,0.0091743115,LUSC,COAD,False
445,1933,0.06666667,0.020408163,OV,LGG,False
446,868,0.038836785,0.018181818,OV,STES,False
447,4359,0.044280745,0.016666668,STES,OV,False
448,785,0.18257418,0.1,SARC,GBMLGG,False
449,509,0.20412415,0.07692308,COAD,THCA,False
450,1498,1.0,1.0,KIPAN,KIRC,False
451,1640,0.013961796,0.0034722222,LIHC,COAD,False
452,4485,0.06804138,0.03125,KIPAN,UCEC,False
453,2853,1.0,1.0,KIPAN,KIRC,False
454,3321,1.0,1.0,GBMLGG,LGG,False
455,5158,0.05892556,0.028571429,GBMLGG,GBMLGG,True
456,0,0.0,0.0,PRAD,KIPAN,False
457,0,0.0,0.0,SARC,KIPAN,False
458,0,0.0,0.0,PRAD,KIPAN,False
459,0,0.0,0.0,BRCA,KIPAN,False
460,4888,0.17677669,0.05882353,BRCA,BRCA,True
461,0,0.0,0.0,LIHC,KIPAN,False
462,3171,0.03504998,0.01724138,COAD,COAD,True
463,811,0.70710677,0.5,THCA,THCA,True
464,0,0.0,0.0,PRAD,KIPAN,False
465,0,0.0,0.0,BRCA,KIPAN,False
466,0,0.0,0.0,BRCA,KIPAN,False
467,5100,0.12909944,0.06666667,GBMLGG,UCEC,False
468,333,0.06681531,0.028571429,OV,LGG,False
469,3422,0.01380394,0.002915452,LUAD,SARC,False
470,5304,0.10660036,0.04,KIPAN,BRCA,False
471,4068,1.0000001,1.0,KIRC,KIPAN,False
472,4984,0.006722015,0.00040535064,TGCT,UCEC,False
473,0,0.0,0.0,KIPAN,KIPAN,True
474,956,0.19611613,0.071428575,GBMLGG,GBMLGG,True
475,0,0.0,0.0,BRCA,KIPAN,False
476,763,1.0,1.0,GBMLGG,LGG,False
477,4676,0.28867513,0.14285715,OV,LAML,False
478,0,0.0,0.0,THYM,KIPAN,False
479,4676,0.13867505,0.037037037,BLCA,LAML,False
480,3947,0.2236068,0.125,OV,GBMLGG,False
481,3512,0.15075567,0.071428575,LAML,GBMLGG,False
482,201,0.067267284,0.03448276,OV,BRCA,False
483,0,0.0,0.0,HNSC,KIPAN,False
484,4086,0.1714986,0.055555556,PCPG,SKCM,False
485,811,0.70710677,0.5,THCA,THCA,True
486,3503,0.021339482,0.0009099181,SKCM,BRCA,False
487,2054,0.011744404,0.0031847134,LIHC,COAD,False
488,956,0.19611613,0.071428575,LGG,GBMLGG,False
489,494,0.06362847,0.032258064,CESC,CESC,True
490,2259,0.03535534,0.009345794,LUSC,SARC,False
491,0,0.0,0.0,PRAD,KIPAN,False
492,3776,0.99999994,1.0,KIPAN,KIRC,False
493,3380,0.03656362,0.018181818,COAD,COAD,True
494,489,0.06362847,0.032258064,CESC,CESC,True
495,544,0.022222223,0.002444988,SKCM,LAML,False
496,6,0.28867513,0.16666667,UCEC,BRCA,False
497,4721,0.048679236,0.004716981,HNSC,BRCA,False
498,2071,0.31622776,0.1,LAML,LAML,True
499,0,0.0,0.0,SARC,KIPAN,False
500,3958,1.0000001,1.0,LGG,GBMLGG,False
501,4832,0.14285715,0.07692308,STES,PAAD,False
502,6115,0.094491124,0.045454547,HNSC,PCPG,False
503,1349,0.069006555,0.033333335,BLCA,BLCA,True
504,4701,0.07580981,0.011363637,UCEC,BRCA,False
505,3402,0.05270463,0.027027028,PAAD,GBMLGG,False
506,0,0.0,0.0,KIPAN,KIPAN,True
507,2828,1.0,1.0,LGG,GBMLGG,False
508,5319,0.023749016,0.004878049,COAD,DLBC,False
509,449,0.20412415,0.07692308,THCA,COAD,False
510,1933,0.12403473,0.05882353,GBMLGG,LGG,False
511,6093,1.0,1.0,KIRC,KIPAN,False
512,4721,0.05832119,0.006756757,STES,BRCA,False
513,6027,1.0,1.0,KIRC,KIPAN,False
514,811,0.11396058,0.012987013,SKCM,THCA,False
515,811,0.145865,0.021276595,COAD,THCA,False
516,798,0.022422427,0.0043668123,SARC,SKCM,False
517,3096,0.0082715275,0.002570694,HNSC,STES,False
518,0,0.0,0.0,BRCA,KIPAN,False
519,708,0.09805807,0.05,STES,KIPAN,False
520,3463,0.016529491,0.0008183306,UCEC,KIRC,False
521,4888,0.1714986,0.055555556,BRCA,BRCA,True
522,665,0.07537784,0.03448276,BRCA,BRCA,True
523,4509,0.03965258,0.015625,STES,LUAD,False
524,0,0.0,0.0,BRCA,KIPAN,False
525,4888,0.045267876,0.0040816325,STES,BRCA,False
526,3732,0.11952286,0.0625,UCEC,OV,False
527,4051,0.15811388,0.04761905,BRCA,LGG,False
528,811,0.40824828,0.16666667,THCA,THCA,True
529,5604,0.021586644,0.009803922,LUSC,STES,False
530,4721,0.18257418,0.0625,HNSC,BRCA,False
531,2635,0.02294157,0.00877193,SKCM,GBMLGG,False
532,5505,0.04173919,0.011363637,LUSC,PRAD,False
533,3046,0.08247861,0.037037037,PAAD,STES,False
534,4888,0.23570228,0.1,BRCA,BRCA,True
535,2850,1.0,1.0,KIRC,KIPAN,False
536,275,0.03179815,0.015384615,CESC,CESC,True
537,4793,1.0,1.0,KIRC,KIPAN,False
538,642,0.096225046,0.05,PAAD,KIPAN,False
539,2169,0.03331483,0.014492754,STES,COAD,False
540,4701,0.08333334,0.01369863,CESC,BRCA,False
541,0,0.0,0.0,PCPG,KIPAN,False
542,3450,0.07216878,0.027027028,BRCA,BRCA,True
543,496,0.12038585,0.04,COAD,UCEC,False
544,3759,0.2,0.11111111,LAML,LGG,False
545,2230,0.025949964,0.0088495575,COAD,STES,False
546,3982,0.9999999,1.0,KIRC,KIPAN,False
547,2310,0.016720165,0.001934236,SARC,COAD,False
548,2934,0.36514837,0.22222222,LGG,LGG,True
549,0,0.0,0.0,BRCA,KIPAN,False
550,5157,0.07715168,0.033333335,UCEC,PRAD,False
551,0,0.0,0.0,KIPAN,KIPAN,True
552,4888,0.26726124,0.125,BRCA,BRCA,True
553,0,0.0,0.0,PRAD,KIPAN,False
554,4821,0.041380297,0.0125,LUSC,HNSC,False
555,4721,0.18898225,0.06666667,BRCA,BRCA,True
556,116,0.0087705795,0.0043668123,BLCA,BLCA,True
557,642,0.024119152,0.0050251256,SKCM,KIPAN,False
558,0,0.0,0.0,LAML,KIPAN,False
559,1557,0.044280745,0.02173913,STES,PAAD,False
560,811,0.118678175,0.014084507,SKCM,THCA,False
561,4383,0.013481544,0.0058139535,BLCA,BLCA,True
562,4721,0.044901326,0.004016064,BLCA,BRCA,False
563,1180,0.050572176,0.025641026,STES,GBMLGG,False
564,3169,0.035399616,0.014285714,DLBC,DLBC,True
565,3568,0.037037037,0.011235955,SARC,SARC,True
566,1253,0.024968809,0.0024752475,SARC,COAD,False
567,3752,0.07372098,0.033333335,PAAD,PCPG,False
568,4008,1.0,1.0,KIPAN,KIRC,False
569,0,0.0,0.0,BRCA,KIPAN,False
570,5382,0.026386695,0.005050505,STES,GBMLGG,False
571,480,0.15075567,0.071428575,BRCA,OV,False
572,0,0.0,0.0,BLCA,KIPAN,False
573,3993,0.1118034,0.04347826,HNSC,GBMLGG,False
574,4550,1.0,1.0,LGG,GBMLGG,False
575,1369,0.010002001,0.00020004001,SARC,SKCM,False
576,0,0.0,0.0,THYM,KIPAN,False
577,2650,0.026773976,0.006134969,SKCM,GBMLGG,False
578,1967,0.054392826,0.02631579,PAAD,PAAD,True
579,1335,0.57735026,0.4,PCPG,PCPG,True
580,3941,1.0,1.0,KIPAN,KIRC,False
581,4147,1.0000001,1.0,GBMLGG,LGG,False
582,848,0.12598816,0.04347826,COAD,SARC,False
583,3748,0.04761905,0.024390243,LIHC,LIHC,True
584,3336,0.016971106,0.0022675737,LAML,STES,False
585,2305,0.04089304,0.01724138,HNSC,STES,False
586,2585,0.035533454,0.010416667,BLCA,GBMLGG,False
587,5062,1.0,1.0,KIRC,KIPAN,False
588,0,0.0,0.0,TGCT,KIPAN,False
589,0,0.0,0.0,PRAD,KIPAN,False
590,415,0.87038827,0.7692308,BRCA,BRCA,True
591,0,0.0,0.0,LUAD,KIPAN,False
592,811,0.11624764,0.013513514,SKCM,THCA,False
593,3957,1.0,1.0,KIRC,KIPAN,False
594,886,0.12403473,0.05882353,CESC,KIRC,False
595,0,0.0,0.0,THYM,KIPAN,False
596,4292,0.043519415,0.01724138,STES,THCA,False
597,4829,0.0805823,0.035714287,PRAD,GBMLGG,False
598,0,0.0,0.0,PRAD,KIPAN,False
599,270,0.07161149,0.037037037,GBMLGG,GBMLGG,True
600,6145,0.051298916,0.021276595,STES,SARC,False
601,496,0.014997376,0.00067385443,STES,UCEC,False
602,657,0.11785112,0.05882353,STES,SARC,False
603,1747,0.050507627,0.024390243,BRCA,STES,False
604,1382,0.018851155,0.009259259,SKCM,OV,False
605,886,0.058222253,0.015873017,STES,KIRC,False
606,0,0.0,0.0,OV,KIPAN,False
607,5751,0.99999994,1.0,LGG,GBMLGG,False
608,5914,0.035007004,0.015625,LUAD,STES,False
609,3993,0.14433756,0.06666667,OV,GBMLGG,False
610,0,0.0,0.0,KIPAN,KIPAN,True
611,674,0.03235924,0.0051282053,SKCM,THCA,False
612,2304,0.032897584,0.007246377,SKCM,PCPG,False
613,4198,0.07647191,0.037037037,GBMLGG,GBMLGG,True
614,4089,0.11785112,0.05882353,DLBC,GBMLGG,False
615,811,0.3779645,0.14285715,THCA,THCA,True
616,5783,0.067267284,0.03448276,STES,BRCA,False
617,496,0.20412415,0.1,BRCA,UCEC,False
618,0,0.0,0.0,STES,KIPAN,False
619,6145,0.043437224,0.016129032,HNSC,SARC,False
620,4701,0.09205746,0.016666668,HNSC,BRCA,False
621,3220,0.035007004,0.015151516,STES,OV,False
622,0,0.0,0.0,THYM,KIPAN,False
623,0,0.0,0.0,PCPG,KIPAN,False
624,1857,0.09759001,0.04761905,GBMLGG,PCPG,False
625,1033,0.03338903,0.012345679,STES,GBMLGG,False
626,2259,0.026726125,0.0054945056,LUAD,SARC,False
627,3512,0.125,0.05263158,OV,GBMLGG,False
628,5185,1.0,1.0,KIPAN,KIRC,False
629,5486,0.019529164,0.009803922,LUSC,LUSC,True
630,4678,1.0000001,1.0,KIRC,KIPAN,False
631,2868,1.0000001,1.0,KIRC,KIPAN,False
632,0,0.0,0.0,LAML,KIPAN,False
633,917,0.04116935,0.014705882,BRCA,HNSC,False
634,0,0.0,0.0,PRAD,KIPAN,False
635,5520,0.055048186,0.023809524,LUAD,PAAD,False
636,0,0.0,0.0,THYM,KIPAN,False
637,848,0.18257418,0.083333336,OV,SARC,False
638,3068,1.0,1.0,LGG,GBMLGG,False
639,3401,0.037062466,0.015384615,STES,PAAD,False
640,4113,0.99999994,1.0,KIPAN,KIRC,False
641,5626,1.0,1.0,KIPAN,KIRC,False
642,5473,0.10540925,0.055555556,KIPAN,PAAD,False
643,794,0.055048186,0.025,BRCA,COAD,False
644,5139,0.018608073,0.0088495575,HNSC,SKCM,False
645,3780,0.07905694,0.04,SARC,GBMLGG,False
646,811,0.120385855,0.014492754,SKCM,THCA,False
647,1119,0.17407766,0.07692308,BRCA,BRCA,True
648,3147,0.08908708,0.045454547,SARC,BRCA,False
649,4103,0.057735022,0.029411765,STES,GBMLGG,False
650,5570,0.021677747,0.010752688,LUAD,STES,False
651,1625,0.1,0.05263158,UCEC,SARC,False
652,2071,0.5,0.25,LAML,LAML,True
653,727,0.12038585,0.04,HNSC,LGG,False
654,1231,0.0836242,0.04347826,UCEC,UCEC,True
655,5464,0.23570225,0.125,PRAD,PRAD,True
656,1335,0.14433756,0.055555556,ACC,PCPG,False
657,1829,0.15430336,0.083333336,SARC,KIPAN,False
658,6086,0.051031034,0.025641026,BRCA,GBMLGG,False
659,0,0.0,0.0,LAML,KIPAN,False
660,4485,0.14907119,0.07692308,THYM,UCEC,False
661,1933,0.1,0.041666668,GBMLGG,LGG,False
662,3954,1.0,1.0,LGG,GBMLGG,False
663,0,0.0,0.0,THYM,KIPAN,False
664,2966,0.01303215,0.006451613,LUAD,LUAD,True
665,6040,0.1118034,0.05882353,BRCA,BRCA,True
666,1642,0.057735022,0.025641026,KIPAN,LUAD,False
667,5049,0.007500375,0.00044863168,KIPAN,UCEC,False
668,6130,1.0,1.0,LGG,GBMLGG,False
669,1576,0.024883628,0.009708738,BLCA,KIRC,False
670,4701,0.14142136,0.03846154,BRCA,BRCA,True
671,0,0.0,0.0,LGG,KIPAN,False
672,5948,0.0766965,0.03846154,TGCT,BRCA,False
673,4847,1.0,1.0,KIRC,KIPAN,False
674,611,0.03235924,0.0051282053,THCA,SKCM,False
675,121,0.16666667,0.071428575,COAD,LGG,False
676,4440,0.11396058,0.05882353,PAAD,BRCA,False
677,0,0.0,0.0,THYM,KIPAN,False
678,3589,0.10369518,0.054545455,ACC,ACC,True
679,1957,0.060192928,0.0036231885,STES,OV,False
680,2377,1.0,1.0,KIRC,KIPAN,False
681,403,0.058222253,0.015873017,LUSC,BRCA,False
682,1957,0.029323116,0.00085984526,STES,OV,False
683,4573,0.99999994,1.0,KIPAN,KIRC,False
684,0,0.0,0.0,LUAD,KIPAN,False
685,4246,0.10050378,0.05263158,SARC,BRCA,False
686,448,0.03965258,0.009009009,UCEC,SARC,False
687,811,0.70710677,0.5,THCA,THCA,True
688,4888,0.15811388,0.04761905,BRCA,BRCA,True
689,220,0.07715168,0.04,KIPAN,KIPAN,True
690,4888,0.12700012,0.03125,ACC,BRCA,False
691,1583,0.05241424,0.010638298,LUSC,PCPG,False
692,5658,1.0000001,1.0,KIRC,KIPAN,False
693,4944,1.0,1.0,LGG,GBMLGG,False
694,2919,0.028867511,0.010638298,SKCM,SKCM,True
695,5460,0.0127660725,0.0020661156,KIRC,STES,False
696,4701,0.23570228,0.1,BRCA,BRCA,True
697,0,0.0,0.0,BRCA,KIPAN,False
698,73,0.015430336,0.0034013605,SKCM,SKCM,True
699,6106,0.033333335,0.014925373,LIHC,GBMLGG,False
700,970,0.022733144,0.006993007,STES,SKCM,False
701,956,0.28867513,0.14285715,LGG,GBMLGG,False
702,2748,0.045643546,0.01754386,GBMLGG,LUAD,False
703,0,0.0,0.0,COAD,KIPAN,False
704,890,0.153393,0.08,ACC,ACC,True
705,5176,0.012216944,0.0054644807,LIHC,LUAD,False
706,5543,0.019514285,0.007936508,CESC,STES,False
707,0,0.0,0.0,KIPAN,KIPAN,True
708,1810,0.1773937,0.09375,KIPAN,ACC,False
709,3614,1.0,1.0,KIRC,KIPAN,False
710,4394,0.10540925,0.05,KIRC,KIPAN,False
711,5609,0.044946656,0.021276595,KIPAN,TGCT,False
712,3886,1.0,1.0,GBMLGG,LGG,False
713,956,0.35355338,0.2,GBMLGG,GBMLGG,True
714,143,0.032969024,0.015384615,CESC,KIRC,False
715,2321,0.101015255,0.05,OV,GBMLGG,False
716,5688,0.099380806,0.05,KIPAN,KIPAN,True
717,2616,0.022530293,0.0025125628,STES,BRCA,False
718,3986,0.113227695,0.055555556,TGCT,SKCM,False
719,0,0.0,0.0,PRAD,KIPAN,False
720,3836,0.058520574,0.0034246575,LUSC,BRCA,False
721,1957,0.12403473,0.015384615,STES,OV,False
722,1907,0.99999994,1.0,KIPAN,KIRC,False
723,4357,0.10540926,0.055555556,ACC,ACC,True
724,3770,1.0000001,1.0,GBMLGG,LGG,False
725,2911,0.10910894,0.041666668,OV,LUSC,False
726,0,0.0,0.0,BRCA,KIPAN,False
727,5996,1.0,1.0,LGG,GBMLGG,False
728,1376,1.0,1.0,KIRC,KIPAN,False
729,0,0.0,0.0,PCPG,KIPAN,False
730,811,0.57735026,0.33333334,THCA,THCA,True
731,3699,0.15430336,0.083333336,BRCA,BRCA,True
732,4721,0.089087084,0.015625,STES,BRCA,False
733,92,0.013481544,0.0035460992,GBMLGG,KIPAN,False
734,5177,0.18380365,0.09615385,ACC,ACC,True
735,1271,0.08703882,0.037037037,STES,LGG,False
736,1234,0.008231637,0.0027777778,LUAD,COAD,False
737,884,0.06454972,0.032258064,STES,PAAD,False
738,4701,0.11785114,0.027027028,HNSC,BRCA,False
739,2973,0.022893427,0.008130081,LUSC,ACC,False
740,4524,1.0,1.0,KIPAN,KIRC,False
741,811,0.4472136,0.2,THCA,THCA,True
742,2905,0.039840955,0.017857144,LUSC,PAAD,False
743,5309,0.017783575,0.008928572,STES,HNSC,False
744,5650,0.12909944,0.06666667,PRAD,PRAD,True
745,3711,0.021128856,0.0057803467,BRCA,THYM,False
746,2585,0.032686025,0.008928572,LUSC,GBMLGG,False
747,5424,0.09534626,0.009090909,UCEC,GBMLGG,False
748,1046,0.044543542,0.022222223,OV,SARC,False
749,1757,0.11952286,0.0625,BRCA,OV,False
750,0,0.0,0.0,CESC,KIPAN,False
751,4995,0.042220034,0.020408163,BRCA,COAD,False
752,1669,0.4472136,0.2,LAML,LAML,True
753,4721,0.13608277,0.035714287,STES,BRCA,False
754,5958,1.0,1.0,KIPAN,KIRC,False
755,4914,0.019034676,0.0028409092,SKCM,COAD,False
756,3835,0.040555354,0.018867925,LIHC,STES,False
757,4051,0.094491124,0.01754386,UCEC,LGG,False
758,0,0.0,0.0,BRCA,KIPAN,False
759,0,0.0,0.0,SARC,KIPAN,False
760,4701,0.12700012,0.03125,LIHC,BRCA,False
761,730,0.34815532,0.16666667,THCA,THCA,True
762,1669,0.3779645,0.14285715,LAML,LAML,True
763,476,1.0,1.0,LGG,GBMLGG,False
764,4381,0.18257418,0.1,BRCA,BRCA,True
765,1320,0.10050378,0.05263158,SARC,GBMLGG,False
766,3882,0.04260143,0.021276595,STES,KIPAN,False
767,1810,0.11826248,0.060606062,ACC,ACC,True
768,0,0.0,0.0,OV,KIPAN,False
769,4888,0.35355338,0.2,BRCA,BRCA,True
770,268,0.053376053,0.025641026,HNSC,PAAD,False
771,1568,0.11322771,0.035714287,PCPG,KIPAN,False
772,4888,0.25000003,0.11111111,BRCA,BRCA,True
773,385,0.04688072,0.010526316,BLCA,LGG,False
774,749,0.0755929,0.032258064,BRCA,BRCA,True
775,4721,0.082760595,0.013513514,LUAD,BRCA,False
776,4644,1.0000001,1.0,GBMLGG,LGG,False
777,0,0.0,0.0,GBMLGG,KIPAN,False
778,4701,0.08164965,0.013157895,BLCA,BRCA,False
779,4713,0.9999999,1.0,KIRC,KIPAN,False
780,268,0.06537205,0.033333335,PAAD,PAAD,True
781,0,0.0,0.0,CESC,KIPAN,False
782,5424,0.3779645,0.14285715,BRCA,GBMLGG,False
783,0,0.0,0.0,BRCA,KIPAN,False
784,5191,0.096225046,0.04347826,COAD,COAD,True
785,5545,1.0,1.0,GBMLGG,LGG,False
786,5582,0.07905694,0.04,TGCT,TGCT,True
787,2034,1.0,1.0,KIRC,KIPAN,False
788,2062,0.101015255,0.05,KIPAN,SARC,False
789,0,0.0,0.0,OV,KIPAN,False
790,1900,1.0,1.0,GBMLGG,LGG,False
791,4888,0.25000003,0.11111111,BRCA,BRCA,True
792,3549,0.09128709,0.04761905,LGG,LGG,True
793,1957,0.33333334,0.11111111,OV,OV,True
794,643,0.055048186,0.025,COAD,BRCA,False
795,3993,0.12126782,0.05,UCEC,GBMLGG,False
796,2351,1.0,1.0,KIRC,KIPAN,False
797,4805,0.024196696,0.011363637,TGCT,STES,False
798,811,0.06726728,0.004524887,SKCM,THCA,False
799,4041,1.0000001,1.0,KIPAN,KIRC,False
800,5907,0.13363062,0.071428575,STES,STES,True
801,3536,0.57735026,0.33333334,LAML,LAML,True
802,4148,1.0000001,1.0,LGG,GBMLGG,False
803,2670,0.12500001,0.06666667,UCEC,UCEC,True
804,0,0.0,0.0,THCA,KIPAN,False
805,3809,1.0,1.0,GBMLGG,LGG,False
806,1017,0.99999994,1.0,KIPAN,KIRC,False
807,3136,0.032241292,0.016129032,SKCM,LIHC,False
808,548,0.23570225,0.125,GBMLGG,LGG,False
809,4721,0.15430336,0.045454547,BRCA,BRCA,True
810,0,0.0,0.0,PCPG,KIPAN,False
811,1578,1.0,1.0,THCA,THCA,True
812,3993,0.31622776,0.16666667,GBMLGG,GBMLGG,True
813,0,0.0,0.0,LAML,KIPAN,False
814,5605,0.094491124,0.045454547,UCEC,UCEC,True
815,0,0.0,0.0,THYM,KIPAN,False
816,2993,0.059761424,0.030303031,COAD,COAD,True
817,0,0.0,0.0,STES,KIPAN,False
818,3166,0.057735022,0.025641026,THCA,KIRC,False
819,5137,0.19611613,0.071428575,PCPG,HNSC,False
820,734,0.10741723,0.05357143,ACC,ACC,True
821,1551,0.023662426,0.011904762,BLCA,BLCA,True
822,0,0.0,0.0,PRAD,KIPAN,False
823,5752,1.0000001,1.0,KIRC,KIPAN,False
824,5813,0.06482037,0.033333335,TGCT,TGCT,True
825,0,0.0,0.0,BRCA,KIPAN,False
826,1337,0.056796182,0.015151516,LUSC,LGG,False
827,86,0.0758098,0.029411765,UCEC,BRCA,False
828,148,0.15430336,0.0625,GBMLGG,LGG,False
829,5396,1.0,1.0,KIRC,KIPAN,False
830,0,0.0,0.0,TGCT,KIPAN,False
831,1975,0.07905694,0.04,KIPAN,KIPAN,True
832,5771,0.0877058,0.033333335,GBMLGG,PCPG,False
833,2176,1.0,1.0,KIPAN,KIRC,False
834,5008,0.10540925,0.05,OV,STES,False
835,2893,0.9999999,1.0,KIPAN,KIRC,False
836,5505,0.12598816,0.06666667,BRCA,PRAD,False
837,245,0.06052275,0.030303031,GBMLGG,UCEC,False
838,0,0.0,0.0,PRAD,KIPAN,False
839,480,0.1,0.035714287,HNSC,OV,False
840,3277,0.07537784,0.03448276,DLBC,SARC,False
841,2394,1.0,1.0,KIRC,KIPAN,False
842,0,0.0,0.0,COAD,KIPAN,False
843,2518,0.03676073,0.012048192,SKCM,BRCA,False
844,0,0.0,0.0,THCA,KIPAN,False
845,2085,0.061545745,0.030303031,UCEC,COAD,False
846,6150,0.047140453,0.01724138,BLCA,BRCA,False
847,0,0.0,0.0,LIHC,KIPAN,False
848,3504,0.28867513,0.16666667,SARC,SARC,True
849,2652,0.06593805,0.03125,COAD,KIRC,False
850,4011,1.0,1.0,KIPAN,KIRC,False
851,0,0.0,0.0,STES,KIPAN,False
852,4584,0.99999994,1.0,LGG,GBMLGG,False
853,0,0.0,0.0,PRAD,KIPAN,False
854,4741,1.0,1.0,LGG,GBMLGG,False
855,0,0.0,0.0,THCA,KIPAN,False
856,422,1.0,1.0,KIRC,KIPAN,False
857,811,0.125,0.015625,SKCM,THCA,False
858,5574,0.15430336,0.045454547,CESC,LAML,False
859,5191,0.0474579,0.012658228,BLCA,COAD,False
860,1161,0.0745356,0.03846154,UCEC,OV,False
861,4821,0.05812382,0.022727273,LUSC,HNSC,False
862,0,0.0,0.0,LUAD,KIPAN,False
863,480,0.088388346,0.028571429,BLCA,OV,False
864,121,0.10540925,0.03125,STES,LGG,False
865,866,0.16666666,0.09090909,SARC,OV,False
866,865,0.16666666,0.09090909,OV,SARC,False
867,1593,0.99999994,1.0,KIPAN,KIRC,False
868,5678,0.04441156,0.019607844,STES,UCEC,False
869,216,0.034099717,0.016129032,GBMLGG,STES,False
870,59,0.99999994,1.0,KIRC,KIPAN,False
871,4721,0.4082483,0.25,BRCA,BRCA,True
872,0,0.0,0.0,SKCM,KIPAN,False
873,5613,0.03713907,0.018867925,LUSC,STES,False
874,2743,0.02760788,0.013888889,CESC,COAD,False
875,1062,0.03857584,0.009803922,BLCA,GBMLGG,False
876,3536,0.5,0.25,LAML,LAML,True
877,811,0.042524327,0.0018083183,SKCM,THCA,False
878,0,0.0,0.0,KIPAN,KIPAN,True
879,0,0.0,0.0,GBMLGG,KIPAN,False
880,307,0.057353932,0.029411765,TGCT,TGCT,True
881,1151,0.04376881,0.010869565,SARC,LUSC,False
882,3791,0.018439641,0.005291005,BRCA,SKCM,False
883,0,0.0,0.0,COAD,KIPAN,False
884,2078,0.083333336,0.04347826,PAAD,KIRC,False
885,2444,0.09325048,0.037037037,TGCT,KIPAN,False
886,5301,1.0,1.0,KIRC,KIPAN,False
887,6094,0.05521576,0.020833334,LUAD,BRCA,False
888,1868,0.11396058,0.05882353,KIPAN,GBMLGG,False
889,4219,0.03768892,0.010526316,SKCM,OV,False
890,5901,0.23543549,0.13207547,ACC,ACC,True
891,0,0.0,0.0,THCA,KIPAN,False
892,4231,1.0,1.0,LGG,GBMLGG,False
893,3637,0.99999994,1.0,LGG,GBMLGG,False
894,0,0.0,0.0,THYM,KIPAN,False
895,0,0.0,0.0,LAML,KIPAN,False
896,4721,0.18257418,0.0625,OV,BRCA,False
897,942,0.0729325,0.02,PRAD,PRAD,True
898,4627,0.054232616,0.027777778,SARC,COAD,False
899,2400,0.020476505,0.010309278,SKCM,SKCM,True
900,5280,0.096225046,0.04347826,KIPAN,KIPAN,True
901,1818,0.016778901,0.004219409,LUSC,COAD,False
902,5191,0.06622662,0.023255814,BRCA,COAD,False
903,4531,0.12126782,0.05,OV,BRCA,False
904,3906,0.99999994,1.0,LGG,GBMLGG,False
905,2359,1.0,1.0,KIPAN,KIRC,False
906,3801,0.0276395,0.010752688,CESC,HNSC,False
907,4226,0.06299408,0.03125,COAD,OV,False
908,0,0.0,0.0,PRAD,KIPAN,False
909,0,0.0,0.0,THYM,KIPAN,False
910,0,0.0,0.0,THYM,KIPAN,False
911,1393,0.05892557,0.023255814,COAD,LGG,False
912,2519,0.046373893,0.022222223,BRCA,BRCA,True
913,0,0.0,0.0,PRAD,KIPAN,False
914,0,0.0,0.0,BRCA,KIPAN,False
915,811,0.3779645,0.14285715,THCA,THCA,True
916,0,0.0,0.0,PCPG,KIPAN,False
917,4721,0.09205746,0.016666668,HNSC,BRCA,False
918,4888,0.31622776,0.16666667,BRCA,BRCA,True
919,0,0.0,0.0,BRCA,KIPAN,False
920,5570,0.027277235,0.012658228,OV,STES,False
921,2486,0.023002187,0.011627907,STES,LUSC,False
922,574,0.1,0.035714287,GBMLGG,LGG,False
923,184,0.03768892,0.013513514,LUSC,PAAD,False
924,2592,0.03335187,0.016949153,KIPAN,ACC,False
925,0,0.0,0.0,PCPG,KIPAN,False
926,0,0.0,0.0,THYM,KIPAN,False
927,121,0.12598816,0.04347826,COAD,LGG,False
928,811,0.23570228,0.055555556,SKCM,THCA,False
929,4881,1.0,1.0,KIRC,KIPAN,False
930,4701,0.4082483,0.25,BRCA,BRCA,True
931,2502,0.027277239,0.013333334,HNSC,SARC,False
932,701,0.08164965,0.033333335,STES,LGG,False
933,1751,0.050636966,0.025,COAD,COAD,True
934,1335,0.08804509,0.022222223,BLCA,PCPG,False
935,4545,0.024845202,0.008196721,BLCA,LGG,False
936,4731,0.06482037,0.033333335,BRCA,UCEC,False
937,3073,0.03779645,0.009433962,THYM,COAD,False
938,0,0.0,0.0,KIPAN,KIPAN,True
939,4817,0.09901475,0.045454547,TGCT,BRCA,False
940,2447,0.26726124,0.125,PCPG,THCA,False
941,2258,0.03919309,0.019607844,SKCM,HNSC,False
942,5219,0.2236068,0.125,PRAD,PRAD,True
943,5460,0.017397225,0.0020920502,OV,STES,False
944,811,0.15075567,0.022727273,SKCM,THCA,False
945,5677,0.99999994,1.0,KIRC,KIPAN,False
946,4792,0.026444294,0.008196721,LUSC,LIHC,False
947,496,0.2581989,0.0952381,UCEC,UCEC,True
948,811,0.09407209,0.0088495575,SKCM,THCA,False
949,3107,0.039344475,0.018518519,LIHC,UCEC,False
950,3459,0.1754116,0.0952381,BRCA,SARC,False
951,2344,0.01603957,0.003215434,CESC,UCEC,False
952,0,0.0,0.0,BRCA,KIPAN,False
953,4440,0.06482037,0.025,COAD,BRCA,False
954,0,0.0,0.0,KIPAN,KIPAN,True
955,2447,0.35355338,0.2,THCA,THCA,True
956,5578,1.0000001,1.0,GBMLGG,LGG,False
957,2415,0.15811388,0.07692308,PRAD,BRCA,False
958,5416,0.080845214,0.04,GBMLGG,LUAD,False
959,5191,0.055048186,0.016666668,STES,COAD,False
960,4371,0.012578865,0.0029850747,GBMLGG,STES,False
961,5338,0.06085806,0.02631579,STES,COAD,False
962,0,0.0,0.0,PCPG,KIPAN,False
963,3090,0.031311214,0.0048076925,SKCM,STES,False
964,811,0.33333334,0.11111111,THCA,THCA,True
965,1894,0.034099717,0.0056818184,UCEC,SKCM,False
966,4844,1.0,1.0,LGG,GBMLGG,False
967,1933,0.03834825,0.007142857,HNSC,LGG,False
968,0,0.0,0.0,THCA,KIPAN,False
969,4051,0.10314212,0.020833334,BLCA,LGG,False
970,811,0.08804509,0.007751938,SKCM,THCA,False
971,4167,0.018405255,0.008928572,LIHC,STES,False
972,519,0.06681531,0.028571429,KIPAN,STES,False
973,1334,0.012100119,0.0014450867,CESC,SKCM,False
974,0,0.0,0.0,THCA,KIPAN,False
975,0,0.0,0.0,CESC,KIPAN,False
976,811,0.57735026,0.33333334,THCA,THCA,True
977,1772,0.99999994,1.0,KIRC,KIPAN,False
978,886,0.06262243,0.018181818,STES,KIRC,False
979,333,0.08111071,0.03846154,OV,LGG,False
980,1637,0.15811388,0.07692308,TGCT,LAML,False
981,956,0.4082483,0.25,LGG,GBMLGG,False
982,10,0.10910894,0.05263158,UCEC,STES,False
983,711,0.03350126,0.016949153,KIPAN,KIPAN,True
984,5191,0.1632993,0.06896552,COAD,COAD,True
985,587,0.31622776,0.1,KIPAN,KIRC,False
986,2371,1.0,1.0,GBMLGG,LGG,False
987,4429,0.99999994,1.0,KIPAN,KIRC,False
988,1832,0.10540925,0.055555556,UCEC,BRCA,False
989,1378,0.032773677,0.007194245,STES,BRCA,False
990,2425,0.040422603,0.016129032,LUSC,OV,False
991,5191,0.11785112,0.05882353,OV,COAD,False
992,0,0.0,0.0,PRAD,KIPAN,False
993,526,0.02469324,0.0057803467,UCEC,UCEC,True
994,4641,0.08944272,0.03448276,BRCA,OV,False
995,4208,0.019920478,0.0034722222,GBMLGG,SKCM,False
996,811,0.118678175,0.014084507,SKCM,THCA,False
997,0,0.0,0.0,PCPG,KIPAN,False
998,1161,0.044946656,0.021276595,LIHC,OV,False
999,4721,0.12126782,0.028571429,COAD,BRCA,False
1000,4888,0.12126782,0.028571429,BRCA,BRCA,True
1001,956,0.26726124,0.125,PRAD,GBMLGG,False
1002,805,0.072739296,0.03448276,CESC,GBMLGG,False
1003,5884,0.99999994,1.0,KIPAN,KIRC,False
1004,2640,0.06030227,0.028571429,BRCA,OV,False
1005,4540,0.031830348,0.014925373,CESC,CESC,True
1006,1257,0.14907119,0.07692308,PCPG,BRCA,False
1007,0,0.0,0.0,LAML,KIPAN,False
1008,4420,0.15075567,0.071428575,BRCA,BRCA,True
1009,5894,0.021466939,0.0044247787,OV,CESC,False
1010,5686,0.101015255,0.05,LIHC,BRCA,False
1011,577,0.01948093,0.0058479533,PAAD,SKCM,False
1012,2440,0.019888934,0.009090909,LUSC,HNSC,False
1013,603,0.020498002,0.0054644807,BRCA,BRCA,True
1014,4721,0.06085806,0.007352941,SKCM,BRCA,False
1015,6097,0.06666666,0.03448276,BRCA,BRCA,True
1016,4676,0.07808688,0.012048192,LUSC,LAML,False
1017,806,0.99999994,1.0,KIRC,KIPAN,False
1018,5780,0.06565322,0.027777778,KIPAN,KIPAN,True
1019,5293,0.025086386,0.0042918455,COAD,UCEC,False
1020,2242,0.048112523,0.021276595,CESC,BRCA,False
1021,1356,0.57735026,0.33333334,GBMLGG,LAML,False
1022,5668,1.0,1.0,KIRC,KIPAN,False
1023,601,0.011616916,0.0006729475,LAML,STES,False
1024,0,0.0,0.0,SARC,KIPAN,False
1025,583,0.040522046,0.020408163,STES,LIHC,False
1026,0,0.0,0.0,PCPG,KIPAN,False
1027,5238,1.0,1.0,LGG,GBMLGG,False
1028,0,0.0,0.0,BRCA,KIPAN,False
1029,21,0.1118034,0.05882353,BRCA,UCEC,False
1030,5452,0.00849412,0.004115226,LUSC,STES,False
1031,2789,1.0,1.0,KIRC,KIPAN,False
1032,5272,1.0,1.0,KIPAN,KIRC,False
1033,2750,0.069337524,0.035714287,GBMLGG,HNSC,False
1034,812,0.025819888,0.006289308,BLCA,GBMLGG,False
1035,1506,0.021128856,0.006451613,LUAD,GBMLGG,False
1036,3289,0.08703883,0.045454547,OV,LUAD,False
1037,4984,0.0052068504,0.00040436717,STES,UCEC,False
1038,4888,0.15811388,0.04761905,UCEC,BRCA,False
1039,4334,0.07881104,0.03448276,HNSC,OV,False
1040,0,0.0,0.0,BRCA,KIPAN,False
1041,4982,0.019544076,0.005,LIHC,DLBC,False
1042,4295,0.012726726,0.0027777778,CESC,STES,False
1043,2149,0.0063075484,0.0019569471,LIHC,UCEC,False
1044,3415,0.018894006,0.007707129,SKCM,SKCM,True
1045,811,0.4472136,0.2,COAD,THCA,False
1046,613,0.054073807,0.027777778,SARC,GBMLGG,False
1047,4945,0.01607476,0.006329114,DLBC,SKCM,False
1048,4982,0.019544076,0.005,LIHC,DLBC,False
1049,0,0.0,0.0,BRCA,KIPAN,False
1050,0,0.0,0.0,PRAD,KIPAN,False
1051,121,0.12909944,0.045454547,PAAD,LGG,False
1052,4776,1.0,1.0,KIPAN,KIRC,False
1053,5009,0.016062314,0.007936508,LUAD,LUAD,True
1054,2832,0.056796182,0.025,SARC,BRCA,False
1055,511,0.05270463,0.027027028,OV,KIRC,False
1056,1779,1.0,1.0,LGG,GBMLGG,False
1057,486,0.015089292,0.00090826524,LAML,SKCM,False
1058,1927,0.34815532,0.16666667,GBMLGG,GBMLGG,True
1059,0,0.0,0.0,LIHC,KIPAN,False
1060,3204,0.08808303,0.045454547,PAAD,PAAD,True
1061,4695,1.0,1.0,GBMLGG,LGG,False
1062,2236,1.0000001,1.0,GBMLGG,LGG,False
1063,3303,0.01579363,0.0043668123,KIPAN,COAD,False
1064,3734,0.03779645,0.012658228,PRAD,LUAD,False
1065,1488,0.99999994,1.0,LGG,GBMLGG,False
1066,4645,1.0,1.0,KIRC,KIPAN,False
1067,5111,0.018101215,0.0022624435,PRAD,SKCM,False
1068,5256,0.022507455,0.00877193,STES,LUSC,False
1069,4495,0.99999994,1.0,LGG,GBMLGG,False
1070,4359,0.0766965,0.03846154,BRCA,OV,False
1071,0,0.0,0.0,PRAD,KIPAN,False
1072,313,0.12309149,0.0625,PAAD,KIRC,False
1073,5871,1.0000001,1.0,KIRC,KIPAN,False
1074,1033,0.03846154,0.015625,HNSC,GBMLGG,False
1075,3713,0.14002801,0.05263158,PAAD,OV,False
1076,3833,0.08178608,0.04255319,BRCA,BRCA,True
1077,2858,0.1118034,0.05,SARC,SARC,True
1078,2594,0.034299716,0.010638298,HNSC,LGG,False
1079,1369,0.0040833,0.00019964065,OV,SKCM,False
1080,0,0.0,0.0,BRCA,KIPAN,False
1081,1736,0.021637116,0.003649635,LUAD,OV,False
1082,811,0.13130642,0.01724138,SKCM,THCA,False
1083,1263,0.06454972,0.030303031,KIPAN,DLBC,False
1084,0,0.0,0.0,CESC,KIPAN,False
1085,2495,0.014008295,0.004784689,SKCM,ACC,False
1086,6200,0.022011273,0.011111111,LUAD,SKCM,False
1087,0,0.0,0.0,PRAD,KIPAN,False
1088,1487,0.04029115,0.011904762,HNSC,BRCA,False
1089,3761,0.15075567,0.04347826,PRAD,GBMLGG,False
1090,811,0.4472136,0.2,THCA,THCA,True
1091,1388,0.023836564,0.0028089888,SKCM,PCPG,False
1092,0,0.0,0.0,THYM,KIPAN,False
1093,5817,0.99999994,1.0,LGG,GBMLGG,False
1094,2928,1.0,1.0,GBMLGG,LGG,False
1095,2933,0.13867505,0.037037037,BRCA,THYM,False
1096,811,0.40824828,0.16666667,THCA,THCA,True
1097,3292,0.032969024,0.00990099,STES,COAD,False
1098,2063,0.035737086,0.018181818,HNSC,STES,False
1099,4597,0.06454972,0.015873017,STES,PCPG,False
1100,0,0.0,0.0,SARC,KIPAN,False
1101,3967,0.0062904274,0.000929368,LUAD,COAD,False
1102,121,0.14002801,0.05263158,OV,LGG,False
1103,0,0.0,0.0,PRAD,KIPAN,False
1104,1045,0.2581989,0.14285715,OV,COAD,False
1105,4483,1.0,1.0,GBMLGG,LGG,False
1106,1859,0.08006407,0.032258064,BRCA,DLBC,False
1107,1356,0.35355338,0.125,LAML,LAML,True
1108,583,0.025367314,0.010638298,LUSC,LIHC,False
1109,4676,0.1042572,0.021276595,STES,LAML,False
1110,5787,0.055555556,0.022727273,LUSC,LGG,False
1111,1669,0.57735026,0.33333334,LAML,LAML,True
1112,126,0.077849895,0.027027028,HNSC,THYM,False
1113,5454,0.14142136,0.075,ACC,ACC,True
1114,4906,0.03526728,0.007194245,SKCM,DLBC,False
1115,0,0.0,0.0,HNSC,KIPAN,False
1116,0,0.0,0.0,DLBC,KIPAN,False
1117,0,0.0,0.0,BRCA,KIPAN,False
1118,3538,1.0,1.0,LGG,GBMLGG,False
1119,1172,0.28867513,0.16666667,BRCA,BRCA,True
1120,4888,0.04402255,0.0038610038,STES,BRCA,False
1121,0,0.0,0.0,THCA,KIPAN,False
1122,811,0.09407209,0.0088495575,SKCM,THCA,False
1123,0,0.0,0.0,PRAD,KIPAN,False
1124,0,0.0,0.0,GBMLGG,KIPAN,False
1125,0,0.0,0.0,CESC,KIPAN,False
1126,5410,1.0,1.0,KIRC,KIPAN,False
1127,0,0.0,0.0,GBMLGG,KIPAN,False
1128,2191,0.084215194,0.020408163,SKCM,PRAD,False
1129,1367,0.99999994,1.0,GBMLGG,LGG,False
1130,5690,0.019630497,0.0053475937,STES,CESC,False
1131,3993,0.13867505,0.0625,COAD,GBMLGG,False
1132,725,0.09805807,0.03448276,BRCA,OV,False
1133,359,0.05976143,0.027027028,OV,KIRC,False
1134,0,0.0,0.0,SKCM,KIPAN,False
1135,1958,0.10206207,0.04761905,PCPG,TGCT,False
1136,3827,0.096225046,0.04347826,STES,BRCA,False
1137,2313,0.04938648,0.02,KIPAN,KIPAN,True
1138,2272,0.025854385,0.005154639,BRCA,LUAD,False
1139,4701,0.1714986,0.055555556,BRCA,BRCA,True
1140,3536,0.70710677,0.5,LAML,LAML,True
1141,0,0.0,0.0,BRCA,KIPAN,False
1142,6140,0.011470786,0.0005254861,BRCA,UCEC,False
1143,1198,1.0,1.0,KIRC,KIPAN,False
1144,6176,0.080845214,0.04,BRCA,KIRC,False
1145,956,0.23570228,0.1,LGG,GBMLGG,False
1146,4721,0.13867505,0.037037037,KIPAN,BRCA,False
1147,1806,0.03656362,0.016666668,LUSC,OV,False
1148,2247,0.06804138,0.03125,COAD,UCEC,False
1149,0,0.0,0.0,OV,KIPAN,False
1150,5049,0.0056697507,0.0004474273,STES,UCEC,False
1151,126,0.047946326,0.010989011,LUSC,THYM,False
1152,1882,1.0,1.0,KIPAN,KIRC,False
1153,3730,0.068041384,0.029411765,GBMLGG,GBMLGG,True
1154,2157,0.28867513,0.083333336,PCPG,ACC,False
1155,2070,0.019888932,0.0015748031,BRCA,COAD,False
1156,4441,1.0,1.0,KIRC,KIPAN,False
1157,6078,0.09284767,0.03125,DLBC,SARC,False
1158,2447,0.4082483,0.25,THCA,THCA,True
1159,1294,0.017378824,0.0020876827,STES,GBMLGG,False
1160,1299,0.032141216,0.015384615,CESC,PRAD,False
1161,860,0.0745356,0.03846154,OV,UCEC,False
1162,5866,0.053605627,0.015873017,LIHC,UCEC,False
1163,0,0.0,0.0,BRCA,KIPAN,False
1164,0,0.0,0.0,SARC,KIPAN,False
1165,3993,0.11785114,0.04761905,OV,GBMLGG,False
1166,3808,0.16012816,0.06666667,OV,PAAD,False
1167,1788,0.13608277,0.05,COAD,OV,False
1168,4126,0.05773503,0.027777778,DLBC,PAAD,False
1169,5383,0.069843024,0.022222223,LIHC,PRAD,False
1170,4888,0.0729325,0.010526316,LUSC,BRCA,False
1171,2410,0.11952286,0.0625,BRCA,KIRC,False
1172,1119,0.28867513,0.16666667,BRCA,BRCA,True
1173,5505,0.043355495,0.0121951215,STES,PRAD,False
1174,4721,0.034219295,0.0023364485,BLCA,BRCA,False
1175,4051,0.18257418,0.0625,UCEC,LGG,False
1176,0,0.0,0.0,BRCA,KIPAN,False
1177,1186,0.05391639,0.02,PRAD,UCEC,False
1178,5574,0.0877058,0.015151516,LUAD,LAML,False
1179,4888,0.31622776,0.16666667,BRCA,BRCA,True
1180,4458,0.14002801,0.05263158,GBMLGG,PCPG,False
1181,1957,0.4472136,0.2,BRCA,OV,False
1182,1957,0.20412414,0.041666668,BLCA,OV,False
1183,0,0.0,0.0,BRCA,KIPAN,False
1184,4508,0.18057877,0.09375,ACC,ACC,True
1185,2099,0.014139308,0.0070422534,UCEC,BLCA,False
1186,5312,0.08804509,0.022222223,UCEC,UCEC,True
1187,2017,0.07106691,0.014705882,PCPG,STES,False
1188,4733,0.06579517,0.032258064,OV,OV,True
1189,418,0.046126556,0.010204081,BLCA,PCPG,False
1190,2071,0.57735026,0.33333334,LAML,LAML,True
1191,2526,0.028116079,0.012987013,GBMLGG,STES,False
1192,5241,0.043478258,0.022222223,LIHC,BRCA,False
1193,0,0.0,0.0,LAML,KIPAN,False
1194,5358,0.70710677,0.5,THCA,THCA,True
1195,3463,0.14433756,0.055555556,GBMLGG,KIRC,False
1196,4612,0.015426662,0.004716981,STES,BRCA,False
1197,4073,0.99999994,1.0,KIPAN,KIRC,False
1198,1143,1.0,1.0,KIPAN,KIRC,False
1199,4448,0.13608275,0.071428575,BRCA,BRCA,True
1200,3518,0.11396058,0.05882353,PRAD,PCPG,False
1201,3993,0.2236068,0.125,BRCA,GBMLGG,False
1202,3513,0.021662485,0.00046926326,UCEC,PRAD,False
1203,2688,0.17407766,0.07692308,PCPG,PRAD,False
1204,5946,0.05913124,0.027777778,CESC,KIRC,False
1205,2291,0.05455447,0.027777778,BRCA,GBMLGG,False
1206,0,0.0,0.0,KIPAN,KIPAN,True
1207,0,0.0,0.0,STES,KIPAN,False
1208,2524,0.023087854,0.006802721,TGCT,TGCT,True
1209,3119,0.080845214,0.04,UCEC,BRCA,False
1210,4701,0.2236068,0.09090909,BRCA,BRCA,True
1211,720,0.012202384,0.0031847134,GBMLGG,LUSC,False
1212,0,0.0,0.0,BRCA,KIPAN,False
1213,2079,0.06681531,0.03448276,GBMLGG,KIPAN,False
1214,3268,0.12598816,0.06666667,UCEC,CESC,False
1215,4721,0.09205746,0.016666668,CESC,BRCA,False
1216,2353,0.99999994,1.0,GBMLGG,LGG,False
1217,0,0.0,0.0,SARC,KIPAN,False
1218,0,0.0,0.0,THCA,KIPAN,False
1219,3680,0.013148792,0.0020283975,SARC,SKCM,False
1220,3638,0.050251894,0.025641026,KIPAN,KIRC,False
1221,5586,0.048621666,0.018181818,HNSC,OV,False
1222,4888,0.18898225,0.06666667,BRCA,BRCA,True
1223,3205,0.08058229,0.041666668,GBMLGG,GBMLGG,True
1224,4326,0.011742785,0.0058479533,SKCM,SKCM,True
1225,3704,0.024253562,0.005586592,OV,UCEC,False
1226,811,0.57735026,0.33333334,THCA,THCA,True
1227,2857,0.09805807,0.05,KIPAN,KIRC,False
1228,848,0.05954913,0.010416667,LUAD,SARC,False
1229,4701,0.26726124,0.125,BRCA,BRCA,True
1230,2005,0.02503131,0.0069444445,LUAD,BRCA,False
1231,5100,0.12309149,0.0625,UCEC,UCEC,True
1232,694,0.018144367,0.0024301338,SKCM,SKCM,True
1233,1789,0.0031602557,0.00020885548,TGCT,PAAD,False
1234,811,0.145865,0.021276595,COAD,THCA,False
1235,890,0.061113235,0.01509434,ACC,ACC,True
1236,5269,1.0,1.0,GBMLGG,LGG,False
1237,0,0.0,0.0,PCPG,KIPAN,False
1238,496,0.13608277,0.05,UCEC,UCEC,True
1239,3350,0.048112523,0.021276595,LUAD,LGG,False
1240,0,0.0,0.0,LUSC,KIPAN,False
1241,5852,0.090909086,0.04761905,KIPAN,KIPAN,True
1242,5052,1.0,1.0,GBMLGG,LGG,False
1243,4432,1.0,1.0,KIPAN,KIRC,False
1244,5976,0.12309149,0.0625,OV,BRCA,False
1245,876,0.25,0.14285715,LGG,LAML,False
1246,1470,0.10910894,0.05263158,PRAD,PRAD,True
1247,480,0.18898225,0.1,OV,OV,True
1248,2692,0.02156154,0.004048583,STES,PAAD,False
1249,4660,1.0,1.0,KIRC,KIPAN,False
1250,574,0.14433756,0.06666667,OV,LGG,False
1251,0,0.0,0.0,THCA,KIPAN,False
1252,42,1.0,1.0,KIPAN,KIRC,False
1253,566,0.024968809,0.0024752475,COAD,SARC,False
1254,5116,0.06362847,0.032258064,UCEC,COAD,False
1255,2692,0.08908708,0.045454547,PAAD,PAAD,True
1256,3885,1.0,1.0,KIRC,KIPAN,False
1257,4721,0.31622776,0.16666667,BRCA,BRCA,True
1258,1337,0.08944272,0.03448276,GBMLGG,LGG,False
1259,2624,0.07001401,0.035714287,SARC,BRCA,False
1260,661,0.07905694,0.037037037,BRCA,GBMLGG,False
1261,5427,0.06593805,0.00862069,BLCA,LAML,False
1262,0,0.0,0.0,PCPG,KIPAN,False
1263,1083,0.06454972,0.030303031,DLBC,KIPAN,False
1264,2734,0.04950738,0.022222223,COAD,STES,False
1265,3536,0.5,0.25,LAML,LAML,True
1266,0,0.0,0.0,SARC,KIPAN,False
1267,792,0.045175392,0.01724138,CESC,LGG,False
1268,3536,0.4472136,0.2,LAML,LAML,True
1269,0,0.0,0.0,COAD,KIPAN,False
1270,3718,0.06085806,0.02,BRCA,STES,False
1271,6053,0.99999994,1.0,LGG,GBMLGG,False
1272,1708,0.99999994,1.0,KIPAN,KIRC,False
1273,6158,0.021698153,0.005319149,THCA,HNSC,False
1274,3276,0.0255906,0.0019569471,STES,OV,False
1275,811,0.33333334,0.11111111,THCA,THCA,True
1276,496,0.2581989,0.14285715,BRCA,UCEC,False
1277,5926,0.051298916,0.02631579,SARC,KIPAN,False
1278,3512,0.09284767,0.03125,HNSC,GBMLGG,False
1279,865,0.040824827,0.00952381,SKCM,SARC,False
1280,4761,1.0,1.0,KIPAN,KIRC,False
1281,346,0.99999994,1.0,KIRC,KIPAN,False
1282,2447,0.35355338,0.2,THCA,THCA,True
1283,0,0.0,0.0,OV,KIPAN,False
1284,661,0.04767313,0.024390243,KIPAN,GBMLGG,False
1285,2583,0.052631572,0.027027028,OV,HNSC,False
1286,2936,0.35355338,0.125,PCPG,PCPG,True
1287,4701,0.1714986,0.055555556,KIPAN,BRCA,False
1288,4721,0.11785114,0.027027028,HNSC,BRCA,False
1289,0,0.0,0.0,BRCA,KIPAN,False
1290,4206,0.094491124,0.032258064,PAAD,PCPG,False
1291,4888,0.4082483,0.25,BRCA,BRCA,True
1292,5294,0.034752402,0.01,THCA,COAD,False
1293,5960,0.99999994,1.0,KIRC,KIPAN,False
1294,956,0.26726124,0.125,GBMLGG,GBMLGG,True
1295,4888,0.18898225,0.06666667,BRCA,BRCA,True
1296,337,0.06454972,0.004166667,LAML,LUSC,False
1297,3985,0.03346372,0.015384615,LUSC,STES,False
1298,0,0.0,0.0,OV,KIPAN,False
1299,1160,0.032141216,0.015384615,PRAD,CESC,False
1300,2866,1.0,1.0,KIRC,KIPAN,False
1301,0,0.0,0.0,PRAD,KIPAN,False
1302,5407,0.041885387,0.008474576,LUSC,THCA,False
1303,0,0.0,0.0,PCPG,KIPAN,False
1304,811,0.40824828,0.16666667,THCA,THCA,True
1305,2107,0.038924947,0.014285714,BLCA,OV,False
1306,6081,0.014575648,0.0018832391,UCEC,SKCM,False
1307,0,0.0,0.0,LUAD,KIPAN,False
1308,0,0.0,0.0,PRAD,KIPAN,False
1309,848,0.10369518,0.030303031,COAD,SARC,False
1310,5184,0.99999994,1.0,KIPAN,KIRC,False
1311,326,0.99999994,1.0,LGG,GBMLGG,False
1312,848,0.13608277,0.05,STES,SARC,False
1313,1854,1.0,1.0,KIPAN,KIRC,False
1314,4888,0.14433756,0.04,BRCA,BRCA,True
1315,0,0.0,0.0,SARC,KIPAN,False
1316,4676,0.28867513,0.14285715,OV,LAML,False
1317,4721,0.089087084,0.015625,HNSC,BRCA,False
1318,5191,0.09901475,0.045454547,PAAD,COAD,False
1319,1511,0.042796046,0.02173913,PAAD,COAD,False
1320,3222,1.0,1.0,GBMLGG,LGG,False
1321,956,0.28867513,0.14285715,LGG,GBMLGG,False
1322,4888,0.15811388,0.04761905,STES,BRCA,False
1323,1356,0.57735026,0.33333334,BRCA,LAML,False
1324,848,0.14433756,0.055555556,COAD,SARC,False
1325,2945,0.03526728,0.007194245,UCEC,THYM,False
1326,4853,0.034668762,0.01754386,COAD,COAD,True
1327,49,0.062017366,0.017857144,OV,LUSC,False
1328,554,0.032461375,0.011764706,STES,LUSC,False
1329,4043,0.08703883,0.045454547,TGCT,TGCT,True
1330,1016,0.01757092,0.008403362,SKCM,LUSC,False
1331,4721,0.15075567,0.04347826,KIPAN,BRCA,False
1332,3802,1.0,1.0,LGG,GBMLGG,False
1333,5280,0.08333333,0.03448276,KIPAN,KIPAN,True
1334,99,0.02705669,0.0014619883,SKCM,PCPG,False
1335,579,0.57735026,0.4,PCPG,PCPG,True
1336,1544,0.090909086,0.04761905,GBMLGG,THCA,False
1337,1439,1.0,1.0,LGG,GBMLGG,False
1338,3430,0.14433756,0.07692308,BRCA,OV,False
1339,1640,0.011935248,0.0033898305,SKCM,COAD,False
1340,811,0.21320072,0.045454547,SKCM,THCA,False
1341,1673,1.0,1.0,KIPAN,KIRC,False
1342,5917,0.07715168,0.035714287,KIPAN,ACC,False
1343,3052,0.037904903,0.014492754,LUSC,KIRC,False
1344,3783,1.0000001,1.0,KIPAN,KIRC,False
1345,3402,0.06537205,0.033333335,BRCA,GBMLGG,False
1346,1573,0.15811388,0.07692308,PRAD,BRCA,False
1347,121,0.16666667,0.071428575,BRCA,LGG,False
1348,848,0.17407766,0.07692308,OV,SARC,False
1349,3121,0.0877058,0.045454547,BLCA,HNSC,False
1350,0,0.0,0.0,TGCT,KIPAN,False
1351,1693,1.0,1.0,KIPAN,KIRC,False
1352,811,0.70710677,0.5,THCA,THCA,True
1353,2447,0.4082483,0.25,THCA,THCA,True
1354,2345,0.06324556,0.029411765,TGCT,ACC,False
1355,2167,0.057735022,0.029411765,COAD,GBMLGG,False
1356,4025,1.0,1.0,LAML,LAML,True
1357,3454,1.0,1.0,KIRC,KIPAN,False
1358,811,0.21320072,0.045454547,SKCM,THCA,False
1359,4888,0.16666669,0.05263158,GBMLGG,BRCA,False
1360,3272,1.0,1.0,LGG,GBMLGG,False
1361,4888,0.26726124,0.125,BRCA,BRCA,True
1362,5113,0.02254174,0.002020202,SKCM,THCA,False
1363,0,0.0,0.0,BRCA,KIPAN,False
1364,1271,0.055048186,0.016666668,STES,LGG,False
1365,0,0.0,0.0,BRCA,KIPAN,False
1366,5078,1.0,1.0,GBMLGG,LGG,False
1367,1129,0.99999994,1.0,LGG,GBMLGG,False
1368,0,0.0,0.0,SARC,KIPAN,False
1369,575,0.010002001,0.00020004001,SKCM,SARC,False
1370,121,0.17407766,0.07692308,COAD,LGG,False
1371,3064,1.0,1.0,GBMLGG,LGG,False
1372,1955,0.07106691,0.035714287,OV,OV,True
1373,5925,0.08703883,0.045454547,LUAD,UCEC,False
1374,3916,1.0,1.0,KIPAN,KIRC,False
1375,3651,0.26726124,0.125,PCPG,PCPG,True
1376,728,1.0,1.0,KIPAN,KIRC,False
1377,2564,0.025532145,0.011904762,KIPAN,ACC,False
1378,989,0.032773677,0.007194245,BRCA,STES,False
1379,3915,0.013099063,0.005882353,CESC,CESC,True
1380,5323,1.0,1.0,GBMLGG,LGG,False
1381,0,0.0,0.0,SKCM,KIPAN,False
1382,5000,0.023002187,0.011627907,OV,LUSC,False
1383,4888,0.21320072,0.083333336,BRCA,BRCA,True
1384,5383,0.08944272,0.03448276,LIHC,PRAD,False
1385,3993,0.15811388,0.07692308,HNSC,GBMLGG,False
1386,0,0.0,0.0,THCA,KIPAN,False
1387,2793,0.08111071,0.03846154,KIPAN,LGG,False
1388,99,0.31622776,0.16666667,PCPG,PCPG,True
1389,2610,1.0,1.0,KIRC,KIPAN,False
1390,2083,0.0559017,0.028571429,BRCA,COAD,False
1391,4955,0.07537784,0.03846154,PAAD,PAAD,True
1392,5191,0.08333333,0.03448276,COAD,COAD,True
1393,5326,1.0000001,1.0,LGG,GBMLGG,False
1394,5265,0.016382439,0.0054347827,LUAD,GBMLGG,False
1395,5535,1.0,1.0,KIPAN,KIRC,False
1396,4632,1.0,1.0,KIRC,KIPAN,False
1397,4197,0.11396058,0.05882353,OV,PAAD,False
1398,0,0.0,0.0,KIRC,KIPAN,False
1399,1535,0.048224285,0.01923077,STES,GBMLGG,False
1400,4098,0.009177015,0.00050403224,THCA,UCEC,False
1401,6047,0.06131393,0.03125,OV,GBMLGG,False
1402,2071,0.5,0.25,LAML,LAML,True
1403,2801,0.040128615,0.020408163,CESC,STES,False
1404,1335,0.36514837,0.18181819,PCPG,PCPG,True
1405,1957,0.0531494,0.0028248588,STES,OV,False
1406,3779,0.068041384,0.03448276,DLBC,BRCA,False
1407,267,1.0000001,1.0,LGG,GBMLGG,False
1408,3172,0.0625,0.032258064,GBMLGG,GBMLGG,True
1409,4486,0.08908708,0.03846154,OV,BRCA,False
1410,0,0.0,0.0,PRAD,KIPAN,False
1411,1356,0.40824828,0.16666667,LAML,LAML,True
1412,2097,0.062017366,0.03125,KIPAN,KIPAN,True
1413,811,0.70710677,0.5,THCA,THCA,True
1414,5100,0.12909944,0.06666667,UCEC,UCEC,True
1415,4749,0.016939422,0.004524887,LUAD,SKCM,False
1416,0,0.0,0.0,THYM,KIPAN,False
1417,978,0.02160679,0.010869565,HNSC,STES,False
1418,5174,0.06085806,0.027777778,LUAD,GBMLGG,False
1419,3636,0.21320072,0.083333336,BRCA,BRCA,True
1420,0,0.0,0.0,BRCA,KIPAN,False
1421,181,0.058025885,0.024390243,LIHC,KIPAN,False
1422,1791,0.0710669,0.02631579,STES,GBMLGG,False
1423,1933,0.040488817,0.007936508,COAD,LGG,False
1424,5413,0.058025885,0.027027028,PAAD,SARC,False
1425,0,0.0,0.0,THYM,KIPAN,False
1426,2447,0.31622776,0.16666667,PCPG,THCA,False
1427,4679,1.0,1.0,KIRC,KIPAN,False
1428,1784,0.0559017,0.028571429,GBMLGG,TGCT,False
1429,1868,0.07018624,0.028571429,STES,GBMLGG,False
1430,0,0.0,0.0,SARC,KIPAN,False
1431,0,0.0,0.0,PRAD,KIPAN,False
1432,3846,0.99999994,1.0,LGG,GBMLGG,False
1433,4258,0.9999999,1.0,LGG,GBMLGG,False
1434,2933,0.28867513,0.14285715,BRCA,THYM,False
1435,173,0.034045327,0.01369863,SKCM,SKCM,True
1436,3512,0.13363062,0.05882353,OV,GBMLGG,False
1437,4553,1.0000001,1.0,LGG,GBMLGG,False
1438,509,0.16222142,0.05,COAD,THCA,False
1439,1337,1.0,1.0,GBMLGG,LGG,False
1440,4442,0.045360923,0.022727273,PAAD,TGCT,False
1441,3339,1.0,1.0,LGG,GBMLGG,False
1442,811,0.09901476,0.009803922,SKCM,THCA,False
1443,1957,0.31622776,0.1,LGG,OV,False
1444,0,0.0,0.0,GBMLGG,KIPAN,False
1445,257,0.024784079,0.0125,STES,BLCA,False
1446,2096,0.18257418,0.1,BRCA,SARC,False
1447,3862,0.03984095,0.013888889,STES,BRCA,False
1448,0,0.0,0.0,BRCA,KIPAN,False
1449,3197,0.06804138,0.03125,LIHC,CESC,False
1450,2444,0.10846523,0.04761905,KIPAN,KIPAN,True
1451,4600,0.05892557,0.023255814,GBMLGG,COAD,False
1452,148,0.1490712,0.05882353,UCEC,LGG,False
1453,3512,0.083333336,0.025641026,STES,GBMLGG,False
1454,1446,0.06666667,0.020408163,HNSC,BRCA,False
1455,5411,0.051502623,0.024390243,LUSC,PAAD,False
1456,4888,0.35355338,0.2,BRCA,BRCA,True
1457,0,0.0,0.0,GBMLGG,KIPAN,False
1458,2572,0.050636966,0.014285714,BRCA,HNSC,False
1459,0,0.0,0.0,PRAD,KIPAN,False
1460,0,0.0,0.0,THYM,KIPAN,False
1461,4701,0.16222142,0.05,HNSC,BRCA,False
1462,0,0.0,0.0,THCA,KIPAN,False
1463,0,0.0,0.0,SARC,KIPAN,False
1464,0,0.0,0.0,BRCA,KIPAN,False
1465,3993,0.17677669,0.09090909,OV,GBMLGG,False
1466,3336,0.018142875,0.0022727272,PRAD,STES,False
1467,752,0.15811388,0.083333336,LIHC,LAML,False
1468,1525,0.043355495,0.019607844,BRCA,OV,False
1469,1554,0.07692308,0.04,COAD,TGCT,False
1470,5899,0.12309149,0.0625,PRAD,PRAD,True
1471,2442,0.024746109,0.010752688,BRCA,KIPAN,False
1472,5485,0.040756956,0.010869565,STES,OV,False
1473,811,0.28867513,0.083333336,THCA,THCA,True
1474,1933,0.05063697,0.0121951215,BLCA,LGG,False
1475,4047,0.08111071,0.03846154,BRCA,PRAD,False
1476,1957,0.31622776,0.1,UCEC,OV,False
1477,0,0.0,0.0,PRAD,KIPAN,False
1478,0,0.0,0.0,STES,KIPAN,False
1479,1199,0.07856742,0.03846154,STES,BRCA,False
1480,0,0.0,0.0,THYM,KIPAN,False
1481,1842,0.109108955,0.055555556,CESC,BRCA,False
1482,2201,0.99999994,1.0,GBMLGG,LGG,False
1483,848,0.13608277,0.05,COAD,SARC,False
1484,0,0.0,0.0,BRCA,KIPAN,False
1485,0,0.0,0.0,PRAD,KIPAN,False
1486,5700,0.11952285,0.055555556,THCA,TGCT,False
1487,2452,0.09128709,0.045454547,BRCA,UCEC,False
1488,1065,0.99999994,1.0,GBMLGG,LGG,False
1489,2845,0.03874921,0.018518519,LIHC,COAD,False
1490,1402,0.029514067,0.0034482758,SKCM,LAML,False
1491,0,0.0,0.0,SARC,KIPAN,False
1492,496,0.083333336,0.02,STES,UCEC,False
1493,0,0.0,0.0,KIPAN,KIPAN,True
1494,811,0.1042572,0.010869565,SKCM,THCA,False
1495,621,0.032124627,0.014492754,HNSC,STES,False
1496,736,0.004752538,0.002202643,LUSC,LUAD,False
1497,2480,0.14433756,0.055555556,BRCA,BRCA,True
1498,450,1.0,1.0,KIRC,KIPAN,False
1499,4091,0.029735051,0.01010101,BLCA,SKCM,False
1500,3453,0.03959038,0.02,COAD,STES,False
1501,0,0.0,0.0,PCPG,KIPAN,False
1502,3463,0.014040016,0.0005906675,COAD,KIRC,False
1503,4721,0.26726124,0.125,BRCA,BRCA,True
1504,0,0.0,0.0,OV,KIPAN,False
1505,2028,0.07905694,0.037037037,GBMLGG,PAAD,False
1506,2471,1.0,1.0,GBMLGG,LGG,False
1507,1689,0.07071068,0.03125,LIHC,LIHC,True
1508,708,0.115662985,0.05882353,KIPAN,KIPAN,True
1509,3993,0.07216878,0.019607844,STES,GBMLGG,False
1510,0,0.0,0.0,PAAD,KIPAN,False
1511,2038,0.056613855,0.027027028,COAD,COAD,True
1512,5553,0.018692406,0.0056818184,BRCA,SKCM,False
1513,2198,0.0438529,0.013888889,LUSC,KIPAN,False
1514,5581,0.077849895,0.04,GBMLGG,BRCA,False
1515,811,0.09365858,0.00877193,SKCM,THCA,False
1516,3800,0.029854074,0.015151516,BRCA,HNSC,False
1517,1380,0.083333336,0.041666668,OV,GBMLGG,False
1518,5293,0.08671099,0.04,CESC,UCEC,False
1519,811,0.40824828,0.16666667,THCA,THCA,True
1520,4723,0.20412414,0.11111111,OV,SARC,False
1521,104,0.06299408,0.03125,LUSC,BRCA,False
1522,4723,0.12126782,0.05,GBMLGG,SARC,False
1523,1202,0.0045169406,0.00046446818,OV,UCEC,False
1524,0,0.0,0.0,SARC,KIPAN,False
1525,4797,0.15430336,0.0625,OV,LAML,False
1526,4721,0.31622776,0.16666667,BRCA,BRCA,True
1527,4711,0.99999994,1.0,KIPAN,KIRC,False
1528,96,0.048911598,0.020833334,CESC,STES,False
1529,865,0.07715168,0.030303031,COAD,SARC,False
1530,3993,0.114707865,0.045454547,BRCA,GBMLGG,False
1531,811,0.3779645,0.14285715,THCA,THCA,True
1532,6111,1.0000001,1.0,KIRC,KIPAN,False
1533,121,0.10050379,0.028571429,LUSC,LGG,False
1534,5398,0.06063391,0.014084507,BRCA,BRCA,True
1535,2278,1.0,1.0,GBMLGG,LGG,False
1536,3350,0.02946278,0.009345794,HNSC,LGG,False
1537,4931,1.0000001,1.0,KIRC,KIPAN,False
1538,496,0.15430336,0.0625,UCEC,UCEC,True
1539,5374,0.072739296,0.03448276,BRCA,BRCA,True
1540,4721,0.10660036,0.022222223,STES,BRCA,False
1541,2071,0.70710677,0.5,LAML,LAML,True
1542,121,0.13245323,0.04761905,GBMLGG,LGG,False
1543,0,0.0,0.0,THCA,KIPAN,False
1544,1336,0.090909086,0.04761905,THCA,GBMLGG,False
1545,1487,0.07071068,0.03125,BLCA,BRCA,False
1546,5586,0.061898444,0.027027028,LIHC,OV,False
1547,4641,0.11952285,0.055555556,BRCA,OV,False
1548,5382,0.06262243,0.032258064,GBMLGG,GBMLGG,True
1549,4230,0.07018624,0.028571429,LIHC,PRAD,False
1550,3568,0.06085806,0.02631579,STES,SARC,False
1551,1168,0.032444283,0.016129032,BLCA,DLBC,False
1552,2027,0.05143445,0.02631579,TGCT,TGCT,True
1553,4486,0.08703882,0.037037037,BRCA,BRCA,True
1554,1982,0.13867505,0.0625,TGCT,PCPG,False
1555,0,0.0,0.0,THCA,KIPAN,False
1556,1337,0.028629914,0.004032258,HNSC,LGG,False
1557,121,0.14002801,0.05263158,PAAD,LGG,False
1558,5123,0.10910894,0.05263158,GBMLGG,GBMLGG,True
1559,2226,0.11785114,0.0625,LIHC,BLCA,False
1560,2326,0.011377602,0.003003003,COAD,CESC,False
1561,570,0.009488589,0.00243309,STES,STES,True
1562,956,0.23570228,0.1,GBMLGG,GBMLGG,True
1563,0,0.0,0.0,PRAD,KIPAN,False
1564,1300,0.027277235,0.01010101,STES,KIRC,False
1565,0,0.0,0.0,BRCA,KIPAN,False
1566,890,0.055239163,0.016,ACC,ACC,True
1567,6075,1.0000001,1.0,KIPAN,KIRC,False
1568,771,0.11322771,0.035714287,KIPAN,PCPG,False
1569,1758,0.0075054434,0.002688172,LUSC,STES,False
1570,1326,0.023609608,0.010638298,LUAD,COAD,False
1571,4562,0.99999994,1.0,LGG,GBMLGG,False
1572,1957,0.19245009,0.037037037,COAD,OV,False
1573,5927,0.18257418,0.083333336,BRCA,PCPG,False
1574,300,1.0,1.0,LGG,GBMLGG,False
1575,811,0.3779645,0.14285715,THCA,THCA,True
1576,1607,0.9999999,1.0,KIRC,KIPAN,False
1577,501,0.06788443,0.027027028,COAD,STES,False
1578,811,1.0,1.0,THCA,THCA,True
1579,4971,0.06681531,0.03448276,OV,PAAD,False
1580,5104,0.04714045,0.0125,SKCM,SKCM,True
1581,4729,0.018312437,0.001992032,THYM,SKCM,False
1582,811,0.33333334,0.11111111,SKCM,THCA,False
1583,2144,0.16666667,0.083333336,PCPG,KIRC,False
1584,0,0.0,0.0,PCPG,KIPAN,False
1585,1552,0.049147315,0.025,TGCT,TGCT,True
1586,333,0.05892557,0.023255814,COAD,LGG,False
1587,0,0.0,0.0,THYM,KIPAN,False
1588,5157,0.0805823,0.035714287,UCEC,PRAD,False
1589,0,0.0,0.0,THCA,KIPAN,False
1590,0,0.0,0.0,THCA,KIPAN,False
1591,0,0.0,0.0,PRAD,KIPAN,False
1592,1795,0.07352146,0.024390243,BRCA,BRCA,True
1593,867,0.99999994,1.0,KIRC,KIPAN,False
1594,151,1.0,1.0,LGG,GBMLGG,False
1595,0,0.0,0.0,PRAD,KIPAN,False
1596,2070,0.010631081,0.0015503876,PAAD,COAD,False
1597,4888,0.12309149,0.029411765,STES,BRCA,False
1598,5001,1.0,1.0,LGG,GBMLGG,False
1599,4598,0.99999994,1.0,KIPAN,KIRC,False
1600,1733,0.059234884,0.030303031,HNSC,UCEC,False
1601,811,0.4472136,0.2,THCA,THCA,True
1602,1982,0.2236068,0.125,PCPG,PCPG,True
1603,4721,0.045454547,0.004115226,BLCA,BRCA,False
1604,2466,0.063757665,0.02173913,GBMLGG,HNSC,False
1605,3276,0.19245009,0.09090909,COAD,OV,False
1606,480,0.11785114,0.04761905,BRCA,OV,False
1607,1576,0.9999999,1.0,KIPAN,KIRC,False
1608,3946,1.0,1.0,GBMLGG,LGG,False
1609,0,0.0,0.0,PRAD,KIPAN,False
1610,4396,0.2581989,0.14285715,PRAD,BRCA,False
1611,2924,1.0,1.0,GBMLGG,LGG,False
1612,2018,0.05892556,0.028571429,HNSC,HNSC,True
1613,4888,0.31622776,0.16666667,BRCA,BRCA,True
1614,5837,0.05063697,0.020833334,KIPAN,KIPAN,True
1615,4983,0.043437224,0.016129032,OV,STES,False
1616,4157,0.056796182,0.025,CESC,OV,False
1617,1831,0.08703883,0.045454547,OV,BRCA,False
1618,4472,0.015923245,0.008,SKCM,LUSC,False
1619,3395,1.0,1.0,LGG,GBMLGG,False
1620,496,0.0358748,0.0038314175,LUAD,UCEC,False
1621,1871,0.048795003,0.02173913,DLBC,UCEC,False
1622,1452,0.027066598,0.00952381,HNSC,UCEC,False
1623,0,0.0,0.0,KIPAN,KIPAN,True
1624,65,0.15430336,0.083333336,BRCA,BRCA,True
1625,651,0.1,0.05263158,SARC,UCEC,False
1626,480,0.1118034,0.04347826,HNSC,OV,False
1627,0,0.0,0.0,SARC,KIPAN,False
1628,4084,1.0,1.0,KIRC,KIPAN,False
1629,0,0.0,0.0,LIHC,KIPAN,False
1630,811,0.5,0.25,THCA,THCA,True
1631,496,0.11547006,0.037037037,BRCA,UCEC,False
1632,5220,0.15075567,0.04347826,OV,PRAD,False
1633,3947,0.1,0.041666668,STES,GBMLGG,False
1634,1369,0.0026266542,0.00019896538,PRAD,SKCM,False
1635,3184,0.057928447,0.006666667,SARC,LAML,False
1636,1184,0.07715168,0.04,KIRC,ACC,False
1637,980,0.15811388,0.07692308,LAML,TGCT,False
1638,3188,0.13608275,0.071428575,KIRC,PRAD,False
1639,3498,1.0,1.0,GBMLGG,LGG,False
1640,811,0.06085806,0.0037037036,COAD,THCA,False
1641,5398,0.07537784,0.021276595,STES,BRCA,False
1642,5574,0.12909944,0.032258064,LUAD,LAML,False
1643,3463,0.0727393,0.015384615,UCEC,KIRC,False
1644,3218,0.058222253,0.015873017,COAD,BRCA,False
1645,5008,0.057735022,0.029411765,LIHC,STES,False
1646,5019,0.03305898,0.013333334,CESC,STES,False
1647,2308,0.029462785,0.014925373,STES,STES,True
1648,5206,1.0,1.0,KIPAN,KIRC,False
1649,5142,0.28867513,0.16666667,BRCA,BRCA,True
1650,2241,0.057735022,0.029411765,KIPAN,KIPAN,True
1651,4359,0.053452246,0.022727273,HNSC,OV,False
1652,0,0.0,0.0,LAML,KIPAN,False
1653,1428,0.0521286,0.02631579,GBMLGG,GBMLGG,True
1654,0,0.0,0.0,PRAD,KIPAN,False
1655,616,0.05564149,0.028571429,COAD,STES,False
1656,5061,0.16903086,0.09090909,OV,PRAD,False
1657,4897,1.0,1.0,GBMLGG,LGG,False
1658,5575,0.015198692,0.0028985508,CESC,STES,False
1659,496,0.056343615,0.009345794,STES,UCEC,False
1660,4642,1.0,1.0,KIRC,KIPAN,False
1661,3948,0.06085806,0.027777778,STES,SARC,False
1662,3385,0.03202563,0.015873017,OV,LUAD,False
1663,4721,0.1,0.019607844,UCEC,BRCA,False
1664,3018,0.029297937,0.004219409,STES,BRCA,False
1665,2114,0.03703704,0.018867925,STES,STES,True
1666,811,0.12909944,0.016666668,SKCM,THCA,False
1667,811,0.12126782,0.014705882,SKCM,THCA,False
1668,0,0.0,0.0,GBMLGG,KIPAN,False
1669,2617,1.0,1.0,LAML,LAML,True
1670,1588,0.03656362,0.018181818,LIHC,UCEC,False
1671,2254,0.99999994,1.0,LGG,GBMLGG,False
1672,5485,0.052925613,0.01754386,BRCA,OV,False
1673,1341,1.0,1.0,KIRC,KIPAN,False
1674,2352,0.013730877,0.0023809525,CESC,CESC,True
1675,811,0.57735026,0.33333334,THCA,THCA,True
1676,812,0.071611494,0.023255814,STES,GBMLGG,False
1677,0,0.0,0.0,SARC,KIPAN,False
1678,0,0.0,0.0,SARC,KIPAN,False
1679,5264,0.094491124,0.04761905,BRCA,OV,False
1680,811,0.5,0.25,THCA,THCA,True
1681,542,0.03952847,0.019607844,LIHC,BRCA,False
1682,3962,0.026481356,0.011904762,COAD,UCEC,False
1683,293,0.15811388,0.025,COAD,LAML,False
1684,3185,1.0,1.0,LGG,GBMLGG,False
1685,4888,0.4082483,0.25,BRCA,BRCA,True
1686,4549,0.0326164,0.009708738,SKCM,CESC,False
1687,1767,0.078567415,0.03125,BRCA,BRCA,True
1688,0,0.0,0.0,KIRC,KIPAN,False
1689,388,0.10660036,0.055555556,LIHC,LIHC,True
1690,6020,0.035737086,0.018181818,KIPAN,KIPAN,True
1691,3667,1.0,1.0,KIPAN,KIRC,False
1692,0,0.0,0.0,BRCA,KIPAN,False
1693,1351,1.0,1.0,KIRC,KIPAN,False
1694,121,0.33333334,0.15384616,LGG,LGG,True
1695,307,0.07216878,0.037037037,TGCT,TGCT,True
1696,0,0.0,0.0,PRAD,KIPAN,False
1697,3909,0.06681531,0.03448276,KIPAN,COAD,False
1698,5123,0.08006407,0.032258064,GBMLGG,GBMLGG,True
1699,0,0.0,0.0,LIHC,KIPAN,False
1700,5175,1.0,1.0,KIPAN,KIRC,False
1701,0,0.0,0.0,PRAD,KIPAN,False
1702,511,0.07905694,0.037037037,KIPAN,KIRC,False
1703,0,0.0,0.0,LUAD,KIPAN,False
1704,1356,0.23570228,0.055555556,THYM,LAML,False
1705,193,0.053452246,0.022727273,STES,KIPAN,False
1706,1450,0.028583098,0.011363637,STES,KIPAN,False
1707,936,0.05143445,0.025,BRCA,BRCA,True
1708,1272,0.99999994,1.0,KIRC,KIPAN,False
1709,5763,0.2236068,0.09090909,GBMLGG,LGG,False
1710,4723,0.05241424,0.010638298,LUAD,SARC,False
1711,2293,0.99999994,1.0,KIRC,KIPAN,False
1712,3728,0.05598925,0.025641026,BRCA,BRCA,True
1713,6085,0.032897584,0.016666668,COAD,HNSC,False
1714,1669,0.70710677,0.5,LAML,LAML,True
1715,3798,0.08908708,0.045454547,COAD,BRCA,False
1716,0,0.0,0.0,THYM,KIPAN,False
1717,4291,0.08164965,0.041666668,GBMLGG,GBMLGG,True
1718,0,0.0,0.0,PRAD,KIPAN,False
1719,0,0.0,0.0,PRAD,KIPAN,False
1720,1912,0.035267286,0.012820513,LUAD,PRAD,False
1721,3325,0.10050379,0.028571429,STES,PCPG,False
1722,3733,1.0000001,1.0,KIRC,KIPAN,False
1723,1932,1.0,1.0,KIRC,KIPAN,False
1724,956,0.19611613,0.071428575,GBMLGG,GBMLGG,True
1725,1356,0.06415003,0.004115226,SKCM,LAML,False
1726,4150,0.13363062,0.071428575,BRCA,BRCA,True
1727,4880,0.026462806,0.011363637,BRCA,BRCA,True
1728,2673,1.0,1.0,KIRC,KIPAN,False
1729,4676,0.08111071,0.012987013,STES,LAML,False
1730,4951,1.0,1.0,GBMLGG,LGG,False
1731,3024,1.0,1.0,KIRC,KIPAN,False
1732,4957,0.13363062,0.071428575,PCPG,PCPG,True
1733,4440,0.09759001,0.04761905,UCEC,BRCA,False
1734,0,0.0,0.0,SARC,KIPAN,False
1735,4888,0.4082483,0.25,BRCA,BRCA,True
1736,5505,0.13363062,0.071428575,OV,PRAD,False
1737,4750,0.045883145,0.023255814,KIPAN,LIHC,False
1738,0,0.0,0.0,PRAD,KIPAN,False
1739,4888,0.12500001,0.030303031,BRCA,BRCA,True
1740,6141,0.03575993,0.017857144,LIHC,HNSC,False
1741,0,0.0,0.0,PRAD,KIPAN,False
1742,1062,0.12598816,0.06666667,PAAD,GBMLGG,False
1743,5022,0.024746109,0.010752688,HNSC,LUSC,False
1744,583,0.03742406,0.018518519,HNSC,LIHC,False
1745,4821,0.032547228,0.008,LUAD,HNSC,False
1746,0,0.0,0.0,OV,KIPAN,False
1747,5453,0.101015255,0.05,STES,KIRC,False
1748,3814,0.40824828,0.16666667,THCA,THCA,True
1749,5191,0.12909944,0.06666667,HNSC,COAD,False
1750,4721,0.15075567,0.04347826,CESC,BRCA,False
1751,933,0.050636966,0.025,COAD,COAD,True
1752,4190,0.06085806,0.03125,BRCA,KIRC,False
1753,0,0.0,0.0,LAML,KIPAN,False
1754,494,0.01861452,0.0042735045,STES,CESC,False
1755,0,0.0,0.0,PRAD,KIPAN,False
1756,890,0.10746246,0.04232804,ACC,ACC,True
1757,749,0.11952286,0.0625,OV,BRCA,False
1758,4721,0.039715074,0.003144654,STES,BRCA,False
1759,0,0.0,0.0,LAML,KIPAN,False
1760,0,0.0,0.0,PRAD,KIPAN,False
1761,1957,0.018990004,0.00036062027,UCEC,OV,False
1762,5693,0.032969024,0.016129032,BRCA,BRCA,True
1763,4519,0.06085806,0.027777778,OV,KIPAN,False
1764,5228,0.017666632,0.008658009,STES,UCEC,False
1765,4721,0.23570228,0.1,UCEC,BRCA,False
1766,4219,0.069337524,0.030303031,GBMLGG,OV,False
1767,2100,0.16666666,0.09090909,BRCA,PRAD,False
1768,3194,0.07392213,0.015873017,STES,PCPG,False
1769,749,0.05572782,0.01923077,STES,BRCA,False
1770,2028,0.07071068,0.03125,COAD,PAAD,False
1771,0,0.0,0.0,BRCA,KIPAN,False
1772,977,0.99999994,1.0,KIPAN,KIRC,False
1773,4701,0.25000003,0.11111111,BRCA,BRCA,True
1774,121,0.031357363,0.0029325513,SKCM,LGG,False
1775,4059,1.0,1.0,GBMLGG,LGG,False
1776,0,0.0,0.0,BRCA,KIPAN,False
1777,0,0.0,0.0,LIHC,KIPAN,False
1778,2057,0.03346372,0.015384615,HNSC,LUAD,False
1779,1056,1.0,1.0,GBMLGG,LGG,False
1780,3226,0.12126782,0.05,BRCA,BRCA,True
1781,0,0.0,0.0,OV,KIPAN,False
1782,0,0.0,0.0,PRAD,KIPAN,False
1783,2309,0.12909944,0.055555556,BRCA,BRCA,True
1784,4918,0.06454972,0.032258064,TGCT,TGCT,True
1785,1446,0.12909944,0.0625,OV,BRCA,False
1786,0,0.0,0.0,THCA,KIPAN,False
1787,5383,0.08304548,0.030303031,LIHC,PRAD,False
1788,1058,0.17407766,0.07692308,OV,GBMLGG,False
1789,4015,0.008361251,0.00020964361,PAAD,THCA,False
1790,1930,1.0000001,1.0,KIRC,KIPAN,False
1791,4652,0.99999994,1.0,GBMLGG,LGG,False
1792,708,0.1210455,0.0625,ACC,KIPAN,False
1793,5927,0.18257418,0.083333336,PCPG,PCPG,True
1794,5237,0.14142136,0.071428575,BRCA,BRCA,True
1795,1592,0.07352146,0.024390243,BRCA,BRCA,True
1796,1337,0.069006555,0.02173913,LUSC,LGG,False
1797,1335,0.5163978,0.33333334,PCPG,PCPG,True
1798,3512,0.114707865,0.045454547,BRCA,GBMLGG,False
1799,2971,1.0000001,1.0,KIRC,KIPAN,False
1800,2242,0.03450328,0.012345679,LUSC,BRCA,False
1801,0,0.0,0.0,THCA,KIPAN,False
1802,2585,0.10540925,0.055555556,LUAD,GBMLGG,False
1803,144,0.08451542,0.04347826,GBMLGG,BRCA,False
1804,448,0.063757665,0.02173913,STES,SARC,False
1805,6186,0.99999994,1.0,KIRC,KIPAN,False
1806,218,0.05170877,0.02631579,OV,KIPAN,False
1807,3940,0.047245562,0.023255814,OV,OV,True
1808,0,0.0,0.0,BRCA,KIPAN,False
1809,5165,0.025334727,0.01,LUSC,TGCT,False
1810,708,0.1773937,0.09375,ACC,KIPAN,False
1811,4888,0.14433756,0.04,COAD,BRCA,False
1812,0,0.0,0.0,PRAD,KIPAN,False
1813,4385,0.013776406,0.0020449897,BRCA,CESC,False
1814,5940,0.037216146,0.017857144,HNSC,PAAD,False
1815,730,0.16012816,0.06666667,HNSC,THCA,False
1816,2740,0.035805743,0.013157895,HNSC,UCEC,False
1817,4701,0.19611613,0.071428575,CESC,BRCA,False
1818,811,0.067115605,0.0045045046,COAD,THCA,False
1819,5171,0.99999994,1.0,KIPAN,KIRC,False
1820,268,0.042295493,0.018181818,HNSC,PAAD,False
1821,4888,0.18257418,0.0625,BRCA,BRCA,True
1822,5136,0.07715168,0.04,BRCA,BRCA,True
1823,848,0.14433756,0.055555556,BRCA,SARC,False
1824,4751,1.0000001,1.0,KIPAN,KIRC,False
1825,5692,0.99999994,1.0,KIRC,KIPAN,False
1826,811,0.57735026,0.33333334,THCA,THCA,True
1827,4260,0.083333336,0.025641026,BRCA,BRCA,True
1828,3408,0.024891336,0.003649635,SKCM,KIPAN,False
1829,2150,1.0000001,1.0,KIPAN,KIRC,False
1830,5877,1.0,1.0,KIPAN,KIRC,False
1831,1617,0.08703883,0.045454547,BRCA,OV,False
1832,6,0.15811388,0.07692308,BRCA,BRCA,True
1833,0,0.0,0.0,CESC,KIPAN,False
1834,0,0.0,0.0,LIHC,KIPAN,False
1835,0,0.0,0.0,THCA,KIPAN,False
1836,6022,0.042796046,0.02173913,KIPAN,KIPAN,True
1837,4676,0.16666669,0.05263158,BLCA,LAML,False
1838,0,0.0,0.0,THYM,KIPAN,False
1839,811,0.10976426,0.012048192,SKCM,THCA,False
1840,4531,0.09284767,0.03125,COAD,BRCA,False
1841,3764,0.08404977,0.029411765,ACC,ACC,True
1842,4531,0.14433756,0.06666667,BRCA,BRCA,True
1843,4676,0.14433756,0.04,OV,LAML,False
1844,4888,0.11043152,0.023809524,BRCA,BRCA,True
1845,5724,0.033149675,0.016666668,STES,HNSC,False
1846,0,0.0,0.0,OV,KIPAN,False
1847,2592,0.211341,0.11764706,ACC,ACC,True
1848,1554,0.062017366,0.03125,TGCT,TGCT,True
1849,3063,0.015109946,0.0022371365,SARC,STES,False
1850,811,0.12803687,0.016393442,SKCM,THCA,False
1851,3313,0.99999994,1.0,KIRC,KIPAN,False
1852,1788,0.14433756,0.055555556,PAAD,OV,False
1853,0,0.0,0.0,PRAD,KIPAN,False
1854,1313,1.0,1.0,KIRC,KIPAN,False
1855,4918,0.07001401,0.035714287,TGCT,TGCT,True
1856,1902,0.04503774,0.022222223,KIPAN,HNSC,False
1857,624,0.09759001,0.04761905,PCPG,GBMLGG,False
1858,1958,0.05892557,0.030303031,TGCT,TGCT,True
1859,1106,0.08006407,0.032258064,DLBC,BRCA,False
1860,848,0.12038585,0.04,BRCA,SARC,False
1861,3880,0.28867513,0.16666667,LAML,LAML,True
1862,0,0.0,0.0,CESC,KIPAN,False
1863,4729,0.014952043,0.001980198,SKCM,SKCM,True
1864,4992,1.0,1.0,KIPAN,KIRC,False
1865,6155,0.0745356,0.03846154,BRCA,LGG,False
1866,1119,0.07580981,0.016666668,BLCA,BRCA,False
1867,399,0.049029034,0.022727273,BLCA,PAAD,False
1868,4058,1.0000001,1.0,GBMLGG,LGG,False
1869,5650,0.11785112,0.05882353,PRAD,PRAD,True
1870,0,0.0,0.0,PRAD,KIPAN,False
1871,4721,0.20412415,0.07692308,UCEC,BRCA,False
1872,1991,0.06030227,0.028571429,GBMLGG,GBMLGG,True
1873,3578,0.99999994,1.0,KIPAN,KIRC,False
1874,3310,0.05455447,0.027777778,CESC,STES,False
1875,0,0.0,0.0,PCPG,KIPAN,False
1876,1335,0.15430336,0.0625,SKCM,PCPG,False
1877,20,0.14433756,0.020833334,BLCA,GBMLGG,False
1878,2190,0.28867513,0.16666667,BRCA,SARC,False
1879,3259,0.20814535,0.114754096,ACC,ACC,True
1880,0,0.0,0.0,PRAD,KIPAN,False
1881,4303,0.013481546,0.0012626263,LUAD,STES,False
1882,1152,1.0,1.0,KIRC,KIPAN,False
1883,1096,0.01328735,0.0010537407,SKCM,THCA,False
1884,0,0.0,0.0,PCPG,KIPAN,False
1885,5566,0.026352314,0.0053475937,STES,BLCA,False
1886,0,0.0,0.0,LAML,KIPAN,False
1887,3096,0.011986582,0.0027247956,PRAD,STES,False
1888,2141,0.99999994,1.0,GBMLGG,LGG,False
1889,167,0.021417646,0.0078125,HNSC,BRCA,False
1890,3911,0.06579517,0.032258064,LIHC,OV,False
1891,4676,0.21320072,0.083333336,OV,LAML,False
1892,4888,0.12500001,0.030303031,HNSC,BRCA,False
1893,0,0.0,0.0,KIRC,KIPAN,False
1894,811,0.4472136,0.2,SKCM,THCA,False
1895,4552,0.99999994,1.0,KIPAN,KIRC,False
1896,55,0.052270833,0.015151516,BRCA,PRAD,False
1897,3843,1.0000001,1.0,KIPAN,KIRC,False
1898,811,0.40824828,0.16666667,THCA,THCA,True
1899,3870,0.030714758,0.013888889,HNSC,SARC,False
1900,790,1.0,1.0,LGG,GBMLGG,False
1901,6177,0.99999994,1.0,KIPAN,KIRC,False
1902,5191,0.09901475,0.045454547,HNSC,COAD,False
1903,4888,0.26726124,0.125,BRCA,BRCA,True
1904,956,0.2236068,0.09090909,LGG,GBMLGG,False
1905,3947,0.07559289,0.025641026,HNSC,GBMLGG,False
1906,4888,0.05407381,0.0058139535,BRCA,BRCA,True
1907,722,0.99999994,1.0,KIRC,KIPAN,False
1908,1752,0.017407766,0.0042735045,SKCM,BRCA,False
1909,4721,0.086386845,0.014705882,CESC,BRCA,False
1910,2263,1.0,1.0,KIRC,KIPAN,False
1911,0,0.0,0.0,THCA,KIPAN,False
1912,5002,0.109108955,0.055555556,PRAD,PAAD,False
1913,34,1.0,1.0,KIPAN,KIRC,False
1914,2291,0.04761905,0.024390243,HNSC,GBMLGG,False
1915,0,0.0,0.0,STES,KIPAN,False
1916,0,0.0,0.0,HNSC,KIPAN,False
1917,4888,0.4082483,0.25,BRCA,BRCA,True
1918,4701,0.23570228,0.1,BRCA,BRCA,True
1919,4916,1.0,1.0,LGG,GBMLGG,False
1920,811,0.4472136,0.2,THCA,THCA,True
1921,2422,0.012725695,0.003690037,HNSC,COAD,False
1922,5123,0.08908708,0.03846154,GBMLGG,GBMLGG,True
1923,0,0.0,0.0,PRAD,KIPAN,False
1924,3430,0.018891476,0.002118644,STES,OV,False
1925,0,0.0,0.0,PRAD,KIPAN,False
1926,3943,0.12909944,0.055555556,OV,PRAD,False
1927,1058,0.34815532,0.16666667,GBMLGG,GBMLGG,True
1928,0,0.0,0.0,KIRC,KIPAN,False
1929,2816,0.2581989,0.06666667,KIPAN,KIPAN,True
1930,1790,1.0000001,1.0,KIPAN,KIRC,False
1931,2017,0.037113477,0.013157895,BRCA,STES,False
1932,1723,1.0,1.0,KIPAN,KIRC,False
1933,4076,1.0,1.0,LGG,GBMLGG,False
1934,1602,0.16903086,0.09090909,PCPG,PCPG,True
1935,5312,0.08006408,0.018518519,STES,UCEC,False
1936,0,0.0,0.0,LAML,KIPAN,False
1937,2494,1.0,1.0,KIRC,KIPAN,False
1938,0,0.0,0.0,HNSC,KIPAN,False
1939,101,0.07715168,0.030303031,BRCA,BRCA,True
1940,0,0.0,0.0,BRCA,KIPAN,False
1941,3993,0.12126782,0.05,GBMLGG,GBMLGG,True
1942,4721,0.074953176,0.011111111,LUSC,BRCA,False
1943,3792,1.0,1.0,KIRC,KIPAN,False
1944,848,0.11322771,0.035714287,PAAD,SARC,False
1945,1933,0.06819943,0.021276595,HNSC,LGG,False
1946,6158,0.0375823,0.0055555557,PRAD,HNSC,False
1947,0,0.0,0.0,PRAD,KIPAN,False
1948,811,0.3779645,0.14285715,THCA,THCA,True
1949,2930,1.0,1.0,GBMLGG,LGG,False
1950,2103,0.14907119,0.07692308,BRCA,BRCA,True
1951,0,0.0,0.0,PRAD,KIPAN,False
1952,2582,0.014915409,0.0057142857,OV,LUSC,False
1953,4574,1.0,1.0,KIRC,KIPAN,False
1954,956,0.23570228,0.1,GBMLGG,GBMLGG,True
1955,4641,0.13483997,0.06666667,OV,OV,True
1956,848,0.13608277,0.05,COAD,SARC,False
1957,4007,0.70710677,0.5,OV,LAML,False
1958,708,0.13867505,0.074074075,TGCT,KIPAN,False
1959,730,0.23570225,0.125,PRAD,THCA,False
1960,811,0.70710677,0.5,THCA,THCA,True
1961,5789,0.013001274,0.001984127,PRAD,SKCM,False
1962,0,0.0,0.0,THCA,KIPAN,False
1963,5191,0.10206207,0.04761905,OV,COAD,False
1964,1434,0.018349394,0.002,STES,BRCA,False
1965,0,0.0,0.0,PRAD,KIPAN,False
1966,0,0.0,0.0,BRCA,KIPAN,False
1967,4206,0.13867505,0.0625,PAAD,PCPG,False
1968,0,0.0,0.0,THCA,KIPAN,False
1969,3119,0.055555556,0.022727273,STES,BRCA,False
1970,3183,0.069006555,0.033333335,GBMLGG,SKCM,False
1971,0,0.0,0.0,PCPG,KIPAN,False
1972,5941,1.0,1.0,KIPAN,KIRC,False
1973,1373,0.050964717,0.022222223,LIHC,LUAD,False
1974,3993,0.08451542,0.02631579,STES,GBMLGG,False
1975,4571,1.0,1.0,KIPAN,KIRC,False
1976,5878,0.06063391,0.03125,KIPAN,KIRC,False
1977,0,0.0,0.0,STES,KIPAN,False
1978,5609,0.12909944,0.055555556,THCA,TGCT,False
1979,1544,0.037986856,0.01369863,HNSC,THCA,False
1980,4701,0.14433756,0.04,HNSC,BRCA,False
1981,5409,1.0,1.0,KIPAN,KIRC,False
1982,1602,0.2236068,0.125,PCPG,PCPG,True
1983,480,0.16666667,0.083333336,BRCA,OV,False
1984,0,0.0,0.0,THCA,KIPAN,False
1985,770,0.019849712,0.008333334,CESC,HNSC,False
1986,679,0.021281416,0.003533569,KIPAN,STES,False
1987,2375,0.058722023,0.016129032,UCEC,BRCA,False
1988,4804,0.024730967,0.008130081,KIPAN,LUSC,False
1989,3651,0.13867505,0.037037037,KIPAN,PCPG,False
1990,5931,1.0,1.0,KIRC,KIPAN,False
1991,4671,0.99999994,1.0,GBMLGG,LGG,False
1992,1062,0.101015255,0.05,OV,GBMLGG,False
1993,299,0.10206208,0.05263158,KIPAN,TGCT,False
1994,26,0.03279129,0.00625,LUAD,BRCA,False
1995,1486,0.051987525,0.012820513,LIHC,THCA,False
1996,4151,0.029514063,0.010526316,LUAD,OV,False
1997,2245,0.05832118,0.029411765,GBMLGG,SARC,False
1998,6043,0.072739296,0.03448276,TGCT,TGCT,True
1999,2021,0.99999994,1.0,LGG,GBMLGG,False
2000,5933,0.043519415,0.0074074073,PCPG,SKCM,False
2001,0,0.0,0.0,SARC,KIPAN,False
2002,0,0.0,0.0,THYM,KIPAN,False
2003,4228,0.008232474,0.0008718396,SARC,BRCA,False
2004,3805,1.0,1.0,KIRC,KIPAN,False
2005,1230,0.02503131,0.0069444445,BRCA,LUAD,False
2006,689,0.04508348,0.01923077,KIPAN,KIPAN,True
2007,811,0.4472136,0.2,THCA,THCA,True
2008,956,0.13867505,0.037037037,GBMLGG,GBMLGG,True
2009,363,0.016760038,0.0078125,LUSC,HNSC,False
2010,1373,0.023472626,0.0057142857,COAD,LUAD,False
2011,126,0.16903086,0.09090909,THYM,THYM,True
2012,4440,0.109108955,0.055555556,UCEC,BRCA,False
2013,1686,0.031098519,0.009615385,KIPAN,SKCM,False
2014,2437,0.050636966,0.025,OV,KIRC,False
2015,4043,0.07216878,0.037037037,TGCT,TGCT,True
2016,5600,0.036885552,0.018181818,PAAD,GBMLGG,False
2017,1187,0.07106691,0.014705882,STES,PCPG,False
2018,1684,0.096225046,0.05,HNSC,LGG,False
2019,648,0.027565889,0.009345794,LUSC,SARC,False
2020,972,0.05976143,0.027027028,KIPAN,KIPAN,True
2021,1999,0.99999994,1.0,GBMLGG,LGG,False
2022,0,0.0,0.0,PRAD,KIPAN,False
2023,3711,0.03227486,0.006060606,BRCA,THYM,False
2024,0,0.0,0.0,PRAD,KIPAN,False
2025,2679,0.09759001,0.04761905,PAAD,PAAD,True
2026,3512,0.08980265,0.029411765,HNSC,GBMLGG,False
2027,1552,0.05143445,0.02631579,TGCT,TGCT,True
2028,1505,0.07905694,0.037037037,PAAD,GBMLGG,False
2029,3422,0.016171155,0.003937008,LUAD,SARC,False
2030,4888,0.18898225,0.06666667,BRCA,BRCA,True
2031,1752,0.059234884,0.030303031,BRCA,BRCA,True
2032,0,0.0,0.0,PCPG,KIPAN,False
2033,179,0.10660036,0.055555556,UCEC,GBMLGG,False
2034,787,1.0,1.0,KIPAN,KIRC,False
2035,3576,0.040824827,0.020408163,KIPAN,KIPAN,True
2036,2054,0.015694119,0.0033003301,COAD,COAD,True
2037,4089,0.10206208,0.05263158,GBMLGG,GBMLGG,True
2038,1956,0.068041384,0.03448276,COAD,COAD,True
2039,0,0.0,0.0,PCPG,KIPAN,False
2040,6010,1.0,1.0,KIRC,KIPAN,False
2041,4721,0.11952286,0.027777778,LUAD,BRCA,False
2042,811,0.096225046,0.009259259,COAD,THCA,False
2043,811,1.0,1.0,THCA,THCA,True
2044,0,0.0,0.0,OV,KIPAN,False
2045,4888,0.28867513,0.14285715,BRCA,BRCA,True
2046,0,0.0,0.0,OV,KIPAN,False
2047,848,0.085125655,0.020833334,STES,SARC,False
2048,5820,0.07106691,0.035714287,GBMLGG,OV,False
2049,118,0.05063697,0.020833334,STES,BRCA,False
2050,5384,0.067267284,0.03448276,OV,COAD,False
2051,4486,0.12909944,0.06666667,OV,BRCA,False
2052,1724,0.07412493,0.03846154,TGCT,GBMLGG,False
2053,4486,0.10540925,0.05,OV,BRCA,False
2054,811,0.058722023,0.0034482758,COAD,THCA,False
2055,4721,0.056254398,0.006289308,CESC,BRCA,False
2056,4884,1.0000001,1.0,LGG,GBMLGG,False
2057,1778,0.03346372,0.015384615,LUAD,HNSC,False
2058,4888,0.2236068,0.09090909,BRCA,BRCA,True
2059,2420,0.089087084,0.015625,THYM,LIHC,False
2060,4701,0.13363062,0.03448276,HNSC,BRCA,False
2061,3993,0.1042572,0.03846154,OV,GBMLGG,False
2062,788,0.101015255,0.05,SARC,KIPAN,False
2063,1098,0.035737086,0.018181818,STES,HNSC,False
2064,0,0.0,0.0,PRAD,KIPAN,False
2065,811,0.20412414,0.041666668,COAD,THCA,False
2066,486,0.013496272,0.000907441,PAAD,SKCM,False
2067,3479,0.028867511,0.012658228,CESC,LUSC,False
2068,3827,0.028795613,0.004854369,STES,BRCA,False
2069,242,0.15811388,0.083333336,BRCA,BRCA,True
2070,1155,0.019888932,0.0015748031,COAD,BRCA,False
2071,1541,0.70710677,0.5,LAML,LAML,True
2072,0,0.0,0.0,LIHC,KIPAN,False
2073,601,0.008658739,0.00067114097,BRCA,STES,False
2074,3247,1.0000001,1.0,KIRC,KIPAN,False
2075,811,0.70710677,0.5,THCA,THCA,True
2076,593,0.0625,0.032258064,KIRC,KIRC,True
2077,0,0.0,0.0,PCPG,KIPAN,False
2078,3737,1.0,1.0,KIRC,KIPAN,False
2079,1213,0.06681531,0.03448276,KIPAN,GBMLGG,False
2080,642,0.038235955,0.011904762,SKCM,KIPAN,False
2081,4318,0.03093441,0.01369863,LUSC,COAD,False
2082,0,0.0,0.0,THYM,KIPAN,False
2083,1957,0.25,0.0625,COAD,OV,False
2084,2277,0.024906775,0.0121951215,STES,COAD,False
2085,5191,0.11785112,0.05882353,COAD,COAD,True
2086,83,0.083333336,0.041666668,GBMLGG,GBMLGG,True
2087,1356,0.40824828,0.16666667,LAML,LAML,True
2088,61,1.0,1.0,KIPAN,KIRC,False
2089,1868,0.08247861,0.037037037,OV,GBMLGG,False
2090,2261,0.03676073,0.005319149,SKCM,PCPG,False
2091,1300,0.0559017,0.028571429,KIPAN,KIRC,False
2092,1356,0.05455447,0.0029761905,SKCM,LAML,False
2093,0,0.0,0.0,HNSC,KIPAN,False
2094,4868,0.07161149,0.037037037,TGCT,TGCT,True
2095,5770,1.0,1.0,KIRC,KIPAN,False
2096,1446,0.18257418,0.1,SARC,BRCA,False
2097,4950,1.0,1.0,KIPAN,KIRC,False
2098,225,0.99999994,1.0,KIRC,KIPAN,False
2099,5771,0.057259828,0.015384615,BLCA,PCPG,False
2100,1767,0.16666666,0.09090909,PRAD,BRCA,False
2101,4296,1.0000001,1.0,GBMLGG,LGG,False
2102,2447,0.35355338,0.2,PRAD,THCA,False
2103,4701,0.31622776,0.16666667,BRCA,BRCA,True
2104,5787,0.049147315,0.018518519,LIHC,LGG,False
2105,496,0.12598816,0.04347826,TGCT,UCEC,False
2106,0,0.0,0.0,BRCA,KIPAN,False
2107,1305,0.038924947,0.014285714,OV,BLCA,False
2108,4676,0.16666669,0.05263158,COAD,LAML,False
2109,4888,0.09712859,0.018518519,BRCA,BRCA,True
2110,1935,0.069337524,0.018181818,STES,STES,True
2111,1684,0.10540925,0.055555556,CESC,LGG,False
2112,2592,0.12000384,0.06097561,ACC,ACC,True
2113,4101,0.0352235,0.0024752475,STES,THCA,False
2114,1665,0.03703704,0.018867925,STES,STES,True
2115,3076,0.28867513,0.14285715,GBMLGG,GBMLGG,True
2116,4484,0.05270463,0.013157895,HNSC,BRCA,False
2117,0,0.0,0.0,BRCA,KIPAN,False
2118,0,0.0,0.0,BRCA,KIPAN,False
2119,1527,0.059761424,0.030303031,KIPAN,KIPAN,True
2120,4272,0.99999994,1.0,KIPAN,KIRC,False
2121,0,0.0,0.0,SARC,KIPAN,False
2122,278,0.99999994,1.0,LGG,GBMLGG,False
2123,503,0.031830348,0.014925373,STES,BLCA,False
2124,4748,0.015927283,0.0022421526,BRCA,COAD,False
2125,5325,0.07412493,0.03846154,KIPAN,KIPAN,True
2126,4701,0.26726124,0.125,BRCA,BRCA,True
2127,0,0.0,0.0,KIPAN,KIPAN,True
2128,4722,0.03256448,0.015873017,LUSC,COAD,False
2129,811,0.40824828,0.16666667,THCA,THCA,True
2130,5537,1.0,1.0,LGG,GBMLGG,False
2131,4676,0.14744195,0.041666668,GBMLGG,LAML,False
2132,3492,0.06804138,0.03125,STES,PAAD,False
2133,1335,0.14433756,0.055555556,GBMLGG,PCPG,False
2134,942,0.125,0.05263158,UCEC,PRAD,False
2135,4982,0.040274296,0.020512821,DLBC,DLBC,True
2136,4821,0.022097087,0.0038022813,LUAD,HNSC,False
2137,5350,0.08247861,0.037037037,KIPAN,KIRC,False
2138,3183,0.057735022,0.025641026,LUAD,SKCM,False
2139,3116,0.021063136,0.008333334,KIPAN,LUSC,False
2140,956,0.23570228,0.1,LGG,GBMLGG,False
2141,1888,0.99999994,1.0,LGG,GBMLGG,False
2142,2799,0.99999994,1.0,KIPAN,KIRC,False
2143,4373,1.0,1.0,KIPAN,KIRC,False
2144,5728,1.0,1.0,KIRC,KIPAN,False
2145,3342,0.07106691,0.033333335,BRCA,PRAD,False
2146,4212,0.028819524,0.014285714,LUAD,GBMLGG,False
2147,827,0.04503774,0.022222223,SARC,UCEC,False
2148,0,0.0,0.0,BRCA,KIPAN,False
2149,1236,0.015592676,0.0021505377,UCEC,GBMLGG,False
2150,1829,1.0000001,1.0,KIRC,KIPAN,False
2151,3430,0.12309149,0.0625,OV,OV,True
2152,956,0.25000003,0.11111111,LGG,GBMLGG,False
2153,0,0.0,0.0,BRCA,KIPAN,False
2154,4870,0.04583493,0.022727273,PAAD,HNSC,False
2155,0,0.0,0.0,OV,KIPAN,False
2156,0,0.0,0.0,LAML,KIPAN,False
2157,1154,0.28867513,0.083333336,ACC,PCPG,False
2158,2522,0.06362847,0.032258064,HNSC,PRAD,False
2159,5191,0.08512565,0.035714287,PAAD,COAD,False
2160,4256,1.0000001,1.0,GBMLGG,LGG,False
2161,874,0.00981856,0.0034129692,SKCM,CESC,False
2162,811,0.70710677,0.5,THCA,THCA,True
2163,184,0.048911598,0.020833334,STES,PAAD,False
2164,988,0.03513642,0.010204081,BRCA,UCEC,False
2165,749,0.0755929,0.032258064,COAD,BRCA,False
2166,0,0.0,0.0,SARC,KIPAN,False
2167,100,0.06454972,0.032258064,GBMLGG,SKCM,False
2168,3265,1.0,1.0,KIPAN,KIRC,False
2169,121,0.14002801,0.05263158,COAD,LGG,False
2170,1356,0.5,0.25,LAML,LAML,True
2171,1933,0.07559289,0.025641026,COAD,LGG,False
2172,0,0.0,0.0,BRCA,KIPAN,False
2173,2697,0.038180176,0.016129032,OV,BRCA,False
2174,480,0.12909944,0.055555556,UCEC,OV,False
2175,848,0.10050379,0.028571429,BRCA,SARC,False
2176,833,1.0,1.0,KIRC,KIPAN,False
2177,0,0.0,0.0,PRAD,KIPAN,False
2178,2644,0.0727393,0.030303031,SARC,THCA,False
2179,811,0.4472136,0.2,THCA,THCA,True
2180,1035,0.019389167,0.006329114,SARC,LUAD,False
2181,4357,0.0839921,0.04347826,TGCT,ACC,False
2182,0,0.0,0.0,LIHC,KIPAN,False
2183,0,0.0,0.0,BRCA,KIPAN,False
2184,5182,0.023524528,0.0066225166,SKCM,SKCM,True
2185,4051,0.15075567,0.04347826,BRCA,LGG,False
2186,6140,0.005564149,0.0005219207,SARC,UCEC,False
2187,1957,0.26726124,0.071428575,UCEC,OV,False
2188,5947,1.0,1.0,KIRC,KIPAN,False
2189,71,0.01467912,0.007209063,UCEC,UCEC,True
2190,1878,0.28867513,0.16666667,SARC,BRCA,False
2191,2300,0.23570225,0.125,PRAD,THCA,False
2192,2896,0.99999994,1.0,KIPAN,KIRC,False
2193,0,0.0,0.0,LUAD,KIPAN,False
2194,5686,0.101015255,0.05,PAAD,BRCA,False
2195,4279,0.9999999,1.0,KIPAN,KIRC,False
2196,811,0.40824828,0.16666667,THCA,THCA,True
2197,1529,0.06299408,0.027777778,THYM,COAD,False
2198,1513,0.0438529,0.013888889,KIPAN,LUSC,False
2199,0,0.0,0.0,SKCM,KIPAN,False
2200,2349,0.07216878,0.037037037,GBMLGG,TGCT,False
2201,1482,0.99999994,1.0,LGG,GBMLGG,False
2202,0,0.0,0.0,LAML,KIPAN,False
2203,1119,0.11322771,0.035714287,KIRC,BRCA,False
2204,3389,1.0000001,1.0,LGG,GBMLGG,False
2205,0,0.0,0.0,THYM,KIPAN,False
2206,840,0.050251894,0.025641026,KIPAN,DLBC,False
2207,5101,0.021398023,0.005181347,STES,SARC,False
2208,4000,0.13363062,0.071428575,BRCA,BRCA,True
2209,0,0.0,0.0,PRAD,KIPAN,False
2210,811,0.35355338,0.125,THCA,THCA,True
2211,0,0.0,0.0,BRCA,KIPAN,False
2212,4721,0.074953176,0.011111111,CESC,BRCA,False
2213,811,0.70710677,0.5,THCA,THCA,True
2214,3098,1.0000001,1.0,KIPAN,KIRC,False
2215,5274,0.032547228,0.013513514,LUSC,LUSC,True
2216,0,0.0,0.0,THYM,KIPAN,False
2217,0,0.0,0.0,LIHC,KIPAN,False
2218,0,0.0,0.0,OV,KIPAN,False
2219,884,0.061545745,0.030303031,GBMLGG,PAAD,False
2220,5325,0.056980282,0.028571429,KIPAN,KIPAN,True
2221,360,0.14142136,0.03846154,BRCA,COAD,False
2222,0,0.0,0.0,LAML,KIPAN,False
2223,69,0.99999994,1.0,GBMLGG,LGG,False
2224,80,0.032410186,0.012345679,SARC,UCEC,False
2225,956,0.23570228,0.1,GBMLGG,GBMLGG,True
2226,1559,0.11785114,0.0625,BLCA,LIHC,False
2227,811,1.0,1.0,THCA,THCA,True
2228,4993,0.06362847,0.032258064,BRCA,BRCA,True
2229,1765,0.054073807,0.02173913,UCEC,UCEC,True
2230,5264,0.035533454,0.009433962,STES,OV,False
2231,956,0.26726124,0.125,LGG,GBMLGG,False
2232,0,0.0,0.0,SARC,KIPAN,False
2233,3277,0.14433756,0.07692308,OV,SARC,False
2234,0,0.0,0.0,THCA,KIPAN,False
2235,4511,1.0000001,1.0,KIPAN,KIRC,False
2236,1062,1.0000001,1.0,LGG,GBMLGG,False
2237,2842,0.08703883,0.045454547,BRCA,OV,False
2238,341,0.03752933,0.0125,STES,GBMLGG,False
2239,0,0.0,0.0,THCA,KIPAN,False
2240,6018,0.072739296,0.03448276,GBMLGG,GBMLGG,True
2241,4056,1.0,1.0,KIPAN,KIRC,False
2242,4362,0.109108955,0.055555556,BRCA,LAML,False
2243,4355,0.043437224,0.016129032,LUSC,PRAD,False
2244,1868,0.0755929,0.032258064,PAAD,GBMLGG,False
2245,1997,0.05832118,0.029411765,SARC,GBMLGG,False
2246,0,0.0,0.0,THYM,KIPAN,False
2247,5457,0.07106691,0.033333335,UCEC,LGG,False
2248,4351,0.17677669,0.09090909,BRCA,KIPAN,False
2249,3172,0.069337524,0.035714287,GBMLGG,GBMLGG,True
2250,4701,0.4082483,0.25,BRCA,BRCA,True
2251,0,0.0,0.0,BRCA,KIPAN,False
2252,5662,0.016638957,0.007874016,HNSC,HNSC,True
2253,5797,0.04331481,0.018867925,STES,SARC,False
2254,1671,0.99999994,1.0,GBMLGG,LGG,False
2255,0,0.0,0.0,OV,KIPAN,False
2256,2290,1.0,1.0,GBMLGG,LGG,False
2257,811,0.5,0.25,THCA,THCA,True
2258,5375,0.05455447,0.027777778,HNSC,COAD,False
2259,5473,0.1118034,0.05882353,SARC,PAAD,False
2260,1408,0.027116308,0.01,UCEC,GBMLGG,False
2261,2772,0.2236068,0.125,PCPG,CESC,False
2262,0,0.0,0.0,PCPG,KIPAN,False
2263,1910,1.0,1.0,KIPAN,KIRC,False
2264,2934,0.29814237,0.16666667,LGG,LGG,True
2265,2310,0.013338077,0.0019193857,CESC,COAD,False
2266,4888,0.35355338,0.2,OV,BRCA,False
2267,0,0.0,0.0,PCPG,KIPAN,False
2268,2326,0.006848512,0.0026525198,BLCA,CESC,False
2269,3550,0.99999994,1.0,GBMLGG,LGG,False
2270,0,0.0,0.0,THCA,KIPAN,False
2271,6031,1.0000001,1.0,LGG,GBMLGG,False
2272,4721,0.05170877,0.005319149,LUAD,BRCA,False
2273,58,0.011263718,0.0017361111,STES,STES,True
2274,3680,0.0185952,0.0020533882,BRCA,SKCM,False
2275,2244,0.053452246,0.02631579,CESC,PAAD,False
2276,1159,0.015326683,0.002079002,BRCA,STES,False
2277,4077,0.0352235,0.017857144,COAD,COAD,True
2278,1535,1.0,1.0,LGG,GBMLGG,False
2279,5083,0.11952285,0.055555556,PRAD,UCEC,False
2280,4717,1.0000001,1.0,KIRC,KIPAN,False
2281,811,0.33333334,0.11111111,THCA,THCA,True
2282,2025,0.059234884,0.030303031,HNSC,PAAD,False
2283,4902,0.06362847,0.032258064,OV,SKCM,False
2284,0,0.0,0.0,BRCA,KIPAN,False
2285,365,0.2581989,0.06666667,HNSC,KIPAN,False
2286,4357,0.16051446,0.08695652,ACC,ACC,True
2287,811,0.14285715,0.020408163,SKCM,THCA,False
2288,749,0.044237398,0.012658228,STES,BRCA,False
2289,574,0.08980265,0.029411765,BRCA,LGG,False
2290,2256,1.0,1.0,LGG,GBMLGG,False
2291,5771,0.09759001,0.04,GBMLGG,PCPG,False
2292,5123,0.093658574,0.041666668,GBMLGG,GBMLGG,True
2293,1711,0.99999994,1.0,KIPAN,KIRC,False
2294,3985,0.048911598,0.025,TGCT,STES,False
2295,0,0.0,0.0,PRAD,KIPAN,False
2296,5429,0.038069345,0.01923077,LIHC,ACC,False
2297,0,0.0,0.0,LIHC,KIPAN,False
2298,3298,0.018442778,0.009259259,BLCA,STES,False
2299,800,0.0727393,0.030303031,COAD,STES,False
2300,2191,0.23570225,0.125,THCA,PRAD,False
2301,2425,0.08006408,0.041666668,BRCA,OV,False
2302,4359,0.042640146,0.015625,BLCA,OV,False
2303,0,0.0,0.0,SARC,KIPAN,False
2304,2482,0.11952286,0.0625,PCPG,PCPG,True
2305,4821,0.0521286,0.018867925,STES,HNSC,False
2306,121,0.16666667,0.071428575,BRCA,LGG,False
2307,121,0.10369518,0.030303031,LUSC,LGG,False
2308,6187,0.03282661,0.016666668,STES,COAD,False
2309,4175,0.13867505,0.0625,BRCA,BRCA,True
2310,5638,0.022118699,0.0019455253,COAD,BRCA,False
2311,666,0.031008683,0.0088495575,BLCA,KIPAN,False
2312,811,0.09325048,0.008695652,SKCM,THCA,False
2313,1137,0.04938648,0.02,KIPAN,KIPAN,True
2314,1335,0.16012816,0.06666667,SKCM,PCPG,False
2315,811,0.30151135,0.09090909,THCA,THCA,True
2316,290,0.05812382,0.022727273,STES,GBMLGG,False
2317,0,0.0,0.0,LAML,KIPAN,False
2318,480,0.125,0.05263158,UCEC,OV,False
2319,0,0.0,0.0,BRCA,KIPAN,False
2320,5482,1.0,1.0,KIPAN,KIRC,False
2321,3236,1.0000001,1.0,GBMLGG,LGG,False
2322,121,0.03333333,0.0033112583,LUSC,LGG,False
2323,2686,0.08164965,0.041666668,BLCA,LUSC,False
2324,4888,0.21320072,0.083333336,BRCA,BRCA,True
2325,0,0.0,0.0,THCA,KIPAN,False
2326,1349,0.017989568,0.003144654,CESC,BLCA,False
2327,5037,1.0,1.0,GBMLGG,LGG,False
2328,0,0.0,0.0,LUSC,KIPAN,False
2329,0,0.0,0.0,SARC,KIPAN,False
2330,0,0.0,0.0,PCPG,KIPAN,False
2331,4329,0.99999994,1.0,KIPAN,KIRC,False
2332,0,0.0,0.0,PRAD,KIPAN,False
2333,4721,0.09805807,0.018867925,CESC,BRCA,False
2334,3083,0.07312724,0.037037037,GBMLGG,GBMLGG,True
2335,438,0.043768812,0.02173913,GBMLGG,HNSC,False
2336,4547,1.0000001,1.0,KIRC,KIPAN,False
2337,642,0.06666667,0.030303031,HNSC,KIPAN,False
2338,1119,0.16666667,0.071428575,UCEC,BRCA,False
2339,0,0.0,0.0,THYM,KIPAN,False
2340,2033,0.07216878,0.032258064,GBMLGG,UCEC,False
2341,4116,0.99999994,1.0,GBMLGG,LGG,False
2342,26,0.055048186,0.016666668,STES,BRCA,False
2343,4701,0.11952286,0.027777778,BRCA,BRCA,True
2344,5100,0.023609607,0.0032894737,UCEC,UCEC,True
2345,4330,0.13093072,0.069767445,ACC,ACC,True
2346,5142,0.084215194,0.020408163,BRCA,BRCA,True
2347,1910,0.026324907,0.008130081,UCEC,KIRC,False
2348,0,0.0,0.0,PRAD,KIPAN,False
2349,2200,0.07216878,0.037037037,TGCT,GBMLGG,False
2350,0,0.0,0.0,LUAD,KIPAN,False
2351,796,1.0,1.0,KIPAN,KIRC,False
2352,2701,0.13867505,0.0625,CESC,SARC,False
2353,1216,0.99999994,1.0,LGG,GBMLGG,False
2354,4676,0.10660036,0.022222223,BLCA,LAML,False
2355,2447,0.28867513,0.14285715,PCPG,THCA,False
2356,811,1.0,1.0,THCA,THCA,True
2357,5614,0.06666667,0.020408163,STES,BRCA,False
2358,5008,0.059234884,0.030303031,PAAD,STES,False
2359,905,1.0,1.0,KIRC,KIPAN,False
2360,218,1.0,1.0,KIRC,KIPAN,False
2361,811,0.051097617,0.002610966,COAD,THCA,False
2362,2261,0.04767313,0.0088495575,SKCM,PCPG,False
2363,4143,0.02847859,0.0068965517,BRCA,SKCM,False
2364,3463,0.068041384,0.013513514,UCEC,KIRC,False
2365,0,0.0,0.0,LIHC,KIPAN,False
2366,0,0.0,0.0,PCPG,KIPAN,False
2367,2977,0.05025189,0.02173913,BRCA,BRCA,True
2368,5327,0.0418121,0.017857144,TGCT,STES,False
2369,544,0.05063697,0.0121951215,LUAD,LAML,False
2370,4721,0.35355338,0.2,BRCA,BRCA,True
2371,986,1.0,1.0,LGG,GBMLGG,False
2372,5191,0.12909944,0.06666667,SARC,COAD,False
2373,5789,0.011259434,0.001968504,CESC,SKCM,False
2374,0,0.0,0.0,HNSC,KIPAN,False
2375,1275,0.14907119,0.07692308,BRCA,THCA,False
2376,512,0.010152414,0.004716981,LUAD,STES,False
2377,680,1.0,1.0,KIPAN,KIRC,False
2378,6043,0.083333336,0.041666668,TGCT,TGCT,True
2379,5264,0.022183914,0.0038314175,SKCM,OV,False
2380,0,0.0,0.0,PRAD,KIPAN,False
2381,0,0.0,0.0,PCPG,KIPAN,False
2382,0,0.0,0.0,PCPG,KIPAN,False
2383,3430,0.03553345,0.00729927,LUAD,OV,False
2384,3401,0.04173919,0.018518519,LUSC,PAAD,False
2385,2071,0.5,0.25,LAML,LAML,True
2386,121,0.09128709,0.023809524,PAAD,LGG,False
2387,0,0.0,0.0,SARC,KIPAN,False
2388,4260,0.07624929,0.02173913,STES,BRCA,False
2389,5179,0.040555354,0.018867925,COAD,COAD,True
2390,3993,0.15811388,0.07692308,OV,GBMLGG,False
2391,5137,0.16012816,0.06666667,OV,HNSC,False
2392,2535,0.05832119,0.020833334,STES,LGG,False
2393,4984,0.0048909844,0.00040404042,GBMLGG,UCEC,False
2394,841,1.0,1.0,KIPAN,KIRC,False
2395,0,0.0,0.0,THCA,KIPAN,False
2396,956,0.17677669,0.05882353,PRAD,GBMLGG,False
2397,4096,0.037113477,0.013157895,CESC,CESC,True
2398,942,0.07216878,0.019607844,LIHC,PRAD,False
2399,5007,0.029012943,0.014285714,LUAD,PAAD,False
2400,811,0.1490712,0.022222223,SKCM,THCA,False
2401,5181,0.096225046,0.02631579,LUAD,LAML,False
2402,0,0.0,0.0,PCPG,KIPAN,False
2403,0,0.0,0.0,STES,KIPAN,False
2404,0,0.0,0.0,THYM,KIPAN,False
2405,0,0.0,0.0,BRCA,KIPAN,False
2406,5282,0.019920478,0.00990099,BRCA,LUAD,False
2407,0,0.0,0.0,PRAD,KIPAN,False
2408,3149,1.0,1.0,KIRC,KIPAN,False
2409,4167,0.022680461,0.010204081,KIPAN,STES,False
2410,1171,0.11952286,0.0625,KIRC,BRCA,False
2411,3993,0.08703883,0.027777778,COAD,GBMLGG,False
2412,544,0.07071068,0.022727273,STES,LAML,False
2413,2529,0.048795003,0.023255814,KIRC,KIPAN,False
2414,0,0.0,0.0,LAML,KIPAN,False
2415,957,0.15811388,0.07692308,BRCA,PRAD,False
2416,2410,0.03701166,0.0121951215,LUSC,KIRC,False
2417,1274,0.009047643,0.0018796993,LUAD,STES,False
2418,4287,0.99999994,1.0,LGG,GBMLGG,False
2419,4959,0.99999994,1.0,KIPAN,KIRC,False
2420,2059,0.089087084,0.015625,LIHC,THYM,False
2421,0,0.0,0.0,PRAD,KIPAN,False
2422,811,0.06362848,0.004048583,COAD,THCA,False
2423,4605,1.0,1.0,KIPAN,KIRC,False
2424,3447,0.08451543,0.03846154,OV,OV,True
2425,2301,0.08006408,0.041666668,OV,BRCA,False
2426,0,0.0,0.0,KIPAN,KIPAN,True
2427,0,0.0,0.0,BRCA,KIPAN,False
2428,811,0.5,0.25,THCA,THCA,True
2429,4419,0.024182541,0.0055555557,PRAD,STES,False
2430,657,0.12909944,0.06666667,BRCA,SARC,False
2431,4366,1.0,1.0,LGG,GBMLGG,False
2432,2622,0.024382994,0.011627907,LUSC,BRCA,False
2433,811,0.40824828,0.16666667,THCA,THCA,True
2434,1335,0.21821791,0.11111111,PCPG,PCPG,True
2435,1102,0.041594516,0.02,CESC,OV,False
2436,0,0.0,0.0,SKCM,KIPAN,False
2437,4030,1.0,1.0,KIRC,KIPAN,False
2438,1356,0.70710677,0.5,LAML,LAML,True
2439,1248,0.020455074,0.004032258,LIHC,STES,False
2440,848,0.10206208,0.029411765,HNSC,SARC,False
2441,811,0.40824828,0.16666667,THCA,THCA,True
2442,5485,0.07881104,0.03448276,KIPAN,OV,False
2443,3373,0.03857584,0.01754386,LUAD,BRCA,False
2444,4925,1.0,1.0,KIPAN,KIRC,False
2445,3552,0.03419928,0.015873017,GBMLGG,LUSC,False
2446,4260,0.114707865,0.045454547,BRCA,BRCA,True
2447,3753,0.50000006,0.33333334,THCA,PCPG,False
2448,0,0.0,0.0,BRCA,KIPAN,False
2449,0,0.0,0.0,PRAD,KIPAN,False
2450,2999,0.013937367,0.0011587485,BRCA,STES,False
2451,3378,1.0,1.0,GBMLGG,LGG,False
2452,5100,0.10540925,0.05,UCEC,UCEC,True
2453,0,0.0,0.0,BRCA,KIPAN,False
2454,5789,0.015012578,0.001996008,KIRC,SKCM,False
2455,2309,0.056613855,0.012345679,STES,BRCA,False
2456,947,0.1,0.041666668,BRCA,UCEC,False
2457,3083,0.07106691,0.035714287,GBMLGG,GBMLGG,True
2458,2004,0.109108955,0.055555556,KIRC,KIRC,True
2459,4721,0.12309149,0.029411765,BRCA,BRCA,True
2460,0,0.0,0.0,PRAD,KIPAN,False
2461,3855,1.0,1.0,KIPAN,KIRC,False
2462,2432,0.022857515,0.011111111,HNSC,LUSC,False
2463,4721,0.038866103,0.003012048,BLCA,BRCA,False
2464,0,0.0,0.0,PRAD,KIPAN,False
2465,5157,0.08671099,0.04,COAD,PRAD,False
2466,4701,0.11043152,0.023809524,HNSC,BRCA,False
2467,5360,0.049029034,0.024390243,KIPAN,KIRC,False
2468,0,0.0,0.0,THYM,KIPAN,False
2469,2237,0.05598925,0.025641026,BRCA,BRCA,True
2470,5104,0.057735022,0.012820513,PCPG,SKCM,False
2471,1506,1.0,1.0,LGG,GBMLGG,False
2472,4970,1.0,1.0,KIPAN,KIRC,False
2473,0,0.0,0.0,BRCA,KIPAN,False
2474,480,0.08703883,0.027777778,KIPAN,OV,False
2475,4721,0.08703883,0.014925373,HNSC,BRCA,False
2476,3751,1.0,1.0,KIRC,KIPAN,False
2477,4531,0.03394221,0.0045454544,BRCA,BRCA,True
2478,5254,0.06063391,0.03125,GBMLGG,GBMLGG,True
2479,1487,0.088388346,0.04347826,OV,BRCA,False
2480,1497,0.14433756,0.055555556,BRCA,BRCA,True
2481,710,0.051031034,0.014492754,UCEC,KIRC,False
2482,2304,0.11952286,0.0625,PCPG,PCPG,True
2483,4888,0.23570228,0.1,BRCA,BRCA,True
2484,5280,0.07216878,0.027027028,KIPAN,KIPAN,True
2485,0,0.0,0.0,PRAD,KIPAN,False
2486,921,0.023002187,0.011627907,LUSC,STES,False
2487,0,0.0,0.0,TGCT,KIPAN,False
2488,318,0.036369648,0.014925373,GBMLGG,BLCA,False
2489,4551,0.101015255,0.02,BLCA,THCA,False
2490,4641,0.046373885,0.010309278,SKCM,OV,False
2491,811,0.14002801,0.019607844,SKCM,THCA,False
2492,5738,0.10846523,0.04761905,PAAD,OV,False
2493,0,0.0,0.0,SARC,KIPAN,False
2494,1937,1.0,1.0,KIPAN,KIRC,False
2495,3218,0.08451543,0.03125,ACC,BRCA,False
2496,6109,1.0000001,1.0,GBMLGG,LGG,False
2497,0,0.0,0.0,CESC,KIPAN,False
2498,206,1.0,1.0,KIRC,KIPAN,False
2499,776,0.12500001,0.06666667,OV,GBMLGG,False
2500,5054,0.03857584,0.01923077,GBMLGG,GBMLGG,True
2501,1268,0.043643575,0.0091743115,SARC,LAML,False
2502,931,0.027277239,0.013333334,SARC,HNSC,False
2503,3434,0.12909944,0.06666667,PCPG,THCA,False
2504,2933,0.31622776,0.16666667,SARC,THYM,False
2505,0,0.0,0.0,LUAD,KIPAN,False
2506,3596,0.99999994,1.0,KIPAN,KIRC,False
2507,3947,0.08164965,0.029411765,OV,GBMLGG,False
2508,4822,0.094491124,0.032258064,PAAD,LIHC,False
2509,5742,0.0559017,0.028571429,PAAD,TGCT,False
2510,49,0.013344013,0.006289308,LUAD,LUSC,False
2511,2109,0.041415766,0.015873017,CESC,BRCA,False
2512,3273,1.0000001,1.0,GBMLGG,LGG,False
2513,2969,0.013474201,0.005319149,UCEC,BLCA,False
2514,0,0.0,0.0,LAML,KIPAN,False
2515,0,0.0,0.0,THYM,KIPAN,False
2516,0,0.0,0.0,KIPAN,KIPAN,True
2517,139,0.021166688,0.00862069,KIPAN,LUSC,False
2518,4888,0.2236068,0.09090909,BRCA,BRCA,True
2519,121,0.1490712,0.05882353,BRCA,LGG,False
2520,5191,0.07715168,0.030303031,COAD,COAD,True
2521,3568,0.044151083,0.015384615,LUSC,SARC,False
2522,2158,0.06362847,0.032258064,PRAD,HNSC,False
2523,1166,0.063372426,0.011764706,BLCA,OV,False
2524,2286,0.05572782,0.027777778,TGCT,ACC,False
2525,3536,0.70710677,0.5,LAML,LAML,True
2526,4721,0.095346265,0.017857144,STES,BRCA,False
2527,3445,0.18898225,0.1,PCPG,PCPG,True
2528,0,0.0,0.0,BRCA,KIPAN,False
2529,5857,0.99999994,1.0,KIPAN,KIRC,False
2530,4230,0.089087084,0.041666668,UCEC,PRAD,False
2531,0,0.0,0.0,CESC,KIPAN,False
2532,642,0.07106691,0.033333335,PAAD,KIPAN,False
2533,4309,0.09805807,0.05,BRCA,BRCA,True
2534,4051,0.31622776,0.16666667,BRCA,LGG,False
2535,3963,1.0000001,1.0,LGG,GBMLGG,False
2536,5390,1.0,1.0,KIRC,KIPAN,False
2537,0,0.0,0.0,PRAD,KIPAN,False
2538,1154,0.13018891,0.016949153,LUSC,PCPG,False
2539,0,0.0,0.0,GBMLGG,KIPAN,False
2540,848,0.05555556,0.009090909,BLCA,SARC,False
2541,1602,0.07071068,0.022727273,DLBC,PCPG,False
2542,2992,0.073323555,0.027777778,LUAD,BRCA,False
2543,1335,0.07580981,0.016666668,LUAD,PCPG,False
2544,1640,0.014344383,0.0034843206,HNSC,COAD,False
2545,0,0.0,0.0,THYM,KIPAN,False
2546,3414,0.07372098,0.033333335,BRCA,BRCA,True
2547,3686,0.05330018,0.027027028,GBMLGG,HNSC,False
2548,2749,1.0,1.0,LGG,GBMLGG,False
2549,6153,0.005208969,0.0007189073,BRCA,SKCM,False
2550,3560,0.096225046,0.033333335,LIHC,PRAD,False
2551,3584,0.04003204,0.011764706,HNSC,PRAD,False
2552,5777,0.01461295,0.004115226,SKCM,COAD,False
2553,5416,0.037502933,0.011494253,CESC,LUAD,False
2554,1957,0.24253564,0.05882353,COAD,OV,False
2555,3412,1.0,1.0,KIPAN,KIRC,False
2556,0,0.0,0.0,STES,KIPAN,False
2557,0,0.0,0.0,PRAD,KIPAN,False
2558,5191,0.14433756,0.07692308,BRCA,COAD,False
2559,0,0.0,0.0,THCA,KIPAN,False
2560,4721,0.12500001,0.030303031,HNSC,BRCA,False
2561,840,0.055048186,0.027777778,CESC,DLBC,False
2562,3432,0.039223228,0.013513514,STES,STES,True
2563,4888,0.28867513,0.14285715,BRCA,BRCA,True
2564,890,0.20094493,0.10714286,ACC,ACC,True
2565,3045,1.0,1.0,KIRC,KIPAN,False
2566,4141,0.99999994,1.0,LGG,GBMLGG,False
2567,0,0.0,0.0,LIHC,KIPAN,False
2568,0,0.0,0.0,SARC,KIPAN,False
2569,2694,0.99999994,1.0,KIPAN,KIRC,False
2570,811,0.57735026,0.33333334,THCA,THCA,True
2571,5717,0.030261379,0.015151516,BRCA,BLCA,False
2572,4641,0.055470023,0.014492754,HNSC,OV,False
2573,1356,0.40824828,0.16666667,GBMLGG,LAML,False
2574,3861,0.0877058,0.045454547,HNSC,GBMLGG,False
2575,10,0.12309149,0.0625,UCEC,STES,False
2576,811,0.10314212,0.010638298,SKCM,THCA,False
2577,848,0.12038585,0.04,COAD,SARC,False
2578,848,0.05248639,0.008130081,LUAD,SARC,False
2579,0,0.0,0.0,LUAD,KIPAN,False
2580,4404,0.99999994,1.0,LGG,GBMLGG,False
2581,5398,0.16666667,0.083333336,BRCA,BRCA,True
2582,2321,0.03138824,0.0066225166,LUSC,GBMLGG,False
2583,1285,0.052631572,0.027027028,HNSC,OV,False
2584,4721,0.0857493,0.014492754,LIHC,BRCA,False
2585,3085,0.11111111,0.05882353,GBMLGG,LUAD,False
2586,0,0.0,0.0,BRCA,KIPAN,False
2587,2012,0.09128709,0.04761905,OV,UCEC,False
2588,5281,0.05892556,0.028571429,COAD,HNSC,False
2589,5358,0.4082483,0.25,SARC,THCA,False
2590,4569,0.99999994,1.0,GBMLGG,LGG,False
2591,5674,0.08219949,0.025,LAML,HNSC,False
2592,1847,0.211341,0.11764706,ACC,ACC,True
2593,4721,0.057543535,0.0065789474,CESC,BRCA,False
2594,2618,1.0,1.0,LGG,GBMLGG,False
2595,2991,0.06741998,0.032258064,KIPAN,HNSC,False
2596,3517,0.026279416,0.002739726,PRAD,SKCM,False
2597,896,0.02834101,0.010309278,LUSC,OV,False
2598,4888,0.35355338,0.2,BRCA,BRCA,True
2599,484,0.14744195,0.041666668,GBMLGG,PCPG,False
2600,0,0.0,0.0,PCPG,KIPAN,False
2601,860,0.07216878,0.037037037,BRCA,UCEC,False
2602,3204,0.017149858,0.008064516,STES,PAAD,False
2603,3679,0.011647609,0.0017271157,CESC,CESC,True
2604,0,0.0,0.0,PRAD,KIPAN,False
2605,4538,1.0,1.0,KIRC,KIPAN,False
2606,4208,0.013710212,0.0033557047,OV,SKCM,False
2607,4199,1.0,1.0,KIRC,KIPAN,False
2608,0,0.0,0.0,PRAD,KIPAN,False
2609,0,0.0,0.0,PRAD,KIPAN,False
2610,1389,1.0,1.0,KIPAN,KIRC,False
2611,0,0.0,0.0,BRCA,KIPAN,False
2612,1656,0.115470044,0.05263158,BRCA,OV,False
2613,0,0.0,0.0,PRAD,KIPAN,False
2614,0,0.0,0.0,BRCA,KIPAN,False
2615,3594,1.0,1.0,LGG,GBMLGG,False
2616,717,0.022530293,0.0025125628,BRCA,STES,False
2617,1669,1.0,1.0,LAML,LAML,True
2618,2594,1.0,1.0,GBMLGG,LGG,False
2619,4379,0.042562827,0.01754386,BRCA,HNSC,False
2620,3343,1.0000001,1.0,GBMLGG,LGG,False
2621,4332,0.07647191,0.037037037,GBMLGG,GBMLGG,True
2622,2677,0.058722023,0.02631579,BRCA,BRCA,True
2623,0,0.0,0.0,BRCA,KIPAN,False
2624,727,0.14002801,0.05263158,BRCA,LGG,False
2625,5194,0.025383653,0.0049751243,SARC,COAD,False
2626,831,0.041099746,0.01923077,BLCA,KIPAN,False
2627,2671,0.07905694,0.04,OV,PAAD,False
2628,0,0.0,0.0,THYM,KIPAN,False
2629,0,0.0,0.0,GBMLGG,KIPAN,False
2630,0,0.0,0.0,THCA,KIPAN,False
2631,0,0.0,0.0,PRAD,KIPAN,False
2632,5574,0.082760595,0.013513514,UCEC,LAML,False
2633,4863,0.021393126,0.008547009,GBMLGG,ACC,False
2634,3282,0.99999994,1.0,KIRC,KIPAN,False
2635,148,0.12909944,0.045454547,GBMLGG,LGG,False
2636,1248,0.012936925,0.0038022813,BLCA,STES,False
2637,4537,0.05892556,0.028571429,LUAD,PAAD,False
2638,5900,0.032075014,0.016129032,STES,PAAD,False
2639,0,0.0,0.0,STES,KIPAN,False
2640,5758,0.08058229,0.041666668,OV,BRCA,False
2641,496,0.13245323,0.04761905,STES,UCEC,False
2642,0,0.0,0.0,PCPG,KIPAN,False
2643,0,0.0,0.0,BRCA,KIPAN,False
2644,811,0.3779645,0.14285715,THCA,THCA,True
2645,724,0.13363062,0.071428575,GBMLGG,GBMLGG,True
2646,0,0.0,0.0,THCA,KIPAN,False
2647,3909,0.05892557,0.030303031,COAD,COAD,True
2648,4888,0.26726124,0.125,BRCA,BRCA,True
2649,730,0.10012524,0.014925373,SKCM,THCA,False
2650,956,0.23570228,0.1,GBMLGG,GBMLGG,True
2651,1419,0.18898225,0.06666667,BRCA,BRCA,True
2652,2742,0.08451542,0.04347826,KIRC,KIRC,True
2653,0,0.0,0.0,PRAD,KIPAN,False
2654,1359,0.05143445,0.02631579,HNSC,GBMLGG,False
2655,0,0.0,0.0,PRAD,KIPAN,False
2656,2727,0.056613855,0.02173913,LUAD,PAAD,False
2657,3038,0.05832118,0.029411765,KIPAN,THCA,False
2658,5959,0.13483997,0.06666667,BRCA,BRCA,True
2659,0,0.0,0.0,PRAD,KIPAN,False
2660,3494,1.0,1.0,KIPAN,KIRC,False
2661,1769,0.0338255,0.015625,PRAD,STES,False
2662,333,0.09128709,0.045454547,BRCA,LGG,False
2663,4676,0.109108955,0.023255814,STES,LAML,False
2664,1810,0.05913124,0.029411765,TGCT,ACC,False
2665,5369,1.0000001,1.0,KIPAN,KIRC,False
2666,0,0.0,0.0,LAML,KIPAN,False
2667,708,0.115662985,0.05882353,SKCM,KIPAN,False
2668,0,0.0,0.0,BRCA,KIPAN,False
2669,5917,0.20998026,0.11627907,ACC,ACC,True
2670,803,0.12500001,0.06666667,UCEC,UCEC,True
2671,5020,0.08164965,0.041666668,PAAD,PAAD,True
2672,2321,0.109108955,0.055555556,OV,GBMLGG,False
2673,1728,1.0,1.0,KIPAN,KIRC,False
2674,4398,0.03984095,0.02,KIPAN,KIPAN,True
2675,811,0.069337524,0.0048076925,SKCM,THCA,False
2676,1446,0.115470044,0.05263158,OV,BRCA,False
2677,574,0.15811388,0.07692308,BRCA,LGG,False
2678,3406,0.10206208,0.05263158,GBMLGG,LGG,False
2679,3481,0.11952286,0.0625,PAAD,PAAD,True
2680,811,0.5,0.25,THCA,THCA,True
2681,2272,0.024375748,0.0051282053,TGCT,LUAD,False
2682,5070,0.061545745,0.025,LIHC,UCEC,False
2683,4676,0.19611613,0.071428575,GBMLGG,LAML,False
2684,5222,0.99999994,1.0,KIPAN,KIRC,False
2685,2391,0.12909944,0.045454547,STES,OV,False
2686,4701,0.18257418,0.0625,LUSC,BRCA,False
2687,0,0.0,0.0,LAML,KIPAN,False
2688,1203,0.17407766,0.07692308,PRAD,PCPG,False
2689,0,0.0,0.0,PRAD,KIPAN,False
2690,4832,0.0805823,0.035714287,PAAD,PAAD,True
2691,2025,0.06454972,0.033333335,PAAD,PAAD,True
2692,1255,0.08908708,0.045454547,PAAD,PAAD,True
2693,1957,0.40824828,0.16666667,GBMLGG,OV,False
2694,2569,0.99999994,1.0,KIRC,KIPAN,False
2695,583,0.030556614,0.014084507,LIHC,LIHC,True
2696,5191,0.05954913,0.01923077,PAAD,COAD,False
2697,476,0.059761424,0.030303031,BRCA,GBMLGG,False
2698,0,0.0,0.0,BRCA,KIPAN,False
2699,848,0.11322771,0.035714287,COAD,SARC,False
2700,1405,0.01328735,0.0027100272,KIPAN,STES,False
2701,2352,0.13867505,0.0625,SARC,CESC,False
2702,1765,0.049147315,0.018518519,UCEC,UCEC,True
2703,1788,0.12909944,0.045454547,STES,OV,False
2704,0,0.0,0.0,SARC,KIPAN,False
2705,3725,0.0745356,0.03846154,BRCA,BRCA,True
2706,4721,0.1042572,0.021276595,STES,BRCA,False
2707,2309,0.01545981,0.00095328887,BRCA,BRCA,True
2708,0,0.0,0.0,THYM,KIPAN,False
2709,1550,0.038924947,0.019607844,LIHC,STES,False
2710,0,0.0,0.0,SARC,KIPAN,False
2711,4888,0.25000003,0.11111111,BRCA,BRCA,True
2712,5065,0.0727393,0.030303031,KIPAN,UCEC,False
2713,6156,0.007985957,0.00124533,BRCA,COAD,False
2714,0,0.0,0.0,SKCM,KIPAN,False
2715,811,0.40824828,0.16666667,THCA,THCA,True
2716,2733,0.9999999,1.0,KIRC,KIPAN,False
2717,0,0.0,0.0,BRCA,KIPAN,False
2718,3463,0.14433756,0.055555556,UCEC,KIRC,False
2719,290,1.0000001,1.0,LGG,GBMLGG,False
2720,4397,1.0,1.0,KIRC,KIPAN,False
2721,2027,0.050062615,0.025641026,KIPAN,TGCT,False
2722,71,0.005463095,0.0006476684,KIPAN,UCEC,False
2723,3734,0.019920478,0.00952381,BLCA,LUAD,False
2724,5838,0.019611614,0.008,SKCM,SKCM,True
2725,3735,0.0076559265,0.002444988,CESC,SKCM,False
2726,4888,0.14142136,0.03846154,LIHC,BRCA,False
2727,5829,0.10206208,0.05263158,PAAD,COAD,False
2728,0,0.0,0.0,BRCA,KIPAN,False
2729,0,0.0,0.0,BRCA,KIPAN,False
2730,2926,1.0,1.0,GBMLGG,LGG,False
2731,811,0.16012816,0.025641026,SKCM,THCA,False
2732,3364,0.023870496,0.010989011,LUSC,COAD,False
2733,2716,0.9999999,1.0,KIPAN,KIRC,False
2734,1264,0.04950738,0.022222223,STES,COAD,False
2735,496,0.08804509,0.022222223,STES,UCEC,False
2736,3782,0.99999994,1.0,GBMLGG,LGG,False
2737,1356,0.3779645,0.14285715,LAML,LAML,True
2738,1205,0.014887283,0.0033670033,LUSC,BRCA,False
2739,5407,0.18257418,0.1,PCPG,THCA,False
2740,4676,0.20412415,0.07692308,UCEC,LAML,False
2741,0,0.0,0.0,BRCA,KIPAN,False
2742,5422,0.99999994,1.0,KIRC,KIPAN,False
2743,5571,0.06250001,0.025641026,COAD,UCEC,False
2744,4676,0.16222142,0.05,HNSC,LAML,False
2745,4898,1.0,1.0,KIRC,KIPAN,False
2746,527,0.07453559,0.035714287,BRCA,BRCA,True
2747,5268,0.14142136,0.071428575,BRCA,BRCA,True
2748,702,0.045643546,0.01754386,LUAD,GBMLGG,False
2749,2548,1.0,1.0,GBMLGG,LGG,False
2750,1033,0.069337524,0.035714287,HNSC,GBMLGG,False
2751,811,0.31622776,0.1,LUAD,THCA,False
2752,0,0.0,0.0,THYM,KIPAN,False
2753,811,1.0,1.0,THCA,THCA,True
2754,0,0.0,0.0,THYM,KIPAN,False
2755,4556,1.0,1.0,KIRC,KIPAN,False
2756,0,0.0,0.0,PRAD,KIPAN,False
2757,3993,0.05330018,0.010989011,STES,GBMLGG,False
2758,1556,0.015089292,0.0038314175,TGCT,HNSC,False
2759,4649,0.018878007,0.009433962,LUSC,STES,False
2760,0,0.0,0.0,BRCA,KIPAN,False
2761,5656,1.0,1.0,LGG,GBMLGG,False
2762,442,0.009534625,0.004784689,SKCM,SKCM,True
2763,848,0.21821791,0.11111111,GBMLGG,SARC,False
2764,5614,0.12403473,0.05882353,GBMLGG,BRCA,False
2765,4137,0.016736548,0.007936508,STES,LUSC,False
2766,1957,0.21821788,0.04761905,OV,OV,True
2767,2978,0.99999994,1.0,KIRC,KIPAN,False
2768,811,0.16439898,0.027027028,SKCM,THCA,False
2769,5191,0.054073807,0.016129032,STES,COAD,False
2770,0,0.0,0.0,THYM,KIPAN,False
2771,5853,0.013252299,0.0040983604,KIPAN,SKCM,False
2772,2261,0.2236068,0.125,CESC,PCPG,False
2773,0,0.0,0.0,SARC,KIPAN,False
2774,1173,0.028676966,0.010989011,LIHC,STES,False
2775,4701,0.1042572,0.021276595,CESC,BRCA,False
2776,0,0.0,0.0,THYM,KIPAN,False
2777,5454,0.094280906,0.048780486,ACC,ACC,True
2778,0,0.0,0.0,THCA,KIPAN,False
2779,1957,0.35355338,0.125,BRCA,OV,False
2780,5815,0.08164965,0.041666668,CESC,HNSC,False
2781,0,0.0,0.0,KIPAN,KIPAN,True
2782,4051,0.05892557,0.0068965517,UCEC,LGG,False
2783,480,0.07715168,0.022222223,STES,OV,False
2784,2425,0.061545745,0.030303031,OV,OV,True
2785,3718,0.015891043,0.007575758,LUSC,STES,False
2786,1684,0.07856742,0.03846154,COAD,LGG,False
2787,6052,0.13363062,0.071428575,SARC,THCA,False
2788,6018,0.10050378,0.05263158,OV,GBMLGG,False
2789,1031,1.0,1.0,KIPAN,KIRC,False
2790,4723,0.10910894,0.041666668,UCEC,SARC,False
2791,3512,0.061545745,0.014492754,LUSC,GBMLGG,False
2792,848,0.15430336,0.0625,GBMLGG,SARC,False
2793,3037,1.0000001,1.0,LGG,GBMLGG,False
2794,0,0.0,0.0,THYM,KIPAN,False
2795,2023,0.022541739,0.003003003,COAD,BRCA,False
2796,0,0.0,0.0,BRCA,KIPAN,False
2797,4212,0.06681531,0.028571429,SARC,GBMLGG,False
2798,4855,1.0,1.0,KIRC,KIPAN,False
2799,2142,0.99999994,1.0,KIRC,KIPAN,False
2800,2038,0.068041384,0.03448276,COAD,COAD,True
2801,848,0.12038585,0.04,STES,SARC,False
2802,0,0.0,0.0,UCEC,KIPAN,False
2803,4721,0.1714986,0.055555556,BRCA,BRCA,True
2804,0,0.0,0.0,GBMLGG,KIPAN,False
2805,4561,0.06299408,0.032258064,KIPAN,OV,False
2806,5841,1.0000001,1.0,LGG,GBMLGG,False
2807,2261,0.20412414,0.11111111,PCPG,PCPG,True
2808,915,0.08671099,0.04,TGCT,THCA,False
2809,373,1.0,1.0,KIRC,KIPAN,False
2810,5140,0.99999994,1.0,KIRC,KIPAN,False
2811,3039,0.14433756,0.06666667,PCPG,TGCT,False
2812,3289,0.037113477,0.013157895,LUSC,LUAD,False
2813,0,0.0,0.0,THCA,KIPAN,False
2814,1612,0.02916059,0.013888889,DLBC,HNSC,False
2815,4110,1.0,1.0,GBMLGG,LGG,False
2816,5433,1.0,1.0,KIPAN,KIPAN,True
2817,3536,0.40824828,0.16666667,LAML,LAML,True
2818,1044,0.0059528025,0.002074689,LUAD,SKCM,False
2819,2878,0.056980282,0.028571429,KIPAN,KIPAN,True
2820,0,0.0,0.0,LUAD,KIPAN,False
2821,3014,1.0000001,1.0,LGG,GBMLGG,False
2822,1260,0.04287465,0.013333334,UCEC,BRCA,False
2823,0,0.0,0.0,LUSC,KIPAN,False
2824,0,0.0,0.0,PRAD,KIPAN,False
2825,4,0.045834925,0.021276595,PAAD,GBMLGG,False
2826,0,0.0,0.0,PRAD,KIPAN,False
2827,5938,0.044151083,0.015384615,LUSC,PAAD,False
2828,507,1.0,1.0,GBMLGG,LGG,False
2829,2272,0.01254122,0.0045454544,LUAD,LUAD,True
2830,0,0.0,0.0,LIHC,KIPAN,False
2831,0,0.0,0.0,THCA,KIPAN,False
2832,4698,0.057735022,0.025641026,BRCA,SKCM,False
2833,0,0.0,0.0,BRCA,KIPAN,False
2834,4888,0.25000003,0.11111111,BRCA,BRCA,True
2835,4888,0.15811388,0.04761905,BRCA,BRCA,True
2836,159,0.18257418,0.1,PRAD,BRCA,False
2837,0,0.0,0.0,LUAD,KIPAN,False
2838,811,0.5,0.25,THCA,THCA,True
2839,1402,0.03940552,0.0060975607,SKCM,LAML,False
2840,0,0.0,0.0,PRAD,KIPAN,False
2841,5819,0.056613855,0.027027028,SKCM,SKCM,True
2842,2237,0.08703883,0.045454547,OV,BRCA,False
2843,1215,0.0531494,0.015625,THYM,CESC,False
2844,4701,0.08980265,0.015873017,HNSC,BRCA,False
2845,152,0.050251894,0.025641026,COAD,LIHC,False
2846,3463,0.026546594,0.002105263,UCEC,KIRC,False
2847,436,0.08451542,0.04347826,KIPAN,TGCT,False
2848,1335,0.05163978,0.007874016,BLCA,PCPG,False
2849,4888,0.12909944,0.032258064,HNSC,BRCA,False
2850,535,1.0,1.0,KIPAN,KIRC,False
2851,0,0.0,0.0,THCA,KIPAN,False
2852,4123,1.0,1.0,GBMLGG,LGG,False
2853,453,1.0,1.0,KIRC,KIPAN,False
2854,1502,0.007020008,0.00058754405,KIPAN,COAD,False
2855,0,0.0,0.0,BRCA,KIPAN,False
2856,4721,0.059339087,0.006993007,HNSC,BRCA,False
2857,4789,1.0000001,1.0,KIRC,KIPAN,False
2858,1077,0.1118034,0.05,SARC,SARC,True
2859,811,0.35355338,0.125,THCA,THCA,True
2860,3993,0.06741999,0.01724138,STES,GBMLGG,False
2861,0,0.0,0.0,PRAD,KIPAN,False
2862,1346,0.07216878,0.019607844,STES,PRAD,False
2863,0,0.0,0.0,TGCT,KIPAN,False
2864,5881,0.052414246,0.01724138,THYM,SKCM,False
2865,5441,1.0,1.0,KIRC,KIPAN,False
2866,1300,1.0,1.0,KIPAN,KIRC,False
2867,0,0.0,0.0,BLCA,KIPAN,False
2868,631,1.0000001,1.0,KIPAN,KIRC,False
2869,811,0.40824828,0.16666667,THCA,THCA,True
2870,6185,0.07453559,0.028571429,BRCA,BRCA,True
2871,509,0.15430336,0.045454547,COAD,THCA,False
2872,811,0.13736056,0.018867925,SKCM,THCA,False
2873,2447,0.4082483,0.25,THCA,THCA,True
2874,121,1.0,1.0,GBMLGG,LGG,False
2875,1402,0.04508348,0.007936508,SKCM,LAML,False
2876,2300,0.06804138,0.024390243,HNSC,THCA,False
2877,0,0.0,0.0,HNSC,KIPAN,False
2878,4140,1.0,1.0,KIPAN,KIRC,False
2879,2964,0.03419928,0.014084507,GBMLGG,LUSC,False
2880,4606,0.6201737,0.4347826,TGCT,TGCT,True
2881,1945,0.03698634,0.016949153,TGCT,HNSC,False
2882,3679,0.00916429,0.0017035775,LUAD,CESC,False
2883,285,0.1118034,0.05,PCPG,KIPAN,False
2884,121,0.14002801,0.05263158,STES,LGG,False
2885,5559,0.01650246,0.008196721,STES,LUAD,False
2886,694,0.02328101,0.00729927,SKCM,SKCM,True
2887,0,0.0,0.0,PRAD,KIPAN,False
2888,3708,0.053452246,0.022727273,LIHC,COAD,False
2889,1991,0.049568158,0.021276595,COAD,GBMLGG,False
2890,1277,0.041885387,0.020833334,OV,SARC,False
2891,43,1.0,1.0,LGG,GBMLGG,False
2892,121,0.085125655,0.020833334,STES,LGG,False
2893,835,0.9999999,1.0,KIRC,KIPAN,False
2894,5439,0.025125945,0.012658228,BLCA,LUAD,False
2895,4738,1.0,1.0,KIRC,KIPAN,False
2896,2192,0.99999994,1.0,KIRC,KIPAN,False
2897,0,0.0,0.0,LIHC,KIPAN,False
2898,811,1.0,1.0,THCA,THCA,True
2899,1641,0.05698029,0.02,COAD,STES,False
2900,4888,0.4082483,0.25,BRCA,BRCA,True
2901,3186,1.0,1.0,GBMLGG,LGG,False
2902,2686,0.04134491,0.018867925,BLCA,LUSC,False
2903,4337,0.018380364,0.00862069,LUAD,STES,False
2904,5866,0.0710669,0.02631579,LIHC,UCEC,False
2905,742,0.039840955,0.017857144,PAAD,LUSC,False
2906,356,0.04397995,0.01754386,OV,LUAD,False
2907,0,0.0,0.0,GBMLGG,KIPAN,False
2908,811,0.3779645,0.14285715,THCA,THCA,True
2909,4737,1.0,1.0,KIRC,KIPAN,False
2910,3567,0.010887587,0.0021645022,KIPAN,COAD,False
2911,725,0.10910894,0.041666668,LUSC,OV,False
2912,0,0.0,0.0,CESC,KIPAN,False
2913,4701,0.109108955,0.023255814,LUAD,BRCA,False
2914,5218,0.03335187,0.016949153,STES,STES,True
2915,5338,0.061898444,0.027027028,COAD,COAD,True
2916,381,1.0000001,1.0,LGG,GBMLGG,False
2917,811,0.4472136,0.2,THCA,THCA,True
2918,0,0.0,0.0,PRAD,KIPAN,False
2919,3446,0.029880712,0.010752688,SKCM,BRCA,False
2920,4474,0.16265002,0.0877193,ACC,ACC,True
2921,2915,0.04794633,0.023255814,LIHC,COAD,False
2922,681,0.017243944,0.008695652,LUAD,LUSC,False
2923,5008,0.033903174,0.013888889,COAD,STES,False
2924,1611,1.0,1.0,LGG,GBMLGG,False
2925,228,1.0,1.0,LGG,GBMLGG,False
2926,2730,1.0,1.0,LGG,GBMLGG,False
2927,4896,0.023357091,0.011764706,CESC,CESC,True
2928,1094,1.0,1.0,LGG,GBMLGG,False
2929,0,0.0,0.0,PRAD,KIPAN,False
2930,1949,1.0,1.0,LGG,GBMLGG,False
2931,1572,0.068041384,0.029411765,GBMLGG,COAD,False
2932,5312,0.12909944,0.045454547,UCEC,UCEC,True
2933,1371,0.31622776,0.16666667,THYM,GBMLGG,False
2934,548,0.36514837,0.22222222,LGG,LGG,True
2935,5044,0.11547006,0.037037037,LUAD,PCPG,False
2936,1286,0.35355338,0.125,PCPG,PCPG,True
2937,0,0.0,0.0,BRCA,KIPAN,False
2938,2228,0.057353932,0.029411765,BRCA,BRCA,True
2939,811,0.1490712,0.022222223,SKCM,THCA,False
2940,0,0.0,0.0,HNSC,KIPAN,False
2941,3502,0.05455447,0.027777778,TGCT,KIRC,False
2942,2534,0.024361277,0.0029325513,STES,BRCA,False
2943,0,0.0,0.0,THCA,KIPAN,False
2944,0,0.0,0.0,KIPAN,KIPAN,True
2945,1325,0.03526728,0.007194245,THYM,UCEC,False
2946,956,0.2236068,0.09090909,LGG,GBMLGG,False
2947,1715,0.06482037,0.033333335,STES,COAD,False
2948,5205,0.06741998,0.032258064,BRCA,COAD,False
2949,333,0.06681531,0.028571429,HNSC,LGG,False
2950,2033,0.09128709,0.045454547,UCEC,UCEC,True
2951,3522,1.0,1.0,GBMLGG,LGG,False
2952,4635,1.0000001,1.0,KIRC,KIPAN,False
2953,0,0.0,0.0,SARC,KIPAN,False
2954,5150,1.0000001,1.0,KIPAN,KIRC,False
2955,5571,0.0857493,0.041666668,BRCA,UCEC,False
2956,1669,1.0,1.0,LAML,LAML,True
2957,5166,0.02171861,0.008,LUSC,STES,False
2958,516,0.018024601,0.0028571428,CESC,SARC,False
2959,0,0.0,0.0,THCA,KIPAN,False
2960,3738,1.0,1.0,KIPAN,KIRC,False
2961,811,0.15430336,0.023809524,SKCM,THCA,False
2962,1154,0.115470044,0.013333334,BLCA,PCPG,False
2963,6125,1.0,1.0,GBMLGG,LGG,False
2964,2879,0.03419928,0.014084507,LUSC,GBMLGG,False
2965,403,0.1,0.041666668,BRCA,BRCA,True
2966,1166,0.060192924,0.010638298,LUAD,OV,False
2967,689,0.052704625,0.024390243,KIPAN,KIPAN,True
2968,0,0.0,0.0,KIRC,KIPAN,False
2969,5861,0.020874143,0.005988024,BLCA,STES,False
2970,3913,0.017471416,0.0035211267,SKCM,OV,False
2971,1799,1.0000001,1.0,KIPAN,KIRC,False
2972,0,0.0,0.0,THCA,KIPAN,False
2973,4165,0.15430334,0.083333336,ACC,ACC,True
2974,4888,0.10540926,0.02173913,HNSC,BRCA,False
2975,5241,0.07881104,0.03448276,OV,BRCA,False
2976,4721,0.25000003,0.11111111,BRCA,BRCA,True
2977,4721,0.21320072,0.083333336,BRCA,BRCA,True
2978,2767,0.99999994,1.0,KIPAN,KIRC,False
2979,3266,0.042796046,0.02173913,STES,KIRC,False
2980,811,0.4472136,0.2,THCA,THCA,True
2981,4079,1.0,1.0,KIPAN,KIRC,False
2982,4721,0.20412415,0.07692308,BRCA,BRCA,True
2983,2111,0.08164965,0.041666668,TGCT,CESC,False
2984,4335,0.013483997,0.0053859963,COAD,COAD,True
2985,5075,0.07412493,0.03846154,CESC,BRCA,False
2986,5102,0.034139436,0.01724138,CESC,UCEC,False
2987,1148,0.03311331,0.016393442,STES,COAD,False
2988,4670,0.024845202,0.008196721,LUAD,KIRC,False
2989,811,0.40824828,0.16666667,THCA,THCA,True
2990,5123,0.08908708,0.03846154,GBMLGG,GBMLGG,True
2991,4676,0.2236068,0.09090909,HNSC,LAML,False
2992,4051,0.28867513,0.14285715,BRCA,LGG,False
2993,3993,0.13363062,0.05882353,COAD,GBMLGG,False
2994,1680,0.12126782,0.05,GBMLGG,THCA,False
2995,0,0.0,0.0,BRCA,KIPAN,False
2996,811,0.088735655,0.007874016,COAD,THCA,False
2997,496,0.23570225,0.125,BRCA,UCEC,False
2998,6083,0.10910894,0.05263158,BRCA,BRCA,True
2999,4888,0.024140228,0.0011641444,STES,BRCA,False
3000,0,0.0,0.0,PRAD,KIPAN,False
3001,496,0.13608277,0.05,UCEC,UCEC,True
3002,0,0.0,0.0,LIHC,KIPAN,False
3003,4676,0.19611613,0.071428575,PAAD,LAML,False
3004,3030,0.99999994,1.0,KIRC,KIPAN,False
3005,0,0.0,0.0,PCPG,KIPAN,False
3006,5280,0.07216878,0.027027028,KIPAN,KIPAN,True
3007,5501,0.05184759,0.023809524,PRAD,PRAD,True
3008,3447,0.09166986,0.04347826,UCEC,OV,False
3009,956,0.28867513,0.14285715,GBMLGG,GBMLGG,True
3010,2671,0.054232616,0.023255814,LIHC,PAAD,False
3011,121,0.089087084,0.022727273,STES,LGG,False
3012,4098,0.0129782595,0.0005047956,THCA,UCEC,False
3013,0,0.0,0.0,BRCA,KIPAN,False
3014,2821,1.0000001,1.0,GBMLGG,LGG,False
3015,1369,0.004714988,0.00019976028,STES,SKCM,False
3016,0,0.0,0.0,THCA,KIPAN,False
3017,5397,0.009545914,0.0026041667,BRCA,CESC,False
3018,156,0.12403473,0.05882353,BRCA,KIPAN,False
3019,3822,0.01836796,0.004166667,SKCM,SKCM,True
3020,5979,1.0,1.0,KIRC,KIPAN,False
3021,404,0.054554477,0.025641026,BRCA,SKCM,False
3022,0,0.0,0.0,SARC,KIPAN,False
3023,5928,0.99999994,1.0,GBMLGG,LGG,False
3024,1731,1.0,1.0,KIPAN,KIRC,False
3025,5008,0.051639777,0.025641026,STES,STES,True
3026,5346,0.023973163,0.011494253,LUAD,BRCA,False
3027,5870,0.99999994,1.0,GBMLGG,LGG,False
3028,1119,0.09901476,0.027777778,BRCA,BRCA,True
3029,1800,0.03450328,0.012345679,LUAD,LUSC,False
3030,3004,0.99999994,1.0,KIPAN,KIRC,False
3031,2933,0.10783278,0.022727273,BRCA,THYM,False
3032,3285,0.10206208,0.05263158,OV,GBMLGG,False
3033,3500,0.043355495,0.02173913,GBMLGG,SKCM,False
3034,5290,0.99999994,1.0,KIRC,KIPAN,False
3035,0,0.0,0.0,SKCM,KIPAN,False
3036,3940,0.06063391,0.03125,SKCM,OV,False
3037,2793,1.0000001,1.0,GBMLGG,LGG,False
3038,811,0.26726124,0.071428575,THCA,THCA,True
3039,2811,0.14433756,0.06666667,TGCT,PCPG,False
3040,157,1.0,1.0,LGG,GBMLGG,False
3041,4701,0.26726124,0.125,BRCA,BRCA,True
3042,0,0.0,0.0,STES,KIPAN,False
3043,3744,0.99999994,1.0,KIRC,KIPAN,False
3044,4478,0.10259783,0.04347826,PAAD,PAAD,True
3045,2565,1.0,1.0,KIPAN,KIRC,False
3046,533,0.08247861,0.037037037,STES,PAAD,False
3047,333,0.07715168,0.035714287,STES,LGG,False
3048,4338,0.4472136,0.2,LAML,LAML,True
3049,0,0.0,0.0,PCPG,KIPAN,False
3050,0,0.0,0.0,GBMLGG,KIPAN,False
3051,5851,0.028306928,0.01369863,HNSC,BRCA,False
3052,1343,0.037904903,0.014492754,KIRC,LUSC,False
3053,5305,0.048911598,0.025,UCEC,STES,False
3054,0,0.0,0.0,BRCA,KIPAN,False
3055,0,0.0,0.0,THCA,KIPAN,False
3056,4050,1.0,1.0,GBMLGG,LGG,False
3057,4949,0.06741998,0.032258064,KIRC,BRCA,False
3058,78,0.013961798,0.0058139535,STES,SKCM,False
3059,2720,0.2773501,0.07692308,KIRC,KIRC,True
3060,0,0.0,0.0,GBMLGG,KIPAN,False
3061,657,0.05954913,0.01923077,STES,SARC,False
3062,4891,0.99999994,1.0,GBMLGG,LGG,False
3063,4888,0.033786867,0.0022779044,STES,BRCA,False
3064,1371,1.0,1.0,LGG,GBMLGG,False
3065,4283,0.021693047,0.0070921984,CESC,SKCM,False
3066,3225,1.0,1.0,LGG,GBMLGG,False
3067,4919,0.023789302,0.009009009,SKCM,COAD,False
3068,638,1.0,1.0,GBMLGG,LGG,False
3069,4701,0.050898664,0.005154639,BLCA,BRCA,False
3070,0,0.0,0.0,PRAD,KIPAN,False
3071,5785,0.0140580395,0.0036764706,BRCA,SKCM,False
3072,3692,0.03436041,0.007874016,THCA,STES,False
3073,937,0.03779645,0.009433962,COAD,THYM,False
3074,1020,0.029934218,0.015151516,BLCA,CESC,False
3075,4029,0.05913124,0.027777778,COAD,LGG,False
3076,3178,1.0000001,1.0,GBMLGG,LGG,False
3077,268,0.06537205,0.033333335,HNSC,PAAD,False
3078,2133,0.0114227915,0.0020242915,SKCM,GBMLGG,False
3079,749,0.05096472,0.016393442,STES,BRCA,False
3080,1669,1.0,1.0,LAML,LAML,True
3081,365,0.15075567,0.022727273,STES,KIPAN,False
3082,0,0.0,0.0,PRAD,KIPAN,False
3083,2334,0.07312724,0.037037037,GBMLGG,GBMLGG,True
3084,4701,0.11624764,0.02631579,CESC,BRCA,False
3085,4850,0.16666667,0.08695652,LUAD,GBMLGG,False
3086,5191,0.12909944,0.06666667,UCEC,COAD,False
3087,811,0.19611613,0.03846154,THCA,THCA,True
3088,3289,0.032897584,0.010638298,LUSC,LUAD,False
3089,0,0.0,0.0,PRAD,KIPAN,False
3090,963,0.031311214,0.0048076925,STES,SKCM,False
3091,3765,0.01970276,0.0074626864,LIHC,LUSC,False
3092,4721,0.057543535,0.0065789474,BRCA,BRCA,True
3093,0,0.0,0.0,GBMLGG,KIPAN,False
3094,3570,0.99999994,1.0,KIRC,KIPAN,False
3095,4641,0.051298916,0.0125,STES,OV,False
3096,114,0.020261023,0.0028248588,STES,PRAD,False
3097,1405,0.010228607,0.002631579,CESC,STES,False
3098,2214,1.0000001,1.0,KIRC,KIPAN,False
3099,0,0.0,0.0,LAML,KIPAN,False
3100,0,0.0,0.0,BRCA,KIPAN,False
3101,4474,0.13710213,0.073529415,ACC,ACC,True
3102,1669,0.5,0.25,LAML,LAML,True
3103,1868,0.044856135,0.012987013,LUSC,GBMLGG,False
3104,0,0.0,0.0,PAAD,KIPAN,False
3105,1253,0.01579166,0.0024390244,SARC,COAD,False
3106,2191,0.04845016,0.0069444445,UCEC,PRAD,False
3107,5100,0.09901475,0.045454547,UCEC,UCEC,True
3108,0,0.0,0.0,LAML,KIPAN,False
3109,5927,0.085125655,0.020833334,LUSC,PCPG,False
3110,4458,0.15430336,0.0625,PAAD,PCPG,False
3111,958,0.03300492,0.014285714,LUSC,GBMLGG,False
3112,1107,0.041099746,0.012345679,UCEC,LAML,False
3113,5742,0.3649002,0.21875,TGCT,TGCT,True
3114,936,0.03940552,0.016949153,HNSC,BRCA,False
3115,187,0.044992123,0.022727273,GBMLGG,CESC,False
3116,2651,0.026997462,0.009009009,LUSC,BRCA,False
3117,0,0.0,0.0,BRCA,KIPAN,False
3118,4821,0.03904344,0.011235955,LUSC,HNSC,False
3119,1414,0.10540925,0.055555556,BRCA,UCEC,False
3120,5456,0.052704625,0.024390243,BRCA,KIPAN,False
3121,1349,0.0877058,0.045454547,HNSC,BLCA,False
3122,811,0.57735026,0.33333334,THCA,THCA,True
3123,1983,0.056343615,0.023255814,KIPAN,BRCA,False
3124,0,0.0,0.0,PCPG,KIPAN,False
3125,5853,0.022524578,0.004405286,UCEC,SKCM,False
3126,4359,0.04938648,0.02,LUAD,OV,False
3127,0,0.0,0.0,THCA,KIPAN,False
3128,1704,0.047140453,0.023809524,STES,THYM,False
3129,4567,0.05345225,0.013513514,SKCM,SKCM,True
3130,6087,0.047836483,0.024390243,GBMLGG,GBMLGG,True
3131,803,0.06681531,0.028571429,COAD,UCEC,False
3132,4795,0.044543542,0.0039525693,CESC,PCPG,False
3133,1362,0.017039955,0.002008032,PRAD,SKCM,False
3134,3822,0.06362847,0.032258064,BRCA,SKCM,False
3135,1906,0.014997376,0.0051020407,OV,BRCA,False
3136,1656,0.0877058,0.033333335,LIHC,OV,False
3137,3430,0.04536092,0.011627907,LUSC,OV,False
3138,2705,0.060192924,0.029411765,COAD,BRCA,False
3139,811,0.08481889,0.007194245,SKCM,THCA,False
3140,5524,0.050251894,0.025641026,LIHC,KIRC,False
3141,4721,0.2236068,0.09090909,BRCA,BRCA,True
3142,311,0.038633373,0.013157895,LUAD,SARC,False
3143,5278,0.053452246,0.02631579,KIRC,HNSC,False
3144,3501,0.069006555,0.027777778,STES,PAAD,False
3145,4888,0.16222142,0.05,BRCA,BRCA,True
3146,5800,0.05270463,0.027027028,TGCT,TGCT,True
3147,648,0.08908708,0.045454547,BRCA,SARC,False
3148,0,0.0,0.0,PCPG,KIPAN,False
3149,2408,1.0,1.0,KIPAN,KIRC,False
3150,5101,0.0372678,0.014084507,KIPAN,SARC,False
3151,0,0.0,0.0,BRCA,KIPAN,False
3152,3455,0.017699808,0.008928572,STES,BLCA,False
3153,4721,0.21320072,0.083333336,UCEC,BRCA,False
3154,121,0.0751646,0.016393442,STES,LGG,False
3155,480,0.12126782,0.05,UCEC,OV,False
3156,0,0.0,0.0,LIHC,KIPAN,False
3157,5534,0.025819888,0.012658228,HNSC,STES,False
3158,0,0.0,0.0,SARC,KIPAN,False
3159,1933,0.07905694,0.027777778,PAAD,LGG,False
3160,1329,0.04307305,0.016949153,LUSC,TGCT,False
3161,0,0.0,0.0,PRAD,KIPAN,False
3162,2595,0.04494666,0.018181818,SKCM,KIPAN,False
3163,1119,0.0949158,0.025641026,BRCA,BRCA,True
3164,4721,0.13130644,0.033333335,CESC,BRCA,False
3165,2847,0.051987525,0.02173913,LUSC,KIPAN,False
3166,2248,0.09128709,0.030303031,KIRC,BRCA,False
3167,31,0.055555556,0.022727273,KIPAN,GBMLGG,False
3168,5614,0.11952285,0.055555556,BRCA,BRCA,True
3169,564,0.035399616,0.014285714,DLBC,DLBC,True
3170,0,0.0,0.0,BRCA,KIPAN,False
3171,5155,0.11624764,0.02631579,COAD,LAML,False
3172,2249,0.069337524,0.035714287,GBMLGG,GBMLGG,True
3173,4043,0.07216878,0.037037037,TGCT,TGCT,True
3174,811,0.40824828,0.16666667,THCA,THCA,True
3175,121,0.109108955,0.033333335,HNSC,LGG,False
3176,657,0.06454972,0.022222223,HNSC,SARC,False
3177,418,0.044499416,0.00952381,HNSC,PCPG,False
3178,3076,1.0000001,1.0,LGG,GBMLGG,False
3179,642,0.017352639,0.0026525198,SKCM,KIPAN,False
3180,5271,0.068041384,0.029411765,GBMLGG,KIPAN,False
3181,656,0.05,0.025,KIPAN,ACC,False
3182,5191,0.0671156,0.023809524,BRCA,COAD,False
3183,811,0.31622776,0.1,SKCM,THCA,False
3184,1635,0.057928447,0.006666667,LAML,SARC,False
3185,1684,1.0,1.0,GBMLGG,LGG,False
3186,2901,1.0,1.0,LGG,GBMLGG,False
3187,811,0.06851887,0.0046948357,SKCM,THCA,False
3188,1638,0.13608275,0.071428575,PRAD,KIRC,False
3189,4318,0.050062615,0.025641026,STES,COAD,False
3190,0,0.0,0.0,LIHC,KIPAN,False
3191,811,0.17407766,0.030303031,SKCM,THCA,False
3192,4984,0.0050415113,0.00040420372,SKCM,UCEC,False
3193,494,0.025641026,0.007751938,COAD,CESC,False
3194,1768,0.07392213,0.015873017,PCPG,STES,False
3195,4721,0.1118034,0.024390243,STES,BRCA,False
3196,5191,0.037267797,0.008,STES,COAD,False
3197,225,0.0860663,0.04347826,CESC,KIPAN,False
3198,4721,0.08111071,0.012987013,CESC,BRCA,False
3199,4721,0.11470787,0.025641026,COAD,BRCA,False
3200,5051,0.094491124,0.032258064,SARC,HNSC,False
3201,811,0.12803687,0.016393442,SKCM,THCA,False
3202,121,0.18257418,0.083333336,GBMLGG,LGG,False
3203,26,0.08333333,0.03448276,GBMLGG,BRCA,False
3204,1957,0.15811388,0.025,PAAD,OV,False
3205,1223,0.08058229,0.041666668,GBMLGG,GBMLGG,True
3206,0,0.0,0.0,PRAD,KIPAN,False
3207,3399,0.050507627,0.00990099,LUSC,THCA,False
3208,4701,0.23570228,0.1,BRCA,BRCA,True
3209,271,0.06299408,0.021276595,STES,KIPAN,False
3210,0,0.0,0.0,PRAD,KIPAN,False
3211,0,0.0,0.0,THCA,KIPAN,False
3212,5429,0.1271926,0.06451613,ACC,ACC,True
3213,331,0.0745356,0.010989011,LUSC,LAML,False
3214,4299,0.052704625,0.02631579,KIPAN,ACC,False
3215,811,0.5,0.25,THCA,THCA,True
3216,4721,0.094491124,0.01754386,LUSC,BRCA,False
3217,3415,0.02777778,0.008403362,STES,SKCM,False
3218,2495,0.08451543,0.03125,BRCA,ACC,False
3219,0,0.0,0.0,PRAD,KIPAN,False
3220,865,0.10206207,0.04761905,OV,SARC,False
3221,0,0.0,0.0,LGG,KIPAN,False
3222,1320,1.0,1.0,LGG,GBMLGG,False
3223,0,0.0,0.0,OV,KIPAN,False
3224,2934,0.24806947,0.125,GBMLGG,LGG,False
3225,3066,1.0,1.0,GBMLGG,LGG,False
3226,1780,0.12126782,0.05,BRCA,BRCA,True
3227,5575,0.00984231,0.002754821,KIPAN,STES,False
3228,4888,0.18257418,0.0625,BRCA,BRCA,True
3229,1369,0.0057746577,0.00019988007,SARC,SKCM,False
3230,4311,0.012030742,0.005181347,BLCA,PAAD,False
3231,6050,0.06085806,0.03125,GBMLGG,LGG,False
3232,886,0.058722023,0.016129032,STES,KIRC,False
3233,3111,0.020515248,0.010309278,STES,LUSC,False
3234,4676,0.18257418,0.0625,UCEC,LAML,False
3235,0,0.0,0.0,CESC,KIPAN,False
3236,2321,1.0000001,1.0,LGG,GBMLGG,False
3237,2259,0.042257715,0.012987013,LUSC,SARC,False
3238,2670,0.10660036,0.055555556,GBMLGG,UCEC,False
3239,4701,0.12909944,0.032258064,CESC,BRCA,False
3240,4888,0.07761506,0.011904762,UCEC,BRCA,False
3241,0,0.0,0.0,BRCA,KIPAN,False
3242,4708,0.07216878,0.037037037,LIHC,GBMLGG,False
3243,611,0.011440719,0.004347826,CESC,SKCM,False
3244,333,0.07372098,0.033333335,COAD,LGG,False
3245,5921,0.07856742,0.03846154,BRCA,COAD,False
3246,6149,0.056343615,0.009345794,UCEC,THCA,False
3247,2074,1.0000001,1.0,KIPAN,KIRC,False
3248,1789,0.0059122974,0.00020951184,CESC,PAAD,False
3249,4616,0.08451543,0.014084507,LUSC,THYM,False
3250,0,0.0,0.0,PCPG,KIPAN,False
3251,0,0.0,0.0,BRCA,KIPAN,False
3252,4757,0.005162326,0.0003186743,SARC,UCEC,False
3253,811,0.11624764,0.013513514,SKCM,THCA,False
3254,811,0.35355338,0.125,THCA,THCA,True
3255,811,0.4472136,0.2,THCA,THCA,True
3256,811,1.0,1.0,LGG,THCA,False
3257,694,0.023973165,0.0076923077,SKCM,SKCM,True
3258,0,0.0,0.0,THYM,KIPAN,False
3259,890,0.22292542,0.125,ACC,ACC,True
3260,4721,0.35355338,0.2,BRCA,BRCA,True
3261,121,0.05184759,0.007936508,HNSC,LGG,False
3262,4911,0.06681531,0.03448276,BRCA,BRCA,True
3263,0,0.0,0.0,SKCM,KIPAN,False
3264,601,0.0041072005,0.0006574622,STES,STES,True
3265,2168,1.0,1.0,KIRC,KIPAN,False
3266,3508,1.0,1.0,KIRC,KIPAN,False
3267,1373,0.077849895,0.04,UCEC,LUAD,False
3268,4051,0.23570228,0.1,CESC,LGG,False
3269,1248,0.015246312,0.00390625,KIPAN,STES,False
3270,1585,0.03427956,0.016949153,HNSC,TGCT,False
3271,0,0.0,0.0,SARC,KIPAN,False
3272,1360,1.0,1.0,GBMLGG,LGG,False
3273,2512,1.0000001,1.0,LGG,GBMLGG,False
3274,4033,1.0,1.0,LGG,GBMLGG,False
3275,811,0.4472136,0.2,THCA,THCA,True
3276,1605,0.19245009,0.09090909,OV,COAD,False
3277,2233,0.14433756,0.07692308,SARC,OV,False
3278,0,0.0,0.0,KIRC,KIPAN,False
3279,249,0.042333376,0.014285714,PRAD,SKCM,False
3280,501,0.025310375,0.0043668123,LUAD,STES,False
3281,0,0.0,0.0,SARC,KIPAN,False
3282,2634,0.99999994,1.0,KIPAN,KIRC,False
3283,4609,0.0805823,0.035714287,BRCA,BRCA,True
3284,647,0.13834289,0.071428575,UCEC,BRCA,False
3285,4803,1.0000001,1.0,GBMLGG,LGG,False
3286,4641,0.07254762,0.023809524,OV,OV,True
3287,5166,0.028867511,0.012658228,LUSC,STES,False
3288,0,0.0,0.0,SARC,KIPAN,False
3289,1036,0.08703883,0.045454547,LUAD,OV,False
3290,4098,0.0071084853,0.0005030181,SARC,UCEC,False
3291,5310,1.0,1.0,KIRC,KIPAN,False
3292,1314,0.06454972,0.030303031,COAD,BRCA,False
3293,2189,0.005906107,0.00041666668,BRCA,UCEC,False
3294,509,0.10783278,0.022727273,COAD,THCA,False
3295,0,0.0,0.0,CESC,KIPAN,False
3296,0,0.0,0.0,KIRC,KIPAN,False
3297,5191,0.093658574,0.041666668,BRCA,COAD,False
3298,2298,0.018442778,0.009259259,STES,BLCA,False
3299,4888,0.15430336,0.045454547,BRCA,BRCA,True
3300,4610,1.0000001,1.0,LGG,GBMLGG,False
3301,4531,0.13363062,0.05882353,BRCA,BRCA,True
3302,91,0.048112523,0.024390243,TGCT,KIPAN,False
3303,1411,0.02810497,0.0046296297,COAD,LAML,False
3304,0,0.0,0.0,LAML,KIPAN,False
3305,833,0.21320072,0.045454547,KIPAN,KIPAN,True
3306,330,0.99999994,1.0,KIRC,KIPAN,False
3307,0,0.0,0.0,SARC,KIPAN,False
3308,6156,0.008928572,0.0012515645,KIRC,COAD,False
3309,877,0.012275716,0.0017730496,BRCA,SKCM,False
3310,4929,0.06063391,0.03125,STES,KIPAN,False
3311,0,0.0,0.0,TGCT,KIPAN,False
3312,5489,0.08006408,0.041666668,UCEC,UCEC,True
3313,1851,0.99999994,1.0,KIPAN,KIRC,False
3314,4888,0.4082483,0.25,BRCA,BRCA,True
3315,811,0.10660036,0.011363637,SKCM,THCA,False
3316,4606,0.05,0.025641026,TGCT,TGCT,True
3317,1062,0.089087084,0.041666668,STES,GBMLGG,False
3318,6120,1.0,1.0,KIRC,KIPAN,False
3319,1929,0.18257418,0.0625,LAML,KIPAN,False
3320,918,0.12403473,0.036363635,BRCA,BRCA,True
3321,454,1.0,1.0,LGG,GBMLGG,False
3322,3993,0.05157106,0.010309278,STES,GBMLGG,False
3323,1294,0.03620243,0.008695652,HNSC,GBMLGG,False
3324,0,0.0,0.0,PCPG,KIPAN,False
3325,1721,0.10050379,0.028571429,PCPG,STES,False
3326,4888,0.18898225,0.06666667,BRCA,BRCA,True
3327,0,0.0,0.0,PAAD,KIPAN,False
3328,4721,0.15811388,0.04761905,BRCA,BRCA,True
3329,0,0.0,0.0,GBMLGG,KIPAN,False
3330,5044,0.12909944,0.045454547,KIPAN,PCPG,False
3331,0,0.0,0.0,PRAD,KIPAN,False
3332,4721,0.1714986,0.055555556,BRCA,BRCA,True
3333,5329,0.06666666,0.03448276,PRAD,ACC,False
3334,4888,0.1714986,0.055555556,BRCA,BRCA,True
3335,749,0.089087084,0.041666668,BRCA,BRCA,True
3336,4721,0.03394221,0.0022988506,STES,BRCA,False
3337,525,0.036961064,0.0040650405,PRAD,STES,False
3338,0,0.0,0.0,HNSC,KIPAN,False
3339,1441,1.0,1.0,GBMLGG,LGG,False
3340,624,0.077849895,0.04,GBMLGG,GBMLGG,True
3341,3981,0.023338001,0.011627907,LUSC,LUAD,False
3342,2145,0.07106691,0.033333335,PRAD,BRCA,False
3343,2620,1.0000001,1.0,LGG,GBMLGG,False
3344,0,0.0,0.0,PCPG,KIPAN,False
3345,3932,1.0,1.0,KIRC,KIPAN,False
3346,4701,0.13130644,0.033333335,HNSC,BRCA,False
3347,1422,0.050251894,0.022727273,BRCA,STES,False
3348,1153,0.05143445,0.025,COAD,GBMLGG,False
3349,3536,0.57735026,0.33333334,LAML,LAML,True
3350,5191,0.11785112,0.05882353,LGG,COAD,False
3351,0,0.0,0.0,THCA,KIPAN,False
3352,4288,0.023186943,0.0026595744,LAML,UCEC,False
3353,485,0.062257282,0.0076923077,UCEC,THCA,False
3354,0,0.0,0.0,PRAD,KIPAN,False
3355,1847,0.0877058,0.045454547,ACC,ACC,True
3356,4064,1.0,1.0,KIRC,KIPAN,False
3357,1933,0.2390457,0.11764706,GBMLGG,LGG,False
3358,3447,0.029695695,0.005952381,SKCM,OV,False
3359,5041,0.0076552536,0.0032467532,LUSC,DLBC,False
3360,4452,1.0,1.0,LGG,GBMLGG,False
3361,0,0.0,0.0,BRCA,KIPAN,False
3362,5123,0.11785112,0.05882353,GBMLGG,GBMLGG,True
3363,4334,0.12598816,0.06666667,PAAD,OV,False
3364,4701,0.13608277,0.035714287,COAD,BRCA,False
3365,3723,0.9999999,1.0,KIPAN,KIRC,False
3366,509,0.1118034,0.024390243,COAD,THCA,False
3367,2862,0.019462474,0.009803922,LUAD,STES,False
3368,365,0.18898225,0.035714287,HNSC,KIPAN,False
3369,0,0.0,0.0,PRAD,KIPAN,False
3370,4559,1.0000001,1.0,LGG,GBMLGG,False
3371,0,0.0,0.0,THCA,KIPAN,False
3372,36,0.061545745,0.025,SKCM,LGG,False
3373,2443,0.03857584,0.01754386,BRCA,LUAD,False
3374,1957,0.055384878,0.0030674846,STES,OV,False
3375,4701,0.07537784,0.011235955,HNSC,BRCA,False
3376,5198,1.0,1.0,GBMLGG,LGG,False
3377,0,0.0,0.0,PCPG,KIPAN,False
3378,2451,1.0,1.0,LGG,GBMLGG,False
3379,5142,0.18257418,0.083333336,BRCA,BRCA,True
3380,1411,0.07001401,0.025641026,COAD,LAML,False
3381,2472,0.083333336,0.04347826,KIRC,KIPAN,False
3382,2309,0.08451542,0.02631579,STES,BRCA,False
3383,0,0.0,0.0,THCA,KIPAN,False
3384,4646,0.03121953,0.013513514,DLBC,DLBC,True
3385,1029,0.056613855,0.02173913,LUAD,BRCA,False
3386,811,0.5,0.25,THCA,THCA,True
3387,0,0.0,0.0,PRAD,KIPAN,False
3388,811,0.4472136,0.2,THCA,THCA,True
3389,2204,1.0000001,1.0,GBMLGG,LGG,False
3390,5003,0.015168936,0.006849315,LUSC,LUAD,False
3391,5135,1.0,1.0,KIPAN,KIRC,False
3392,4451,1.0,1.0,KIRC,KIPAN,False
3393,0,0.0,0.0,LAML,KIPAN,False
3394,202,1.0,1.0,KIPAN,KIRC,False
3395,1619,1.0,1.0,GBMLGG,LGG,False
3396,642,0.015626907,0.0021598272,HNSC,KIPAN,False
3397,1277,0.043355495,0.02173913,OV,SARC,False
3398,811,0.57735026,0.33333334,THCA,THCA,True
3399,811,0.5,0.25,THCA,THCA,True
3400,3183,0.1,0.05263158,GBMLGG,SKCM,False
3401,2384,0.04173919,0.018518519,PAAD,LUSC,False
3402,5771,0.10540926,0.045454547,GBMLGG,PCPG,False
3403,811,0.70710677,0.5,THCA,THCA,True
3404,1933,0.29814237,0.16666667,GBMLGG,LGG,False
3405,2905,0.03481553,0.014492754,SKCM,PAAD,False
3406,5123,0.14433756,0.07692308,LGG,GBMLGG,False
3407,5054,0.017948953,0.0078125,BLCA,GBMLGG,False
3408,1828,0.024891336,0.003649635,KIPAN,SKCM,False
3409,403,0.1118034,0.05,CESC,BRCA,False
3410,1877,0.03149704,0.014705882,LIHC,BLCA,False
3411,0,0.0,0.0,GBMLGG,KIPAN,False
3412,2555,1.0,1.0,KIRC,KIPAN,False
3413,480,0.16666667,0.083333336,OV,OV,True
3414,5223,0.09805807,0.05,BRCA,GBMLGG,False
3415,10,0.039283708,0.0088495575,SKCM,STES,False
3416,4262,0.2236068,0.09090909,PRAD,PRAD,True
3417,4540,0.06579517,0.032258064,SARC,CESC,False
3418,121,0.17407766,0.07692308,OV,LGG,False
3419,6063,1.0,1.0,KIPAN,KIRC,False
3420,4676,0.13867505,0.037037037,OV,LAML,False
3421,5412,1.0,1.0,KIRC,KIPAN,False
3422,3976,0.038124643,0.01724138,SARC,LUSC,False
3423,811,0.10369517,0.010752688,SKCM,THCA,False
3424,0,0.0,0.0,THCA,KIPAN,False
3425,480,0.16666667,0.083333336,PAAD,OV,False
3426,811,0.19611613,0.03846154,SKCM,THCA,False
3427,3107,0.030556617,0.012658228,LUAD,UCEC,False
3428,333,0.068041384,0.029411765,HNSC,LGG,False
3429,5575,0.024507154,0.002967359,BRCA,STES,False
3430,1338,0.14433756,0.07692308,OV,BRCA,False
3431,4476,0.04962917,0.015625,LUAD,HNSC,False
3432,848,0.07161149,0.014925373,STES,SARC,False
3433,0,0.0,0.0,PAAD,KIPAN,False
3434,811,0.31622776,0.1,THCA,THCA,True
3435,4486,0.09901475,0.045454547,OV,BRCA,False
3436,561,0.00666193,0.0028818443,DLBC,BLCA,False
3437,0,0.0,0.0,COAD,KIPAN,False
3438,4078,1.0,1.0,GBMLGG,LGG,False
3439,201,0.07412493,0.03846154,PAAD,BRCA,False
3440,811,0.047245562,0.002232143,SKCM,THCA,False
3441,0,0.0,0.0,LAML,KIPAN,False
3442,3651,0.07905694,0.012345679,LUSC,PCPG,False
3443,77,0.12500001,0.06666667,PRAD,PRAD,True
3444,5313,0.057735022,0.018181818,HNSC,BRCA,False
3445,2527,0.18898225,0.1,PCPG,PCPG,True
3446,333,0.094491124,0.04761905,BRCA,LGG,False
3447,4942,0.11952286,0.0625,OV,OV,True
3448,0,0.0,0.0,CESC,KIPAN,False
3449,3651,0.26726124,0.125,KIPAN,PCPG,False
3450,6011,0.16666666,0.09090909,BRCA,BRCA,True
3451,4162,0.11322771,0.035714287,TGCT,PCPG,False
3452,811,0.2236068,0.05,SKCM,THCA,False
3453,1500,0.03959038,0.02,STES,COAD,False
3454,1357,1.0,1.0,KIPAN,KIRC,False
3455,409,0.018018749,0.009090909,BLCA,HNSC,False
3456,4888,0.28867513,0.14285715,BRCA,BRCA,True
3457,3489,0.08703883,0.045454547,CESC,BRCA,False
3458,3651,0.07106691,0.01,UCEC,PCPG,False
3459,950,0.1754116,0.0952381,SARC,BRCA,False
3460,4220,0.0378777,0.01754386,KIPAN,LUSC,False
3461,0,0.0,0.0,PRAD,KIPAN,False
3462,0,0.0,0.0,THCA,KIPAN,False
3463,4485,0.19245009,0.09090909,KIRC,UCEC,False
3464,0,0.0,0.0,PRAD,KIPAN,False
3465,3921,1.0,1.0,KIRC,KIPAN,False
3466,2071,0.70710677,0.5,LAML,LAML,True
3467,6145,0.052704625,0.022222223,LIHC,SARC,False
3468,4317,1.0,1.0,KIPAN,KIRC,False
3469,0,0.0,0.0,THYM,KIPAN,False
3470,1346,0.11785114,0.04761905,HNSC,PRAD,False
3471,5384,0.039223228,0.016129032,LUSC,COAD,False
3472,333,0.07071068,0.03125,LIHC,LGG,False
3473,0,0.0,0.0,LAML,KIPAN,False
3474,811,0.70710677,0.5,THCA,THCA,True
3475,0,0.0,0.0,PRAD,KIPAN,False
3476,0,0.0,0.0,THCA,KIPAN,False
3477,4817,0.06900655,0.025,CESC,BRCA,False
3478,4503,0.054073807,0.027777778,STES,KIPAN,False
3479,2067,0.028867511,0.012658228,LUSC,CESC,False
3480,5813,0.06131393,0.03125,TGCT,TGCT,True
3481,1062,0.11952286,0.0625,PAAD,GBMLGG,False
3482,0,0.0,0.0,THYM,KIPAN,False
3483,4721,0.06428244,0.008196721,LUSC,BRCA,False
3484,5338,0.13608275,0.071428575,OV,COAD,False
3485,0,0.0,0.0,SARC,KIPAN,False
3486,5683,0.009017063,0.000567215,OV,UCEC,False
3487,3608,0.06063391,0.03125,TGCT,TGCT,True
3488,3579,0.09325048,0.037037037,LAML,GBMLGG,False
3489,3457,0.08703883,0.045454547,BRCA,CESC,False
3490,0,0.0,0.0,KIPAN,KIPAN,True
3491,0,0.0,0.0,SARC,KIPAN,False
3492,4873,0.069504805,0.032258064,PAAD,BRCA,False
3493,6153,0.007813454,0.0007267442,KIRC,SKCM,False
3494,2660,1.0,1.0,KIRC,KIPAN,False
3495,24,0.014940358,0.0033898305,SARC,COAD,False
3496,2532,0.07106691,0.033333335,SARC,PAAD,False
3497,3047,0.030261375,0.013888889,DLBC,STES,False
3498,1639,1.0,1.0,LGG,GBMLGG,False
3499,4888,0.26726124,0.125,BRCA,BRCA,True
3500,811,0.22941573,0.05263158,SKCM,THCA,False
3501,3144,0.069006555,0.027777778,PAAD,STES,False
3502,2476,0.21821788,0.04761905,KIRC,KIRC,True
3503,486,0.021339482,0.0009099181,BRCA,SKCM,False
3504,848,0.28867513,0.16666667,SARC,SARC,True
3505,26,0.057735022,0.018181818,LUAD,BRCA,False
3506,4721,0.21320072,0.083333336,BRCA,BRCA,True
3507,956,0.23570228,0.1,GBMLGG,GBMLGG,True
3508,3266,1.0,1.0,KIPAN,KIRC,False
3509,945,0.09128709,0.045454547,COAD,KIRC,False
3510,0,0.0,0.0,TGCT,KIPAN,False
3511,574,0.15075567,0.071428575,BRCA,LGG,False
3512,2496,0.3779645,0.22222222,GBMLGG,GBMLGG,True
3513,1202,0.021662485,0.00046926326,PRAD,UCEC,False
3514,6131,0.015012578,0.005524862,LUAD,DLBC,False
3515,0,0.0,0.0,BRCA,KIPAN,False
3516,0,0.0,0.0,PRAD,KIPAN,False
3517,2596,0.026279416,0.002739726,SKCM,PRAD,False
3518,1200,0.11396058,0.05882353,PCPG,PRAD,False
3519,0,0.0,0.0,THCA,KIPAN,False
3520,4149,0.99999994,1.0,KIPAN,KIRC,False
3521,811,0.06757373,0.00456621,SKCM,THCA,False
3522,2951,1.0,1.0,LGG,GBMLGG,False
3523,3772,0.045643546,0.022222223,UCEC,BRCA,False
3524,3947,0.21081851,0.0952381,GBMLGG,GBMLGG,True
3525,969,0.014659984,0.0068965517,BRCA,BLCA,False
3526,3276,0.1490712,0.05882353,UCEC,OV,False
3527,121,0.068041384,0.013513514,STES,LGG,False
3528,196,0.024883632,0.003058104,STES,LAML,False
3529,0,0.0,0.0,LIHC,KIPAN,False
3530,3755,0.99999994,1.0,KIRC,KIPAN,False
3531,3983,0.018627431,0.0036764706,BRCA,UCEC,False
3532,2679,0.063887656,0.024390243,STES,PAAD,False
3533,4721,0.10314212,0.020833334,CESC,BRCA,False
3534,3791,0.021947565,0.0054347827,COAD,SKCM,False
3535,4783,0.99999994,1.0,LGG,GBMLGG,False
3536,4507,1.0,1.0,LAML,LAML,True
3537,4942,0.1118034,0.05882353,SKCM,OV,False
3538,1118,1.0,1.0,GBMLGG,LGG,False
3539,4729,0.008632567,0.0019120459,LUAD,SKCM,False
3540,6036,1.0,1.0,GBMLGG,LGG,False
3541,0,0.0,0.0,BRCA,KIPAN,False
3542,2212,0.022102483,0.009009009,HNSC,CESC,False
3543,1934,0.037062466,0.009090909,SKCM,PCPG,False
3544,0,0.0,0.0,PCPG,KIPAN,False
3545,0,0.0,0.0,BRCA,KIPAN,False
3546,4098,0.002977417,0.0004914005,BRCA,UCEC,False
3547,6023,0.06917144,0.03448276,THCA,LUAD,False
3548,848,0.084215194,0.020408163,HNSC,SARC,False
3549,792,0.09128709,0.04761905,LGG,LGG,True
3550,2269,0.99999994,1.0,LGG,GBMLGG,False
3551,2585,0.058025885,0.024390243,LUAD,GBMLGG,False
3552,5485,0.056343623,0.019607844,LUSC,OV,False
3553,36,0.0521286,0.018867925,LUSC,LGG,False
3554,121,0.08084521,0.018867925,HNSC,LGG,False
3555,4359,0.09128709,0.04761905,THCA,OV,False
3556,0,0.0,0.0,BRCA,KIPAN,False
3557,811,0.0745356,0.0055555557,COAD,THCA,False
3558,1356,0.3779645,0.14285715,LAML,LAML,True
3559,2991,0.0745356,0.037037037,GBMLGG,HNSC,False
3560,6026,0.09805807,0.03448276,PRAD,CESC,False
3561,1780,0.080845214,0.04,BRCA,BRCA,True
3562,0,0.0,0.0,PRAD,KIPAN,False
3563,4721,0.12700012,0.03125,HNSC,BRCA,False
3564,4824,0.056343615,0.028571429,GBMLGG,GBMLGG,True
3565,3987,0.03849002,0.019607844,LUAD,GBMLGG,False
3566,5571,0.06565322,0.027777778,CESC,UCEC,False
3567,811,0.0474579,0.0022522523,COAD,THCA,False
3568,1550,0.06085806,0.02631579,SARC,STES,False
3569,4701,0.15075567,0.04347826,BLCA,BRCA,False
3570,3094,0.99999994,1.0,KIPAN,KIRC,False
3571,0,0.0,0.0,LAML,KIPAN,False
3572,2811,0.09284767,0.03125,UCEC,PCPG,False
3573,0,0.0,0.0,PRAD,KIPAN,False
3574,3466,0.70710677,0.5,LAML,LAML,True
3575,4512,0.06454972,0.033333335,SARC,KIPAN,False
3576,4887,0.99999994,1.0,KIPAN,KIRC,False
3577,6052,0.04307305,0.012048192,LIHC,THCA,False
3578,1873,0.99999994,1.0,KIRC,KIPAN,False
3579,811,0.2085144,0.04347826,GBMLGG,THCA,False
3580,3993,0.1118034,0.04347826,COAD,GBMLGG,False
3581,724,0.049029034,0.016949153,LUSC,GBMLGG,False
3582,121,0.13245323,0.04761905,LUAD,LGG,False
3583,0,0.0,0.0,KIRC,KIPAN,False
3584,5650,0.14433756,0.07692308,PRAD,PRAD,True
3585,1166,0.077849895,0.01754386,LUSC,OV,False
3586,811,0.5,0.25,THCA,THCA,True
3587,5025,0.99999994,1.0,KIRC,KIPAN,False
3588,1933,0.07559289,0.025641026,STES,LGG,False
3589,4330,0.19596545,0.10638298,ACC,ACC,True
3590,0,0.0,0.0,BRCA,KIPAN,False
3591,2279,0.09325048,0.037037037,LIHC,PRAD,False
3592,0,0.0,0.0,BRCA,KIPAN,False
3593,4531,0.08219949,0.025,BRCA,BRCA,True
3594,2615,1.0,1.0,GBMLGG,LGG,False
3595,0,0.0,0.0,THCA,KIPAN,False
3596,2506,0.99999994,1.0,KIRC,KIPAN,False
3597,0,0.0,0.0,THYM,KIPAN,False
3598,0,0.0,0.0,LAML,KIPAN,False
3599,3919,0.022587696,0.011363637,BRCA,HNSC,False
3600,1656,0.08032193,0.028571429,BRCA,OV,False
3601,2321,0.2519763,0.14285715,LGG,GBMLGG,False
3602,4643,0.99999994,1.0,KIRC,KIPAN,False
3603,0,0.0,0.0,PCPG,KIPAN,False
3604,333,0.05,0.01754386,HNSC,LGG,False
3605,4098,0.005804054,0.00050175615,GBMLGG,UCEC,False
3606,1726,0.068041384,0.029411765,COAD,BRCA,False
3607,0,0.0,0.0,BRCA,KIPAN,False
3608,4721,0.1714986,0.055555556,TGCT,BRCA,False
3609,4410,1.0,1.0,KIRC,KIPAN,False
3610,4195,0.09128709,0.04,SARC,CESC,False
3611,0,0.0,0.0,CESC,KIPAN,False
3612,4247,0.026499948,0.009615385,OV,KIPAN,False
3613,0,0.0,0.0,GBMLGG,KIPAN,False
3614,709,1.0,1.0,KIPAN,KIRC,False
3615,811,0.3779645,0.14285715,THCA,THCA,True
3616,406,0.005477746,0.00067980966,LIHC,UCEC,False
3617,4484,0.1118034,0.05,OV,BRCA,False
3618,0,0.0,0.0,PCPG,KIPAN,False
3619,0,0.0,0.0,LAML,KIPAN,False
3620,121,0.21821791,0.11111111,HNSC,LGG,False
3621,4330,0.13650471,0.07317073,ACC,ACC,True
3622,0,0.0,0.0,LUAD,KIPAN,False
3623,4976,0.03627381,0.01754386,LIHC,BRCA,False
3624,3743,0.010570329,0.0011061947,SKCM,TGCT,False
3625,1608,0.048112523,0.009009009,UCEC,GBMLGG,False
3626,749,0.08247861,0.037037037,LUAD,BRCA,False
3627,121,0.089087084,0.022727273,STES,LGG,False
3628,964,0.07647191,0.037037037,TGCT,THCA,False
3629,0,0.0,0.0,HNSC,KIPAN,False
3630,956,0.2236068,0.09090909,GBMLGG,GBMLGG,True
3631,496,0.17407766,0.07692308,BRCA,UCEC,False
3632,0,0.0,0.0,SARC,KIPAN,False
3633,811,0.40824828,0.16666667,THCA,THCA,True
3634,811,0.57735026,0.33333334,THCA,THCA,True
3635,811,0.4472136,0.2,THCA,THCA,True
3636,1419,0.21320072,0.083333336,BRCA,BRCA,True
3637,893,0.99999994,1.0,GBMLGG,LGG,False
3638,4999,1.0,1.0,KIRC,KIPAN,False
3639,5687,1.0,1.0,LGG,GBMLGG,False
3640,3647,0.35355338,0.2,GBMLGG,LAML,False
3641,4701,0.06593805,0.00862069,BLCA,BRCA,False
3642,121,0.069504805,0.014084507,STES,LGG,False
3643,1034,0.016666666,0.0057803467,BLCA,BLCA,True
3644,0,0.0,0.0,PAAD,KIPAN,False
3645,307,0.05330018,0.027027028,TGCT,TGCT,True
3646,0,0.0,0.0,STES,KIPAN,False
3647,350,0.35355338,0.2,LAML,LAML,True
3648,0,0.0,0.0,PCPG,KIPAN,False
3649,3864,0.025923794,0.0074074073,BLCA,GBMLGG,False
3650,0,0.0,0.0,PCPG,KIPAN,False
3651,1375,0.26726124,0.125,PCPG,PCPG,True
3652,966,0.13867505,0.0625,OV,LGG,False
3653,3163,0.020712323,0.01010101,BLCA,BRCA,False
3654,5863,0.23570225,0.125,BRCA,BRCA,True
3655,4888,0.2236068,0.09090909,BRCA,BRCA,True
3656,1119,0.10050379,0.028571429,STES,BRCA,False
3657,3095,0.028676966,0.010989011,OV,STES,False
3658,811,0.30151135,0.09090909,GBMLGG,THCA,False
3659,0,0.0,0.0,OV,KIPAN,False
3660,4701,0.18898225,0.06666667,HNSC,BRCA,False
3661,3259,0.11697707,0.057471264,ACC,ACC,True
3662,0,0.0,0.0,OV,KIPAN,False
3663,0,0.0,0.0,THYM,KIPAN,False
3664,540,0.027036903,0.011111111,HNSC,CESC,False
3665,4721,0.20412415,0.07692308,BRCA,BRCA,True
3666,839,0.016552119,0.005882353,LUAD,HNSC,False
3667,1691,1.0,1.0,KIRC,KIPAN,False
3668,0,0.0,0.0,THCA,KIPAN,False
3669,5069,0.99999994,1.0,KIPAN,KIRC,False
3670,0,0.0,0.0,SKCM,KIPAN,False
3671,4334,0.06788443,0.027027028,STES,OV,False
3672,2364,0.035533454,0.0121951215,BRCA,UCEC,False
3673,0,0.0,0.0,BRCA,KIPAN,False
3674,4888,0.35355338,0.2,BRCA,BRCA,True
3675,4759,0.13245323,0.06896552,UCEC,UCEC,True
3676,811,0.16439898,0.027027028,SKCM,THCA,False
3677,780,0.02651858,0.010416667,LIHC,PAAD,False
3678,0,0.0,0.0,SARC,KIPAN,False
3679,4721,0.029695695,0.0017605633,CESC,BRCA,False
3680,2274,0.0185952,0.0020533882,SKCM,BRCA,False
3681,0,0.0,0.0,PRAD,KIPAN,False
3682,5191,0.13608275,0.071428575,OV,COAD,False
3683,3652,0.08980265,0.029411765,STES,OV,False
3684,2779,0.094491124,0.04761905,PAAD,BRCA,False
3685,4641,0.051639777,0.012658228,HNSC,OV,False
3686,6018,0.07106691,0.033333335,HNSC,GBMLGG,False
3687,4641,0.15811388,0.083333336,BRCA,OV,False
3688,0,0.0,0.0,LIHC,KIPAN,False
3689,3911,0.02887955,0.008403362,LUAD,OV,False
3690,2763,0.069006555,0.027777778,HNSC,GBMLGG,False
3691,5008,0.031782083,0.0125,STES,STES,True
3692,3072,0.03436041,0.007874016,STES,THCA,False
3693,4202,1.0,1.0,KIRC,KIPAN,False
3694,811,0.57735026,0.33333334,THCA,THCA,True
3695,811,0.4472136,0.2,THCA,THCA,True
3696,5791,0.05143445,0.025,LUAD,LUAD,True
3697,0,0.0,0.0,BRCA,KIPAN,False
3698,3666,0.012476628,0.005291005,LIHC,LUAD,False
3699,731,0.15430336,0.083333336,BRCA,BRCA,True
3700,0,0.0,0.0,BRCA,KIPAN,False
3701,1335,0.14433756,0.055555556,GBMLGG,PCPG,False
3702,542,0.034020692,0.01724138,LIHC,BRCA,False
3703,0,0.0,0.0,OV,KIPAN,False
3704,4888,0.054232616,0.0058479533,UCEC,BRCA,False
3705,811,1.0,1.0,THCA,THCA,True
3706,0,0.0,0.0,KIRC,KIPAN,False
3707,0,0.0,0.0,THCA,KIPAN,False
3708,3848,0.1,0.05263158,COAD,BRCA,False
3709,0,0.0,0.0,BRCA,KIPAN,False
3710,1955,0.036037497,0.0125,LUSC,OV,False
3711,1957,0.07905694,0.00625,THYM,OV,False
3712,121,0.0949158,0.025641026,BLCA,LGG,False
3713,1075,0.14002801,0.05263158,OV,PAAD,False
3714,4198,0.06804138,0.03125,GBMLGG,GBMLGG,True
3715,903,0.025015637,0.009090909,UCEC,OV,False
3716,0,0.0,0.0,SARC,KIPAN,False
3717,3863,0.053838193,0.01369863,BLCA,LGG,False
3718,1270,0.06085806,0.02,STES,BRCA,False
3719,6131,0.020353138,0.0102739725,DLBC,DLBC,True
3720,2261,0.037062466,0.0054054055,SKCM,PCPG,False
3721,0,0.0,0.0,PRAD,KIPAN,False
3722,64,0.0860663,0.032258064,OV,OV,True
3723,3365,0.9999999,1.0,KIRC,KIPAN,False
3724,5407,0.16903086,0.09090909,THCA,THCA,True
3725,2705,0.0745356,0.03846154,BRCA,BRCA,True
3726,0,0.0,0.0,CESC,KIPAN,False
3727,300,0.07905694,0.027777778,HNSC,GBMLGG,False
3728,1712,0.05598925,0.025641026,BRCA,BRCA,True
3729,1758,0.015577533,0.0030395137,COAD,STES,False
3730,1153,0.068041384,0.029411765,GBMLGG,GBMLGG,True
3731,2447,0.26726124,0.125,PCPG,THCA,False
3732,526,0.11952286,0.0625,OV,UCEC,False
3733,1722,1.0000001,1.0,KIPAN,KIRC,False
3734,964,0.039840955,0.012820513,LUAD,THCA,False
3735,6055,0.014027578,0.0026595744,SKCM,STES,False
3736,5090,0.094491124,0.032258064,BRCA,LUAD,False
3737,2078,1.0,1.0,KIPAN,KIRC,False
3738,2960,1.0,1.0,KIRC,KIPAN,False
3739,0,0.0,0.0,THYM,KIPAN,False
3740,1933,0.09534626,0.03846154,STES,LGG,False
3741,5574,0.09365858,0.01724138,LUAD,LAML,False
3742,0,0.0,0.0,PRAD,KIPAN,False
3743,4918,0.09128709,0.04761905,TGCT,TGCT,True
3744,3043,0.99999994,1.0,KIPAN,KIRC,False
3745,462,0.03458572,0.016949153,STES,COAD,False
3746,135,0.014368054,0.005,SKCM,LUAD,False
3747,520,0.0067481366,0.00080840744,KIRC,UCEC,False
3748,5070,0.07715168,0.035714287,LIHC,UCEC,False
3749,5528,0.11952285,0.055555556,SARC,GBMLGG,False
3750,1231,0.03413944,0.011363637,LIHC,UCEC,False
3751,2476,1.0,1.0,KIPAN,KIRC,False
3752,567,0.07372098,0.033333335,PCPG,PAAD,False
3753,2447,0.50000006,0.33333334,PCPG,THCA,False
3754,4528,1.0,1.0,KIRC,KIPAN,False
3755,3530,0.99999994,1.0,KIPAN,KIRC,False
3756,4676,0.16222142,0.05,GBMLGG,LAML,False
3757,4480,0.03227486,0.015873017,STES,BLCA,False
3758,0,0.0,0.0,SARC,KIPAN,False
3759,4376,1.0,1.0,LGG,GBMLGG,False
3760,0,0.0,0.0,CESC,KIPAN,False
3761,1089,0.15075567,0.04347826,GBMLGG,PRAD,False
3762,0,0.0,0.0,THCA,KIPAN,False
3763,2819,0.024922239,0.0078125,UCEC,KIPAN,False
3764,2920,0.15430334,0.078947365,ACC,ACC,True
3765,2587,0.029880716,0.008264462,LUSC,OV,False
3766,4624,0.015676754,0.003076923,BRCA,UCEC,False
3767,1088,0.011339502,0.0056497175,LUAD,HNSC,False
3768,0,0.0,0.0,PRAD,KIPAN,False
3769,5531,0.022282828,0.011111111,LIHC,HNSC,False
3770,724,1.0000001,1.0,LGG,GBMLGG,False
3771,4846,0.57735026,0.33333334,LAML,LAML,True
3772,3523,0.045643546,0.022222223,BRCA,UCEC,False
3773,0,0.0,0.0,THYM,KIPAN,False
3774,689,0.068041384,0.03448276,KIPAN,KIPAN,True
3775,6097,0.056343615,0.028571429,KIPAN,BRCA,False
3776,492,0.99999994,1.0,KIRC,KIPAN,False
3777,74,0.012407291,0.003968254,BRCA,STES,False
3778,5329,0.06262243,0.032258064,KIPAN,ACC,False
3779,1406,0.068041384,0.03448276,BRCA,DLBC,False
3780,645,0.07905694,0.04,GBMLGG,SARC,False
3781,1767,0.13608275,0.071428575,BRCA,BRCA,True
3782,2736,0.99999994,1.0,LGG,GBMLGG,False
3783,1344,1.0000001,1.0,KIRC,KIPAN,False
3784,4090,0.03149704,0.015873017,STES,STES,True
3785,2133,0.04287465,0.020408163,LUAD,GBMLGG,False
3786,0,0.0,0.0,KIPAN,KIPAN,True
3787,4587,0.008966537,0.0014124294,OV,STES,False
3788,642,0.055555556,0.022727273,HNSC,KIPAN,False
3789,0,0.0,0.0,THYM,KIPAN,False
3790,5401,0.051987525,0.02173913,STES,LUAD,False
3791,3534,0.021947565,0.0054347827,SKCM,COAD,False
3792,1943,1.0,1.0,KIPAN,KIRC,False
3793,4340,0.012139284,0.0057471264,SKCM,SKCM,True
3794,5191,0.09128709,0.04,GBMLGG,COAD,False
3795,956,0.31622776,0.16666667,LGG,GBMLGG,False
3796,3094,0.10910894,0.05263158,CESC,KIRC,False
3797,4888,0.15075567,0.04347826,BRCA,BRCA,True
3798,2069,0.14907119,0.07692308,BRCA,BRCA,True
3799,4162,0.11547006,0.037037037,KIPAN,PCPG,False
3800,4673,0.0710669,0.02631579,HNSC,BRCA,False
3801,3639,0.05096472,0.012345679,HNSC,LGG,False
3802,1332,1.0,1.0,GBMLGG,LGG,False
3803,0,0.0,0.0,PRAD,KIPAN,False
3804,3690,0.04303315,0.021276595,CESC,HNSC,False
3805,2004,1.0,1.0,KIPAN,KIRC,False
3806,4362,0.13363062,0.071428575,PAAD,LAML,False
3807,94,0.016835876,0.003773585,TGCT,UCEC,False
3808,1166,0.16012816,0.06666667,PAAD,OV,False
3809,805,1.0,1.0,LGG,GBMLGG,False
3810,4405,0.043560684,0.021276595,CESC,OV,False
3811,3993,0.16666667,0.083333336,HNSC,GBMLGG,False
3812,848,0.08006408,0.018518519,STES,SARC,False
3813,811,0.31622776,0.1,SKCM,THCA,False
3814,1748,0.40824828,0.16666667,THCA,THCA,True
3815,0,0.0,0.0,PRAD,KIPAN,False
3816,0,0.0,0.0,LAML,KIPAN,False
3817,5866,0.18257418,0.083333336,UCEC,UCEC,True
3818,5123,0.10910894,0.05263158,GBMLGG,GBMLGG,True
3819,2846,0.013863506,0.0020703934,GBMLGG,UCEC,False
3820,5228,0.033520076,0.010204081,BRCA,UCEC,False
3821,1369,0.0081666,0.0002,KIPAN,SKCM,False
3822,708,0.15384616,0.083333336,SKCM,KIPAN,False
3823,0,0.0,0.0,LAML,KIPAN,False
3824,956,0.2236068,0.09090909,GBMLGG,GBMLGG,True
3825,0,0.0,0.0,BRCA,KIPAN,False
3826,0,0.0,0.0,HNSC,KIPAN,False
3827,4721,0.28867513,0.14285715,BRCA,BRCA,True
3828,4727,0.030316954,0.012048192,UCEC,GBMLGG,False
3829,915,0.08671099,0.04,HNSC,THCA,False
3830,5794,0.024014605,0.0034013605,BRCA,STES,False
3831,4721,0.060412213,0.007246377,LUSC,BRCA,False
3832,4888,0.28867513,0.14285715,BRCA,BRCA,True
3833,3226,0.1042572,0.03846154,BRCA,BRCA,True
3834,2226,0.05812382,0.022727273,HNSC,BLCA,False
3835,4531,0.08111071,0.024390243,STES,BRCA,False
3836,720,0.058520574,0.0034246575,BRCA,LUSC,False
3837,2071,0.5,0.25,LAML,LAML,True
3838,0,0.0,0.0,PRAD,KIPAN,False
3839,3940,0.06063391,0.03125,KIRC,OV,False
3840,4401,0.05564149,0.028571429,KIRC,KIPAN,False
3841,0,0.0,0.0,BRCA,KIPAN,False
3842,4217,0.040422607,0.019607844,COAD,COAD,True
3843,1897,1.0000001,1.0,KIRC,KIPAN,False
3844,1285,0.03673592,0.01754386,STES,OV,False
3845,2981,0.06052275,0.030303031,GBMLGG,KIPAN,False
3846,1432,0.99999994,1.0,GBMLGG,LGG,False
3847,6005,0.07453559,0.028571429,HNSC,BRCA,False
3848,3708,0.1,0.05263158,BRCA,COAD,False
3849,1166,0.06900656,0.013888889,LUSC,OV,False
3850,0,0.0,0.0,THCA,KIPAN,False
3851,682,0.0071119005,0.0008481764,KIPAN,STES,False
3852,811,0.70710677,0.5,THCA,THCA,True
3853,349,0.057166196,0.029411765,STES,STES,True
3854,1065,0.046524208,0.02173913,CESC,LGG,False
3855,2461,1.0,1.0,KIRC,KIPAN,False
3856,0,0.0,0.0,PRAD,KIPAN,False
3857,0,0.0,0.0,OV,KIPAN,False
3858,0,0.0,0.0,PRAD,KIPAN,False
3859,811,0.14433756,0.020833334,SKCM,THCA,False
3860,4313,0.068041384,0.03448276,LIHC,SARC,False
3861,5103,1.0,1.0,GBMLGG,LGG,False
3862,3107,0.0766965,0.03846154,BRCA,UCEC,False
3863,1957,0.4472136,0.2,LGG,OV,False
3864,4618,0.109108955,0.055555556,GBMLGG,PCPG,False
3865,5311,0.02078827,0.00877193,CESC,LUAD,False
3866,0,0.0,0.0,SARC,KIPAN,False
3867,0,0.0,0.0,PCPG,KIPAN,False
3868,3968,0.06085806,0.02,THYM,ACC,False
3869,0,0.0,0.0,THYM,KIPAN,False
3870,2715,0.09128709,0.04,SARC,THCA,False
3871,4587,0.013449806,0.0014326648,KIPAN,STES,False
3872,0,0.0,0.0,THCA,KIPAN,False
3873,4914,0.07905694,0.037037037,COAD,COAD,True
3874,1827,0.023224434,0.008333334,BRCA,BRCA,True
3875,0,0.0,0.0,BRCA,KIPAN,False
3876,1487,0.06565322,0.027777778,GBMLGG,BRCA,False
3877,2137,0.050062615,0.025641026,KIPAN,KIPAN,True
3878,4597,0.11785114,0.04761905,TGCT,PCPG,False
3879,1446,0.10259783,0.04347826,GBMLGG,BRCA,False
3880,1861,0.28867513,0.16666667,LAML,LAML,True
3881,4563,1.0000001,1.0,KIPAN,KIRC,False
3882,3202,0.07254762,0.035714287,KIPAN,GBMLGG,False
3883,0,0.0,0.0,PRAD,KIPAN,False
3884,3947,0.057259828,0.015384615,LUAD,GBMLGG,False
3885,1256,1.0,1.0,KIPAN,KIRC,False
3886,712,1.0,1.0,LGG,GBMLGG,False
3887,333,0.07715168,0.035714287,COAD,LGG,False
3888,5337,1.0,1.0,KIRC,KIPAN,False
3889,0,0.0,0.0,BRCA,KIPAN,False
3890,2226,0.06250001,0.025641026,DLBC,BLCA,False
3891,5453,0.08451542,0.04347826,BRCA,KIRC,False
3892,5568,1.0000001,1.0,KIPAN,KIRC,False
3893,956,0.31622776,0.16666667,LAML,GBMLGG,False
3894,1362,0.012049068,0.001980198,CESC,SKCM,False
3895,0,0.0,0.0,CESC,KIPAN,False
3896,174,0.08333334,0.04,PCPG,CESC,False
3897,0,0.0,0.0,TGCT,KIPAN,False
3898,4873,0.09325048,0.037037037,BRCA,BRCA,True
3899,0,0.0,0.0,PRAD,KIPAN,False
3900,5362,0.07692308,0.04,PAAD,UCEC,False
3901,4356,1.0000001,1.0,KIPAN,KIRC,False
3902,5706,0.027441066,0.010204081,LUAD,SKCM,False
3903,5119,1.0,1.0,GBMLGG,LGG,False
3904,0,0.0,0.0,THYM,KIPAN,False
3905,1072,0.050964717,0.022222223,STES,PAAD,False
3906,904,0.99999994,1.0,GBMLGG,LGG,False
3907,4596,0.044992123,0.022727273,KIPAN,GBMLGG,False
3908,410,0.0559017,0.024390243,LUSC,CESC,False
3909,1697,0.06681531,0.03448276,COAD,KIPAN,False
3910,2425,0.07216878,0.037037037,OV,OV,True
3911,5360,0.07537784,0.03846154,OV,KIRC,False
3912,105,0.032075014,0.00862069,BRCA,SKCM,False
3913,848,0.16666667,0.071428575,OV,SARC,False
3914,811,0.4472136,0.2,THCA,THCA,True
3915,1379,0.013099063,0.005882353,CESC,CESC,True
3916,1374,1.0,1.0,KIRC,KIPAN,False
3917,345,0.07856742,0.03846154,BRCA,BRCA,True
3918,574,0.094491124,0.032258064,LUAD,LGG,False
3919,4676,0.101015255,0.02,HNSC,LAML,False
3920,0,0.0,0.0,BRCA,KIPAN,False
3921,3465,1.0,1.0,KIPAN,KIRC,False
3922,0,0.0,0.0,LIHC,KIPAN,False
3923,4721,0.13608277,0.035714287,CESC,BRCA,False
3924,3512,0.16666667,0.083333336,OV,GBMLGG,False
3925,1647,0.025717225,0.012987013,HNSC,STES,False
3926,0,0.0,0.0,LAML,KIPAN,False
3927,0,0.0,0.0,KIPAN,KIPAN,True
3928,0,0.0,0.0,LAML,KIPAN,False
3929,3651,0.06622662,0.008695652,LUSC,PCPG,False
3930,1847,0.12009611,0.06382979,ACC,ACC,True
3931,627,0.03125,0.012658228,LUSC,OV,False
3932,3345,1.0,1.0,KIPAN,KIRC,False
3933,0,0.0,0.0,SARC,KIPAN,False
3934,5224,0.012889552,0.002105263,GBMLGG,STES,False
3935,0,0.0,0.0,PRAD,KIPAN,False
3936,4597,0.15811388,0.07692308,PCPG,PCPG,True
3937,811,1.0,1.0,THCA,THCA,True
3938,5393,0.04089304,0.01724138,SKCM,PAAD,False
3939,2933,0.26726124,0.125,BRCA,THYM,False
3940,4374,0.094491124,0.045454547,OV,OV,True
3941,580,1.0,1.0,KIRC,KIPAN,False
3942,2832,0.027420424,0.0070422534,SKCM,BRCA,False
3943,1926,0.12909944,0.055555556,PRAD,OV,False
3944,4721,0.14744195,0.041666668,COAD,BRCA,False
3945,3993,0.16666667,0.083333336,OV,GBMLGG,False
3946,1608,1.0,1.0,LGG,GBMLGG,False
3947,4267,1.0,1.0,GBMLGG,LGG,False
3948,1661,0.06085806,0.027777778,SARC,STES,False
3949,811,0.18569534,0.03448276,SKCM,THCA,False
3950,0,0.0,0.0,PRAD,KIPAN,False
3951,5882,1.0,1.0,KIPAN,KIRC,False
3952,3463,0.18257418,0.083333336,CESC,KIRC,False
3953,121,0.09901476,0.027777778,STES,LGG,False
3954,662,1.0,1.0,GBMLGG,LGG,False
3955,0,0.0,0.0,PRAD,KIPAN,False
3956,3993,0.09805807,0.03448276,PAAD,GBMLGG,False
3957,593,1.0,1.0,KIPAN,KIRC,False
3958,500,1.0000001,1.0,GBMLGG,LGG,False
3959,0,0.0,0.0,UCEC,KIPAN,False
3960,0,0.0,0.0,THYM,KIPAN,False
3961,811,0.5,0.25,THCA,THCA,True
3962,5605,0.048001535,0.014705882,UCEC,UCEC,True
3963,2535,1.0000001,1.0,GBMLGG,LGG,False
3964,0,0.0,0.0,PRAD,KIPAN,False
3965,1656,0.07453559,0.025,HNSC,OV,False
3966,0,0.0,0.0,KIPAN,KIPAN,True
3967,5219,0.013781636,0.0009460738,COAD,PRAD,False
3968,5177,0.19605723,0.10810811,ACC,ACC,True
3969,811,1.0,1.0,THCA,THCA,True
3970,0,0.0,0.0,KIPAN,KIPAN,True
3971,0,0.0,0.0,THYM,KIPAN,False
3972,4888,0.26726124,0.125,BRCA,BRCA,True
3973,4721,0.2236068,0.09090909,BRCA,BRCA,True
3974,4323,0.99999994,1.0,KIRC,KIPAN,False
3975,2245,0.05572782,0.027777778,TGCT,SARC,False
3976,3422,0.038124643,0.01724138,LUSC,SARC,False
3977,5536,0.09128709,0.04761905,KIPAN,BRCA,False
3978,1335,0.14433756,0.055555556,GBMLGG,PCPG,False
3979,0,0.0,0.0,BRCA,KIPAN,False
3980,4390,1.0,1.0,KIRC,KIPAN,False
3981,811,0.16666667,0.027777778,LUAD,THCA,False
3982,546,0.9999999,1.0,KIPAN,KIRC,False
3983,3463,0.035668816,0.003787879,UCEC,KIRC,False
3984,148,0.10369518,0.030303031,HNSC,LGG,False
3985,4721,0.16222142,0.05,STES,BRCA,False
3986,718,0.113227695,0.055555556,SKCM,TGCT,False
3987,5100,0.078567415,0.03125,GBMLGG,UCEC,False
3988,0,0.0,0.0,BRCA,KIPAN,False
3989,0,0.0,0.0,OV,KIPAN,False
3990,0,0.0,0.0,OV,KIPAN,False
3991,169,1.0,1.0,KIPAN,KIRC,False
3992,5560,0.022249708,0.008333334,SKCM,UCEC,False
3993,668,0.4472136,0.2857143,GBMLGG,LGG,False
3994,5142,0.1490712,0.05882353,BRCA,BRCA,True
3995,4721,0.4082483,0.25,BRCA,BRCA,True
3996,3720,0.019138973,0.0051020407,LUAD,SKCM,False
3997,3259,0.111417204,0.05882353,ACC,ACC,True
3998,1983,0.0860663,0.04347826,KIPAN,BRCA,False
3999,1767,0.08512565,0.035714287,COAD,BRCA,False
4000,2208,0.13363062,0.071428575,BRCA,BRCA,True
4001,0,0.0,0.0,OV,KIPAN,False
4002,1153,0.03081668,0.015384615,HNSC,GBMLGG,False
4003,0,0.0,0.0,PCPG,KIPAN,False
4004,0,0.0,0.0,KIRC,KIPAN,False
4005,1446,0.06666667,0.020408163,BRCA,BRCA,True
4006,333,0.0857493,0.041666668,STES,LGG,False
4007,1957,0.70710677,0.5,LAML,OV,False
4008,568,1.0,1.0,KIRC,KIPAN,False
4009,101,0.042562824,0.010309278,UCEC,BRCA,False
4010,1355,0.04134491,0.018867925,KIPAN,COAD,False
4011,850,1.0,1.0,KIRC,KIPAN,False
4012,4641,0.08032193,0.028571429,COAD,OV,False
4013,0,0.0,0.0,BRCA,KIPAN,False
4014,601,0.005808458,0.00066622254,KIPAN,STES,False
4015,811,0.57735026,0.33333334,THCA,THCA,True
4016,0,0.0,0.0,PCPG,KIPAN,False
4017,0,0.0,0.0,KIPAN,KIPAN,True
4018,2735,0.038124643,0.01724138,OV,STES,False
4019,811,0.21821788,0.04761905,LUAD,THCA,False
4020,0,0.0,0.0,BRCA,KIPAN,False
4021,365,0.125,0.015625,LUSC,KIPAN,False
4022,956,0.25000003,0.11111111,GBMLGG,GBMLGG,True
4023,2718,0.03857584,0.01754386,LUSC,UCEC,False
4024,552,0.06579517,0.025641026,CESC,BRCA,False
4025,1356,1.0,1.0,LAML,LAML,True
4026,1356,0.125,0.015625,SKCM,LAML,False
4027,811,0.4472136,0.2,GBMLGG,THCA,False
4028,4777,1.0,1.0,KIPAN,KIRC,False
4029,5492,0.99999994,1.0,LGG,GBMLGG,False
4030,2437,1.0,1.0,KIPAN,KIRC,False
4031,3610,0.08908708,0.03846154,GBMLGG,SARC,False
4032,2261,0.07537784,0.021276595,BLCA,PCPG,False
4033,3274,1.0,1.0,GBMLGG,LGG,False
4034,313,0.99999994,1.0,KIPAN,KIRC,False
4035,1669,0.70710677,0.5,LAML,LAML,True
4036,1356,1.0,1.0,LAML,LAML,True
4037,4420,0.15811388,0.07692308,BRCA,BRCA,True
4038,2169,0.05882353,0.030303031,BRCA,COAD,False
4039,4888,0.19611613,0.071428575,BRCA,BRCA,True
4040,5050,0.043937474,0.02,LUSC,GBMLGG,False
4041,799,1.0000001,1.0,KIRC,KIPAN,False
4042,5552,1.0,1.0,KIRC,KIPAN,False
4043,1329,0.08703883,0.045454547,TGCT,TGCT,True
4044,0,0.0,0.0,PRAD,KIPAN,False
4045,620,0.032547228,0.013513514,UCEC,HNSC,False
4046,0,0.0,0.0,DLBC,KIPAN,False
4047,1475,0.08111071,0.03846154,PRAD,BRCA,False
4048,5852,0.06741998,0.033333335,BLCA,KIPAN,False
4049,890,0.12964074,0.06896552,ACC,ACC,True
4050,3056,1.0,1.0,LGG,GBMLGG,False
4051,956,0.50000006,0.33333334,LGG,GBMLGG,False
4052,4603,1.0000001,1.0,LGG,GBMLGG,False
4053,811,0.70710677,0.5,THCA,THCA,True
4054,6119,0.99999994,1.0,KIPAN,KIRC,False
4055,0,0.0,0.0,SARC,KIPAN,False
4056,2241,1.0,1.0,KIRC,KIPAN,False
4057,4888,0.2236068,0.09090909,BRCA,BRCA,True
4058,1868,1.0000001,1.0,LGG,GBMLGG,False
4059,1775,1.0,1.0,LGG,GBMLGG,False
4060,931,0.021053798,0.010638298,LUSC,HNSC,False
4061,4701,0.20412415,0.07692308,BRCA,BRCA,True
4062,346,0.0758098,0.029411765,KIPAN,KIPAN,True
4063,5145,0.012659242,0.0051282053,CESC,SKCM,False
4064,3356,1.0,1.0,KIPAN,KIRC,False
4065,2119,0.048795003,0.025,KIPAN,KIPAN,True
4066,2189,0.006819784,0.00041718816,BRCA,UCEC,False
4067,3107,0.057166196,0.029411765,CESC,UCEC,False
4068,471,1.0000001,1.0,KIPAN,KIRC,False
4069,947,0.05,0.025641026,KIRC,UCEC,False
4070,2663,0.03217447,0.015625,LIHC,STES,False
4071,0,0.0,0.0,BRCA,KIPAN,False
4072,5624,0.044543542,0.018867925,STES,STES,True
4073,1197,0.99999994,1.0,KIRC,KIPAN,False
4074,4420,0.14433756,0.06666667,BRCA,BRCA,True
4075,4133,0.028583098,0.0088495575,LUAD,UCEC,False
4076,1933,1.0,1.0,GBMLGG,LGG,False
4077,5191,0.08006407,0.032258064,COAD,COAD,True
4078,3438,1.0,1.0,LGG,GBMLGG,False
4079,2981,1.0,1.0,KIRC,KIPAN,False
4080,0,0.0,0.0,OV,KIPAN,False
4081,6140,0.014431548,0.0071444036,COAD,UCEC,False
4082,0,0.0,0.0,LAML,KIPAN,False
4083,0,0.0,0.0,PCPG,KIPAN,False
4084,1628,1.0,1.0,KIPAN,KIRC,False
4085,5894,0.014473008,0.004201681,CESC,CESC,True
4086,484,0.1714986,0.055555556,SKCM,PCPG,False
4087,848,0.21821791,0.11111111,OV,SARC,False
4088,811,0.086711,0.007518797,SKCM,THCA,False
4089,614,0.11785112,0.05882353,GBMLGG,DLBC,False
4090,3784,0.03149704,0.015873017,STES,STES,True
4091,811,0.107211255,0.011494253,SKCM,THCA,False
4092,5255,1.0,1.0,LGG,GBMLGG,False
4093,0,0.0,0.0,KIPAN,KIPAN,True
4094,2585,0.035944257,0.010638298,HNSC,GBMLGG,False
4095,6072,0.026189141,0.0125,GBMLGG,STES,False
4096,2397,0.037113477,0.013157895,CESC,CESC,True
4097,0,0.0,0.0,BRCA,KIPAN,False
4098,5683,0.013406988,0.006736729,UCEC,UCEC,True
4099,5124,0.044543542,0.014285714,THCA,SKCM,False
4100,520,0.005844057,0.00080450525,KIPAN,UCEC,False
4101,811,0.70710677,0.5,THCA,THCA,True
4102,2973,0.026352314,0.010309278,LUSC,ACC,False
4103,121,0.1490712,0.05882353,GBMLGG,LGG,False
4104,423,1.0,1.0,KIRC,KIPAN,False
4105,811,0.5,0.25,THCA,THCA,True
4106,0,0.0,0.0,KIPAN,KIPAN,True
4107,0,0.0,0.0,BRCA,KIPAN,False
4108,4914,0.07715168,0.035714287,COAD,COAD,True
4109,5615,0.99999994,1.0,KIRC,KIPAN,False
4110,2815,1.0,1.0,LGG,GBMLGG,False
4111,811,0.07352146,0.0054054055,SKCM,THCA,False
4112,1554,0.06362847,0.032258064,TGCT,TGCT,True
4113,640,0.99999994,1.0,KIRC,KIPAN,False
4114,3993,0.125,0.05263158,GBMLGG,GBMLGG,True
4115,0,0.0,0.0,SARC,KIPAN,False
4116,2341,0.99999994,1.0,LGG,GBMLGG,False
4117,4723,0.15811388,0.07692308,SARC,SARC,True
4118,0,0.0,0.0,PRAD,KIPAN,False
4119,811,0.26726124,0.071428575,THCA,THCA,True
4120,3993,0.25,0.14285715,BRCA,GBMLGG,False
4121,0,0.0,0.0,THYM,KIPAN,False
4122,0,0.0,0.0,THYM,KIPAN,False
4123,2852,1.0,1.0,LGG,GBMLGG,False
4124,0,0.0,0.0,PAAD,KIPAN,False
4125,734,0.04472136,0.022727273,KIPAN,ACC,False
4126,481,0.08703883,0.045454547,PAAD,LAML,False
4127,4953,0.054554477,0.020408163,GBMLGG,LUAD,False
4128,3602,0.12964074,0.06896552,ACC,KIRC,False
4129,0,0.0,0.0,PRAD,KIPAN,False
4130,0,0.0,0.0,THCA,KIPAN,False
4131,5438,0.0143267065,0.006369427,CESC,LIHC,False
4132,0,0.0,0.0,GBMLGG,KIPAN,False
4133,1765,0.096225046,0.05,UCEC,UCEC,True
4134,4136,0.20412414,0.11111111,BRCA,BRCA,True
4135,4518,1.0,1.0,GBMLGG,LGG,False
4136,4134,0.20412414,0.11111111,BRCA,BRCA,True
4137,2447,0.0766965,0.011627907,LUSC,THCA,False
4138,496,0.107211255,0.032258064,COAD,UCEC,False
4139,0,0.0,0.0,LIHC,KIPAN,False
4140,2878,1.0,1.0,KIRC,KIPAN,False
4141,2566,0.99999994,1.0,GBMLGG,LGG,False
4142,3536,0.4472136,0.2,LAML,LAML,True
4143,2304,0.032291684,0.006993007,SKCM,PCPG,False
4144,5504,1.0000001,1.0,KIPAN,KIRC,False
4145,0,0.0,0.0,BRCA,KIPAN,False
4146,5191,0.0710669,0.02631579,COAD,COAD,True
4147,581,1.0000001,1.0,LGG,GBMLGG,False
4148,802,1.0000001,1.0,GBMLGG,LGG,False
4149,3520,0.99999994,1.0,KIRC,KIPAN,False
4150,5519,0.14285715,0.07692308,BRCA,BRCA,True
4151,5246,0.032651156,0.0125,OV,STES,False
4152,5905,0.0745356,0.03846154,KIPAN,GBMLGG,False
4153,1669,0.70710677,0.5,LAML,LAML,True
4154,1878,0.16012816,0.06666667,OV,BRCA,False
4155,0,0.0,0.0,TGCT,KIPAN,False
4156,0,0.0,0.0,PRAD,KIPAN,False
4157,1957,0.31622776,0.1,OV,OV,True
4158,5174,0.0766965,0.03846154,HNSC,GBMLGG,False
4159,14,0.012659242,0.003021148,LUAD,SKCM,False
4160,642,0.07856742,0.03846154,HNSC,KIPAN,False
4161,0,0.0,0.0,COAD,KIPAN,False
4162,3799,0.11547006,0.037037037,PCPG,KIPAN,False
4163,5806,0.06454972,0.033333335,HNSC,BRCA,False
4164,1119,0.18257418,0.083333336,BRCA,BRCA,True
4165,2973,0.15430334,0.083333336,ACC,ACC,True
4166,0,0.0,0.0,THCA,KIPAN,False
4167,4696,0.068041384,0.013513514,STES,THCA,False
4168,0,0.0,0.0,THYM,KIPAN,False
4169,1826,0.09128709,0.023809524,LIHC,THCA,False
4170,2400,0.047140453,0.018518519,UCEC,SKCM,False
4171,0,0.0,0.0,KIPAN,KIPAN,True
4172,5180,0.02206479,0.009615385,LUSC,LUAD,False
4173,419,0.9999999,1.0,GBMLGG,LGG,False
4174,106,0.07647191,0.037037037,LIHC,LGG,False
4175,2309,0.13867505,0.0625,BRCA,BRCA,True
4176,4701,0.23570228,0.1,UCEC,BRCA,False
4177,0,0.0,0.0,BRCA,KIPAN,False
4178,3129,0.012814196,0.0064102565,LUAD,SKCM,False
4179,121,0.11111112,0.03448276,COAD,LGG,False
4180,1527,0.050507627,0.024390243,BRCA,KIPAN,False
4181,811,0.33333334,0.11111111,THCA,THCA,True
4182,0,0.0,0.0,SARC,KIPAN,False
4183,811,0.13608277,0.018518519,SKCM,THCA,False
4184,0,0.0,0.0,GBMLGG,KIPAN,False
4185,1868,0.09166986,0.04347826,OV,GBMLGG,False
4186,860,0.06299408,0.03125,BRCA,UCEC,False
4187,5904,1.0,1.0,KIRC,KIPAN,False
4188,0,0.0,0.0,TGCT,KIPAN,False
4189,0,0.0,0.0,CESC,KIPAN,False
4190,1752,0.06085806,0.03125,KIRC,BRCA,False
4191,811,0.048795003,0.0023809525,SKCM,THCA,False
4192,4888,0.19611613,0.071428575,BRCA,BRCA,True
4193,121,0.11111112,0.03448276,STES,LGG,False
4194,0,0.0,0.0,CESC,KIPAN,False
4195,3610,0.09128709,0.04,CESC,SARC,False
4196,5970,0.12909944,0.06666667,CESC,THCA,False
4197,4641,0.13483997,0.06666667,PAAD,OV,False
4198,805,0.11111111,0.05882353,GBMLGG,GBMLGG,True
4199,2607,1.0,1.0,KIPAN,KIRC,False
4200,811,0.57735026,0.33333334,THCA,THCA,True
4201,0,0.0,0.0,SARC,KIPAN,False
4202,3693,1.0,1.0,KIPAN,KIRC,False
4203,0,0.0,0.0,BLCA,KIPAN,False
4204,811,0.70710677,0.5,THCA,THCA,True
4205,0,0.0,0.0,HNSC,KIPAN,False
4206,1967,0.13867505,0.0625,PCPG,PAAD,False
4207,52,1.0,1.0,KIPAN,KIRC,False
4208,1260,0.021128858,0.0034843206,SKCM,BRCA,False
4209,4721,0.26726124,0.125,BRCA,BRCA,True
4210,2832,0.026352312,0.006535948,LUAD,BRCA,False
4211,5022,0.0260643,0.011627907,LUSC,LUSC,True
4212,2797,0.06681531,0.028571429,GBMLGG,SARC,False
4213,1253,0.0052063563,0.0020325202,LIHC,COAD,False
4214,3405,0.021058466,0.010526316,LUSC,SKCM,False
4215,0,0.0,0.0,PRAD,KIPAN,False
4216,4918,0.08006408,0.041666668,TGCT,TGCT,True
4217,5191,0.096225046,0.04347826,COAD,COAD,True
4218,0,0.0,0.0,LIHC,KIPAN,False
4219,4486,0.14433756,0.07692308,OV,BRCA,False
4220,4721,0.11043152,0.023809524,LUSC,BRCA,False
4221,2237,0.06579517,0.032258064,HNSC,BRCA,False
4222,6108,0.09128709,0.04761905,STES,LIHC,False
4223,811,0.16439898,0.027027028,SKCM,THCA,False
4224,1191,0.015248084,0.004784689,LUAD,GBMLGG,False
4225,0,0.0,0.0,BRCA,KIPAN,False
4226,480,0.14433756,0.06666667,OV,OV,True
4227,5227,0.044151083,0.015384615,LIHC,LGG,False
4228,5049,0.015112672,0.0072007203,BRCA,UCEC,False
4229,811,0.15249857,0.023255814,SKCM,THCA,False
4230,2530,0.089087084,0.041666668,PRAD,UCEC,False
4231,892,1.0,1.0,GBMLGG,LGG,False
4232,5789,0.013579388,0.0019880715,SARC,SKCM,False
4233,811,0.3779645,0.14285715,THCA,THCA,True
4234,149,1.0,1.0,KIPAN,KIRC,False
4235,0,0.0,0.0,SARC,KIPAN,False
4236,956,0.25000003,0.11111111,LGG,GBMLGG,False
4237,0,0.0,0.0,GBMLGG,KIPAN,False
4238,4220,0.029000739,0.014492754,KIPAN,LUSC,False
4239,4721,0.13130644,0.033333335,BRCA,BRCA,True
4240,5586,0.052704625,0.020833334,HNSC,OV,False
4241,1548,0.016540794,0.0043290043,SKCM,GBMLGG,False
4242,0,0.0,0.0,LAML,KIPAN,False
4243,811,0.57735026,0.33333334,THCA,THCA,True
4244,0,0.0,0.0,TGCT,KIPAN,False
4245,811,1.0,1.0,THCA,THCA,True
4246,685,0.10050378,0.05263158,BRCA,SARC,False
4247,2458,0.040064156,0.010526316,KIPAN,KIRC,False
4248,811,0.073323555,0.005376344,SKCM,THCA,False
4249,2083,0.094491124,0.045454547,PRAD,COAD,False
4250,0,0.0,0.0,LIHC,KIPAN,False
4251,0,0.0,0.0,SARC,KIPAN,False
4252,5876,0.09245003,0.04761905,BRCA,BRCA,True
4253,5821,0.026243195,0.007575758,PAAD,SKCM,False
4254,0,0.0,0.0,LAML,KIPAN,False
4255,4701,0.07372098,0.010752688,STES,BRCA,False
4256,2160,1.0000001,1.0,LGG,GBMLGG,False
4257,811,0.10660036,0.011363637,SKCM,THCA,False
4258,1433,0.9999999,1.0,GBMLGG,LGG,False
4259,0,0.0,0.0,BRCA,KIPAN,False
4260,918,0.2236068,0.125,BRCA,BRCA,True
4261,0,0.0,0.0,LIHC,KIPAN,False
4262,3416,0.2236068,0.09090909,PRAD,PRAD,True
4263,1933,0.09759001,0.04,GBMLGG,LGG,False
4264,4888,0.23570228,0.1,BRCA,BRCA,True
4265,0,0.0,0.0,LAML,KIPAN,False
4266,811,0.31622776,0.1,THCA,THCA,True
4267,3947,1.0,1.0,LGG,GBMLGG,False
4268,2447,0.35355338,0.2,PCPG,THCA,False
4269,811,0.70710677,0.5,THCA,THCA,True
4270,811,0.57735026,0.33333334,THCA,THCA,True
4271,4087,0.031280562,0.0065789474,COAD,OV,False
4272,2120,0.99999994,1.0,KIRC,KIPAN,False
4273,1338,0.013921152,0.0015337423,BRCA,BRCA,True
4274,4701,0.19611613,0.071428575,BRCA,BRCA,True
4275,669,0.024883628,0.009708738,STES,BLCA,False
4276,4701,0.25000003,0.11111111,BRCA,BRCA,True
4277,4701,0.31622776,0.16666667,BRCA,BRCA,True
4278,5247,0.048564292,0.0091743115,LUAD,BRCA,False
4279,2195,0.9999999,1.0,KIRC,KIPAN,False
4280,3743,0.07905694,0.04,TGCT,TGCT,True
4281,0,0.0,0.0,BRCA,KIPAN,False
4282,3993,0.07071068,0.018867925,STES,GBMLGG,False
4283,3912,0.02981424,0.007518797,SKCM,BRCA,False
4284,2361,0.022851547,0.0025839794,THCA,COAD,False
4285,1638,0.036588088,0.010989011,LIHC,KIRC,False
4286,811,0.25,0.0625,SKCM,THCA,False
4287,2418,0.99999994,1.0,GBMLGG,LGG,False
4288,3943,0.025923792,0.0026666666,UCEC,PRAD,False
4289,784,0.07106691,0.035714287,OV,COAD,False
4290,811,0.15811388,0.025,SKCM,THCA,False
4291,1717,0.08164965,0.041666668,GBMLGG,GBMLGG,True
4292,811,0.30151135,0.09090909,THCA,THCA,True
4293,1957,0.18569534,0.03448276,BRCA,OV,False
4294,4888,0.26726124,0.125,BRCA,BRCA,True
4295,1885,0.019090088,0.0028571428,STES,STES,True
4296,2101,1.0000001,1.0,LGG,GBMLGG,False
4297,5170,0.08671099,0.04,BRCA,STES,False
4298,121,0.07161149,0.014925373,HNSC,LGG,False
4299,5429,0.10767637,0.055555556,ACC,ACC,True
4300,0,0.0,0.0,PCPG,KIPAN,False
4301,4721,0.18898225,0.06666667,GBMLGG,BRCA,False
4302,121,0.11785112,0.03846154,LUAD,LGG,False
4303,4888,0.025221663,0.001270648,STES,BRCA,False
4304,2999,0.019710412,0.0011627907,PCPG,STES,False
4305,5927,0.17407766,0.07692308,THYM,PCPG,False
4306,5191,0.08703882,0.037037037,COAD,COAD,True
4307,0,0.0,0.0,BRCA,KIPAN,False
4308,0,0.0,0.0,PCPG,KIPAN,False
4309,2533,0.09805807,0.05,BRCA,BRCA,True
4310,0,0.0,0.0,PCPG,KIPAN,False
4311,2679,0.055131786,0.018867925,PAAD,PAAD,True
4312,4721,0.07537784,0.011235955,LUSC,BRCA,False
4313,3463,0.16666667,0.071428575,SARC,KIRC,False
4314,1722,0.13608277,0.05,STES,KIRC,False
4315,6133,0.14142136,0.071428575,BRCA,BRCA,True
4316,3512,0.07624929,0.02173913,HNSC,GBMLGG,False
4317,3468,1.0,1.0,KIRC,KIPAN,False
4318,3189,0.050062615,0.025641026,COAD,STES,False
4319,730,0.09016696,0.023255814,LUSC,THCA,False
4320,4587,0.02196344,0.0014430014,PCPG,STES,False
4321,5623,1.0000001,1.0,KIRC,KIPAN,False
4322,5267,0.08703882,0.037037037,STES,GBMLGG,False
4323,3974,0.99999994,1.0,KIPAN,KIRC,False
4324,0,0.0,0.0,KIPAN,KIPAN,True
4325,827,0.058722023,0.02631579,OV,UCEC,False
4326,1335,0.067115605,0.013157895,SKCM,PCPG,False
4327,5429,0.16051446,0.08695652,ACC,ACC,True
4328,121,0.07053457,0.014492754,STES,LGG,False
4329,2331,0.99999994,1.0,KIRC,KIPAN,False
4330,3589,0.19596545,0.10638298,ACC,ACC,True
4331,811,0.57735026,0.33333334,THCA,THCA,True
4332,2621,0.07647191,0.037037037,GBMLGG,GBMLGG,True
4333,354,0.0075842505,0.0010718113,TGCT,DLBC,False
4334,3363,0.12598816,0.06666667,OV,PAAD,False
4335,1356,0.06741999,0.0045454544,COAD,LAML,False
4336,1349,0.07254762,0.035714287,STES,BLCA,False
4337,480,0.0559017,0.012048192,STES,OV,False
4338,3048,0.4472136,0.2,LAML,LAML,True
4339,4567,0.042257715,0.00862069,LUAD,SKCM,False
4340,811,0.13130642,0.01724138,SKCM,THCA,False
4341,1473,0.02503131,0.0069444445,HNSC,THCA,False
4342,0,0.0,0.0,BRCA,KIPAN,False
4343,5118,0.03268602,0.016129032,LUSC,STES,False
4344,4721,0.26726124,0.125,BRCA,BRCA,True
4345,1148,0.041666664,0.021276595,COAD,COAD,True
4346,811,0.5,0.25,THCA,THCA,True
4347,3008,0.01871203,0.0054347827,LUSC,UCEC,False
4348,5468,1.0,1.0,KIPAN,KIRC,False
4349,0,0.0,0.0,THCA,KIPAN,False
4350,0,0.0,0.0,LIHC,KIPAN,False
4351,121,0.20412415,0.1,KIPAN,LGG,False
4352,6129,0.06454972,0.032258064,GBMLGG,OV,False
4353,0,0.0,0.0,THCA,KIPAN,False
4354,5842,0.1042572,0.03846154,CESC,COAD,False
4355,2243,0.043437224,0.016129032,PRAD,LUSC,False
4356,3901,1.0000001,1.0,KIRC,KIPAN,False
4357,2592,0.17282529,0.094339624,ACC,ACC,True
4358,867,0.093658574,0.041666668,KIPAN,KIPAN,True
4359,5243,0.12909944,0.06666667,OV,GBMLGG,False
4360,3968,0.044946656,0.018181818,KIRC,ACC,False
4361,1119,0.16012816,0.06666667,UCEC,BRCA,False
4362,3806,0.13363062,0.071428575,LAML,PAAD,False
4363,956,0.16222142,0.05,GBMLGG,GBMLGG,True
4364,3368,0.06681531,0.028571429,PRAD,HNSC,False
4365,957,0.06063391,0.014084507,BLCA,PRAD,False
4366,2431,1.0,1.0,GBMLGG,LGG,False
4367,479,0.028306928,0.01369863,LUSC,BLCA,False
4368,5660,0.008962214,0.0011848342,LUAD,SKCM,False
4369,5712,0.99999994,1.0,KIPAN,KIRC,False
4370,403,0.118469775,0.033333335,BRCA,BRCA,True
4371,5262,0.019888934,0.0030959751,STES,OV,False
4372,1933,0.09325048,0.037037037,OV,LGG,False
4373,2143,1.0,1.0,KIRC,KIPAN,False
4374,3940,0.094491124,0.045454547,OV,OV,True
4375,347,0.9999999,1.0,KIRC,KIPAN,False
4376,3759,1.0,1.0,GBMLGG,LGG,False
4377,6022,0.0358748,0.01754386,KIPAN,KIPAN,True
4378,5484,1.0000001,1.0,KIPAN,KIRC,False
4379,4721,0.1042572,0.021276595,HNSC,BRCA,False
4380,0,0.0,0.0,SARC,KIPAN,False
4381,4721,0.28867513,0.14285715,BRCA,BRCA,True
4382,0,0.0,0.0,BRCA,KIPAN,False
4383,4721,0.07715168,0.011764706,BLCA,BRCA,False
4384,4206,0.06565321,0.016393442,LUAD,PCPG,False
4385,3463,0.026379807,0.002079002,CESC,KIRC,False
4386,5263,1.0,1.0,LGG,GBMLGG,False
4387,0,0.0,0.0,SARC,KIPAN,False
4388,4150,0.053994928,0.018181818,BRCA,BRCA,True
4389,0,0.0,0.0,THCA,KIPAN,False
4390,3980,1.0,1.0,KIPAN,KIRC,False
4391,5002,0.13363062,0.071428575,UCEC,PAAD,False
4392,2512,0.061545745,0.025,GBMLGG,GBMLGG,True
4393,3289,0.061545745,0.029411765,BRCA,LUAD,False
4394,5435,0.99999994,1.0,KIPAN,KIRC,False
4395,0,0.0,0.0,THCA,KIPAN,False
4396,1610,0.2581989,0.14285715,BRCA,PRAD,False
4397,2720,1.0,1.0,KIPAN,KIRC,False
4398,1914,0.03984095,0.02,KIPAN,HNSC,False
4399,4701,0.18898225,0.06666667,BRCA,BRCA,True
4400,300,0.040323894,0.007874016,LUSC,GBMLGG,False
4401,4109,0.06917144,0.03448276,KIPAN,KIRC,False
4402,860,0.02254174,0.0057142857,STES,UCEC,False
4403,1335,0.09245004,0.024390243,KIPAN,PCPG,False
4404,2580,0.99999994,1.0,GBMLGG,LGG,False
4405,1933,0.10846523,0.04761905,OV,LGG,False
4406,0,0.0,0.0,OV,KIPAN,False
4407,1335,0.20412415,0.1,PCPG,PCPG,True
4408,5724,0.048795003,0.02173913,GBMLGG,HNSC,False
4409,480,0.054232616,0.011363637,LUSC,OV,False
4410,3609,1.0,1.0,KIPAN,KIRC,False
4411,4682,0.08908708,0.045454547,SARC,OV,False
4412,0,0.0,0.0,PRAD,KIPAN,False
4413,2675,0.01172018,0.004132231,HNSC,SKCM,False
4414,0,0.0,0.0,BRCA,KIPAN,False
4415,3993,0.35355338,0.2,GBMLGG,GBMLGG,True
4416,811,0.35355338,0.125,THCA,THCA,True
4417,1991,0.04307305,0.016949153,STES,GBMLGG,False
4418,0,0.0,0.0,THYM,KIPAN,False
4419,4888,0.05407381,0.0058139535,STES,BRCA,False
4420,4037,0.15811388,0.07692308,BRCA,BRCA,True
4421,0,0.0,0.0,BRCA,KIPAN,False
4422,2099,0.0151951825,0.007633588,STES,BLCA,False
4423,0,0.0,0.0,GBMLGG,KIPAN,False
4424,4289,0.04767313,0.02,BLCA,OV,False
4425,0,0.0,0.0,LIHC,KIPAN,False
4426,6018,0.083333336,0.041666668,SARC,GBMLGG,False
4427,0,0.0,0.0,OV,KIPAN,False
4428,886,0.06819943,0.021276595,OV,KIRC,False
4429,987,0.99999994,1.0,KIRC,KIPAN,False
4430,2175,0.063564174,0.032786883,BRCA,BRCA,True
4431,5191,0.08006407,0.032258064,HNSC,COAD,False
4432,1243,1.0,1.0,KIRC,KIPAN,False
4433,811,0.33333334,0.11111111,KIPAN,THCA,False
4434,3391,0.050636966,0.023809524,STES,KIPAN,False
4435,1669,0.4472136,0.2,LAML,LAML,True
4436,848,0.08804509,0.022222223,STES,SARC,False
4437,0,0.0,0.0,GBMLGG,KIPAN,False
4438,4530,0.06362847,0.032258064,KIPAN,GBMLGG,False
4439,0,0.0,0.0,KIPAN,KIPAN,True
4440,4888,0.26726124,0.125,BRCA,BRCA,True
4441,1156,1.0,1.0,KIPAN,KIRC,False
4442,1440,0.045360923,0.022727273,TGCT,PAAD,False
4443,4641,0.18257418,0.1,BRCA,OV,False
4444,0,0.0,0.0,PRAD,KIPAN,False
4445,0,0.0,0.0,SARC,KIPAN,False
4446,0,0.0,0.0,PAAD,KIPAN,False
4447,3842,0.029854074,0.015151516,LUAD,COAD,False
4448,1199,0.13608275,0.071428575,BRCA,BRCA,True
4449,848,0.09365858,0.025,COAD,SARC,False
4450,1231,0.05330018,0.023809524,LIHC,UCEC,False
4451,3392,1.0,1.0,KIPAN,KIRC,False
4452,3360,1.0,1.0,GBMLGG,LGG,False
4453,0,0.0,0.0,LAML,KIPAN,False
4454,2991,0.040160965,0.014084507,LUAD,HNSC,False
4455,3094,0.056077212,0.01724138,KIPAN,KIRC,False
4456,4701,0.101015255,0.02,BRCA,BRCA,True
4457,2984,0.007273929,0.0010869565,LIHC,COAD,False
4458,3110,0.15430336,0.0625,PCPG,PAAD,False
4459,1656,0.11952285,0.055555556,OV,OV,True
4460,4758,0.14744195,0.02173913,LUAD,THYM,False
4461,4721,0.31622776,0.16666667,BRCA,BRCA,True
4462,0,0.0,0.0,PRAD,KIPAN,False
4463,4775,0.008855801,0.0028490028,LUSC,LIHC,False
4464,848,0.11322771,0.035714287,COAD,SARC,False
4465,544,0.10540926,0.045454547,SARC,LAML,False
4466,2071,0.35355338,0.125,LAML,LAML,True
4467,0,0.0,0.0,PCPG,KIPAN,False
4468,0,0.0,0.0,LAML,KIPAN,False
4469,955,0.0857493,0.027027028,BRCA,THCA,False
4470,833,1.0,1.0,KIRC,KIPAN,False
4471,0,0.0,0.0,THCA,KIPAN,False
4472,1446,0.058722023,0.016129032,LUSC,BRCA,False
4473,5893,1.0,1.0,KIPAN,KIRC,False
4474,5901,0.19889805,0.10909091,ACC,ACC,True
4475,2889,0.045596074,0.020408163,BRCA,COAD,False
4476,3431,0.04962917,0.015625,HNSC,LUAD,False
4477,0,0.0,0.0,KIPAN,KIPAN,True
4478,1957,0.4472136,0.2,PAAD,OV,False
4479,956,0.25000003,0.11111111,LGG,GBMLGG,False
4480,1335,0.09128709,0.023809524,BLCA,PCPG,False
4481,5142,0.12309149,0.041666668,BRCA,BRCA,True
4482,0,0.0,0.0,LAML,KIPAN,False
4483,1105,1.0,1.0,LGG,GBMLGG,False
4484,4545,0.115470044,0.05263158,BRCA,LGG,False
4485,3463,0.19245009,0.09090909,UCEC,KIRC,False
4486,4219,0.14433756,0.07692308,BRCA,OV,False
4487,5236,0.018104183,0.007194245,UCEC,BRCA,False
4488,5191,0.0758098,0.029411765,OV,COAD,False
4489,811,0.4472136,0.2,THCA,THCA,True
4490,6064,0.99999994,1.0,KIPAN,KIRC,False
4491,1631,0.036514834,0.018518519,OV,BRCA,False
4492,0,0.0,0.0,GBMLGG,KIPAN,False
4493,231,0.04089304,0.020833334,KIPAN,KIPAN,True
4494,3086,0.0877058,0.045454547,GBMLGG,UCEC,False
4495,1069,0.99999994,1.0,GBMLGG,LGG,False
4496,3993,0.10206207,0.037037037,STES,GBMLGG,False
4497,848,0.11111112,0.03448276,PAAD,SARC,False
4498,1888,0.10206207,0.04761905,OV,GBMLGG,False
4499,0,0.0,0.0,BRCA,KIPAN,False
4500,0,0.0,0.0,THCA,KIPAN,False
4501,4888,0.31622776,0.16666667,BRCA,BRCA,True
4502,4543,0.019592784,0.0019047619,BRCA,SKCM,False
4503,1506,0.057353932,0.029411765,KIPAN,GBMLGG,False
4504,2068,0.022304986,0.004761905,KIPAN,STES,False
4505,5576,0.99999994,1.0,KIRC,KIPAN,False
4506,4888,0.18257418,0.0625,BRCA,BRCA,True
4507,3536,1.0,1.0,LAML,LAML,True
4508,1184,0.18057877,0.09375,ACC,ACC,True
4509,523,0.03965258,0.015625,LUAD,STES,False
4510,2983,0.06085806,0.03125,TGCT,TGCT,True
4511,2235,1.0000001,1.0,KIRC,KIPAN,False
4512,767,0.07161149,0.037037037,KIPAN,ACC,False
4513,957,0.083333336,0.025641026,BRCA,PRAD,False
4514,1369,0.0032450773,0.00019936204,CESC,SKCM,False
4515,0,0.0,0.0,PCPG,KIPAN,False
4516,4804,0.04283529,0.0088495575,OV,LUSC,False
4517,376,1.0,1.0,KIPAN,KIRC,False
4518,4135,1.0,1.0,LGG,GBMLGG,False
4519,5091,1.0,1.0,KIPAN,KIRC,False
4520,3757,0.031128641,0.015151516,LIHC,STES,False
4521,0,0.0,0.0,THCA,KIPAN,False
4522,3463,0.10050379,0.028571429,CESC,KIRC,False
4523,749,0.06579517,0.025641026,BLCA,BRCA,False
4524,740,1.0,1.0,KIRC,KIPAN,False
4525,4262,0.2236068,0.09090909,PRAD,PRAD,True
4526,0,0.0,0.0,THCA,KIPAN,False
4527,5157,0.06482037,0.025,LUSC,PRAD,False
4528,3754,1.0,1.0,KIPAN,KIRC,False
4529,0,0.0,0.0,PRAD,KIPAN,False
4530,4726,1.0,1.0,GBMLGG,LGG,False
4531,1842,0.14433756,0.06666667,BRCA,BRCA,True
4532,307,0.047245562,0.023255814,STES,TGCT,False
4533,5196,0.99999994,1.0,KIPAN,KIRC,False
4534,2323,0.053452246,0.022727273,CESC,BLCA,False
4535,1335,0.10206208,0.029411765,LUAD,PCPG,False
4536,1373,0.025391836,0.0066225166,LUAD,LUAD,True
4537,2637,0.05892556,0.028571429,PAAD,LUAD,False
4538,2605,1.0,1.0,KIPAN,KIRC,False
4539,979,0.04120428,0.020408163,KIRC,OV,False
4540,3417,0.06579517,0.032258064,CESC,SARC,False
4541,4543,0.00799872,0.0018181818,CESC,SKCM,False
4542,5267,0.12909944,0.06666667,SARC,GBMLGG,False
4543,4502,0.019592784,0.0019047619,SKCM,BRCA,False
4544,0,0.0,0.0,PRAD,KIPAN,False
4545,1933,0.23094009,0.11111111,LGG,LGG,True
4546,956,0.18257418,0.0625,GBMLGG,GBMLGG,True
4547,2336,1.0000001,1.0,KIPAN,KIRC,False
4548,4198,0.0860663,0.04347826,GBMLGG,GBMLGG,True
4549,1686,0.0326164,0.009708738,CESC,SKCM,False
4550,574,1.0,1.0,GBMLGG,LGG,False
4551,811,0.70710677,0.5,THCA,THCA,True
4552,1895,0.99999994,1.0,KIRC,KIPAN,False
4553,1437,1.0000001,1.0,GBMLGG,LGG,False
4554,5905,0.0745356,0.03846154,KIPAN,GBMLGG,False
4555,2416,0.024953257,0.010638298,SKCM,LUSC,False
4556,2755,1.0,1.0,KIPAN,KIRC,False
4557,0,0.0,0.0,PRAD,KIPAN,False
4558,0,0.0,0.0,GBMLGG,KIPAN,False
4559,3370,1.0000001,1.0,GBMLGG,LGG,False
4560,5259,0.026135419,0.005263158,GBMLGG,BLCA,False
4561,2805,0.06299408,0.032258064,OV,KIPAN,False
4562,1571,0.99999994,1.0,GBMLGG,LGG,False
4563,3881,1.0000001,1.0,KIRC,KIPAN,False
4564,0,0.0,0.0,TGCT,KIPAN,False
4565,3861,0.06085806,0.027777778,GBMLGG,GBMLGG,True
4566,0,0.0,0.0,LAML,KIPAN,False
4567,811,0.4472136,0.2,SKCM,THCA,False
4568,4888,0.034710508,0.0024038462,STES,BRCA,False
4569,2590,0.99999994,1.0,LGG,GBMLGG,False
4570,313,0.08512565,0.035714287,PAAD,KIRC,False
4571,1975,1.0,1.0,KIRC,KIPAN,False
4572,0,0.0,0.0,STES,KIPAN,False
4573,683,0.99999994,1.0,KIRC,KIPAN,False
4574,1953,1.0,1.0,KIPAN,KIRC,False
4575,5821,0.022048693,0.00729927,COAD,SKCM,False
4576,5917,0.12732139,0.0625,ACC,ACC,True
4577,4340,0.020261023,0.01010101,SKCM,SKCM,True
4578,4701,0.1118034,0.024390243,HNSC,BRCA,False
4579,0,0.0,0.0,THCA,KIPAN,False
4580,957,0.08111071,0.024390243,BLCA,PRAD,False
4581,0,0.0,0.0,BRCA,KIPAN,False
4582,811,0.4472136,0.2,THCA,THCA,True
4583,4888,0.20412415,0.07692308,BRCA,BRCA,True
4584,852,0.99999994,1.0,GBMLGG,LGG,False
4585,5775,0.0438529,0.016393442,LIHC,PAAD,False
4586,2991,0.08451542,0.04347826,GBMLGG,HNSC,False
4587,4320,0.02196344,0.0014430014,STES,PCPG,False
4588,811,0.0857493,0.007352941,SKCM,THCA,False
4589,4958,0.99999994,1.0,GBMLGG,LGG,False
4590,811,0.06565321,0.004310345,COAD,THCA,False
4591,5574,0.069337524,0.00952381,LUAD,LAML,False
4592,5974,1.0000001,1.0,LGG,GBMLGG,False
4593,5939,0.025424642,0.007633588,BLCA,GBMLGG,False
4594,0,0.0,0.0,BRCA,KIPAN,False
4595,811,0.16439898,0.027027028,SKCM,THCA,False
4596,5070,0.08111071,0.03846154,GBMLGG,UCEC,False
4597,4618,0.3779645,0.22222222,PCPG,PCPG,True
4598,1599,0.99999994,1.0,KIRC,KIPAN,False
4599,6086,0.039283708,0.02,PAAD,GBMLGG,False
4600,2598,0.083333336,0.025641026,COAD,BRCA,False
4601,6052,0.21821791,0.11111111,THCA,THCA,True
4602,0,0.0,0.0,SARC,KIPAN,False
4603,4052,1.0000001,1.0,GBMLGG,LGG,False
4604,0,0.0,0.0,BRCA,KIPAN,False
4605,2423,1.0,1.0,KIRC,KIPAN,False
4606,2880,0.6201737,0.4347826,TGCT,TGCT,True
4607,0,0.0,0.0,BRCA,KIPAN,False
4608,5338,0.0860663,0.04347826,COAD,COAD,True
4609,3283,0.0805823,0.035714287,BRCA,BRCA,True
4610,3300,1.0000001,1.0,GBMLGG,LGG,False
4611,121,0.096225046,0.02631579,STES,LGG,False
4612,4701,0.05116445,0.0052083335,BRCA,BRCA,True
4613,31,1.0,1.0,LGG,GBMLGG,False
4614,752,0.16903086,0.09090909,GBMLGG,LAML,False
4615,4721,0.12309149,0.029411765,HNSC,BRCA,False
4616,3249,0.08451543,0.014084507,THYM,LUSC,False
4617,0,0.0,0.0,HNSC,KIPAN,False
4618,4597,0.3779645,0.22222222,PCPG,PCPG,True
4619,0,0.0,0.0,OV,KIPAN,False
4620,1408,0.0559017,0.028571429,GBMLGG,GBMLGG,True
4621,1656,0.054232616,0.013888889,STES,OV,False
4622,480,0.06299408,0.015151516,LIHC,OV,False
4623,5614,0.058222253,0.015873017,UCEC,BRCA,False
4624,3463,0.032633767,0.0031746032,UCEC,KIRC,False
4625,5999,0.04291411,0.0054644807,SKCM,THCA,False
4626,1446,0.07254762,0.023809524,LUSC,BRCA,False
4627,1821,0.057735022,0.029411765,COAD,BRCA,False
4628,1669,0.70710677,0.5,LAML,LAML,True
4629,0,0.0,0.0,LIHC,KIPAN,False
4630,5920,0.009617164,0.0028490028,LIHC,BRCA,False
4631,1197,0.090909086,0.04761905,SARC,KIPAN,False
4632,1396,1.0,1.0,KIPAN,KIRC,False
4633,4721,0.25000003,0.11111111,BRCA,BRCA,True
4634,956,0.35355338,0.2,LGG,GBMLGG,False
4635,2952,1.0000001,1.0,KIPAN,KIRC,False
4636,1957,0.2773501,0.07692308,OV,OV,True
4637,4888,0.26726124,0.125,BRCA,BRCA,True
4638,121,0.13245323,0.04761905,KIPAN,LGG,False
4639,0,0.0,0.0,SARC,KIPAN,False
4640,4531,0.1042572,0.03846154,OV,BRCA,False
4641,548,0.18257418,0.1,OV,LGG,False
4642,1660,1.0,1.0,KIPAN,KIRC,False
4643,3602,0.99999994,1.0,KIPAN,KIRC,False
4644,776,1.0000001,1.0,LGG,GBMLGG,False
4645,1066,1.0,1.0,KIPAN,KIRC,False
4646,3384,0.03121953,0.013513514,DLBC,DLBC,True
4647,4714,0.09128709,0.04761905,SKCM,CESC,False
4648,4837,1.0,1.0,LGG,GBMLGG,False
4649,1166,0.07392213,0.015873017,STES,OV,False
4650,1338,0.04166667,0.012658228,BRCA,BRCA,True
4651,0,0.0,0.0,PRAD,KIPAN,False
4652,1791,0.99999994,1.0,LGG,GBMLGG,False
4653,4701,0.25000003,0.11111111,BRCA,BRCA,True
4654,626,0.020965697,0.0053475937,GBMLGG,LUAD,False
4655,0,0.0,0.0,LGG,KIPAN,False
4656,811,0.056433264,0.0031847134,COAD,THCA,False
4657,0,0.0,0.0,BLCA,KIPAN,False
4658,0,0.0,0.0,THYM,KIPAN,False
4659,1861,0.11785112,0.03846154,TGCT,LAML,False
4660,1249,1.0,1.0,KIPAN,KIRC,False
4661,1062,0.056343623,0.019607844,LUSC,GBMLGG,False
4662,811,0.21320072,0.045454547,GBMLGG,THCA,False
4663,544,0.069006555,0.02173913,LUSC,LAML,False
4664,1104,0.14002801,0.05263158,UCEC,OV,False
4665,811,0.13130642,0.01724138,SKCM,THCA,False
4666,688,0.042257715,0.021276595,BRCA,BRCA,True
4667,1643,0.020712323,0.01010101,DLBC,UCEC,False
4668,260,0.18898225,0.06666667,GBMLGG,PRAD,False
4669,1676,0.015855052,0.0078125,STES,STES,True
4670,6057,0.99999994,1.0,KIRC,KIPAN,False
4671,1991,0.99999994,1.0,LGG,GBMLGG,False
4672,5660,0.009626962,0.0011876485,KIRC,SKCM,False
4673,315,0.073323555,0.027777778,BRCA,PAAD,False
4674,2727,0.06063391,0.024390243,LUSC,PAAD,False
4675,3447,0.057639048,0.020408163,STES,OV,False
4676,2934,0.31622776,0.16666667,LAML,LGG,False
4677,811,1.0,1.0,THCA,THCA,True
4678,630,1.0000001,1.0,KIPAN,KIRC,False
4679,1427,1.0,1.0,KIPAN,KIRC,False
4680,5044,0.068041384,0.013513514,SKCM,PCPG,False
4681,4633,0.11785114,0.0625,SARC,BRCA,False
4682,4411,0.08908708,0.045454547,OV,SARC,False
4683,4768,0.02548236,0.010989011,SKCM,HNSC,False
4684,2189,0.006168727,0.00041684034,OV,UCEC,False
4685,6009,0.99999994,1.0,GBMLGG,LGG,False
4686,0,0.0,0.0,THYM,KIPAN,False
4687,357,1.0,1.0,KIPAN,KIRC,False
4688,0,0.0,0.0,OV,KIPAN,False
4689,0,0.0,0.0,SARC,KIPAN,False
4690,5505,0.0727393,0.030303031,STES,PRAD,False
4691,6096,1.0,1.0,KIRC,KIPAN,False
4692,0,0.0,0.0,BRCA,KIPAN,False
4693,5233,0.019968076,0.009259259,OV,SKCM,False
4694,956,0.26726124,0.125,LGG,GBMLGG,False
4695,1061,1.0,1.0,LGG,GBMLGG,False
4696,4167,0.068041384,0.013513514,THCA,STES,False
4697,4758,0.23570228,0.055555556,GBMLGG,THYM,False
4698,811,0.18257418,0.033333335,SKCM,THCA,False
4699,290,0.088388346,0.04347826,SARC,GBMLGG,False
4700,811,0.70710677,0.5,THCA,THCA,True
4701,380,0.4082483,0.25,BRCA,BRCA,True
4702,4908,0.041594516,0.02,COAD,COAD,True
4703,694,0.015135887,0.0032786885,SKCM,SKCM,True
4704,0,0.0,0.0,TGCT,KIPAN,False
4705,4768,0.048911598,0.025,LUAD,HNSC,False
4706,480,0.16666667,0.083333336,OV,OV,True
4707,5642,0.018330889,0.007936508,HNSC,SKCM,False
4708,4198,0.096225046,0.05,GBMLGG,GBMLGG,True
4709,642,0.04267896,0.014492754,HNSC,KIPAN,False
4710,2230,0.031782087,0.009259259,BRCA,STES,False
4711,1527,0.99999994,1.0,KIRC,KIPAN,False
4712,4676,0.08980265,0.015873017,STES,LAML,False
4713,779,0.9999999,1.0,KIPAN,KIRC,False
4714,4647,0.09128709,0.04761905,CESC,SKCM,False
4715,848,0.10206208,0.029411765,LUAD,SARC,False
4716,1346,0.08006408,0.023809524,BRCA,PRAD,False
4717,2280,1.0000001,1.0,KIPAN,KIRC,False
4718,811,0.70710677,0.5,THCA,THCA,True
4719,1335,0.34815532,0.16666667,PCPG,PCPG,True
4720,52,0.31622776,0.1,KIPAN,KIRC,False
4721,5635,0.50000006,0.25,BRCA,BRCA,True
4722,4721,0.14744195,0.041666668,COAD,BRCA,False
4723,1520,0.20412414,0.11111111,SARC,OV,False
4724,2237,0.0291482,0.008547009,BLCA,BRCA,False
4725,848,0.109108955,0.033333335,PAAD,SARC,False
4726,4530,1.0,1.0,LGG,GBMLGG,False
4727,5380,0.06454972,0.033333335,GBMLGG,GBMLGG,True
4728,298,0.5163978,0.33333334,THCA,THCA,True
4729,1402,0.022428066,0.002,SKCM,LAML,False
4730,811,0.3779645,0.14285715,THCA,THCA,True
4731,148,0.14002801,0.05263158,UCEC,LGG,False
4732,335,0.019920478,0.00990099,LUAD,LIHC,False
4733,1957,0.30151135,0.09090909,OV,OV,True
4734,4676,0.15075567,0.04347826,GBMLGG,LAML,False
4735,4721,0.12309149,0.029411765,COAD,BRCA,False
4736,4163,0.031311214,0.0121951215,HNSC,HNSC,True
4737,2909,1.0,1.0,KIPAN,KIRC,False
4738,2895,1.0,1.0,KIPAN,KIRC,False
4739,2335,0.031782087,0.013888889,STES,GBMLGG,False
4740,0,0.0,0.0,LAML,KIPAN,False
4741,854,1.0,1.0,GBMLGG,LGG,False
4742,1957,0.14744195,0.02173913,LUSC,OV,False
4743,1502,0.0058979862,0.0005858231,CESC,COAD,False
4744,0,0.0,0.0,LUSC,KIPAN,False
4745,5748,0.010394135,0.0013812155,SKCM,LUSC,False
4746,811,0.40824828,0.16666667,THCA,THCA,True
4747,0,0.0,0.0,THYM,KIPAN,False
4748,5017,0.018059842,0.0022522523,COAD,UCEC,False
4749,2261,0.034921512,0.0048076925,SKCM,PCPG,False
4750,1737,0.045883145,0.023255814,LIHC,KIPAN,False
4751,1824,1.0000001,1.0,KIRC,KIPAN,False
4752,4888,0.4082483,0.25,BRCA,BRCA,True
4753,5372,0.041030496,0.015625,UCEC,UCEC,True
4754,4721,0.11043152,0.023809524,CESC,BRCA,False
4755,0,0.0,0.0,BRCA,KIPAN,False
4756,0,0.0,0.0,CESC,KIPAN,False
4757,414,0.015994882,0.0006389776,UCEC,PCPG,False
4758,4697,0.23570228,0.055555556,THYM,GBMLGG,False
4759,3675,0.13245323,0.06896552,UCEC,UCEC,True
4760,0,0.0,0.0,STES,KIPAN,False
4761,1280,1.0,1.0,KIRC,KIPAN,False
4762,811,0.5,0.25,THCA,THCA,True
4763,203,0.08451543,0.03125,DLBC,LIHC,False
4764,4641,0.04767313,0.010869565,STES,OV,False
4765,3993,0.062017366,0.014705882,STES,GBMLGG,False
4766,2759,0.01628224,0.007874016,LUAD,LUSC,False
4767,1825,0.05832118,0.018518519,LUAD,KIRC,False
4768,2991,0.06741998,0.032258064,HNSC,HNSC,True
4769,811,0.3779645,0.14285715,THCA,THCA,True
4770,811,0.57735026,0.33333334,THCA,THCA,True
4771,4701,0.09205746,0.016666668,LUSC,BRCA,False
4772,2933,0.15430336,0.045454547,OV,THYM,False
4773,88,0.015089292,0.0026525198,SKCM,BRCA,False
4774,0,0.0,0.0,BRCA,KIPAN,False
4775,5485,0.0214324,0.0031545742,LIHC,OV,False
4776,1052,1.0,1.0,KIRC,KIPAN,False
4777,4028,1.0,1.0,KIRC,KIPAN,False
4778,4551,0.4082483,0.25,SKCM,THCA,False
4779,6024,0.05832118,0.029411765,TGCT,KIPAN,False
4780,0,0.0,0.0,THYM,KIPAN,False
4781,5807,0.04472136,0.016949153,BRCA,HNSC,False
4782,0,0.0,0.0,BRCA,KIPAN,False
4783,3535,0.99999994,1.0,GBMLGG,LGG,False
4784,848,0.07392213,0.015873017,STES,SARC,False
4785,0,0.0,0.0,BRCA,KIPAN,False
4786,4531,0.0474579,0.00877193,SKCM,BRCA,False
4787,0,0.0,0.0,LGG,KIPAN,False
4788,0,0.0,0.0,THCA,KIPAN,False
4789,2857,1.0000001,1.0,KIPAN,KIRC,False
4790,4641,0.10259783,0.04347826,PAAD,OV,False
4791,46,0.11785114,0.0625,BRCA,BRCA,True
4792,946,0.026444294,0.008196721,LIHC,LUSC,False
4793,537,1.0,1.0,KIPAN,KIRC,False
4794,5459,1.0,1.0,KIPAN,KIRC,False
4795,5239,0.069337524,0.00952381,PCPG,BLCA,False
4796,5588,0.022496063,0.0060975607,SKCM,LGG,False
4797,5944,0.18257418,0.083333336,LAML,BRCA,False
4798,1942,0.04740455,0.010752688,PCPG,LUSC,False
4799,0,0.0,0.0,LUSC,KIPAN,False
4800,5356,0.019262852,0.009009009,LIHC,LIHC,True
4801,1356,0.22941573,0.05263158,LIHC,LAML,False
4802,0,0.0,0.0,BRCA,KIPAN,False
4803,3285,1.0000001,1.0,LGG,GBMLGG,False
4804,4516,0.04283529,0.0088495575,LUSC,OV,False
4805,4676,0.09053575,0.016129032,STES,LAML,False
4806,4878,0.03402069,0.016949153,DLBC,DLBC,True
4807,0,0.0,0.0,SARC,KIPAN,False
4808,811,0.11111111,0.012345679,SKCM,THCA,False
4809,1356,0.35355338,0.125,SKCM,LAML,False
4810,811,1.0,1.0,THCA,THCA,True
4811,5043,0.058025885,0.024390243,PRAD,STES,False
4812,6155,0.04622502,0.02,STES,LGG,False
4813,0,0.0,0.0,BRCA,KIPAN,False
4814,244,0.009646651,0.003968254,LUAD,LUSC,False
4815,1933,0.09128709,0.035714287,HNSC,LGG,False
4816,4676,0.15430336,0.045454547,LIHC,LAML,False
4817,4888,0.28867513,0.14285715,BRCA,BRCA,True
4818,0,0.0,0.0,BRCA,KIPAN,False
4819,811,0.5,0.25,THCA,THCA,True
4820,2030,0.017360482,0.004,SKCM,BRCA,False
4821,861,0.05812382,0.022727273,HNSC,LUSC,False
4822,2508,0.094491124,0.032258064,LIHC,PAAD,False
4823,0,0.0,0.0,KIPAN,KIPAN,True
4824,2240,0.056343615,0.028571429,GBMLGG,GBMLGG,True
4825,4888,0.17677669,0.05882353,BRCA,BRCA,True
4826,0,0.0,0.0,TGCT,KIPAN,False
4827,0,0.0,0.0,PRAD,KIPAN,False
4828,5556,0.99999994,1.0,LGG,GBMLGG,False
4829,574,0.10660036,0.04,GBMLGG,LGG,False
4830,4597,0.096225046,0.033333335,TGCT,PCPG,False
4831,523,0.036711153,0.015151516,CESC,STES,False
4832,501,0.14285715,0.07692308,PAAD,STES,False
4833,4676,0.12700012,0.03125,BLCA,LAML,False
4834,724,0.09805807,0.05,LIHC,GBMLGG,False
4835,26,0.12909944,0.06666667,ACC,BRCA,False
4836,811,0.40824828,0.16666667,THCA,THCA,True
4837,4648,1.0,1.0,GBMLGG,LGG,False
4838,811,0.5,0.25,THCA,THCA,True
4839,956,0.4082483,0.25,LAML,GBMLGG,False
4840,0,0.0,0.0,TGCT,KIPAN,False
4841,0,0.0,0.0,KIPAN,KIPAN,True
4842,4721,0.31622776,0.16666667,BRCA,BRCA,True
4843,1765,0.04454354,0.015625,UCEC,UCEC,True
4844,966,1.0,1.0,GBMLGG,LGG,False
4845,0,0.0,0.0,BRCA,KIPAN,False
4846,3771,0.57735026,0.33333334,LAML,LAML,True
4847,673,1.0,1.0,KIPAN,KIRC,False
4848,5773,1.0,1.0,KIPAN,KIRC,False
4849,6021,1.0,1.0,KIPAN,KIRC,False
4850,3085,0.16666667,0.08695652,GBMLGG,LUAD,False
4851,4918,0.032075014,0.010869565,LUSC,TGCT,False
4852,121,0.16666667,0.071428575,SARC,LGG,False
4853,1326,0.034668762,0.01754386,COAD,COAD,True
4854,0,0.0,0.0,BRCA,KIPAN,False
4855,2798,1.0,1.0,KIPAN,KIRC,False
4856,4440,0.07881104,0.03448276,STES,BRCA,False
4857,4764,0.021320071,0.008928572,GBMLGG,STES,False
4858,0,0.0,0.0,PRAD,KIPAN,False
4859,5194,0.019188236,0.004830918,SARC,COAD,False
4860,0,0.0,0.0,LUAD,KIPAN,False
4861,3285,0.07537784,0.03448276,OV,GBMLGG,False
4862,4701,0.094491124,0.01754386,CESC,BRCA,False
4863,1792,0.067166045,0.026548672,ACC,ACC,True
4864,2428,0.040824827,0.006535948,SKCM,THCA,False
4865,3289,0.045454543,0.018518519,STES,LUAD,False
4866,0,0.0,0.0,THCA,KIPAN,False
4867,6107,1.0,1.0,GBMLGG,LGG,False
4868,1336,0.0836242,0.04347826,TGCT,GBMLGG,False
4869,4198,0.07856742,0.03846154,GBMLGG,GBMLGG,True
4870,121,0.109108955,0.033333335,HNSC,LGG,False
4871,1957,0.25,0.0625,LGG,OV,False
4872,3164,0.029735051,0.014925373,HNSC,CESC,False
4873,3898,0.09325048,0.037037037,BRCA,BRCA,True
4874,1033,0.032915402,0.012048192,HNSC,GBMLGG,False
4875,4032,0.02090605,0.010526316,STES,BLCA,False
4876,0,0.0,0.0,PRAD,KIPAN,False
4877,4984,0.006722015,0.00040535064,OV,UCEC,False
4878,4570,0.042562824,0.02173913,DLBC,PAAD,False
4879,0,0.0,0.0,LAML,KIPAN,False
4880,1727,0.026462806,0.011363637,BRCA,BRCA,True
4881,929,1.0,1.0,KIPAN,KIRC,False
4882,811,0.4472136,0.2,THCA,THCA,True
4883,4676,0.11952286,0.027777778,STES,LAML,False
4884,2056,1.0000001,1.0,GBMLGG,LGG,False
4885,0,0.0,0.0,BRCA,KIPAN,False
4886,811,0.0766965,0.005882353,COAD,THCA,False
4887,3576,0.99999994,1.0,KIRC,KIPAN,False
4888,693,0.4082483,0.25,BRCA,LGG,False
4889,1624,0.05954913,0.01923077,GBMLGG,BRCA,False
4890,848,0.18257418,0.083333336,BRCA,SARC,False
4891,3062,0.99999994,1.0,LGG,GBMLGG,False
4892,0,0.0,0.0,LUAD,KIPAN,False
4893,0,0.0,0.0,KIRC,KIPAN,False
4894,0,0.0,0.0,KIRC,KIPAN,False
4895,0,0.0,0.0,SARC,KIPAN,False
4896,3813,0.04612656,0.017857144,CESC,SKCM,False
4897,1657,1.0,1.0,LGG,GBMLGG,False
4898,2745,1.0,1.0,KIPAN,KIRC,False
4899,811,0.57735026,0.33333334,THCA,THCA,True
4900,6162,0.019744962,0.0034129692,COAD,BRCA,False
4901,5678,0.08006408,0.041666668,GBMLGG,UCEC,False
4902,3651,0.19611613,0.071428575,SKCM,PCPG,False
4903,0,0.0,0.0,BRCA,KIPAN,False
4904,0,0.0,0.0,THCA,KIPAN,False
4905,4888,0.18257418,0.0625,UCEC,BRCA,False
4906,1114,0.03526728,0.007194245,DLBC,SKCM,False
4907,0,0.0,0.0,PRAD,KIPAN,False
4908,5485,0.09166986,0.04347826,COAD,OV,False
4909,0,0.0,0.0,CESC,KIPAN,False
4910,811,0.70710677,0.5,THCA,THCA,True
4911,3262,0.06681531,0.03448276,BRCA,BRCA,True
4912,0,0.0,0.0,KIRC,KIPAN,False
4913,5894,0.012393943,0.0040650405,STES,CESC,False
4914,3873,0.07905694,0.037037037,COAD,COAD,True
4915,3285,0.057353936,0.022222223,HNSC,GBMLGG,False
4916,1919,1.0,1.0,GBMLGG,LGG,False
4917,5244,0.019952172,0.0058139535,THYM,UCEC,False
4918,3743,0.09128709,0.04761905,TGCT,TGCT,True
4919,121,0.13245323,0.04761905,COAD,LGG,False
4920,3232,0.026261287,0.0121951215,GBMLGG,STES,False
4921,1605,0.09245003,0.04761905,SARC,COAD,False
4922,1091,0.016070608,0.002762431,BLCA,SKCM,False
4923,811,0.70710677,0.5,THCA,THCA,True
4924,848,0.05337605,0.008403362,BLCA,SARC,False
4925,2444,1.0,1.0,KIRC,KIPAN,False
4926,0,0.0,0.0,PRAD,KIPAN,False
4927,0,0.0,0.0,BRCA,KIPAN,False
4928,956,0.28867513,0.14285715,LGG,GBMLGG,False
4929,3310,0.06063391,0.03125,KIPAN,STES,False
4930,4984,0.0042049107,0.00040306328,KIPAN,UCEC,False
4931,1537,1.0000001,1.0,KIPAN,KIRC,False
4932,0,0.0,0.0,KIPAN,KIPAN,True
4933,494,0.051502623,0.024390243,BLCA,CESC,False
4934,4676,0.2236068,0.09090909,OV,LAML,False
4935,0,0.0,0.0,SARC,KIPAN,False
4936,0,0.0,0.0,PCPG,KIPAN,False
4937,496,0.28867513,0.16666667,BRCA,UCEC,False
4938,811,0.5,0.25,THCA,THCA,True
4939,724,0.019581512,0.003003003,STES,GBMLGG,False
4940,5313,0.13608275,0.071428575,BRCA,BRCA,True
4941,0,0.0,0.0,THYM,KIPAN,False
4942,3447,0.11952286,0.0625,OV,OV,True
4943,0,0.0,0.0,TGCT,KIPAN,False
4944,693,1.0,1.0,GBMLGG,LGG,False
4945,2191,0.050832856,0.007633588,SKCM,PRAD,False
4946,0,0.0,0.0,CESC,KIPAN,False
4947,4328,0.031544015,0.012345679,CESC,STES,False
4948,1810,0.1230915,0.06521739,ACC,ACC,True
4949,3057,0.06741998,0.032258064,BRCA,KIRC,False
4950,2097,1.0,1.0,KIRC,KIPAN,False
4951,1730,1.0,1.0,LGG,GBMLGG,False
4952,245,0.036417853,0.014285714,LUAD,UCEC,False
4953,4127,0.054554477,0.020408163,LUAD,GBMLGG,False
4954,4721,0.20412415,0.07692308,BRCA,BRCA,True
4955,5574,0.17677669,0.05882353,PAAD,LAML,False
4956,1761,0.004475987,0.00035842293,COAD,UCEC,False
4957,1335,0.4082483,0.22222222,PCPG,PCPG,True
4958,4589,0.99999994,1.0,LGG,GBMLGG,False
4959,2419,0.99999994,1.0,KIRC,KIPAN,False
4960,5694,0.20412414,0.11111111,PCPG,PCPG,True
4961,5720,0.010130512,0.0026666666,STES,STES,True
4962,0,0.0,0.0,THCA,KIPAN,False
4963,5787,0.05025189,0.01923077,STES,LGG,False
4964,0,0.0,0.0,TGCT,KIPAN,False
4965,1062,0.101015255,0.05,SARC,GBMLGG,False
4966,811,0.107211255,0.011494253,SKCM,THCA,False
4967,0,0.0,0.0,PCPG,KIPAN,False
4968,811,0.1490712,0.022222223,LUAD,THCA,False
4969,811,0.28867513,0.083333336,THCA,THCA,True
4970,2472,1.0,1.0,KIRC,KIPAN,False
4971,4676,0.17677669,0.05882353,PAAD,LAML,False
4972,5485,0.09166986,0.04347826,UCEC,OV,False
4973,0,0.0,0.0,PCPG,KIPAN,False
4974,270,0.07161149,0.037037037,GBMLGG,GBMLGG,True
4975,6080,0.047245562,0.023255814,GBMLGG,TGCT,False
4976,4701,0.11470787,0.025641026,BRCA,BRCA,True
4977,4888,0.23570228,0.1,BRCA,BRCA,True
4978,0,0.0,0.0,KIRC,KIPAN,False
4979,4721,0.07715168,0.011764706,HNSC,BRCA,False
4980,5053,0.061545745,0.030303031,COAD,PAAD,False
4981,5558,0.99999994,1.0,KIRC,KIPAN,False
4982,2135,0.040274296,0.020512821,DLBC,DLBC,True
4983,3651,0.09712859,0.018518519,STES,PCPG,False
4984,4531,0.0100830225,0.00040617384,UCEC,BRCA,False
4985,1957,0.18569534,0.03448276,COAD,OV,False
4986,0,0.0,0.0,OV,KIPAN,False
4987,5607,1.0000001,1.0,GBMLGG,LGG,False
4988,5229,1.0,1.0,LGG,GBMLGG,False
4989,0,0.0,0.0,PRAD,KIPAN,False
4990,5701,0.013485223,0.005586592,HNSC,LUAD,False
4991,123,0.03504998,0.01724138,COAD,KIPAN,False
4992,1864,1.0,1.0,KIRC,KIPAN,False
4993,4888,0.19611613,0.071428575,BRCA,BRCA,True
4994,5274,0.06454972,0.033333335,BRCA,LUSC,False
4995,751,0.042220034,0.020408163,COAD,BRCA,False
4996,0,0.0,0.0,BRCA,KIPAN,False
4997,0,0.0,0.0,OV,KIPAN,False
4998,4676,0.16666669,0.05263158,OV,LAML,False
4999,3638,1.0,1.0,KIPAN,KIRC,False
5000,4012,0.026773978,0.013333334,LUSC,COAD,False
5001,1598,1.0,1.0,GBMLGG,LGG,False
5002,4391,0.13363062,0.071428575,PAAD,UCEC,False
5003,1166,0.056077216,0.009259259,LUAD,OV,False
5004,5208,1.0,1.0,KIPAN,KIRC,False
5005,272,0.07142857,0.037037037,KIPAN,KIPAN,True
5006,4641,0.16903086,0.09090909,BRCA,OV,False
5007,2574,0.053376053,0.025641026,PAAD,HNSC,False
5008,834,0.10540925,0.05,STES,OV,False
5009,5855,0.043355495,0.0121951215,LUAD,PCPG,False
5010,1972,0.0766965,0.03846154,KIPAN,KIPAN,True
5011,2447,0.28867513,0.14285715,PCPG,THCA,False
5012,0,0.0,0.0,KIRC,KIPAN,False
5013,271,0.99999994,1.0,KIRC,KIPAN,False
5014,0,0.0,0.0,THCA,KIPAN,False
5015,811,0.4472136,0.2,THCA,THCA,True
5016,2718,0.05455447,0.027777778,GBMLGG,UCEC,False
5017,4748,0.018059842,0.0022522523,UCEC,COAD,False
5018,84,0.06262243,0.032258064,OV,OV,True
5019,121,0.07392213,0.015873017,STES,LGG,False
5020,121,0.1490712,0.05882353,PAAD,LGG,False
5021,5915,0.03407991,0.0034602077,THCA,UCEC,False
5022,4211,0.0260643,0.011627907,LUSC,LUSC,True
5023,4486,0.08164965,0.033333335,BRCA,BRCA,True
5024,582,0.031830348,0.014925373,STES,COAD,False
5025,3587,0.99999994,1.0,KIPAN,KIRC,False
5026,2422,0.020121092,0.00390625,BRCA,COAD,False
5027,2961,0.01844278,0.009009009,SKCM,SKCM,True
5028,0,0.0,0.0,OV,KIPAN,False
5029,2811,0.06350006,0.015384615,LUAD,PCPG,False
5030,0,0.0,0.0,OV,KIPAN,False
5031,0,0.0,0.0,CESC,KIPAN,False
5032,0,0.0,0.0,KIPAN,KIPAN,True
5033,811,0.57735026,0.33333334,THCA,THCA,True
5034,0,0.0,0.0,KIPAN,KIPAN,True
5035,5796,1.0,1.0,KIPAN,KIRC,False
5036,0,0.0,0.0,LAML,KIPAN,False
5037,2327,1.0,1.0,LGG,GBMLGG,False
5038,1119,0.089087084,0.022727273,HNSC,BRCA,False
5039,0,0.0,0.0,LAML,KIPAN,False
5040,0,0.0,0.0,SARC,KIPAN,False
5041,2135,0.04024641,0.020501139,DLBC,DLBC,True
5042,5070,0.094491124,0.04761905,UCEC,UCEC,True
5043,1957,0.17407766,0.030303031,STES,OV,False
5044,2447,0.4082483,0.25,PCPG,THCA,False
5045,4587,0.011470032,0.0014265336,TGCT,STES,False
5046,811,0.09090909,0.008264462,SKCM,THCA,False
5047,4888,0.23570228,0.1,UCEC,BRCA,False
5048,0,0.0,0.0,LIHC,KIPAN,False
5049,4228,0.015112672,0.0072007203,UCEC,BRCA,False
5050,5481,0.99999994,1.0,GBMLGG,LGG,False
5051,3200,0.094491124,0.032258064,HNSC,SARC,False
5052,1242,1.0,1.0,LGG,GBMLGG,False
5053,5393,0.08006408,0.041666668,PAAD,PAAD,True
5054,2500,0.03857584,0.01923077,GBMLGG,GBMLGG,True
5055,4888,0.28867513,0.14285715,BRCA,BRCA,True
5056,5574,0.044367827,0.003921569,CESC,LAML,False
5057,4211,0.021128856,0.010204081,LUAD,LUSC,False
5058,2490,0.011181737,0.0056179776,SKCM,SKCM,True
5059,0,0.0,0.0,THCA,KIPAN,False
5060,0,0.0,0.0,THCA,KIPAN,False
5061,1656,0.16903086,0.09090909,PRAD,OV,False
5062,587,1.0,1.0,KIPAN,KIRC,False
5063,0,0.0,0.0,LAML,KIPAN,False
5064,3259,0.18208925,0.1,ACC,ACC,True
5065,4029,0.11396058,0.05882353,UCEC,LGG,False
5066,0,0.0,0.0,KIPAN,KIPAN,True
5067,1424,0.023168271,0.010526316,LUSC,PAAD,False
5068,3183,0.0766965,0.03846154,LUAD,SKCM,False
5069,3669,0.99999994,1.0,KIRC,KIPAN,False
5070,5328,0.12500001,0.06666667,UCEC,BRCA,False
5071,0,0.0,0.0,LUAD,KIPAN,False
5072,0,0.0,0.0,PRAD,KIPAN,False
5073,657,0.10910894,0.05263158,BRCA,SARC,False
5074,1385,0.034503277,0.010752688,BLCA,HNSC,False
5075,4051,0.18898225,0.06666667,BRCA,LGG,False
5076,1061,0.019209467,0.0035714286,SKCM,GBMLGG,False
5077,496,0.16012816,0.06666667,BRCA,UCEC,False
5078,1366,1.0,1.0,LGG,GBMLGG,False
5079,0,0.0,0.0,PRAD,KIPAN,False
5080,0,0.0,0.0,PRAD,KIPAN,False
5081,1656,0.09534626,0.03846154,BRCA,OV,False
5082,3832,0.24618298,0.13333334,BRCA,BRCA,True
5083,5866,0.21821788,0.11111111,UCEC,UCEC,True
5084,0,0.0,0.0,THYM,KIPAN,False
5085,4888,0.18898225,0.06666667,BRCA,BRCA,True
5086,1428,0.051031034,0.025641026,LUSC,GBMLGG,False
5087,3536,0.5,0.25,LAML,LAML,True
5088,0,0.0,0.0,THCA,KIPAN,False
5089,4721,0.13363062,0.03448276,COAD,BRCA,False
5090,3736,0.094491124,0.032258064,LUAD,BRCA,False
5091,4519,1.0,1.0,KIRC,KIPAN,False
5092,0,0.0,0.0,PRAD,KIPAN,False
5093,0,0.0,0.0,PRAD,KIPAN,False
5094,0,0.0,0.0,LAML,KIPAN,False
5095,4888,0.15811388,0.04761905,BRCA,BRCA,True
5096,6115,0.11396058,0.05882353,KIPAN,PCPG,False
5097,811,0.3779645,0.14285715,THCA,THCA,True
5098,4968,0.044946656,0.018181818,COAD,LUAD,False
5099,5946,0.06579517,0.032258064,LIHC,KIRC,False
5100,5866,0.16666666,0.09090909,UCEC,UCEC,True
5101,3150,0.0372678,0.014084507,SARC,KIPAN,False
5102,4676,0.12309149,0.029411765,UCEC,LAML,False
5103,3861,1.0,1.0,LGG,GBMLGG,False
5104,811,0.115470044,0.013333334,SKCM,THCA,False
5105,302,0.053376053,0.021276595,HNSC,GBMLGG,False
5106,1468,0.012745318,0.0050251256,SKCM,BRCA,False
5107,0,0.0,0.0,PRAD,KIPAN,False
5108,811,0.33333334,0.11111111,THCA,THCA,True
5109,2679,0.109108955,0.055555556,LUAD,PAAD,False
5110,4531,0.05812382,0.012987013,STES,BRCA,False
5111,2191,0.027650064,0.002283105,SKCM,PRAD,False
5112,0,0.0,0.0,KIPAN,KIPAN,True
5113,811,0.5,0.25,THCA,THCA,True
5114,0,0.0,0.0,SARC,KIPAN,False
5115,5873,0.99999994,1.0,KIRC,KIPAN,False
5116,2679,0.08671099,0.04,COAD,PAAD,False
5117,2919,0.017251639,0.008264462,SKCM,SKCM,True
5118,4721,0.14433756,0.04,STES,BRCA,False
5119,3903,1.0,1.0,LGG,GBMLGG,False
5120,3488,0.01905194,0.0018018018,SKCM,LAML,False
5121,811,0.57735026,0.33333334,THCA,THCA,True
5122,5157,0.07412493,0.03125,STES,PRAD,False
5123,3406,0.14433756,0.07692308,GBMLGG,LGG,False
5124,2191,0.0727393,0.015384615,SKCM,PRAD,False
5125,811,0.57735026,0.33333334,THCA,THCA,True
5126,97,0.99999994,1.0,KIRC,KIPAN,False
5127,816,0.04472136,0.022727273,OV,COAD,False
5128,0,0.0,0.0,THCA,KIPAN,False
5129,1481,0.053994928,0.018181818,STES,CESC,False
5130,0,0.0,0.0,BRCA,KIPAN,False
5131,5598,1.0,1.0,KIPAN,KIRC,False
5132,390,0.0860663,0.04347826,KIRC,KIRC,True
5133,6012,0.26967993,0.14285715,BRCA,BRCA,True
5134,4888,0.049029034,0.004784689,BRCA,BRCA,True
5135,3391,1.0,1.0,KIRC,KIPAN,False
5136,5157,0.101015255,0.05,BRCA,PRAD,False
5137,819,0.19611613,0.071428575,HNSC,PCPG,False
5138,0,0.0,0.0,THCA,KIPAN,False
5139,306,0.043355495,0.0121951215,SKCM,PCPG,False
5140,2810,0.99999994,1.0,KIPAN,KIRC,False
5141,3095,0.03627381,0.011764706,PAAD,STES,False
5142,1649,0.28867513,0.16666667,BRCA,BRCA,True
5143,0,0.0,0.0,BRCA,KIPAN,False
5144,63,0.060192924,0.029411765,STES,BRCA,False
5145,4673,0.03268602,0.0062111802,SKCM,BRCA,False
5146,5815,0.0877058,0.045454547,CESC,HNSC,False
5147,0,0.0,0.0,KIPAN,KIPAN,True
5148,1502,0.009191347,0.0005892752,PCPG,COAD,False
5149,4701,0.31622776,0.16666667,BRCA,BRCA,True
5150,2954,1.0000001,1.0,KIRC,KIPAN,False
5151,0,0.0,0.0,SARC,KIPAN,False
5152,0,0.0,0.0,BRCA,KIPAN,False
5153,811,0.70710677,0.5,THCA,THCA,True
5154,5191,0.056077212,0.01724138,STES,COAD,False
5155,3171,0.11624764,0.02631579,LAML,COAD,False
5156,4948,0.048112523,0.023809524,TGCT,ACC,False
5157,3168,0.101015255,0.05,PRAD,BRCA,False
5158,5526,0.08006408,0.041666668,GBMLGG,LGG,False
5159,0,0.0,0.0,BRCA,KIPAN,False
5160,0,0.0,0.0,PCPG,KIPAN,False
5161,4339,0.03149704,0.008333334,SARC,LUAD,False
5162,4701,0.15811388,0.04761905,CESC,BRCA,False
5163,5211,0.9999999,1.0,KIPAN,KIRC,False
5164,4888,0.26726124,0.125,BRCA,BRCA,True
5165,1809,0.025334727,0.01,TGCT,LUSC,False
5166,1661,0.04303315,0.02173913,STES,STES,True
5167,365,0.19611613,0.03846154,HNSC,KIPAN,False
5168,58,0.013327411,0.0017482517,BRCA,STES,False
5169,406,0.006026831,0.0006816633,PAAD,UCEC,False
5170,1957,0.22941573,0.05263158,STES,OV,False
5171,1819,0.99999994,1.0,KIRC,KIPAN,False
5172,6171,1.0,1.0,LGG,GBMLGG,False
5173,3147,0.01585505,0.0022222223,UCEC,BRCA,False
5174,130,0.11952286,0.0625,GBMLGG,PCPG,False
5175,1700,1.0,1.0,KIRC,KIPAN,False
5176,1827,0.04319342,0.017964073,LUAD,BRCA,False
5177,890,0.22555354,0.12698413,ACC,ACC,True
5178,5614,0.0766965,0.02631579,STES,BRCA,False
5179,121,0.14433756,0.055555556,COAD,LGG,False
5180,2727,0.069337524,0.030303031,LUAD,PAAD,False
5181,776,0.20412415,0.1,LAML,GBMLGG,False
5182,2184,0.023524528,0.0066225166,SKCM,SKCM,True
5183,0,0.0,0.0,PRAD,KIPAN,False
5184,1310,0.99999994,1.0,KIRC,KIPAN,False
5185,628,1.0,1.0,KIRC,KIPAN,False
5186,333,0.046423834,0.015384615,LUSC,LGG,False
5187,0,0.0,0.0,TGCT,KIPAN,False
5188,0,0.0,0.0,LAML,KIPAN,False
5189,3466,0.70710677,0.5,LAML,LAML,True
5190,6054,1.0,1.0,KIRC,KIPAN,False
5191,984,0.1632993,0.06896552,COAD,COAD,True
5192,2581,0.049690403,0.018867925,DLBC,BRCA,False
5193,0,0.0,0.0,LAML,KIPAN,False
5194,811,0.071795814,0.005154639,COAD,THCA,False
5195,2135,0.015393727,0.004347826,KIPAN,DLBC,False
5196,4533,0.99999994,1.0,KIRC,KIPAN,False
5197,0,0.0,0.0,PRAD,KIPAN,False
5198,3376,1.0,1.0,LGG,GBMLGG,False
5199,5191,0.12309149,0.0625,COAD,COAD,True
5200,1178,0.035805743,0.013157895,BRCA,LUAD,False
5201,1767,0.10910894,0.05263158,SARC,BRCA,False
5202,3463,0.04508348,0.006024096,UCEC,KIRC,False
5203,0,0.0,0.0,PRAD,KIPAN,False
5204,333,0.1118034,0.05882353,OV,LGG,False
5205,2948,0.06741998,0.032258064,COAD,BRCA,False
5206,1648,1.0,1.0,KIRC,KIPAN,False
5207,0,0.0,0.0,GBMLGG,KIPAN,False
5208,5004,1.0,1.0,KIRC,KIPAN,False
5209,811,0.57735026,0.33333334,THCA,THCA,True
5210,0,0.0,0.0,BRCA,KIPAN,False
5211,5163,0.9999999,1.0,KIRC,KIPAN,False
5212,0,0.0,0.0,LAML,KIPAN,False
5213,956,0.35355338,0.2,LGG,GBMLGG,False
5214,957,0.05892557,0.013333334,HNSC,PRAD,False
5215,811,1.0,1.0,THCA,THCA,True
5216,2375,0.04472136,0.009615385,STES,BRCA,False
5217,3289,0.048911598,0.020833334,LIHC,LUAD,False
5218,1963,0.044901326,0.02173913,STES,OV,False
5219,942,0.2236068,0.125,PRAD,PRAD,True
5220,6101,0.20412415,0.07692308,PRAD,BRCA,False
5221,121,0.23570225,0.125,COAD,LGG,False
5222,2684,0.99999994,1.0,KIRC,KIPAN,False
5223,4486,0.113227695,0.055555556,GBMLGG,BRCA,False
5224,5868,0.020783778,0.0021413276,STES,BRCA,False
5225,2159,0.08178608,0.04255319,HNSC,PAAD,False
5226,343,1.0,1.0,KIPAN,KIRC,False
5227,4676,0.23570228,0.1,LGG,LAML,False
5228,1580,0.04327423,0.010638298,UCEC,SKCM,False
5229,4988,1.0,1.0,GBMLGG,LGG,False
5230,1964,0.010594029,0.001953125,KIPAN,STES,False
5231,1735,0.14002801,0.05263158,PRAD,BRCA,False
5232,5761,0.99999994,1.0,LGG,GBMLGG,False
5233,5044,0.06622662,0.012820513,SKCM,PCPG,False
5234,811,0.70710677,0.5,THCA,THCA,True
5235,6115,0.04393748,0.0125,LUAD,PCPG,False
5236,3527,0.022680461,0.010204081,BRCA,STES,False
5237,4888,0.31622776,0.16666667,BRCA,BRCA,True
5238,1027,1.0,1.0,GBMLGG,LGG,False
5239,4676,0.069337524,0.00952381,BLCA,LAML,False
5240,3463,0.06666666,0.012987013,LUSC,KIRC,False
5241,2975,0.07881104,0.03448276,BRCA,OV,False
5242,520,0.0049099904,0.0007980846,BRCA,UCEC,False
5243,3993,0.40824828,0.25,GBMLGG,GBMLGG,True
5244,4440,0.030164849,0.006134969,UCEC,BRCA,False
5245,5562,0.016673615,0.0070921984,STES,ACC,False
5246,333,0.043193422,0.013513514,STES,LGG,False
5247,4278,0.048564292,0.0091743115,BRCA,LUAD,False
5248,4705,0.03627381,0.01724138,HNSC,LUAD,False
5249,6041,1.0000001,1.0,KIRC,KIPAN,False
5250,5661,0.040996004,0.019607844,BRCA,LIHC,False
5251,749,0.03940552,0.010204081,STES,BRCA,False
5252,0,0.0,0.0,LAML,KIPAN,False
5253,4701,0.109108955,0.023255814,HNSC,BRCA,False
5254,5123,0.09901475,0.045454547,GBMLGG,GBMLGG,True
5255,4092,1.0,1.0,GBMLGG,LGG,False
5256,480,0.05157106,0.010309278,LUSC,OV,False
5257,4888,0.23570228,0.1,BRCA,BRCA,True
5258,1957,0.4472136,0.2,LGG,OV,False
5259,4560,0.026135419,0.005263158,BLCA,GBMLGG,False
5260,5312,0.12309149,0.041666668,UCEC,UCEC,True
5261,0,0.0,0.0,THYM,KIPAN,False
5262,5191,0.14433756,0.07692308,OV,COAD,False
5263,4386,1.0,1.0,GBMLGG,LGG,False
5264,1679,0.094491124,0.04761905,OV,BRCA,False
5265,3956,0.04089304,0.020833334,GBMLGG,PAAD,False
5266,1468,0.040555354,0.018867925,BRCA,BRCA,True
5267,5753,0.99999994,1.0,GBMLGG,LGG,False
5268,5498,0.14907119,0.07692308,BRCA,BRCA,True
5269,1236,1.0,1.0,LGG,GBMLGG,False
5270,2020,0.029235266,0.007936508,UCEC,KIPAN,False
5271,3180,0.068041384,0.029411765,KIPAN,GBMLGG,False
5272,1032,1.0,1.0,KIRC,KIPAN,False
5273,1957,0.15617377,0.024390243,DLBC,OV,False
5274,1982,0.125,0.05263158,LUSC,PCPG,False
5275,0,0.0,0.0,SARC,KIPAN,False
5276,390,0.99999994,1.0,KIPAN,KIRC,False
5277,2883,0.09325048,0.037037037,ACC,PCPG,False
5278,126,0.08944272,0.03448276,HNSC,THYM,False
5279,811,0.57735026,0.33333334,THCA,THCA,True
5280,900,0.096225046,0.04347826,KIPAN,KIPAN,True
5281,642,0.096225046,0.05,HNSC,KIPAN,False
5282,2406,0.019920478,0.00990099,LUAD,BRCA,False
5283,942,0.20412414,0.11111111,PRAD,PRAD,True
5284,5813,0.06482037,0.033333335,TGCT,TGCT,True
5285,2933,0.15811388,0.04761905,OV,THYM,False
5286,1568,0.054392826,0.02631579,SARC,KIPAN,False
5287,811,0.40824828,0.16666667,THCA,THCA,True
5288,3890,0.04166667,0.020408163,COAD,DLBC,False
5289,3682,0.07453559,0.035714287,BRCA,OV,False
5290,3034,0.99999994,1.0,KIPAN,KIRC,False
5291,0,0.0,0.0,LAML,KIPAN,False
5292,0,0.0,0.0,BRCA,KIPAN,False
5293,496,0.21821791,0.11111111,UCEC,UCEC,True
5294,1292,0.034752402,0.01,COAD,THCA,False
5295,803,0.040824827,0.0121951215,LUSC,UCEC,False
5296,4721,0.14142136,0.03846154,GBMLGG,BRCA,False
5297,0,0.0,0.0,LAML,KIPAN,False
5298,811,1.0,1.0,THCA,THCA,True
5299,0,0.0,0.0,BRCA,KIPAN,False
5300,496,0.17407766,0.07692308,BRCA,UCEC,False
5301,886,1.0,1.0,KIPAN,KIRC,False
5302,1669,0.4472136,0.2,LAML,LAML,True
5303,121,0.109108955,0.033333335,GBMLGG,LGG,False
5304,470,0.10660036,0.04,BRCA,KIPAN,False
5305,4721,0.16222142,0.05,STES,BRCA,False
5306,5445,1.0,1.0,KIRC,KIPAN,False
5307,6161,0.01712972,0.008474576,BRCA,LUSC,False
5308,4420,0.12126782,0.05,BRCA,BRCA,True
5309,3993,0.07001401,0.018518519,HNSC,GBMLGG,False
5310,3291,1.0,1.0,KIPAN,KIRC,False
5311,3865,0.02078827,0.00877193,LUAD,CESC,False
5312,4176,0.19245009,0.09090909,UCEC,UCEC,True
5313,5686,0.15430336,0.083333336,BRCA,BRCA,True
5314,2819,0.036369648,0.014925373,COAD,KIPAN,False
5315,0,0.0,0.0,KIPAN,KIPAN,True
5316,5847,1.0,1.0,KIRC,KIPAN,False
5317,2870,0.03513642,0.017857144,SKCM,BRCA,False
5318,2595,0.047088157,0.019607844,BLCA,KIPAN,False
5319,4701,0.050379276,0.005050505,DLBC,BRCA,False
5320,194,0.031943828,0.009345794,TGCT,UCEC,False
5321,0,0.0,0.0,PRAD,KIPAN,False
5322,5794,0.026306681,0.0034129692,BRCA,STES,False
5323,1380,1.0,1.0,LGG,GBMLGG,False
5324,848,0.09128709,0.023809524,STES,SARC,False
5325,2125,0.07412493,0.03846154,KIPAN,KIPAN,True
5326,1393,1.0000001,1.0,GBMLGG,LGG,False
5327,1957,0.15075567,0.022727273,STES,OV,False
5328,5070,0.12500001,0.06666667,BRCA,UCEC,False
5329,3333,0.06666666,0.03448276,ACC,PRAD,False
5330,0,0.0,0.0,SARC,KIPAN,False
5331,0,0.0,0.0,SARC,KIPAN,False
5332,0,0.0,0.0,PCPG,KIPAN,False
5333,0,0.0,0.0,THCA,KIPAN,False
5334,811,0.4472136,0.2,THCA,THCA,True
5335,1088,0.018735003,0.0088495575,OV,HNSC,False
5336,1292,0.033167906,0.0091743115,LUSC,THCA,False
5337,3888,1.0,1.0,KIPAN,KIRC,False
5338,3484,0.13608275,0.071428575,COAD,OV,False
5339,3289,0.05025189,0.02173913,LUSC,LUAD,False
5340,4176,0.20100756,0.11111111,UCEC,UCEC,True
5341,2341,0.06917144,0.03448276,GBMLGG,GBMLGG,True
5342,121,0.06851888,0.01369863,STES,LGG,False
5343,642,0.054073807,0.02173913,SKCM,KIPAN,False
5344,3808,0.07412493,0.03846154,CESC,PAAD,False
5345,0,0.0,0.0,KIPAN,KIPAN,True
5346,5855,0.069006555,0.027777778,BRCA,PCPG,False
5347,811,0.4472136,0.2,THCA,THCA,True
5348,0,0.0,0.0,BRCA,KIPAN,False
5349,848,0.19245009,0.09090909,SARC,SARC,True
5350,5475,1.0000001,1.0,KIRC,KIPAN,False
5351,0,0.0,0.0,PCPG,KIPAN,False
5352,3839,0.057166196,0.029411765,COAD,KIRC,False
5353,4641,0.10259783,0.04347826,HNSC,OV,False
5354,0,0.0,0.0,PRAD,KIPAN,False
5355,0,0.0,0.0,BRCA,KIPAN,False
5356,5890,0.026144348,0.010526316,LIHC,UCEC,False
5357,956,0.23570228,0.1,GBMLGG,GBMLGG,True
5358,1194,0.70710677,0.5,THCA,THCA,True
5359,3949,0.04260143,0.021276595,LIHC,SKCM,False
5360,1029,0.088388346,0.04347826,KIRC,BRCA,False
5361,3063,0.007462271,0.0020920502,LIHC,STES,False
5362,1656,0.12403473,0.05882353,UCEC,OV,False
5363,1331,0.045454547,0.023255814,KIPAN,KIPAN,True
5364,0,0.0,0.0,TGCT,KIPAN,False
5365,0,0.0,0.0,TGCT,KIPAN,False
5366,1329,0.04222003,0.016393442,DLBC,TGCT,False
5367,0,0.0,0.0,THCA,KIPAN,False
5368,4721,0.31622776,0.16666667,BRCA,BRCA,True
5369,2665,1.0000001,1.0,KIRC,KIPAN,False
5370,4676,0.1042572,0.021276595,STES,LAML,False
5371,0,0.0,0.0,BRCA,KIPAN,False
5372,4440,0.051434454,0.016666668,UCEC,BRCA,False
5373,0,0.0,0.0,THCA,KIPAN,False
5374,1539,0.072739296,0.03448276,BRCA,BRCA,True
5375,2258,0.05455447,0.027777778,COAD,HNSC,False
5376,2259,0.044901326,0.014492754,HNSC,SARC,False
5377,811,0.11785114,0.013888889,SKCM,THCA,False
5378,3651,0.11043152,0.023809524,KIPAN,PCPG,False
5379,398,0.15430336,0.023809524,THYM,STES,False
5380,4727,0.06454972,0.033333335,GBMLGG,GBMLGG,True
5381,0,0.0,0.0,BRCA,KIPAN,False
5382,958,0.06262243,0.032258064,GBMLGG,GBMLGG,True
5383,1384,0.08944272,0.03448276,PRAD,LIHC,False
5384,3549,0.08006408,0.041666668,COAD,LGG,False
5385,1689,0.08333334,0.04,LIHC,LIHC,True
5386,811,0.107211255,0.011494253,SKCM,THCA,False
5387,2326,0.013051005,0.003058104,BRCA,CESC,False
5388,0,0.0,0.0,HNSC,KIPAN,False
5389,0,0.0,0.0,PCPG,KIPAN,False
5390,2536,1.0,1.0,KIPAN,KIRC,False
5391,5936,1.0,1.0,KIPAN,KIRC,False
5392,4701,0.23570228,0.1,BRCA,BRCA,True
5393,1957,0.2773501,0.07692308,PAAD,OV,False
5394,2071,0.35355338,0.125,LAML,LAML,True
5395,5787,0.06299408,0.027777778,LIHC,LGG,False
5396,829,1.0,1.0,KIPAN,KIRC,False
5397,957,0.0265747,0.0028011205,CESC,PRAD,False
5398,4721,0.35355338,0.2,BRCA,BRCA,True
5399,4721,0.09712859,0.018518519,HNSC,BRCA,False
5400,74,0.02227177,0.004310345,BLCA,STES,False
5401,6115,0.11952286,0.0625,LUAD,PCPG,False
5402,2248,0.056613855,0.012345679,LUSC,BRCA,False
5403,4821,0.033709995,0.008547009,LUAD,HNSC,False
5404,36,1.0000001,1.0,GBMLGG,LGG,False
5405,811,0.15430336,0.023809524,SKCM,THCA,False
5406,0,0.0,0.0,LAML,KIPAN,False
5407,5956,0.2,0.11111111,THCA,THCA,True
5408,3711,0.01767767,0.005586592,BLCA,THYM,False
5409,1981,1.0,1.0,KIRC,KIPAN,False
5410,1126,1.0,1.0,KIPAN,KIRC,False
5411,1455,0.051502623,0.024390243,PAAD,LUSC,False
5412,3421,1.0,1.0,KIPAN,KIRC,False
5413,1424,0.058025885,0.027027028,SARC,PAAD,False
5414,3449,0.052925613,0.01754386,PRAD,KIPAN,False
5415,4721,0.08219949,0.013333334,HNSC,BRCA,False
5416,1957,0.33333334,0.11111111,LUAD,OV,False
5417,811,0.70710677,0.5,THCA,THCA,True
5418,2934,0.24806947,0.125,GBMLGG,LGG,False
5419,811,0.4472136,0.2,THCA,THCA,True
5420,811,0.70710677,0.5,THCA,THCA,True
5421,4383,0.018993428,0.00862069,LIHC,BLCA,False
5422,2742,0.99999994,1.0,KIPAN,KIRC,False
5423,4676,0.15075567,0.04347826,STES,LAML,False
5424,782,0.3779645,0.14285715,GBMLGG,BRCA,False
5425,2033,0.05521576,0.020833334,UCEC,UCEC,True
5426,0,0.0,0.0,SARC,KIPAN,False
5427,1261,0.06593805,0.00862069,LAML,BLCA,False
5428,811,0.13608277,0.018518519,SKCM,THCA,False
5429,50,0.18430245,0.1,ACC,ACC,True
5430,4157,0.1,0.05263158,OV,OV,True
5431,3521,0.02758686,0.004464286,SARC,SKCM,False
5432,5627,0.031280562,0.011627907,GBMLGG,HNSC,False
5433,2816,1.0,1.0,KIPAN,KIPAN,True
5434,3421,0.05143445,0.02631579,KIRC,KIRC,True
5435,4394,0.99999994,1.0,KIRC,KIPAN,False
5436,0,0.0,0.0,HNSC,KIPAN,False
5437,727,0.15430336,0.0625,BRCA,LGG,False
5438,5635,0.054554477,0.020408163,LIHC,BRCA,False
5439,480,0.083333336,0.025641026,LUAD,OV,False
5440,0,0.0,0.0,PRAD,KIPAN,False
5441,2865,1.0,1.0,KIPAN,KIRC,False
5442,1118,0.0836242,0.04347826,SARC,LGG,False
5443,4721,0.06651901,0.00877193,BLCA,BRCA,False
5444,0,0.0,0.0,OV,KIPAN,False
5445,5306,1.0,1.0,KIPAN,KIRC,False
5446,811,0.1118034,0.0125,SKCM,THCA,False
5447,6035,0.06428243,0.03125,BRCA,ACC,False
5448,2447,0.4082483,0.25,PRAD,THCA,False
5449,689,0.05184759,0.023809524,KIPAN,KIPAN,True
5450,811,0.16012816,0.025641026,SKCM,THCA,False
5451,642,0.07856742,0.03846154,PAAD,KIPAN,False
5452,4641,0.036037497,0.006329114,STES,OV,False
5453,1747,0.101015255,0.05,KIRC,STES,False
5454,4474,0.15936382,0.08163265,ACC,ACC,True
5455,496,0.12038585,0.04,STES,UCEC,False
5456,749,0.069006555,0.027777778,KIPAN,BRCA,False
5457,956,0.15075567,0.04347826,LGG,GBMLGG,False
5458,2189,0.004176248,0.0004145937,OV,UCEC,False
5459,4794,1.0,1.0,KIRC,KIPAN,False
5460,3711,0.025472235,0.0112,STES,THYM,False
5461,3993,0.07372098,0.020408163,STES,GBMLGG,False
5462,1680,0.14433756,0.06666667,OV,THCA,False
5463,2430,0.09128709,0.04761905,BRCA,BRCA,True
5464,655,0.23570225,0.125,PRAD,PRAD,True
5465,1362,0.0130144805,0.0019880715,KIPAN,SKCM,False
5466,0,0.0,0.0,PRAD,KIPAN,False
5467,0,0.0,0.0,LUAD,KIPAN,False
5468,4348,1.0,1.0,KIRC,KIPAN,False
5469,0,0.0,0.0,BRCA,KIPAN,False
5470,5123,0.13608275,0.071428575,GBMLGG,GBMLGG,True
5471,4721,0.18257418,0.0625,BRCA,BRCA,True
5472,4340,0.012875655,0.0062111802,SKCM,SKCM,True
5473,2259,0.1118034,0.05882353,PAAD,SARC,False
5474,2455,0.02001602,0.0091743115,STES,STES,True
5475,5350,1.0000001,1.0,KIPAN,KIRC,False
5476,2309,0.12126782,0.05,BRCA,BRCA,True
5477,4721,0.07216878,0.010309278,LUSC,BRCA,False
5478,728,0.09128709,0.04761905,KIRC,KIRC,True
5479,956,0.2236068,0.09090909,LGG,GBMLGG,False
5480,1935,0.032686025,0.014492754,COAD,STES,False
5481,5050,0.99999994,1.0,LGG,GBMLGG,False
5482,2320,1.0,1.0,KIRC,KIPAN,False
5483,985,0.07905694,0.04,GBMLGG,KIPAN,False
5484,4378,1.0000001,1.0,KIRC,KIPAN,False
5485,420,0.094491124,0.045454547,OV,GBMLGG,False
5486,2425,0.042562827,0.01754386,LUSC,OV,False
5487,956,0.20412415,0.07692308,GBMLGG,GBMLGG,True
5488,0,0.0,0.0,BRCA,KIPAN,False
5489,2375,0.12909944,0.0625,UCEC,BRCA,False
5490,4888,0.31622776,0.16666667,BRCA,BRCA,True
5491,0,0.0,0.0,BRCA,KIPAN,False
5492,4029,0.99999994,1.0,GBMLGG,LGG,False
5493,2447,0.50000006,0.33333334,THCA,THCA,True
5494,4753,0.027076518,0.0074626864,UCEC,UCEC,True
5495,1356,0.09901476,0.009803922,SKCM,LAML,False
5496,0,0.0,0.0,LIHC,KIPAN,False
5497,957,0.06741999,0.01724138,BLCA,PRAD,False
5498,4721,0.23570228,0.1,BRCA,BRCA,True
5499,0,0.0,0.0,SARC,KIPAN,False
5500,4888,0.19611613,0.071428575,UCEC,BRCA,False
5501,3007,0.05184759,0.023809524,PRAD,PRAD,True
5502,5095,0.017407766,0.0054347827,LIHC,BRCA,False
5503,121,0.12309149,0.041666668,COAD,LGG,False
5504,4144,1.0000001,1.0,KIRC,KIPAN,False
5505,1736,0.13363062,0.071428575,PRAD,OV,False
5506,26,0.056077212,0.01724138,STES,BRCA,False
5507,4162,0.0745356,0.016129032,LUAD,PCPG,False
5508,811,1.0,1.0,THCA,THCA,True
5509,848,0.16666667,0.071428575,UCEC,SARC,False
5510,0,0.0,0.0,THCA,KIPAN,False
5511,0,0.0,0.0,PRAD,KIPAN,False
5512,752,0.11952285,0.055555556,GBMLGG,LAML,False
5513,1202,0.0072208284,0.0004675082,SARC,UCEC,False
5514,4888,0.1118034,0.024390243,HNSC,BRCA,False
5515,2988,0.018871285,0.007518797,KIPAN,LUAD,False
5516,0,0.0,0.0,SARC,KIPAN,False
5517,5850,0.020498002,0.0064102565,HNSC,COAD,False
5518,0,0.0,0.0,THCA,KIPAN,False
5519,4701,0.26726124,0.125,BRCA,BRCA,True
5520,3563,0.056796182,0.025,PAAD,HNSC,False
5521,0,0.0,0.0,SARC,KIPAN,False
5522,184,0.06428243,0.03125,PAAD,PAAD,True
5523,1957,0.40824828,0.16666667,UCEC,OV,False
5524,5636,1.0000001,1.0,KIRC,KIPAN,False
5525,0,0.0,0.0,THYM,KIPAN,False
5526,3254,0.09805807,0.05,LGG,THCA,False
5527,0,0.0,0.0,BRCA,KIPAN,False
5528,3749,0.11952285,0.055555556,GBMLGG,SARC,False
5529,0,0.0,0.0,THYM,KIPAN,False
5530,4676,0.23570228,0.1,UCEC,LAML,False
5531,3769,0.022282828,0.011111111,HNSC,LIHC,False
5532,0,0.0,0.0,BRCA,KIPAN,False
5533,811,0.33333334,0.11111111,THCA,THCA,True
5534,3157,0.025819888,0.012658228,STES,HNSC,False
5535,1395,1.0,1.0,KIRC,KIPAN,False
5536,4721,0.20412415,0.07692308,BRCA,BRCA,True
5537,2130,1.0,1.0,GBMLGG,LGG,False
5538,4721,0.21320072,0.083333336,BRCA,BRCA,True
5539,0,0.0,0.0,SARC,KIPAN,False
5540,0,0.0,0.0,SARC,KIPAN,False
5541,4721,0.11470787,0.025641026,COAD,BRCA,False
5542,2065,0.022541739,0.00952381,UCEC,COAD,False
5543,706,0.019514285,0.007936508,STES,CESC,False
5544,4721,0.17677669,0.05882353,UCEC,BRCA,False
5545,785,1.0,1.0,LGG,GBMLGG,False
5546,2782,0.029462785,0.0066225166,GBMLGG,UCEC,False
5547,4641,0.15811388,0.083333336,BRCA,OV,False
5548,2279,0.057735022,0.015625,UCEC,PRAD,False
5549,0,0.0,0.0,PRAD,KIPAN,False
5550,3593,0.054799665,0.022222223,CESC,BRCA,False
5551,4888,0.35355338,0.2,BRCA,BRCA,True
5552,4042,1.0,1.0,KIPAN,KIRC,False
5553,811,0.07930516,0.006289308,SKCM,THCA,False
5554,5049,0.004160459,0.00044503782,GBMLGG,UCEC,False
5555,811,0.21821788,0.04761905,THCA,THCA,True
5556,4828,0.99999994,1.0,GBMLGG,LGG,False
5557,252,0.99999994,1.0,LGG,GBMLGG,False
5558,4981,0.99999994,1.0,KIPAN,KIRC,False
5559,5505,0.044543542,0.012820513,LUAD,PRAD,False
5560,651,0.07071068,0.03448276,UCEC,UCEC,True
5561,0,0.0,0.0,PRAD,KIPAN,False
5562,2669,0.0737335,0.030303031,ACC,ACC,True
5563,5574,0.0805823,0.012820513,LUAD,LAML,False
5564,0,0.0,0.0,SARC,KIPAN,False
5565,6154,0.07106691,0.033333335,GBMLGG,GBMLGG,True
5566,956,0.05270463,0.005524862,BLCA,GBMLGG,False
5567,3968,0.16499159,0.08974359,ACC,ACC,True
5568,3892,1.0000001,1.0,KIRC,KIPAN,False
5569,1686,0.016108092,0.0074626864,OV,SKCM,False
5570,5312,0.07715168,0.01724138,STES,UCEC,False
5571,3993,0.17677669,0.09090909,UCEC,GBMLGG,False
5572,130,0.04652421,0.013888889,HNSC,PCPG,False
5573,1999,0.096225046,0.04347826,BRCA,LGG,False
5574,4955,0.17677669,0.05882353,LAML,PAAD,False
5575,3429,0.024507154,0.002967359,STES,BRCA,False
5576,4505,0.99999994,1.0,KIPAN,KIRC,False
5577,1369,0.0063258205,0.00019992003,PRAD,SKCM,False
5578,956,1.0000001,1.0,LGG,GBMLGG,False
5579,3315,0.01437399,0.0070422534,LUAD,SKCM,False
5580,3106,0.01925214,0.00625,STES,UCEC,False
5581,1514,0.077849895,0.04,BRCA,GBMLGG,False
5582,1982,0.15811388,0.07692308,TGCT,PCPG,False
5583,4888,0.23570228,0.1,BRCA,BRCA,True
5584,1562,0.06415003,0.028571429,BRCA,GBMLGG,False
5585,4721,0.11322771,0.025,BRCA,BRCA,True
5586,1546,0.061898444,0.027027028,OV,LIHC,False
5587,5885,0.99999994,1.0,LGG,GBMLGG,False
5588,574,0.13867505,0.0625,LGG,LGG,True
5589,0,0.0,0.0,PRAD,KIPAN,False
5590,0,0.0,0.0,PRAD,KIPAN,False
5591,2795,0.017460756,0.002967359,SARC,COAD,False
5592,3679,0.00916429,0.0017035775,BRCA,CESC,False
5593,1564,0.026462806,0.01,DLBC,STES,False
5594,4888,0.2236068,0.09090909,BRCA,BRCA,True
5595,0,0.0,0.0,OV,KIPAN,False
5596,1274,0.018095287,0.0019455253,COAD,STES,False
5597,5005,0.01975652,0.0051020407,STES,KIPAN,False
5598,5131,1.0,1.0,KIRC,KIPAN,False
5599,3993,0.13867505,0.0625,PAAD,GBMLGG,False
5600,2016,0.036885552,0.018181818,GBMLGG,PAAD,False
5601,2103,0.14142136,0.071428575,BRCA,BRCA,True
5602,143,0.027116308,0.011494253,LUSC,KIRC,False
5603,0,0.0,0.0,THCA,KIPAN,False
5604,529,0.021586644,0.009803922,STES,LUSC,False
5605,814,0.094491124,0.045454547,UCEC,UCEC,True
5606,5815,0.0372678,0.012345679,LUSC,HNSC,False
5607,4987,1.0000001,1.0,LGG,GBMLGG,False
5608,1669,0.57735026,0.33333334,LAML,LAML,True
5609,1978,0.12909944,0.055555556,TGCT,THCA,False
5610,5191,0.08333333,0.03448276,COAD,COAD,True
5611,4206,0.12909944,0.055555556,PAAD,PCPG,False
5612,4701,0.12909944,0.032258064,COAD,BRCA,False
5613,3417,0.06030227,0.028571429,STES,SARC,False
5614,5530,0.14907119,0.07692308,BRCA,UCEC,False
5615,4109,0.99999994,1.0,KIPAN,KIRC,False
5616,138,1.0000001,1.0,KIPAN,KIRC,False
5617,0,0.0,0.0,KIPAN,KIPAN,True
5618,0,0.0,0.0,THCA,KIPAN,False
5619,1335,0.109108955,0.033333335,STES,PCPG,False
5620,0,0.0,0.0,BRCA,KIPAN,False
5621,811,0.4472136,0.2,THCA,THCA,True
5622,4721,0.06967331,0.009615385,STES,BRCA,False
5623,4321,1.0000001,1.0,KIPAN,KIRC,False
5624,4072,0.044543542,0.018867925,STES,STES,True
5625,0,0.0,0.0,THCA,KIPAN,False
5626,641,1.0,1.0,KIRC,KIPAN,False
5627,5643,0.052342393,0.012987013,HNSC,SARC,False
5628,4920,0.025819888,0.011904762,LUAD,GBMLGG,False
5629,865,0.08512565,0.035714287,LIHC,SARC,False
5630,811,0.35355338,0.125,THCA,THCA,True
5631,5918,1.0,1.0,KIPAN,KIRC,False
5632,4721,0.12700012,0.03125,HNSC,BRCA,False
5633,811,0.2773501,0.07692308,THCA,THCA,True
5634,1336,0.08058229,0.041666668,TGCT,GBMLGG,False
5635,4721,0.50000006,0.25,BRCA,BRCA,True
5636,5524,1.0000001,1.0,KIPAN,KIRC,False
5637,2085,0.052704625,0.024390243,OV,COAD,False
5638,5679,0.043519415,0.0074074073,BRCA,STES,False
5639,811,1.0,1.0,THCA,THCA,True
5640,0,0.0,0.0,PRAD,KIPAN,False
5641,0,0.0,0.0,LUSC,KIPAN,False
5642,811,0.10206207,0.010416667,SKCM,THCA,False
5643,5627,0.052342393,0.012987013,SARC,HNSC,False
5644,1641,0.05025189,0.01923077,COAD,STES,False
5645,3,1.0000001,1.0,KIPAN,KIRC,False
5646,3822,0.062017366,0.03125,TGCT,SKCM,False
5647,5746,0.99999994,1.0,LGG,GBMLGG,False
5648,0,0.0,0.0,THYM,KIPAN,False
5649,956,0.28867513,0.14285715,GBMLGG,GBMLGG,True
5650,3584,0.14433756,0.07692308,PRAD,PRAD,True
5651,1788,0.16012816,0.06666667,LUAD,OV,False
5652,5959,0.018993428,0.003816794,STES,BRCA,False
5653,0,0.0,0.0,KIPAN,KIPAN,True
5654,1356,0.28867513,0.083333336,LIHC,LAML,False
5655,3056,0.06454972,0.032258064,HNSC,GBMLGG,False
5656,2761,1.0,1.0,GBMLGG,LGG,False
5657,752,0.18257418,0.1,GBMLGG,LAML,False
5658,692,1.0000001,1.0,KIPAN,KIRC,False
5659,5340,0.03993615,0.014925373,UCEC,UCEC,True
5660,4672,0.009626962,0.0011876485,SKCM,KIRC,False
5661,5686,0.063887656,0.024390243,LIHC,BRCA,False
5662,957,0.053916387,0.011235955,HNSC,PRAD,False
5663,1446,0.10846523,0.04761905,GBMLGG,BRCA,False
5664,4888,0.35355338,0.2,BRCA,BRCA,True
5665,848,0.16012816,0.06666667,BRCA,SARC,False
5666,4888,0.26726124,0.125,BRCA,BRCA,True
5667,4676,0.16222142,0.05,STES,LAML,False
5668,1022,1.0,1.0,KIPAN,KIRC,False
5669,4531,0.09284767,0.03125,STES,BRCA,False
5670,4888,0.21320072,0.083333336,BRCA,BRCA,True
5671,0,0.0,0.0,PRAD,KIPAN,False
5672,4701,0.14744195,0.041666668,BRCA,BRCA,True
5673,5791,0.042796046,0.01923077,LUAD,LUAD,True
5674,2591,0.08219949,0.025,HNSC,LAML,False
5675,4888,0.25000003,0.11111111,BRCA,BRCA,True
5676,5755,1.0,1.0,LGG,GBMLGG,False
5677,945,0.99999994,1.0,KIPAN,KIRC,False
5678,10,0.113227695,0.055555556,UCEC,STES,False
5679,5638,0.043519415,0.0074074073,STES,BRCA,False
5680,816,0.038924947,0.01923077,LUSC,COAD,False
5681,2444,0.10259783,0.04347826,TGCT,KIPAN,False
5682,4531,0.0433555,0.007352941,LUAD,BRCA,False
5683,4081,0.014097809,0.0069227335,UCEC,COAD,False
5684,3179,0.016462158,0.0026455026,THYM,SKCM,False
5685,0,0.0,0.0,BRCA,KIPAN,False
5686,5313,0.15430336,0.083333336,BRCA,BRCA,True
5687,3639,1.0,1.0,GBMLGG,LGG,False
5688,716,0.099380806,0.05,KIPAN,KIPAN,True
5689,262,0.0140635995,0.0070422534,BLCA,BLCA,True
5690,5461,0.038069345,0.016666668,CESC,STES,False
5691,3647,0.31622776,0.16666667,LGG,LAML,False
5692,1825,0.99999994,1.0,KIPAN,KIRC,False
5693,1762,0.032969024,0.016129032,BRCA,BRCA,True
5694,4960,0.20412414,0.11111111,PCPG,PCPG,True
5695,4888,0.28867513,0.14285715,BRCA,BRCA,True
5696,403,0.15811388,0.057142857,BRCA,BRCA,True
5697,0,0.0,0.0,PRAD,KIPAN,False
5698,0,0.0,0.0,LAML,KIPAN,False
5699,601,0.0043293694,0.00065919576,HNSC,STES,False
5700,1486,0.11952285,0.055555556,TGCT,THCA,False
5701,4990,0.013485223,0.005586592,LUAD,HNSC,False
5702,3537,0.0857493,0.041666668,TGCT,SKCM,False
5703,120,1.0000001,1.0,KIRC,KIPAN,False
5704,0,0.0,0.0,PRAD,KIPAN,False
5705,3651,0.033595655,0.0022522523,UCEC,PCPG,False
5706,1356,0.10976426,0.012048192,SKCM,LAML,False
5707,811,0.09090909,0.008264462,SKCM,THCA,False
5708,0,0.0,0.0,LAML,KIPAN,False
5709,1131,0.020174252,0.0049751243,BRCA,COAD,False
5710,480,0.13867505,0.0625,OV,OV,True
5711,0,0.0,0.0,KIPAN,KIPAN,True
5712,4369,0.99999994,1.0,KIRC,KIPAN,False
5713,0,0.0,0.0,THCA,KIPAN,False
5714,811,0.11111111,0.012345679,SKCM,THCA,False
5715,4888,0.23570228,0.1,BRCA,BRCA,True
5716,0,0.0,0.0,THCA,KIPAN,False
5717,4721,0.11322771,0.025,BLCA,BRCA,False
5718,0,0.0,0.0,BRCA,KIPAN,False
5719,0,0.0,0.0,OV,KIPAN,False
5720,4888,0.037904903,0.0028653296,STES,BRCA,False
5721,0,0.0,0.0,STES,KIPAN,False
5722,0,0.0,0.0,SARC,KIPAN,False
5723,0,0.0,0.0,LAML,KIPAN,False
5724,4408,0.048795003,0.02173913,HNSC,GBMLGG,False
5725,4918,0.083333336,0.04347826,TGCT,TGCT,True
5726,811,0.3779645,0.14285715,THCA,THCA,True
5727,0,0.0,0.0,THCA,KIPAN,False
5728,2144,1.0,1.0,KIPAN,KIRC,False
5729,4676,0.12126782,0.028571429,HNSC,LAML,False
5730,0,0.0,0.0,THYM,KIPAN,False
5731,2391,0.12909944,0.045454547,STES,OV,False
5732,811,0.20412414,0.041666668,SKCM,THCA,False
5733,3874,0.02100729,0.0046296297,BRCA,BRCA,True
5734,811,0.57735026,0.33333334,THCA,THCA,True
5735,0,0.0,0.0,PCPG,KIPAN,False
5736,4701,0.16666669,0.05263158,STES,BRCA,False
5737,1006,0.08908708,0.045454547,KIRC,PCPG,False
5738,852,0.13483997,0.06666667,OV,LGG,False
5739,0,0.0,0.0,PCPG,KIPAN,False
5740,0,0.0,0.0,PCPG,KIPAN,False
5741,956,0.2236068,0.09090909,LGG,GBMLGG,False
5742,3113,0.3649002,0.21875,TGCT,TGCT,True
5743,811,0.57735026,0.33333334,THCA,THCA,True
5744,2974,0.027103854,0.0121951215,SKCM,HNSC,False
5745,1119,0.13608277,0.05,BRCA,BRCA,True
5746,5647,0.99999994,1.0,GBMLGG,LGG,False
5747,0,0.0,0.0,LAML,KIPAN,False
5748,5328,0.013249974,0.0013908206,LUSC,BRCA,False
5749,0,0.0,0.0,PAAD,KIPAN,False
5750,3642,0.02919786,0.011764706,KIPAN,STES,False
5751,607,0.99999994,1.0,GBMLGG,LGG,False
5752,823,1.0000001,1.0,KIPAN,KIRC,False
5753,5267,0.99999994,1.0,LGG,GBMLGG,False
5754,4721,0.09712859,0.018518519,LUSC,BRCA,False
5755,5676,1.0,1.0,GBMLGG,LGG,False
5756,0,0.0,0.0,CESC,KIPAN,False
5757,1905,0.030358836,0.015384615,KIPAN,HNSC,False
5758,2640,0.08058229,0.041666668,BRCA,OV,False
5759,5046,0.0131215975,0.005952381,SKCM,SKCM,True
5760,1924,0.012834231,0.0020876827,SARC,STES,False
5761,5232,0.99999994,1.0,GBMLGG,LGG,False
5762,0,0.0,0.0,BRCA,KIPAN,False
5763,5779,1.0,1.0,LGG,GBMLGG,False
5764,544,0.069843024,0.022222223,STES,LAML,False
5765,3484,0.13608275,0.071428575,OV,OV,True
5766,5375,0.029260287,0.011363637,LUSC,COAD,False
5767,17,1.0,1.0,KIRC,KIPAN,False
5768,2746,0.02981424,0.007518797,LUAD,BRCA,False
5769,481,0.090909086,0.04761905,BRCA,LAML,False
5770,2095,1.0,1.0,KIPAN,KIRC,False
5771,4597,0.2236068,0.125,PCPG,PCPG,True
5772,5813,0.053452246,0.02631579,TGCT,TGCT,True
5773,4848,1.0,1.0,KIRC,KIPAN,False
5774,811,0.3779645,0.14285715,THCA,THCA,True
5775,3512,0.15811388,0.07692308,PAAD,GBMLGG,False
5776,1669,0.4472136,0.2,LAML,LAML,True
5777,203,0.041239306,0.020833334,COAD,LIHC,False
5778,43,0.077849895,0.027027028,COAD,GBMLGG,False
5779,5763,1.0,1.0,GBMLGG,LGG,False
5780,1018,0.06565322,0.027777778,KIPAN,KIPAN,True
5781,1789,0.0051201996,0.00020942408,THCA,PAAD,False
5782,2914,0.028318275,0.014084507,STES,STES,True
5783,4157,0.0877058,0.045454547,BRCA,OV,False
5784,956,0.35355338,0.2,LGG,GBMLGG,False
5785,1470,0.025666349,0.003875969,SKCM,PRAD,False
5786,5843,0.06917144,0.03448276,PAAD,GBMLGG,False
5787,1957,0.33333334,0.11111111,LGG,OV,False
5788,440,0.02109592,0.003058104,COAD,OV,False
5789,2454,0.015012578,0.001996008,SKCM,KIRC,False
5790,148,0.13245323,0.04761905,BRCA,LGG,False
5791,5223,0.07412493,0.03846154,LUAD,GBMLGG,False
5792,3999,0.042562824,0.02173913,LIHC,COAD,False
5793,0,0.0,0.0,KIPAN,KIPAN,True
5794,5322,0.026306681,0.0034129692,STES,BRCA,False
5795,6,0.2236068,0.125,BRCA,BRCA,True
5796,5035,1.0,1.0,KIRC,KIPAN,False
5797,1879,0.04441156,0.019607844,SARC,ACC,False
5798,0,0.0,0.0,SARC,KIPAN,False
5799,4888,0.071428575,0.01010101,UCEC,BRCA,False
5800,1637,0.11785114,0.04761905,TGCT,LAML,False
5801,5280,0.05892556,0.018867925,KIPAN,KIPAN,True
5802,1487,0.0857493,0.041666668,STES,BRCA,False
5803,956,0.26726124,0.125,GBMLGG,GBMLGG,True
5804,0,0.0,0.0,THYM,KIPAN,False
5805,0,0.0,0.0,PCPG,KIPAN,False
5806,4163,0.06454972,0.033333335,BRCA,HNSC,False
5807,4721,0.2236068,0.09090909,HNSC,BRCA,False
5808,5717,0.07161149,0.023255814,BRCA,BLCA,False
5809,4701,0.25000003,0.11111111,UCEC,BRCA,False
5810,148,1.0,1.0,GBMLGG,LGG,False
5811,121,0.14433756,0.055555556,OV,LGG,False
5812,2447,0.19611613,0.071428575,PRAD,THCA,False
5813,4918,0.07715168,0.04,TGCT,TGCT,True
5814,848,0.12309149,0.041666668,COAD,SARC,False
5815,5146,0.0877058,0.045454547,HNSC,CESC,False
5816,0,0.0,0.0,LAML,KIPAN,False
5817,1093,0.99999994,1.0,GBMLGG,LGG,False
5818,6151,0.02296879,0.007843138,SKCM,SKCM,True
5819,1554,0.08006408,0.041666668,SKCM,TGCT,False
5820,2048,0.07106691,0.035714287,OV,GBMLGG,False
5821,1356,0.09090909,0.008264462,SKCM,LAML,False
5822,2425,0.08006408,0.041666668,OV,OV,True
5823,811,0.5,0.25,THCA,THCA,True
5824,568,0.15811388,0.083333336,SKCM,KIPAN,False
5825,583,0.043643575,0.022222223,LIHC,LIHC,True
5826,0,0.0,0.0,THCA,KIPAN,False
5827,1154,0.2085144,0.04347826,ACC,PCPG,False
5828,1789,0.0037392648,0.00020911753,KIPAN,PAAD,False
5829,4486,0.11785112,0.05882353,COAD,BRCA,False
5830,0,0.0,0.0,BRCA,KIPAN,False
5831,811,0.57735026,0.33333334,THCA,THCA,True
5832,3647,0.23570228,0.1,GBMLGG,LAML,False
5833,4721,0.15811388,0.04761905,UCEC,BRCA,False
5834,0,0.0,0.0,PCPG,KIPAN,False
5835,480,0.09805807,0.03448276,BRCA,OV,False
5836,6160,0.99999994,1.0,KIPAN,KIRC,False
5837,1982,0.15811388,0.07692308,KIPAN,PCPG,False
5838,811,0.19611613,0.03846154,SKCM,THCA,False
5839,3447,0.07715168,0.033333335,PAAD,OV,False
5840,2915,0.04260143,0.021276595,COAD,COAD,True
5841,2806,1.0000001,1.0,GBMLGG,LGG,False
5842,4354,0.1042572,0.03846154,COAD,CESC,False
5843,5786,0.06917144,0.03448276,GBMLGG,PAAD,False
5844,5614,0.1118034,0.05,UCEC,BRCA,False
5845,720,0.009139379,0.003012048,LIHC,LUSC,False
5846,2658,0.053074494,0.013333334,SARC,BRCA,False
5847,5316,1.0,1.0,KIPAN,KIRC,False
5848,0,0.0,0.0,BRCA,KIPAN,False
5849,811,0.14142136,0.02,COAD,THCA,False
5850,5821,0.022048693,0.00729927,COAD,SKCM,False
5851,5024,0.028606476,0.013888889,BRCA,STES,False
5852,6167,0.99999994,1.0,KIPAN,KIRC,False
5853,811,0.06757373,0.00456621,SKCM,THCA,False
5854,4081,0.009531161,0.0003629764,THCA,COAD,False
5855,5346,0.069006555,0.027777778,PCPG,BRCA,False
5856,3447,0.0805823,0.035714287,OV,OV,True
5857,2529,0.99999994,1.0,KIRC,KIPAN,False
5858,0,0.0,0.0,BRCA,KIPAN,False
5859,0,0.0,0.0,SARC,KIPAN,False
5860,5742,0.04225771,0.02,LIHC,TGCT,False
5861,2401,0.04303315,0.02,STES,LUAD,False
5862,0,0.0,0.0,LIHC,KIPAN,False
5863,3654,0.23570225,0.125,BRCA,BRCA,True
5864,1656,0.12909944,0.0625,BRCA,OV,False
5865,121,0.23570225,0.125,BRCA,LGG,False
5866,4721,0.28867513,0.14285715,UCEC,BRCA,False
5867,1380,0.03774257,0.011627907,LUAD,GBMLGG,False
5868,4863,0.04588314,0.01010101,BRCA,ACC,False
5869,1933,0.1118034,0.05,COAD,LGG,False
5870,3027,0.99999994,1.0,LGG,GBMLGG,False
5871,1073,1.0000001,1.0,KIPAN,KIRC,False
5872,0,0.0,0.0,BRCA,KIPAN,False
5873,5115,0.99999994,1.0,KIPAN,KIRC,False
5874,332,0.07412493,0.03846154,OV,OV,True
5875,956,0.26726124,0.125,LGG,GBMLGG,False
5876,4252,0.09245003,0.04761905,BRCA,BRCA,True
5877,1830,1.0,1.0,KIRC,KIPAN,False
5878,1976,0.06063391,0.03125,KIRC,KIPAN,False
5879,6149,0.5163978,0.33333334,THCA,THCA,True
5880,4758,0.2236068,0.05,PAAD,THYM,False
5881,811,0.13867505,0.01923077,SKCM,THCA,False
5882,3951,1.0,1.0,KIRC,KIPAN,False
5883,4721,0.08703883,0.014925373,BRCA,BRCA,True
5884,1003,0.99999994,1.0,KIRC,KIPAN,False
5885,5587,0.99999994,1.0,GBMLGG,LGG,False
5886,2111,0.06085806,0.027777778,KIPAN,CESC,False
5887,5787,0.069504805,0.032258064,GBMLGG,LGG,False
5888,160,1.0,1.0,GBMLGG,LGG,False
5889,2810,0.053452246,0.02631579,STES,KIRC,False
5890,83,0.07647191,0.037037037,UCEC,GBMLGG,False
5891,0,0.0,0.0,SARC,KIPAN,False
5892,0,0.0,0.0,PCPG,KIPAN,False
5893,4473,1.0,1.0,KIRC,KIPAN,False
5894,6026,0.14644553,0.047413792,CESC,CESC,True
5895,4701,0.14142136,0.03846154,HNSC,BRCA,False
5896,5015,0.09128709,0.035714287,BLCA,THCA,False
5897,5966,0.013538259,0.0028089888,SKCM,BRCA,False
5898,1957,0.2581989,0.06666667,GBMLGG,OV,False
5899,1470,0.12309149,0.0625,PRAD,PRAD,True
5900,642,0.055555556,0.022727273,PAAD,KIPAN,False
5901,890,0.23543549,0.13207547,ACC,ACC,True
5902,381,0.04029115,0.011904762,PRAD,GBMLGG,False
5903,0,0.0,0.0,SARC,KIPAN,False
5904,4187,1.0,1.0,KIPAN,KIRC,False
5905,3811,0.096225046,0.05,GBMLGG,HNSC,False
5906,4335,0.02247333,0.004385965,HNSC,COAD,False
5907,800,0.13363062,0.071428575,STES,STES,True
5908,2444,0.0877058,0.033333335,KIPAN,KIPAN,True
5909,0,0.0,0.0,PRAD,KIPAN,False
5910,845,0.05170877,0.02631579,HNSC,UCEC,False
5911,0,0.0,0.0,PRAD,KIPAN,False
5912,1674,0.011669002,0.002352941,CESC,CESC,True
5913,0,0.0,0.0,HNSC,KIPAN,False
5914,480,0.07216878,0.019607844,STES,OV,False
5915,5424,0.059028134,0.0034843206,UCEC,GBMLGG,False
5916,5443,0.047036044,0.00862069,OV,BLCA,False
5917,2669,0.20998026,0.11627907,ACC,ACC,True
5918,5631,1.0,1.0,KIRC,KIPAN,False
5919,0,0.0,0.0,PCPG,KIPAN,False
5920,4795,0.03965258,0.0031347962,BRCA,PCPG,False
5921,3245,0.07856742,0.03846154,COAD,BRCA,False
5922,0,0.0,0.0,PRAD,KIPAN,False
5923,0,0.0,0.0,LAML,KIPAN,False
5924,3191,0.038924947,0.01923077,HNSC,SKCM,False
5925,4721,0.20412415,0.07692308,UCEC,BRCA,False
5926,544,0.1,0.041666668,KIPAN,LAML,False
5927,1573,0.18257418,0.083333336,PCPG,BRCA,False
5928,3023,0.99999994,1.0,LGG,GBMLGG,False
5929,0,0.0,0.0,BRCA,KIPAN,False
5930,480,0.2236068,0.125,SARC,OV,False
5931,1990,1.0,1.0,KIPAN,KIRC,False
5932,1380,0.049147315,0.018518519,STES,GBMLGG,False
5933,2000,0.043519415,0.0074074073,SKCM,PCPG,False
5934,1253,0.014415749,0.0024271845,KIPAN,COAD,False
5935,10,0.13608275,0.071428575,UCEC,STES,False
5936,5391,1.0,1.0,KIRC,KIPAN,False
5937,565,0.014589603,0.007246377,LUAD,SARC,False
5938,2065,0.06804138,0.03125,PAAD,COAD,False
5939,4593,0.025424642,0.007633588,GBMLGG,BLCA,False
5940,848,0.13245323,0.04761905,PAAD,SARC,False
5941,1972,1.0,1.0,KIRC,KIPAN,False
5942,5200,0.012833176,0.001934236,SARC,BRCA,False
5943,4701,0.07106691,0.01,CESC,BRCA,False
5944,4797,0.18257418,0.083333336,BRCA,LAML,False
5945,1669,0.57735026,0.33333334,LAML,LAML,True
5946,5099,0.06579517,0.032258064,KIRC,LIHC,False
5947,2188,1.0,1.0,KIPAN,KIRC,False
5948,672,0.0766965,0.03846154,BRCA,TGCT,False
5949,0,0.0,0.0,SARC,KIPAN,False
5950,0,0.0,0.0,PCPG,KIPAN,False
5951,956,0.31622776,0.16666667,LGG,GBMLGG,False
5952,4157,0.09534626,0.05,STES,OV,False
5953,0,0.0,0.0,CESC,KIPAN,False
5954,2811,0.14433756,0.06666667,TGCT,PCPG,False
5955,0,0.0,0.0,BRCA,KIPAN,False
5956,5407,0.2,0.11111111,THCA,THCA,True
5957,1119,0.23570225,0.125,BRCA,BRCA,True
5958,754,1.0,1.0,KIRC,KIPAN,False
5959,4721,0.21320072,0.083333336,BRCA,BRCA,True
5960,1293,0.99999994,1.0,KIPAN,KIRC,False
5961,4624,0.028261669,0.003164557,OV,UCEC,False
5962,0,0.0,0.0,SARC,KIPAN,False
5963,2447,0.28867513,0.14285715,THCA,THCA,True
5964,0,0.0,0.0,SARC,KIPAN,False
5965,1656,0.06085806,0.01724138,LIHC,OV,False
5966,5897,0.013538259,0.0028089888,BRCA,SKCM,False
5967,3063,0.019506859,0.0022573364,SARC,STES,False
5968,1687,0.078567415,0.03125,BRCA,BRCA,True
5969,23,0.31622776,0.16666667,LAML,LAML,True
5970,4196,0.12909944,0.06666667,THCA,CESC,False
5971,2447,0.50000006,0.33333334,THCA,THCA,True
5972,0,0.0,0.0,THCA,KIPAN,False
5973,811,0.35355338,0.125,THCA,THCA,True
5974,4592,1.0000001,1.0,GBMLGG,LGG,False
5975,1119,0.15430336,0.0625,BRCA,BRCA,True
5976,1244,0.12309149,0.0625,BRCA,OV,False
5977,418,0.13483997,0.06666667,HNSC,PCPG,False
5978,644,0.015467206,0.006802721,SKCM,HNSC,False
5979,3020,1.0,1.0,KIPAN,KIRC,False
5980,4701,0.094491124,0.01754386,UCEC,BRCA,False
5981,0,0.0,0.0,BRCA,KIPAN,False
5982,1515,0.025031308,0.007874016,GBMLGG,SKCM,False
5983,0,0.0,0.0,THCA,KIPAN,False
5984,0,0.0,0.0,THYM,KIPAN,False
5985,3993,0.09805807,0.03448276,LIHC,GBMLGG,False
5986,0,0.0,0.0,LIHC,KIPAN,False
5987,5486,0.021506619,0.010869565,LUSC,LUSC,True
5988,876,0.5,0.33333334,LAML,LAML,True
5989,227,0.0766965,0.03846154,KIPAN,KIPAN,True
5990,2948,0.05063697,0.020833334,LIHC,BRCA,False
5991,4701,0.0766965,0.011627907,STES,BRCA,False
5992,4289,0.05913124,0.027777778,HNSC,OV,False
5993,0,0.0,0.0,HNSC,KIPAN,False
5994,0,0.0,0.0,PRAD,KIPAN,False
5995,5191,0.049875464,0.013888889,LUSC,COAD,False
5996,727,1.0,1.0,GBMLGG,LGG,False
5997,0,0.0,0.0,SARC,KIPAN,False
5998,3884,0.02464071,0.011494253,STES,LUAD,False
5999,811,0.57735026,0.33333334,THCA,THCA,True
6000,0,0.0,0.0,PCPG,KIPAN,False
6001,6178,0.03183035,0.006802721,SKCM,LAML,False
6002,1828,0.0230449,0.0036363637,BRCA,SKCM,False
6003,0,0.0,0.0,THCA,KIPAN,False
6004,0,0.0,0.0,STES,KIPAN,False
6005,3847,0.07453559,0.028571429,BRCA,HNSC,False
6006,5002,0.109108955,0.055555556,KIPAN,PAAD,False
6007,0,0.0,0.0,LAML,KIPAN,False
6008,0,0.0,0.0,THYM,KIPAN,False
6009,4685,0.99999994,1.0,LGG,GBMLGG,False
6010,2040,1.0,1.0,KIPAN,KIRC,False
6011,3450,0.16666666,0.09090909,BRCA,BRCA,True
6012,5133,0.26967993,0.14285715,BRCA,BRCA,True
6013,0,0.0,0.0,PRAD,KIPAN,False
6014,811,0.10910894,0.011904762,SKCM,THCA,False
6015,2191,0.051231556,0.007751938,SKCM,PRAD,False
6016,1458,0.025615774,0.0038610038,LUAD,BRCA,False
6017,643,0.03768892,0.013513514,BRCA,BRCA,True
6018,956,0.23570228,0.1,GBMLGG,GBMLGG,True
6019,4051,0.15811388,0.04761905,BRCA,LGG,False
6020,3414,0.06565322,0.027777778,KIPAN,BRCA,False
6021,4849,1.0,1.0,KIRC,KIPAN,False
6022,2595,0.046524208,0.023809524,KIPAN,KIPAN,True
6023,3547,0.06917144,0.03448276,LUAD,THCA,False
6024,4817,0.10910894,0.05263158,KIPAN,BRCA,False
6025,5264,0.045643546,0.014925373,STES,OV,False
6026,5894,0.14644553,0.047413792,CESC,CESC,True
6027,513,1.0,1.0,KIPAN,KIRC,False
6028,0,0.0,0.0,PRAD,KIPAN,False
6029,4656,0.007410051,0.0026954177,LIHC,COAD,False
6030,0,0.0,0.0,BRCA,KIPAN,False
6031,2271,1.0000001,1.0,GBMLGG,LGG,False
6032,0,0.0,0.0,THYM,KIPAN,False
6033,4721,0.2236068,0.09090909,BRCA,BRCA,True
6034,121,0.2581989,0.14285715,OV,LGG,False
6035,3259,0.1979519,0.10869565,ACC,ACC,True
6036,3540,1.0,1.0,LGG,GBMLGG,False
6037,71,0.01479413,0.0006557377,THYM,UCEC,False
6038,1119,0.05802589,0.00990099,UCEC,BRCA,False
6039,1871,0.06299408,0.03125,GBMLGG,UCEC,False
6040,665,0.1118034,0.05882353,BRCA,BRCA,True
6041,5249,1.0000001,1.0,KIPAN,KIRC,False
6042,2727,0.06454972,0.027027028,STES,PAAD,False
6043,2378,0.083333336,0.041666668,TGCT,TGCT,True
6044,3905,0.035245366,0.01754386,KIRC,STES,False
6045,496,0.16666667,0.071428575,BRCA,UCEC,False
6046,811,0.70710677,0.5,THCA,THCA,True
6047,1982,0.114707865,0.045454547,GBMLGG,PCPG,False
6048,0,0.0,0.0,KIPAN,KIPAN,True
6049,3463,0.08084521,0.018867925,UCEC,KIRC,False
6050,3231,0.06085806,0.03125,LGG,GBMLGG,False
6051,4371,0.012275715,0.0029761905,DLBC,STES,False
6052,4601,0.21821791,0.11111111,THCA,THCA,True
6053,1271,0.99999994,1.0,GBMLGG,LGG,False
6054,5190,1.0,1.0,KIPAN,KIRC,False
6055,3187,0.018312437,0.0044247787,STES,SKCM,False
6056,4212,0.012515655,0.003921569,LUSC,GBMLGG,False
6057,4670,0.99999994,1.0,KIPAN,KIRC,False
6058,4567,0.02334436,0.0026954177,STES,SKCM,False
6059,811,0.094491124,0.008928572,SKCM,THCA,False
6060,0,0.0,0.0,SARC,KIPAN,False
6061,3066,0.115470044,0.05263158,BRCA,LGG,False
6062,811,0.22941573,0.05263158,SKCM,THCA,False
6063,3419,1.0,1.0,KIRC,KIPAN,False
6064,4490,0.99999994,1.0,KIRC,KIPAN,False
6065,4888,0.35355338,0.2,BRCA,BRCA,True
6066,406,0.008307413,0.00068587105,BRCA,UCEC,False
6067,5771,0.16903086,0.09090909,PCPG,PCPG,True
6068,5157,0.033277918,0.0074074073,UCEC,PRAD,False
6069,0,0.0,0.0,LGG,KIPAN,False
6070,5683,0.007544216,0.0005662514,PRAD,UCEC,False
6071,956,0.2236068,0.09090909,GBMLGG,GBMLGG,True
6072,4157,0.04303315,0.015873017,STES,OV,False
6073,3129,0.02080626,0.009803922,LUAD,SKCM,False
6074,0,0.0,0.0,THCA,KIPAN,False
6075,1567,1.0000001,1.0,KIRC,KIPAN,False
6076,0,0.0,0.0,LUAD,KIPAN,False
6077,5008,0.049690403,0.024390243,OV,STES,False
6078,121,0.28867513,0.16666667,SARC,LGG,False
6079,0,0.0,0.0,GBMLGG,KIPAN,False
6080,4975,0.047245562,0.023255814,TGCT,GBMLGG,False
6081,5407,0.019555284,0.0018975332,SKCM,THCA,False
6082,4918,0.05892556,0.028571429,ACC,TGCT,False
6083,848,0.15430336,0.0625,BRCA,SARC,False
6084,811,0.5,0.25,THCA,THCA,True
6085,5927,0.109108955,0.033333335,HNSC,PCPG,False
6086,3993,0.10206207,0.037037037,GBMLGG,GBMLGG,True
6087,1268,0.09325048,0.037037037,GBMLGG,LAML,False
6088,2942,0.015725138,0.0028735632,KIPAN,STES,False
6089,2018,0.054554477,0.025641026,LIHC,HNSC,False
6090,4676,0.11322771,0.025,STES,LAML,False
6091,833,1.0,1.0,KIPAN,KIPAN,True
6092,811,0.5,0.25,THCA,THCA,True
6093,511,1.0,1.0,KIPAN,KIRC,False
6094,4721,0.25000003,0.11111111,BRCA,BRCA,True
6095,0,0.0,0.0,SARC,KIPAN,False
6096,4691,1.0,1.0,KIPAN,KIRC,False
6097,4888,0.18257418,0.0625,BRCA,BRCA,True
6098,0,0.0,0.0,OV,KIPAN,False
6099,1885,0.022727273,0.004016064,STES,STES,True
6100,749,0.07881104,0.03448276,STES,BRCA,False
6101,5220,0.20412415,0.07692308,BRCA,PRAD,False
6102,0,0.0,0.0,PAAD,KIPAN,False
6103,38,0.089087084,0.022727273,LAML,LUSC,False
6104,0,0.0,0.0,PCPG,KIPAN,False
6105,0,0.0,0.0,THCA,KIPAN,False
6106,1982,0.11785114,0.04761905,GBMLGG,PCPG,False
6107,4867,1.0,1.0,LGG,GBMLGG,False
6108,4222,0.09128709,0.04761905,LIHC,STES,False
6109,2496,1.0000001,1.0,LGG,GBMLGG,False
6110,2847,0.062017366,0.028571429,TGCT,KIPAN,False
6111,1532,1.0000001,1.0,KIPAN,KIRC,False
6112,1933,0.10846523,0.04761905,COAD,LGG,False
6113,811,0.57735026,0.33333334,THCA,THCA,True
6114,0,0.0,0.0,BRCA,KIPAN,False
6115,5044,0.21821791,0.11111111,PCPG,PCPG,True
6116,0,0.0,0.0,LGG,KIPAN,False
6117,1379,0.012306353,0.0059701493,CESC,CESC,True
6118,0,0.0,0.0,LIHC,KIPAN,False
6119,4054,0.99999994,1.0,KIRC,KIPAN,False
6120,3318,1.0,1.0,KIPAN,KIRC,False
6121,4721,0.17677669,0.05882353,BRCA,BRCA,True
6122,5384,0.056613848,0.027777778,STES,COAD,False
6123,1349,0.045643546,0.01754386,BLCA,BLCA,True
6124,0,0.0,0.0,LIHC,KIPAN,False
6125,2963,1.0,1.0,LGG,GBMLGG,False
6126,1334,0.017112153,0.0014556041,BRCA,SKCM,False
6127,1815,0.02423219,0.006993007,HNSC,HNSC,True
6128,1957,0.33333334,0.11111111,GBMLGG,OV,False
6129,3512,0.14433756,0.06666667,OV,GBMLGG,False
6130,668,1.0,1.0,GBMLGG,LGG,False
6131,2135,0.027828068,0.013927577,DLBC,DLBC,True
6132,3181,0.04170288,0.021276595,KIPAN,KIPAN,True
6133,4315,0.14142136,0.071428575,BRCA,BRCA,True
6134,0,0.0,0.0,CESC,KIPAN,False
6135,4283,0.013333334,0.00591716,STES,SKCM,False
6136,1034,0.025819888,0.006289308,SARC,BLCA,False
6137,3651,0.2236068,0.09090909,KIPAN,PCPG,False
6138,740,0.07001401,0.035714287,HNSC,KIPAN,False
6139,1957,0.2085144,0.04347826,OV,OV,True
6140,4081,0.014431548,0.0071444036,UCEC,COAD,False
6141,1957,0.1714986,0.029411765,HNSC,OV,False
6142,2476,1.0,1.0,KIRC,KIRC,True
6143,3993,0.23570228,0.1,GBMLGG,GBMLGG,True
6144,0,0.0,0.0,THYM,KIPAN,False
6145,3467,0.052704625,0.022222223,SARC,LIHC,False
6146,0,0.0,0.0,BRCA,KIPAN,False
6147,0,0.0,0.0,PRAD,KIPAN,False
6148,4508,0.11145564,0.057142857,ACC,ACC,True
6149,811,0.57735026,0.33333334,THCA,THCA,True
6150,846,0.047140453,0.01724138,BRCA,BLCA,False
6151,1154,0.1714986,0.029411765,SKCM,PCPG,False
6152,0,0.0,0.0,PRAD,KIPAN,False
6153,3416,0.008559209,0.00072780205,SKCM,PRAD,False
6154,5565,0.07106691,0.033333335,GBMLGG,GBMLGG,True
6155,1356,0.28867513,0.083333336,LGG,LAML,False
6156,121,0.020619653,0.0012722646,COAD,LGG,False
6157,0,0.0,0.0,BRCA,KIPAN,False
6158,1957,0.0751646,0.0056497175,HNSC,OV,False
6159,811,0.57735026,0.33333334,THCA,THCA,True
6160,5836,0.99999994,1.0,KIRC,KIPAN,False
6161,4821,0.041959073,0.012820513,LUSC,HNSC,False
6162,848,0.19245009,0.09090909,BRCA,SARC,False
6163,192,1.0,1.0,KIPAN,KIRC,False
6164,583,0.031173985,0.014492754,LIHC,LIHC,True
6165,0,0.0,0.0,BRCA,KIPAN,False
6166,4641,0.1118034,0.05,COAD,OV,False
6167,5852,0.99999994,1.0,KIRC,KIPAN,False
6168,5889,0.053452246,0.02631579,PAAD,STES,False
6169,5574,0.07808688,0.012048192,BLCA,LAML,False
6170,0,0.0,0.0,PRAD,KIPAN,False
6171,5172,1.0,1.0,GBMLGG,LGG,False
6172,811,0.09534626,0.009090909,SKCM,THCA,False
6173,0,0.0,0.0,PRAD,KIPAN,False
6174,4362,0.11396058,0.05882353,COAD,LAML,False
6175,2640,0.06579517,0.032258064,LUAD,OV,False
6176,1144,0.080845214,0.04,KIRC,BRCA,False
6177,1901,0.99999994,1.0,KIRC,KIPAN,False
6178,1669,0.3779645,0.14285715,LAML,LAML,True
6179,0,0.0,0.0,BRCA,KIPAN,False
6180,1204,0.044992123,0.022727273,CESC,CESC,True
6181,1953,0.062017366,0.03125,KIRC,KIRC,True
6182,0,0.0,0.0,LIHC,KIPAN,False
6183,811,0.57735026,0.33333334,THCA,THCA,True
6184,0,0.0,0.0,THCA,KIPAN,False
6185,2870,0.07453559,0.028571429,BRCA,BRCA,True
6186,1805,0.99999994,1.0,KIPAN,KIRC,False
6187,811,0.18569534,0.03448276,COAD,THCA,False
6188,0,0.0,0.0,PRAD,KIPAN,False
6189,0,0.0,0.0,TGCT,KIPAN,False
6190,0,0.0,0.0,PCPG,KIPAN,False
6191,0,0.0,0.0,OV,KIPAN,False
6192,0,0.0,0.0,LIHC,KIPAN,False
6193,4721,0.11322771,0.025,COAD,BRCA,False
6194,0,0.0,0.0,KIPAN,KIPAN,True
6195,5191,0.13608275,0.071428575,SARC,COAD,False
6196,4314,0.0860663,0.021276595,LUAD,STES,False
6197,179,0.99999994,1.0,LGG,GBMLGG,False
6198,884,0.07001401,0.035714287,COAD,PAAD,False
6199,273,0.024098136,0.003968254,TGCT,STES,False
6200,811,0.14433756,0.020833334,SKCM,THCA,False
