ID,true_class,predicted_class
TRAIN_0000,KIPAN,LIHC
TRAIN_0001,SARC,GBMLGG
TRAIN_0002,SKCM,SKCM
TRAIN_0003,KIRC,KIRC
TRAIN_0004,GBMLGG,OV
TRAIN_0005,STES,STES
TRAIN_0006,BRCA,BRCA
TRAIN_0007,THCA,THYM
TRAIN_0008,LIHC,SARC
TRAIN_0009,STES,COAD
TRAIN_0010,STES,PCPG
TRAIN_0011,HNSC,CESC
TRAIN_0012,KIRC,KIPAN
TRAIN_0013,PAAD,PAAD
TRAIN_0014,SKCM,SKCM
TRAIN_0015,OV,PRAD
TRAIN_0016,KIPAN,LIHC
TRAIN_0017,KIPAN,PCPG
TRAIN_0018,BRCA,LAML
TRAIN_0019,PRAD,THCA
TRAIN_0020,GBMLGG,LAML
TRAIN_0021,UCEC,UCEC
TRAIN_0022,GBMLGG,GBMLGG
TRAIN_0023,LAML,LAML
TRAIN_0024,COAD,COAD
TRAIN_0025,STES,STES
TRAIN_0026,BRCA,BRCA
TRAIN_0027,THCA,THCA
TRAIN_0028,BRCA,PCPG
TRAIN_0029,SKCM,SKCM
TRAIN_0030,ACC,ACC
TRAIN_0031,GBMLGG,LGG
TRAIN_0032,HNSC,HNSC
TRAIN_0033,KIRC,KIRC
TRAIN_0034,KIRC,KIRC
TRAIN_0035,PRAD,PCPG
TRAIN_0036,LGG,LGG
TRAIN_0037,LUSC,STES
TRAIN_0038,LUSC,LUSC
TRAIN_0039,BRCA,OV
TRAIN_0040,BRCA,OV
TRAIN_0041,UCEC,UCEC
TRAIN_0042,KIRC,KIRC
TRAIN_0043,GBMLGG,GBMLGG
TRAIN_0044,ACC,ACC
TRAIN_0045,LUAD,LIHC
TRAIN_0046,BRCA,BRCA
TRAIN_0047,SKCM,SKCM
TRAIN_0048,STES,PAAD
TRAIN_0049,LUSC,LUSC
TRAIN_0050,ACC,ACC
TRAIN_0051,BRCA,OV
TRAIN_0052,KIRC,KIRC
TRAIN_0053,GBMLGG,GBMLGG
TRAIN_0054,UCEC,UCEC
TRAIN_0055,PRAD,PCPG
TRAIN_0056,BRCA,BRCA
TRAIN_0057,BRCA,PCPG
TRAIN_0058,STES,STES
TRAIN_0059,KIPAN,LUAD
TRAIN_0060,UCEC,UCEC
TRAIN_0061,KIRC,KIRC
TRAIN_0062,KIRC,KIRC
TRAIN_0063,BRCA,BRCA
TRAIN_0064,OV,OV
TRAIN_0065,BRCA,BRCA
TRAIN_0066,KIPAN,THYM
TRAIN_0067,BRCA,HNSC
TRAIN_0068,OV,OV
TRAIN_0069,LGG,LGG
TRAIN_0070,BRCA,BRCA
TRAIN_0071,UCEC,UCEC
TRAIN_0072,GBMLGG,HNSC
TRAIN_0073,SKCM,SKCM
TRAIN_0074,STES,STES
TRAIN_0075,BRCA,PRAD
TRAIN_0076,LUSC,LUSC
TRAIN_0077,PRAD,PRAD
TRAIN_0078,SKCM,SKCM
TRAIN_0079,KIPAN,STES
TRAIN_0080,UCEC,UCEC
TRAIN_0081,LAML,THYM
TRAIN_0082,BRCA,OV
TRAIN_0083,GBMLGG,UCEC
TRAIN_0084,OV,COAD
TRAIN_0085,STES,OV
TRAIN_0086,BRCA,BRCA
TRAIN_0087,PRAD,LUAD
TRAIN_0088,BRCA,KIPAN
TRAIN_0089,BRCA,LIHC
TRAIN_0090,LUSC,LUSC
TRAIN_0091,KIPAN,SARC
TRAIN_0092,KIPAN,STES
TRAIN_0093,CESC,CESC
TRAIN_0094,UCEC,LIHC
TRAIN_0095,KIPAN,BRCA
TRAIN_0096,STES,STES
TRAIN_0097,KIPAN,KIPAN
TRAIN_0098,KIPAN,PCPG
TRAIN_0099,PCPG,PCPG
TRAIN_0100,SKCM,SKCM
TRAIN_0101,BRCA,PRAD
TRAIN_0102,THYM,THYM
TRAIN_0103,BRCA,BRCA
TRAIN_0104,BRCA,OV
TRAIN_0105,SKCM,SKCM
TRAIN_0106,LGG,LGG
TRAIN_0107,THCA,THCA
TRAIN_0108,KIPAN,LIHC
TRAIN_0109,BRCA,BRCA
TRAIN_0110,BRCA,CESC
TRAIN_0111,SKCM,SKCM
TRAIN_0112,GBMLGG,LGG
TRAIN_0113,LUSC,LUAD
TRAIN_0114,PRAD,BRCA
TRAIN_0115,BRCA,PRAD
TRAIN_0116,BLCA,BLCA
TRAIN_0117,GBMLGG,GBMLGG
TRAIN_0118,BRCA,DLBC
TRAIN_0119,TGCT,TGCT
TRAIN_0120,KIPAN,KIPAN
TRAIN_0121,LGG,LGG
TRAIN_0122,THCA,THYM
TRAIN_0123,KIPAN,KIPAN
TRAIN_0124,OV,CESC
TRAIN_0125,STES,STES
TRAIN_0126,THYM,PCPG
TRAIN_0127,LUSC,STES
TRAIN_0128,HNSC,PAAD
TRAIN_0129,LUSC,THYM
TRAIN_0130,PCPG,PCPG
TRAIN_0131,KIRC,BLCA
TRAIN_0132,SKCM,SKCM
TRAIN_0133,SARC,THYM
TRAIN_0134,DLBC,DLBC
TRAIN_0135,LUAD,LUAD
TRAIN_0136,BRCA,PRAD
TRAIN_0137,BRCA,UCEC
TRAIN_0138,KIRC,KIRC
TRAIN_0139,LUSC,LUSC
TRAIN_0140,THCA,THYM
TRAIN_0141,LUSC,STES
TRAIN_0142,SKCM,SKCM
TRAIN_0143,KIRC,LUAD
TRAIN_0144,BRCA,GBMLGG
TRAIN_0145,STES,STES
TRAIN_0146,LUAD,KIPAN
TRAIN_0147,STES,STES
TRAIN_0148,LGG,LGG
TRAIN_0149,KIRC,KIRC
TRAIN_0150,BLCA,BLCA
TRAIN_0151,GBMLGG,GBMLGG
TRAIN_0152,LIHC,LIHC
TRAIN_0153,BRCA,BRCA
TRAIN_0154,SARC,PCPG
TRAIN_0155,BRCA,PRAD
TRAIN_0156,KIPAN,BRCA
TRAIN_0157,GBMLGG,GBMLGG
TRAIN_0158,OV,LUSC
TRAIN_0159,BRCA,PRAD
TRAIN_0160,LGG,LGG
TRAIN_0161,KIPAN,KIRC
TRAIN_0162,GBMLGG,GBMLGG
TRAIN_0163,PRAD,PRAD
TRAIN_0164,BRCA,BRCA
TRAIN_0165,SARC,BLCA
TRAIN_0166,THCA,THCA
TRAIN_0167,BRCA,BRCA
TRAIN_0168,PRAD,PCPG
TRAIN_0169,KIRC,KIRC
TRAIN_0170,THYM,THYM
TRAIN_0171,BRCA,PCPG
TRAIN_0172,BRCA,KIPAN
TRAIN_0173,SKCM,SKCM
TRAIN_0174,CESC,HNSC
TRAIN_0175,PAAD,PAAD
TRAIN_0176,THCA,THYM
TRAIN_0177,BRCA,BRCA
TRAIN_0178,CESC,BRCA
TRAIN_0179,GBMLGG,GBMLGG
TRAIN_0180,BRCA,BRCA
TRAIN_0181,KIPAN,KIRC
TRAIN_0182,SKCM,SKCM
TRAIN_0183,ACC,ACC
TRAIN_0184,PAAD,PAAD
TRAIN_0185,OV,LIHC
TRAIN_0186,KIPAN,KIPAN
TRAIN_0187,CESC,HNSC
TRAIN_0188,LUAD,HNSC
TRAIN_0189,BRCA,BRCA
TRAIN_0190,BRCA,PAAD
TRAIN_0191,LUSC,LUAD
TRAIN_0192,KIRC,KIRC
TRAIN_0193,KIPAN,BRCA
TRAIN_0194,UCEC,UCEC
TRAIN_0195,OV,OV
TRAIN_0196,LAML,PCPG
TRAIN_0197,BRCA,PRAD
TRAIN_0198,LIHC,KIPAN
TRAIN_0199,THCA,THCA
TRAIN_0200,PRAD,PRAD
TRAIN_0201,BRCA,ACC
TRAIN_0202,KIRC,KIRC
TRAIN_0203,LIHC,LUSC
TRAIN_0204,BRCA,TGCT
TRAIN_0205,SARC,SARC
TRAIN_0206,KIPAN,KIPAN
TRAIN_0207,SARC,UCEC
TRAIN_0208,BRCA,LIHC
TRAIN_0209,LUSC,LUSC
TRAIN_0210,SKCM,PRAD
TRAIN_0211,UCEC,UCEC
TRAIN_0212,OV,OV
TRAIN_0213,THYM,SARC
TRAIN_0214,THCA,THYM
TRAIN_0215,SKCM,SKCM
TRAIN_0216,STES,UCEC
TRAIN_0217,LUAD,LUSC
TRAIN_0218,KIPAN,KIPAN
TRAIN_0219,CESC,PRAD
TRAIN_0220,KIPAN,KIRC
TRAIN_0221,COAD,COAD
TRAIN_0222,SKCM,SKCM
TRAIN_0223,BRCA,BRCA
TRAIN_0224,KIPAN,KIPAN
TRAIN_0225,KIPAN,UCEC
TRAIN_0226,THCA,THYM
TRAIN_0227,KIPAN,KIRC
TRAIN_0228,GBMLGG,GBMLGG
TRAIN_0229,BLCA,BLCA
TRAIN_0230,LUSC,LUSC
TRAIN_0231,KIPAN,KIPAN
TRAIN_0232,PRAD,SARC
TRAIN_0233,TGCT,PRAD
TRAIN_0234,HNSC,KIPAN
TRAIN_0235,THYM,PRAD
TRAIN_0236,OV,OV
TRAIN_0237,UCEC,OV
TRAIN_0238,STES,COAD
TRAIN_0239,GBMLGG,GBMLGG
TRAIN_0240,CESC,CESC
TRAIN_0241,BRCA,BRCA
TRAIN_0242,BRCA,BRCA
TRAIN_0243,PRAD,PCPG
TRAIN_0244,LUSC,LUSC
TRAIN_0245,UCEC,GBMLGG
TRAIN_0246,OV,BRCA
TRAIN_0247,KIPAN,TGCT
TRAIN_0248,LUAD,BRCA
TRAIN_0249,SKCM,SKCM
TRAIN_0250,KIPAN,OV
TRAIN_0251,BRCA,PRAD
TRAIN_0252,GBMLGG,GBMLGG
TRAIN_0253,SARC,SARC
TRAIN_0254,THYM,LAML
TRAIN_0255,LGG,LGG
TRAIN_0256,LAML,THYM
TRAIN_0257,BLCA,STES
TRAIN_0258,COAD,COAD
TRAIN_0259,STES,STES
TRAIN_0260,PRAD,LAML
TRAIN_0261,GBMLGG,SARC
TRAIN_0262,BLCA,BLCA
TRAIN_0263,BRCA,OV
TRAIN_0264,KIPAN,PRAD
TRAIN_0265,BRCA,PRAD
TRAIN_0266,PRAD,PRAD
TRAIN_0267,GBMLGG,GBMLGG
TRAIN_0268,PAAD,PAAD
TRAIN_0269,BRCA,CESC
TRAIN_0270,GBMLGG,GBMLGG
TRAIN_0271,KIPAN,KIPAN
TRAIN_0272,KIPAN,ACC
TRAIN_0273,STES,STES
TRAIN_0274,UCEC,GBMLGG
TRAIN_0275,CESC,CESC
TRAIN_0276,SARC,SARC
TRAIN_0277,PAAD,SARC
TRAIN_0278,GBMLGG,GBMLGG
TRAIN_0279,LAML,LAML
TRAIN_0280,GBMLGG,PRAD
TRAIN_0281,BRCA,OV
TRAIN_0282,BRCA,BRCA
TRAIN_0283,SKCM,SKCM
TRAIN_0284,OV,OV
TRAIN_0285,KIPAN,ACC
TRAIN_0286,STES,STES
TRAIN_0287,THCA,THCA
TRAIN_0288,SARC,SARC
TRAIN_0289,PRAD,SARC
TRAIN_0290,GBMLGG,GBMLGG
TRAIN_0291,SARC,PCPG
TRAIN_0292,PRAD,PRAD
TRAIN_0293,LAML,THYM
TRAIN_0294,LUAD,LUSC
TRAIN_0295,LUAD,HNSC
TRAIN_0296,THCA,THCA
TRAIN_0297,THCA,THCA
TRAIN_0298,THCA,THCA
TRAIN_0299,TGCT,KIRC
TRAIN_0300,GBMLGG,GBMLGG
TRAIN_0301,UCEC,STES
TRAIN_0302,GBMLGG,OV
TRAIN_0303,GBMLGG,LGG
TRAIN_0304,TGCT,TGCT
TRAIN_0305,HNSC,HNSC
TRAIN_0306,PCPG,PCPG
TRAIN_0307,TGCT,TGCT
TRAIN_0308,COAD,PAAD
TRAIN_0309,PRAD,PRAD
TRAIN_0310,LUSC,HNSC
TRAIN_0311,SARC,GBMLGG
TRAIN_0312,PAAD,SARC
TRAIN_0313,KIRC,KIRC
TRAIN_0314,SARC,PCPG
TRAIN_0315,PAAD,STES
TRAIN_0316,GBMLGG,THYM
TRAIN_0317,OV,LIHC
TRAIN_0318,BLCA,BLCA
TRAIN_0319,SKCM,SKCM
TRAIN_0320,BRCA,PRAD
TRAIN_0321,OV,OV
TRAIN_0322,STES,STES
TRAIN_0323,UCEC,UCEC
TRAIN_0324,PRAD,PRAD
TRAIN_0325,TGCT,TGCT
TRAIN_0326,GBMLGG,LGG
TRAIN_0327,COAD,GBMLGG
TRAIN_0328,LIHC,OV
TRAIN_0329,BRCA,CESC
TRAIN_0330,KIPAN,KIPAN
TRAIN_0331,LAML,THYM
TRAIN_0332,OV,OV
TRAIN_0333,LGG,LGG
TRAIN_0334,OV,OV
TRAIN_0335,LIHC,HNSC
TRAIN_0336,THCA,THYM
TRAIN_0337,LUSC,LUSC
TRAIN_0338,STES,HNSC
TRAIN_0339,LAML,LAML
TRAIN_0340,BRCA,PRAD
TRAIN_0341,GBMLGG,GBMLGG
TRAIN_0342,UCEC,UCEC
TRAIN_0343,KIRC,KIRC
TRAIN_0344,SARC,GBMLGG
TRAIN_0345,BRCA,BRCA
TRAIN_0346,KIPAN,KIPAN
TRAIN_0347,KIPAN,KIPAN
TRAIN_0348,PRAD,PRAD
TRAIN_0349,STES,STES
TRAIN_0350,LAML,LAML
TRAIN_0351,LUAD,GBMLGG
TRAIN_0352,KIPAN,LIHC
TRAIN_0353,KIPAN,KIPAN
TRAIN_0354,DLBC,DLBC
TRAIN_0355,BLCA,BLCA
TRAIN_0356,LUAD,LUAD
TRAIN_0357,KIRC,KIRC
TRAIN_0358,SARC,LIHC
TRAIN_0359,KIRC,KIRC
TRAIN_0360,COAD,COAD
TRAIN_0361,COAD,COAD
TRAIN_0362,LUSC,LUAD
TRAIN_0363,HNSC,LUSC
TRAIN_0364,COAD,COAD
TRAIN_0365,KIPAN,THYM
TRAIN_0366,PCPG,LGG
TRAIN_0367,STES,STES
TRAIN_0368,BRCA,PRAD
TRAIN_0369,TGCT,TGCT
TRAIN_0370,THCA,THCA
TRAIN_0371,GBMLGG,PCPG
TRAIN_0372,BRCA,UCEC
TRAIN_0373,KIPAN,KIPAN
TRAIN_0374,SKCM,SKCM
TRAIN_0375,BRCA,UCEC
TRAIN_0376,KIRC,KIRC
TRAIN_0377,COAD,COAD
TRAIN_0378,THCA,THYM
TRAIN_0379,LUSC,LUSC
TRAIN_0380,BRCA,BRCA
TRAIN_0381,GBMLGG,GBMLGG
TRAIN_0382,LAML,LAML
TRAIN_0383,OV,COAD
TRAIN_0384,HNSC,HNSC
TRAIN_0385,LGG,LGG
TRAIN_0386,GBMLGG,UCEC
TRAIN_0387,LUAD,LUAD
TRAIN_0388,LIHC,UCEC
TRAIN_0389,LAML,THYM
TRAIN_0390,KIRC,KIRC
TRAIN_0391,LUSC,LUSC
TRAIN_0392,THCA,THCA
TRAIN_0393,STES,UCEC
TRAIN_0394,LUAD,LUAD
TRAIN_0395,STES,STES
TRAIN_0396,PRAD,PRAD
TRAIN_0397,PRAD,PRAD
TRAIN_0398,STES,STES
TRAIN_0399,PAAD,PAAD
TRAIN_0400,BRCA,PCPG
TRAIN_0401,HNSC,HNSC
TRAIN_0402,KIPAN,LUSC
TRAIN_0403,BRCA,BRCA
TRAIN_0404,SKCM,SKCM
TRAIN_0405,STES,STES
TRAIN_0406,UCEC,UCEC
TRAIN_0407,STES,BRCA
TRAIN_0408,LIHC,PRAD
TRAIN_0409,HNSC,HNSC
TRAIN_0410,CESC,OV
TRAIN_0411,SARC,PRAD
TRAIN_0412,THYM,THYM
TRAIN_0413,THYM,THYM
TRAIN_0414,PCPG,UCEC
TRAIN_0415,BRCA,BRCA
TRAIN_0416,STES,HNSC
TRAIN_0417,STES,STES
TRAIN_0418,PCPG,PCPG
TRAIN_0419,LGG,LGG
TRAIN_0420,GBMLGG,GBMLGG
TRAIN_0421,TGCT,PRAD
TRAIN_0422,KIPAN,KIPAN
TRAIN_0423,KIPAN,KIPAN
TRAIN_0424,COAD,COAD
TRAIN_0425,LAML,PRAD
TRAIN_0426,BRCA,PCPG
TRAIN_0427,PRAD,BRCA
TRAIN_0428,THYM,PCPG
TRAIN_0429,PCPG,THYM
TRAIN_0430,THCA,THCA
TRAIN_0431,LIHC,GBMLGG
TRAIN_0432,PRAD,PCPG
TRAIN_0433,UCEC,PCPG
TRAIN_0434,STES,STES
TRAIN_0435,PRAD,PRAD
TRAIN_0436,TGCT,TGCT
TRAIN_0437,OV,OV
TRAIN_0438,HNSC,HNSC
TRAIN_0439,LUAD,LIHC
TRAIN_0440,OV,THCA
TRAIN_0441,BRCA,BRCA
TRAIN_0442,SKCM,SKCM
TRAIN_0443,BRCA,BRCA
TRAIN_0444,LUSC,LUSC
TRAIN_0445,OV,LUSC
TRAIN_0446,OV,OV
TRAIN_0447,STES,STES
TRAIN_0448,SARC,LGG
TRAIN_0449,COAD,COAD
TRAIN_0450,KIPAN,KIPAN
TRAIN_0451,LIHC,COAD
TRAIN_0452,KIPAN,STES
TRAIN_0453,KIPAN,KIPAN
TRAIN_0454,GBMLGG,GBMLGG
TRAIN_0455,GBMLGG,GBMLGG
TRAIN_0456,PRAD,PRAD
TRAIN_0457,SARC,PRAD
TRAIN_0458,PRAD,SARC
TRAIN_0459,BRCA,SARC
TRAIN_0460,BRCA,BRCA
TRAIN_0461,LIHC,LIHC
TRAIN_0462,COAD,COAD
TRAIN_0463,THCA,THCA
TRAIN_0464,PRAD,SARC
TRAIN_0465,BRCA,PCPG
TRAIN_0466,BRCA,PRAD
TRAIN_0467,GBMLGG,UCEC
TRAIN_0468,OV,STES
TRAIN_0469,LUAD,LUAD
TRAIN_0470,KIPAN,BRCA
TRAIN_0471,KIRC,PRAD
TRAIN_0472,TGCT,UCEC
TRAIN_0473,KIPAN,LUAD
TRAIN_0474,GBMLGG,GBMLGG
TRAIN_0475,BRCA,BRCA
TRAIN_0476,GBMLGG,GBMLGG
TRAIN_0477,OV,UCEC
TRAIN_0478,THYM,PCPG
TRAIN_0479,BLCA,PAAD
TRAIN_0480,OV,OV
TRAIN_0481,LAML,OV
TRAIN_0482,OV,OV
TRAIN_0483,HNSC,LIHC
TRAIN_0484,PCPG,PCPG
TRAIN_0485,THCA,THCA
TRAIN_0486,SKCM,SKCM
TRAIN_0487,LIHC,LIHC
TRAIN_0488,LGG,LGG
TRAIN_0489,CESC,PAAD
TRAIN_0490,LUSC,LUSC
TRAIN_0491,PRAD,PRAD
TRAIN_0492,KIPAN,KIPAN
TRAIN_0493,COAD,COAD
TRAIN_0494,CESC,STES
TRAIN_0495,SKCM,SKCM
TRAIN_0496,UCEC,UCEC
TRAIN_0497,HNSC,HNSC
TRAIN_0498,LAML,GBMLGG
TRAIN_0499,SARC,SARC
TRAIN_0500,LGG,LGG
TRAIN_0501,STES,PAAD
TRAIN_0502,HNSC,KIPAN
TRAIN_0503,BLCA,UCEC
TRAIN_0504,UCEC,UCEC
TRAIN_0505,PAAD,SARC
TRAIN_0506,KIPAN,KIPAN
TRAIN_0507,LGG,LGG
TRAIN_0508,COAD,DLBC
TRAIN_0509,THCA,COAD
TRAIN_0510,GBMLGG,OV
TRAIN_0511,KIRC,KIRC
TRAIN_0512,STES,STES
TRAIN_0513,KIRC,KIRC
TRAIN_0514,SKCM,SKCM
TRAIN_0515,COAD,STES
TRAIN_0516,SARC,OV
TRAIN_0517,HNSC,HNSC
TRAIN_0518,BRCA,PRAD
TRAIN_0519,STES,ACC
TRAIN_0520,UCEC,UCEC
TRAIN_0521,BRCA,BRCA
TRAIN_0522,BRCA,BRCA
TRAIN_0523,STES,STES
TRAIN_0524,BRCA,PRAD
TRAIN_0525,STES,UCEC
TRAIN_0526,UCEC,UCEC
TRAIN_0527,BRCA,UCEC
TRAIN_0528,THCA,THCA
TRAIN_0529,LUSC,HNSC
TRAIN_0530,HNSC,UCEC
TRAIN_0531,SKCM,SKCM
TRAIN_0532,LUSC,LUSC
TRAIN_0533,PAAD,PRAD
TRAIN_0534,BRCA,BRCA
TRAIN_0535,KIRC,KIRC
TRAIN_0536,CESC,BLCA
TRAIN_0537,KIRC,KIRC
TRAIN_0538,PAAD,PAAD
TRAIN_0539,STES,COAD
TRAIN_0540,CESC,BLCA
TRAIN_0541,PCPG,PRAD
TRAIN_0542,BRCA,OV
TRAIN_0543,COAD,COAD
TRAIN_0544,LAML,LGG
TRAIN_0545,COAD,COAD
TRAIN_0546,KIRC,KIRC
TRAIN_0547,SARC,OV
TRAIN_0548,LGG,LGG
TRAIN_0549,BRCA,PRAD
TRAIN_0550,UCEC,UCEC
TRAIN_0551,KIPAN,PCPG
TRAIN_0552,BRCA,BRCA
TRAIN_0553,PRAD,PRAD
TRAIN_0554,LUSC,LUSC
TRAIN_0555,BRCA,BRCA
TRAIN_0556,BLCA,BLCA
TRAIN_0557,SKCM,SKCM
TRAIN_0558,LAML,THYM
TRAIN_0559,STES,SKCM
TRAIN_0560,SKCM,SKCM
TRAIN_0561,BLCA,BLCA
TRAIN_0562,BLCA,BLCA
TRAIN_0563,STES,STES
TRAIN_0564,DLBC,DLBC
TRAIN_0565,SARC,STES
TRAIN_0566,SARC,THCA
TRAIN_0567,PAAD,PAAD
TRAIN_0568,KIPAN,KIPAN
TRAIN_0569,BRCA,THYM
TRAIN_0570,STES,STES
TRAIN_0571,BRCA,OV
TRAIN_0572,BLCA,LUAD
TRAIN_0573,HNSC,COAD
TRAIN_0574,LGG,LGG
TRAIN_0575,SARC,LAML
TRAIN_0576,THYM,THYM
TRAIN_0577,SKCM,SKCM
TRAIN_0578,PAAD,BLCA
TRAIN_0579,PCPG,PCPG
TRAIN_0580,KIPAN,KIPAN
TRAIN_0581,GBMLGG,GBMLGG
TRAIN_0582,COAD,COAD
TRAIN_0583,LIHC,LIHC
TRAIN_0584,LAML,PAAD
TRAIN_0585,HNSC,SARC
TRAIN_0586,BLCA,LUAD
TRAIN_0587,KIRC,KIRC
TRAIN_0588,TGCT,SARC
TRAIN_0589,PRAD,BRCA
TRAIN_0590,BRCA,BRCA
TRAIN_0591,LUAD,LIHC
TRAIN_0592,SKCM,SKCM
TRAIN_0593,KIRC,KIPAN
TRAIN_0594,CESC,KIPAN
TRAIN_0595,THYM,THYM
TRAIN_0596,STES,STES
TRAIN_0597,PRAD,PRAD
TRAIN_0598,PRAD,SARC
TRAIN_0599,GBMLGG,GBMLGG
TRAIN_0600,STES,LIHC
TRAIN_0601,STES,COAD
TRAIN_0602,STES,OV
TRAIN_0603,BRCA,BRCA
TRAIN_0604,SKCM,SKCM
TRAIN_0605,STES,COAD
TRAIN_0606,OV,PCPG
TRAIN_0607,LGG,LGG
TRAIN_0608,LUAD,STES
TRAIN_0609,OV,BRCA
TRAIN_0610,KIPAN,PRAD
TRAIN_0611,SKCM,SKCM
TRAIN_0612,SKCM,SKCM
TRAIN_0613,GBMLGG,GBMLGG
TRAIN_0614,DLBC,LGG
TRAIN_0615,THCA,THCA
TRAIN_0616,STES,LUAD
TRAIN_0617,BRCA,BRCA
TRAIN_0618,STES,PRAD
TRAIN_0619,HNSC,LUSC
TRAIN_0620,HNSC,BLCA
TRAIN_0621,STES,LUAD
TRAIN_0622,THYM,THYM
TRAIN_0623,PCPG,PRAD
TRAIN_0624,GBMLGG,OV
TRAIN_0625,STES,STES
TRAIN_0626,LUAD,LUAD
TRAIN_0627,OV,OV
TRAIN_0628,KIPAN,LAML
TRAIN_0629,LUSC,LUSC
TRAIN_0630,KIRC,KIRC
TRAIN_0631,KIRC,KIRC
TRAIN_0632,LAML,PCPG
TRAIN_0633,BRCA,OV
TRAIN_0634,PRAD,SARC
TRAIN_0635,LUAD,PAAD
TRAIN_0636,THYM,THYM
TRAIN_0637,OV,PAAD
TRAIN_0638,LGG,LGG
TRAIN_0639,STES,STES
TRAIN_0640,KIPAN,KIPAN
TRAIN_0641,KIPAN,SARC
TRAIN_0642,KIPAN,HNSC
TRAIN_0643,BRCA,PAAD
TRAIN_0644,HNSC,HNSC
TRAIN_0645,SARC,LGG
TRAIN_0646,SKCM,SKCM
TRAIN_0647,BRCA,UCEC
TRAIN_0648,SARC,UCEC
TRAIN_0649,STES,KIPAN
TRAIN_0650,LUAD,LIHC
TRAIN_0651,UCEC,UCEC
TRAIN_0652,LAML,LAML
TRAIN_0653,HNSC,COAD
TRAIN_0654,UCEC,UCEC
TRAIN_0655,PRAD,PRAD
TRAIN_0656,ACC,ACC
TRAIN_0657,SARC,OV
TRAIN_0658,BRCA,BRCA
TRAIN_0659,LAML,PCPG
TRAIN_0660,THYM,UCEC
TRAIN_0661,GBMLGG,UCEC
TRAIN_0662,LGG,LGG
TRAIN_0663,THYM,THYM
TRAIN_0664,LUAD,LUSC
TRAIN_0665,BRCA,BRCA
TRAIN_0666,KIPAN,OV
TRAIN_0667,KIPAN,CESC
TRAIN_0668,LGG,LGG
TRAIN_0669,BLCA,LUSC
TRAIN_0670,BRCA,BRCA
TRAIN_0671,LGG,THYM
TRAIN_0672,TGCT,TGCT
TRAIN_0673,KIRC,KIPAN
TRAIN_0674,THCA,THCA
TRAIN_0675,COAD,COAD
TRAIN_0676,PAAD,UCEC
TRAIN_0677,THYM,PRAD
TRAIN_0678,ACC,ACC
TRAIN_0679,STES,STES
TRAIN_0680,KIRC,KIRC
TRAIN_0681,LUSC,BLCA
TRAIN_0682,STES,COAD
TRAIN_0683,KIPAN,KIPAN
TRAIN_0684,LUAD,TGCT
TRAIN_0685,SARC,GBMLGG
TRAIN_0686,UCEC,UCEC
TRAIN_0687,THCA,THCA
TRAIN_0688,BRCA,BRCA
TRAIN_0689,KIPAN,KIRC
TRAIN_0690,ACC,ACC
TRAIN_0691,LUSC,LUSC
TRAIN_0692,KIRC,KIRC
TRAIN_0693,LGG,LGG
TRAIN_0694,SKCM,SKCM
TRAIN_0695,KIRC,TGCT
TRAIN_0696,BRCA,BRCA
TRAIN_0697,BRCA,PRAD
TRAIN_0698,SKCM,SKCM
TRAIN_0699,LIHC,LIHC
TRAIN_0700,STES,SKCM
TRAIN_0701,LGG,GBMLGG
TRAIN_0702,GBMLGG,PRAD
TRAIN_0703,COAD,PCPG
TRAIN_0704,ACC,ACC
TRAIN_0705,LIHC,LUAD
TRAIN_0706,CESC,CESC
TRAIN_0707,KIPAN,PCPG
TRAIN_0708,KIPAN,ACC
TRAIN_0709,KIRC,KIRC
TRAIN_0710,KIRC,KIRC
TRAIN_0711,KIPAN,TGCT
TRAIN_0712,GBMLGG,GBMLGG
TRAIN_0713,GBMLGG,LGG
TRAIN_0714,CESC,CESC
TRAIN_0715,OV,OV
TRAIN_0716,KIPAN,KIPAN
TRAIN_0717,STES,STES
TRAIN_0718,TGCT,TGCT
TRAIN_0719,PRAD,OV
TRAIN_0720,LUSC,LUSC
TRAIN_0721,STES,STES
TRAIN_0722,KIPAN,KIPAN
TRAIN_0723,ACC,ACC
TRAIN_0724,GBMLGG,GBMLGG
TRAIN_0725,OV,LGG
TRAIN_0726,BRCA,PCPG
TRAIN_0727,LGG,LAML
TRAIN_0728,KIRC,KIRC
TRAIN_0729,PCPG,PRAD
TRAIN_0730,THCA,THCA
TRAIN_0731,BRCA,PCPG
TRAIN_0732,STES,STES
TRAIN_0733,GBMLGG,COAD
TRAIN_0734,ACC,ACC
TRAIN_0735,STES,OV
TRAIN_0736,LUAD,LUAD
TRAIN_0737,STES,PAAD
TRAIN_0738,HNSC,BLCA
TRAIN_0739,LUSC,LUSC
TRAIN_0740,KIPAN,KIPAN
TRAIN_0741,THCA,THCA
TRAIN_0742,LUSC,STES
TRAIN_0743,STES,STES
TRAIN_0744,PRAD,PRAD
TRAIN_0745,BRCA,KIRC
TRAIN_0746,LUSC,LUSC
TRAIN_0747,UCEC,UCEC
TRAIN_0748,OV,LUAD
TRAIN_0749,BRCA,OV
TRAIN_0750,CESC,THYM
TRAIN_0751,BRCA,STES
TRAIN_0752,LAML,LAML
TRAIN_0753,STES,STES
TRAIN_0754,KIPAN,KIPAN
TRAIN_0755,SKCM,SKCM
TRAIN_0756,LIHC,TGCT
TRAIN_0757,UCEC,UCEC
TRAIN_0758,BRCA,PRAD
TRAIN_0759,SARC,THYM
TRAIN_0760,LIHC,LUSC
TRAIN_0761,THCA,THCA
TRAIN_0762,LAML,LAML
TRAIN_0763,LGG,LGG
TRAIN_0764,BRCA,BRCA
TRAIN_0765,SARC,GBMLGG
TRAIN_0766,STES,STES
TRAIN_0767,ACC,ACC
TRAIN_0768,OV,PRAD
TRAIN_0769,BRCA,BRCA
TRAIN_0770,HNSC,HNSC
TRAIN_0771,PCPG,KIRC
TRAIN_0772,BRCA,BRCA
TRAIN_0773,BLCA,HNSC
TRAIN_0774,BRCA,OV
TRAIN_0775,LUAD,LUAD
TRAIN_0776,GBMLGG,GBMLGG
TRAIN_0777,GBMLGG,PRAD
TRAIN_0778,BLCA,BLCA
TRAIN_0779,KIRC,KIRC
TRAIN_0780,PAAD,PAAD
TRAIN_0781,CESC,THYM
TRAIN_0782,BRCA,UCEC
TRAIN_0783,BRCA,LIHC
TRAIN_0784,COAD,COAD
TRAIN_0785,GBMLGG,GBMLGG
TRAIN_0786,TGCT,TGCT
TRAIN_0787,KIRC,KIRC
TRAIN_0788,KIPAN,OV
TRAIN_0789,OV,OV
TRAIN_0790,GBMLGG,GBMLGG
TRAIN_0791,BRCA,BRCA
TRAIN_0792,LGG,GBMLGG
TRAIN_0793,OV,OV
TRAIN_0794,COAD,COAD
TRAIN_0795,UCEC,OV
TRAIN_0796,KIRC,KIRC
TRAIN_0797,TGCT,STES
TRAIN_0798,SKCM,SKCM
TRAIN_0799,KIPAN,KIPAN
TRAIN_0800,STES,BRCA
TRAIN_0801,LAML,LAML
TRAIN_0802,LGG,LGG
TRAIN_0803,UCEC,UCEC
TRAIN_0804,THCA,PRAD
TRAIN_0805,GBMLGG,GBMLGG
TRAIN_0806,KIPAN,KIRC
TRAIN_0807,SKCM,SKCM
TRAIN_0808,GBMLGG,LGG
TRAIN_0809,BRCA,BRCA
TRAIN_0810,PCPG,PCPG
TRAIN_0811,THCA,THCA
TRAIN_0812,GBMLGG,LGG
TRAIN_0813,LAML,THYM
TRAIN_0814,UCEC,UCEC
TRAIN_0815,THYM,THYM
TRAIN_0816,COAD,COAD
TRAIN_0817,STES,KIPAN
TRAIN_0818,THCA,UCEC
TRAIN_0819,PCPG,LAML
TRAIN_0820,ACC,ACC
TRAIN_0821,BLCA,BLCA
TRAIN_0822,PRAD,PCPG
TRAIN_0823,KIRC,KIRC
TRAIN_0824,TGCT,TGCT
TRAIN_0825,BRCA,THYM
TRAIN_0826,LUSC,LUSC
TRAIN_0827,UCEC,UCEC
TRAIN_0828,GBMLGG,UCEC
TRAIN_0829,KIRC,KIRC
TRAIN_0830,TGCT,TGCT
TRAIN_0831,KIPAN,KIPAN
TRAIN_0832,GBMLGG,KIPAN
TRAIN_0833,KIPAN,KIRC
TRAIN_0834,OV,CESC
TRAIN_0835,KIPAN,KIPAN
TRAIN_0836,BRCA,OV
TRAIN_0837,GBMLGG,GBMLGG
TRAIN_0838,PRAD,PRAD
TRAIN_0839,HNSC,HNSC
TRAIN_0840,DLBC,TGCT
TRAIN_0841,KIRC,KIRC
TRAIN_0842,COAD,PRAD
TRAIN_0843,SKCM,SKCM
TRAIN_0844,THCA,THYM
TRAIN_0845,UCEC,UCEC
TRAIN_0846,BLCA,HNSC
TRAIN_0847,LIHC,LIHC
TRAIN_0848,SARC,OV
TRAIN_0849,COAD,COAD
TRAIN_0850,KIPAN,KIPAN
TRAIN_0851,STES,SARC
TRAIN_0852,LGG,LGG
TRAIN_0853,PRAD,PCPG
TRAIN_0854,LGG,LGG
TRAIN_0855,THCA,THYM
TRAIN_0856,KIRC,KIRC
TRAIN_0857,SKCM,SKCM
TRAIN_0858,CESC,LUAD
TRAIN_0859,BLCA,HNSC
TRAIN_0860,UCEC,BRCA
TRAIN_0861,LUSC,LUSC
TRAIN_0862,LUAD,SARC
TRAIN_0863,BLCA,HNSC
TRAIN_0864,STES,STES
TRAIN_0865,SARC,OV
TRAIN_0866,OV,SARC
TRAIN_0867,KIPAN,KIPAN
TRAIN_0868,STES,STES
TRAIN_0869,GBMLGG,STES
TRAIN_0870,KIRC,LUAD
TRAIN_0871,BRCA,BRCA
TRAIN_0872,SKCM,LIHC
TRAIN_0873,LUSC,OV
TRAIN_0874,CESC,BLCA
TRAIN_0875,BLCA,BLCA
TRAIN_0876,LAML,LAML
TRAIN_0877,SKCM,SKCM
TRAIN_0878,KIPAN,PRAD
TRAIN_0879,GBMLGG,LAML
TRAIN_0880,TGCT,TGCT
TRAIN_0881,SARC,PRAD
TRAIN_0882,BRCA,PAAD
TRAIN_0883,COAD,SARC
TRAIN_0884,PAAD,COAD
TRAIN_0885,TGCT,TGCT
TRAIN_0886,KIRC,KIRC
TRAIN_0887,LUAD,CESC
TRAIN_0888,KIPAN,PAAD
TRAIN_0889,SKCM,SKCM
TRAIN_0890,ACC,ACC
TRAIN_0891,THCA,PCPG
TRAIN_0892,LGG,LGG
TRAIN_0893,LGG,LGG
TRAIN_0894,THYM,THYM
TRAIN_0895,LAML,THYM
TRAIN_0896,OV,BRCA
TRAIN_0897,PRAD,HNSC
TRAIN_0898,SARC,CESC
TRAIN_0899,SKCM,SKCM
TRAIN_0900,KIPAN,KIRC
TRAIN_0901,LUSC,BRCA
TRAIN_0902,BRCA,BRCA
TRAIN_0903,OV,OV
TRAIN_0904,LGG,GBMLGG
TRAIN_0905,KIPAN,SARC
TRAIN_0906,CESC,SARC
TRAIN_0907,COAD,COAD
TRAIN_0908,PRAD,PRAD
TRAIN_0909,THYM,LAML
TRAIN_0910,THYM,TGCT
TRAIN_0911,COAD,COAD
TRAIN_0912,BRCA,BRCA
TRAIN_0913,PRAD,THYM
TRAIN_0914,BRCA,THYM
TRAIN_0915,THCA,THCA
TRAIN_0916,PCPG,THYM
TRAIN_0917,HNSC,HNSC
TRAIN_0918,BRCA,BRCA
TRAIN_0919,BRCA,PCPG
TRAIN_0920,OV,OV
TRAIN_0921,STES,STES
TRAIN_0922,GBMLGG,GBMLGG
TRAIN_0923,LUSC,LUSC
TRAIN_0924,KIPAN,KIPAN
TRAIN_0925,PCPG,SARC
TRAIN_0926,THYM,PCPG
TRAIN_0927,COAD,COAD
TRAIN_0928,SKCM,SKCM
TRAIN_0929,KIRC,KIRC
TRAIN_0930,BRCA,BRCA
TRAIN_0931,HNSC,LUSC
TRAIN_0932,STES,STES
TRAIN_0933,COAD,COAD
TRAIN_0934,BLCA,SKCM
TRAIN_0935,BLCA,BLCA
TRAIN_0936,BRCA,BRCA
TRAIN_0937,THYM,CESC
TRAIN_0938,KIPAN,PRAD
TRAIN_0939,TGCT,CESC
TRAIN_0940,PCPG,PCPG
TRAIN_0941,SKCM,SKCM
TRAIN_0942,PRAD,PRAD
TRAIN_0943,OV,BRCA
TRAIN_0944,SKCM,SKCM
TRAIN_0945,KIRC,KIRC
TRAIN_0946,LUSC,LUSC
TRAIN_0947,UCEC,UCEC
TRAIN_0948,SKCM,SKCM
TRAIN_0949,LIHC,LIHC
TRAIN_0950,BRCA,BRCA
TRAIN_0951,CESC,PAAD
TRAIN_0952,BRCA,OV
TRAIN_0953,COAD,UCEC
TRAIN_0954,KIPAN,LIHC
TRAIN_0955,THCA,PCPG
TRAIN_0956,GBMLGG,LGG
TRAIN_0957,PRAD,BRCA
TRAIN_0958,GBMLGG,GBMLGG
TRAIN_0959,STES,COAD
TRAIN_0960,GBMLGG,LIHC
TRAIN_0961,STES,COAD
TRAIN_0962,PCPG,PCPG
TRAIN_0963,SKCM,PCPG
TRAIN_0964,THCA,THCA
TRAIN_0965,UCEC,UCEC
TRAIN_0966,LGG,LGG
TRAIN_0967,HNSC,BLCA
TRAIN_0968,THCA,LAML
TRAIN_0969,BLCA,BLCA
TRAIN_0970,SKCM,SKCM
TRAIN_0971,LIHC,STES
TRAIN_0972,KIPAN,KIPAN
TRAIN_0973,CESC,SARC
TRAIN_0974,THCA,PCPG
TRAIN_0975,CESC,SARC
TRAIN_0976,THCA,THCA
TRAIN_0977,KIRC,KIRC
TRAIN_0978,STES,BLCA
TRAIN_0979,OV,OV
TRAIN_0980,TGCT,TGCT
TRAIN_0981,LGG,LGG
TRAIN_0982,UCEC,UCEC
TRAIN_0983,KIPAN,KIRC
TRAIN_0984,COAD,COAD
TRAIN_0985,KIPAN,KIPAN
TRAIN_0986,GBMLGG,GBMLGG
TRAIN_0987,KIPAN,KIPAN
TRAIN_0988,UCEC,BRCA
TRAIN_0989,STES,STES
TRAIN_0990,LUSC,STES
TRAIN_0991,OV,OV
TRAIN_0992,PRAD,PRAD
TRAIN_0993,UCEC,UCEC
TRAIN_0994,BRCA,OV
TRAIN_0995,GBMLGG,PCPG
TRAIN_0996,SKCM,SKCM
TRAIN_0997,PCPG,THYM
TRAIN_0998,LIHC,LIHC
TRAIN_0999,COAD,COAD
TRAIN_1000,BRCA,BRCA
TRAIN_1001,PRAD,LGG
TRAIN_1002,CESC,GBMLGG
TRAIN_1003,KIPAN,KIPAN
TRAIN_1004,BRCA,OV
TRAIN_1005,CESC,CESC
TRAIN_1006,PCPG,PAAD
TRAIN_1007,LAML,THYM
TRAIN_1008,BRCA,BRCA
TRAIN_1009,OV,BRCA
TRAIN_1010,LIHC,LIHC
TRAIN_1011,PAAD,SKCM
TRAIN_1012,LUSC,LUSC
TRAIN_1013,BRCA,STES
TRAIN_1014,SKCM,SKCM
TRAIN_1015,BRCA,BRCA
TRAIN_1016,LUSC,LUSC
TRAIN_1017,KIRC,KIRC
TRAIN_1018,KIPAN,KIRC
TRAIN_1019,COAD,COAD
TRAIN_1020,CESC,BLCA
TRAIN_1021,GBMLGG,LAML
TRAIN_1022,KIRC,KIRC
TRAIN_1023,LAML,OV
TRAIN_1024,SARC,PRAD
TRAIN_1025,STES,PAAD
TRAIN_1026,PCPG,SARC
TRAIN_1027,LGG,LGG
TRAIN_1028,BRCA,PCPG
TRAIN_1029,BRCA,BRCA
TRAIN_1030,LUSC,LUSC
TRAIN_1031,KIRC,KIRC
TRAIN_1032,KIPAN,KIPAN
TRAIN_1033,GBMLGG,HNSC
TRAIN_1034,BLCA,BLCA
TRAIN_1035,LUAD,LUSC
TRAIN_1036,OV,OV
TRAIN_1037,STES,GBMLGG
TRAIN_1038,UCEC,UCEC
TRAIN_1039,HNSC,HNSC
TRAIN_1040,BRCA,PRAD
TRAIN_1041,LIHC,KIRC
TRAIN_1042,CESC,CESC
TRAIN_1043,LIHC,LIHC
TRAIN_1044,SKCM,SKCM
TRAIN_1045,COAD,THCA
TRAIN_1046,SARC,TGCT
TRAIN_1047,DLBC,LIHC
TRAIN_1048,LIHC,DLBC
TRAIN_1049,BRCA,THYM
TRAIN_1050,PRAD,PRAD
TRAIN_1051,PAAD,PAAD
TRAIN_1052,KIPAN,KIPAN
TRAIN_1053,LUAD,LUAD
TRAIN_1054,SARC,STES
TRAIN_1055,OV,KIPAN
TRAIN_1056,LGG,LGG
TRAIN_1057,LAML,LAML
TRAIN_1058,GBMLGG,LGG
TRAIN_1059,LIHC,LIHC
TRAIN_1060,PAAD,PAAD
TRAIN_1061,GBMLGG,GBMLGG
TRAIN_1062,GBMLGG,LGG
TRAIN_1063,KIPAN,BRCA
TRAIN_1064,PRAD,OV
TRAIN_1065,LGG,LGG
TRAIN_1066,KIRC,KIRC
TRAIN_1067,PRAD,THCA
TRAIN_1068,STES,STES
TRAIN_1069,LGG,COAD
TRAIN_1070,BRCA,PAAD
TRAIN_1071,PRAD,SARC
TRAIN_1072,PAAD,PAAD
TRAIN_1073,KIRC,LAML
TRAIN_1074,HNSC,HNSC
TRAIN_1075,PAAD,OV
TRAIN_1076,BRCA,STES
TRAIN_1077,SARC,UCEC
TRAIN_1078,HNSC,LUSC
TRAIN_1079,OV,PRAD
TRAIN_1080,BRCA,THYM
TRAIN_1081,LUAD,LUSC
TRAIN_1082,SKCM,SKCM
TRAIN_1083,KIPAN,TGCT
TRAIN_1084,CESC,PRAD
TRAIN_1085,SKCM,SKCM
TRAIN_1086,LUAD,LUAD
TRAIN_1087,PRAD,OV
TRAIN_1088,HNSC,LUSC
TRAIN_1089,PRAD,LGG
TRAIN_1090,THCA,THCA
TRAIN_1091,SKCM,SKCM
TRAIN_1092,THYM,THYM
TRAIN_1093,LGG,LGG
TRAIN_1094,GBMLGG,GBMLGG
TRAIN_1095,BRCA,OV
TRAIN_1096,THCA,THCA
TRAIN_1097,STES,STES
TRAIN_1098,HNSC,UCEC
TRAIN_1099,STES,STES
TRAIN_1100,SARC,PRAD
TRAIN_1101,LUAD,TGCT
TRAIN_1102,OV,OV
TRAIN_1103,PRAD,PRAD
TRAIN_1104,OV,BRCA
TRAIN_1105,GBMLGG,GBMLGG
TRAIN_1106,BRCA,DLBC
TRAIN_1107,LAML,GBMLGG
TRAIN_1108,LUSC,LUSC
TRAIN_1109,STES,STES
TRAIN_1110,LUSC,BLCA
TRAIN_1111,LAML,LAML
TRAIN_1112,HNSC,HNSC
TRAIN_1113,ACC,ACC
TRAIN_1114,SKCM,SKCM
TRAIN_1115,HNSC,OV
TRAIN_1116,DLBC,KIPAN
TRAIN_1117,BRCA,HNSC
TRAIN_1118,LGG,LGG
TRAIN_1119,BRCA,BRCA
TRAIN_1120,STES,STES
TRAIN_1121,THCA,THYM
TRAIN_1122,SKCM,SKCM
TRAIN_1123,PRAD,PRAD
TRAIN_1124,GBMLGG,SARC
TRAIN_1125,CESC,LIHC
TRAIN_1126,KIRC,KIRC
TRAIN_1127,GBMLGG,LIHC
TRAIN_1128,SKCM,COAD
TRAIN_1129,GBMLGG,GBMLGG
TRAIN_1130,STES,STES
TRAIN_1131,COAD,COAD
TRAIN_1132,BRCA,OV
TRAIN_1133,OV,LUAD
TRAIN_1134,SKCM,LIHC
TRAIN_1135,PCPG,TGCT
TRAIN_1136,STES,GBMLGG
TRAIN_1137,KIPAN,BRCA
TRAIN_1138,BRCA,SARC
TRAIN_1139,BRCA,CESC
TRAIN_1140,LAML,LAML
TRAIN_1141,BRCA,PRAD
TRAIN_1142,BRCA,PCPG
TRAIN_1143,KIRC,KIRC
TRAIN_1144,BRCA,KIPAN
TRAIN_1145,LGG,GBMLGG
TRAIN_1146,KIPAN,KIPAN
TRAIN_1147,LUSC,LUSC
TRAIN_1148,COAD,COAD
TRAIN_1149,OV,LUAD
TRAIN_1150,STES,CESC
TRAIN_1151,LUSC,LUSC
TRAIN_1152,KIPAN,KIPAN
TRAIN_1153,GBMLGG,GBMLGG
TRAIN_1154,PCPG,PCPG
TRAIN_1155,BRCA,PRAD
TRAIN_1156,KIRC,KIRC
TRAIN_1157,DLBC,STES
TRAIN_1158,THCA,PCPG
TRAIN_1159,STES,STES
TRAIN_1160,CESC,CESC
TRAIN_1161,OV,PAAD
TRAIN_1162,LIHC,LIHC
TRAIN_1163,BRCA,LAML
TRAIN_1164,SARC,SARC
TRAIN_1165,OV,COAD
TRAIN_1166,OV,OV
TRAIN_1167,COAD,PAAD
TRAIN_1168,DLBC,DLBC
TRAIN_1169,LIHC,LIHC
TRAIN_1170,LUSC,LUSC
TRAIN_1171,BRCA,KIPAN
TRAIN_1172,BRCA,BRCA
TRAIN_1173,STES,STES
TRAIN_1174,BLCA,BLCA
TRAIN_1175,UCEC,UCEC
TRAIN_1176,BRCA,PCPG
TRAIN_1177,PRAD,PRAD
TRAIN_1178,LUAD,LUSC
TRAIN_1179,BRCA,BRCA
TRAIN_1180,GBMLGG,PAAD
TRAIN_1181,BRCA,BRCA
TRAIN_1182,BLCA,HNSC
TRAIN_1183,BRCA,BRCA
TRAIN_1184,ACC,ACC
TRAIN_1185,UCEC,UCEC
TRAIN_1186,UCEC,UCEC
TRAIN_1187,PCPG,THYM
TRAIN_1188,OV,OV
TRAIN_1189,BLCA,BLCA
TRAIN_1190,LAML,LAML
TRAIN_1191,GBMLGG,GBMLGG
TRAIN_1192,LIHC,UCEC
TRAIN_1193,LAML,PRAD
TRAIN_1194,THCA,PCPG
TRAIN_1195,GBMLGG,UCEC
TRAIN_1196,STES,BLCA
TRAIN_1197,KIPAN,KIPAN
TRAIN_1198,KIPAN,KIPAN
TRAIN_1199,BRCA,BRCA
TRAIN_1200,PRAD,PCPG
TRAIN_1201,BRCA,OV
TRAIN_1202,UCEC,COAD
TRAIN_1203,PCPG,PRAD
TRAIN_1204,CESC,CESC
TRAIN_1205,BRCA,OV
TRAIN_1206,KIPAN,PRAD
TRAIN_1207,STES,PRAD
TRAIN_1208,TGCT,STES
TRAIN_1209,UCEC,UCEC
TRAIN_1210,BRCA,BRCA
TRAIN_1211,GBMLGG,STES
TRAIN_1212,BRCA,SARC
TRAIN_1213,GBMLGG,KIRC
TRAIN_1214,UCEC,CESC
TRAIN_1215,CESC,BLCA
TRAIN_1216,GBMLGG,GBMLGG
TRAIN_1217,SARC,PRAD
TRAIN_1218,THCA,PCPG
TRAIN_1219,SARC,SKCM
TRAIN_1220,KIPAN,KIPAN
TRAIN_1221,HNSC,BLCA
TRAIN_1222,BRCA,BRCA
TRAIN_1223,GBMLGG,GBMLGG
TRAIN_1224,SKCM,SKCM
TRAIN_1225,OV,CESC
TRAIN_1226,THCA,THCA
TRAIN_1227,KIPAN,KIRC
TRAIN_1228,LUAD,LUAD
TRAIN_1229,BRCA,BRCA
TRAIN_1230,LUAD,LUSC
TRAIN_1231,UCEC,UCEC
TRAIN_1232,SKCM,SKCM
TRAIN_1233,TGCT,PAAD
TRAIN_1234,COAD,COAD
TRAIN_1235,ACC,ACC
TRAIN_1236,GBMLGG,GBMLGG
TRAIN_1237,PCPG,PCPG
TRAIN_1238,UCEC,UCEC
TRAIN_1239,LUAD,UCEC
TRAIN_1240,LUSC,SARC
TRAIN_1241,KIPAN,KIPAN
TRAIN_1242,GBMLGG,GBMLGG
TRAIN_1243,KIPAN,KIPAN
TRAIN_1244,OV,OV
TRAIN_1245,LGG,LAML
TRAIN_1246,PRAD,PRAD
TRAIN_1247,OV,OV
TRAIN_1248,STES,COAD
TRAIN_1249,KIRC,KIPAN
TRAIN_1250,OV,OV
TRAIN_1251,THCA,PCPG
TRAIN_1252,KIPAN,KIPAN
TRAIN_1253,COAD,COAD
TRAIN_1254,UCEC,CESC
TRAIN_1255,PAAD,PAAD
TRAIN_1256,KIRC,KIRC
TRAIN_1257,BRCA,PCPG
TRAIN_1258,GBMLGG,GBMLGG
TRAIN_1259,SARC,PAAD
TRAIN_1260,BRCA,UCEC
TRAIN_1261,BLCA,BLCA
TRAIN_1262,PCPG,THYM
TRAIN_1263,DLBC,KIRC
TRAIN_1264,COAD,COAD
TRAIN_1265,LAML,LAML
TRAIN_1266,SARC,SARC
TRAIN_1267,CESC,STES
TRAIN_1268,LAML,LAML
TRAIN_1269,COAD,PRAD
TRAIN_1270,BRCA,PRAD
TRAIN_1271,LGG,LGG
TRAIN_1272,KIPAN,KIPAN
TRAIN_1273,THCA,PAAD
TRAIN_1274,STES,STES
TRAIN_1275,THCA,THCA
TRAIN_1276,BRCA,BRCA
TRAIN_1277,SARC,OV
TRAIN_1278,HNSC,HNSC
TRAIN_1279,SKCM,SKCM
TRAIN_1280,KIPAN,KIPAN
TRAIN_1281,KIRC,KIRC
TRAIN_1282,THCA,PCPG
TRAIN_1283,OV,OV
TRAIN_1284,KIPAN,KIPAN
TRAIN_1285,OV,HNSC
TRAIN_1286,PCPG,PCPG
TRAIN_1287,KIPAN,BRCA
TRAIN_1288,HNSC,CESC
TRAIN_1289,BRCA,PRAD
TRAIN_1290,PAAD,PAAD
TRAIN_1291,BRCA,BRCA
TRAIN_1292,THCA,PAAD
TRAIN_1293,KIRC,KIRC
TRAIN_1294,GBMLGG,GBMLGG
TRAIN_1295,BRCA,BRCA
TRAIN_1296,LAML,PCPG
TRAIN_1297,LUSC,STES
TRAIN_1298,OV,THYM
TRAIN_1299,PRAD,LIHC
TRAIN_1300,KIRC,KIRC
TRAIN_1301,PRAD,PCPG
TRAIN_1302,LUSC,LUSC
TRAIN_1303,PCPG,PRAD
TRAIN_1304,THCA,THCA
TRAIN_1305,BLCA,BLCA
TRAIN_1306,UCEC,GBMLGG
TRAIN_1307,LUAD,SARC
TRAIN_1308,PRAD,PCPG
TRAIN_1309,COAD,COAD
TRAIN_1310,KIPAN,KIPAN
TRAIN_1311,LGG,LGG
TRAIN_1312,STES,PAAD
TRAIN_1313,KIPAN,KIRC
TRAIN_1314,BRCA,COAD
TRAIN_1315,SARC,OV
TRAIN_1316,OV,OV
TRAIN_1317,HNSC,LUSC
TRAIN_1318,PAAD,OV
TRAIN_1319,PAAD,PAAD
TRAIN_1320,GBMLGG,GBMLGG
TRAIN_1321,LGG,GBMLGG
TRAIN_1322,STES,UCEC
TRAIN_1323,BRCA,LAML
TRAIN_1324,COAD,COAD
TRAIN_1325,UCEC,UCEC
TRAIN_1326,COAD,COAD
TRAIN_1327,OV,PAAD
TRAIN_1328,STES,TGCT
TRAIN_1329,TGCT,TGCT
TRAIN_1330,SKCM,SKCM
TRAIN_1331,KIPAN,HNSC
TRAIN_1332,LGG,LGG
TRAIN_1333,KIPAN,KIPAN
TRAIN_1334,SKCM,SKCM
TRAIN_1335,PCPG,PCPG
TRAIN_1336,GBMLGG,GBMLGG
TRAIN_1337,LGG,LGG
TRAIN_1338,BRCA,BRCA
TRAIN_1339,SKCM,STES
TRAIN_1340,SKCM,SKCM
TRAIN_1341,KIPAN,KIPAN
TRAIN_1342,KIPAN,PRAD
TRAIN_1343,LUSC,LUSC
TRAIN_1344,KIPAN,COAD
TRAIN_1345,BRCA,GBMLGG
TRAIN_1346,PRAD,BRCA
TRAIN_1347,BRCA,OV
TRAIN_1348,OV,OV
TRAIN_1349,BLCA,CESC
TRAIN_1350,TGCT,KIPAN
TRAIN_1351,KIPAN,KIPAN
TRAIN_1352,THCA,THCA
TRAIN_1353,THCA,PCPG
TRAIN_1354,TGCT,KIPAN
TRAIN_1355,COAD,OV
TRAIN_1356,LAML,LAML
TRAIN_1357,KIRC,KIRC
TRAIN_1358,SKCM,SKCM
TRAIN_1359,GBMLGG,BRCA
TRAIN_1360,LGG,LGG
TRAIN_1361,BRCA,BRCA
TRAIN_1362,SKCM,SKCM
TRAIN_1363,BRCA,SARC
TRAIN_1364,STES,LUSC
TRAIN_1365,BRCA,SARC
TRAIN_1366,GBMLGG,GBMLGG
TRAIN_1367,LGG,LGG
TRAIN_1368,SARC,PRAD
TRAIN_1369,SKCM,PAAD
TRAIN_1370,COAD,COAD
TRAIN_1371,GBMLGG,GBMLGG
TRAIN_1372,OV,OV
TRAIN_1373,LUAD,UCEC
TRAIN_1374,KIPAN,PRAD
TRAIN_1375,PCPG,PCPG
TRAIN_1376,KIPAN,KIPAN
TRAIN_1377,KIPAN,KIPAN
TRAIN_1378,BRCA,PCPG
TRAIN_1379,CESC,CESC
TRAIN_1380,GBMLGG,GBMLGG
TRAIN_1381,SKCM,PRAD
TRAIN_1382,OV,LUSC
TRAIN_1383,BRCA,BRCA
TRAIN_1384,LIHC,LIHC
TRAIN_1385,HNSC,OV
TRAIN_1386,THCA,THYM
TRAIN_1387,KIPAN,KIPAN
TRAIN_1388,PCPG,PCPG
TRAIN_1389,KIRC,KIRC
TRAIN_1390,BRCA,BRCA
TRAIN_1391,PAAD,PAAD
TRAIN_1392,COAD,COAD
TRAIN_1393,LGG,LGG
TRAIN_1394,LUAD,LUSC
TRAIN_1395,KIPAN,KIPAN
TRAIN_1396,KIRC,KIRC
TRAIN_1397,OV,SARC
TRAIN_1398,KIRC,PRAD
TRAIN_1399,STES,STES
TRAIN_1400,THCA,PRAD
TRAIN_1401,OV,OV
TRAIN_1402,LAML,LAML
TRAIN_1403,CESC,STES
TRAIN_1404,PCPG,PCPG
TRAIN_1405,STES,STES
TRAIN_1406,DLBC,DLBC
TRAIN_1407,LGG,LGG
TRAIN_1408,GBMLGG,UCEC
TRAIN_1409,OV,OV
TRAIN_1410,PRAD,PRAD
TRAIN_1411,LAML,LAML
TRAIN_1412,KIPAN,KIRC
TRAIN_1413,THCA,THCA
TRAIN_1414,UCEC,UCEC
TRAIN_1415,LUAD,SARC
TRAIN_1416,THYM,PRAD
TRAIN_1417,HNSC,HNSC
TRAIN_1418,LUAD,HNSC
TRAIN_1419,BRCA,PCPG
TRAIN_1420,BRCA,PCPG
TRAIN_1421,LIHC,KIPAN
TRAIN_1422,STES,GBMLGG
TRAIN_1423,COAD,LUSC
TRAIN_1424,PAAD,COAD
TRAIN_1425,THYM,THYM
TRAIN_1426,PCPG,THCA
TRAIN_1427,KIRC,KIRC
TRAIN_1428,GBMLGG,GBMLGG
TRAIN_1429,STES,HNSC
TRAIN_1430,SARC,PRAD
TRAIN_1431,PRAD,PRAD
TRAIN_1432,LGG,LGG
TRAIN_1433,LGG,GBMLGG
TRAIN_1434,BRCA,OV
TRAIN_1435,SKCM,SKCM
TRAIN_1436,OV,OV
TRAIN_1437,LGG,LGG
TRAIN_1438,COAD,COAD
TRAIN_1439,GBMLGG,GBMLGG
TRAIN_1440,PAAD,PAAD
TRAIN_1441,LGG,LGG
TRAIN_1442,SKCM,SKCM
TRAIN_1443,LGG,LGG
TRAIN_1444,GBMLGG,PRAD
TRAIN_1445,STES,STES
TRAIN_1446,BRCA,OV
TRAIN_1447,STES,LUSC
TRAIN_1448,BRCA,PRAD
TRAIN_1449,LIHC,LIHC
TRAIN_1450,KIPAN,KIPAN
TRAIN_1451,GBMLGG,PCPG
TRAIN_1452,UCEC,UCEC
TRAIN_1453,STES,HNSC
TRAIN_1454,HNSC,LUAD
TRAIN_1455,LUSC,PAAD
TRAIN_1456,BRCA,BRCA
TRAIN_1457,GBMLGG,SARC
TRAIN_1458,BRCA,PAAD
TRAIN_1459,PRAD,PRAD
TRAIN_1460,THYM,THYM
TRAIN_1461,HNSC,HNSC
TRAIN_1462,THCA,PRAD
TRAIN_1463,SARC,PRAD
TRAIN_1464,BRCA,BRCA
TRAIN_1465,OV,PAAD
TRAIN_1466,PRAD,OV
TRAIN_1467,LIHC,LGG
TRAIN_1468,BRCA,LUAD
TRAIN_1469,COAD,COAD
TRAIN_1470,PRAD,PRAD
TRAIN_1471,BRCA,BLCA
TRAIN_1472,STES,LUSC
TRAIN_1473,THCA,THCA
TRAIN_1474,BLCA,HNSC
TRAIN_1475,BRCA,PRAD
TRAIN_1476,UCEC,OV
TRAIN_1477,PRAD,PRAD
TRAIN_1478,STES,KIPAN
TRAIN_1479,STES,TGCT
TRAIN_1480,THYM,THYM
TRAIN_1481,CESC,BRCA
TRAIN_1482,GBMLGG,GBMLGG
TRAIN_1483,COAD,COAD
TRAIN_1484,BRCA,BRCA
TRAIN_1485,PRAD,OV
TRAIN_1486,THCA,TGCT
TRAIN_1487,BRCA,OV
TRAIN_1488,GBMLGG,GBMLGG
TRAIN_1489,LIHC,LIHC
TRAIN_1490,SKCM,SKCM
TRAIN_1491,SARC,LAML
TRAIN_1492,STES,UCEC
TRAIN_1493,KIPAN,PRAD
TRAIN_1494,SKCM,SKCM
TRAIN_1495,HNSC,PAAD
TRAIN_1496,LUSC,LUSC
TRAIN_1497,BRCA,SARC
TRAIN_1498,KIRC,KIRC
TRAIN_1499,BLCA,CESC
TRAIN_1500,COAD,COAD
TRAIN_1501,PCPG,THYM
TRAIN_1502,COAD,UCEC
TRAIN_1503,BRCA,BRCA
TRAIN_1504,OV,OV
TRAIN_1505,GBMLGG,PAAD
TRAIN_1506,GBMLGG,GBMLGG
TRAIN_1507,LIHC,LIHC
TRAIN_1508,KIPAN,TGCT
TRAIN_1509,STES,STES
TRAIN_1510,PAAD,TGCT
TRAIN_1511,COAD,COAD
TRAIN_1512,BRCA,LUAD
TRAIN_1513,LUSC,LUSC
TRAIN_1514,GBMLGG,BRCA
TRAIN_1515,SKCM,SKCM
TRAIN_1516,BRCA,HNSC
TRAIN_1517,OV,OV
TRAIN_1518,CESC,COAD
TRAIN_1519,THCA,THCA
TRAIN_1520,OV,OV
TRAIN_1521,LUSC,UCEC
TRAIN_1522,GBMLGG,GBMLGG
TRAIN_1523,OV,LIHC
TRAIN_1524,SARC,PRAD
TRAIN_1525,OV,BRCA
TRAIN_1526,BRCA,BRCA
TRAIN_1527,KIPAN,KIPAN
TRAIN_1528,CESC,OV
TRAIN_1529,COAD,COAD
TRAIN_1530,BRCA,OV
TRAIN_1531,THCA,THCA
TRAIN_1532,KIRC,LIHC
TRAIN_1533,LUSC,HNSC
TRAIN_1534,BRCA,BRCA
TRAIN_1535,GBMLGG,GBMLGG
TRAIN_1536,HNSC,LUSC
TRAIN_1537,KIRC,KIRC
TRAIN_1538,UCEC,UCEC
TRAIN_1539,BRCA,BRCA
TRAIN_1540,STES,STES
TRAIN_1541,LAML,LAML
TRAIN_1542,GBMLGG,GBMLGG
TRAIN_1543,THCA,PRAD
TRAIN_1544,THCA,GBMLGG
TRAIN_1545,BLCA,HNSC
TRAIN_1546,LIHC,LUSC
TRAIN_1547,BRCA,OV
TRAIN_1548,GBMLGG,GBMLGG
TRAIN_1549,LIHC,KIPAN
TRAIN_1550,STES,STES
TRAIN_1551,BLCA,BLCA
TRAIN_1552,TGCT,TGCT
TRAIN_1553,BRCA,OV
TRAIN_1554,TGCT,TGCT
TRAIN_1555,THCA,THYM
TRAIN_1556,HNSC,LUSC
TRAIN_1557,PAAD,PAAD
TRAIN_1558,GBMLGG,GBMLGG
TRAIN_1559,LIHC,DLBC
TRAIN_1560,COAD,COAD
TRAIN_1561,STES,STES
TRAIN_1562,GBMLGG,LGG
TRAIN_1563,PRAD,PRAD
TRAIN_1564,STES,STES
TRAIN_1565,BRCA,BRCA
TRAIN_1566,ACC,ACC
TRAIN_1567,KIPAN,KIRC
TRAIN_1568,KIPAN,KIPAN
TRAIN_1569,LUSC,LUSC
TRAIN_1570,LUAD,LUSC
TRAIN_1571,LGG,GBMLGG
TRAIN_1572,COAD,STES
TRAIN_1573,BRCA,BRCA
TRAIN_1574,LGG,LGG
TRAIN_1575,THCA,THCA
TRAIN_1576,KIRC,BRCA
TRAIN_1577,COAD,STES
TRAIN_1578,THCA,THCA
TRAIN_1579,OV,PAAD
TRAIN_1580,SKCM,PRAD
TRAIN_1581,THYM,PCPG
TRAIN_1582,SKCM,THCA
TRAIN_1583,PCPG,KIRC
TRAIN_1584,PCPG,LAML
TRAIN_1585,TGCT,TGCT
TRAIN_1586,COAD,COAD
TRAIN_1587,THYM,THYM
TRAIN_1588,UCEC,UCEC
TRAIN_1589,THCA,PRAD
TRAIN_1590,THCA,THYM
TRAIN_1591,PRAD,THYM
TRAIN_1592,BRCA,PRAD
TRAIN_1593,KIRC,KIRC
TRAIN_1594,LGG,LGG
TRAIN_1595,PRAD,PRAD
TRAIN_1596,PAAD,PAAD
TRAIN_1597,STES,STES
TRAIN_1598,LGG,LGG
TRAIN_1599,KIPAN,KIPAN
TRAIN_1600,HNSC,BRCA
TRAIN_1601,THCA,THCA
TRAIN_1602,PCPG,PCPG
TRAIN_1603,BLCA,BLCA
TRAIN_1604,GBMLGG,PCPG
TRAIN_1605,COAD,COAD
TRAIN_1606,BRCA,OV
TRAIN_1607,KIPAN,BRCA
TRAIN_1608,GBMLGG,GBMLGG
TRAIN_1609,PRAD,PRAD
TRAIN_1610,PRAD,BRCA
TRAIN_1611,GBMLGG,GBMLGG
TRAIN_1612,HNSC,LIHC
TRAIN_1613,BRCA,BRCA
TRAIN_1614,KIPAN,KIPAN
TRAIN_1615,OV,PAAD
TRAIN_1616,CESC,CESC
TRAIN_1617,OV,BRCA
TRAIN_1618,SKCM,SKCM
TRAIN_1619,LGG,LGG
TRAIN_1620,LUAD,LUSC
TRAIN_1621,DLBC,DLBC
TRAIN_1622,HNSC,LUSC
TRAIN_1623,KIPAN,OV
TRAIN_1624,BRCA,LAML
TRAIN_1625,SARC,OV
TRAIN_1626,HNSC,LIHC
TRAIN_1627,SARC,OV
TRAIN_1628,KIRC,KIRC
TRAIN_1629,LIHC,LIHC
TRAIN_1630,THCA,THCA
TRAIN_1631,BRCA,UCEC
TRAIN_1632,OV,OV
TRAIN_1633,STES,HNSC
TRAIN_1634,PRAD,LUAD
TRAIN_1635,SARC,SKCM
TRAIN_1636,KIRC,KIPAN
TRAIN_1637,LAML,PCPG
TRAIN_1638,KIRC,PRAD
TRAIN_1639,GBMLGG,GBMLGG
TRAIN_1640,COAD,COAD
TRAIN_1641,STES,STES
TRAIN_1642,LUAD,LUSC
TRAIN_1643,UCEC,UCEC
TRAIN_1644,COAD,COAD
TRAIN_1645,LIHC,OV
TRAIN_1646,CESC,KIPAN
TRAIN_1647,STES,STES
TRAIN_1648,KIPAN,KIPAN
TRAIN_1649,BRCA,BRCA
TRAIN_1650,KIPAN,KIPAN
TRAIN_1651,HNSC,HNSC
TRAIN_1652,LAML,LAML
TRAIN_1653,GBMLGG,COAD
TRAIN_1654,PRAD,PRAD
TRAIN_1655,COAD,COAD
TRAIN_1656,OV,OV
TRAIN_1657,GBMLGG,GBMLGG
TRAIN_1658,CESC,STES
TRAIN_1659,STES,STES
TRAIN_1660,KIRC,KIRC
TRAIN_1661,STES,STES
TRAIN_1662,OV,LIHC
TRAIN_1663,UCEC,HNSC
TRAIN_1664,STES,STES
TRAIN_1665,STES,STES
TRAIN_1666,SKCM,SKCM
TRAIN_1667,SKCM,SKCM
TRAIN_1668,GBMLGG,PCPG
TRAIN_1669,LAML,LAML
TRAIN_1670,LIHC,LIHC
TRAIN_1671,LGG,GBMLGG
TRAIN_1672,BRCA,HNSC
TRAIN_1673,KIRC,KIRC
TRAIN_1674,CESC,CESC
TRAIN_1675,THCA,THCA
TRAIN_1676,STES,STES
TRAIN_1677,SARC,LIHC
TRAIN_1678,SARC,SARC
TRAIN_1679,BRCA,OV
TRAIN_1680,THCA,THCA
TRAIN_1681,LIHC,LIHC
TRAIN_1682,COAD,COAD
TRAIN_1683,COAD,COAD
TRAIN_1684,LGG,GBMLGG
TRAIN_1685,BRCA,BRCA
TRAIN_1686,SKCM,SKCM
TRAIN_1687,BRCA,BRCA
TRAIN_1688,KIRC,PCPG
TRAIN_1689,LIHC,LIHC
TRAIN_1690,KIPAN,KIRC
TRAIN_1691,KIPAN,KIRC
TRAIN_1692,BRCA,PRAD
TRAIN_1693,KIRC,KIRC
TRAIN_1694,LGG,GBMLGG
TRAIN_1695,TGCT,TGCT
TRAIN_1696,PRAD,LAML
TRAIN_1697,KIPAN,KIRC
TRAIN_1698,GBMLGG,GBMLGG
TRAIN_1699,LIHC,PRAD
TRAIN_1700,KIPAN,PRAD
TRAIN_1701,PRAD,PRAD
TRAIN_1702,KIPAN,KIPAN
TRAIN_1703,LUAD,PRAD
TRAIN_1704,THYM,GBMLGG
TRAIN_1705,STES,STES
TRAIN_1706,STES,STES
TRAIN_1707,BRCA,BRCA
TRAIN_1708,KIRC,KIRC
TRAIN_1709,GBMLGG,GBMLGG
TRAIN_1710,LUAD,LUSC
TRAIN_1711,KIRC,BRCA
TRAIN_1712,BRCA,BRCA
TRAIN_1713,COAD,COAD
TRAIN_1714,LAML,LAML
TRAIN_1715,COAD,COAD
TRAIN_1716,THYM,THYM
TRAIN_1717,GBMLGG,GBMLGG
TRAIN_1718,PRAD,PCPG
TRAIN_1719,PRAD,PRAD
TRAIN_1720,LUAD,LUSC
TRAIN_1721,STES,BLCA
TRAIN_1722,KIRC,COAD
TRAIN_1723,KIRC,KIRC
TRAIN_1724,GBMLGG,GBMLGG
TRAIN_1725,SKCM,SKCM
TRAIN_1726,BRCA,BRCA
TRAIN_1727,BRCA,LUSC
TRAIN_1728,KIRC,KIRC
TRAIN_1729,STES,STES
TRAIN_1730,GBMLGG,LGG
TRAIN_1731,KIRC,KIRC
TRAIN_1732,PCPG,PCPG
TRAIN_1733,UCEC,UCEC
TRAIN_1734,SARC,SARC
TRAIN_1735,BRCA,BRCA
TRAIN_1736,OV,OV
TRAIN_1737,KIPAN,KIPAN
TRAIN_1738,PRAD,PCPG
TRAIN_1739,BRCA,BRCA
TRAIN_1740,LIHC,BRCA
TRAIN_1741,PRAD,PRAD
TRAIN_1742,PAAD,OV
TRAIN_1743,HNSC,LUSC
TRAIN_1744,HNSC,LIHC
TRAIN_1745,LUAD,LUSC
TRAIN_1746,OV,PRAD
TRAIN_1747,STES,BLCA
TRAIN_1748,THCA,THCA
TRAIN_1749,HNSC,OV
TRAIN_1750,CESC,CESC
TRAIN_1751,COAD,COAD
TRAIN_1752,BRCA,OV
TRAIN_1753,LAML,THYM
TRAIN_1754,STES,STES
TRAIN_1755,PRAD,PCPG
TRAIN_1756,ACC,ACC
TRAIN_1757,OV,BRCA
TRAIN_1758,STES,STES
TRAIN_1759,LAML,THYM
TRAIN_1760,PRAD,PRAD
TRAIN_1761,UCEC,CESC
TRAIN_1762,BRCA,LUSC
TRAIN_1763,OV,KIPAN
TRAIN_1764,STES,STES
TRAIN_1765,UCEC,UCEC
TRAIN_1766,GBMLGG,SKCM
TRAIN_1767,BRCA,BRCA
TRAIN_1768,STES,STES
TRAIN_1769,STES,STES
TRAIN_1770,COAD,COAD
TRAIN_1771,BRCA,SARC
TRAIN_1772,KIPAN,KIPAN
TRAIN_1773,BRCA,BRCA
TRAIN_1774,SKCM,SKCM
TRAIN_1775,GBMLGG,GBMLGG
TRAIN_1776,BRCA,LAML
TRAIN_1777,LIHC,SARC
TRAIN_1778,HNSC,STES
TRAIN_1779,GBMLGG,LGG
TRAIN_1780,BRCA,BRCA
TRAIN_1781,OV,PRAD
TRAIN_1782,PRAD,PRAD
TRAIN_1783,BRCA,OV
TRAIN_1784,TGCT,TGCT
TRAIN_1785,OV,OV
TRAIN_1786,THCA,THYM
TRAIN_1787,LIHC,LIHC
TRAIN_1788,OV,LAML
TRAIN_1789,PAAD,UCEC
TRAIN_1790,KIRC,KIRC
TRAIN_1791,GBMLGG,GBMLGG
TRAIN_1792,ACC,ACC
TRAIN_1793,PCPG,PCPG
TRAIN_1794,BRCA,BRCA
TRAIN_1795,BRCA,STES
TRAIN_1796,LUSC,HNSC
TRAIN_1797,PCPG,PCPG
TRAIN_1798,BRCA,OV
TRAIN_1799,KIRC,KIRC
TRAIN_1800,LUSC,HNSC
TRAIN_1801,THCA,THYM
TRAIN_1802,LUAD,GBMLGG
TRAIN_1803,GBMLGG,BRCA
TRAIN_1804,STES,STES
TRAIN_1805,KIRC,KIRC
TRAIN_1806,OV,OV
TRAIN_1807,OV,KIPAN
TRAIN_1808,BRCA,THYM
TRAIN_1809,LUSC,LUSC
TRAIN_1810,ACC,ACC
TRAIN_1811,COAD,UCEC
TRAIN_1812,PRAD,PRAD
TRAIN_1813,BRCA,OV
TRAIN_1814,HNSC,LUAD
TRAIN_1815,HNSC,PAAD
TRAIN_1816,HNSC,HNSC
TRAIN_1817,CESC,UCEC
TRAIN_1818,COAD,COAD
TRAIN_1819,KIPAN,KIPAN
TRAIN_1820,HNSC,HNSC
TRAIN_1821,BRCA,BRCA
TRAIN_1822,BRCA,BRCA
TRAIN_1823,BRCA,OV
TRAIN_1824,KIPAN,KIPAN
TRAIN_1825,KIRC,KIRC
TRAIN_1826,THCA,THCA
TRAIN_1827,BRCA,BRCA
TRAIN_1828,SKCM,SKCM
TRAIN_1829,KIPAN,BRCA
TRAIN_1830,KIPAN,KIPAN
TRAIN_1831,BRCA,UCEC
TRAIN_1832,BRCA,BRCA
TRAIN_1833,CESC,CESC
TRAIN_1834,LIHC,LIHC
TRAIN_1835,THCA,PCPG
TRAIN_1836,KIPAN,KIPAN
TRAIN_1837,BLCA,UCEC
TRAIN_1838,THYM,LAML
TRAIN_1839,SKCM,SKCM
TRAIN_1840,COAD,COAD
TRAIN_1841,ACC,ACC
TRAIN_1842,BRCA,BRCA
TRAIN_1843,OV,PAAD
TRAIN_1844,BRCA,BRCA
TRAIN_1845,STES,LIHC
TRAIN_1846,OV,OV
TRAIN_1847,ACC,ACC
TRAIN_1848,TGCT,TGCT
TRAIN_1849,SARC,PRAD
TRAIN_1850,SKCM,SKCM
TRAIN_1851,KIRC,KIRC
TRAIN_1852,PAAD,PAAD
TRAIN_1853,PRAD,SARC
TRAIN_1854,KIRC,KIRC
TRAIN_1855,TGCT,TGCT
TRAIN_1856,KIPAN,LIHC
TRAIN_1857,PCPG,LGG
TRAIN_1858,TGCT,TGCT
TRAIN_1859,DLBC,DLBC
TRAIN_1860,BRCA,OV
TRAIN_1861,LAML,LAML
TRAIN_1862,CESC,PRAD
TRAIN_1863,SKCM,PCPG
TRAIN_1864,KIPAN,KIPAN
TRAIN_1865,BRCA,OV
TRAIN_1866,BLCA,HNSC
TRAIN_1867,BLCA,LUAD
TRAIN_1868,GBMLGG,GBMLGG
TRAIN_1869,PRAD,PRAD
TRAIN_1870,PRAD,OV
TRAIN_1871,UCEC,UCEC
TRAIN_1872,GBMLGG,STES
TRAIN_1873,KIPAN,KIPAN
TRAIN_1874,CESC,COAD
TRAIN_1875,PCPG,PCPG
TRAIN_1876,SKCM,PCPG
TRAIN_1877,BLCA,HNSC
TRAIN_1878,BRCA,OV
TRAIN_1879,ACC,ACC
TRAIN_1880,PRAD,PRAD
TRAIN_1881,LUAD,PRAD
TRAIN_1882,KIRC,KIRC
TRAIN_1883,SKCM,SKCM
TRAIN_1884,PCPG,PCPG
TRAIN_1885,STES,BRCA
TRAIN_1886,LAML,THYM
TRAIN_1887,PRAD,STES
TRAIN_1888,GBMLGG,GBMLGG
TRAIN_1889,HNSC,DLBC
TRAIN_1890,LIHC,PAAD
TRAIN_1891,OV,OV
TRAIN_1892,HNSC,HNSC
TRAIN_1893,KIRC,BRCA
TRAIN_1894,SKCM,THCA
TRAIN_1895,KIPAN,KIPAN
TRAIN_1896,BRCA,CESC
TRAIN_1897,KIPAN,LIHC
TRAIN_1898,THCA,THCA
TRAIN_1899,HNSC,LUSC
TRAIN_1900,LGG,LGG
TRAIN_1901,KIPAN,KIPAN
TRAIN_1902,HNSC,PAAD
TRAIN_1903,BRCA,BRCA
TRAIN_1904,LGG,LGG
TRAIN_1905,HNSC,HNSC
TRAIN_1906,BRCA,BLCA
TRAIN_1907,KIRC,KIRC
TRAIN_1908,SKCM,SKCM
TRAIN_1909,CESC,LUSC
TRAIN_1910,KIRC,KIRC
TRAIN_1911,THCA,PRAD
TRAIN_1912,PRAD,PAAD
TRAIN_1913,KIPAN,KIPAN
TRAIN_1914,HNSC,LUAD
TRAIN_1915,STES,HNSC
TRAIN_1916,HNSC,OV
TRAIN_1917,BRCA,BRCA
TRAIN_1918,BRCA,BRCA
TRAIN_1919,LGG,LGG
TRAIN_1920,THCA,THCA
TRAIN_1921,HNSC,PAAD
TRAIN_1922,GBMLGG,GBMLGG
TRAIN_1923,PRAD,PRAD
TRAIN_1924,STES,STES
TRAIN_1925,PRAD,OV
TRAIN_1926,OV,OV
TRAIN_1927,GBMLGG,LGG
TRAIN_1928,KIRC,KIPAN
TRAIN_1929,KIPAN,KIRC
TRAIN_1930,KIPAN,KIPAN
TRAIN_1931,BRCA,BRCA
TRAIN_1932,KIPAN,KIPAN
TRAIN_1933,LGG,LGG
TRAIN_1934,PCPG,PCPG
TRAIN_1935,STES,UCEC
TRAIN_1936,LAML,THYM
TRAIN_1937,KIRC,KIRC
TRAIN_1938,HNSC,PAAD
TRAIN_1939,BRCA,BRCA
TRAIN_1940,BRCA,PCPG
TRAIN_1941,GBMLGG,COAD
TRAIN_1942,LUSC,HNSC
TRAIN_1943,KIRC,KIRC
TRAIN_1944,PAAD,PAAD
TRAIN_1945,HNSC,HNSC
TRAIN_1946,PRAD,PCPG
TRAIN_1947,PRAD,PRAD
TRAIN_1948,THCA,THCA
TRAIN_1949,GBMLGG,GBMLGG
TRAIN_1950,BRCA,BRCA
TRAIN_1951,PRAD,PCPG
TRAIN_1952,OV,BLCA
TRAIN_1953,KIRC,KIPAN
TRAIN_1954,GBMLGG,LGG
TRAIN_1955,OV,OV
TRAIN_1956,COAD,COAD
TRAIN_1957,OV,LAML
TRAIN_1958,TGCT,ACC
TRAIN_1959,PRAD,PRAD
TRAIN_1960,THCA,THCA
TRAIN_1961,PRAD,PRAD
TRAIN_1962,THCA,SARC
TRAIN_1963,OV,PAAD
TRAIN_1964,STES,COAD
TRAIN_1965,PRAD,PRAD
TRAIN_1966,BRCA,OV
TRAIN_1967,PAAD,PAAD
TRAIN_1968,THCA,THYM
TRAIN_1969,STES,STES
TRAIN_1970,GBMLGG,GBMLGG
TRAIN_1971,PCPG,SARC
TRAIN_1972,KIPAN,KIPAN
TRAIN_1973,LIHC,ACC
TRAIN_1974,STES,OV
TRAIN_1975,KIPAN,KIPAN
TRAIN_1976,KIPAN,KIPAN
TRAIN_1977,STES,LIHC
TRAIN_1978,THCA,PCPG
TRAIN_1979,HNSC,CESC
TRAIN_1980,HNSC,CESC
TRAIN_1981,KIPAN,KIPAN
TRAIN_1982,PCPG,PCPG
TRAIN_1983,BRCA,OV
TRAIN_1984,THCA,PCPG
TRAIN_1985,CESC,CESC
TRAIN_1986,KIPAN,PAAD
TRAIN_1987,UCEC,BLCA
TRAIN_1988,KIPAN,KIPAN
TRAIN_1989,KIPAN,KIPAN
TRAIN_1990,KIRC,KIRC
TRAIN_1991,GBMLGG,GBMLGG
TRAIN_1992,OV,OV
TRAIN_1993,KIPAN,TGCT
TRAIN_1994,LUAD,LUAD
TRAIN_1995,LIHC,LIHC
TRAIN_1996,LUAD,LUAD
TRAIN_1997,GBMLGG,TGCT
TRAIN_1998,TGCT,TGCT
TRAIN_1999,LGG,LGG
TRAIN_2000,PCPG,PCPG
TRAIN_2001,SARC,THYM
TRAIN_2002,THYM,PCPG
TRAIN_2003,SARC,CESC
TRAIN_2004,KIRC,KIRC
TRAIN_2005,BRCA,SARC
TRAIN_2006,KIPAN,KIPAN
TRAIN_2007,THCA,THCA
TRAIN_2008,GBMLGG,GBMLGG
TRAIN_2009,LUSC,LUAD
TRAIN_2010,COAD,COAD
TRAIN_2011,THYM,PCPG
TRAIN_2012,UCEC,UCEC
TRAIN_2013,KIPAN,KIPAN
TRAIN_2014,OV,KIPAN
TRAIN_2015,TGCT,TGCT
TRAIN_2016,PAAD,HNSC
TRAIN_2017,STES,STES
TRAIN_2018,HNSC,GBMLGG
TRAIN_2019,LUSC,LUSC
TRAIN_2020,KIPAN,PAAD
TRAIN_2021,GBMLGG,GBMLGG
TRAIN_2022,PRAD,PRAD
TRAIN_2023,BRCA,LAML
TRAIN_2024,PRAD,PRAD
TRAIN_2025,PAAD,PAAD
TRAIN_2026,HNSC,PAAD
TRAIN_2027,TGCT,DLBC
TRAIN_2028,PAAD,LGG
TRAIN_2029,LUAD,LUSC
TRAIN_2030,BRCA,BRCA
TRAIN_2031,BRCA,BRCA
TRAIN_2032,PCPG,LAML
TRAIN_2033,UCEC,GBMLGG
TRAIN_2034,KIPAN,KIPAN
TRAIN_2035,KIPAN,KIPAN
TRAIN_2036,COAD,COAD
TRAIN_2037,GBMLGG,GBMLGG
TRAIN_2038,COAD,COAD
TRAIN_2039,PCPG,PCPG
TRAIN_2040,KIRC,KIRC
TRAIN_2041,LUAD,HNSC
TRAIN_2042,COAD,STES
TRAIN_2043,THCA,THCA
TRAIN_2044,OV,PCPG
TRAIN_2045,BRCA,BRCA
TRAIN_2046,OV,OV
TRAIN_2047,STES,STES
TRAIN_2048,GBMLGG,PAAD
TRAIN_2049,STES,CESC
TRAIN_2050,OV,OV
TRAIN_2051,OV,OV
TRAIN_2052,TGCT,TGCT
TRAIN_2053,OV,OV
TRAIN_2054,COAD,COAD
TRAIN_2055,CESC,BLCA
TRAIN_2056,LGG,LGG
TRAIN_2057,LUAD,BRCA
TRAIN_2058,BRCA,BRCA
TRAIN_2059,THYM,LAML
TRAIN_2060,HNSC,HNSC
TRAIN_2061,OV,OV
TRAIN_2062,SARC,KIRC
TRAIN_2063,STES,STES
TRAIN_2064,PRAD,PRAD
TRAIN_2065,COAD,COAD
TRAIN_2066,PAAD,OV
TRAIN_2067,CESC,KIPAN
TRAIN_2068,STES,COAD
TRAIN_2069,BRCA,BRCA
TRAIN_2070,COAD,COAD
TRAIN_2071,LAML,LAML
TRAIN_2072,LIHC,LIHC
TRAIN_2073,BRCA,SARC
TRAIN_2074,KIRC,KIRC
TRAIN_2075,THCA,THCA
TRAIN_2076,KIRC,KIPAN
TRAIN_2077,PCPG,PCPG
TRAIN_2078,KIRC,KIRC
TRAIN_2079,KIPAN,KIPAN
TRAIN_2080,SKCM,SKCM
TRAIN_2081,LUSC,LUSC
TRAIN_2082,THYM,THYM
TRAIN_2083,COAD,COAD
TRAIN_2084,STES,STES
TRAIN_2085,COAD,COAD
TRAIN_2086,GBMLGG,UCEC
TRAIN_2087,LAML,LAML
TRAIN_2088,KIPAN,KIPAN
TRAIN_2089,OV,OV
TRAIN_2090,SKCM,SKCM
TRAIN_2091,KIPAN,KIPAN
TRAIN_2092,SKCM,SKCM
TRAIN_2093,HNSC,DLBC
TRAIN_2094,TGCT,TGCT
TRAIN_2095,KIRC,KIRC
TRAIN_2096,SARC,OV
TRAIN_2097,KIPAN,KIRC
TRAIN_2098,KIRC,UCEC
TRAIN_2099,BLCA,BLCA
TRAIN_2100,PRAD,BRCA
TRAIN_2101,GBMLGG,LGG
TRAIN_2102,PRAD,PCPG
TRAIN_2103,BRCA,BRCA
TRAIN_2104,LIHC,LUSC
TRAIN_2105,TGCT,TGCT
TRAIN_2106,BRCA,THYM
TRAIN_2107,OV,OV
TRAIN_2108,COAD,COAD
TRAIN_2109,BRCA,LUAD
TRAIN_2110,STES,PCPG
TRAIN_2111,CESC,UCEC
TRAIN_2112,ACC,ACC
TRAIN_2113,STES,STES
TRAIN_2114,STES,UCEC
TRAIN_2115,GBMLGG,GBMLGG
TRAIN_2116,HNSC,LUSC
TRAIN_2117,BRCA,PCPG
TRAIN_2118,BRCA,SARC
TRAIN_2119,KIPAN,KIRC
TRAIN_2120,KIPAN,KIPAN
TRAIN_2121,SARC,SARC
TRAIN_2122,LGG,LGG
TRAIN_2123,STES,LUSC
TRAIN_2124,BRCA,CESC
TRAIN_2125,KIPAN,KIRC
TRAIN_2126,BRCA,BRCA
TRAIN_2127,KIPAN,TGCT
TRAIN_2128,LUSC,DLBC
TRAIN_2129,THCA,THCA
TRAIN_2130,LGG,LGG
TRAIN_2131,GBMLGG,STES
TRAIN_2132,STES,PAAD
TRAIN_2133,GBMLGG,PAAD
TRAIN_2134,UCEC,UCEC
TRAIN_2135,DLBC,DLBC
TRAIN_2136,LUAD,LUAD
TRAIN_2137,KIPAN,KIPAN
TRAIN_2138,LUAD,LIHC
TRAIN_2139,KIPAN,OV
TRAIN_2140,LGG,GBMLGG
TRAIN_2141,LGG,LGG
TRAIN_2142,KIPAN,COAD
TRAIN_2143,KIPAN,KIPAN
TRAIN_2144,KIRC,KIRC
TRAIN_2145,BRCA,COAD
TRAIN_2146,LUAD,LUAD
TRAIN_2147,SARC,LIHC
TRAIN_2148,BRCA,OV
TRAIN_2149,UCEC,LUSC
TRAIN_2150,KIRC,BRCA
TRAIN_2151,OV,OV
TRAIN_2152,LGG,LGG
TRAIN_2153,BRCA,PRAD
TRAIN_2154,PAAD,PAAD
TRAIN_2155,OV,OV
TRAIN_2156,LAML,PCPG
TRAIN_2157,ACC,PCPG
TRAIN_2158,HNSC,PRAD
TRAIN_2159,PAAD,PAAD
TRAIN_2160,GBMLGG,GBMLGG
TRAIN_2161,SKCM,SKCM
TRAIN_2162,THCA,THCA
TRAIN_2163,STES,STES
TRAIN_2164,BRCA,BLCA
TRAIN_2165,COAD,COAD
TRAIN_2166,SARC,SARC
TRAIN_2167,GBMLGG,GBMLGG
TRAIN_2168,KIPAN,KIPAN
TRAIN_2169,COAD,OV
TRAIN_2170,LAML,LAML
TRAIN_2171,COAD,COAD
TRAIN_2172,BRCA,BRCA
TRAIN_2173,OV,STES
TRAIN_2174,UCEC,OV
TRAIN_2175,BRCA,BRCA
TRAIN_2176,KIRC,KIRC
TRAIN_2177,PRAD,LIHC
TRAIN_2178,SARC,LUAD
TRAIN_2179,THCA,THCA
TRAIN_2180,SARC,HNSC
TRAIN_2181,TGCT,TGCT
TRAIN_2182,LIHC,LIHC
TRAIN_2183,BRCA,PCPG
TRAIN_2184,SKCM,PRAD
TRAIN_2185,BRCA,UCEC
TRAIN_2186,SARC,SARC
TRAIN_2187,UCEC,COAD
TRAIN_2188,KIRC,KIRC
TRAIN_2189,UCEC,UCEC
TRAIN_2190,SARC,OV
TRAIN_2191,PRAD,THCA
TRAIN_2192,KIPAN,KIPAN
TRAIN_2193,LUAD,LUAD
TRAIN_2194,PAAD,PAAD
TRAIN_2195,KIPAN,KIPAN
TRAIN_2196,THCA,THCA
TRAIN_2197,THYM,PAAD
TRAIN_2198,KIPAN,PCPG
TRAIN_2199,SKCM,PCPG
TRAIN_2200,GBMLGG,TGCT
TRAIN_2201,LGG,LGG
TRAIN_2202,LAML,LAML
TRAIN_2203,KIRC,KIPAN
TRAIN_2204,LGG,LGG
TRAIN_2205,THYM,PRAD
TRAIN_2206,KIPAN,KIPAN
TRAIN_2207,STES,STES
TRAIN_2208,BRCA,BRCA
TRAIN_2209,PRAD,PRAD
TRAIN_2210,THCA,THCA
TRAIN_2211,BRCA,LIHC
TRAIN_2212,CESC,BLCA
TRAIN_2213,THCA,THCA
TRAIN_2214,KIPAN,KIPAN
TRAIN_2215,LUSC,LUSC
TRAIN_2216,THYM,PCPG
TRAIN_2217,LIHC,LIHC
TRAIN_2218,OV,OV
TRAIN_2219,GBMLGG,LIHC
TRAIN_2220,KIPAN,LIHC
TRAIN_2221,BRCA,LAML
TRAIN_2222,LAML,THYM
TRAIN_2223,GBMLGG,GBMLGG
TRAIN_2224,SARC,SARC
TRAIN_2225,GBMLGG,GBMLGG
TRAIN_2226,BLCA,DLBC
TRAIN_2227,THCA,THCA
TRAIN_2228,BRCA,BRCA
TRAIN_2229,UCEC,UCEC
TRAIN_2230,STES,STES
TRAIN_2231,LGG,GBMLGG
TRAIN_2232,SARC,PCPG
TRAIN_2233,OV,OV
TRAIN_2234,THCA,BRCA
TRAIN_2235,KIPAN,KIPAN
TRAIN_2236,LGG,LGG
TRAIN_2237,BRCA,OV
TRAIN_2238,STES,STES
TRAIN_2239,THCA,PRAD
TRAIN_2240,GBMLGG,GBMLGG
TRAIN_2241,KIPAN,KIPAN
TRAIN_2242,BRCA,HNSC
TRAIN_2243,LUSC,BLCA
TRAIN_2244,PAAD,PAAD
TRAIN_2245,SARC,SARC
TRAIN_2246,THYM,THYM
TRAIN_2247,UCEC,OV
TRAIN_2248,BRCA,PCPG
TRAIN_2249,GBMLGG,LIHC
TRAIN_2250,BRCA,BRCA
TRAIN_2251,BRCA,PCPG
TRAIN_2252,HNSC,BLCA
TRAIN_2253,STES,STES
TRAIN_2254,GBMLGG,GBMLGG
TRAIN_2255,OV,PRAD
TRAIN_2256,GBMLGG,GBMLGG
TRAIN_2257,THCA,THCA
TRAIN_2258,HNSC,COAD
TRAIN_2259,SARC,OV
TRAIN_2260,UCEC,UCEC
TRAIN_2261,PCPG,PCPG
TRAIN_2262,PCPG,THYM
TRAIN_2263,KIPAN,KIPAN
TRAIN_2264,LGG,LGG
TRAIN_2265,CESC,CESC
TRAIN_2266,OV,BRCA
TRAIN_2267,PCPG,THYM
TRAIN_2268,BLCA,STES
TRAIN_2269,GBMLGG,GBMLGG
TRAIN_2270,THCA,THYM
TRAIN_2271,LGG,LGG
TRAIN_2272,LUAD,LUSC
TRAIN_2273,STES,TGCT
TRAIN_2274,BRCA,THCA
TRAIN_2275,CESC,GBMLGG
TRAIN_2276,BRCA,BRCA
TRAIN_2277,COAD,COAD
TRAIN_2278,LGG,LGG
TRAIN_2279,PRAD,UCEC
TRAIN_2280,KIRC,KIRC
TRAIN_2281,THCA,THCA
TRAIN_2282,HNSC,OV
TRAIN_2283,OV,KIPAN
TRAIN_2284,BRCA,THYM
TRAIN_2285,HNSC,HNSC
TRAIN_2286,ACC,ACC
TRAIN_2287,SKCM,SKCM
TRAIN_2288,STES,STES
TRAIN_2289,BRCA,HNSC
TRAIN_2290,LGG,LGG
TRAIN_2291,GBMLGG,GBMLGG
TRAIN_2292,GBMLGG,GBMLGG
TRAIN_2293,KIPAN,BRCA
TRAIN_2294,TGCT,KIRC
TRAIN_2295,PRAD,THYM
TRAIN_2296,LIHC,LIHC
TRAIN_2297,LIHC,LIHC
TRAIN_2298,BLCA,CESC
TRAIN_2299,COAD,COAD
TRAIN_2300,THCA,PRAD
TRAIN_2301,BRCA,OV
TRAIN_2302,BLCA,BLCA
TRAIN_2303,SARC,PRAD
TRAIN_2304,PCPG,PCPG
TRAIN_2305,STES,HNSC
TRAIN_2306,BRCA,OV
TRAIN_2307,LUSC,STES
TRAIN_2308,STES,STES
TRAIN_2309,BRCA,BRCA
TRAIN_2310,COAD,UCEC
TRAIN_2311,BLCA,LUSC
TRAIN_2312,SKCM,SKCM
TRAIN_2313,KIPAN,STES
TRAIN_2314,SKCM,PCPG
TRAIN_2315,THCA,THCA
TRAIN_2316,STES,STES
TRAIN_2317,LAML,THYM
TRAIN_2318,UCEC,OV
TRAIN_2319,BRCA,PRAD
TRAIN_2320,KIPAN,KIPAN
TRAIN_2321,GBMLGG,GBMLGG
TRAIN_2322,LUSC,LUSC
TRAIN_2323,BLCA,PRAD
TRAIN_2324,BRCA,BRCA
TRAIN_2325,THCA,LAML
TRAIN_2326,CESC,BLCA
TRAIN_2327,GBMLGG,GBMLGG
TRAIN_2328,LUSC,LUAD
TRAIN_2329,SARC,CESC
TRAIN_2330,PCPG,PCPG
TRAIN_2331,KIPAN,KIPAN
TRAIN_2332,PRAD,KIPAN
TRAIN_2333,CESC,CESC
TRAIN_2334,GBMLGG,GBMLGG
TRAIN_2335,GBMLGG,STES
TRAIN_2336,KIRC,KIRC
TRAIN_2337,HNSC,HNSC
TRAIN_2338,UCEC,UCEC
TRAIN_2339,THYM,PCPG
TRAIN_2340,GBMLGG,GBMLGG
TRAIN_2341,GBMLGG,LGG
TRAIN_2342,STES,LUAD
TRAIN_2343,BRCA,BRCA
TRAIN_2344,UCEC,UCEC
TRAIN_2345,ACC,ACC
TRAIN_2346,BRCA,BRCA
TRAIN_2347,UCEC,STES
TRAIN_2348,PRAD,PRAD
TRAIN_2349,TGCT,LUAD
TRAIN_2350,LUAD,LIHC
TRAIN_2351,KIPAN,KIPAN
TRAIN_2352,CESC,GBMLGG
TRAIN_2353,LGG,LGG
TRAIN_2354,BLCA,BLCA
TRAIN_2355,PCPG,PCPG
TRAIN_2356,THCA,THCA
TRAIN_2357,STES,STES
TRAIN_2358,PAAD,STES
TRAIN_2359,KIRC,SARC
TRAIN_2360,KIRC,KIRC
TRAIN_2361,COAD,UCEC
TRAIN_2362,SKCM,SKCM
TRAIN_2363,BRCA,CESC
TRAIN_2364,UCEC,UCEC
TRAIN_2365,LIHC,LIHC
TRAIN_2366,PCPG,PCPG
TRAIN_2367,BRCA,LIHC
TRAIN_2368,TGCT,TGCT
TRAIN_2369,LUAD,LUSC
TRAIN_2370,BRCA,BRCA
TRAIN_2371,LGG,LGG
TRAIN_2372,SARC,SARC
TRAIN_2373,CESC,HNSC
TRAIN_2374,HNSC,PRAD
TRAIN_2375,BRCA,BRCA
TRAIN_2376,LUAD,LIHC
TRAIN_2377,KIPAN,KIPAN
TRAIN_2378,TGCT,TGCT
TRAIN_2379,SKCM,SKCM
TRAIN_2380,PRAD,PRAD
TRAIN_2381,PCPG,PRAD
TRAIN_2382,PCPG,PCPG
TRAIN_2383,LUAD,LUSC
TRAIN_2384,LUSC,LUAD
TRAIN_2385,LAML,LAML
TRAIN_2386,PAAD,HNSC
TRAIN_2387,SARC,TGCT
TRAIN_2388,STES,STES
TRAIN_2389,COAD,COAD
TRAIN_2390,OV,OV
TRAIN_2391,OV,LAML
TRAIN_2392,STES,STES
TRAIN_2393,GBMLGG,LIHC
TRAIN_2394,KIPAN,KIPAN
TRAIN_2395,THCA,PRAD
TRAIN_2396,PRAD,GBMLGG
TRAIN_2397,CESC,CESC
TRAIN_2398,LIHC,LIHC
TRAIN_2399,LUAD,BLCA
TRAIN_2400,SKCM,SKCM
TRAIN_2401,LUAD,LUSC
TRAIN_2402,PCPG,PRAD
TRAIN_2403,STES,PRAD
TRAIN_2404,THYM,THYM
TRAIN_2405,BRCA,PRAD
TRAIN_2406,BRCA,BRCA
TRAIN_2407,PRAD,PCPG
TRAIN_2408,KIRC,KIRC
TRAIN_2409,KIPAN,STES
TRAIN_2410,KIRC,BRCA
TRAIN_2411,COAD,STES
TRAIN_2412,STES,STES
TRAIN_2413,KIRC,KIPAN
TRAIN_2414,LAML,THYM
TRAIN_2415,BRCA,BRCA
TRAIN_2416,LUSC,HNSC
TRAIN_2417,LUAD,STES
TRAIN_2418,LGG,LGG
TRAIN_2419,KIPAN,KIPAN
TRAIN_2420,LIHC,LUSC
TRAIN_2421,PRAD,PRAD
TRAIN_2422,COAD,UCEC
TRAIN_2423,KIPAN,KIPAN
TRAIN_2424,OV,OV
TRAIN_2425,OV,OV
TRAIN_2426,KIPAN,THYM
TRAIN_2427,BRCA,PRAD
TRAIN_2428,THCA,THCA
TRAIN_2429,PRAD,PAAD
TRAIN_2430,BRCA,OV
TRAIN_2431,LGG,LGG
TRAIN_2432,LUSC,HNSC
TRAIN_2433,THCA,THCA
TRAIN_2434,PCPG,PCPG
TRAIN_2435,CESC,BLCA
TRAIN_2436,SKCM,PRAD
TRAIN_2437,KIRC,KIRC
TRAIN_2438,LAML,LAML
TRAIN_2439,LIHC,STES
TRAIN_2440,HNSC,LUSC
TRAIN_2441,THCA,THCA
TRAIN_2442,KIPAN,UCEC
TRAIN_2443,LUAD,HNSC
TRAIN_2444,KIPAN,KIPAN
TRAIN_2445,GBMLGG,PAAD
TRAIN_2446,BRCA,BRCA
TRAIN_2447,THCA,THCA
TRAIN_2448,BRCA,BRCA
TRAIN_2449,PRAD,SARC
TRAIN_2450,BRCA,PCPG
TRAIN_2451,GBMLGG,GBMLGG
TRAIN_2452,UCEC,UCEC
TRAIN_2453,BRCA,PRAD
TRAIN_2454,KIRC,PRAD
TRAIN_2455,STES,STES
TRAIN_2456,BRCA,UCEC
TRAIN_2457,GBMLGG,GBMLGG
TRAIN_2458,KIRC,KIRC
TRAIN_2459,BRCA,BRCA
TRAIN_2460,PRAD,SARC
TRAIN_2461,KIPAN,KIPAN
TRAIN_2462,HNSC,STES
TRAIN_2463,BLCA,BLCA
TRAIN_2464,PRAD,PRAD
TRAIN_2465,COAD,COAD
TRAIN_2466,HNSC,CESC
TRAIN_2467,KIPAN,KIPAN
TRAIN_2468,THYM,PCPG
TRAIN_2469,BRCA,STES
TRAIN_2470,PCPG,THCA
TRAIN_2471,LGG,LGG
TRAIN_2472,KIPAN,KIPAN
TRAIN_2473,BRCA,PRAD
TRAIN_2474,KIPAN,HNSC
TRAIN_2475,HNSC,HNSC
TRAIN_2476,KIRC,KIPAN
TRAIN_2477,BRCA,STES
TRAIN_2478,GBMLGG,GBMLGG
TRAIN_2479,OV,OV
TRAIN_2480,BRCA,OV
TRAIN_2481,UCEC,UCEC
TRAIN_2482,PCPG,PCPG
TRAIN_2483,BRCA,BRCA
TRAIN_2484,KIPAN,KIRC
TRAIN_2485,PRAD,THYM
TRAIN_2486,LUSC,LUSC
TRAIN_2487,TGCT,TGCT
TRAIN_2488,GBMLGG,SARC
TRAIN_2489,BLCA,BLCA
TRAIN_2490,SKCM,SKCM
TRAIN_2491,SKCM,SKCM
TRAIN_2492,PAAD,OV
TRAIN_2493,SARC,LIHC
TRAIN_2494,KIPAN,KIPAN
TRAIN_2495,ACC,KIPAN
TRAIN_2496,GBMLGG,LGG
TRAIN_2497,CESC,SARC
TRAIN_2498,KIRC,KIPAN
TRAIN_2499,OV,OV
TRAIN_2500,GBMLGG,PAAD
TRAIN_2501,SARC,SKCM
TRAIN_2502,SARC,LUAD
TRAIN_2503,PCPG,THCA
TRAIN_2504,SARC,BRCA
TRAIN_2505,LUAD,CESC
TRAIN_2506,KIPAN,KIPAN
TRAIN_2507,OV,HNSC
TRAIN_2508,PAAD,THYM
TRAIN_2509,PAAD,KIPAN
TRAIN_2510,LUAD,LUAD
TRAIN_2511,CESC,SARC
TRAIN_2512,GBMLGG,GBMLGG
TRAIN_2513,UCEC,BLCA
TRAIN_2514,LAML,THYM
TRAIN_2515,THYM,THYM
TRAIN_2516,KIPAN,KIPAN
TRAIN_2517,KIPAN,KIPAN
TRAIN_2518,BRCA,BRCA
TRAIN_2519,BRCA,BRCA
TRAIN_2520,COAD,COAD
TRAIN_2521,LUSC,LUSC
TRAIN_2522,PRAD,PAAD
TRAIN_2523,BLCA,LUSC
TRAIN_2524,TGCT,TGCT
TRAIN_2525,LAML,LAML
TRAIN_2526,STES,COAD
TRAIN_2527,PCPG,PCPG
TRAIN_2528,BRCA,THYM
TRAIN_2529,KIPAN,KIPAN
TRAIN_2530,UCEC,UCEC
TRAIN_2531,CESC,THYM
TRAIN_2532,PAAD,PAAD
TRAIN_2533,BRCA,BRCA
TRAIN_2534,BRCA,BRCA
TRAIN_2535,LGG,LGG
TRAIN_2536,KIRC,KIRC
TRAIN_2537,PRAD,PRAD
TRAIN_2538,LUSC,LUSC
TRAIN_2539,GBMLGG,LIHC
TRAIN_2540,BLCA,HNSC
TRAIN_2541,DLBC,DLBC
TRAIN_2542,LUAD,STES
TRAIN_2543,LUAD,LUAD
TRAIN_2544,HNSC,CESC
TRAIN_2545,THYM,THYM
TRAIN_2546,BRCA,OV
TRAIN_2547,GBMLGG,GBMLGG
TRAIN_2548,LGG,LGG
TRAIN_2549,BRCA,CESC
TRAIN_2550,LIHC,KIPAN
TRAIN_2551,HNSC,HNSC
TRAIN_2552,SKCM,SKCM
TRAIN_2553,CESC,HNSC
TRAIN_2554,COAD,COAD
TRAIN_2555,KIPAN,KIPAN
TRAIN_2556,STES,SARC
TRAIN_2557,PRAD,PRAD
TRAIN_2558,BRCA,OV
TRAIN_2559,THCA,PRAD
TRAIN_2560,HNSC,HNSC
TRAIN_2561,CESC,DLBC
TRAIN_2562,STES,COAD
TRAIN_2563,BRCA,BRCA
TRAIN_2564,ACC,ACC
TRAIN_2565,KIRC,KIRC
TRAIN_2566,LGG,LGG
TRAIN_2567,LIHC,SARC
TRAIN_2568,SARC,SARC
TRAIN_2569,KIPAN,KIPAN
TRAIN_2570,THCA,THCA
TRAIN_2571,BRCA,LUAD
TRAIN_2572,HNSC,HNSC
TRAIN_2573,GBMLGG,LGG
TRAIN_2574,HNSC,PAAD
TRAIN_2575,UCEC,UCEC
TRAIN_2576,SKCM,SKCM
TRAIN_2577,COAD,COAD
TRAIN_2578,LUAD,LUAD
TRAIN_2579,LUAD,SARC
TRAIN_2580,LGG,LGG
TRAIN_2581,BRCA,BRCA
TRAIN_2582,LUSC,LUSC
TRAIN_2583,HNSC,STES
TRAIN_2584,LIHC,STES
TRAIN_2585,GBMLGG,GBMLGG
TRAIN_2586,BRCA,PRAD
TRAIN_2587,OV,OV
TRAIN_2588,COAD,COAD
TRAIN_2589,SARC,THCA
TRAIN_2590,GBMLGG,GBMLGG
TRAIN_2591,LAML,OV
TRAIN_2592,ACC,ACC
TRAIN_2593,CESC,BLCA
TRAIN_2594,LGG,LGG
TRAIN_2595,KIPAN,HNSC
TRAIN_2596,PRAD,THCA
TRAIN_2597,LUSC,LUSC
TRAIN_2598,BRCA,BRCA
TRAIN_2599,GBMLGG,HNSC
TRAIN_2600,PCPG,PRAD
TRAIN_2601,BRCA,CESC
TRAIN_2602,STES,STES
TRAIN_2603,CESC,CESC
TRAIN_2604,PRAD,SARC
TRAIN_2605,KIRC,KIRC
TRAIN_2606,OV,SKCM
TRAIN_2607,KIRC,KIPAN
TRAIN_2608,PRAD,SARC
TRAIN_2609,PRAD,THYM
TRAIN_2610,KIPAN,KIRC
TRAIN_2611,BRCA,PRAD
TRAIN_2612,BRCA,OV
TRAIN_2613,PRAD,THYM
TRAIN_2614,BRCA,LIHC
TRAIN_2615,LGG,LGG
TRAIN_2616,BRCA,PCPG
TRAIN_2617,LAML,LAML
TRAIN_2618,GBMLGG,GBMLGG
TRAIN_2619,BRCA,PRAD
TRAIN_2620,GBMLGG,GBMLGG
TRAIN_2621,GBMLGG,GBMLGG
TRAIN_2622,BRCA,STES
TRAIN_2623,BRCA,PRAD
TRAIN_2624,BRCA,BRCA
TRAIN_2625,SARC,PAAD
TRAIN_2626,BLCA,CESC
TRAIN_2627,OV,COAD
TRAIN_2628,THYM,THYM
TRAIN_2629,GBMLGG,PRAD
TRAIN_2630,THCA,THYM
TRAIN_2631,PRAD,PRAD
TRAIN_2632,UCEC,LUSC
TRAIN_2633,GBMLGG,KIPAN
TRAIN_2634,KIRC,KIRC
TRAIN_2635,GBMLGG,LGG
TRAIN_2636,BLCA,BLCA
TRAIN_2637,LUAD,PAAD
TRAIN_2638,STES,BLCA
TRAIN_2639,STES,THYM
TRAIN_2640,OV,BRCA
TRAIN_2641,STES,UCEC
TRAIN_2642,PCPG,PCPG
TRAIN_2643,BRCA,PRAD
TRAIN_2644,THCA,THCA
TRAIN_2645,GBMLGG,UCEC
TRAIN_2646,THCA,THYM
TRAIN_2647,COAD,COAD
TRAIN_2648,BRCA,BRCA
TRAIN_2649,SKCM,SKCM
TRAIN_2650,GBMLGG,GBMLGG
TRAIN_2651,BRCA,BRCA
TRAIN_2652,KIRC,KIRC
TRAIN_2653,PRAD,PCPG
TRAIN_2654,HNSC,GBMLGG
TRAIN_2655,PRAD,SARC
TRAIN_2656,LUAD,LUAD
TRAIN_2657,KIPAN,LIHC
TRAIN_2658,BRCA,BRCA
TRAIN_2659,PRAD,PRAD
TRAIN_2660,KIPAN,KIPAN
TRAIN_2661,PRAD,STES
TRAIN_2662,BRCA,OV
TRAIN_2663,STES,PAAD
TRAIN_2664,TGCT,KIPAN
TRAIN_2665,KIPAN,KIPAN
TRAIN_2666,LAML,THYM
TRAIN_2667,SKCM,SKCM
TRAIN_2668,BRCA,PRAD
TRAIN_2669,ACC,ACC
TRAIN_2670,UCEC,UCEC
TRAIN_2671,PAAD,PAAD
TRAIN_2672,OV,OV
TRAIN_2673,KIPAN,KIPAN
TRAIN_2674,KIPAN,KIRC
TRAIN_2675,SKCM,LUSC
TRAIN_2676,OV,OV
TRAIN_2677,BRCA,OV
TRAIN_2678,GBMLGG,GBMLGG
TRAIN_2679,PAAD,PAAD
TRAIN_2680,THCA,THCA
TRAIN_2681,TGCT,PCPG
TRAIN_2682,LIHC,LIHC
TRAIN_2683,GBMLGG,UCEC
TRAIN_2684,KIPAN,KIPAN
TRAIN_2685,STES,STES
TRAIN_2686,LUSC,CESC
TRAIN_2687,LAML,LAML
TRAIN_2688,PRAD,PCPG
TRAIN_2689,PRAD,PRAD
TRAIN_2690,PAAD,PAAD
TRAIN_2691,PAAD,PAAD
TRAIN_2692,PAAD,PAAD
TRAIN_2693,GBMLGG,LGG
TRAIN_2694,KIRC,KIRC
TRAIN_2695,LIHC,LIHC
TRAIN_2696,PAAD,STES
TRAIN_2697,BRCA,OV
TRAIN_2698,BRCA,BRCA
TRAIN_2699,COAD,COAD
TRAIN_2700,KIPAN,KIPAN
TRAIN_2701,SARC,PCPG
TRAIN_2702,UCEC,UCEC
TRAIN_2703,STES,PAAD
TRAIN_2704,SARC,THYM
TRAIN_2705,BRCA,BRCA
TRAIN_2706,STES,STES
TRAIN_2707,BRCA,BRCA
TRAIN_2708,THYM,PCPG
TRAIN_2709,LIHC,LUAD
TRAIN_2710,SARC,PRAD
TRAIN_2711,BRCA,BRCA
TRAIN_2712,KIPAN,BRCA
TRAIN_2713,BRCA,CESC
TRAIN_2714,SKCM,PRAD
TRAIN_2715,THCA,THCA
TRAIN_2716,KIRC,KIRC
TRAIN_2717,BRCA,THYM
TRAIN_2718,UCEC,UCEC
TRAIN_2719,LGG,LGG
TRAIN_2720,KIRC,KIRC
TRAIN_2721,KIPAN,TGCT
TRAIN_2722,KIPAN,LIHC
TRAIN_2723,BLCA,LUAD
TRAIN_2724,SKCM,SKCM
TRAIN_2725,CESC,CESC
TRAIN_2726,LIHC,BRCA
TRAIN_2727,PAAD,OV
TRAIN_2728,BRCA,THYM
TRAIN_2729,BRCA,PRAD
TRAIN_2730,GBMLGG,GBMLGG
TRAIN_2731,SKCM,SKCM
TRAIN_2732,LUSC,LUSC
TRAIN_2733,KIPAN,KIPAN
TRAIN_2734,STES,HNSC
TRAIN_2735,STES,STES
TRAIN_2736,GBMLGG,GBMLGG
TRAIN_2737,LAML,LAML
TRAIN_2738,LUSC,LUSC
TRAIN_2739,PCPG,THCA
TRAIN_2740,UCEC,UCEC
TRAIN_2741,BRCA,THYM
TRAIN_2742,KIRC,KIRC
TRAIN_2743,COAD,COAD
TRAIN_2744,HNSC,PAAD
TRAIN_2745,KIRC,KIRC
TRAIN_2746,BRCA,HNSC
TRAIN_2747,BRCA,BRCA
TRAIN_2748,LUAD,STES
TRAIN_2749,GBMLGG,GBMLGG
TRAIN_2750,HNSC,HNSC
TRAIN_2751,LUAD,THCA
TRAIN_2752,THYM,HNSC
TRAIN_2753,THCA,THCA
TRAIN_2754,THYM,PCPG
TRAIN_2755,KIRC,KIRC
TRAIN_2756,PRAD,THYM
TRAIN_2757,STES,STES
TRAIN_2758,TGCT,TGCT
TRAIN_2759,LUSC,BLCA
TRAIN_2760,BRCA,PRAD
TRAIN_2761,LGG,LGG
TRAIN_2762,SKCM,SKCM
TRAIN_2763,GBMLGG,PAAD
TRAIN_2764,GBMLGG,LGG
TRAIN_2765,STES,LUAD
TRAIN_2766,OV,OV
TRAIN_2767,KIRC,KIRC
TRAIN_2768,SKCM,SKCM
TRAIN_2769,STES,STES
TRAIN_2770,THYM,LAML
TRAIN_2771,KIPAN,LIHC
TRAIN_2772,CESC,PCPG
TRAIN_2773,SARC,PCPG
TRAIN_2774,LIHC,LIHC
TRAIN_2775,CESC,BLCA
TRAIN_2776,THYM,THYM
TRAIN_2777,ACC,ACC
TRAIN_2778,THCA,THYM
TRAIN_2779,BRCA,OV
TRAIN_2780,CESC,CESC
TRAIN_2781,KIPAN,SARC
TRAIN_2782,UCEC,UCEC
TRAIN_2783,STES,STES
TRAIN_2784,OV,OV
TRAIN_2785,LUSC,LUSC
TRAIN_2786,COAD,GBMLGG
TRAIN_2787,SARC,THCA
TRAIN_2788,OV,PAAD
TRAIN_2789,KIPAN,KIRC
TRAIN_2790,UCEC,OV
TRAIN_2791,LUSC,LUSC
TRAIN_2792,GBMLGG,SARC
TRAIN_2793,LGG,LGG
TRAIN_2794,THYM,THYM
TRAIN_2795,COAD,COAD
TRAIN_2796,BRCA,THYM
TRAIN_2797,SARC,LGG
TRAIN_2798,KIRC,KIRC
TRAIN_2799,KIRC,COAD
TRAIN_2800,COAD,COAD
TRAIN_2801,STES,HNSC
TRAIN_2802,UCEC,PRAD
TRAIN_2803,BRCA,BRCA
TRAIN_2804,GBMLGG,SARC
TRAIN_2805,KIPAN,KIPAN
TRAIN_2806,LGG,LGG
TRAIN_2807,PCPG,PCPG
TRAIN_2808,TGCT,TGCT
TRAIN_2809,KIRC,KIRC
TRAIN_2810,KIRC,KIRC
TRAIN_2811,PCPG,PCPG
TRAIN_2812,LUSC,HNSC
TRAIN_2813,THCA,PCPG
TRAIN_2814,DLBC,DLBC
TRAIN_2815,GBMLGG,GBMLGG
TRAIN_2816,KIPAN,KIRC
TRAIN_2817,LAML,LAML
TRAIN_2818,LUAD,LUAD
TRAIN_2819,KIPAN,UCEC
TRAIN_2820,LUAD,SARC
TRAIN_2821,LGG,LGG
TRAIN_2822,UCEC,UCEC
TRAIN_2823,LUSC,THYM
TRAIN_2824,PRAD,PRAD
TRAIN_2825,PAAD,OV
TRAIN_2826,PRAD,SARC
TRAIN_2827,LUSC,LUSC
TRAIN_2828,GBMLGG,LGG
TRAIN_2829,LUAD,LUAD
TRAIN_2830,LIHC,LIHC
TRAIN_2831,THCA,PCPG
TRAIN_2832,BRCA,OV
TRAIN_2833,BRCA,THYM
TRAIN_2834,BRCA,BRCA
TRAIN_2835,BRCA,BRCA
TRAIN_2836,PRAD,BRCA
TRAIN_2837,LUAD,LIHC
TRAIN_2838,THCA,THCA
TRAIN_2839,SKCM,SKCM
TRAIN_2840,PRAD,PRAD
TRAIN_2841,SKCM,SKCM
TRAIN_2842,OV,OV
TRAIN_2843,THYM,BRCA
TRAIN_2844,HNSC,HNSC
TRAIN_2845,COAD,UCEC
TRAIN_2846,UCEC,UCEC
TRAIN_2847,KIPAN,TGCT
TRAIN_2848,BLCA,LUSC
TRAIN_2849,HNSC,HNSC
TRAIN_2850,KIPAN,KIPAN
TRAIN_2851,THCA,PRAD
TRAIN_2852,GBMLGG,GBMLGG
TRAIN_2853,KIRC,KIRC
TRAIN_2854,KIPAN,PRAD
TRAIN_2855,BRCA,OV
TRAIN_2856,HNSC,BLCA
TRAIN_2857,KIRC,KIRC
TRAIN_2858,SARC,OV
TRAIN_2859,THCA,THCA
TRAIN_2860,STES,HNSC
TRAIN_2861,PRAD,KIRC
TRAIN_2862,STES,HNSC
TRAIN_2863,TGCT,SARC
TRAIN_2864,THYM,DLBC
TRAIN_2865,KIRC,KIRC
TRAIN_2866,KIPAN,KIRC
TRAIN_2867,BLCA,CESC
TRAIN_2868,KIPAN,KIPAN
TRAIN_2869,THCA,THCA
TRAIN_2870,BRCA,BRCA
TRAIN_2871,COAD,COAD
TRAIN_2872,SKCM,SKCM
TRAIN_2873,THCA,PCPG
TRAIN_2874,GBMLGG,LGG
TRAIN_2875,SKCM,SKCM
TRAIN_2876,HNSC,STES
TRAIN_2877,HNSC,LIHC
TRAIN_2878,KIPAN,KIPAN
TRAIN_2879,GBMLGG,LUAD
TRAIN_2880,TGCT,TGCT
TRAIN_2881,TGCT,TGCT
TRAIN_2882,LUAD,KIPAN
TRAIN_2883,PCPG,PCPG
TRAIN_2884,STES,PAAD
TRAIN_2885,STES,LUAD
TRAIN_2886,SKCM,SKCM
TRAIN_2887,PRAD,SARC
TRAIN_2888,LIHC,LIHC
TRAIN_2889,COAD,COAD
TRAIN_2890,OV,OV
TRAIN_2891,LGG,LGG
TRAIN_2892,STES,COAD
TRAIN_2893,KIRC,KIRC
TRAIN_2894,BLCA,BLCA
TRAIN_2895,KIRC,KIRC
TRAIN_2896,KIRC,KIRC
TRAIN_2897,LIHC,LIHC
TRAIN_2898,THCA,THCA
TRAIN_2899,COAD,COAD
TRAIN_2900,BRCA,BRCA
TRAIN_2901,GBMLGG,LGG
TRAIN_2902,BLCA,BLCA
TRAIN_2903,LUAD,LUAD
TRAIN_2904,LIHC,STES
TRAIN_2905,PAAD,PAAD
TRAIN_2906,OV,OV
TRAIN_2907,GBMLGG,GBMLGG
TRAIN_2908,THCA,THCA
TRAIN_2909,KIRC,KIRC
TRAIN_2910,KIPAN,BRCA
TRAIN_2911,LUSC,OV
TRAIN_2912,CESC,SARC
TRAIN_2913,LUAD,BRCA
TRAIN_2914,STES,STES
TRAIN_2915,COAD,COAD
TRAIN_2916,LGG,LGG
TRAIN_2917,THCA,THCA
TRAIN_2918,PRAD,PRAD
TRAIN_2919,SKCM,SKCM
TRAIN_2920,ACC,ACC
TRAIN_2921,LIHC,UCEC
TRAIN_2922,LUAD,LUAD
TRAIN_2923,COAD,BLCA
TRAIN_2924,LGG,LGG
TRAIN_2925,LGG,LGG
TRAIN_2926,LGG,LGG
TRAIN_2927,CESC,CESC
TRAIN_2928,LGG,LGG
TRAIN_2929,PRAD,PCPG
TRAIN_2930,LGG,LGG
TRAIN_2931,GBMLGG,THCA
TRAIN_2932,UCEC,UCEC
TRAIN_2933,THYM,BRCA
TRAIN_2934,LGG,LGG
TRAIN_2935,LUAD,LUAD
TRAIN_2936,PCPG,PCPG
TRAIN_2937,BRCA,THYM
TRAIN_2938,BRCA,BRCA
TRAIN_2939,SKCM,SKCM
TRAIN_2940,HNSC,PRAD
TRAIN_2941,TGCT,TGCT
TRAIN_2942,STES,STES
TRAIN_2943,THCA,PRAD
TRAIN_2944,KIPAN,LIHC
TRAIN_2945,THYM,THYM
TRAIN_2946,LGG,LGG
TRAIN_2947,STES,COAD
TRAIN_2948,BRCA,OV
TRAIN_2949,HNSC,STES
TRAIN_2950,UCEC,UCEC
TRAIN_2951,GBMLGG,GBMLGG
TRAIN_2952,KIRC,TGCT
TRAIN_2953,SARC,PRAD
TRAIN_2954,KIPAN,KIPAN
TRAIN_2955,BRCA,CESC
TRAIN_2956,LAML,LAML
TRAIN_2957,LUSC,LUSC
TRAIN_2958,CESC,BLCA
TRAIN_2959,THCA,SARC
TRAIN_2960,KIPAN,KIPAN
TRAIN_2961,SKCM,SKCM
TRAIN_2962,BLCA,BLCA
TRAIN_2963,GBMLGG,GBMLGG
TRAIN_2964,LUSC,LUSC
TRAIN_2965,BRCA,BRCA
TRAIN_2966,LUAD,LUAD
TRAIN_2967,KIPAN,KIPAN
TRAIN_2968,KIRC,KIPAN
TRAIN_2969,BLCA,BLCA
TRAIN_2970,SKCM,SKCM
TRAIN_2971,KIPAN,KIPAN
TRAIN_2972,THCA,PRAD
TRAIN_2973,ACC,ACC
TRAIN_2974,HNSC,HNSC
TRAIN_2975,OV,OV
TRAIN_2976,BRCA,BRCA
TRAIN_2977,BRCA,BRCA
TRAIN_2978,KIPAN,KIPAN
TRAIN_2979,STES,KIPAN
TRAIN_2980,THCA,THCA
TRAIN_2981,KIPAN,KIPAN
TRAIN_2982,BRCA,BRCA
TRAIN_2983,TGCT,TGCT
TRAIN_2984,COAD,COAD
TRAIN_2985,CESC,BRCA
TRAIN_2986,CESC,HNSC
TRAIN_2987,STES,LIHC
TRAIN_2988,LUAD,LUAD
TRAIN_2989,THCA,THCA
TRAIN_2990,GBMLGG,GBMLGG
TRAIN_2991,HNSC,OV
TRAIN_2992,BRCA,BRCA
TRAIN_2993,COAD,COAD
TRAIN_2994,GBMLGG,GBMLGG
TRAIN_2995,BRCA,PRAD
TRAIN_2996,COAD,COAD
TRAIN_2997,BRCA,BRCA
TRAIN_2998,BRCA,BRCA
TRAIN_2999,STES,UCEC
TRAIN_3000,PRAD,PRAD
TRAIN_3001,UCEC,UCEC
TRAIN_3002,LIHC,BRCA
TRAIN_3003,PAAD,OV
TRAIN_3004,KIRC,KIRC
TRAIN_3005,PCPG,LAML
TRAIN_3006,KIPAN,KIPAN
TRAIN_3007,PRAD,LIHC
TRAIN_3008,UCEC,OV
TRAIN_3009,GBMLGG,LGG
TRAIN_3010,LIHC,LIHC
TRAIN_3011,STES,COAD
TRAIN_3012,THCA,PCPG
TRAIN_3013,BRCA,PRAD
TRAIN_3014,GBMLGG,GBMLGG
TRAIN_3015,STES,SARC
TRAIN_3016,THCA,THYM
TRAIN_3017,BRCA,LUAD
TRAIN_3018,BRCA,KIRC
TRAIN_3019,SKCM,SKCM
TRAIN_3020,KIRC,KIRC
TRAIN_3021,BRCA,LUAD
TRAIN_3022,SARC,PRAD
TRAIN_3023,GBMLGG,GBMLGG
TRAIN_3024,KIPAN,KIPAN
TRAIN_3025,STES,PAAD
TRAIN_3026,LUAD,LUAD
TRAIN_3027,GBMLGG,GBMLGG
TRAIN_3028,BRCA,HNSC
TRAIN_3029,LUAD,KIPAN
TRAIN_3030,KIPAN,KIPAN
TRAIN_3031,BRCA,BRCA
TRAIN_3032,OV,OV
TRAIN_3033,GBMLGG,STES
TRAIN_3034,KIRC,KIRC
TRAIN_3035,SKCM,SARC
TRAIN_3036,SKCM,SKCM
TRAIN_3037,GBMLGG,GBMLGG
TRAIN_3038,THCA,THCA
TRAIN_3039,TGCT,TGCT
TRAIN_3040,LGG,LGG
TRAIN_3041,BRCA,BRCA
TRAIN_3042,STES,PRAD
TRAIN_3043,KIRC,KIRC
TRAIN_3044,PAAD,PAAD
TRAIN_3045,KIPAN,KIPAN
TRAIN_3046,STES,PAAD
TRAIN_3047,STES,COAD
TRAIN_3048,LAML,LAML
TRAIN_3049,PCPG,PCPG
TRAIN_3050,GBMLGG,LAML
TRAIN_3051,HNSC,STES
TRAIN_3052,KIRC,KIPAN
TRAIN_3053,UCEC,CESC
TRAIN_3054,BRCA,PCPG
TRAIN_3055,THCA,THYM
TRAIN_3056,GBMLGG,GBMLGG
TRAIN_3057,KIRC,KIRC
TRAIN_3058,STES,SKCM
TRAIN_3059,KIRC,KIPAN
TRAIN_3060,GBMLGG,SARC
TRAIN_3061,STES,STES
TRAIN_3062,GBMLGG,GBMLGG
TRAIN_3063,STES,UCEC
TRAIN_3064,LGG,LGG
TRAIN_3065,CESC,CESC
TRAIN_3066,LGG,LGG
TRAIN_3067,SKCM,SKCM
TRAIN_3068,GBMLGG,LGG
TRAIN_3069,BLCA,HNSC
TRAIN_3070,PRAD,OV
TRAIN_3071,BRCA,LUAD
TRAIN_3072,THCA,PCPG
TRAIN_3073,COAD,COAD
TRAIN_3074,BLCA,CESC
TRAIN_3075,COAD,COAD
TRAIN_3076,GBMLGG,GBMLGG
TRAIN_3077,HNSC,PAAD
TRAIN_3078,SKCM,SKCM
TRAIN_3079,STES,STES
TRAIN_3080,LAML,LAML
TRAIN_3081,STES,LUSC
TRAIN_3082,PRAD,PRAD
TRAIN_3083,GBMLGG,GBMLGG
TRAIN_3084,CESC,UCEC
TRAIN_3085,LUAD,LGG
TRAIN_3086,UCEC,OV
TRAIN_3087,THCA,SKCM
TRAIN_3088,LUSC,LUSC
TRAIN_3089,PRAD,THYM
TRAIN_3090,STES,STES
TRAIN_3091,LIHC,OV
TRAIN_3092,BRCA,HNSC
TRAIN_3093,GBMLGG,THYM
TRAIN_3094,KIRC,KIRC
TRAIN_3095,STES,STES
TRAIN_3096,STES,STES
TRAIN_3097,CESC,LUAD
TRAIN_3098,KIRC,KIRC
TRAIN_3099,LAML,THYM
TRAIN_3100,BRCA,OV
TRAIN_3101,ACC,ACC
TRAIN_3102,LAML,LAML
TRAIN_3103,LUSC,LUSC
TRAIN_3104,PAAD,PRAD
TRAIN_3105,SARC,COAD
TRAIN_3106,UCEC,UCEC
TRAIN_3107,UCEC,UCEC
TRAIN_3108,LAML,THYM
TRAIN_3109,LUSC,LUAD
TRAIN_3110,PAAD,UCEC
TRAIN_3111,LUSC,STES
TRAIN_3112,UCEC,UCEC
TRAIN_3113,TGCT,TGCT
TRAIN_3114,HNSC,STES
TRAIN_3115,GBMLGG,LUAD
TRAIN_3116,LUSC,LUSC
TRAIN_3117,BRCA,PRAD
TRAIN_3118,LUSC,LUSC
TRAIN_3119,BRCA,CESC
TRAIN_3120,BRCA,BRCA
TRAIN_3121,HNSC,COAD
TRAIN_3122,THCA,THCA
TRAIN_3123,KIPAN,KIPAN
TRAIN_3124,PCPG,PRAD
TRAIN_3125,UCEC,PCPG
TRAIN_3126,LUAD,LUAD
TRAIN_3127,THCA,THYM
TRAIN_3128,STES,STES
TRAIN_3129,SKCM,SKCM
TRAIN_3130,GBMLGG,GBMLGG
TRAIN_3131,COAD,COAD
TRAIN_3132,CESC,BLCA
TRAIN_3133,PRAD,PRAD
TRAIN_3134,BRCA,LUAD
TRAIN_3135,OV,BRCA
TRAIN_3136,LIHC,OV
TRAIN_3137,LUSC,LUSC
TRAIN_3138,COAD,COAD
TRAIN_3139,SKCM,SKCM
TRAIN_3140,LIHC,LIHC
TRAIN_3141,BRCA,BRCA
TRAIN_3142,LUAD,LUSC
TRAIN_3143,KIRC,BLCA
TRAIN_3144,STES,PAAD
TRAIN_3145,BRCA,BRCA
TRAIN_3146,TGCT,TGCT
TRAIN_3147,BRCA,BRCA
TRAIN_3148,PCPG,PCPG
TRAIN_3149,KIPAN,KIPAN
TRAIN_3150,KIPAN,BLCA
TRAIN_3151,BRCA,PCPG
TRAIN_3152,STES,STES
TRAIN_3153,UCEC,BRCA
TRAIN_3154,STES,STES
TRAIN_3155,UCEC,UCEC
TRAIN_3156,LIHC,PRAD
TRAIN_3157,HNSC,STES
TRAIN_3158,SARC,SARC
TRAIN_3159,PAAD,HNSC
TRAIN_3160,LUSC,LUSC
TRAIN_3161,PRAD,PCPG
TRAIN_3162,SKCM,SKCM
TRAIN_3163,BRCA,BRCA
TRAIN_3164,CESC,UCEC
TRAIN_3165,LUSC,KIPAN
TRAIN_3166,KIRC,KIPAN
TRAIN_3167,KIPAN,KIPAN
TRAIN_3168,BRCA,BRCA
TRAIN_3169,DLBC,DLBC
TRAIN_3170,BRCA,LIHC
TRAIN_3171,COAD,COAD
TRAIN_3172,GBMLGG,UCEC
TRAIN_3173,TGCT,TGCT
TRAIN_3174,THCA,THCA
TRAIN_3175,HNSC,HNSC
TRAIN_3176,HNSC,BLCA
TRAIN_3177,HNSC,HNSC
TRAIN_3178,LGG,LGG
TRAIN_3179,SKCM,SKCM
TRAIN_3180,GBMLGG,KIRC
TRAIN_3181,KIPAN,KIPAN
TRAIN_3182,BRCA,HNSC
TRAIN_3183,SKCM,LGG
TRAIN_3184,LAML,THYM
TRAIN_3185,GBMLGG,GBMLGG
TRAIN_3186,LGG,LGG
TRAIN_3187,SKCM,SKCM
TRAIN_3188,PRAD,KIPAN
TRAIN_3189,STES,COAD
TRAIN_3190,LIHC,LIHC
TRAIN_3191,SKCM,SKCM
TRAIN_3192,SKCM,UCEC
TRAIN_3193,COAD,COAD
TRAIN_3194,PCPG,PCPG
TRAIN_3195,STES,COAD
TRAIN_3196,STES,STES
TRAIN_3197,CESC,KIRC
TRAIN_3198,CESC,BLCA
TRAIN_3199,COAD,COAD
TRAIN_3200,SARC,PCPG
TRAIN_3201,SKCM,SKCM
TRAIN_3202,GBMLGG,GBMLGG
TRAIN_3203,GBMLGG,SKCM
TRAIN_3204,PAAD,STES
TRAIN_3205,GBMLGG,UCEC
TRAIN_3206,PRAD,PRAD
TRAIN_3207,LUSC,LUAD
TRAIN_3208,BRCA,BRCA
TRAIN_3209,STES,STES
TRAIN_3210,PRAD,PRAD
TRAIN_3211,THCA,THYM
TRAIN_3212,ACC,ACC
TRAIN_3213,LUSC,LUSC
TRAIN_3214,KIPAN,BRCA
TRAIN_3215,THCA,THCA
TRAIN_3216,LUSC,LUSC
TRAIN_3217,STES,KIRC
TRAIN_3218,BRCA,PCPG
TRAIN_3219,PRAD,PCPG
TRAIN_3220,OV,OV
TRAIN_3221,LGG,SARC
TRAIN_3222,LGG,GBMLGG
TRAIN_3223,OV,HNSC
TRAIN_3224,GBMLGG,LGG
TRAIN_3225,GBMLGG,GBMLGG
TRAIN_3226,BRCA,BRCA
TRAIN_3227,KIPAN,KIPAN
TRAIN_3228,BRCA,BRCA
TRAIN_3229,SARC,THCA
TRAIN_3230,BLCA,BLCA
TRAIN_3231,GBMLGG,GBMLGG
TRAIN_3232,STES,STES
TRAIN_3233,STES,HNSC
TRAIN_3234,UCEC,UCEC
TRAIN_3235,CESC,PCPG
TRAIN_3236,LGG,LGG
TRAIN_3237,LUSC,LUAD
TRAIN_3238,GBMLGG,UCEC
TRAIN_3239,CESC,CESC
TRAIN_3240,UCEC,COAD
TRAIN_3241,BRCA,PCPG
TRAIN_3242,LIHC,SARC
TRAIN_3243,CESC,CESC
TRAIN_3244,COAD,COAD
TRAIN_3245,BRCA,OV
TRAIN_3246,UCEC,UCEC
TRAIN_3247,KIPAN,KIRC
TRAIN_3248,CESC,PAAD
TRAIN_3249,LUSC,LUSC
TRAIN_3250,PCPG,PCPG
TRAIN_3251,BRCA,PCPG
TRAIN_3252,SARC,PRAD
TRAIN_3253,SKCM,SKCM
TRAIN_3254,THCA,THCA
TRAIN_3255,THCA,THCA
TRAIN_3256,LGG,THCA
TRAIN_3257,SKCM,SKCM
TRAIN_3258,THYM,THYM
TRAIN_3259,ACC,ACC
TRAIN_3260,BRCA,BRCA
TRAIN_3261,HNSC,LUSC
TRAIN_3262,BRCA,BRCA
TRAIN_3263,SKCM,PRAD
TRAIN_3264,STES,STES
TRAIN_3265,KIRC,KIRC
TRAIN_3266,KIRC,KIRC
TRAIN_3267,UCEC,UCEC
TRAIN_3268,CESC,UCEC
TRAIN_3269,KIPAN,KIPAN
TRAIN_3270,HNSC,HNSC
TRAIN_3271,SARC,LAML
TRAIN_3272,GBMLGG,GBMLGG
TRAIN_3273,LGG,LGG
TRAIN_3274,LGG,LGG
TRAIN_3275,THCA,THCA
TRAIN_3276,OV,UCEC
TRAIN_3277,SARC,OV
TRAIN_3278,KIRC,KIRC
TRAIN_3279,PRAD,CESC
TRAIN_3280,LUAD,STES
TRAIN_3281,SARC,SARC
TRAIN_3282,KIPAN,KIPAN
TRAIN_3283,BRCA,BRCA
TRAIN_3284,UCEC,BRCA
TRAIN_3285,GBMLGG,GBMLGG
TRAIN_3286,OV,OV
TRAIN_3287,LUSC,LUSC
TRAIN_3288,SARC,PCPG
TRAIN_3289,LUAD,OV
TRAIN_3290,SARC,OV
TRAIN_3291,KIRC,KIRC
TRAIN_3292,COAD,PAAD
TRAIN_3293,BRCA,UCEC
TRAIN_3294,COAD,COAD
TRAIN_3295,CESC,PRAD
TRAIN_3296,KIRC,SARC
TRAIN_3297,BRCA,BRCA
TRAIN_3298,STES,STES
TRAIN_3299,BRCA,BRCA
TRAIN_3300,LGG,LGG
TRAIN_3301,BRCA,BRCA
TRAIN_3302,TGCT,PAAD
TRAIN_3303,COAD,COAD
TRAIN_3304,LAML,PCPG
TRAIN_3305,KIPAN,KIPAN
TRAIN_3306,KIRC,KIRC
TRAIN_3307,SARC,PRAD
TRAIN_3308,KIRC,UCEC
TRAIN_3309,BRCA,PAAD
TRAIN_3310,STES,GBMLGG
TRAIN_3311,TGCT,SARC
TRAIN_3312,UCEC,UCEC
TRAIN_3313,KIPAN,KIPAN
TRAIN_3314,BRCA,BRCA
TRAIN_3315,SKCM,SKCM
TRAIN_3316,TGCT,TGCT
TRAIN_3317,STES,PAAD
TRAIN_3318,KIRC,KIRC
TRAIN_3319,LAML,PCPG
TRAIN_3320,BRCA,BRCA
TRAIN_3321,LGG,LGG
TRAIN_3322,STES,STES
TRAIN_3323,HNSC,LUAD
TRAIN_3324,PCPG,THYM
TRAIN_3325,PCPG,PCPG
TRAIN_3326,BRCA,BRCA
TRAIN_3327,PAAD,PRAD
TRAIN_3328,BRCA,BRCA
TRAIN_3329,GBMLGG,PRAD
TRAIN_3330,KIPAN,KIPAN
TRAIN_3331,PRAD,PRAD
TRAIN_3332,BRCA,BRCA
TRAIN_3333,PRAD,LIHC
TRAIN_3334,BRCA,BRCA
TRAIN_3335,BRCA,OV
TRAIN_3336,STES,COAD
TRAIN_3337,PRAD,PCPG
TRAIN_3338,HNSC,OV
TRAIN_3339,GBMLGG,GBMLGG
TRAIN_3340,GBMLGG,GBMLGG
TRAIN_3341,LUSC,LUSC
TRAIN_3342,PRAD,BRCA
TRAIN_3343,LGG,LGG
TRAIN_3344,PCPG,THYM
TRAIN_3345,KIRC,KIRC
TRAIN_3346,HNSC,HNSC
TRAIN_3347,BRCA,UCEC
TRAIN_3348,COAD,PAAD
TRAIN_3349,LAML,LAML
TRAIN_3350,LGG,PAAD
TRAIN_3351,THCA,PRAD
TRAIN_3352,LAML,UCEC
TRAIN_3353,UCEC,UCEC
TRAIN_3354,PRAD,PRAD
TRAIN_3355,ACC,ACC
TRAIN_3356,KIRC,KIRC
TRAIN_3357,GBMLGG,GBMLGG
TRAIN_3358,SKCM,SKCM
TRAIN_3359,LUSC,LUAD
TRAIN_3360,LGG,LGG
TRAIN_3361,BRCA,BRCA
TRAIN_3362,GBMLGG,GBMLGG
TRAIN_3363,PAAD,OV
TRAIN_3364,COAD,COAD
TRAIN_3365,KIPAN,LIHC
TRAIN_3366,COAD,COAD
TRAIN_3367,LUAD,LUAD
TRAIN_3368,HNSC,HNSC
TRAIN_3369,PRAD,PCPG
TRAIN_3370,LGG,LGG
TRAIN_3371,THCA,LAML
TRAIN_3372,SKCM,SKCM
TRAIN_3373,BRCA,OV
TRAIN_3374,STES,STES
TRAIN_3375,HNSC,BLCA
TRAIN_3376,GBMLGG,LGG
TRAIN_3377,PCPG,PCPG
TRAIN_3378,LGG,LGG
TRAIN_3379,BRCA,BRCA
TRAIN_3380,COAD,COAD
TRAIN_3381,KIRC,KIPAN
TRAIN_3382,STES,STES
TRAIN_3383,THCA,THYM
TRAIN_3384,DLBC,DLBC
TRAIN_3385,LUAD,STES
TRAIN_3386,THCA,THCA
TRAIN_3387,PRAD,PCPG
TRAIN_3388,THCA,THCA
TRAIN_3389,GBMLGG,LGG
TRAIN_3390,LUSC,LUAD
TRAIN_3391,KIPAN,KIPAN
TRAIN_3392,KIRC,KIRC
TRAIN_3393,LAML,THYM
TRAIN_3394,KIPAN,KIPAN
TRAIN_3395,GBMLGG,GBMLGG
TRAIN_3396,HNSC,SKCM
TRAIN_3397,OV,OV
TRAIN_3398,THCA,THCA
TRAIN_3399,THCA,THCA
TRAIN_3400,GBMLGG,LGG
TRAIN_3401,PAAD,PAAD
TRAIN_3402,GBMLGG,COAD
TRAIN_3403,THCA,THCA
TRAIN_3404,GBMLGG,LGG
TRAIN_3405,SKCM,SKCM
TRAIN_3406,LGG,GBMLGG
TRAIN_3407,BLCA,BLCA
TRAIN_3408,KIPAN,THYM
TRAIN_3409,CESC,CESC
TRAIN_3410,LIHC,LIHC
TRAIN_3411,GBMLGG,PCPG
TRAIN_3412,KIRC,KIRC
TRAIN_3413,OV,OV
TRAIN_3414,BRCA,BRCA
TRAIN_3415,SKCM,SKCM
TRAIN_3416,PRAD,PRAD
TRAIN_3417,SARC,OV
TRAIN_3418,OV,OV
TRAIN_3419,KIPAN,KIPAN
TRAIN_3420,OV,OV
TRAIN_3421,KIRC,KIRC
TRAIN_3422,SARC,HNSC
TRAIN_3423,SKCM,SKCM
TRAIN_3424,THCA,SARC
TRAIN_3425,PAAD,COAD
TRAIN_3426,SKCM,SKCM
TRAIN_3427,LUAD,LUAD
TRAIN_3428,HNSC,HNSC
TRAIN_3429,BRCA,PRAD
TRAIN_3430,OV,BRCA
TRAIN_3431,LUAD,LUSC
TRAIN_3432,STES,STES
TRAIN_3433,PAAD,OV
TRAIN_3434,THCA,THCA
TRAIN_3435,OV,OV
TRAIN_3436,DLBC,STES
TRAIN_3437,COAD,TGCT
TRAIN_3438,GBMLGG,GBMLGG
TRAIN_3439,PAAD,PAAD
TRAIN_3440,SKCM,SKCM
TRAIN_3441,LAML,LAML
TRAIN_3442,LUSC,LUSC
TRAIN_3443,PRAD,PRAD
TRAIN_3444,HNSC,HNSC
TRAIN_3445,PCPG,PCPG
TRAIN_3446,BRCA,HNSC
TRAIN_3447,OV,PAAD
TRAIN_3448,CESC,THYM
TRAIN_3449,KIPAN,PCPG
TRAIN_3450,BRCA,BRCA
TRAIN_3451,TGCT,TGCT
TRAIN_3452,SKCM,SKCM
TRAIN_3453,STES,COAD
TRAIN_3454,KIPAN,KIPAN
TRAIN_3455,BLCA,BLCA
TRAIN_3456,BRCA,BRCA
TRAIN_3457,CESC,UCEC
TRAIN_3458,UCEC,UCEC
TRAIN_3459,SARC,UCEC
TRAIN_3460,KIPAN,KIPAN
TRAIN_3461,PRAD,PRAD
TRAIN_3462,THCA,THCA
TRAIN_3463,KIRC,UCEC
TRAIN_3464,PRAD,PRAD
TRAIN_3465,KIRC,KIRC
TRAIN_3466,LAML,LAML
TRAIN_3467,LIHC,LUSC
TRAIN_3468,KIPAN,KIPAN
TRAIN_3469,THYM,THYM
TRAIN_3470,HNSC,BRCA
TRAIN_3471,LUSC,LUSC
TRAIN_3472,LIHC,OV
TRAIN_3473,LAML,PRAD
TRAIN_3474,THCA,THCA
TRAIN_3475,PRAD,THYM
TRAIN_3476,THCA,THYM
TRAIN_3477,CESC,CESC
TRAIN_3478,STES,STES
TRAIN_3479,LUSC,LUSC
TRAIN_3480,TGCT,TGCT
TRAIN_3481,PAAD,PAAD
TRAIN_3482,THYM,PCPG
TRAIN_3483,LUSC,LUSC
TRAIN_3484,OV,OV
TRAIN_3485,SARC,SARC
TRAIN_3486,OV,UCEC
TRAIN_3487,TGCT,CESC
TRAIN_3488,LAML,LAML
TRAIN_3489,BRCA,PRAD
TRAIN_3490,KIPAN,PRAD
TRAIN_3491,SARC,SARC
TRAIN_3492,PAAD,BRCA
TRAIN_3493,KIRC,CESC
TRAIN_3494,KIRC,KIRC
TRAIN_3495,SARC,COAD
TRAIN_3496,SARC,PRAD
TRAIN_3497,DLBC,DLBC
TRAIN_3498,LGG,LGG
TRAIN_3499,BRCA,BRCA
TRAIN_3500,SKCM,SKCM
TRAIN_3501,PAAD,PAAD
TRAIN_3502,KIRC,KIPAN
TRAIN_3503,BRCA,LAML
TRAIN_3504,SARC,OV
TRAIN_3505,LUAD,LUSC
TRAIN_3506,BRCA,PAAD
TRAIN_3507,GBMLGG,LGG
TRAIN_3508,KIPAN,KIPAN
TRAIN_3509,COAD,GBMLGG
TRAIN_3510,TGCT,LUAD
TRAIN_3511,BRCA,OV
TRAIN_3512,GBMLGG,LGG
TRAIN_3513,PRAD,THYM
TRAIN_3514,LUAD,LIHC
TRAIN_3515,BRCA,SARC
TRAIN_3516,PRAD,PRAD
TRAIN_3517,SKCM,SKCM
TRAIN_3518,PCPG,PRAD
TRAIN_3519,THCA,LAML
TRAIN_3520,KIPAN,KIPAN
TRAIN_3521,SKCM,SKCM
TRAIN_3522,LGG,GBMLGG
TRAIN_3523,UCEC,BRCA
TRAIN_3524,GBMLGG,GBMLGG
TRAIN_3525,BRCA,BLCA
TRAIN_3526,UCEC,OV
TRAIN_3527,STES,STES
TRAIN_3528,STES,STES
TRAIN_3529,LIHC,SARC
TRAIN_3530,KIRC,KIRC
TRAIN_3531,BRCA,CESC
TRAIN_3532,STES,LUAD
TRAIN_3533,CESC,BLCA
TRAIN_3534,COAD,COAD
TRAIN_3535,LGG,LGG
TRAIN_3536,LAML,LAML
TRAIN_3537,SKCM,TGCT
TRAIN_3538,GBMLGG,LGG
TRAIN_3539,LUAD,STES
TRAIN_3540,GBMLGG,SARC
TRAIN_3541,BRCA,BRCA
TRAIN_3542,HNSC,CESC
TRAIN_3543,SKCM,SKCM
TRAIN_3544,PCPG,PCPG
TRAIN_3545,BRCA,PCPG
TRAIN_3546,BRCA,LIHC
TRAIN_3547,THCA,PAAD
TRAIN_3548,HNSC,HNSC
TRAIN_3549,LGG,GBMLGG
TRAIN_3550,LGG,LGG
TRAIN_3551,LUAD,UCEC
TRAIN_3552,LUSC,LUSC
TRAIN_3553,LUSC,HNSC
TRAIN_3554,HNSC,HNSC
TRAIN_3555,THCA,OV
TRAIN_3556,BRCA,PRAD
TRAIN_3557,COAD,STES
TRAIN_3558,LAML,GBMLGG
TRAIN_3559,GBMLGG,GBMLGG
TRAIN_3560,PRAD,PCPG
TRAIN_3561,BRCA,BRCA
TRAIN_3562,PRAD,LAML
TRAIN_3563,HNSC,HNSC
TRAIN_3564,GBMLGG,KIPAN
TRAIN_3565,LUAD,LIHC
TRAIN_3566,CESC,CESC
TRAIN_3567,COAD,COAD
TRAIN_3568,SARC,PAAD
TRAIN_3569,BLCA,CESC
TRAIN_3570,KIPAN,KIPAN
TRAIN_3571,LAML,PCPG
TRAIN_3572,UCEC,HNSC
TRAIN_3573,PRAD,PRAD
TRAIN_3574,LAML,LAML
TRAIN_3575,SARC,STES
TRAIN_3576,KIPAN,KIPAN
TRAIN_3577,LIHC,LIHC
TRAIN_3578,KIRC,KIPAN
TRAIN_3579,GBMLGG,GBMLGG
TRAIN_3580,COAD,COAD
TRAIN_3581,LUSC,LUSC
TRAIN_3582,LUAD,GBMLGG
TRAIN_3583,KIRC,THYM
TRAIN_3584,PRAD,PRAD
TRAIN_3585,LUSC,LUSC
TRAIN_3586,THCA,THCA
TRAIN_3587,KIRC,KIRC
TRAIN_3588,STES,STES
TRAIN_3589,ACC,ACC
TRAIN_3590,BRCA,PRAD
TRAIN_3591,LIHC,LIHC
TRAIN_3592,BRCA,SARC
TRAIN_3593,BRCA,LUSC
TRAIN_3594,GBMLGG,GBMLGG
TRAIN_3595,THCA,PRAD
TRAIN_3596,KIRC,KIRC
TRAIN_3597,THYM,THYM
TRAIN_3598,LAML,PCPG
TRAIN_3599,BRCA,HNSC
TRAIN_3600,BRCA,BRCA
TRAIN_3601,LGG,LGG
TRAIN_3602,KIRC,KIRC
TRAIN_3603,PCPG,PCPG
TRAIN_3604,HNSC,HNSC
TRAIN_3605,GBMLGG,UCEC
TRAIN_3606,COAD,COAD
TRAIN_3607,BRCA,PCPG
TRAIN_3608,TGCT,TGCT
TRAIN_3609,KIRC,KIPAN
TRAIN_3610,SARC,CESC
TRAIN_3611,CESC,CESC
TRAIN_3612,OV,KIRC
TRAIN_3613,GBMLGG,SARC
TRAIN_3614,KIPAN,KIPAN
TRAIN_3615,THCA,THCA
TRAIN_3616,LIHC,BLCA
TRAIN_3617,OV,OV
TRAIN_3618,PCPG,LAML
TRAIN_3619,LAML,PRAD
TRAIN_3620,HNSC,OV
TRAIN_3621,ACC,ACC
TRAIN_3622,LUAD,LUAD
TRAIN_3623,LIHC,BRCA
TRAIN_3624,SKCM,SKCM
TRAIN_3625,UCEC,COAD
TRAIN_3626,LUAD,BRCA
TRAIN_3627,STES,LUSC
TRAIN_3628,TGCT,GBMLGG
TRAIN_3629,HNSC,SARC
TRAIN_3630,GBMLGG,GBMLGG
TRAIN_3631,BRCA,BRCA
TRAIN_3632,SARC,PRAD
TRAIN_3633,THCA,THCA
TRAIN_3634,THCA,THCA
TRAIN_3635,THCA,THCA
TRAIN_3636,BRCA,BRCA
TRAIN_3637,GBMLGG,GBMLGG
TRAIN_3638,KIRC,KIRC
TRAIN_3639,LGG,LGG
TRAIN_3640,GBMLGG,LAML
TRAIN_3641,BLCA,BLCA
TRAIN_3642,STES,BRCA
TRAIN_3643,BLCA,BLCA
TRAIN_3644,PAAD,PRAD
TRAIN_3645,TGCT,TGCT
TRAIN_3646,STES,STES
TRAIN_3647,LAML,LAML
TRAIN_3648,PCPG,PCPG
TRAIN_3649,BLCA,BLCA
TRAIN_3650,PCPG,PCPG
TRAIN_3651,PCPG,PCPG
TRAIN_3652,OV,LGG
TRAIN_3653,BLCA,LIHC
TRAIN_3654,BRCA,BRCA
TRAIN_3655,BRCA,BRCA
TRAIN_3656,STES,UCEC
TRAIN_3657,OV,LIHC
TRAIN_3658,GBMLGG,THCA
TRAIN_3659,OV,OV
TRAIN_3660,HNSC,BRCA
TRAIN_3661,ACC,ACC
TRAIN_3662,OV,OV
TRAIN_3663,THYM,THYM
TRAIN_3664,HNSC,CESC
TRAIN_3665,BRCA,BRCA
TRAIN_3666,LUAD,LUSC
TRAIN_3667,KIRC,KIRC
TRAIN_3668,THCA,THYM
TRAIN_3669,KIPAN,KIPAN
TRAIN_3670,SKCM,COAD
TRAIN_3671,STES,STES
TRAIN_3672,BRCA,UCEC
TRAIN_3673,BRCA,PRAD
TRAIN_3674,BRCA,BRCA
TRAIN_3675,UCEC,UCEC
TRAIN_3676,SKCM,SKCM
TRAIN_3677,LIHC,LIHC
TRAIN_3678,SARC,PCPG
TRAIN_3679,CESC,CESC
TRAIN_3680,SKCM,SKCM
TRAIN_3681,PRAD,SARC
TRAIN_3682,OV,OV
TRAIN_3683,STES,OV
TRAIN_3684,PAAD,PAAD
TRAIN_3685,HNSC,BLCA
TRAIN_3686,HNSC,PAAD
TRAIN_3687,BRCA,OV
TRAIN_3688,LIHC,LIHC
TRAIN_3689,LUAD,LUSC
TRAIN_3690,HNSC,STES
TRAIN_3691,STES,STES
TRAIN_3692,STES,LUSC
TRAIN_3693,KIRC,KIRC
TRAIN_3694,THCA,THCA
TRAIN_3695,THCA,THCA
TRAIN_3696,LUAD,LUAD
TRAIN_3697,BRCA,PCPG
TRAIN_3698,LIHC,LIHC
TRAIN_3699,BRCA,BRCA
TRAIN_3700,BRCA,PCPG
TRAIN_3701,GBMLGG,UCEC
TRAIN_3702,LIHC,OV
TRAIN_3703,OV,SARC
TRAIN_3704,UCEC,UCEC
TRAIN_3705,THCA,THCA
TRAIN_3706,KIRC,SARC
TRAIN_3707,THCA,PCPG
TRAIN_3708,COAD,PAAD
TRAIN_3709,BRCA,PRAD
TRAIN_3710,LUSC,LUSC
TRAIN_3711,THYM,STES
TRAIN_3712,BLCA,LUSC
TRAIN_3713,OV,LAML
TRAIN_3714,GBMLGG,GBMLGG
TRAIN_3715,UCEC,UCEC
TRAIN_3716,SARC,PRAD
TRAIN_3717,BLCA,HNSC
TRAIN_3718,STES,STES
TRAIN_3719,DLBC,DLBC
TRAIN_3720,SKCM,SKCM
TRAIN_3721,PRAD,PRAD
TRAIN_3722,OV,LUSC
TRAIN_3723,KIRC,LIHC
TRAIN_3724,THCA,PCPG
TRAIN_3725,BRCA,BRCA
TRAIN_3726,CESC,SARC
TRAIN_3727,HNSC,HNSC
TRAIN_3728,BRCA,BRCA
TRAIN_3729,COAD,COAD
TRAIN_3730,GBMLGG,LGG
TRAIN_3731,PCPG,PCPG
TRAIN_3732,OV,SARC
TRAIN_3733,KIPAN,COAD
TRAIN_3734,LUAD,LUSC
TRAIN_3735,SKCM,SKCM
TRAIN_3736,BRCA,ACC
TRAIN_3737,KIPAN,KIPAN
TRAIN_3738,KIRC,KIRC
TRAIN_3739,THYM,LAML
TRAIN_3740,STES,OV
TRAIN_3741,LUAD,LUAD
TRAIN_3742,PRAD,PRAD
TRAIN_3743,TGCT,DLBC
TRAIN_3744,KIPAN,KIPAN
TRAIN_3745,STES,COAD
TRAIN_3746,SKCM,SKCM
TRAIN_3747,KIRC,GBMLGG
TRAIN_3748,LIHC,UCEC
TRAIN_3749,SARC,LGG
TRAIN_3750,LIHC,LIHC
TRAIN_3751,KIPAN,KIPAN
TRAIN_3752,PCPG,PCPG
TRAIN_3753,PCPG,THCA
TRAIN_3754,KIRC,KIRC
TRAIN_3755,KIPAN,KIPAN
TRAIN_3756,GBMLGG,PAAD
TRAIN_3757,STES,LIHC
TRAIN_3758,SARC,PRAD
TRAIN_3759,LGG,LGG
TRAIN_3760,CESC,PRAD
TRAIN_3761,GBMLGG,GBMLGG
TRAIN_3762,THCA,PRAD
TRAIN_3763,UCEC,UCEC
TRAIN_3764,ACC,ACC
TRAIN_3765,LUSC,LUSC
TRAIN_3766,BRCA,OV
TRAIN_3767,LUAD,LUSC
TRAIN_3768,PRAD,SARC
TRAIN_3769,LIHC,STES
TRAIN_3770,LGG,LGG
TRAIN_3771,LAML,LAML
TRAIN_3772,BRCA,LIHC
TRAIN_3773,THYM,PCPG
TRAIN_3774,KIPAN,KIRC
TRAIN_3775,KIPAN,KIPAN
TRAIN_3776,KIRC,KIRC
TRAIN_3777,BRCA,STES
TRAIN_3778,KIPAN,LIHC
TRAIN_3779,BRCA,PRAD
TRAIN_3780,GBMLGG,PAAD
TRAIN_3781,BRCA,UCEC
TRAIN_3782,LGG,LGG
TRAIN_3783,KIRC,COAD
TRAIN_3784,STES,STES
TRAIN_3785,LUAD,CESC
TRAIN_3786,KIPAN,LIHC
TRAIN_3787,OV,STES
TRAIN_3788,HNSC,HNSC
TRAIN_3789,THYM,THYM
TRAIN_3790,STES,STES
TRAIN_3791,SKCM,SKCM
TRAIN_3792,KIPAN,KIPAN
TRAIN_3793,SKCM,SKCM
TRAIN_3794,GBMLGG,OV
TRAIN_3795,LGG,LGG
TRAIN_3796,CESC,CESC
TRAIN_3797,BRCA,BRCA
TRAIN_3798,BRCA,BRCA
TRAIN_3799,KIPAN,KIPAN
TRAIN_3800,HNSC,HNSC
TRAIN_3801,HNSC,LUSC
TRAIN_3802,GBMLGG,GBMLGG
TRAIN_3803,PRAD,SARC
TRAIN_3804,CESC,BRCA
TRAIN_3805,KIPAN,KIPAN
TRAIN_3806,PAAD,LAML
TRAIN_3807,TGCT,TGCT
TRAIN_3808,PAAD,PAAD
TRAIN_3809,LGG,LGG
TRAIN_3810,CESC,CESC
TRAIN_3811,HNSC,LGG
TRAIN_3812,STES,HNSC
TRAIN_3813,SKCM,THCA
TRAIN_3814,THCA,THCA
TRAIN_3815,PRAD,THYM
TRAIN_3816,LAML,SARC
TRAIN_3817,UCEC,UCEC
TRAIN_3818,GBMLGG,GBMLGG
TRAIN_3819,GBMLGG,GBMLGG
TRAIN_3820,BRCA,UCEC
TRAIN_3821,KIPAN,SARC
TRAIN_3822,SKCM,ACC
TRAIN_3823,LAML,PRAD
TRAIN_3824,GBMLGG,GBMLGG
TRAIN_3825,BRCA,PRAD
TRAIN_3826,HNSC,PRAD
TRAIN_3827,BRCA,BRCA
TRAIN_3828,UCEC,STES
TRAIN_3829,HNSC,OV
TRAIN_3830,BRCA,DLBC
TRAIN_3831,LUSC,LUSC
TRAIN_3832,BRCA,BRCA
TRAIN_3833,BRCA,BRCA
TRAIN_3834,HNSC,STES
TRAIN_3835,STES,STES
TRAIN_3836,BRCA,LAML
TRAIN_3837,LAML,LAML
TRAIN_3838,PRAD,PCPG
TRAIN_3839,KIRC,KIRC
TRAIN_3840,KIRC,KIRC
TRAIN_3841,BRCA,PCPG
TRAIN_3842,COAD,STES
TRAIN_3843,KIRC,LIHC
TRAIN_3844,STES,STES
TRAIN_3845,GBMLGG,SARC
TRAIN_3846,GBMLGG,GBMLGG
TRAIN_3847,HNSC,BLCA
TRAIN_3848,BRCA,OV
TRAIN_3849,LUSC,LUSC
TRAIN_3850,THCA,PCPG
TRAIN_3851,KIPAN,BRCA
TRAIN_3852,THCA,THCA
TRAIN_3853,STES,UCEC
TRAIN_3854,CESC,LUAD
TRAIN_3855,KIRC,KIPAN
TRAIN_3856,PRAD,OV
TRAIN_3857,OV,PRAD
TRAIN_3858,PRAD,THYM
TRAIN_3859,SKCM,SKCM
TRAIN_3860,LIHC,OV
TRAIN_3861,GBMLGG,GBMLGG
TRAIN_3862,BRCA,BRCA
TRAIN_3863,LGG,LGG
TRAIN_3864,GBMLGG,GBMLGG
TRAIN_3865,CESC,BLCA
TRAIN_3866,SARC,SARC
TRAIN_3867,PCPG,THYM
TRAIN_3868,THYM,PCPG
TRAIN_3869,THYM,PCPG
TRAIN_3870,SARC,GBMLGG
TRAIN_3871,KIPAN,TGCT
TRAIN_3872,THCA,PRAD
TRAIN_3873,COAD,COAD
TRAIN_3874,BRCA,STES
TRAIN_3875,BRCA,PCPG
TRAIN_3876,GBMLGG,STES
TRAIN_3877,KIPAN,LIHC
TRAIN_3878,TGCT,UCEC
TRAIN_3879,GBMLGG,UCEC
TRAIN_3880,LAML,LAML
TRAIN_3881,KIPAN,KIPAN
TRAIN_3882,KIPAN,STES
TRAIN_3883,PRAD,PCPG
TRAIN_3884,LUAD,LUSC
TRAIN_3885,KIPAN,KIPAN
TRAIN_3886,LGG,LGG
TRAIN_3887,COAD,COAD
TRAIN_3888,KIRC,KIRC
TRAIN_3889,BRCA,THYM
TRAIN_3890,DLBC,DLBC
TRAIN_3891,BRCA,CESC
TRAIN_3892,KIPAN,KIPAN
TRAIN_3893,LAML,LGG
TRAIN_3894,CESC,SKCM
TRAIN_3895,CESC,PRAD
TRAIN_3896,PCPG,CESC
TRAIN_3897,TGCT,PRAD
TRAIN_3898,BRCA,BRCA
TRAIN_3899,PRAD,THYM
TRAIN_3900,PAAD,OV
TRAIN_3901,KIPAN,KIPAN
TRAIN_3902,LUAD,KIRC
TRAIN_3903,GBMLGG,GBMLGG
TRAIN_3904,THYM,THYM
TRAIN_3905,STES,HNSC
TRAIN_3906,GBMLGG,GBMLGG
TRAIN_3907,KIPAN,KIPAN
TRAIN_3908,LUSC,LIHC
TRAIN_3909,COAD,PAAD
TRAIN_3910,OV,OV
TRAIN_3911,OV,OV
TRAIN_3912,BRCA,THCA
TRAIN_3913,OV,OV
TRAIN_3914,THCA,THCA
TRAIN_3915,CESC,CESC
TRAIN_3916,KIRC,PRAD
TRAIN_3917,BRCA,BRCA
TRAIN_3918,LUAD,GBMLGG
TRAIN_3919,HNSC,BLCA
TRAIN_3920,BRCA,PRAD
TRAIN_3921,KIPAN,KIPAN
TRAIN_3922,LIHC,SARC
TRAIN_3923,CESC,CESC
TRAIN_3924,OV,PAAD
TRAIN_3925,HNSC,PAAD
TRAIN_3926,LAML,PCPG
TRAIN_3927,KIPAN,KIPAN
TRAIN_3928,LAML,THYM
TRAIN_3929,LUSC,LUSC
TRAIN_3930,ACC,ACC
TRAIN_3931,LUSC,LUSC
TRAIN_3932,KIPAN,KIPAN
TRAIN_3933,SARC,PCPG
TRAIN_3934,GBMLGG,CESC
TRAIN_3935,PRAD,THYM
TRAIN_3936,PCPG,TGCT
TRAIN_3937,THCA,THCA
TRAIN_3938,SKCM,SKCM
TRAIN_3939,BRCA,OV
TRAIN_3940,OV,KIPAN
TRAIN_3941,KIRC,KIRC
TRAIN_3942,SKCM,SKCM
TRAIN_3943,PRAD,OV
TRAIN_3944,COAD,UCEC
TRAIN_3945,OV,OV
TRAIN_3946,LGG,LGG
TRAIN_3947,GBMLGG,LGG
TRAIN_3948,SARC,OV
TRAIN_3949,SKCM,SKCM
TRAIN_3950,PRAD,PRAD
TRAIN_3951,KIPAN,KIPAN
TRAIN_3952,CESC,UCEC
TRAIN_3953,STES,PAAD
TRAIN_3954,GBMLGG,GBMLGG
TRAIN_3955,PRAD,PCPG
TRAIN_3956,PAAD,PAAD
TRAIN_3957,KIPAN,KIPAN
TRAIN_3958,GBMLGG,GBMLGG
TRAIN_3959,UCEC,SARC
TRAIN_3960,THYM,THYM
TRAIN_3961,THCA,THCA
TRAIN_3962,UCEC,UCEC
TRAIN_3963,GBMLGG,LGG
TRAIN_3964,PRAD,PRAD
TRAIN_3965,HNSC,COAD
TRAIN_3966,KIPAN,THYM
TRAIN_3967,COAD,COAD
TRAIN_3968,ACC,ACC
TRAIN_3969,THCA,THCA
TRAIN_3970,KIPAN,PRAD
TRAIN_3971,THYM,THYM
TRAIN_3972,BRCA,BRCA
TRAIN_3973,BRCA,BRCA
TRAIN_3974,KIRC,KIRC
TRAIN_3975,TGCT,TGCT
TRAIN_3976,LUSC,LUSC
TRAIN_3977,KIPAN,BRCA
TRAIN_3978,GBMLGG,GBMLGG
TRAIN_3979,BRCA,KIPAN
TRAIN_3980,KIRC,KIRC
TRAIN_3981,LUAD,HNSC
TRAIN_3982,KIPAN,KIPAN
TRAIN_3983,UCEC,UCEC
TRAIN_3984,HNSC,UCEC
TRAIN_3985,STES,BRCA
TRAIN_3986,SKCM,TGCT
TRAIN_3987,GBMLGG,GBMLGG
TRAIN_3988,BRCA,PRAD
TRAIN_3989,OV,PRAD
TRAIN_3990,OV,LIHC
TRAIN_3991,KIPAN,KIPAN
TRAIN_3992,SKCM,SKCM
TRAIN_3993,GBMLGG,LGG
TRAIN_3994,BRCA,BRCA
TRAIN_3995,BRCA,BRCA
TRAIN_3996,LUAD,SARC
TRAIN_3997,ACC,ACC
TRAIN_3998,KIPAN,ACC
TRAIN_3999,COAD,COAD
TRAIN_4000,BRCA,BRCA
TRAIN_4001,OV,SARC
TRAIN_4002,HNSC,STES
TRAIN_4003,PCPG,PCPG
TRAIN_4004,KIRC,THYM
TRAIN_4005,BRCA,HNSC
TRAIN_4006,STES,COAD
TRAIN_4007,LAML,OV
TRAIN_4008,KIRC,KIRC
TRAIN_4009,UCEC,STES
TRAIN_4010,KIPAN,KIPAN
TRAIN_4011,KIRC,KIPAN
TRAIN_4012,COAD,COAD
TRAIN_4013,BRCA,THYM
TRAIN_4014,KIPAN,KIPAN
TRAIN_4015,THCA,THCA
TRAIN_4016,PCPG,SARC
TRAIN_4017,KIPAN,TGCT
TRAIN_4018,OV,OV
TRAIN_4019,LUAD,GBMLGG
TRAIN_4020,BRCA,PCPG
TRAIN_4021,LUSC,LUAD
TRAIN_4022,GBMLGG,LGG
TRAIN_4023,LUSC,LUAD
TRAIN_4024,CESC,LUSC
TRAIN_4025,LAML,LAML
TRAIN_4026,SKCM,SKCM
TRAIN_4027,GBMLGG,THCA
TRAIN_4028,KIPAN,KIPAN
TRAIN_4029,LGG,LGG
TRAIN_4030,KIPAN,KIPAN
TRAIN_4031,GBMLGG,GBMLGG
TRAIN_4032,BLCA,LUAD
TRAIN_4033,GBMLGG,GBMLGG
TRAIN_4034,KIPAN,KIPAN
TRAIN_4035,LAML,LAML
TRAIN_4036,LAML,LAML
TRAIN_4037,BRCA,BRCA
TRAIN_4038,BRCA,TGCT
TRAIN_4039,BRCA,BRCA
TRAIN_4040,LUSC,LIHC
TRAIN_4041,KIRC,KIRC
TRAIN_4042,KIRC,KIRC
TRAIN_4043,TGCT,TGCT
TRAIN_4044,PRAD,THYM
TRAIN_4045,UCEC,GBMLGG
TRAIN_4046,DLBC,THYM
TRAIN_4047,PRAD,BRCA
TRAIN_4048,BLCA,KIPAN
TRAIN_4049,ACC,ACC
TRAIN_4050,LGG,LGG
TRAIN_4051,LGG,LGG
TRAIN_4052,LGG,LGG
TRAIN_4053,THCA,THCA
TRAIN_4054,KIPAN,BRCA
TRAIN_4055,SARC,SARC
TRAIN_4056,KIRC,KIRC
TRAIN_4057,BRCA,BRCA
TRAIN_4058,LGG,LGG
TRAIN_4059,LGG,GBMLGG
TRAIN_4060,LUSC,STES
TRAIN_4061,BRCA,BRCA
TRAIN_4062,KIPAN,KIRC
TRAIN_4063,CESC,BLCA
TRAIN_4064,KIPAN,KIPAN
TRAIN_4065,KIPAN,KIPAN
TRAIN_4066,BRCA,PRAD
TRAIN_4067,CESC,CESC
TRAIN_4068,KIPAN,PRAD
TRAIN_4069,KIRC,KIRC
TRAIN_4070,LIHC,LIHC
TRAIN_4071,BRCA,CESC
TRAIN_4072,STES,PAAD
TRAIN_4073,KIRC,KIRC
TRAIN_4074,BRCA,BRCA
TRAIN_4075,LUAD,LUAD
TRAIN_4076,GBMLGG,GBMLGG
TRAIN_4077,COAD,COAD
TRAIN_4078,LGG,LGG
TRAIN_4079,KIRC,KIPAN
TRAIN_4080,OV,OV
TRAIN_4081,COAD,UCEC
TRAIN_4082,LAML,THYM
TRAIN_4083,PCPG,THYM
TRAIN_4084,KIPAN,KIPAN
TRAIN_4085,CESC,CESC
TRAIN_4086,SKCM,SKCM
TRAIN_4087,OV,BRCA
TRAIN_4088,SKCM,SKCM
TRAIN_4089,GBMLGG,GBMLGG
TRAIN_4090,STES,STES
TRAIN_4091,SKCM,SKCM
TRAIN_4092,LGG,LGG
TRAIN_4093,KIPAN,PRAD
TRAIN_4094,HNSC,LUSC
TRAIN_4095,GBMLGG,UCEC
TRAIN_4096,CESC,PAAD
TRAIN_4097,BRCA,SARC
TRAIN_4098,UCEC,UCEC
TRAIN_4099,THCA,THCA
TRAIN_4100,KIPAN,HNSC
TRAIN_4101,THCA,THCA
TRAIN_4102,LUSC,LUSC
TRAIN_4103,GBMLGG,OV
TRAIN_4104,KIRC,KIRC
TRAIN_4105,THCA,THCA
TRAIN_4106,KIPAN,SARC
TRAIN_4107,BRCA,THYM
TRAIN_4108,COAD,COAD
TRAIN_4109,KIRC,KIRC
TRAIN_4110,LGG,LGG
TRAIN_4111,SKCM,SKCM
TRAIN_4112,TGCT,TGCT
TRAIN_4113,KIRC,KIRC
TRAIN_4114,GBMLGG,UCEC
TRAIN_4115,SARC,PRAD
TRAIN_4116,LGG,LGG
TRAIN_4117,SARC,OV
TRAIN_4118,PRAD,PRAD
TRAIN_4119,THCA,THCA
TRAIN_4120,BRCA,LGG
TRAIN_4121,THYM,THYM
TRAIN_4122,THYM,THYM
TRAIN_4123,LGG,LGG
TRAIN_4124,PAAD,OV
TRAIN_4125,KIPAN,KIPAN
TRAIN_4126,PAAD,PAAD
TRAIN_4127,GBMLGG,PAAD
TRAIN_4128,ACC,KIPAN
TRAIN_4129,PRAD,PRAD
TRAIN_4130,THCA,PRAD
TRAIN_4131,CESC,LUSC
TRAIN_4132,GBMLGG,THYM
TRAIN_4133,UCEC,UCEC
TRAIN_4134,BRCA,BRCA
TRAIN_4135,GBMLGG,GBMLGG
TRAIN_4136,BRCA,BRCA
TRAIN_4137,LUSC,LUSC
TRAIN_4138,COAD,COAD
TRAIN_4139,LIHC,PRAD
TRAIN_4140,KIRC,KIRC
TRAIN_4141,GBMLGG,GBMLGG
TRAIN_4142,LAML,LAML
TRAIN_4143,SKCM,SKCM
TRAIN_4144,KIPAN,KIPAN
TRAIN_4145,BRCA,PRAD
TRAIN_4146,COAD,COAD
TRAIN_4147,LGG,LGG
TRAIN_4148,GBMLGG,GBMLGG
TRAIN_4149,KIRC,KIRC
TRAIN_4150,BRCA,BRCA
TRAIN_4151,OV,OV
TRAIN_4152,KIPAN,KIPAN
TRAIN_4153,LAML,LAML
TRAIN_4154,OV,BRCA
TRAIN_4155,TGCT,TGCT
TRAIN_4156,PRAD,LAML
TRAIN_4157,OV,OV
TRAIN_4158,HNSC,SARC
TRAIN_4159,LUAD,KIPAN
TRAIN_4160,HNSC,HNSC
TRAIN_4161,COAD,LIHC
TRAIN_4162,PCPG,PCPG
TRAIN_4163,HNSC,PAAD
TRAIN_4164,BRCA,BRCA
TRAIN_4165,ACC,ACC
TRAIN_4166,THCA,PCPG
TRAIN_4167,STES,STES
TRAIN_4168,THYM,PCPG
TRAIN_4169,LIHC,LIHC
TRAIN_4170,UCEC,PRAD
TRAIN_4171,KIPAN,SARC
TRAIN_4172,LUSC,LUSC
TRAIN_4173,GBMLGG,GBMLGG
TRAIN_4174,LIHC,UCEC
TRAIN_4175,BRCA,BRCA
TRAIN_4176,UCEC,UCEC
TRAIN_4177,BRCA,PCPG
TRAIN_4178,LUAD,LUAD
TRAIN_4179,COAD,COAD
TRAIN_4180,BRCA,SARC
TRAIN_4181,THCA,THCA
TRAIN_4182,SARC,SARC
TRAIN_4183,SKCM,SKCM
TRAIN_4184,GBMLGG,SARC
TRAIN_4185,OV,OV
TRAIN_4186,BRCA,UCEC
TRAIN_4187,KIRC,SARC
TRAIN_4188,TGCT,TGCT
TRAIN_4189,CESC,CESC
TRAIN_4190,KIRC,KIPAN
TRAIN_4191,SKCM,SKCM
TRAIN_4192,BRCA,BRCA
TRAIN_4193,STES,OV
TRAIN_4194,CESC,PCPG
TRAIN_4195,CESC,LUAD
TRAIN_4196,CESC,THCA
TRAIN_4197,PAAD,PAAD
TRAIN_4198,GBMLGG,GBMLGG
TRAIN_4199,KIPAN,KIPAN
TRAIN_4200,THCA,THCA
TRAIN_4201,SARC,PRAD
TRAIN_4202,KIPAN,KIPAN
TRAIN_4203,BLCA,PCPG
TRAIN_4204,THCA,THCA
TRAIN_4205,HNSC,LAML
TRAIN_4206,PCPG,PCPG
TRAIN_4207,KIPAN,KIRC
TRAIN_4208,SKCM,SKCM
TRAIN_4209,BRCA,BRCA
TRAIN_4210,LUAD,LUSC
TRAIN_4211,LUSC,LUSC
TRAIN_4212,GBMLGG,GBMLGG
TRAIN_4213,LIHC,LUAD
TRAIN_4214,LUSC,LUAD
TRAIN_4215,PRAD,PRAD
TRAIN_4216,TGCT,TGCT
TRAIN_4217,COAD,COAD
TRAIN_4218,LIHC,BRCA
TRAIN_4219,OV,LGG
TRAIN_4220,LUSC,LUSC
TRAIN_4221,HNSC,BLCA
TRAIN_4222,STES,PAAD
TRAIN_4223,SKCM,SKCM
TRAIN_4224,LUAD,LUSC
TRAIN_4225,BRCA,BRCA
TRAIN_4226,OV,OV
TRAIN_4227,LIHC,LUSC
TRAIN_4228,BRCA,UCEC
TRAIN_4229,SKCM,SKCM
TRAIN_4230,PRAD,UCEC
TRAIN_4231,GBMLGG,GBMLGG
TRAIN_4232,SARC,PAAD
TRAIN_4233,THCA,THCA
TRAIN_4234,KIPAN,KIPAN
TRAIN_4235,SARC,PRAD
TRAIN_4236,LGG,GBMLGG
TRAIN_4237,GBMLGG,SARC
TRAIN_4238,KIPAN,LIHC
TRAIN_4239,BRCA,CESC
TRAIN_4240,HNSC,HNSC
TRAIN_4241,SKCM,SKCM
TRAIN_4242,LAML,PRAD
TRAIN_4243,THCA,THCA
TRAIN_4244,TGCT,TGCT
TRAIN_4245,THCA,THCA
TRAIN_4246,BRCA,OV
TRAIN_4247,KIPAN,KIPAN
TRAIN_4248,SKCM,SKCM
TRAIN_4249,PRAD,SARC
TRAIN_4250,LIHC,LIHC
TRAIN_4251,SARC,BRCA
TRAIN_4252,BRCA,LGG
TRAIN_4253,PAAD,PAAD
TRAIN_4254,LAML,THYM
TRAIN_4255,STES,COAD
TRAIN_4256,LGG,LGG
TRAIN_4257,SKCM,SKCM
TRAIN_4258,GBMLGG,GBMLGG
TRAIN_4259,BRCA,BRCA
TRAIN_4260,BRCA,BRCA
TRAIN_4261,LIHC,PCPG
TRAIN_4262,PRAD,PRAD
TRAIN_4263,GBMLGG,PAAD
TRAIN_4264,BRCA,BRCA
TRAIN_4265,LAML,THYM
TRAIN_4266,THCA,THCA
TRAIN_4267,LGG,LGG
TRAIN_4268,PCPG,PCPG
TRAIN_4269,THCA,THCA
TRAIN_4270,THCA,THCA
TRAIN_4271,COAD,COAD
TRAIN_4272,KIRC,KIRC
TRAIN_4273,BRCA,BRCA
TRAIN_4274,BRCA,BRCA
TRAIN_4275,STES,OV
TRAIN_4276,BRCA,BRCA
TRAIN_4277,BRCA,BRCA
TRAIN_4278,LUAD,LUAD
TRAIN_4279,KIRC,KIRC
TRAIN_4280,TGCT,TGCT
TRAIN_4281,BRCA,SARC
TRAIN_4282,STES,STES
TRAIN_4283,SKCM,SKCM
TRAIN_4284,THCA,THCA
TRAIN_4285,LIHC,LIHC
TRAIN_4286,SKCM,SKCM
TRAIN_4287,GBMLGG,GBMLGG
TRAIN_4288,UCEC,UCEC
TRAIN_4289,OV,OV
TRAIN_4290,SKCM,SKCM
TRAIN_4291,GBMLGG,GBMLGG
TRAIN_4292,THCA,THCA
TRAIN_4293,BRCA,OV
TRAIN_4294,BRCA,BRCA
TRAIN_4295,STES,STES
TRAIN_4296,LGG,LGG
TRAIN_4297,BRCA,PCPG
TRAIN_4298,HNSC,HNSC
TRAIN_4299,ACC,ACC
TRAIN_4300,PCPG,PCPG
TRAIN_4301,GBMLGG,GBMLGG
TRAIN_4302,LUAD,OV
TRAIN_4303,STES,UCEC
TRAIN_4304,PCPG,PCPG
TRAIN_4305,THYM,PCPG
TRAIN_4306,COAD,COAD
TRAIN_4307,BRCA,PRAD
TRAIN_4308,PCPG,LAML
TRAIN_4309,BRCA,BRCA
TRAIN_4310,PCPG,THYM
TRAIN_4311,PAAD,PAAD
TRAIN_4312,LUSC,HNSC
TRAIN_4313,SARC,UCEC
TRAIN_4314,STES,LAML
TRAIN_4315,BRCA,BRCA
TRAIN_4316,HNSC,STES
TRAIN_4317,KIRC,KIRC
TRAIN_4318,COAD,COAD
TRAIN_4319,LUSC,LUSC
TRAIN_4320,PCPG,PCPG
TRAIN_4321,KIRC,KIRC
TRAIN_4322,STES,UCEC
TRAIN_4323,KIPAN,KIPAN
TRAIN_4324,KIPAN,PRAD
TRAIN_4325,OV,UCEC
TRAIN_4326,SKCM,SKCM
TRAIN_4327,ACC,ACC
TRAIN_4328,STES,HNSC
TRAIN_4329,KIRC,KIRC
TRAIN_4330,ACC,ACC
TRAIN_4331,THCA,THCA
TRAIN_4332,GBMLGG,GBMLGG
TRAIN_4333,TGCT,TGCT
TRAIN_4334,OV,PAAD
TRAIN_4335,COAD,COAD
TRAIN_4336,STES,BRCA
TRAIN_4337,STES,LUSC
TRAIN_4338,LAML,LAML
TRAIN_4339,LUAD,STES
TRAIN_4340,SKCM,SKCM
TRAIN_4341,HNSC,STES
TRAIN_4342,BRCA,PCPG
TRAIN_4343,LUSC,LUSC
TRAIN_4344,BRCA,BRCA
TRAIN_4345,COAD,COAD
TRAIN_4346,THCA,THCA
TRAIN_4347,LUSC,BLCA
TRAIN_4348,KIPAN,KIPAN
TRAIN_4349,THCA,LAML
TRAIN_4350,LIHC,THYM
TRAIN_4351,KIPAN,BRCA
TRAIN_4352,GBMLGG,LUSC
TRAIN_4353,THCA,THYM
TRAIN_4354,CESC,CESC
TRAIN_4355,PRAD,SARC
TRAIN_4356,KIRC,KIRC
TRAIN_4357,ACC,ACC
TRAIN_4358,KIPAN,KIRC
TRAIN_4359,OV,OV
TRAIN_4360,KIRC,KIPAN
TRAIN_4361,UCEC,OV
TRAIN_4362,LAML,GBMLGG
TRAIN_4363,GBMLGG,GBMLGG
TRAIN_4364,PRAD,PRAD
TRAIN_4365,BLCA,BLCA
TRAIN_4366,GBMLGG,GBMLGG
TRAIN_4367,LUSC,LUSC
TRAIN_4368,LUAD,KIPAN
TRAIN_4369,KIPAN,KIPAN
TRAIN_4370,BRCA,HNSC
TRAIN_4371,STES,STES
TRAIN_4372,OV,OV
TRAIN_4373,KIRC,KIRC
TRAIN_4374,OV,BRCA
TRAIN_4375,KIRC,KIRC
TRAIN_4376,GBMLGG,LGG
TRAIN_4377,KIPAN,KIPAN
TRAIN_4378,KIPAN,KIPAN
TRAIN_4379,HNSC,HNSC
TRAIN_4380,SARC,SARC
TRAIN_4381,BRCA,BRCA
TRAIN_4382,BRCA,CESC
TRAIN_4383,BLCA,BLCA
TRAIN_4384,LUAD,LUAD
TRAIN_4385,CESC,UCEC
TRAIN_4386,LGG,LGG
TRAIN_4387,SARC,PCPG
TRAIN_4388,BRCA,BRCA
TRAIN_4389,THCA,THYM
TRAIN_4390,KIPAN,KIPAN
TRAIN_4391,UCEC,OV
TRAIN_4392,GBMLGG,GBMLGG
TRAIN_4393,BRCA,BRCA
TRAIN_4394,KIPAN,KIPAN
TRAIN_4395,THCA,PCPG
TRAIN_4396,BRCA,PCPG
TRAIN_4397,KIPAN,KIPAN
TRAIN_4398,KIPAN,TGCT
TRAIN_4399,BRCA,BRCA
TRAIN_4400,LUSC,CESC
TRAIN_4401,KIPAN,KIPAN
TRAIN_4402,STES,STES
TRAIN_4403,KIPAN,KIPAN
TRAIN_4404,GBMLGG,GBMLGG
TRAIN_4405,OV,OV
TRAIN_4406,OV,SARC
TRAIN_4407,PCPG,PCPG
TRAIN_4408,GBMLGG,GBMLGG
TRAIN_4409,LUSC,LUSC
TRAIN_4410,KIPAN,KIPAN
TRAIN_4411,SARC,SARC
TRAIN_4412,PRAD,PCPG
TRAIN_4413,HNSC,LUSC
TRAIN_4414,BRCA,OV
TRAIN_4415,GBMLGG,LGG
TRAIN_4416,THCA,THCA
TRAIN_4417,STES,STES
TRAIN_4418,THYM,THYM
TRAIN_4419,STES,STES
TRAIN_4420,BRCA,BRCA
TRAIN_4421,BRCA,THYM
TRAIN_4422,STES,STES
TRAIN_4423,GBMLGG,THYM
TRAIN_4424,BLCA,BLCA
TRAIN_4425,LIHC,PRAD
TRAIN_4426,SARC,OV
TRAIN_4427,OV,OV
TRAIN_4428,OV,LUSC
TRAIN_4429,KIRC,KIRC
TRAIN_4430,BRCA,KIPAN
TRAIN_4431,HNSC,HNSC
TRAIN_4432,KIRC,KIRC
TRAIN_4433,KIPAN,THCA
TRAIN_4434,STES,STES
TRAIN_4435,LAML,LAML
TRAIN_4436,STES,PAAD
TRAIN_4437,GBMLGG,PRAD
TRAIN_4438,KIPAN,UCEC
TRAIN_4439,KIPAN,LIHC
TRAIN_4440,BRCA,BRCA
TRAIN_4441,KIPAN,KIPAN
TRAIN_4442,TGCT,TGCT
TRAIN_4443,BRCA,OV
TRAIN_4444,PRAD,PRAD
TRAIN_4445,SARC,OV
TRAIN_4446,PAAD,CESC
TRAIN_4447,LUAD,LUAD
TRAIN_4448,BRCA,BRCA
TRAIN_4449,COAD,COAD
TRAIN_4450,LIHC,UCEC
TRAIN_4451,KIPAN,KIPAN
TRAIN_4452,GBMLGG,GBMLGG
TRAIN_4453,LAML,PRAD
TRAIN_4454,LUAD,LUAD
TRAIN_4455,KIPAN,LIHC
TRAIN_4456,BRCA,STES
TRAIN_4457,LIHC,LIHC
TRAIN_4458,PCPG,LGG
TRAIN_4459,OV,OV
TRAIN_4460,LUAD,LUAD
TRAIN_4461,BRCA,BRCA
TRAIN_4462,PRAD,PRAD
TRAIN_4463,LUSC,LIHC
TRAIN_4464,COAD,COAD
TRAIN_4465,SARC,LUAD
TRAIN_4466,LAML,LAML
TRAIN_4467,PCPG,THYM
TRAIN_4468,LAML,SARC
TRAIN_4469,BRCA,BLCA
TRAIN_4470,KIRC,KIRC
TRAIN_4471,THCA,THCA
TRAIN_4472,LUSC,LUSC
TRAIN_4473,KIPAN,KIPAN
TRAIN_4474,ACC,ACC
TRAIN_4475,BRCA,SARC
TRAIN_4476,HNSC,TGCT
TRAIN_4477,KIPAN,KIRC
TRAIN_4478,PAAD,OV
TRAIN_4479,LGG,GBMLGG
TRAIN_4480,BLCA,BLCA
TRAIN_4481,BRCA,BRCA
TRAIN_4482,LAML,LAML
TRAIN_4483,LGG,GBMLGG
TRAIN_4484,BRCA,BRCA
TRAIN_4485,UCEC,UCEC
TRAIN_4486,BRCA,OV
TRAIN_4487,UCEC,LIHC
TRAIN_4488,OV,OV
TRAIN_4489,THCA,THCA
TRAIN_4490,KIPAN,KIPAN
TRAIN_4491,OV,TGCT
TRAIN_4492,GBMLGG,SARC
TRAIN_4493,KIPAN,KIPAN
TRAIN_4494,GBMLGG,KIPAN
TRAIN_4495,GBMLGG,COAD
TRAIN_4496,STES,STES
TRAIN_4497,PAAD,HNSC
TRAIN_4498,OV,OV
TRAIN_4499,BRCA,SARC
TRAIN_4500,THCA,SARC
TRAIN_4501,BRCA,BRCA
TRAIN_4502,BRCA,THCA
TRAIN_4503,KIPAN,PAAD
TRAIN_4504,KIPAN,STES
TRAIN_4505,KIRC,KIRC
TRAIN_4506,BRCA,BRCA
TRAIN_4507,LAML,LAML
TRAIN_4508,ACC,ACC
TRAIN_4509,LUAD,BRCA
TRAIN_4510,TGCT,TGCT
TRAIN_4511,KIRC,KIRC
TRAIN_4512,KIPAN,KIPAN
TRAIN_4513,BRCA,HNSC
TRAIN_4514,CESC,CESC
TRAIN_4515,PCPG,SARC
TRAIN_4516,OV,SARC
TRAIN_4517,KIPAN,KIPAN
TRAIN_4518,LGG,LGG
TRAIN_4519,KIPAN,KIRC
TRAIN_4520,LIHC,LIHC
TRAIN_4521,THCA,PCPG
TRAIN_4522,CESC,UCEC
TRAIN_4523,BLCA,STES
TRAIN_4524,KIRC,KIRC
TRAIN_4525,PRAD,PRAD
TRAIN_4526,THCA,PCPG
TRAIN_4527,LUSC,BRCA
TRAIN_4528,KIPAN,KIPAN
TRAIN_4529,PRAD,PRAD
TRAIN_4530,GBMLGG,GBMLGG
TRAIN_4531,BRCA,OV
TRAIN_4532,STES,PAAD
TRAIN_4533,KIPAN,KIPAN
TRAIN_4534,CESC,CESC
TRAIN_4535,LUAD,BLCA
TRAIN_4536,LUAD,LUSC
TRAIN_4537,PAAD,STES
TRAIN_4538,KIPAN,KIPAN
TRAIN_4539,KIRC,KIPAN
TRAIN_4540,CESC,BLCA
TRAIN_4541,CESC,STES
TRAIN_4542,SARC,OV
TRAIN_4543,SKCM,SKCM
TRAIN_4544,PRAD,PCPG
TRAIN_4545,LGG,GBMLGG
TRAIN_4546,GBMLGG,GBMLGG
TRAIN_4547,KIPAN,KIPAN
TRAIN_4548,GBMLGG,GBMLGG
TRAIN_4549,CESC,SKCM
TRAIN_4550,GBMLGG,GBMLGG
TRAIN_4551,THCA,THCA
TRAIN_4552,KIRC,KIRC
TRAIN_4553,GBMLGG,GBMLGG
TRAIN_4554,KIPAN,KIPAN
TRAIN_4555,SKCM,PAAD
TRAIN_4556,KIPAN,KIPAN
TRAIN_4557,PRAD,PRAD
TRAIN_4558,GBMLGG,TGCT
TRAIN_4559,GBMLGG,GBMLGG
TRAIN_4560,GBMLGG,PRAD
TRAIN_4561,OV,KIRC
TRAIN_4562,GBMLGG,GBMLGG
TRAIN_4563,KIRC,KIRC
TRAIN_4564,TGCT,TGCT
TRAIN_4565,GBMLGG,GBMLGG
TRAIN_4566,LAML,LAML
TRAIN_4567,SKCM,THCA
TRAIN_4568,STES,STES
TRAIN_4569,LGG,LGG
TRAIN_4570,PAAD,PAAD
TRAIN_4571,KIRC,KIRC
TRAIN_4572,STES,THYM
TRAIN_4573,KIRC,KIRC
TRAIN_4574,KIPAN,KIPAN
TRAIN_4575,COAD,COAD
TRAIN_4576,ACC,ACC
TRAIN_4577,SKCM,SKCM
TRAIN_4578,HNSC,HNSC
TRAIN_4579,THCA,THYM
TRAIN_4580,BLCA,BLCA
TRAIN_4581,BRCA,BRCA
TRAIN_4582,THCA,THCA
TRAIN_4583,BRCA,BRCA
TRAIN_4584,GBMLGG,GBMLGG
TRAIN_4585,LIHC,LIHC
TRAIN_4586,GBMLGG,GBMLGG
TRAIN_4587,STES,STES
TRAIN_4588,SKCM,SKCM
TRAIN_4589,GBMLGG,GBMLGG
TRAIN_4590,COAD,COAD
TRAIN_4591,LUAD,LUAD
TRAIN_4592,LGG,LGG
TRAIN_4593,BLCA,LUSC
TRAIN_4594,BRCA,BRCA
TRAIN_4595,SKCM,SKCM
TRAIN_4596,GBMLGG,UCEC
TRAIN_4597,PCPG,PCPG
TRAIN_4598,KIRC,KIRC
TRAIN_4599,PAAD,PAAD
TRAIN_4600,COAD,COAD
TRAIN_4601,THCA,THCA
TRAIN_4602,SARC,PCPG
TRAIN_4603,GBMLGG,GBMLGG
TRAIN_4604,BRCA,SARC
TRAIN_4605,KIRC,KIRC
TRAIN_4606,TGCT,TGCT
TRAIN_4607,BRCA,THYM
TRAIN_4608,COAD,COAD
TRAIN_4609,BRCA,BRCA
TRAIN_4610,GBMLGG,GBMLGG
TRAIN_4611,STES,STES
TRAIN_4612,BRCA,HNSC
TRAIN_4613,LGG,LGG
TRAIN_4614,GBMLGG,LGG
TRAIN_4615,HNSC,STES
TRAIN_4616,THYM,PCPG
TRAIN_4617,HNSC,PRAD
TRAIN_4618,PCPG,PCPG
TRAIN_4619,OV,CESC
TRAIN_4620,GBMLGG,UCEC
TRAIN_4621,STES,STES
TRAIN_4622,LIHC,LUAD
TRAIN_4623,UCEC,UCEC
TRAIN_4624,UCEC,UCEC
TRAIN_4625,SKCM,SKCM
TRAIN_4626,LUSC,COAD
TRAIN_4627,COAD,COAD
TRAIN_4628,LAML,LAML
TRAIN_4629,LIHC,LUAD
TRAIN_4630,LIHC,STES
TRAIN_4631,SARC,KIPAN
TRAIN_4632,KIPAN,KIPAN
TRAIN_4633,BRCA,BRCA
TRAIN_4634,LGG,LGG
TRAIN_4635,KIPAN,TGCT
TRAIN_4636,OV,OV
TRAIN_4637,BRCA,BRCA
TRAIN_4638,KIPAN,OV
TRAIN_4639,SARC,PRAD
TRAIN_4640,OV,OV
TRAIN_4641,OV,BRCA
TRAIN_4642,KIPAN,KIPAN
TRAIN_4643,KIPAN,KIPAN
TRAIN_4644,LGG,LGG
TRAIN_4645,KIPAN,KIPAN
TRAIN_4646,DLBC,DLBC
TRAIN_4647,SKCM,KIPAN
TRAIN_4648,LGG,LGG
TRAIN_4649,STES,LUAD
TRAIN_4650,BRCA,BLCA
TRAIN_4651,PRAD,PRAD
TRAIN_4652,LGG,LGG
TRAIN_4653,BRCA,BRCA
TRAIN_4654,GBMLGG,GBMLGG
TRAIN_4655,LGG,THYM
TRAIN_4656,COAD,UCEC
TRAIN_4657,BLCA,LIHC
TRAIN_4658,THYM,THYM
TRAIN_4659,TGCT,TGCT
TRAIN_4660,KIPAN,KIPAN
TRAIN_4661,LUSC,STES
TRAIN_4662,GBMLGG,COAD
TRAIN_4663,LUSC,HNSC
TRAIN_4664,UCEC,GBMLGG
TRAIN_4665,SKCM,SKCM
TRAIN_4666,BRCA,LIHC
TRAIN_4667,DLBC,DLBC
TRAIN_4668,GBMLGG,PRAD
TRAIN_4669,STES,STES
TRAIN_4670,KIRC,KIPAN
TRAIN_4671,LGG,LGG
TRAIN_4672,KIRC,UCEC
TRAIN_4673,BRCA,PAAD
TRAIN_4674,LUSC,HNSC
TRAIN_4675,STES,STES
TRAIN_4676,LAML,OV
TRAIN_4677,THCA,THCA
TRAIN_4678,KIPAN,KIPAN
TRAIN_4679,KIPAN,KIPAN
TRAIN_4680,SKCM,SKCM
TRAIN_4681,SARC,BRCA
TRAIN_4682,OV,OV
TRAIN_4683,SKCM,SKCM
TRAIN_4684,OV,OV
TRAIN_4685,GBMLGG,GBMLGG
TRAIN_4686,THYM,THYM
TRAIN_4687,KIPAN,KIPAN
TRAIN_4688,OV,THYM
TRAIN_4689,SARC,SARC
TRAIN_4690,STES,COAD
TRAIN_4691,KIRC,KIRC
TRAIN_4692,BRCA,PRAD
TRAIN_4693,OV,LIHC
TRAIN_4694,LGG,LGG
TRAIN_4695,LGG,LGG
TRAIN_4696,THCA,PCPG
TRAIN_4697,GBMLGG,STES
TRAIN_4698,SKCM,SKCM
TRAIN_4699,SARC,BRCA
TRAIN_4700,THCA,THCA
TRAIN_4701,BRCA,BRCA
TRAIN_4702,COAD,COAD
TRAIN_4703,SKCM,SKCM
TRAIN_4704,TGCT,LAML
TRAIN_4705,LUAD,HNSC
TRAIN_4706,OV,OV
TRAIN_4707,HNSC,BLCA
TRAIN_4708,GBMLGG,GBMLGG
TRAIN_4709,HNSC,HNSC
TRAIN_4710,BRCA,KIRC
TRAIN_4711,KIRC,KIRC
TRAIN_4712,STES,STES
TRAIN_4713,KIPAN,KIPAN
TRAIN_4714,CESC,SARC
TRAIN_4715,LUAD,HNSC
TRAIN_4716,BRCA,BLCA
TRAIN_4717,KIPAN,KIPAN
TRAIN_4718,THCA,THCA
TRAIN_4719,PCPG,PCPG
TRAIN_4720,KIPAN,KIRC
TRAIN_4721,BRCA,BRCA
TRAIN_4722,COAD,COAD
TRAIN_4723,SARC,OV
TRAIN_4724,BLCA,BLCA
TRAIN_4725,PAAD,STES
TRAIN_4726,LGG,LGG
TRAIN_4727,GBMLGG,GBMLGG
TRAIN_4728,THCA,THCA
TRAIN_4729,SKCM,SKCM
TRAIN_4730,THCA,THCA
TRAIN_4731,UCEC,GBMLGG
TRAIN_4732,LUAD,LIHC
TRAIN_4733,OV,OV
TRAIN_4734,GBMLGG,STES
TRAIN_4735,COAD,COAD
TRAIN_4736,HNSC,HNSC
TRAIN_4737,KIPAN,KIPAN
TRAIN_4738,KIPAN,KIPAN
TRAIN_4739,STES,UCEC
TRAIN_4740,LAML,PCPG
TRAIN_4741,GBMLGG,GBMLGG
TRAIN_4742,LUSC,LUAD
TRAIN_4743,CESC,CESC
TRAIN_4744,LUSC,LUSC
TRAIN_4745,SKCM,KIPAN
TRAIN_4746,THCA,THCA
TRAIN_4747,THYM,LAML
TRAIN_4748,COAD,STES
TRAIN_4749,SKCM,SKCM
TRAIN_4750,LIHC,KIRC
TRAIN_4751,KIRC,KIRC
TRAIN_4752,BRCA,BRCA
TRAIN_4753,UCEC,GBMLGG
TRAIN_4754,CESC,HNSC
TRAIN_4755,BRCA,PCPG
TRAIN_4756,CESC,PCPG
TRAIN_4757,UCEC,COAD
TRAIN_4758,THYM,LAML
TRAIN_4759,UCEC,UCEC
TRAIN_4760,STES,HNSC
TRAIN_4761,KIRC,KIRC
TRAIN_4762,THCA,THCA
TRAIN_4763,DLBC,PRAD
TRAIN_4764,STES,LUSC
TRAIN_4765,STES,STES
TRAIN_4766,LUAD,LUAD
TRAIN_4767,LUAD,LUAD
TRAIN_4768,HNSC,PAAD
TRAIN_4769,THCA,THCA
TRAIN_4770,THCA,THCA
TRAIN_4771,LUSC,HNSC
TRAIN_4772,OV,OV
TRAIN_4773,SKCM,SKCM
TRAIN_4774,BRCA,PRAD
TRAIN_4775,LIHC,LUSC
TRAIN_4776,KIRC,KIRC
TRAIN_4777,KIRC,KIPAN
TRAIN_4778,SKCM,THCA
TRAIN_4779,TGCT,TGCT
TRAIN_4780,THYM,PCPG
TRAIN_4781,BRCA,BLCA
TRAIN_4782,BRCA,THYM
TRAIN_4783,GBMLGG,GBMLGG
TRAIN_4784,STES,STES
TRAIN_4785,BRCA,SARC
TRAIN_4786,SKCM,SKCM
TRAIN_4787,LGG,THYM
TRAIN_4788,THCA,THYM
TRAIN_4789,KIPAN,KIRC
TRAIN_4790,PAAD,PAAD
TRAIN_4791,BRCA,BRCA
TRAIN_4792,LIHC,SARC
TRAIN_4793,KIPAN,KIPAN
TRAIN_4794,KIPAN,KIPAN
TRAIN_4795,PCPG,BRCA
TRAIN_4796,SKCM,SKCM
TRAIN_4797,LAML,OV
TRAIN_4798,PCPG,PCPG
TRAIN_4799,LUSC,LIHC
TRAIN_4800,LIHC,LIHC
TRAIN_4801,LIHC,GBMLGG
TRAIN_4802,BRCA,LIHC
TRAIN_4803,LGG,GBMLGG
TRAIN_4804,LUSC,LUSC
TRAIN_4805,STES,STES
TRAIN_4806,DLBC,LIHC
TRAIN_4807,SARC,SARC
TRAIN_4808,SKCM,SKCM
TRAIN_4809,SKCM,LAML
TRAIN_4810,THCA,THCA
TRAIN_4811,PRAD,PRAD
TRAIN_4812,STES,STES
TRAIN_4813,BRCA,LIHC
TRAIN_4814,LUAD,LIHC
TRAIN_4815,HNSC,OV
TRAIN_4816,LIHC,UCEC
TRAIN_4817,BRCA,BRCA
TRAIN_4818,BRCA,BRCA
TRAIN_4819,THCA,THCA
TRAIN_4820,SKCM,SKCM
TRAIN_4821,HNSC,OV
TRAIN_4822,LIHC,LIHC
TRAIN_4823,KIPAN,THYM
TRAIN_4824,GBMLGG,GBMLGG
TRAIN_4825,BRCA,BRCA
TRAIN_4826,TGCT,TGCT
TRAIN_4827,PRAD,PRAD
TRAIN_4828,LGG,LGG
TRAIN_4829,GBMLGG,GBMLGG
TRAIN_4830,TGCT,TGCT
TRAIN_4831,CESC,STES
TRAIN_4832,PAAD,PAAD
TRAIN_4833,BLCA,PAAD
TRAIN_4834,LIHC,GBMLGG
TRAIN_4835,ACC,BRCA
TRAIN_4836,THCA,THCA
TRAIN_4837,GBMLGG,GBMLGG
TRAIN_4838,THCA,THCA
TRAIN_4839,LAML,LAML
TRAIN_4840,TGCT,SARC
TRAIN_4841,KIPAN,LIHC
TRAIN_4842,BRCA,BRCA
TRAIN_4843,UCEC,UCEC
TRAIN_4844,GBMLGG,GBMLGG
TRAIN_4845,BRCA,SARC
TRAIN_4846,LAML,LAML
TRAIN_4847,KIPAN,KIPAN
TRAIN_4848,KIPAN,PAAD
TRAIN_4849,KIPAN,KIPAN
TRAIN_4850,GBMLGG,GBMLGG
TRAIN_4851,LUSC,LUSC
TRAIN_4852,SARC,BRCA
TRAIN_4853,COAD,COAD
TRAIN_4854,BRCA,PCPG
TRAIN_4855,KIPAN,KIPAN
TRAIN_4856,STES,GBMLGG
TRAIN_4857,GBMLGG,STES
TRAIN_4858,PRAD,PRAD
TRAIN_4859,SARC,SARC
TRAIN_4860,LUAD,LUAD
TRAIN_4861,OV,OV
TRAIN_4862,CESC,CESC
TRAIN_4863,ACC,ACC
TRAIN_4864,SKCM,SKCM
TRAIN_4865,STES,HNSC
TRAIN_4866,THCA,PCPG
TRAIN_4867,GBMLGG,LGG
TRAIN_4868,TGCT,TGCT
TRAIN_4869,GBMLGG,GBMLGG
TRAIN_4870,HNSC,HNSC
TRAIN_4871,LGG,PAAD
TRAIN_4872,HNSC,HNSC
TRAIN_4873,BRCA,HNSC
TRAIN_4874,HNSC,STES
TRAIN_4875,STES,LUSC
TRAIN_4876,PRAD,PRAD
TRAIN_4877,OV,OV
TRAIN_4878,DLBC,DLBC
TRAIN_4879,LAML,THYM
TRAIN_4880,BRCA,BRCA
TRAIN_4881,KIPAN,KIPAN
TRAIN_4882,THCA,THCA
TRAIN_4883,STES,STES
TRAIN_4884,GBMLGG,LGG
TRAIN_4885,BRCA,PCPG
TRAIN_4886,COAD,STES
TRAIN_4887,KIRC,KIRC
TRAIN_4888,BRCA,BRCA
TRAIN_4889,GBMLGG,COAD
TRAIN_4890,BRCA,BRCA
TRAIN_4891,LGG,LGG
TRAIN_4892,LUAD,SARC
TRAIN_4893,KIRC,PRAD
TRAIN_4894,KIRC,KIPAN
TRAIN_4895,SARC,PRAD
TRAIN_4896,CESC,CESC
TRAIN_4897,LGG,LGG
TRAIN_4898,KIPAN,KIPAN
TRAIN_4899,THCA,THCA
TRAIN_4900,COAD,COAD
TRAIN_4901,GBMLGG,TGCT
TRAIN_4902,SKCM,TGCT
TRAIN_4903,BRCA,THYM
TRAIN_4904,THCA,THYM
TRAIN_4905,UCEC,UCEC
TRAIN_4906,DLBC,PCPG
TRAIN_4907,PRAD,PCPG
TRAIN_4908,COAD,COAD
TRAIN_4909,CESC,LAML
TRAIN_4910,THCA,THCA
TRAIN_4911,BRCA,CESC
TRAIN_4912,KIRC,TGCT
TRAIN_4913,STES,LUAD
TRAIN_4914,COAD,COAD
TRAIN_4915,HNSC,HNSC
TRAIN_4916,GBMLGG,GBMLGG
TRAIN_4917,THYM,CESC
TRAIN_4918,TGCT,KIPAN
TRAIN_4919,COAD,COAD
TRAIN_4920,GBMLGG,COAD
TRAIN_4921,SARC,OV
TRAIN_4922,BLCA,UCEC
TRAIN_4923,THCA,THCA
TRAIN_4924,BLCA,BLCA
TRAIN_4925,KIRC,KIRC
TRAIN_4926,PRAD,PRAD
TRAIN_4927,BRCA,SARC
TRAIN_4928,LGG,LGG
TRAIN_4929,KIPAN,CESC
TRAIN_4930,KIPAN,KIRC
TRAIN_4931,KIPAN,KIPAN
TRAIN_4932,KIPAN,PRAD
TRAIN_4933,BLCA,BLCA
TRAIN_4934,OV,OV
TRAIN_4935,SARC,PRAD
TRAIN_4936,PCPG,THYM
TRAIN_4937,BRCA,BRCA
TRAIN_4938,THCA,THCA
TRAIN_4939,STES,STES
TRAIN_4940,BRCA,BRCA
TRAIN_4941,THYM,THYM
TRAIN_4942,OV,OV
TRAIN_4943,TGCT,TGCT
TRAIN_4944,GBMLGG,LGG
TRAIN_4945,SKCM,SKCM
TRAIN_4946,CESC,LUSC
TRAIN_4947,CESC,PAAD
TRAIN_4948,ACC,ACC
TRAIN_4949,BRCA,BRCA
TRAIN_4950,KIRC,KIRC
TRAIN_4951,LGG,LGG
TRAIN_4952,LUAD,LUAD
TRAIN_4953,LUAD,LUAD
TRAIN_4954,BRCA,BRCA
TRAIN_4955,PAAD,PAAD
TRAIN_4956,COAD,COAD
TRAIN_4957,PCPG,PCPG
TRAIN_4958,LGG,LGG
TRAIN_4959,KIRC,KIRC
TRAIN_4960,PCPG,PCPG
TRAIN_4961,STES,STES
TRAIN_4962,THCA,LAML
TRAIN_4963,STES,HNSC
TRAIN_4964,TGCT,TGCT
TRAIN_4965,SARC,OV
TRAIN_4966,SKCM,SKCM
TRAIN_4967,PCPG,PCPG
TRAIN_4968,LUAD,LUAD
TRAIN_4969,THCA,THCA
TRAIN_4970,KIRC,KIRC
TRAIN_4971,PAAD,PAAD
TRAIN_4972,UCEC,COAD
TRAIN_4973,PCPG,PRAD
TRAIN_4974,GBMLGG,PAAD
TRAIN_4975,GBMLGG,SKCM
TRAIN_4976,BRCA,STES
TRAIN_4977,BRCA,BRCA
TRAIN_4978,KIRC,LIHC
TRAIN_4979,HNSC,BLCA
TRAIN_4980,COAD,PAAD
TRAIN_4981,KIRC,KIRC
TRAIN_4982,DLBC,DLBC
TRAIN_4983,STES,PAAD
TRAIN_4984,UCEC,UCEC
TRAIN_4985,COAD,OV
TRAIN_4986,OV,OV
TRAIN_4987,GBMLGG,GBMLGG
TRAIN_4988,LGG,LGG
TRAIN_4989,PRAD,PRAD
TRAIN_4990,HNSC,LUSC
TRAIN_4991,COAD,COAD
TRAIN_4992,KIRC,KIRC
TRAIN_4993,BRCA,BRCA
TRAIN_4994,BRCA,LIHC
TRAIN_4995,COAD,COAD
TRAIN_4996,BRCA,SARC
TRAIN_4997,OV,OV
TRAIN_4998,OV,OV
TRAIN_4999,KIPAN,KIPAN
TRAIN_5000,LUSC,LUAD
TRAIN_5001,GBMLGG,GBMLGG
TRAIN_5002,PAAD,PAAD
TRAIN_5003,LUAD,LUSC
TRAIN_5004,KIPAN,KIPAN
TRAIN_5005,KIPAN,KIPAN
TRAIN_5006,BRCA,BRCA
TRAIN_5007,PAAD,HNSC
TRAIN_5008,STES,STES
TRAIN_5009,LUAD,LUAD
TRAIN_5010,KIPAN,KIRC
TRAIN_5011,PCPG,PCPG
TRAIN_5012,KIRC,THYM
TRAIN_5013,KIRC,KIRC
TRAIN_5014,THCA,PRAD
TRAIN_5015,THCA,THCA
TRAIN_5016,GBMLGG,LIHC
TRAIN_5017,UCEC,LAML
TRAIN_5018,OV,OV
TRAIN_5019,STES,STES
TRAIN_5020,PAAD,PAAD
TRAIN_5021,THCA,THYM
TRAIN_5022,LUSC,HNSC
TRAIN_5023,BRCA,OV
TRAIN_5024,STES,STES
TRAIN_5025,KIPAN,KIPAN
TRAIN_5026,BRCA,COAD
TRAIN_5027,SKCM,SKCM
TRAIN_5028,OV,SARC
TRAIN_5029,LUAD,STES
TRAIN_5030,OV,LIHC
TRAIN_5031,CESC,CESC
TRAIN_5032,KIPAN,SARC
TRAIN_5033,THCA,THCA
TRAIN_5034,KIPAN,LIHC
TRAIN_5035,KIPAN,KIPAN
TRAIN_5036,LAML,PCPG
TRAIN_5037,LGG,LGG
TRAIN_5038,HNSC,HNSC
TRAIN_5039,LAML,PCPG
TRAIN_5040,SARC,OV
TRAIN_5041,DLBC,DLBC
TRAIN_5042,UCEC,UCEC
TRAIN_5043,STES,STES
TRAIN_5044,PCPG,PCPG
TRAIN_5045,TGCT,PAAD
TRAIN_5046,SKCM,SKCM
TRAIN_5047,UCEC,BRCA
TRAIN_5048,LIHC,PRAD
TRAIN_5049,UCEC,UCEC
TRAIN_5050,GBMLGG,GBMLGG
TRAIN_5051,HNSC,BLCA
TRAIN_5052,LGG,LGG
TRAIN_5053,PAAD,PAAD
TRAIN_5054,GBMLGG,GBMLGG
TRAIN_5055,BRCA,BRCA
TRAIN_5056,CESC,BLCA
TRAIN_5057,LUAD,LUAD
TRAIN_5058,SKCM,SKCM
TRAIN_5059,THCA,PRAD
TRAIN_5060,THCA,PRAD
TRAIN_5061,PRAD,OV
TRAIN_5062,KIPAN,KIRC
TRAIN_5063,LAML,PCPG
TRAIN_5064,ACC,ACC
TRAIN_5065,UCEC,OV
TRAIN_5066,KIPAN,PRAD
TRAIN_5067,LUSC,STES
TRAIN_5068,LUAD,LUAD
TRAIN_5069,KIRC,KIRC
TRAIN_5070,UCEC,UCEC
TRAIN_5071,LUAD,LIHC
TRAIN_5072,PRAD,PRAD
TRAIN_5073,BRCA,BRCA
TRAIN_5074,BLCA,BLCA
TRAIN_5075,BRCA,BRCA
TRAIN_5076,SKCM,SKCM
TRAIN_5077,BRCA,BRCA
TRAIN_5078,LGG,LGG
TRAIN_5079,PRAD,LAML
TRAIN_5080,PRAD,PRAD
TRAIN_5081,BRCA,BRCA
TRAIN_5082,BRCA,BRCA
TRAIN_5083,UCEC,UCEC
TRAIN_5084,THYM,THYM
TRAIN_5085,BRCA,BRCA
TRAIN_5086,LUSC,STES
TRAIN_5087,LAML,LAML
TRAIN_5088,THCA,PCPG
TRAIN_5089,COAD,BRCA
TRAIN_5090,LUAD,BRCA
TRAIN_5091,KIRC,KIRC
TRAIN_5092,PRAD,THYM
TRAIN_5093,PRAD,PRAD
TRAIN_5094,LAML,PCPG
TRAIN_5095,BRCA,UCEC
TRAIN_5096,KIPAN,KIPAN
TRAIN_5097,THCA,THCA
TRAIN_5098,COAD,OV
TRAIN_5099,LIHC,UCEC
TRAIN_5100,UCEC,UCEC
TRAIN_5101,SARC,KIRC
TRAIN_5102,UCEC,STES
TRAIN_5103,LGG,LGG
TRAIN_5104,SKCM,SKCM
TRAIN_5105,HNSC,HNSC
TRAIN_5106,SKCM,SKCM
TRAIN_5107,PRAD,PRAD
TRAIN_5108,THCA,THCA
TRAIN_5109,LUAD,PAAD
TRAIN_5110,STES,STES
TRAIN_5111,SKCM,SKCM
TRAIN_5112,KIPAN,LIHC
TRAIN_5113,THCA,THCA
TRAIN_5114,SARC,THYM
TRAIN_5115,KIRC,KIRC
TRAIN_5116,COAD,PAAD
TRAIN_5117,SKCM,SKCM
TRAIN_5118,STES,UCEC
TRAIN_5119,LGG,LGG
TRAIN_5120,SKCM,SKCM
TRAIN_5121,THCA,THCA
TRAIN_5122,STES,UCEC
TRAIN_5123,GBMLGG,LGG
TRAIN_5124,SKCM,SKCM
TRAIN_5125,THCA,THCA
TRAIN_5126,KIRC,KIRC
TRAIN_5127,OV,OV
TRAIN_5128,THCA,PRAD
TRAIN_5129,STES,STES
TRAIN_5130,BRCA,PRAD
TRAIN_5131,KIPAN,KIPAN
TRAIN_5132,KIRC,KIPAN
TRAIN_5133,BRCA,BRCA
TRAIN_5134,BRCA,BLCA
TRAIN_5135,KIRC,KIRC
TRAIN_5136,BRCA,BRCA
TRAIN_5137,HNSC,PAAD
TRAIN_5138,THCA,THYM
TRAIN_5139,SKCM,SKCM
TRAIN_5140,KIPAN,KIPAN
TRAIN_5141,PAAD,CESC
TRAIN_5142,BRCA,BRCA
TRAIN_5143,BRCA,BRCA
TRAIN_5144,STES,COAD
TRAIN_5145,SKCM,SKCM
TRAIN_5146,CESC,CESC
TRAIN_5147,KIPAN,KIRC
TRAIN_5148,PCPG,SARC
TRAIN_5149,BRCA,BRCA
TRAIN_5150,KIRC,KIRC
TRAIN_5151,SARC,SARC
TRAIN_5152,BRCA,LAML
TRAIN_5153,THCA,THCA
TRAIN_5154,STES,STES
TRAIN_5155,LAML,THYM
TRAIN_5156,TGCT,DLBC
TRAIN_5157,PRAD,BRCA
TRAIN_5158,GBMLGG,GBMLGG
TRAIN_5159,BRCA,THYM
TRAIN_5160,PCPG,PRAD
TRAIN_5161,SARC,PCPG
TRAIN_5162,CESC,CESC
TRAIN_5163,KIPAN,KIPAN
TRAIN_5164,BRCA,BRCA
TRAIN_5165,TGCT,TGCT
TRAIN_5166,STES,PAAD
TRAIN_5167,HNSC,HNSC
TRAIN_5168,BRCA,OV
TRAIN_5169,PAAD,PAAD
TRAIN_5170,STES,OV
TRAIN_5171,KIRC,KIRC
TRAIN_5172,LGG,LGG
TRAIN_5173,UCEC,COAD
TRAIN_5174,GBMLGG,PCPG
TRAIN_5175,KIRC,PRAD
TRAIN_5176,LUAD,LUAD
TRAIN_5177,ACC,ACC
TRAIN_5178,STES,UCEC
TRAIN_5179,COAD,COAD
TRAIN_5180,LUAD,OV
TRAIN_5181,LAML,LAML
TRAIN_5182,SKCM,SKCM
TRAIN_5183,PRAD,LAML
TRAIN_5184,KIRC,KIRC
TRAIN_5185,KIRC,LAML
TRAIN_5186,LUSC,LUSC
TRAIN_5187,TGCT,PRAD
TRAIN_5188,LAML,LAML
TRAIN_5189,LAML,LAML
TRAIN_5190,KIRC,KIRC
TRAIN_5191,COAD,COAD
TRAIN_5192,DLBC,STES
TRAIN_5193,LAML,THYM
TRAIN_5194,COAD,COAD
TRAIN_5195,KIPAN,TGCT
TRAIN_5196,KIRC,KIRC
TRAIN_5197,PRAD,PRAD
TRAIN_5198,LGG,LGG
TRAIN_5199,COAD,COAD
TRAIN_5200,BRCA,SARC
TRAIN_5201,SARC,BRCA
TRAIN_5202,UCEC,UCEC
TRAIN_5203,PRAD,THYM
TRAIN_5204,OV,OV
TRAIN_5205,COAD,COAD
TRAIN_5206,KIRC,KIRC
TRAIN_5207,GBMLGG,THYM
TRAIN_5208,KIRC,KIRC
TRAIN_5209,THCA,THCA
TRAIN_5210,BRCA,PRAD
TRAIN_5211,KIRC,KIRC
TRAIN_5212,LAML,THYM
TRAIN_5213,LGG,LGG
TRAIN_5214,HNSC,HNSC
TRAIN_5215,THCA,THCA
TRAIN_5216,STES,LUSC
TRAIN_5217,LIHC,LIHC
TRAIN_5218,STES,STES
TRAIN_5219,PRAD,PRAD
TRAIN_5220,PRAD,LAML
TRAIN_5221,COAD,COAD
TRAIN_5222,KIRC,KIRC
TRAIN_5223,GBMLGG,GBMLGG
TRAIN_5224,STES,STES
TRAIN_5225,HNSC,PAAD
TRAIN_5226,KIPAN,KIPAN
TRAIN_5227,LGG,OV
TRAIN_5228,UCEC,STES
TRAIN_5229,GBMLGG,GBMLGG
TRAIN_5230,KIPAN,KIPAN
TRAIN_5231,PRAD,LIHC
TRAIN_5232,LGG,LGG
TRAIN_5233,SKCM,SKCM
TRAIN_5234,THCA,THCA
TRAIN_5235,LUAD,LUAD
TRAIN_5236,BRCA,BLCA
TRAIN_5237,BRCA,BRCA
TRAIN_5238,GBMLGG,GBMLGG
TRAIN_5239,BLCA,BLCA
TRAIN_5240,LUSC,LUSC
TRAIN_5241,BRCA,OV
TRAIN_5242,BRCA,LIHC
TRAIN_5243,GBMLGG,LGG
TRAIN_5244,UCEC,UCEC
TRAIN_5245,STES,STES
TRAIN_5246,STES,COAD
TRAIN_5247,BRCA,PCPG
TRAIN_5248,HNSC,STES
TRAIN_5249,KIRC,KIRC
TRAIN_5250,BRCA,BRCA
TRAIN_5251,STES,STES
TRAIN_5252,LAML,LAML
TRAIN_5253,HNSC,HNSC
TRAIN_5254,GBMLGG,GBMLGG
TRAIN_5255,GBMLGG,GBMLGG
TRAIN_5256,LUSC,LUSC
TRAIN_5257,BRCA,BRCA
TRAIN_5258,LGG,LGG
TRAIN_5259,BLCA,BLCA
TRAIN_5260,UCEC,UCEC
TRAIN_5261,THYM,PCPG
TRAIN_5262,OV,PAAD
TRAIN_5263,GBMLGG,GBMLGG
TRAIN_5264,OV,OV
TRAIN_5265,GBMLGG,GBMLGG
TRAIN_5266,BRCA,BRCA
TRAIN_5267,GBMLGG,GBMLGG
TRAIN_5268,BRCA,BRCA
TRAIN_5269,LGG,LGG
TRAIN_5270,UCEC,STES
TRAIN_5271,KIPAN,LUAD
TRAIN_5272,KIRC,KIRC
TRAIN_5273,DLBC,DLBC
TRAIN_5274,LUSC,OV
TRAIN_5275,SARC,LAML
TRAIN_5276,KIPAN,KIPAN
TRAIN_5277,ACC,ACC
TRAIN_5278,HNSC,KIPAN
TRAIN_5279,THCA,THCA
TRAIN_5280,KIPAN,KIRC
TRAIN_5281,HNSC,HNSC
TRAIN_5282,LUAD,LUSC
TRAIN_5283,PRAD,PRAD
TRAIN_5284,TGCT,TGCT
TRAIN_5285,OV,OV
TRAIN_5286,SARC,PAAD
TRAIN_5287,THCA,THCA
TRAIN_5288,COAD,DLBC
TRAIN_5289,BRCA,BRCA
TRAIN_5290,KIPAN,KIPAN
TRAIN_5291,LAML,THYM
TRAIN_5292,BRCA,BRCA
TRAIN_5293,UCEC,UCEC
TRAIN_5294,COAD,COAD
TRAIN_5295,LUSC,LUSC
TRAIN_5296,GBMLGG,UCEC
TRAIN_5297,LAML,THYM
TRAIN_5298,THCA,THCA
TRAIN_5299,BRCA,CESC
TRAIN_5300,BRCA,BRCA
TRAIN_5301,KIPAN,KIPAN
TRAIN_5302,LAML,LAML
TRAIN_5303,GBMLGG,GBMLGG
TRAIN_5304,BRCA,PCPG
TRAIN_5305,STES,UCEC
TRAIN_5306,KIRC,KIRC
TRAIN_5307,BRCA,CESC
TRAIN_5308,BRCA,BRCA
TRAIN_5309,HNSC,HNSC
TRAIN_5310,KIPAN,KIPAN
TRAIN_5311,LUAD,LUSC
TRAIN_5312,UCEC,UCEC
TRAIN_5313,BRCA,BRCA
TRAIN_5314,COAD,COAD
TRAIN_5315,KIPAN,LIHC
TRAIN_5316,KIRC,KIRC
TRAIN_5317,SKCM,COAD
TRAIN_5318,BLCA,BLCA
TRAIN_5319,DLBC,DLBC
TRAIN_5320,TGCT,TGCT
TRAIN_5321,PRAD,PRAD
TRAIN_5322,BRCA,PCPG
TRAIN_5323,LGG,LGG
TRAIN_5324,STES,STES
TRAIN_5325,KIPAN,KIPAN
TRAIN_5326,GBMLGG,GBMLGG
TRAIN_5327,STES,HNSC
TRAIN_5328,BRCA,GBMLGG
TRAIN_5329,ACC,ACC
TRAIN_5330,SARC,SARC
TRAIN_5331,SARC,PRAD
TRAIN_5332,PCPG,PRAD
TRAIN_5333,THCA,PCPG
TRAIN_5334,THCA,THCA
TRAIN_5335,OV,LUSC
TRAIN_5336,LUSC,LUSC
TRAIN_5337,KIPAN,KIPAN
TRAIN_5338,COAD,COAD
TRAIN_5339,LUSC,LUSC
TRAIN_5340,UCEC,UCEC
TRAIN_5341,GBMLGG,GBMLGG
TRAIN_5342,STES,STES
TRAIN_5343,SKCM,BLCA
TRAIN_5344,CESC,GBMLGG
TRAIN_5345,KIPAN,THYM
TRAIN_5346,BRCA,HNSC
TRAIN_5347,THCA,THCA
TRAIN_5348,BRCA,PRAD
TRAIN_5349,SARC,OV
TRAIN_5350,KIRC,KIRC
TRAIN_5351,PCPG,PCPG
TRAIN_5352,COAD,COAD
TRAIN_5353,HNSC,OV
TRAIN_5354,PRAD,THYM
TRAIN_5355,BRCA,OV
TRAIN_5356,LIHC,LIHC
TRAIN_5357,GBMLGG,GBMLGG
TRAIN_5358,THCA,THYM
TRAIN_5359,LIHC,LIHC
TRAIN_5360,KIRC,OV
TRAIN_5361,LIHC,LIHC
TRAIN_5362,UCEC,OV
TRAIN_5363,KIPAN,KIRC
TRAIN_5364,TGCT,PRAD
TRAIN_5365,TGCT,PRAD
TRAIN_5366,DLBC,DLBC
TRAIN_5367,THCA,PRAD
TRAIN_5368,BRCA,BRCA
TRAIN_5369,KIRC,KIRC
TRAIN_5370,STES,STES
TRAIN_5371,BRCA,BRCA
TRAIN_5372,UCEC,UCEC
TRAIN_5373,THCA,SARC
TRAIN_5374,BRCA,BRCA
TRAIN_5375,COAD,UCEC
TRAIN_5376,HNSC,LUAD
TRAIN_5377,SKCM,SKCM
TRAIN_5378,KIPAN,KIPAN
TRAIN_5379,THYM,THYM
TRAIN_5380,GBMLGG,GBMLGG
TRAIN_5381,BRCA,PRAD
TRAIN_5382,GBMLGG,GBMLGG
TRAIN_5383,PRAD,PRAD
TRAIN_5384,COAD,COAD
TRAIN_5385,LIHC,UCEC
TRAIN_5386,SKCM,SKCM
TRAIN_5387,BRCA,CESC
TRAIN_5388,HNSC,LAML
TRAIN_5389,PCPG,SARC
TRAIN_5390,KIPAN,KIRC
TRAIN_5391,KIPAN,KIPAN
TRAIN_5392,BRCA,BRCA
TRAIN_5393,PAAD,PAAD
TRAIN_5394,LAML,LAML
TRAIN_5395,LIHC,LIHC
TRAIN_5396,KIPAN,KIPAN
TRAIN_5397,CESC,BLCA
TRAIN_5398,BRCA,BRCA
TRAIN_5399,HNSC,HNSC
TRAIN_5400,BLCA,PCPG
TRAIN_5401,LUAD,OV
TRAIN_5402,LUSC,LUAD
TRAIN_5403,LUAD,LUSC
TRAIN_5404,GBMLGG,GBMLGG
TRAIN_5405,SKCM,SKCM
TRAIN_5406,LAML,LAML
TRAIN_5407,THCA,PCPG
TRAIN_5408,BLCA,KIPAN
TRAIN_5409,KIRC,KIRC
TRAIN_5410,KIPAN,KIPAN
TRAIN_5411,PAAD,PAAD
TRAIN_5412,KIPAN,KIPAN
TRAIN_5413,SARC,OV
TRAIN_5414,PRAD,LUSC
TRAIN_5415,HNSC,BLCA
TRAIN_5416,LUAD,PAAD
TRAIN_5417,THCA,THCA
TRAIN_5418,GBMLGG,GBMLGG
TRAIN_5419,THCA,THCA
TRAIN_5420,THCA,THCA
TRAIN_5421,LIHC,LIHC
TRAIN_5422,KIPAN,KIPAN
TRAIN_5423,STES,COAD
TRAIN_5424,GBMLGG,BRCA
TRAIN_5425,UCEC,UCEC
TRAIN_5426,SARC,HNSC
TRAIN_5427,LAML,PCPG
TRAIN_5428,SKCM,SKCM
TRAIN_5429,ACC,ACC
TRAIN_5430,OV,OV
TRAIN_5431,SARC,THCA
TRAIN_5432,GBMLGG,PAAD
TRAIN_5433,KIPAN,KIRC
TRAIN_5434,KIRC,KIPAN
TRAIN_5435,KIRC,KIRC
TRAIN_5436,HNSC,PRAD
TRAIN_5437,BRCA,BRCA
TRAIN_5438,LIHC,LIHC
TRAIN_5439,LUAD,COAD
TRAIN_5440,PRAD,PRAD
TRAIN_5441,KIPAN,KIPAN
TRAIN_5442,SARC,OV
TRAIN_5443,BLCA,BLCA
TRAIN_5444,OV,SARC
TRAIN_5445,KIPAN,KIRC
TRAIN_5446,SKCM,SKCM
TRAIN_5447,BRCA,ACC
TRAIN_5448,PRAD,PCPG
TRAIN_5449,KIPAN,KIPAN
TRAIN_5450,SKCM,SKCM
TRAIN_5451,PAAD,COAD
TRAIN_5452,STES,STES
TRAIN_5453,KIRC,DLBC
TRAIN_5454,ACC,ACC
TRAIN_5455,STES,UCEC
TRAIN_5456,KIPAN,STES
TRAIN_5457,LGG,GBMLGG
TRAIN_5458,OV,LUSC
TRAIN_5459,KIRC,KIRC
TRAIN_5460,STES,STES
TRAIN_5461,STES,STES
TRAIN_5462,OV,THCA
TRAIN_5463,BRCA,BRCA
TRAIN_5464,PRAD,PRAD
TRAIN_5465,KIPAN,KIRC
TRAIN_5466,PRAD,PRAD
TRAIN_5467,LUAD,PRAD
TRAIN_5468,KIRC,KIRC
TRAIN_5469,BRCA,CESC
TRAIN_5470,GBMLGG,GBMLGG
TRAIN_5471,BRCA,HNSC
TRAIN_5472,SKCM,SKCM
TRAIN_5473,PAAD,PAAD
TRAIN_5474,STES,HNSC
TRAIN_5475,KIPAN,KIPAN
TRAIN_5476,BRCA,OV
TRAIN_5477,LUSC,LUSC
TRAIN_5478,KIRC,KIPAN
TRAIN_5479,LGG,GBMLGG
TRAIN_5480,COAD,COAD
TRAIN_5481,LGG,LGG
TRAIN_5482,KIRC,KIRC
TRAIN_5483,GBMLGG,PAAD
TRAIN_5484,KIRC,KIRC
TRAIN_5485,OV,OV
TRAIN_5486,LUSC,HNSC
TRAIN_5487,GBMLGG,GBMLGG
TRAIN_5488,BRCA,BRCA
TRAIN_5489,UCEC,UCEC
TRAIN_5490,BRCA,BRCA
TRAIN_5491,BRCA,SARC
TRAIN_5492,GBMLGG,LGG
TRAIN_5493,THCA,PCPG
TRAIN_5494,UCEC,UCEC
TRAIN_5495,SKCM,SKCM
TRAIN_5496,LIHC,TGCT
TRAIN_5497,BLCA,HNSC
TRAIN_5498,BRCA,BRCA
TRAIN_5499,SARC,LIHC
TRAIN_5500,UCEC,UCEC
TRAIN_5501,PRAD,PRAD
TRAIN_5502,LIHC,LUSC
TRAIN_5503,COAD,COAD
TRAIN_5504,KIRC,KIRC
TRAIN_5505,PRAD,OV
TRAIN_5506,STES,STES
TRAIN_5507,LUAD,LUAD
TRAIN_5508,THCA,THCA
TRAIN_5509,UCEC,PAAD
TRAIN_5510,THCA,PCPG
TRAIN_5511,PRAD,PRAD
TRAIN_5512,GBMLGG,GBMLGG
TRAIN_5513,SARC,SARC
TRAIN_5514,HNSC,HNSC
TRAIN_5515,KIPAN,LIHC
TRAIN_5516,SARC,THYM
TRAIN_5517,HNSC,BLCA
TRAIN_5518,THCA,PCPG
TRAIN_5519,BRCA,BRCA
TRAIN_5520,PAAD,GBMLGG
TRAIN_5521,SARC,SARC
TRAIN_5522,PAAD,PAAD
TRAIN_5523,UCEC,COAD
TRAIN_5524,KIRC,KIRC
TRAIN_5525,THYM,THYM
TRAIN_5526,LGG,GBMLGG
TRAIN_5527,BRCA,PRAD
TRAIN_5528,GBMLGG,SARC
TRAIN_5529,THYM,THYM
TRAIN_5530,UCEC,UCEC
TRAIN_5531,HNSC,HNSC
TRAIN_5532,BRCA,LIHC
TRAIN_5533,THCA,THCA
TRAIN_5534,STES,STES
TRAIN_5535,KIRC,KIRC
TRAIN_5536,BRCA,BRCA
TRAIN_5537,GBMLGG,LGG
TRAIN_5538,BRCA,BRCA
TRAIN_5539,SARC,LAML
TRAIN_5540,SARC,PCPG
TRAIN_5541,COAD,COAD
TRAIN_5542,UCEC,UCEC
TRAIN_5543,STES,BLCA
TRAIN_5544,UCEC,UCEC
TRAIN_5545,LGG,LGG
TRAIN_5546,GBMLGG,GBMLGG
TRAIN_5547,BRCA,OV
TRAIN_5548,UCEC,UCEC
TRAIN_5549,PRAD,PRAD
TRAIN_5550,CESC,BRCA
TRAIN_5551,BRCA,BRCA
TRAIN_5552,KIPAN,KIPAN
TRAIN_5553,SKCM,SKCM
TRAIN_5554,GBMLGG,LUAD
TRAIN_5555,THCA,SKCM
TRAIN_5556,GBMLGG,GBMLGG
TRAIN_5557,LGG,LGG
TRAIN_5558,KIPAN,KIPAN
TRAIN_5559,LUAD,LUSC
TRAIN_5560,UCEC,UCEC
TRAIN_5561,PRAD,PRAD
TRAIN_5562,ACC,ACC
TRAIN_5563,LUAD,LUAD
TRAIN_5564,SARC,PRAD
TRAIN_5565,GBMLGG,LGG
TRAIN_5566,BLCA,LUSC
TRAIN_5567,ACC,ACC
TRAIN_5568,KIRC,KIPAN
TRAIN_5569,OV,LUSC
TRAIN_5570,STES,STES
TRAIN_5571,UCEC,BRCA
TRAIN_5572,HNSC,LUSC
TRAIN_5573,BRCA,KIPAN
TRAIN_5574,LAML,PCPG
TRAIN_5575,STES,STES
TRAIN_5576,KIPAN,KIPAN
TRAIN_5577,PRAD,PRAD
TRAIN_5578,LGG,LGG
TRAIN_5579,LUAD,LUAD
TRAIN_5580,STES,GBMLGG
TRAIN_5581,BRCA,GBMLGG
TRAIN_5582,TGCT,TGCT
TRAIN_5583,BRCA,BRCA
TRAIN_5584,BRCA,LUAD
TRAIN_5585,BRCA,COAD
TRAIN_5586,OV,OV
TRAIN_5587,LGG,LGG
TRAIN_5588,LGG,GBMLGG
TRAIN_5589,PRAD,SARC
TRAIN_5590,PRAD,PRAD
TRAIN_5591,SARC,KIRC
TRAIN_5592,BRCA,LUAD
TRAIN_5593,DLBC,PAAD
TRAIN_5594,BRCA,BRCA
TRAIN_5595,OV,LIHC
TRAIN_5596,COAD,PRAD
TRAIN_5597,STES,STES
TRAIN_5598,KIRC,KIRC
TRAIN_5599,PAAD,OV
TRAIN_5600,GBMLGG,PAAD
TRAIN_5601,BRCA,BRCA
TRAIN_5602,LUSC,LUSC
TRAIN_5603,THCA,PRAD
TRAIN_5604,STES,STES
TRAIN_5605,UCEC,UCEC
TRAIN_5606,LUSC,LUAD
TRAIN_5607,LGG,LGG
TRAIN_5608,LAML,LAML
TRAIN_5609,TGCT,TGCT
TRAIN_5610,COAD,COAD
TRAIN_5611,PAAD,PAAD
TRAIN_5612,COAD,COAD
TRAIN_5613,STES,STES
TRAIN_5614,BRCA,BRCA
TRAIN_5615,KIPAN,KIPAN
TRAIN_5616,KIPAN,KIPAN
TRAIN_5617,KIPAN,LUSC
TRAIN_5618,THCA,PCPG
TRAIN_5619,STES,TGCT
TRAIN_5620,BRCA,PRAD
TRAIN_5621,THCA,THCA
TRAIN_5622,STES,LUAD
TRAIN_5623,KIPAN,KIPAN
TRAIN_5624,STES,STES
TRAIN_5625,THCA,THYM
TRAIN_5626,KIRC,SARC
TRAIN_5627,HNSC,LUSC
TRAIN_5628,LUAD,LUSC
TRAIN_5629,LIHC,COAD
TRAIN_5630,THCA,THCA
TRAIN_5631,KIPAN,KIRC
TRAIN_5632,HNSC,CESC
TRAIN_5633,THCA,THCA
TRAIN_5634,TGCT,TGCT
TRAIN_5635,BRCA,BRCA
TRAIN_5636,KIPAN,KIPAN
TRAIN_5637,OV,STES
TRAIN_5638,BRCA,PCPG
TRAIN_5639,THCA,THCA
TRAIN_5640,PRAD,PRAD
TRAIN_5641,LUSC,LUSC
TRAIN_5642,SKCM,SKCM
TRAIN_5643,SARC,PCPG
TRAIN_5644,COAD,CESC
TRAIN_5645,KIPAN,KIPAN
TRAIN_5646,TGCT,TGCT
TRAIN_5647,LGG,LGG
TRAIN_5648,THYM,THYM
TRAIN_5649,GBMLGG,LGG
TRAIN_5650,PRAD,PRAD
TRAIN_5651,LUAD,GBMLGG
TRAIN_5652,STES,STES
TRAIN_5653,KIPAN,LIHC
TRAIN_5654,LIHC,LGG
TRAIN_5655,HNSC,GBMLGG
TRAIN_5656,GBMLGG,GBMLGG
TRAIN_5657,GBMLGG,LGG
TRAIN_5658,KIPAN,KIPAN
TRAIN_5659,UCEC,UCEC
TRAIN_5660,SKCM,SKCM
TRAIN_5661,LIHC,STES
TRAIN_5662,HNSC,BLCA
TRAIN_5663,GBMLGG,GBMLGG
TRAIN_5664,BRCA,BRCA
TRAIN_5665,BRCA,PAAD
TRAIN_5666,BRCA,BRCA
TRAIN_5667,STES,PAAD
TRAIN_5668,KIPAN,KIPAN
TRAIN_5669,STES,UCEC
TRAIN_5670,BRCA,BRCA
TRAIN_5671,PRAD,PRAD
TRAIN_5672,BRCA,STES
TRAIN_5673,LUAD,LUAD
TRAIN_5674,HNSC,HNSC
TRAIN_5675,BRCA,BRCA
TRAIN_5676,LGG,LGG
TRAIN_5677,KIPAN,KIPAN
TRAIN_5678,UCEC,UCEC
TRAIN_5679,STES,LUSC
TRAIN_5680,LUSC,BLCA
TRAIN_5681,TGCT,TGCT
TRAIN_5682,LUAD,LUAD
TRAIN_5683,UCEC,UCEC
TRAIN_5684,THYM,PAAD
TRAIN_5685,BRCA,PRAD
TRAIN_5686,BRCA,PAAD
TRAIN_5687,GBMLGG,GBMLGG
TRAIN_5688,KIPAN,KIRC
TRAIN_5689,BLCA,HNSC
TRAIN_5690,CESC,BRCA
TRAIN_5691,LGG,LAML
TRAIN_5692,KIPAN,KIPAN
TRAIN_5693,BRCA,OV
TRAIN_5694,PCPG,PCPG
TRAIN_5695,BRCA,BRCA
TRAIN_5696,BRCA,BRCA
TRAIN_5697,PRAD,PRAD
TRAIN_5698,LAML,PRAD
TRAIN_5699,HNSC,HNSC
TRAIN_5700,TGCT,TGCT
TRAIN_5701,LUAD,LUAD
TRAIN_5702,TGCT,TGCT
TRAIN_5703,KIRC,KIRC
TRAIN_5704,PRAD,PRAD
TRAIN_5705,UCEC,COAD
TRAIN_5706,SKCM,SKCM
TRAIN_5707,SKCM,SKCM
TRAIN_5708,LAML,THYM
TRAIN_5709,BRCA,CESC
TRAIN_5710,OV,OV
TRAIN_5711,KIPAN,LIHC
TRAIN_5712,KIRC,KIRC
TRAIN_5713,THCA,PRAD
TRAIN_5714,SKCM,SKCM
TRAIN_5715,BRCA,BRCA
TRAIN_5716,THCA,THYM
TRAIN_5717,BLCA,BLCA
TRAIN_5718,BRCA,PRAD
TRAIN_5719,OV,TGCT
TRAIN_5720,STES,STES
TRAIN_5721,STES,SARC
TRAIN_5722,SARC,SARC
TRAIN_5723,LAML,LAML
TRAIN_5724,HNSC,STES
TRAIN_5725,TGCT,TGCT
TRAIN_5726,THCA,THCA
TRAIN_5727,THCA,PRAD
TRAIN_5728,KIPAN,KIPAN
TRAIN_5729,HNSC,HNSC
TRAIN_5730,THYM,THYM
TRAIN_5731,STES,BLCA
TRAIN_5732,SKCM,SKCM
TRAIN_5733,BRCA,BRCA
TRAIN_5734,THCA,THCA
TRAIN_5735,PCPG,SARC
TRAIN_5736,STES,STES
TRAIN_5737,KIRC,GBMLGG
TRAIN_5738,OV,OV
TRAIN_5739,PCPG,PCPG
TRAIN_5740,PCPG,PCPG
TRAIN_5741,LGG,GBMLGG
TRAIN_5742,TGCT,TGCT
TRAIN_5743,THCA,THCA
TRAIN_5744,SKCM,SKCM
TRAIN_5745,BRCA,UCEC
TRAIN_5746,GBMLGG,GBMLGG
TRAIN_5747,LAML,PRAD
TRAIN_5748,LUSC,SKCM
TRAIN_5749,PAAD,THYM
TRAIN_5750,KIPAN,BRCA
TRAIN_5751,GBMLGG,GBMLGG
TRAIN_5752,KIPAN,KIPAN
TRAIN_5753,LGG,LGG
TRAIN_5754,LUSC,BLCA
TRAIN_5755,GBMLGG,GBMLGG
TRAIN_5756,CESC,PRAD
TRAIN_5757,KIPAN,KIPAN
TRAIN_5758,BRCA,OV
TRAIN_5759,SKCM,SKCM
TRAIN_5760,SARC,SARC
TRAIN_5761,GBMLGG,GBMLGG
TRAIN_5762,BRCA,LIHC
TRAIN_5763,LGG,LGG
TRAIN_5764,STES,STES
TRAIN_5765,OV,OV
TRAIN_5766,LUSC,LUSC
TRAIN_5767,KIRC,PCPG
TRAIN_5768,LUAD,LUSC
TRAIN_5769,BRCA,PAAD
TRAIN_5770,KIPAN,KIPAN
TRAIN_5771,PCPG,PCPG
TRAIN_5772,TGCT,TGCT
TRAIN_5773,KIRC,PAAD
TRAIN_5774,THCA,THCA
TRAIN_5775,PAAD,OV
TRAIN_5776,LAML,LAML
TRAIN_5777,COAD,UCEC
TRAIN_5778,COAD,COAD
TRAIN_5779,GBMLGG,LGG
TRAIN_5780,KIPAN,LIHC
TRAIN_5781,THCA,PRAD
TRAIN_5782,STES,STES
TRAIN_5783,BRCA,OV
TRAIN_5784,LGG,LGG
TRAIN_5785,SKCM,SKCM
TRAIN_5786,PAAD,PAAD
TRAIN_5787,LGG,LGG
TRAIN_5788,COAD,COAD
TRAIN_5789,SKCM,SKCM
TRAIN_5790,BRCA,CESC
TRAIN_5791,LUAD,GBMLGG
TRAIN_5792,LIHC,LIHC
TRAIN_5793,KIPAN,PCPG
TRAIN_5794,STES,STES
TRAIN_5795,BRCA,BRCA
TRAIN_5796,KIRC,KIRC
TRAIN_5797,SARC,COAD
TRAIN_5798,SARC,THYM
TRAIN_5799,UCEC,UCEC
TRAIN_5800,TGCT,TGCT
TRAIN_5801,KIPAN,KIPAN
TRAIN_5802,STES,PAAD
TRAIN_5803,GBMLGG,LGG
TRAIN_5804,THYM,THYM
TRAIN_5805,PCPG,PCPG
TRAIN_5806,BRCA,OV
TRAIN_5807,HNSC,BRCA
TRAIN_5808,BRCA,BRCA
TRAIN_5809,UCEC,UCEC
TRAIN_5810,GBMLGG,LGG
TRAIN_5811,OV,OV
TRAIN_5812,PRAD,PRAD
TRAIN_5813,TGCT,TGCT
TRAIN_5814,COAD,COAD
TRAIN_5815,HNSC,PAAD
TRAIN_5816,LAML,THYM
TRAIN_5817,GBMLGG,LGG
TRAIN_5818,SKCM,SKCM
TRAIN_5819,SKCM,TGCT
TRAIN_5820,OV,LGG
TRAIN_5821,SKCM,SKCM
TRAIN_5822,OV,OV
TRAIN_5823,THCA,THCA
TRAIN_5824,SKCM,KIRC
TRAIN_5825,LIHC,LIHC
TRAIN_5826,THCA,PRAD
TRAIN_5827,ACC,ACC
TRAIN_5828,KIPAN,KIPAN
TRAIN_5829,COAD,COAD
TRAIN_5830,BRCA,PRAD
TRAIN_5831,THCA,THCA
TRAIN_5832,GBMLGG,GBMLGG
TRAIN_5833,UCEC,COAD
TRAIN_5834,PCPG,THYM
TRAIN_5835,BRCA,BRCA
TRAIN_5836,KIPAN,KIPAN
TRAIN_5837,KIPAN,TGCT
TRAIN_5838,SKCM,SKCM
TRAIN_5839,PAAD,PAAD
TRAIN_5840,COAD,COAD
TRAIN_5841,GBMLGG,GBMLGG
TRAIN_5842,COAD,COAD
TRAIN_5843,GBMLGG,UCEC
TRAIN_5844,UCEC,UCEC
TRAIN_5845,LIHC,DLBC
TRAIN_5846,SARC,COAD
TRAIN_5847,KIPAN,KIPAN
TRAIN_5848,BRCA,THYM
TRAIN_5849,COAD,COAD
TRAIN_5850,COAD,COAD
TRAIN_5851,BRCA,STES
TRAIN_5852,KIPAN,KIPAN
TRAIN_5853,SKCM,SKCM
TRAIN_5854,THCA,THCA
TRAIN_5855,PCPG,THYM
TRAIN_5856,OV,LIHC
TRAIN_5857,KIRC,KIRC
TRAIN_5858,BRCA,PCPG
TRAIN_5859,SARC,TGCT
TRAIN_5860,LIHC,PAAD
TRAIN_5861,STES,LUAD
TRAIN_5862,LIHC,LIHC
TRAIN_5863,BRCA,BRCA
TRAIN_5864,BRCA,OV
TRAIN_5865,BRCA,OV
TRAIN_5866,UCEC,UCEC
TRAIN_5867,LUAD,LUSC
TRAIN_5868,BRCA,PCPG
TRAIN_5869,COAD,COAD
TRAIN_5870,LGG,LGG
TRAIN_5871,KIPAN,PCPG
TRAIN_5872,BRCA,SARC
TRAIN_5873,KIPAN,KIPAN
TRAIN_5874,OV,OV
TRAIN_5875,LGG,LGG
TRAIN_5876,BRCA,BRCA
TRAIN_5877,KIRC,KIRC
TRAIN_5878,KIRC,KIRC
TRAIN_5879,THCA,THCA
TRAIN_5880,PAAD,PAAD
TRAIN_5881,SKCM,SKCM
TRAIN_5882,KIRC,KIRC
TRAIN_5883,BRCA,STES
TRAIN_5884,KIRC,KIRC
TRAIN_5885,GBMLGG,LGG
TRAIN_5886,KIPAN,KIPAN
TRAIN_5887,GBMLGG,HNSC
TRAIN_5888,GBMLGG,LGG
TRAIN_5889,STES,STES
TRAIN_5890,UCEC,UCEC
TRAIN_5891,SARC,PRAD
TRAIN_5892,PCPG,PCPG
TRAIN_5893,KIRC,KIRC
TRAIN_5894,CESC,CESC
TRAIN_5895,HNSC,HNSC
TRAIN_5896,BLCA,HNSC
TRAIN_5897,SKCM,SKCM
TRAIN_5898,GBMLGG,GBMLGG
TRAIN_5899,PRAD,PRAD
TRAIN_5900,PAAD,PAAD
TRAIN_5901,ACC,ACC
TRAIN_5902,PRAD,LUAD
TRAIN_5903,SARC,PRAD
TRAIN_5904,KIPAN,SARC
TRAIN_5905,GBMLGG,KIRC
TRAIN_5906,HNSC,SARC
TRAIN_5907,STES,PRAD
TRAIN_5908,KIPAN,KIRC
TRAIN_5909,PRAD,PRAD
TRAIN_5910,HNSC,UCEC
TRAIN_5911,PRAD,PRAD
TRAIN_5912,CESC,CESC
TRAIN_5913,HNSC,LIHC
TRAIN_5914,STES,STES
TRAIN_5915,UCEC,UCEC
TRAIN_5916,OV,OV
TRAIN_5917,ACC,ACC
TRAIN_5918,KIRC,KIRC
TRAIN_5919,PCPG,THYM
TRAIN_5920,BRCA,STES
TRAIN_5921,COAD,COAD
TRAIN_5922,PRAD,THYM
TRAIN_5923,LAML,LAML
TRAIN_5924,HNSC,PAAD
TRAIN_5925,UCEC,UCEC
TRAIN_5926,KIPAN,KIPAN
TRAIN_5927,PCPG,PCPG
TRAIN_5928,LGG,LGG
TRAIN_5929,BRCA,SARC
TRAIN_5930,SARC,OV
TRAIN_5931,KIPAN,KIPAN
TRAIN_5932,STES,STES
TRAIN_5933,SKCM,SKCM
TRAIN_5934,KIPAN,BRCA
TRAIN_5935,UCEC,UCEC
TRAIN_5936,KIRC,KIRC
TRAIN_5937,LUAD,BLCA
TRAIN_5938,PAAD,PAAD
TRAIN_5939,GBMLGG,GBMLGG
TRAIN_5940,PAAD,PAAD
TRAIN_5941,KIRC,KIRC
TRAIN_5942,SARC,SKCM
TRAIN_5943,CESC,BLCA
TRAIN_5944,BRCA,OV
TRAIN_5945,LAML,LAML
TRAIN_5946,KIRC,TGCT
TRAIN_5947,KIPAN,KIPAN
TRAIN_5948,BRCA,TGCT
TRAIN_5949,SARC,SARC
TRAIN_5950,PCPG,PRAD
TRAIN_5951,LGG,LGG
TRAIN_5952,STES,CESC
TRAIN_5953,CESC,CESC
TRAIN_5954,TGCT,TGCT
TRAIN_5955,BRCA,PCPG
TRAIN_5956,THCA,PCPG
TRAIN_5957,BRCA,BRCA
TRAIN_5958,KIRC,KIRC
TRAIN_5959,BRCA,BRCA
TRAIN_5960,KIPAN,KIRC
TRAIN_5961,OV,PCPG
TRAIN_5962,SARC,PRAD
TRAIN_5963,THCA,PCPG
TRAIN_5964,SARC,PRAD
TRAIN_5965,LIHC,LIHC
TRAIN_5966,BRCA,CESC
TRAIN_5967,SARC,SARC
TRAIN_5968,BRCA,SARC
TRAIN_5969,LAML,LAML
TRAIN_5970,THCA,CESC
TRAIN_5971,THCA,PCPG
TRAIN_5972,THCA,THYM
TRAIN_5973,THCA,THCA
TRAIN_5974,GBMLGG,GBMLGG
TRAIN_5975,BRCA,BRCA
TRAIN_5976,BRCA,OV
TRAIN_5977,HNSC,PCPG
TRAIN_5978,SKCM,SKCM
TRAIN_5979,KIPAN,KIPAN
TRAIN_5980,UCEC,UCEC
TRAIN_5981,BRCA,BRCA
TRAIN_5982,GBMLGG,SARC
TRAIN_5983,THCA,PRAD
TRAIN_5984,THYM,THYM
TRAIN_5985,LIHC,HNSC
TRAIN_5986,LIHC,LIHC
TRAIN_5987,LUSC,LUSC
TRAIN_5988,LAML,LAML
TRAIN_5989,KIPAN,KIRC
TRAIN_5990,LIHC,LIHC
TRAIN_5991,STES,STES
TRAIN_5992,HNSC,PAAD
TRAIN_5993,HNSC,CESC
TRAIN_5994,PRAD,PRAD
TRAIN_5995,LUSC,LUSC
TRAIN_5996,GBMLGG,LAML
TRAIN_5997,SARC,SARC
TRAIN_5998,STES,LUAD
TRAIN_5999,THCA,THCA
TRAIN_6000,PCPG,PRAD
TRAIN_6001,SKCM,SKCM
TRAIN_6002,BRCA,CESC
TRAIN_6003,THCA,PCPG
TRAIN_6004,STES,KIPAN
TRAIN_6005,BRCA,BRCA
TRAIN_6006,KIPAN,ACC
TRAIN_6007,LAML,PRAD
TRAIN_6008,THYM,SARC
TRAIN_6009,LGG,LGG
TRAIN_6010,KIPAN,KIPAN
TRAIN_6011,BRCA,BRCA
TRAIN_6012,BRCA,BRCA
TRAIN_6013,PRAD,PRAD
TRAIN_6014,SKCM,SKCM
TRAIN_6015,SKCM,SKCM
TRAIN_6016,LUAD,LUAD
TRAIN_6017,BRCA,STES
TRAIN_6018,GBMLGG,LGG
TRAIN_6019,BRCA,BRCA
TRAIN_6020,KIPAN,KIPAN
TRAIN_6021,KIRC,KIRC
TRAIN_6022,KIPAN,KIRC
TRAIN_6023,LUAD,GBMLGG
TRAIN_6024,KIPAN,TGCT
TRAIN_6025,STES,LUSC
TRAIN_6026,CESC,UCEC
TRAIN_6027,KIPAN,KIRC
TRAIN_6028,PRAD,PRAD
TRAIN_6029,LIHC,LIHC
TRAIN_6030,BRCA,PRAD
TRAIN_6031,GBMLGG,GBMLGG
TRAIN_6032,THYM,LAML
TRAIN_6033,BRCA,BRCA
TRAIN_6034,OV,OV
TRAIN_6035,ACC,ACC
TRAIN_6036,LGG,SARC
TRAIN_6037,THYM,THYM
TRAIN_6038,UCEC,COAD
TRAIN_6039,GBMLGG,GBMLGG
TRAIN_6040,BRCA,BRCA
TRAIN_6041,KIPAN,KIPAN
TRAIN_6042,STES,PAAD
TRAIN_6043,TGCT,TGCT
TRAIN_6044,KIRC,KIPAN
TRAIN_6045,BRCA,BRCA
TRAIN_6046,THCA,THCA
TRAIN_6047,GBMLGG,PAAD
TRAIN_6048,KIPAN,KIPAN
TRAIN_6049,UCEC,UCEC
TRAIN_6050,LGG,GBMLGG
TRAIN_6051,DLBC,STES
TRAIN_6052,THCA,THCA
TRAIN_6053,GBMLGG,GBMLGG
TRAIN_6054,KIPAN,KIPAN
TRAIN_6055,STES,GBMLGG
TRAIN_6056,LUSC,LUSC
TRAIN_6057,KIPAN,KIPAN
TRAIN_6058,STES,STES
TRAIN_6059,SKCM,SKCM
TRAIN_6060,SARC,PRAD
TRAIN_6061,BRCA,OV
TRAIN_6062,SKCM,SKCM
TRAIN_6063,KIRC,KIRC
TRAIN_6064,KIRC,KIRC
TRAIN_6065,BRCA,BRCA
TRAIN_6066,BRCA,CESC
TRAIN_6067,PCPG,LGG
TRAIN_6068,UCEC,UCEC
TRAIN_6069,LGG,LAML
TRAIN_6070,PRAD,PRAD
TRAIN_6071,GBMLGG,LGG
TRAIN_6072,STES,STES
TRAIN_6073,LUAD,HNSC
TRAIN_6074,THCA,THYM
TRAIN_6075,KIRC,KIRC
TRAIN_6076,LUAD,PRAD
TRAIN_6077,OV,OV
TRAIN_6078,SARC,BRCA
TRAIN_6079,GBMLGG,DLBC
TRAIN_6080,TGCT,TGCT
TRAIN_6081,SKCM,SKCM
TRAIN_6082,ACC,TGCT
TRAIN_6083,BRCA,BRCA
TRAIN_6084,THCA,THCA
TRAIN_6085,HNSC,HNSC
TRAIN_6086,GBMLGG,UCEC
TRAIN_6087,GBMLGG,GBMLGG
TRAIN_6088,KIPAN,PAAD
TRAIN_6089,LIHC,UCEC
TRAIN_6090,STES,COAD
TRAIN_6091,KIPAN,KIRC
TRAIN_6092,THCA,THCA
TRAIN_6093,KIPAN,KIPAN
TRAIN_6094,BRCA,BRCA
TRAIN_6095,SARC,PRAD
TRAIN_6096,KIPAN,KIPAN
TRAIN_6097,BRCA,BRCA
TRAIN_6098,OV,PRAD
TRAIN_6099,STES,STES
TRAIN_6100,STES,STES
TRAIN_6101,BRCA,BRCA
TRAIN_6102,PAAD,SARC
TRAIN_6103,LAML,LAML
TRAIN_6104,PCPG,THYM
TRAIN_6105,THCA,PCPG
TRAIN_6106,GBMLGG,TGCT
TRAIN_6107,LGG,LGG
TRAIN_6108,LIHC,OV
TRAIN_6109,LGG,LGG
TRAIN_6110,TGCT,STES
TRAIN_6111,KIPAN,LIHC
TRAIN_6112,COAD,COAD
TRAIN_6113,THCA,THCA
TRAIN_6114,BRCA,SARC
TRAIN_6115,PCPG,PCPG
TRAIN_6116,LGG,THYM
TRAIN_6117,CESC,CESC
TRAIN_6118,LIHC,TGCT
TRAIN_6119,KIRC,BRCA
TRAIN_6120,KIPAN,KIPAN
TRAIN_6121,BRCA,CESC
TRAIN_6122,STES,COAD
TRAIN_6123,BLCA,BLCA
TRAIN_6124,LIHC,LIHC
TRAIN_6125,LGG,LGG
TRAIN_6126,BRCA,PRAD
TRAIN_6127,HNSC,BLCA
TRAIN_6128,GBMLGG,LGG
TRAIN_6129,OV,OV
TRAIN_6130,GBMLGG,GBMLGG
TRAIN_6131,DLBC,DLBC
TRAIN_6132,KIPAN,LIHC
TRAIN_6133,BRCA,BRCA
TRAIN_6134,CESC,THYM
TRAIN_6135,STES,LIHC
TRAIN_6136,SARC,PAAD
TRAIN_6137,KIPAN,KIRC
TRAIN_6138,HNSC,KIPAN
TRAIN_6139,OV,OV
TRAIN_6140,UCEC,UCEC
TRAIN_6141,HNSC,LIHC
TRAIN_6142,KIRC,KIRC
TRAIN_6143,GBMLGG,GBMLGG
TRAIN_6144,THYM,PCPG
TRAIN_6145,SARC,OV
TRAIN_6146,BRCA,KIPAN
TRAIN_6147,PRAD,PCPG
TRAIN_6148,ACC,ACC
TRAIN_6149,THCA,THCA
TRAIN_6150,BRCA,CESC
TRAIN_6151,SKCM,SKCM
TRAIN_6152,PRAD,PRAD
TRAIN_6153,SKCM,SKCM
TRAIN_6154,GBMLGG,GBMLGG
TRAIN_6155,LGG,GBMLGG
TRAIN_6156,COAD,COAD
TRAIN_6157,BRCA,THYM
TRAIN_6158,HNSC,LUSC
TRAIN_6159,THCA,THCA
TRAIN_6160,KIRC,KIRC
TRAIN_6161,LUSC,LUAD
TRAIN_6162,BRCA,OV
TRAIN_6163,KIPAN,KIPAN
TRAIN_6164,LIHC,LIHC
TRAIN_6165,BRCA,BRCA
TRAIN_6166,COAD,UCEC
TRAIN_6167,KIRC,KIRC
TRAIN_6168,PAAD,PAAD
TRAIN_6169,BLCA,LUSC
TRAIN_6170,PRAD,PRAD
TRAIN_6171,GBMLGG,GBMLGG
TRAIN_6172,SKCM,SKCM
TRAIN_6173,PRAD,PRAD
TRAIN_6174,COAD,OV
TRAIN_6175,LUAD,GBMLGG
TRAIN_6176,KIRC,KIPAN
TRAIN_6177,KIRC,KIRC
TRAIN_6178,LAML,LAML
TRAIN_6179,BRCA,PRAD
TRAIN_6180,CESC,CESC
TRAIN_6181,KIRC,KIPAN
TRAIN_6182,LIHC,TGCT
TRAIN_6183,THCA,THCA
TRAIN_6184,THCA,PCPG
TRAIN_6185,BRCA,BRCA
TRAIN_6186,KIPAN,KIPAN
TRAIN_6187,COAD,COAD
TRAIN_6188,PRAD,PRAD
TRAIN_6189,TGCT,LAML
TRAIN_6190,PCPG,PCPG
TRAIN_6191,OV,PRAD
TRAIN_6192,LIHC,LIHC
TRAIN_6193,COAD,COAD
TRAIN_6194,KIPAN,KIPAN
TRAIN_6195,SARC,OV
TRAIN_6196,LUAD,LUSC
TRAIN_6197,LGG,GBMLGG
TRAIN_6198,COAD,COAD
TRAIN_6199,TGCT,CESC
TRAIN_6200,SKCM,SKCM
